tj,25254,User,441
mthenw,455261,User,108
pilwon,61540,User,19
tobyjoe,15146,User,8
DaveBlooman,1492067,User,4
thewillhuang,7867215,User,4
farazfazli,8684210,User,3
ianrtracey,5341911,User,3
johannesboyne,623576,User,3
mooyoul,2101743,User,3
doomsplayer,998606,User,3
mastilver,4112409,User,3
wujiang,77030,User,3
cmsd2,210833,User,2
clark-pan,1161431,User,2
DavidTPate,2223120,User,2
Liath,1565435,User,2
kujohn,1356936,User,2
johnlinvc,529248,User,2
jonnangle,1311561,User,2
marioharper,7682104,User,2
llun,35814,User,2
rodrigomaio,179034,User,2
lc0,775466,User,2
tlvince,323761,User,2
victorquinn,660139,User,2
eyko,183071,User,2
abhiyerra,6570,User,1
abraao,372064,User,1
ahtik,140952,User,1
alialamine,8051575,User,1
amowu,559351,User,1
AndersDJohnson,615381,User,1
AndrewKvalheim,1844746,User,1
akranga,5764667,User,1
bencevans,638535,User,1
tashian,50809,User,1
chris-rock,1178413,User,1
chrisguitarguy,1010392,User,1
davidblurton,1696979,User,1
dcu,73729,User,1
DenisGorbachev,829578,User,1
jmingtan,99720,User,1
evert0n,252323,User,1
gevans,154671,User,1
fibo,176730,User,1
gmaclennan,290457,User,1
hneiva,3451557,User,1
ian-kent,2300772,User,1
jrstarke,46070,User,1
outsideris,390146,User,1
JoeMcGuire,632727,User,1
joelbeckham,10885194,User,1
joekiller,1022919,User,1
kainy,470729,User,1
kevmannn,7981701,User,1
kszarek,2135758,User,1
kyanh-huynh,28332335,User,1
plukevdh,16054,User,1
marcosnils,1578458,User,1
matthewmueller,170299,User,1
olivoil,264142,User,1
PetrKohut,807487,User,1
piamancini,3671070,User,1
pkazmierczak,470696,User,1
robzienert,108741,User,1
RomanMinkin,1850909,User,1
crumley,159668,User,1
Incisive,1934496,User,1
sagarsahil,16405697,User,1
itsTeknas,6565602,User,1
seanmtracey,913687,User,1
steve-gray,14563775,User,1
skabbes,592178,User,1
skarnecki,620671,User,1
sirodoht,553444,User,1
reggi,296798,User,1
xdamman,74358,User,1
kakakakakku,1573290,User,1
bluepeter,2158187,User,1
ddaza,290254,User,1
dsarosi,807803,User,1
durgeshm,558906,User,1
filiphaftek,7045340,User,1
isaranchuk,2913299,User,1
noelmansour,327631,User,1
noerremark,4252411,User,1
visciang,15736959,User,1
zroger,175720,User,1
