astaxie,233907,User,1615
JessonChan,707691,User,221
slene,653711,User,136
fuxiaohei,2142787,User,67
miraclesu,682907,User,64
ysqi,2821085,User,59
pengfei-xue,1533151,User,28
youngsterxyf,834231,User,28
eyalpost,2579008,User,28
amrfaissal,1248967,User,24
Unknwon,2946214,User,22
Maxgis,2258726,User,18
francoishill,2478192,User,17
elvizlai,501861,User,16
nkbai,10471399,User,15
smallfish,105860,User,14
gnanakeethan,2353181,User,12
matrixik,201930,User,10
ZhengYang,240113,User,9
lei-cao,136104,User,8
pjoe,1846572,User,8
saturn4er,11644585,User,8
supar,9269507,User,8
byrnedo,5528491,User,7
lcbluestorm,7836449,User,7
sergeylanzman,9318209,User,7
pabdavis,5494292,User,6
bsingr,165477,User,6
fugr,3089746,User,6
1fei,4045019,User,5
curvesoft,4445059,User,5
oiooj,2253095,User,5
tossp,2138631,User,5
coseyo,938789,User,5
tnextday,1772562,User,5
Hepri,1541286,User,5
GrimTheReaper,13661436,User,4
lunny,81045,User,4
genedna,76467,User,4
kioopi,5419,User,4
WithGJR,2790801,User,4
gobenon,13829401,User,4
kbynd,17268685,User,4
peeped,2833810,User,4
pylemon,877931,User,4
toalexjin,3362863,User,4
mlgd,637580,User,4
codeskyblue,3281689,User,4
wallclockbuilder,2033945,User,4
gouyang,1418734,User,3
kylemcc,327948,User,3
leekchan,823358,User,3
zhangshuai,957931,User,3
albertma,1231063,User,3
fanngyuan,819794,User,3
code1986,15826438,User,3
luosangnanka,3760323,User,3
ngaut,878009,User,3
vadimi,1156106,User,3
wulove,1988459,User,3
onetodo,1769337,User,3
kongjian,2888625,User,3
jerson,325780,User,3
OlegFX,7804504,User,3
thanhtranit,8432750,User,3
cloudaice,747028,User,3
reterVision,1209592,User,3
Xelom,3358648,User,2
athurg,126313,User,2
szyhf,14870120,User,2
chrisport,6203829,User,2
hobeone,3444588,User,2
dz1984,3182876,User,2
GuyCheung,1456257,User,2
voidd,683822,User,2
jaredfolkins,176908,User,2
huacnlee,5518,User,2
kmulvey,76613,User,2
zkirill,205733,User,2
linluxiang,579276,User,2
mmindenhall,1106269,User,2
TrueFurby,1229233,User,2
pdf,146192,User,2
philchia,1259984,User,2
rbw0,1263192,User,2
Codonaut,825995,User,2
KilledKenny,1319915,User,2
vvelikodny,582870,User,2
Xuyuanp,2245664,User,2
hsluoyz,3787410,User,2
Zaaksam,8318635,User,2
kaibao,4646742,User,2
benlovell,41963,User,2
Kavin-Cao,6335268,User,2
chesedo,5367103,User,2
cr7pt0gr4ph7,3719586,User,2
dongxuwang,4261431,User,2
franzwilhelm,22563154,User,2
guanly,3965962,User,2
iexploree,16595487,User,2
lqixv,2187137,User,2
marswj,536892,User,2
co-entertain,7721556,User,2
odiel,1323583,User,2
qAison,2263875,User,2
shuoli84,3402035,User,2
supiyun,5696351,User,2
tobyzxj,4661855,User,2
wuranbo,10477132,User,2
xlwcom,10228683,User,2
ziyel,1286176,User,2
dvwallin,215034,User,2
FlamingTree,1782276,User,2
johndeng,2155510,User,2
gitchs,1871878,User,2
YanjunSun,5040807,User,2
ansiz,9162659,User,2
zieckey,1480726,User,2
nizsheanez,686798,User,1
kabab,2826953,User,1
antony66,1928062,User,1
wb14123,1906051,User,1
BlackLee,364380,User,1
ChristophPech,3427525,User,1
linux-mac,6309187,User,1
DeanThompson,1628320,User,1
zxcvdavid,1303201,User,1
jirfag,4648736,User,1
DusanKasan,4658499,User,1
pricees,68484,User,1
FightingMan,1555834,User,1
FGM,143311,User,1
goodloop,164904,User,1
ggicci,3077555,User,1
hbejgel,1660877,User,1
hilyjiang,1214867,User,1
b055,1941886,User,1
corburn,1938738,User,1
vbalien,4590714,User,1
johndoejdg,2064465,User,1
ketanhwr,2878908,User,1
4eek,24338,User,1
ihippik,7252016,User,1
Liaodd,1037659,User,1
markstory,24086,User,1
Max-Liu,1518955,User,1
smacker,406916,User,1
superhacker777,12213346,User,1
mgenov,209223,User,1
imisko,9291745,User,1
xboston,201306,User,1
NormanZhang,6063646,User,1
Orefa,3195601,User,1
PaulChen2016,24216223,User,1
RickyLin,1393989,User,1
ryanchapman,520385,User,1
rbastic,373974,User,1
admpub,512718,User,1
simman,2041471,User,1
hxy1991,2517258,User,1
chaahk,23249246,User,1
TimothyYe,860685,User,1
tmc,3977,User,1
victorpopkov,2471327,User,1
hvnsweeting,1000665,User,1
Bobochka,422373,User,1
haowang1013,7006155,User,1
simpleelegant,3621727,User,1
yydzero,512403,User,1
yoki123,2094104,User,1
yunkai,1469328,User,1
alexsunxl,4388158,User,1
awengo,21243044,User,1
bronze1man,1107541,User,1
cat2neat,23477936,User,1
chenghuama,5487374,User,1
cnphpbb,417238,User,1
CodeJuan,5423628,User,1
danielscottt,1194436,User,1
wangkechun,4022174,User,1
coderhaoxin,2569835,User,1
jinguoli,1419999,User,1
kerwin,525532,User,1
kristen1980,6835691,User,1
kyle-wang,2107141,User,1
legendtkl,2370761,User,1
liulixiang1988,2088356,User,1
ljyf5593,960459,User,1
LyricTian,9126334,User,1
mengskysama,4783870,User,1
moqiancong,279823,User,1
nemtsevp,14978165,User,1
onealtang,823220,User,1
rahal,34531,User,1
redaready,116800,User,1
redfoxli,8423428,User,1
sandysong,189245,User,1
satng,6063500,User,1
sdjc,614198,User,1
yangsf5,1762167,User,1
yandonggc,28521155,User,1
sidbusy,6967574,User,1
simpleton,454498,User,1
smithfox,885531,User,1
risol,944347,User,1
songtianyi,2002573,User,1
steamonimo,6920782,User,1
tabalt,1662442,User,1
unphp,5644954,User,1
wincss,1308734,User,1
wy65701436,2841473,User,1
cnxh,4596997,User,1
xuewuhen,7608423,User,1
yuyongsheng,9784479,User,1
sch00lb0y,10010900,User,1
xqbumu,6274534,User,1
xgdapg,3174839,User,1
jack230230,1728779,User,1
