astaxie,233907,User,1488
ernix,343556,User,1192
vCaesar,16043470,User,212
DeepAnchor,2448125,User,178
Jimmy99,10570311,User,94
OlingCat,1046455,User,47
wenlei,1213629,User,36
chenwenli,503212,User,34
mikulely,4464227,User,30
JessonChan,707691,User,27
hongruiqi,594098,User,27
neydroid,3151129,User,26
digitalcraftsman,7010165,User,26
ma0c,13631419,User,24
qinhanlei,1567080,User,22
jameswpm,10038328,User,19
thewhitetulip,6261877,User,18
pasali,630249,User,18
kasmanavt,21956585,User,16
codingsince1985,8470763,User,15
reckhou,1331053,User,14
border,19702,User,13
Goryudyuma,6211370,User,12
maxupeng,1147131,User,12
kaplanbora,16349128,User,11
woooha,964231,User,11
6yf,218848,User,10
mistadikay,742056,User,10
Ju2ender,1115351,User,10
yetist,665058,User,10
mahata,23497,User,10
kelvins,1009397,User,9
Akagi201,1207959,User,8
dlintw,326179,User,8
ptomasroos,1064547,User,8
yinsigan,740643,User,8
thedevsaddam,9676798,User,8
dharnitski,1175110,User,7
gelosie,688409,User,7
humboldtux,65201,User,6
bcko,6230110,User,6
HirofumiTamori,6521887,User,6
kreativmonkey,8607439,User,6
siongui,2153023,User,6
zgordan-vv,8694210,User,6
ccqpein,6965006,User,6
hangim,1856788,User,6
henson,124816,User,6
christianpv,6967580,User,6
morikat,3511237,User,6
liusongsen,3146452,User,6
pockhiss,11829270,User,6
s7v7nislands,225986,User,6
xinwendashibaike,10111714,User,6
xuchdong,1860397,User,6
zerob13,339229,User,6
haibinpark,2077143,User,6
0x0400,79016,User,6
polaris1119,899673,User,6
vort3x,883328,User,5
caizixian,2891235,User,5
ldynia,1820831,User,5
Guirdo,21044700,User,4
Andrew-liu,7943725,User,4
reterVision,1209592,User,4
ddelapaz,10531886,User,4
Flyr1Q,6223499,User,4
haibin,778729,User,4
KarthikNayak,1786334,User,4
LarryBattle,288263,User,4
spbsmile,4917689,User,4
upamune,8219560,User,4
RyanGladstone,1573454,User,4
schnaidar,12746670,User,4
better88,21365692,User,4
dreddsa5dies,2690403,User,4
haburibe,4098034,User,4
hopehook,7326168,User,4
i2bskn,1556622,User,4
nivance,3291404,User,4
sevensmall,1377797,User,4
songpeng1997,1865858,User,4
visualfc,714279,User,4
vitkarpov,3001791,User,4
zddhub,6077698,User,4
zhibinr,3757123,User,4
typedef,915086,User,4
dolohow,1408564,User,4
everyx,1665522,User,4
cloudaice,747028,User,4
tSU-RooT,1822861,User,4
yaBliznyk,2345820,User,3
edussx,3318334,User,3
ZhenhangTung,8170159,User,3
oleksiif,5115020,User,3
sheercat,110134,User,3
f440,9423,User,3
m0a,1158410,User,2
aishraj,696410,User,2
koriym,529021,User,2
akshaykumarkodali,14927914,User,2
AmeBel,2135577,User,2
Oxyrus,11398826,User,2
anthonyfok,1274764,User,2
gingerhot,1658618,User,2
bingohuang,3715340,User,2
BlackPrincess,2229585,User,2
benjamin-rood,10102132,User,2
brunoksato,2257501,User,2
Bunchhieng,4691966,User,2
1989car,1501432,User,2
cyfdecyf,344294,User,2
0xCMP,505649,User,2
fatihkahveci,3296398,User,2
shenfeng,395472,User,2
gmallard,7103,User,2
hendrikschneider,835099,User,2
HoNooD,665595,User,2
fugr,3089746,User,2
hugos94,4858214,User,2
hc5duke,76383,User,2
corburn,1938738,User,2
gsaneryeeb,4607930,User,2
julienschmidt,944947,User,2
kazuph,849165,User,2
kishorevaishnav,136354,User,2
aurlien,5280651,User,2
lixuancn,6368760,User,2
leonklingele,5585491,User,2
lonre,181109,User,2
luizcaciatori,5042753,User,2
marcalj,63667,User,2
minamijoyo,6985802,User,2
zhyuri,4649294,User,2
mehmetkose,706678,User,2
jubalh,1658215,User,2
stny,71077,User,2
nrkfeller,9858679,User,2
Nightsuki,9131047,User,2
matisoffn,9292367,User,2
nikushi,1019617,User,2
norbertfuhs,17197786,User,2
ogta,5412861,User,2
OrlSan,6147193,User,2
paulomcnally,181533,User,2
petros,28818,User,2
QiJunHu,15944185,User,2
robbyt,58051,User,2
rossaffandy,1124623,User,2
bredikhin,1322727,User,2
y0ssar1an,1250684,User,2
SCKelemen,4325375,User,2
scrapup,20664531,User,2
simba-k,9983126,User,2
sifue,60450,User,2
k0kubun,3138447,User,2
coderafei,4183342,User,2
tevjef,1676418,User,2
TimothyYe,860685,User,2
turristan,2134132,User,2
vially,433598,User,2
MuhammadWang,1523477,User,2
waitingkuo,1100923,User,2
wyh267,2240428,User,2
wangxinalex,1249331,User,2
yinpeng,1188595,User,2
zhanming,302573,User,2
zhaodj,689730,User,2
zhengjia,192933,User,2
iamzhout,14846203,User,2
adityamenon-iom,13763776,User,2
ahjdzx,5058706,User,2
alioygur,628322,User,2
apaye,2329766,User,2
caiguo37,520565,User,2
chancyWu,2450136,User,2
chuyik,6262943,User,2
erasin,716514,User,2
fairlyblank,3250141,User,2
fyears,1142836,User,2
guiquanz,1644606,User,2
hiroyuki0115,869093,User,2
huzheng,2347348,User,2
jasonzzz,3256083,User,2
jesusgalvan,2798097,User,2
jinguoliang,1611550,User,2
bigwheel,826646,User,2
kingmax-chan,6997666,User,2
magicx,856136,User,2
mitakeck,3163492,User,2
mttrs,1667678,User,2
mkarthikworld,7256441,User,2
ngroup,129920,User,2
emirot,2378256,User,2
reoring,735890,User,2
semicircle,536220,User,2
smilefish1987,2209243,User,2
stevenyepes,8420884,User,2
july-12,920487,User,2
tianyl1984,2217565,User,2
tknhs,2821224,User,2
vincepeng,3695117,User,2
windows1430,2240425,User,2
woodycarl,1080084,User,2
wuwj-cn,1322188,User,2
wuyadong,1622276,User,2
xianlubird,6504718,User,2
sxmad,5038256,User,2
xland,2980915,User,2
ybjnew,4242218,User,2
camilesing,11649145,User,2
y-yagi,987638,User,2
zhangshengshan,8206628,User,2
fangzhzh,117565,User,2
oyvindsk,227297,User,2
sydnash,5484932,User,2
loongmxbt,5986600,User,2
alext,5560,User,1
hSATAC,88208,User,1
appleboy,21979,User,1
oxbambooxo,4627506,User,1
drrzmr,193578,User,1
razonyang,17720932,User,1
fitsula,2945446,User,1
zoofood,16480148,User,1
NaturalFractals,13584530,User,1
jsteenb2,17263167,User,1
justinclift,406299,User,1
leandromoreira,55913,User,1
Leop0ld,12431127,User,1
ihara2525,31079,User,1
memclutter,7972741,User,1
Hkesd,9124367,User,1
swordbeta,7511094,User,1
liuml07,159186,User,1
moklick,2857535,User,1
otokaze,10130882,User,1
ParadiseDS,3424318,User,1
tchssk,12257128,User,1
itkrt2y,2343568,User,1
ThomasHuke,18352236,User,1
xxuejie,340446,User,1
yangl,231353,User,1
yhirano55,15371677,User,1
TopCaver,2332376,User,1
chenchen1750,3184651,User,1
cole2295,865817,User,1
godfery,4199197,User,1
iamybj,1802494,User,1
knarfeh,6964284,User,1
cnbuff410,534284,User,1
lintide,1313929,User,1
qtxie,1673525,User,1
wisape,2010899,User,1
hongfeioo,13096543,User,1
zargbell,19623677,User,1
wyw,11427457,User,1
davepkxxx,491887,User,1
mylxsw,2330911,User,1
wangyiyang,4506262,User,1
