arv,45845,User,915
aboodman,80388,User,765
cmasone-attic,13224090,User,622
rafael-atticlabs,12848669,User,525
kalman,657134,User,343
willhite,487362,User,224
mikegray,17547,User,82
ehalpern,852484,User,23
zcstarr,173187,User,15
mnm678,11727761,User,11
ahl,677483,User,10
rafaelweinstein,11231878,User,10
ptarjan,40143,User,6
jhuangtw-dev,888205,User,6
sunglim,756988,User,5
mzats,529673,User,3
jangie,698291,User,2
jesseditson,370239,User,2
kyleder,103979,User,2
samherrmann,6753988,User,2
vinibaggio,33053,User,2
mgedigian,6470,User,2
phritz,157153,User,2
kivlor,1029161,User,1
eikeon,206171,User,1
kylelundstedt,3020028,User,1
stormasm,1809991,User,1
rainhead,15983,User,1
suryagaddipati,64078,User,1
tegansnyder,1200195,User,1
willglynn,118362,User,1
moxiegirl,1347209,User,1
wardn,23034,User,1
