avelino,31996,User,453
mholt,1128849,User,217
kirillDanshin,9026581,User,109
shurcooL,1924134,User,100
matrixik,201930,User,83
dukex,91538,User,68
hoffoo,1896175,User,40
cassiobotaro,3127847,User,23
joeybloggs,8068371,User,20
patdhlk,9476466,User,16
felipeweb,4874009,User,9
petermbenjamin,6811830,User,9
rs,68232,User,9
appleboy,21979,User,8
carlescere,793503,User,8
mattn,10111,User,8
alessandroleite,106339,User,7
charneykaye,8584836,User,7
mamaar,2452401,User,7
vishr,314036,User,7
codingsince1985,8470763,User,7
h2non,63402,User,7
hugoleodev,1406443,User,6
johntdyer,58234,User,6
deckarep,200686,User,6
renatosuero,1093214,User,6
dashaus,1870208,User,6
siddontang,1080370,User,6
chrislusf,1543151,User,6
adam-hanna,5436950,User,5
dave,925351,User,5
daved,874560,User,5
gosuri,70293,User,5
cryptix,111202,User,5
romanoaugusto88,996810,User,5
mfzl,14900415,User,5
pyros2097,1687946,User,5
kataras,22900943,User,5
otoolep,536312,User,5
sadlil,5103096,User,5
xyproto,52813,User,4
andreynering,7011819,User,4
andygrunwald,320064,User,4
caarlos0,245435,User,4
dimiro1,16993,User,4
ungerik,617459,User,4
zhulik,287062,User,4
polera,130185,User,4
robotvert,514215,User,4
lunny,81045,User,4
mehrdadrad,13306113,User,4
jpibarra1130,592074,User,4
qiangxue,993322,User,4
rscnt,172448,User,4
korthaj,11197899,User,4
awalterschulze,1829933,User,4
bengadbois,1879785,User,4
mozillazg,485054,User,4
chzyer,1464115,User,4
RichardKnop,2325888,User,4
albrow,800857,User,3
asaskevich,5049590,User,3
valyala,283442,User,3
alixaxel,262782,User,3
alarangeiras,360034,User,3
onrik,4413900,User,3
arthurwhite,9503891,User,3
asdine,2102036,User,3
aymerick,34434,User,3
bscott,191290,User,3
rakyll,108380,User,3
chris-ramon,1000404,User,3
Uhsac,6172122,User,3
dghubble,2253428,User,3
xtaci,2346725,User,3
lemire,391987,User,3
mvdan,3576549,User,3
claygod,8122120,User,3
eduardonunesp,582516,User,3
henryx,1316723,User,3
posener,919294,User,3
francoishill,2478192,User,3
hajimehoshi,16950,User,3
paked,8407370,User,3
jeevatkm,1175977,User,3
jbrodriguez,1305422,User,3
kidoman,206677,User,3
mrfuxi,2227230,User,3
kiro,310730,User,3
marioidival,1129263,User,3
markbates,3528,User,3
mattrco,207735,User,3
anacrolix,988750,User,3
MaxHalford,8095957,User,3
michelaquino,3642718,User,3
mlimaloureiro,2033673,User,3
oligot,1004034,User,3
shomali11,121211,User,3
rafaeljesus,1216425,User,3
rjeczalik,1162017,User,3
robfig,536325,User,3
rapito,1380104,User,3
msoap,844117,User,3
sethgrid,989820,User,3
songgao,255797,User,3
smirzaei,829535,User,3
swapagarwal,2833845,User,3
txgruppi,91159,User,3
hako,2040416,User,3
areski,53455,User,3
emersion,506932,User,3
l3pp4rd,132389,User,3
longbai,1204301,User,3
mewmew,1414531,User,3
omeid,1453118,User,3
qjcg,1133291,User,3
rhysd,823277,User,3
smallnest,865763,User,3
fanux,8912557,User,3
sunwxg,6215246,User,3
vCaesar,16043470,User,3
icebourg,302855,User,3
alex-alrux,6441141,User,3
firstrow,66944,User,3
adrianmo,3786750,User,2
ahmetb,159209,User,2
akshaydeo,1050029,User,2
AlekSi,11512,User,2
alioygur,628322,User,2
subosito,73028,User,2
apsdehal,3616806,User,2
andreas-jonsson,4725590,User,2
ArturKlajnerok,1889095,User,2
asim,17530,User,2
ngs,18631,User,2
baijum,121129,User,2
CalebQ42,8998514,User,2
benfb,706215,User,2
husobee,5150259,User,2
bamiaux,2118909,User,2
lazywei,2840571,User,2
parkghost,306544,User,2
crgimenes,834772,User,2
chewxy,471890,User,2
ChristopherRabotin,4823784,User,2
hallas,404172,User,2
imdario,163009,User,2
vort3x,883328,User,2
neurosnap,1940365,User,2
eaburns,235271,User,2
flosch,19232,User,2
F21,2263040,User,2
gernest,6039952,User,2
gillesfabio,173784,User,2
hbagdi,4694585,User,2
hlandau,2270010,User,2
ianic,35909,User,2
vania-pooh,829320,User,2
JakeHL,9119973,User,2
hanjianwei,995647,User,2
tidwall,1156077,User,2
justinclift,406299,User,2
kamilsk,1165416,User,2
kenshaw,2274859,User,2
kishorevaishnav,136354,User,2
leekchan,823358,User,2
leebenson,719722,User,2
artonge,6653109,User,2
msempere,1070554,User,2
mkaz,45363,User,2
mariokostelac,1917451,User,2
sanbornm,85699,User,2
zimmski,1847950,User,2
wendigo,66972,User,2
clipperhouse,216057,User,2
melihmucuk,3147488,User,2
michiwend,411392,User,2
gen2brain,17418,User,2
yaa110,3187511,User,2
nguyendangminh,9614404,User,2
nickmerwin,1129,User,2
zepouet,231269,User,2
endeveit,197781,User,2
chonthu,339132,User,2
hydroflame,2773127,User,2
osamingo,1390409,User,2
DamnWidget,329766,User,2
galeone,8427788,User,2
kpashka,8525882,User,2
2tvenom,2022386,User,2
pravj,3437250,User,2
Preetam,379404,User,2
asticode,11619296,User,2
Rhymond,3577968,User,2
xuri,2809468,User,2
cavaliercoder,7133556,User,2
seiflotfy,117837,User,2
sirupsen,97400,User,2
soniah,56102,User,2
specode,1539598,User,2
StabbyCutyou,1528618,User,2
ikeikeikeike,217484,User,2
bontibon,110883,User,2
toashd,1436166,User,2
bndr,1145456,User,2
vic,331,User,2
vincent,5623,User,2
hypersleep,2553907,User,2
rtfb,426340,User,2
waitingkuo,1100923,User,2
dixonwille,6287275,User,2
tehbilly,1431035,User,2
yaronsumel,4710984,User,2
abo,215355,User,2
cosiner,7279362,User,2
alexcesaro,832479,User,2
bryfry,116113,User,2
Hamper,1700097,User,2
mrsinham,367223,User,2
olebedev,848535,User,2
oskca,15141652,User,2
peter-mogensen,1792633,User,2
rafael-santiago,7308777,User,2
mkideal,16500461,User,2
xfxdev,9671222,User,2
zhengchun,5097328,User,2
Unknwon,2946214,User,2
bogem,13235519,User,2
icza,4719406,User,2
devton,154595,User,2
miolini,434756,User,2
dannyvankooten,885856,User,2
harshavardhana,622699,User,2
toby3d,5412322,User,2
1175498437,6446308,User,1
afshin,159529,User,1
ajvb,1144310,User,1
aclindsa,362852,User,1
adlio,27492,User,1
arschles,70865,User,1
abadojack,8406752,User,1
Obaied,7126721,User,1
adhiravishankar,3884741,User,1
adnanh,82367,User,1
zankich,1727934,User,1
Aorioli,2500134,User,1
azr,1024852,User,1
agnivade,1774000,User,1
alecthomas,41767,User,1
zet4,1717852,User,1
Asoseil,6354203,User,1
alexanderbanks,6454154,User,1
alexflint,640247,User,1
deuill,1138950,User,1
bayandin,864213,User,1
ybbus,1547663,User,1
grafov,607056,User,1
fd0,123276,User,1
zaa,5245,User,1
FZambia,1196565,User,1
aviau,2706882,User,1
alxrm,3979916,User,1
yanzay,827984,User,1
alexeyco,496179,User,1
alouche,110757,User,1
alvarowolfx,1615543,User,1
DeepAnchor,2448125,User,1
Oire,595597,User,1
workanator,15566341,User,1
bramp,160627,User,1
BurntSushi,456674,User,1
adamar,3017019,User,1
gen1us2k,153196,User,1
andrewstuart,2635025,User,1
boombick,1713559,User,1
smira,55211,User,1
anthonynsimon,13251079,User,1
sheng,5037285,User,1
elvongray,9481023,User,1
bahlo,1725839,User,1
ArtemT,1294275,User,1
ArxdSilva,9372503,User,1
artyom,68182,User,1
dhamaniasad,4560482,User,1
Jeffail,3921142,User,1
aurelien-rainone,476650,User,1
azer,13072,User,1
bamzi,1214637,User,1
reqshark,937826,User,1
bep,394382,User,1
BlakeOrth,3632414,User,1
shabbyrobe,288426,User,1
bradleyfalzon,1834577,User,1
martinusso,158559,User,1
brianvoe,1580910,User,1
masterzen,20242,User,1
bwmarrin,7683654,User,1
bruno-medeiros,4324232,User,1
bruth,515142,User,1
caledhwa,4682671,User,1
chayim,1333958,User,1
flike,1825381,User,1
clsung,26345,User,1
quii,631756,User,1
blixtra,115075,User,1
muesli,146378,User,1
meowgorithm,25087,User,1
laktak,959858,User,1
ChrisMcKenzie,1157180,User,1
cihangir,879660,User,1
claudemirogb,13523952,User,1
ccding,1221778,User,1
meatballhat,45143,User,1
dgruber,598325,User,1
kpacha,1307694,User,1
daniel-mueller,3153932,User,1
tuvistavie,1436271,User,1
dskinner,92266,User,1
danieldk,49398,User,1
DennyLoko,635014,User,1
dtylman,5237465,User,1
dariubs,3078072,User,1
davidcelis,36873,User,1
dahernan,615811,User,1
db47h,879556,User,1
denji,3759759,User,1
derekcollison,90097,User,1
tracyde,288714,User,1
Devinsuit,11741306,User,1
didip,72918,User,1
diegobernardes,14483,User,1
dveselov,10365705,User,1
dvyukov,1095328,User,1
jondot,83390,User,1
doug-martin,361261,User,1
drewwells,239123,User,1
e-dard,501993,User,1
elgs,55955,User,1
zeucxb,11702749,User,1
aphistic,149495,User,1
ebuchman,2300911,User,1
udhos,2634722,User,1
mrLSD,798086,User,1
fabiofalci,6767,User,1
farazfazli,8684210,User,1
fatih,438920,User,1
fern4lvarez,1381925,User,1
thoas,19938,User,1
dlsniper,607868,User,1
dallarosa,530294,User,1
magiconair,229005,User,1
fterrag,22901700,User,1
fgrosse,733004,User,1
glestaris,1753414,User,1
gibix,6577722,User,1
fiatjaf,1653275,User,1
gregdel,1162110,User,1
goenning,94755,User,1
yazgazan,464933,User,1
zegl,47952,User,1
giorgisio,12117774,User,1
sogko,78585,User,1
HarveyKandola,971717,User,1
hloeffler,6627191,User,1
razonyang,17720932,User,1
henriquemenezes,597137,User,1
hgfischer,120860,User,1
hillu,173211,User,1
huandu,239739,User,1
hsorellana,3346428,User,1
hvnsweeting,1000665,User,1
noraesae,1013641,User,1
ian-kent,2300772,User,1
tucnak,934682,User,1
t0pep0,4684229,User,1
zerkms,302295,User,1
jcuga,8991827,User,1
jackc,94130,User,1
calmh,125426,User,1
h4ck3rm1k3,34903,User,1
jamesog,982184,User,1
jamieomatthews,1930819,User,1
jasdel,961963,User,1
jeffbarg,345248,User,1
jbreitbart,881727,User,1
jeromatron,254887,User,1
xor-gate,1050166,User,1
jessedearing,176691,User,1
donatj,133747,User,1
jszwedko,316880,User,1
jhoonb,4448705,User,1
jinyeom,9257771,User,1
robbert229,3454480,User,1
jboursiquot,255053,User,1
jonhkr,767866,User,1
joonathan,3045,User,1
jordan-wright,1317288,User,1
jdkato,8785025,User,1
naegelejd,1110252,User,1
joshbetz,300429,User,1
jriguera,1685104,User,1
bit4bit,1474826,User,1
junegunn,700826,User,1
korandiz,5960833,User,1
kamildrazkiewicz,1745173,User,1
KenjiTakahashi,431488,User,1
yosssi,1583973,User,1
netpoetica,1972316,User,1
kennygrant,68352,User,1
logrusorgru,4060258,User,1
knspriggs,3247207,User,1
kjk,7935,User,1
kulinp,720506,User,1
KyleBanks,2164691,User,1
kpurdon,5130441,User,1
kyleterry,78383,User,1
adelowo,12677701,User,1
ralphtheninja,308049,User,1
lawrencewoodman,238718,User,1
leonelquinteros,155026,User,1
buger,14009,User,1
levigross,80920,User,1
88250,873584,User,1
shiyanhui,7406269,User,1
lmmx,2979452,User,1
edigu,435857,User,1
ebnesina,9612926,User,1
digitalcrab,3217929,User,1
ewwwwwqm,3532728,User,1
sgl0v,1142033,User,1
manishrjain,1782324,User,1
maruel,75011,User,1
mhcerri,689652,User,1
marcosnils,1578458,User,1
dnaeon,242827,User,1
mgutz,32134,User,1
martint17r,227495,User,1
MateusDantas,5413599,User,1
mateuszdyminski,4962812,User,1
mafredri,147409,User,1
matcornic,3520706,User,1
mdlayher,1926905,User,1
elithrar,18544,User,1
tejo,16240,User,1
mattcunningham,4585188,User,1
mattes,1240531,User,1
krotik,7659149,User,1
maxbrunsfeld,326587,User,1
hexdigest,1458296,User,1
