benbjohnson,118015,User,606
mkobetic,871693,User,46
snormore,182290,User,13
tv42,419909,User,12
josharian,67496,User,6
gyuho,6799218,User,4
rhcarvalho,88819,User,4
asdine,2102036,User,3
pmezard,1430779,User,3
TrevorSStone,2424354,User,3
xiang90,4479947,User,3
baijum,121129,User,2
jcvernaleo,768163,User,2
extemporalgenome,536740,User,2
mark-rushakoff,290647,User,2
mdlayher,1926905,User,2
MJDSys,2875429,User,2
azazeal,45078,User,2
vincent-petithory,110640,User,2
chrislusf,1543151,User,2
funkygao,667048,User,2
yosssi,1583973,User,2
timshannon,1330485,User,2
ajvb,1144310,User,1
abh1nav,599367,User,1
abhigupta912,11633700,User,1
skirmish,329787,User,1
cyphar,2888411,User,1
crawford,368848,User,1
xyproto,52813,User,1
LK4D4,101445,User,1
AndreasBriese,1352331,User,1
artyom,68182,User,1
evnix,1516273,User,1
vrecan,852128,User,1
DocSavage,185,User,1
bep,394382,User,1
bobintornado,3308031,User,1
bouk,97820,User,1
cmars,23741,User,1
Charlesworth,7522339,User,1
ChrisHines,1060711,User,1
deoxxa,479055,User,1
DSpeichert,1254971,User,1
kardianos,755121,User,1
dankomiocevic,8184656,User,1
davecgh,2115102,User,1
seeekr,302886,User,1
odeke-em,4898263,User,1
ebberg,1161717,User,1
erock2112,325809,User,1
guilhem,486876,User,1
hasit,1553055,User,1
hermanschaaf,1121616,User,1
hvnsweeting,1000665,User,1
ifraixedes,1731633,User,1
raggi,348,User,1
janos,78134,User,1
jaredfolkins,176908,User,1
joyrexus,435318,User,1
joe2far,1777210,User,1
shaggytwodope,2557512,User,1
josephspurrier,2394539,User,1
jrick,1420313,User,1
ksedgwic,38590,User,1
lorenzo-stoakes,305511,User,1
lukechampine,3344749,User,1
miku,53705,User,1
anacrolix,988750,User,1
clutchski,92482,User,1
elithrar,18544,User,1
michelmno,7001040,User,1
mike-marcacci,690517,User,1
oliver006,1222339,User,1
pankajkhairnar,937014,User,1
peteheist,4397233,User,1
peteretelej,2271973,User,1
justphil,1280938,User,1
hqhq,6415670,User,1
ReadmeCritic,15367484,User,1
rogierlommers,3907131,User,1
namore,1222539,User,1
topiaruss,189785,User,1
ryanuber,1642288,User,1
zweizeichen,654071,User,1
brahmaroutu,5403596,User,1
nilslice,7517515,User,1
tcyrus,4201229,User,1
vdemario,6087424,User,1
darklynx,2606140,User,1
Slacken,665250,User,1
emersion,506932,User,1
everdev,7647073,User,1
jefby,3838512,User,1
mbertschler,3779568,User,1
nijaru,8092087,User,1
pmcgrath,93114,User,1
siddontang,1080370,User,1
tbe,102155,User,1
