buger,14009,User,666
joekiller,1022919,User,71
slawosz,11747,User,36
dcarley,260438,User,21
oivoodoo,54469,User,9
gottwald,1154338,User,7
salimane,403938,User,6
ylegat,1560263,User,5
janwillies,2564820,User,3
nrwiersma,644536,User,3
smostovoy,383681,User,3
wmoss,187472,User,3
AnderEnder,2115626,User,2
dt,15615,User,2
mlallaouret,4300220,User,2
matzhouse,122289,User,2
ortz,1756345,User,2
optimisticanshul,4547169,User,1
bkochendorfer,1072933,User,1
chmac,690997,User,1
whitekid,996641,User,1
sattvik,152491,User,1
shurcooL,1924134,User,1
dougjohnson,464928,User,1
fern4lvarez,1381925,User,1
ramnes,835072,User,1
exklamationmark,1295869,User,1
jakubholynet,624958,User,1
johanneswuerbach,864578,User,1
sneakybeaky,54477,User,1
kudos,30021,User,1
bobthecow,53660,User,1
KingLebron,12441880,User,1
kuriharak93,1731807,User,1
leejones,25408,User,1
MandaBrown,1527103,User,1
falzm,1122379,User,1
MartinNowak,288976,User,1
mattbit,1101742,User,1
mre,175809,User,1
mgmarino,124705,User,1
mortonfox,495892,User,1
mourjo,10502323,User,1
rgarcia,72655,User,1
gallir,140303,User,1
robyoung,14287,User,1
Blank101,588921,User,1
SaraRands,10781988,User,1
SophisticaSean,2059265,User,1
tambet,1631,User,1
gitter-badger,8518239,User,1
tarfu,1670652,User,1
korzonek,24727,User,1
ikenchina,3422667,User,1
manjeshnilange,4511855,User,1
mtrojanowski,2742176,User,1
waffle-with-pears,8701611,User,1
zweite,6611745,User,1
