barakmich,98356,User,426
dennwc,676724,User,205
kortschak,275221,User,185
andrew-d,1079173,User,41
robertmeta,91007,User,40
bcleenders,1598300,User,12
panamafrancis,3144195,User,11
Quentin-M,1332289,User,11
pbnjay,161552,User,9
oren,6517,User,9
LAlbertalli,3062008,User,7
jzelinskie,343539,User,6
neonstalwart,84763,User,5
dwhitena,4524535,User,4
h4ck3rm1k3,34903,User,4
jf87,2108882,User,4
joostverdoorn,1232958,User,3
jtorvald,1808131,User,3
josephschorr,4073002,User,3
skynet,139233,User,2
kenshaw,2274859,User,2
kris-runzer,1174649,User,2
sayden,4249331,User,2
schmichael,113362,User,2
mikaelcabot,1789894,User,2
tmlbl,6007526,User,2
alainbrown,1811355,User,1
alexwlchan,301220,User,1
alpe,28003,User,1
allanino,5325241,User,1
drzippie,239421,User,1
chrispassas,867716,User,1
AvrYos,5287091,User,1
guiquanz,1644606,User,1
harlantwood,38769,User,1
heyalexej,2575014,User,1
wayeast,4589327,User,1
iaincollins,595695,User,1
igm,152321,User,1
jaywgraves,418191,User,1
nii236,4482567,User,1
jonjonsonjr,2533984,User,1
MarioAriasGa,1023857,User,1
guycook,3148046,User,1
owulveryck,11583401,User,1
pbsladek,7566855,User,1
gabrys,74567,User,1
pius,365,User,1
kaneshin,936972,User,1
buley,86985,User,1
timothyarmstrong,188589,User,1
varadharajan,291096,User,1
Yannic,7313747,User,1
luin,635902,User,1
caosiyang,2155120,User,1
gkontos,11494211,User,1
mzats,529673,User,1
op,55245,User,1
