tamird,1535036,User,3068
petermattis,6201335,User,2638
tschottdorf,5076964,User,2174
bdarnell,160562,User,1346
RaduBerinde,16544120,User,1046
knz,642886,User,982
nvanbenschoten,5438456,User,841
dt,15615,User,692
vivekmenezes,11774212,User,675
a-robinson,7085343,User,626
mberhault,5901480,User,584
andreimatei,377201,User,479
mrtracy,6969858,User,467
jordanlewis,43821,User,466
kkaneda,8353550,User,452
danhhz,52528,User,428
mjibson,41181,User,392
benesch,882976,User,329
BramGruneir,1614265,User,307
cuongdo,1564582,User,188
eisenstatdavid,3858570,User,106
andybons,365204,User,105
d4l3k,909104,User,97
irfansharif,10536690,User,88
jseldess,15893490,User,70
asubiotto,10560359,User,67
arjunravinarayan,1565833,User,67
justinj,409075,User,61
es-chow,11871102,User,39
yaojingguo,516386,User,33
a6802739,3368692,User,27
itsbilal,345332,User,19
XisiHuang,13212267,User,17
jamesgraves,665082,User,16
m-schneider,29267687,User,16
embark,2575512,User,14
thschroeter,40804,User,14
joezxy,8863505,User,14
yananzhi,11538969,User,14
jess-edwards,6042450,User,13
couchand,793969,User,13
ngaut,878009,User,12
thundercw,11734583,User,11
YuleiXiao,12639880,User,11
guanqun,53862,User,9
strangemonad,133905,User,9
Kevin-GuanJian,3643265,User,8
seiflotfy,117837,User,8
sbunce,463674,User,7
hainesc,5373595,User,7
kardianos,755121,User,6
bogdanbatog,6410905,User,6
yznming,17263211,User,6
sploiselle,19260003,User,6
WillHaack,766792,User,6
soniabhishek,5463001,User,5
dianasaur323,5768024,User,4
jmank88,1194128,User,4
nak3,2138339,User,4
rampage644,3313924,User,4
veteranlu,12171394,User,4
prideloki,1741356,User,4
pmamatsis,17231697,User,4
kortschak,275221,User,4
maniksurtani,47146,User,4
adamgee,7292711,User,3
Yogendrovich,538861,User,3
domluna,1907223,User,3
glycerine,445247,User,3
jrbotros,2992765,User,3
lizhongz,3431872,User,3
marcuswestin,131967,User,3
wenyong-h,13818819,User,3
mbonaci,497926,User,3
ajayaa,1562748,User,2
alex,772,User,2
tlvenn,3340262,User,2
boxofrad,580803,User,2
pydima,5312367,User,2
garvitjuniwal,3579135,User,2
therealplato,764725,User,2
israelg99,2307599,User,2
levonlloyd,444785,User,2
ggaaooppeenngg,4769989,User,2
pzurek,10070,User,2
mpoornima,1185549,User,2
ReadmeCritic,15367484,User,2
richardartoul,9171254,User,2
teodor-pripoae,393437,User,2
tso,4494830,User,2
funkygao,667048,User,2
crackerplace,6803956,User,2
neeral,8496732,User,2
phynalle,6007810,User,2
xphoniex,14107758,User,2
1lann,804919,User,1
AbhishekSaha,6354254,User,1
the872,7232579,User,1
amosbird,5085485,User,1
ansyeow,721561,User,1
aybabtme,1189716,User,1
asitm9,8046449,User,1
bg451,1350653,User,1
CMajeri,5492350,User,1
DiSiqueira,683170,User,1
EamonZhang,8612228,User,1
elindsey,47579,User,1
aquilax,328067,User,1
fbergin,7940394,User,1
gpaul,442,User,1
ibrasho,188776,User,1
kharin,242410,User,1
isitinschi,10704754,User,1
RustJason,4018764,User,1
jsdt,4769135,User,1
jiajia-squareup,6722388,User,1
johanbrandhorst,6604151,User,1
jonderry,428988,User,1
sauercrowd,4764029,User,1
puentesarrin,321499,User,1
joyt,2513424,User,1
theangryangel,309967,User,1
lpambagoda,6310630,User,1
leereilly,121322,User,1
mtMabo,7280799,User,1
mqudsi,606923,User,1
mbertschler,3779568,User,1
nathanejohnson,1360240,User,1
Linicks,295692,User,1
worldsoup,1475986,User,1
banks,120915,User,1
plaflamme,484152,User,1
hvaara,1535968,User,1
rushiagr,1409020,User,1
tnachen,67244,User,1
tkschmidt,409660,User,1
spacejam,1505488,User,1
xiang90,4479947,User,1
yosiat,306253,User,1
zbrock,70306,User,1
aarondunnington,427277,User,1
routhcr,1201078,User,1
zhangcoldwater,7858264,User,1
il9ue,1301097,User,1
jiangmingyang,5974187,User,1
jqmp,42037,User,1
yangliang9004,28282030,User,1
