spinlock,722853,User,1083
ngaut,878009,User,222
yangzhe1991,860739,User,118
huangdongxu,1218376,User,52
c4pt0r,773853,User,21
Apache9,4958168,User,17
tangcong,2403673,User,13
kmiku7,3275006,User,3
tobegit3hub,2715000,User,3
foxmailed,1918326,User,2
ccl0326,904084,User,1
coocood,891222,User,1
kadashu,1700655,User,1
lfaoro,3834345,User,1
anywhy,3348959,User,1
mrhein,1809310,User,1
gitter-badger,8518239,User,1
season89,8213772,User,1
elvuel,161844,User,1
fancy-rabbit,439084,User,1
Masterlvng,1629831,User,1
tiancaiamao,1420062,User,1
left2right,4025094,User,1
sixiong,8112710,User,1
