emilevauge,6207234,User,633
vdemeester,6508,User,273
ldez,5674651,User,151
timoreimann,694826,User,104
errm,115280,User,35
cocap10,9134525,User,26
SantoDE,1031255,User,19
atbore-phx,11421185,User,16
samber,2951285,User,14
AlmogBaku,98982,User,13
guilhem,486876,User,13
jangie,698291,User,11
marco-jantke,4903245,User,10
tooda02,11247671,User,10
owen,784413,User,9
advait,504011,User,8
keis,125062,User,7
tuier,17514036,User,7
download13,575088,User,6
martinbaillie,613740,User,6
klausenbusk,1080056,User,5
bamarni,1205386,User,5
trecloux,111842,User,5
aantono,22290,User,4
dtomcej,6989327,User,4
stongo,1449748,User,4
Regner,815037,User,4
rjshep,20207097,User,4
WTFKr0,15888093,User,4
christopherobin,308493,User,3
gomes,585107,User,3
fclaeys,289550,User,3
stuart-c,2722478,User,3
tboerger,156964,User,3
djalal,4036528,User,3
tanyadegurechaff,25290583,User,3
tcoupin,7457386,User,3
bakins,205350,User,3
wallies,561860,User,3
yvespp,15231595,User,3
andersbetner,5132146,User,2
bparli,4752327,User,2
dylanmei,109874,User,2
Stibbons,133498,User,2
geoffgarside,2704,User,2
tayzlor,1681896,User,2
Starefossen,968267,User,2
kekoav,127494,User,2
lpetre,193260,User,2
maxwo,5278034,User,2
mihaitodor,788216,User,2
pnegahdar,833067,User,2
dontrebootme,1504683,User,2
philk,29562,User,2
iadvizeponey,17874435,User,2
StefanScherer,207759,User,2
stevenbower,6341218,User,2
seguins,3120977,User,2
bitsofinfo,1743646,User,2
kevioke,597978,User,2
kumy,176794,User,2
mattcollier,902041,User,2
enxebre,1230698,User,2
kmtong,526674,User,2
matevzmihalic,1017920,User,2
micaelmbagira,10107323,User,2
solidnerd,886383,User,2
nmengin,6430748,User,2
PierreZ,2698318,User,2
vholovko,2191730,User,2
sheerun,292365,User,1
alpe,28003,User,1
codablock,1884269,User,1
oscerd,5106647,User,1
ajaegle,388632,User,1
antoine-aumjaud,1887404,User,1
antoinecarton,3670846,User,1
akanto,2838000,User,1
ben-st,18464684,User,1
bgandon,3900563,User,1
invalid-email-address,148100,User,1
billglover,94501,User,1
brianredbeard,57542,User,1
jippi,22841,User,1
SirCAS,4211404,User,1
csabapalfi,181959,User,1
dikarel,15131271,User,1
ddunkin,264744,User,1
danzel,393086,User,1
diegofernandes,1625474,User,1
diegooliveira,10303,User,1
drewwells,239123,User,1
benoitf,436777,User,1
funkyfuture,2004405,User,1
gbjk,86617,User,1
Hugues-Antoine,4254976,User,1
ViViDboarder,137025,User,1
igorwwwwwwwwwwwwwwwwwwww,11158255,User,1
gottwald,1154338,User,1
jpillora,633843,User,1
JamesKyburz,220678,User,1
jsturtevant,648372,User,1
JayH5,1748643,User,1
janeczku,3813921,User,1
jimt,180326,User,1
jimmycuadra,122457,User,1
ProPheT777,1763341,User,1
discordianfish,275966,User,1
jonaz,1146389,User,1
seryl,134032,User,1
Jsewill,141502,User,1
Juliens,195661,User,1
s7anley,640131,User,1
Mic92,96200,User,1
keiths-osc,3358621,User,1
krancour,1821014,User,1
KevinBusse,1112379,User,1
lewisheadden,9004405,User,1
MaZderMind,142237,User,1
marcosnils,1578458,User,1
Yggdrasil,61383,User,1
mbyczkowski,888422,User,1
nikore,230493,User,1
syfonseq,1021799,User,1
Miouge1,13647208,User,1
mlaccetti,135857,User,1
nathan-osman,1253444,User,1
nicgrayson,793886,User,1
NicolasGeraud,1028285,User,1
np,5548,User,1
sample,354018,User,1
pborreli,77759,User,1
guybrush,306324,User,1
klud1,13160093,User,1
ReadmeCritic,15367484,User,1
rickard-von-essen,557699,User,1
brdude,410764,User,1
ruslansennov,1582377,User,1
Russell-IO,3524396,User,1
ryanleary,2212584,User,1
spinto,3627896,User,1
sroze,804625,User,1
zweizeichen,654071,User,1
twelvelabs,245879,User,1
tskinn,6225757,User,1
TerraTech,1118433,User,1
gitter-badger,8518239,User,1
tcolgate,76019,User,1
tyrken,2693365,User,1
vhf,2022803,User,1
vincentlepot,11851527,User,1
ydubreuil,1712489,User,1
yyekhlef,1419118,User,1
zachomedia,779093,User,1
j0hnsmith,118963,User,1
skydjol,484591,User,1
ssttevee,434125,User,1
Yshayy,1076078,User,1
