xiang90,4479947,User,3802
gyuho,6799218,User,1643
heyitsanthony,16294350,User,1638
yichengq,2976232,User,1451
philips,33544,User,627
jonboulle,2601015,User,396
bcwaldon,548759,User,324
bmizerany,46,User,197
benbjohnson,118015,User,174
mitake,1173955,User,170
fanminshi,4983345,User,155
barakmich,98356,User,102
sinsharat,20169156,User,72
robszumski,755540,User,68
kelseyhightower,1123322,User,37
bdarnell,160562,User,32
yifan-gu,3278588,User,30
Mistobaan,112599,User,27
polvi,46035,User,24
cenkalti,661618,User,22
hongchaodeng,920884,User,22
ajityagaty,12024388,User,19
mqliang,12423751,User,19
glevand,10858804,User,18
joshix,72905,User,18
sym3tri,224222,User,16
raoofm,12846989,User,15
ccding,1221778,User,14
purpleidea,135091,User,13
vimalk78,3284044,User,12
swingbach,788701,User,11
kayrus,4047483,User,10
yudai,33192,User,9
hhkbp2,1933824,User,8
technoweenie,21,User,8
shawnps,80111,User,7
webner,1425746,User,7
ngaut,878009,User,7
jurmous,6823511,User,7
adamwg,414574,User,6
mkumatag,12646029,User,6
absolute8511,678699,User,6
andybons,365204,User,5
dsoprea,715626,User,5
MSamman,1498908,User,5
petermattis,6201335,User,5
siddontang,1080370,User,5
tobz,222615,User,5
chancez,1400401,User,5
marineam,153640,User,5
mischief,1487996,User,5
aaronlehmann,10601430,User,4
shoe,3534,User,4
colegleason,232327,User,4
ddfisher,245905,User,4
kragniz,735008,User,4
metaflow,254523,User,4
wojtek-t,10743879,User,4
ypu,1137786,User,4
davygeek,12783140,User,4
es-chow,11871102,User,4
adohe,1555564,User,4
alban,27575,User,3
aterreno,76042,User,3
zbwright,9601502,User,3
btipling,249641,User,3
dennwc,676724,User,3
sttts,730123,User,3
fatih,438920,User,3
huikang,463631,User,3
jaredeh,1118631,User,3
glycerine,445247,User,3
sofuture,66669,User,3
jsok,737907,User,3
jonsyu1,766615,User,3
ktateish,80247,User,3
cognusion,2150418,User,3
mickep76,1099169,User,3
schmichael,113362,User,3
orls,155430,User,3
hexfusion,1249749,User,3
srijs,2677165,User,3
sorah,29440,User,3
elimisteve,139603,User,3
tamird,1535036,User,3
iconara,73330,User,3
chzchzchz,633096,User,3
rwindelz,3255742,User,3
akauppi,1297734,User,3
lavagetto,1475424,User,3
ravigadde,3618819,User,3
adrianlzt,3237784,User,2
crawford,368848,User,2
akolb1,4513662,User,2
akolb-imd,13209717,User,2
thwarted,35268,User,2
bakins,205350,User,2
CrazyJvm,1585761,User,2
cdancy,7871459,User,2
drusellers,63355,User,2
judwhite,729716,User,2
feisan,329123,User,2
kkaneda,8353550,User,2
luxas,5442475,User,2
manishrjain,1782324,User,2
dnaeon,242827,User,2
MartyMacGyver,1078647,User,2
mateusbraga,860448,User,2
mwitkow,9655971,User,2
diffoperator,81529,User,2
peterbourgon,114509,User,2
radhikapc,3285001,User,2
RichardHightower,382678,User,2
rlenferink,10008950,User,2
sckott,577668,User,2
shafreeck,418483,User,2
sjpotter,1659735,User,2
soheilhy,394885,User,2
nabeken,4534,User,2
tessr,773524,User,2
spacejam,1505488,User,2
cap10morgan,59748,User,2
andelf,72891,User,2
darron,5176,User,2
disksing,12077877,User,2
edwardcapriolo,1020364,User,2
jlamillan,13613687,User,2
lisael,893463,User,2
m1093782566,4953962,User,2
plasticbox,2769481,User,2
roboll,1259631,User,2
tobilarscheid,5900890,User,2
westhood,630162,User,2
xiaost,5179850,User,2
Ulexus,1946248,User,2
a-robinson,7085343,User,2
Amit-PivotalLabs,3108318,User,2
derekchiang,1535686,User,2
CsatariGergely,11458775,User,2
gouyang,1418734,User,2
cloudaice,747028,User,2
junxu,6124259,User,2
ArtfulCoder,1220660,User,1
AkihiroSuda,9248427,User,1
lamielle,16318,User,1
alexaltair,4567419,User,1
alexwlchan,301220,User,1
alex-sherwin,2175618,User,1
LK4D4,101445,User,1
groxxda,5701271,User,1
amirhhz,419960,User,1
nordligulv,610906,User,1
Infra-Red,11172501,User,1
Plasma,229209,User,1
Hoverbear,130903,User,1
amarshall,153175,User,1
sublimino,134117,User,1
andrewstuart,2635025,User,1
aboyett,420132,User,1
AndyPook,781227,User,1
aybabtme,1189716,User,1
kalabiyau,294998,User,1
artem-panchenko,8971491,User,1
aknuds1,281303,User,1
Asmod4n,791770,User,1
baruch,132938,User,1
bass3m,2124535,User,1
spoonben,4006413,User,1
bdudelsack,3631456,User,1
BramGruneir,1614265,User,1
reterVision,1209592,User,1
lumjjb,3060102,User,1
skarekrow,1589047,User,1
brianredbeard,57542,User,1
brian-brazil,7115638,User,1
bketelsen,37492,User,1
bts,5743,User,1
bmatsuo,15089,User,1
cchamplin,1944818,User,1
linuxcer,9674588,User,1
cholcombe973,3058195,User,1
claws,1298001,User,1
cvik,325656,User,1
colhom,1075028,User,1
congpeijun,881552,User,1
connor4312,2230985,User,1
luan,223760,User,1
dghubble,2253428,User,1
daniel-garcia,366029,User,1
dannysauer,3950223,User,1
dcheney-atlassian,26156454,User,1
zined,1200504,User,1
dgonyeo,2439413,User,1
ddysher,2191361,User,1
diwakergupta,15990,User,1
onlyjob,1061236,User,1
dmarti,48007,User,1
dougm,30171,User,1
drnic,108,User,1
glensc,199095,User,1
ElijahCaine,1897147,User,1
ceh,248952,User,1
eparis,8093535,User,1
ekristen,48329,User,1
tmjd,14025438,User,1
eyakubovich,3586053,User,1
rustyrobot,577643,User,1
fabxc,4948210,User,1
FedericoCeratto,91576,User,1
FranGM,7096212,User,1
brancz,4546722,User,1
fbarbeira,2162415,User,1
hayesgm,271024,User,1
gtank,622063,User,1
HardySimpson,1173940,User,1
sublee,19982,User,1
hubt,864745,User,1
iaguis,507354,User,1
iand,18375,User,1
ian-kelling,54232,User,1
jbowens,867352,User,1
jamespharaoh,230005,User,1
jkakar,563398,User,1
ingvagabund,8055242,User,1
badboy,2129,User,1
jravetch,316190,User,1
jelmer,49032,User,1
jcderr,206918,User,1
jseldess,15893490,User,1
Jiaweizdev,8949494,User,1
jimmycuadra,122457,User,1
jpbetz,523590,User,1
Timer,616428,User,1
proppy,5268,User,1
xetorthio,139687,User,1
intjonathan,518164,User,1
liggitt,980082,User,1
jplana,597255,User,1
josephjacks,7909184,User,1
joshuaconner,1056986,User,1
jlsalvador,1464850,User,1
juliusv,538008,User,1
justintime,144090,User,1
justinsb,100893,User,1
jpetazzo,171481,User,1
Mic92,96200,User,1
binocarlos,1676629,User,1
kamilhark,800986,User,1
kevinburke,234019,User,1
lclarkmichalek,78389,User,1
rud,9337,User,1
lnguyen,928524,User,1
lucab,98086,User,1
luedigernet,1688743,User,1
maciej,9706,User,1
mairbek,549048,User,1
stongo,1449748,User,1
matishsiao,3690248,User,1
mattrco,207735,User,1
mdlayher,1926905,User,1
MattParker89,2564620,User,1
msingle,18760,User,1
mauricioabreu,1437542,User,1
mlahaye,13317330,User,1
krmayankk,16662068,User,1
requenym,174867,User,1
mfischer-zd,984199,User,1
ithinkihaveacat,51244,User,1
mortonfox,495892,User,1
MrLawes,5887615,User,1
overvenus,2150711,User,1
nmiyake,4267425,User,1
nkovacs,2269242,User,1
thedrow,48936,User,1
ppalucki,7300298,User,1
ggaaooppeenngg,4769989,User,1
lemenkov,41835,User,1
peterrosell,6177279,User,1
splattael,28908,User,1
pwaller,438648,User,1
pjjw,638,User,1
TheHippo,199056,User,1
pphaneuf,40400,User,1
bprashanth,10927820,User,1
QuentinPerez,3081204,User,1
rboyer,4903,User,1
ranjib,316306,User,1
robholland,9563,User,1
robstrong,646964,User,1
rkrambovitis,12841643,User,1
robn,130670,User,1
rca,53537,User,1
ronabop,76779,User,1
Rushit,1387607,User,1
BlueDragonX,465340,User,1
ryandoyle,887536,User,1
sakshamsharma,10418596,User,1
ghodss,5209643,User,1
SamuelMarks,807580,User,1
serussell,504337,User,1
sebschrader,7392333,User,1
sctlee,8141299,User,1
msoap,844117,User,1
fasaxc,469264,User,1
davissp14,423038,User,1
yanana,377712,User,1
skyao,1582369,User,1
slawosz,11747,User,1
smeruelo,12283075,User,1
SpencerBrown,5069963,User,1
stevecrozz,133328,User,1
stevenschlansker,129097,User,1
ThomasAlxDmy,1489947,User,1
kula,45027,User,1
tlossen,7850,User,1
rekby,5411205,User,1
timothysc,169553,User,1
oberstet,233340,User,1
tarnfeld,217279,User,1
wereHamster,34538,User,1
tsenart,67471,User,1
traviscross,1076834,User,1
vadimdemedes,697676,User,1
vlajos,3994645,User,1
vikstrous,482425,User,1
tazjin,1552853,User,1
vitalyisaev2,5507054,User,1
gnawux,54124,User,1
hustcat,1716915,User,1
zefhemel,59073,User,1
allencloud,9465626,User,1
antoniomaciej,16977273,User,1
augustoroman,676565,User,1
brianbianco,523384,User,1
calebamiles,848394,User,1
WIZARD-CXY,2142864,User,1
coreosbot,6148850,User,1
ghostplant,12099308,User,1
darasion,234933,User,1
efrecon,9443924,User,1
ethanport,4971073,User,1
Felixoid,3025537,User,1
funkygao,667048,User,1
gabesullice,4500265,User,1
gae123,6157123,User,1
grossws,171284,User,1
iawells,1719713,User,1
irfansharif,10536690,User,1
jolestar,77268,User,1
joshrosso,6200057,User,1
kmeaw,94270,User,1
goby,3690179,User,1
leonliao,837597,User,1
lodevil,980321,User,1
arthurkiller,11133870,User,1
magicwang-cn,7587313,User,1
mangoslicer,19347309,User,1
marc-barry,4965634,User,1
Masterlvng,1629831,User,1
micahhausler,791000,User,1
nikfoundas,2409606,User,1
zxc122333,1363137,User,1
suzaku,116473,User,1
shaunthium,10166415,User,1
sivaramsk,310397,User,1
smallfish,105860,User,1
suryanathan,1277892,User,1
topecongiro,21980157,User,1
vmatekole,424339,User,1
mpzhjin,16572208,User,1
ychen11,1002151,User,1
yiyiyaya,23227814,User,1
YuleiXiao,12639880,User,1
zhangbaitong,1147538,User,1
zhonglin6666,6994237,User,1
trainchou,3922020,User,1
buaazp,1470377,User,1
ZhuPeng,4994339,User,1
