derekparker,1314079,User,702
aarzilli,303620,User,249
epipho,622665,User,22
ebfe,685065,User,13
alexbrainman,9796621,User,9
lukehoban,223467,User,9
ironcladlou,298299,User,7
NanXiao,2338189,User,7
icholy,943597,User,6
dlsniper,607868,User,6
hyangah,4999471,User,5
joeshaw,39916,User,3
kostya-sh,7126275,User,3
sethwklein,3307616,User,3
Omie,451546,User,3
zchee,6366270,User,3
burke,1284,User,2
rustyrobot,577643,User,2
ivarg,248477,User,2
jasdel,961963,User,2
justinclift,406299,User,2
m4tty,1301763,User,2
tones111,828656,User,2
tylerb,70804,User,2
dr2chase,1928999,User,2
heschik,24611692,User,2
dbenque,6165584,User,1
dsouzae,654856,User,1
kkdai,2252691,User,1
gertcuykens,863731,User,1
dullgiulio,578051,User,1
morenoh149,587438,User,1
krhubert,1803915,User,1
jackc,94130,User,1
jacobvanorder,109652,User,1
njason,1661720,User,1
joegrasse,4334144,User,1
johnjaylward,383703,User,1
jonboulle,2601015,User,1
chenkirk,1652877,User,1
benma,1225267,User,1
moitias,1009280,User,1
technosophos,89193,User,1
rainbowmultiverse,27457339,User,1
allada,1831202,User,1
paulsmith,1210,User,1
QuentinPerez,3081204,User,1
raff,53832,User,1
samv,41057,User,1
szaydel,249424,User,1
sebdah,856108,User,1
stmuk,4533859,User,1
gitter-badger,8518239,User,1
vornet,892308,User,1
ooesili,3889952,User,1
mattn,10111,User,1
iamzhout,14846203,User,1
custa,2155917,User,1
ggndnn,18275908,User,1
moshee,936355,User,1
vancouverwill,923939,User,1
visualfc,714279,User,1
