bradrydzewski,817538,User,2052
Bugagazavr,683590,User,80
fudanchii,177826,User,63
josmo,387992,User,62
tboerger,156964,User,31
donny-dont,666297,User,27
appleboy,21979,User,25
floatdrop,365089,User,23
benschumacher,400693,User,20
oliveiradan,3721708,User,18
shawnzhu,1059372,User,18
kvigen,5514539,User,16
scottferg,74309,User,15
ulrichSchreiner,1642951,User,15
jeffastorey,1882220,User,14
mnutt,3705,User,13
letusfly85,1466545,User,12
andy-g,557065,User,11
strk,289678,User,10
vaijab,1308018,User,9
epipho,622665,User,9
sivel,39340,User,8
veghead,537870,User,8
yosssi,1583973,User,8
bsauvajon,16101305,User,8
vito,1880,User,7
simonoff,14304,User,7
shaunduncan,742067,User,7
nils-werner,88704,User,7
arturhoo,119276,User,6
frapposelli,541832,User,6
macb,1611098,User,6
hkjn,287215,User,6
daMupfel,3017709,User,5
gregory90,3341907,User,5
mattbostock,4348848,User,5
ap4y,673861,User,5
swgillespie,1871912,User,5
jmccann,1228349,User,5
marksteve,26679,User,5
mjwwit,4455124,User,5
chengweiv5,689798,User,4
compressed,28634,User,4
dcarley,260438,User,4
dangra,37369,User,4
gtaylor,75556,User,4
JeanMertz,383250,User,4
kirs,522155,User,4
zond,7541,User,4
msteinert,202852,User,4
vtolstov,481307,User,4
glaszig,201135,User,4
nevalla,455844,User,4
kpacha,1307694,User,4
907th,800362,User,3
AlekSi,11512,User,3
ciarand,2149341,User,3
daviddyball,1235844,User,3
elia,1051,User,3
jason-riddle,2156866,User,3
mariusgrigoriu,415231,User,3
mjschultz,90788,User,3
mikkeloscar,128566,User,3
patrickjahns,6403243,User,3
rgarcia,72655,User,3
dolanor,928722,User,3
udzura,91011,User,3
masarakki,26023,User,3
cedk,836961,User,3
jveldridge,1551369,User,3
marcusramberg,5526,User,3
rkusa,409021,User,3
ilbambino,2427306,User,2
AmandaCameron,114638,User,2
notandy,2862494,User,2
anweiss,2326106,User,2
andrewsmedina,52241,User,2
antonlindstrom,10686,User,2
benmanns,27628,User,2
caarlos0,245435,User,2
davidwindell,1720090,User,2
skygeo,12135180,User,2
takama,3002232,User,2
bobrik,89186,User,2
dz0ny,239513,User,2
jordane,342364,User,2
kirillseva,4439480,User,2
eagletmt,69755,User,2
pheuter,92698,User,2
0xcaff,3277097,User,2
metalmatze,872251,User,2
miracle2k,13807,User,2
michaelgibson,2904692,User,2
olymk2,1034950,User,2
makhmutov,2269658,User,2
richard-julien,285555,User,2
sherzberg,447355,User,2
thiago,1700827,User,2
thomasf,330847,User,2
tonglil,3250776,User,2
vlastv,535506,User,2
x1ddos,25405,User,2
desimone,1544881,User,2
mopemope,22645,User,2
alexandre-butynski,671662,User,2
davidmc24,447825,User,2
anibali,226707,User,1
akiray03,807671,User,1
arobson,115508,User,1
aluzzardi,179503,User,1
andruby,10639,User,1
AndrewVos,363618,User,1
eandre,425456,User,1
netantho,994942,User,1
bbenoist,2091902,User,1
BlakeMesdag,696663,User,1
brgaulin,4007825,User,1
gaocegege,5100735,User,1
flaccid,131730,User,1
colelawrence,2925395,User,1
pythonandchips,209137,User,1
dtan4,680124,User,1
dgryski,970862,User,1
deedubs,10067,User,1
MerlinDMC,3879,User,1
dave-tucker,3781777,User,1
oszi,10591074,User,1
x-cray,242510,User,1
fatih,438920,User,1
fpoli,4523232,User,1
gdborton,4172067,User,1
schvin,536996,User,1
gillesdemey,868844,User,1
hrobertson,497286,User,1
FooBarWidget,819,User,1
ianneub,17455,User,1
kop,645148,User,1
jakejscott,287641,User,1
jhasse,80071,User,1
jrit,1255823,User,1
iamjarvo,321306,User,1
whitlockjc,98899,User,1
donatj,133747,User,1
jvortmann,57185,User,1
johnwchadwick,938744,User,1
johnrengelman,1012772,User,1
duckbrain,587790,User,1
joshq00,5642190,User,1
Joshua-Anderson,3526404,User,1
Linuturk,599062,User,1
Jyrno42,235804,User,1
ashphy,413896,User,1
afex,17371,User,1
kshen0,1060688,User,1
hokichaio,1326951,User,1
doismellburning,817118,User,1
ldejager,6338147,User,1
lowstz,799701,User,1
lucaslorentz,2268284,User,1
etix,38853,User,1
waffle-iron,6912981,User,1
mrueg,489370,User,1
marcosnils,1578458,User,1
wolfeidau,50636,User,1
mvdkleijn,431452,User,1
goober,124244,User,1
technosophos,89193,User,1
matthewkmayer,4998189,User,1
amtrack,789765,User,1
mohit,244154,User,1
nathwill,371597,User,1
nathany,4566,User,1
oponder,455309,User,1
orlando,849872,User,1
patrickyevsukov,4434353,User,1
themgt,254128,User,1
PeterDaveHello,3691490,User,1
psytale,7841569,User,1
PierreKircher,3399855,User,1
fracting,194342,User,1
ClashTheBunny,248361,User,1
gonzojive,83831,User,1
rkrdo,469507,User,1
abdullin,504782,User,1
slaskis,5991,User,1
srawlins,103167,User,1
sroze,804625,User,1
wscoble,287393,User,1
zweizeichen,654071,User,1
SebastianM,275268,User,1
artofhuman,1192122,User,1
fd,591,User,1
steve-gray,14563775,User,1
sorenmat,335103,User,1
tobscher,706483,User,1
devth,86107,User,1
0atman,114097,User,1
vshih,52390,User,1
depay,8790373,User,1
wolfgang42,2261204,User,1
yichengq,2976232,User,1
robert-bo-davis,7569921,User,1
execjosh,189989,User,1
indexzero,4624,User,1
jackspirou,5687406,User,1
jollychang,64213,User,1
cmingxu,124767,User,1
kibao,1156678,User,1
kjgorman,1994486,User,1
u2takey,2763612,User,1
mingshun,778873,User,1
MirrorZ,2332835,User,1
tomByrer,1308419,User,1
