titanous,13026,User,3096
lmars,488515,User,1832
jvatic,171040,User,689
josephglanville,605591,User,429
progrium,647,User,229
archSeer,1372918,User,176
heavenlyhash,627638,User,127
benburkert,77,User,67
bgentry,114033,User,66
danielsiders,395774,User,57
IceDragon200,1649873,User,39
miracle2k,13807,User,32
benbjohnson,118015,User,22
jzila,59594,User,22
imjorge,3089116,User,14
temujin9,627414,User,12
arekkas,3372410,User,8
tlperkins,66775,User,7
philiplb,1672238,User,7
anthonybishopric,540783,User,5
rgarcia,72655,User,5
akumetsuv,3429785,User,5
geovanisouza92,786105,User,4
ProTip,271965,User,4
jayd3e,563531,User,4
marcusolsson,8396880,User,4
juniorz,30809,User,4
simon0191,1335661,User,4
chinamerp,2999875,User,4
georgethomas111,778330,User,4
nobert,37455,User,3
jellybob,362,User,3
wolfeidau,50636,User,3
crosbymichael,749551,User,3
onnimonni,5691777,User,3
simonamor,490921,User,3
jschneiderhan,369108,User,3
mikhail,3210918,User,3
arthurnn,833383,User,2
dyson,63264,User,2
felixrieseberg,1426799,User,2
ianneub,17455,User,2
jaysh,4825223,User,2
simple10,104495,User,2
discordianfish,275966,User,2
jpoimboe,1750978,User,2
marceldegraaf,15011,User,2
bacongobbler,1360539,User,2
fzerorubigd,935155,User,2
mfclarke,3276355,User,2
rojaro,488677,User,2
schroedingersZombie,3123453,User,2
elimisteve,139603,User,2
beautifulcode,5182,User,1
sheerun,292365,User,1
alainjobart,4625714,User,1
alex-sherwin,2175618,User,1
alexlarsson,990736,User,1
anderspetersson,162034,User,1
radarhere,3112309,User,1
sevos,120079,User,1
benmccann,322311,User,1
dabeeeenster,173290,User,1
brettneese,504279,User,1
bbigras,24027,User,1
clifff,51312,User,1
CodinCat,3193344,User,1
crohr,6114,User,1
sosedoff,71051,User,1
ibuildthecloud,1754002,User,1
davidpelaez,313232,User,1
dharmeshkakadia,2123078,User,1
enderahmetyurt,447588,User,1
erkki,3516,User,1
glarrain,812654,User,1
gdm85,7117866,User,1
jbrady42,3029160,User,1
jaynagpaul,20666846,User,1
mltsy,248385,User,1
john-griffin,19490,User,1
john-remitly,19480233,User,1
jchappell82,435724,User,1
joshuacox,6137404,User,1
kenaniah,363800,User,1
dashkb,188903,User,1
kylefritz,95741,User,1
grigio,8074,User,1
mmikulicic,52673,User,1
nightscape,35170,User,1
technosophos,89193,User,1
michaelyork,3916693,User,1
mjonuschat,203423,User,1
slurms,1132361,User,1
patcoll,81328,User,1
phemmer,1826947,User,1
devcurmudgeon,639343,User,1
fagiani,2450,User,1
pzduniak,917230,User,1
RobinDaugherty,1005280,User,1
fruitl00p,1492861,User,1
r7kamura,111689,User,1
Qard,205482,User,1
TiuTalk,145339,User,1
tombh,160835,User,1
thomasfedb,193831,User,1
tommyvn,910265,User,1
tonistiigi,585223,User,1
tonyfabeen,25900,User,1
vieux,1032519,User,1
ferhatelmas,648018,User,1
jakejscott,287641,User,1
esdrubal,1188095,User,1
tcnksm,1256183,User,1
tonicbupt,1748597,User,1
wasi,52663,User,1
zimbatm,3248,User,1
