oxtoacart,5000654,User,1526
myleshorton,1143966,User,994
atavism,6346213,User,855
fffw,10410437,User,471
robertkrimen,16290,User,458
xiam,385670,User,372
skivvies,475147,User,308
uaalto,12701448,User,274
aranhoide,2204867,User,184
IgorMinar,216296,User,60
inconshreveable,836692,User,36
ChrisHines,1060711,User,36
fatih,438920,User,36
sdboyer,21599,User,18
cholmes,407017,User,8
skratchdot,434470,User,8
p3rcya,20512438,User,7
vojtajina,46647,User,6
carolyna,2147947,User,5
dancannon,414768,User,3
michaelneale,14976,User,3
fliar,5902141,User,3
mhevery,111951,User,3
elnur,821060,User,2
wedow,2073046,User,2
leahxschmidt,3040142,User,2
alexeygolev,1342730,User,1
cburgdorf,521109,User,1
danielzen,1350534,User,1
Derekf5,7864729,User,1
DjebbZ,77278,User,1
emre,72460,User,1
fabioxgn,1084729,User,1
kharin,242410,User,1
ifedotov,638999,User,1
iszak,38895,User,1
jksdua,1538739,User,1
rolaveric,960670,User,1
manukall,117418,User,1
marcenuc,5284,User,1
mschoch,298143,User,1
nwolff,40599,User,1
THUNDERGROOVE,1720374,User,1
peterkshultz,5421240,User,1
segeda,504956,User,1
ReadmeCritic,15367484,User,1
fuentesjr,9240,User,1
Byron,63622,User,1
taranjeet,4302268,User,1
grymoire7,6004629,User,1
sorcix,65006,User,1
netroby,278153,User,1
ermakovich,1196011,User,1
kehao95,6213976,User,1
linlexing,834303,User,1
