manucorporat,127379,User,452
javierprovecho,2457529,User,218
appleboy,21979,User,64
thinkerou,4488261,User,28
easonlin404,8943871,User,19
msoedov,1958116,User,13
alexandernyquist,93560,User,12
mopemope,22645,User,6
se77en,1468284,User,5
kmulvey,76613,User,5
andreynering,7011819,User,4
austinheap,80980,User,4
JustinBeckwith,534619,User,4
konjoot,1609458,User,3
nl5887,3748903,User,3
adwinsky,311951,User,2
donileo,1881038,User,2
AlexanderChen1989,2957936,User,2
bwiggs,7358,User,2
chad-russell,4590989,User,2
aviddiviner,835967,User,2
zazab,2859912,User,2
frankbille,57408,User,2
kylescottmcgill,245931,User,2
bredov,558059,User,2
mpuncel,1444855,User,2
tebeka,87697,User,2
ngerakines,12125,User,2
vinceyuan,1109524,User,2
dickeyxxx,216188,User,2
zhing,5072278,User,2
techjanitor,5361932,User,2
178inaba,12012186,User,1
soniabhishek,5463001,User,1
adammck,19543,User,1
AlbinOS,1978405,User,1
aadidenko,626214,User,1
ammario,7416144,User,1
andredublin,464761,User,1
smira,55211,User,1
horechek,365223,User,1
cxjava,802316,User,1
Saser,582273,User,1
ironiridis,308159,User,1
liudanking,2668088,User,1
donnpebe,754033,User,1
ethankan,909082,User,1
fmd,2799915,User,1
fbettag,79918,User,1
harindup,10474951,User,1
joiggama,712278,User,1
itsjamie,1956521,User,1
jasonsoft,416490,User,1
jhorowitz,5096318,User,1
el3ctro-,1951470,User,1
julienschmidt,944947,User,1
bluele,1170428,User,1
mayhewj,1441325,User,1
kamronbatman,3953314,User,1
yosssi,1583973,User,1
achedeuzot,460597,User,1
LinusU,189580,User,1
lucas-clemente,918034,User,1
dynamix,5939,User,1
MattNewberry,108004,User,1
mattyw,160718,User,1
maxatome,262880,User,1
mirzac,66056,User,1
msemenistyi,1871054,User,1
honteng,1395306,User,1
dolmen,129536,User,1
pmoncadaisla,1449482,User,1
phicode,1918953,User,1
rahuldroy,5200842,User,1
r8k,1798396,User,1
rayrod2030,719334,User,1
Regner,815037,User,1
RobAWilkinson,1959628,User,1
rogierlommers,3907131,User,1
rohanpai,2272901,User,1
hryamzik,1643962,User,1
zaynetro,627197,User,1
roylou,5996145,User,1
superalsrk,1984063,User,1
egorse,1152410,User,1
seregayoga,1924898,User,1
gonimar,756571,User,1
srid,3998,User,1
chaahk,23249246,User,1
tatsuyafw,1162665,User,1
tevjef,1676418,User,1
gitter-badger,8518239,User,1
tboerger,156964,User,1
By-Vasiliy,8522475,User,1
chiffa-org,15087217,User,1
mattn,10111,User,1
ybs-github,16482281,User,1
netroby,278153,User,1
betahu,18302425,User,1
bigwheel,826646,User,1
chriswhelix,16326347,User,1
collinmsn,2750355,User,1
cssivision,8855275,User,1
danielalves,522602,User,1
error10,198207,User,1
ishanray,5403397,User,1
jasonrhansen,1126521,User,1
kyledinh,61739,User,1
mbesancon,7623090,User,1
mehdy,2669765,User,1
novaeye,615401,User,1
pjgg,3541131,User,1
rns,366934,User,1
shadrus,2655999,User,1
silasb,40670,User,1
shenshouer,1491181,User,1
tsirolnik,3106496,User,1
whirosan,7699529,User,1
yuyabee,3094688,User,1
zebozhuang,1593533,User,1
858806258,6061096,User,1
loongmxbt,5986600,User,1
