jingweno,169064,User,879
mislav,887,User,853
defunkt,2,User,240
calavera,1050,User,82
pcorpet,7937848,User,22
tgkokk,801854,User,22
walles,158201,User,22
stephencelis,658,User,10
justinweiss,1020,User,8
eljobe,679924,User,8
dgryski,970862,User,6
cehoffman,27545,User,5
blueyed,9766,User,5
shigemk2,795197,User,5
ganmacs,5616899,User,5
MattWindsor91,374963,User,5
nex3,188,User,5
cornwe19,492618,User,4
jez,5544532,User,4
joliss,524783,User,4
ladios,535845,User,4
msabramo,305268,User,4
NickLaMuro,314014,User,4
parkr,237985,User,4
kch,8216,User,3
heitortsergent,446316,User,3
jamesqo,9159214,User,3
rouzier,2490716,User,3
lepistone,1314778,User,3
madhusudancs,10183,User,3
rares,1935,User,3
rtomayko,404,User,3
vermiculus,2082195,User,3
knu,10236,User,2
bkeepers,173,User,2
davisonio,5341072,User,2
goodell,78560,User,2
Mischi,365690,User,2
IWriteThings,11728899,User,2
joshbetz,300429,User,2
josh,137,User,2
kbrock,1930,User,2
mmikulicic,52673,User,2
novas0x2a,9639,User,2
nicklewis,115494,User,2
qrush,12610,User,2
parndt,10128,User,2
queeno,1544527,User,2
tomasv,206971,User,2
yasuoza,736506,User,2
lloydde,962387,User,2
nbraud,1155801,User,2
pschultz,607733,User,2
stevenharman,48658,User,2
aaronj1335,787066,User,1
akahn,26099,User,1
arturoherrero,392222,User,1
nocash,78855,User,1
benpickles,3637,User,1
bbinet,76281,User,1
calebthompson,711717,User,1
carlosmn,335443,User,1
cdrage,6422176,User,1
cknadler,476505,User,1
christian-oudard,124540,User,1
junghans,439483,User,1
christopher-hopper,452515,User,1
darabos,1268018,User,1
DarinM223,5057485,User,1
dmaii,1280376,User,1
dougludlow,733821,User,1
arbourd,7211830,User,1
ejfinneran,71407,User,1
sferik,10308,User,1
evanphx,7,User,1
segfaulthunter,19826,User,1
frederickjh,864159,User,1
gorenje,67360,User,1
ggentzke,14310,User,1
glennpratt,202230,User,1
rnarahirah,3027568,User,1
hph,1166565,User,1
boiler23,215357,User,1
jgable,164497,User,1
jamesiarmes,1030345,User,1
jwright,35017,User,1
jhasse,80071,User,1
retronym,65551,User,1
jasisk,62923,User,1
JelteF,1162278,User,1
jfirebaugh,98601,User,1
jm3,12213,User,1
jroes,27847,User,1
joshthecoder,25644,User,1
blackjid,228037,User,1
justincampbell,246978,User,1
justquick,35289,User,1
sl4mmy,9182,User,1
krlmlr,1741643,User,1
rkh,30442,User,1
inkel,108421,User,1
cavalle,856,User,1
lzap,49752,User,1
maksimr,616193,User,1
mjtamlyn,389581,User,1
marciopuga,2540890,User,1
mkhl,505,User,1
maxandersen,54129,User,1
maxim,7758,User,1
mscherer,230335,User,1
michiels,42268,User,1
mmozuras,54526,User,1
ndbroadbent,139536,User,1
pdericson,2298137,User,1
Peeja,2407,User,1
pocket7878,236528,User,1
rafaelfranca,47848,User,1
SaintPeter,553494,User,1
RichardLitt,910753,User,1
samnardoni,328421,User,1
strk,289678,User,1
schacon,70,User,1
mojodna,45,User,1
shayfrendt,32535,User,1
voidus,124298,User,1
soniah,56102,User,1
stepheneb,7188,User,1
stouset,4338,User,1
stuartnelson3,1398104,User,1
tekkub,706,User,1
TimothyGu,1538624,User,1
tomas-edwardsson,585184,User,1
wking,209920,User,1
wesbland,1561207,User,1
wilmoore,51953,User,1
whilp,189851,User,1
KaiSforza,1731430,User,1
mattn,10111,User,1
m-nakamura145,11944718,User,1
