gizak,2100512,User,140
Matt3o12,1218474,User,22
jsoref,2119212,User,9
wanzysky,7082425,User,7
jrmiller82,7538678,User,6
mattn,10111,User,4
dhilipkumars,10920260,User,4
marigs,8372056,User,4
csimons,1210661,User,2
leighmcculloch,351529,User,2
awly,1146263,User,1
bsdavidson,702116,User,1
heavenlyhash,627638,User,1
guobiao,2126608,User,1
divan,880202,User,1
jcbwlkr,2027263,User,1
tristil,15716,User,1
martinlindhe,181531,User,1
beefsack,232322,User,1
MrWaggel,18574520,User,1
NHOrus,5390835,User,1
rhcarvalho,88819,User,1
ryanguest,488119,User,1
sdboyer,21599,User,1
syohex,554281,User,1
vitan,1930578,User,1
yesnault,395454,User,1
funkygao,667048,User,1
mrezai,5120436,User,1
nmcclain,700552,User,1
