peterbourgon,114509,User,687
ChrisHines,1060711,User,104
basvanbeek,7205296,User,64
briankassouf,1916073,User,31
jprobinson,1386065,User,25
cam-stitt,186643,User,16
suyash,16324837,User,13
yurishkuro,3523016,User,11
marcusolsson,8396880,User,10
geoffberger,24911,User,9
bhs,2251553,User,8
DSchalla,5972329,User,7
anthdm,4670056,User,7
rossmcf,94686,User,7
taotetek,206719,User,6
martinbaillie,613740,User,5
mattheath,181548,User,5
groob,1526945,User,5
kpacha,1307694,User,5
jupp0r,161598,User,4
Ayiga,3937524,User,4
taion809,5170979,User,4
alpeb,554287,User,3
litriv,11917160,User,3
travissalascox,10573505,User,3
tgulacsi,256074,User,3
juRiii,1895950,User,3
xla,1585,User,3
ifraixedes,1731633,User,3
willfaught,63830,User,3
Fenthick,15718596,User,2
domudall,524482,User,2
freeformz,103,User,2
harlow,739782,User,2
jygastaud,1499325,User,2
kihamo,418858,User,2
alrs,28523,User,2
LennartOlsen,3594549,User,2
nelz9999,10950,User,2
hydroflame,2773127,User,2
seh,175841,User,2
terinjokes,273509,User,2
tsenart,67471,User,2
buptmiao,9656347,User,2
xmattstrongx,10662489,User,2
acrmp,444264,User,1
adg,8446613,User,1
radarhere,3112309,User,1
andrewwatson,183418,User,1
bmarini,13173,User,1
bg451,1350653,User,1
brian-brazil,7115638,User,1
Artmann,91954,User,1
cihangir,879660,User,1
daniel-garcia,366029,User,1
czertbytes,5165931,User,1
annismckenzie,16936,User,1
kisPocok,434719,User,1
dvrkps,4771727,User,1
djgilcrease,1778574,User,1
eblanchette,704551,User,1
fabxc,4948210,User,1
frozzare,14610,User,1
josler,167061,User,1
jkakar,563398,User,1
jstordeur,20197458,User,1
jesselucas,5431883,User,1
sevein,606459,User,1
josephyzhou,653722,User,1
joho,4092,User,1
nii236,4482567,User,1
nussjustin,6443781,User,1
kavirajk,3735252,User,1
kevgo,268934,User,1
yookoala,91274,User,1
lwalen,2339769,User,1
everesio,8628778,User,1
17twenty,379176,User,1
NoahZhang,2822276,User,1
dolmen,129536,User,1
sqs,1976,User,1
ReadmeCritic,15367484,User,1
rodrigosaito,830903,User,1
rogpeppe,66491,User,1
sazl,6764369,User,1
shawnps,80111,User,1
simonjefford,136,User,1
SimonRichardson,2562584,User,1
grobie,3432,User,1
narqo,88045,User,1
wari,525422,User,1
goonzoid,1255755,User,1
bictorman,729447,User,1
bcho,1975118,User,1
jerome-laforge,9979375,User,1
mishudark,211144,User,1
gaplyk,4416772,User,1
rolaveric,960670,User,1
sbl,12188,User,1
wangtuanjie,4090971,User,1
