codegangsta,178316,User,250
erizocosmico,1312023,User,89
mtojek,14044910,User,29
vanackere,800632,User,8
aybabtme,1189716,User,7
ogta,5412861,User,6
NovemberFoxtrot,5109440,User,6
JamesClonk,3172084,User,6
icholy,943597,User,5
ioboi,1333699,User,5
juniorrobot,127405,User,4
melito,957,User,4
rexk,2611273,User,4
BurntSushi,456674,User,3
Parkayun,1791297,User,3
baldrailers,53907,User,3
mingderwang,47238,User,3
mohamedattahri,569071,User,3
noonat,2610,User,3
shirro,203445,User,3
viniciusfeitosa,692283,User,3
ssbunny,2247291,User,2
prosto-chewey,902687,User,2
cgarvis,213125,User,2
googollee,496526,User,2
jeyb,142833,User,2
porjo,1296987,User,2
runemadsen,192021,User,2
jiumx60rus,3050096,User,2
shuhei,498635,User,2
takashi,1506738,User,2
txgruppi,91159,User,2
sevkin,18633,User,2
tarrsalah,909959,User,2
wils0n,2302528,User,2
jakejscott,287641,User,2
alecthomas,41767,User,1
alexandershov,5130704,User,1
korolr,11715165,User,1
davetoxa,417317,User,1
averrin,426007,User,1
beatrichartz,305847,User,1
rbinsztock,829378,User,1
bemurphy,124661,User,1
rakyll,108380,User,1
cam72cam,892136,User,1
umcodemonkey,15268909,User,1
unrolled,407228,User,1
DisposaBoy,1008848,User,1
ovr,572096,User,1
fjdumont,870731,User,1
henvo,12183932,User,1
ikrauchanka,11536410,User,1
rvu95,7439590,User,1
jaredly,112170,User,1
jnewmoyer,471535,User,1
rustyrazorblade,337872,User,1
joseluisq,1700322,User,1
liujuncheng,3319142,User,1
yosssi,1583973,User,1
jackboot7,493975,User,1
snikch,115958,User,1
msabramo,305268,User,1
mmikulicic,52673,User,1
mholt,1128849,User,1
michaelbeil,4752949,User,1
thewatts,1141717,User,1
nemosupremo,940094,User,1
ricardodovalle,3634150,User,1
richardcrichardc,885016,User,1
robgssp,521306,User,1
sergiotapia,686715,User,1
snatchev,3312,User,1
mstorm,689676,User,1
xsleonard,1879136,User,1
avelino,31996,User,1
RadioactiveMouse,457092,User,1
troyk,13517,User,1
Unknwon,2946214,User,1
wiliamsouza,215986,User,1
wlaurance,1059214,User,1
williambao,779521,User,1
hamo,94987,User,1
cashplk,8339,User,1
erickhun,3368263,User,1
eternnoir,1109538,User,1
gaoyifan,5450996,User,1
iiogmgo,9989554,User,1
jayrox,1273209,User,1
l2x,4135347,User,1
lidashuang,612381,User,1
lysu,528332,User,1
mvmaasakkers,197477,User,1
nbjahan,24282074,User,1
orthographic-pedant,14522744,User,1
yangsibai,2907211,User,1
thomaswilde,2264922,User,1
xishvai,1906031,User,1
zddhub,6077698,User,1
