Unknwon,2946214,User,3108
lunny,81045,User,217
fuxiaohei,2142787,User,179
slene,653711,User,107
codeskyblue,3281689,User,65
psmit,202014,User,50
nanoant,103067,User,35
bkcsoft,4726179,User,33
andreynering,7011819,User,31
nussjustin-hmmh,27724351,User,27
fanningert,365219,User,27
0rax,2822534,User,26
fnkr,616991,User,24
sapk,4052400,User,19
nussjustin,6443781,User,18
compressed,28634,User,17
joshfng,302764,User,16
crystaldust,2040659,User,16
0xbaadf00d,1005086,User,15
makhov,557879,User,13
acusti,517889,User,12
strk,289678,User,12
SergioBenitez,1480321,User,12
genedna,76467,User,11
odinuge,1467188,User,11
chriswatt,488912,User,11
crohr,6114,User,11
lstahlman,12668667,User,11
mhartkorn,68969,User,10
manfer,458420,User,10
soudy,7383594,User,10
tstorch,4622615,User,9
TonyTsangHK,9127722,User,9
donbowman,5131923,User,8
lanceju,3004135,User,8
wqweto,987963,User,7
m0sth8,470078,User,7
angus-g,11085886,User,7
allonsy,5892756,User,6
jcracknell,1903829,User,6
linquize,791115,User,6
jacksonpan,696493,User,6
exmex,5639139,User,5
andmarios,1239679,User,5
chadoe,484002,User,5
nicolai86,111324,User,5
evolvedlight,23338,User,5
fundon,27926,User,5
laofo,46148,User,5
Gibheer,283694,User,5
jamesa,284902,User,5
Stefan-Code,9949033,User,5
ciarand,2149341,User,4
barracks510,8423976,User,4
eryx,275347,User,4
denghongcai,1433247,User,4
llikeitt,5028336,User,4
psaavedra,376838,User,4
roblabla,1069318,User,4
DblK,832617,User,4
tboerger,156964,User,4
kakwa,3058109,User,4
chk1,828496,User,4
ogarcia,572924,User,4
richmahn,2839925,User,4
OhDaeto,14937307,User,4
aaronjwood,446283,User,3
arthuroy,15190897,User,3
diseaz,206735,User,3
mephux,22273,User,3
thehowl,4681308,User,3
LefsFlarey,22112509,User,3
michaeldyrynda,558441,User,3
ndarilek,1172,User,3
pbor,132154,User,3
moltam,4578365,User,3
Preovaleo,6892913,User,3
haoyixin,4223641,User,3
crackcomm,206368,User,3
leonklingele,5585491,User,3
zhsso,570594,User,3
ErebusBat,93973,User,3
xxxtonixxx,7110786,User,3
albang,3199329,User,2
msoedov,1958116,User,2
andre-hub,97884,User,2
th3noname,1923981,User,2
baijum,121129,User,2
appleboy,21979,User,2
clee,2089,User,2
clinta,3177437,User,2
cstroe,1182093,User,2
DanielOaks,251281,User,2
silverkorn,2325424,User,2
davmrtl,233767,User,2
deiwin,2261897,User,2
dhuan,2403890,User,2
dominikschulz,1449175,User,2
Download-Fritz,8659494,User,2
raxetul,1366577,User,2
Rukenshia,1899599,User,2
JohnMaguire,440033,User,2
joaopms,4002159,User,2
kmadel,983526,User,2
lbeltrame,25192,User,2
Mageti,4189017,User,2
Eriner,6919167,User,2
edef1c,50854,User,2
pbarsalou,14117106,User,2
rbukovansky,1004491,User,2
master-d,3318506,User,2
saboya,67044,User,2
nawa,441946,User,2
carbontwelve,464699,User,2
tkausl,726254,User,2
vitalvas,571747,User,2
atzoum,2481587,User,2
Dennis-Smurf,4238339,User,2
dlob,11719667,User,2
euank,2147649,User,2
jwdeitch,7282720,User,2
MilesPong,5867628,User,2
raphael10241024,8491351,User,2
rugk,11966684,User,2
spacetourist,3024532,User,2
nalla,688191,User,2
xaionaro,2349376,User,2
Jofkos,3756385,User,2
cez81,9416498,User,2
peppage,1872960,User,2
psychomario,1041406,User,2
renatoaquino,516453,User,2
tobyzxj,4661855,User,2
adelq,929309,User,1
alunegov,16284317,User,1
alexandregz,1374718,User,1
Supme,2861593,User,1
Alukardd,1387587,User,1
alvaroaleman,6496100,User,1
Andersbiha,5183653,User,1
andrew-boyarshin,3063662,User,1
arno01,3791945,User,1
hochhaus,5508784,User,1
andyleap,1445195,User,1
AntonioMeireles,743527,User,1
Argentumbolo,9012590,User,1
atakangktepe,12830048,User,1
louwers,649392,User,1
BartWillems,6066578,User,1
basilfx,815976,User,1
hahanein,12881680,User,1
j100002ben,1052262,User,1
bpollack,14799,User,1
stroborobo,684180,User,1
blindpirate,12689835,User,1
spectre013,1624093,User,1
bclermont,474302,User,1
bbigras,24027,User,1
CarlosGtrz,5258638,User,1
cedricziel,418970,User,1
chancez,1400401,User,1
jcfrank,319736,User,1
stettberger,111866,User,1
mkaito,20434,User,1
cburgdorf,521109,User,1
c35sys,534545,User,1
ChubbyNinja,6347946,User,1
Corben78,8013933,User,1
NeodarZ,7147404,User,1
Crayon2000,11451841,User,1
credomane,1283031,User,1
dankm,179131,User,1
kardianos,755121,User,1
FibreFoX,1042579,User,1
dalareo,919861,User,1
davidjb,1002811,User,1
denji,3759759,User,1
nd,38202,User,1
domnikl,603116,User,1
egonelbre,192964,User,1
eigan,41789,User,1
EtienneBruines,3962174,User,1
Fastidious,8352292,User,1
FiloSottile,1225294,User,1
LefsFlare,7149687,User,1
CBiX,1295945,User,1
kinnarr,1077148,User,1
kimeaa,12005605,User,1
reekoheek,299394,User,1
gianperrone,4747904,User,1
gramakri,82041,User,1
girishso,35009,User,1
gustavopaes,227400,User,1
amouhzi,4458806,User,1
cryptix,111202,User,1
prinsherbert,7011110,User,1
ivanmarban,5158905,User,1
iwanbk,977552,User,1
jakejscott,287641,User,1
jstasiak,36209,User,1
janoliver,180609,User,1
j20,1126527,User,1
geerlingguy,481677,User,1
jfremstad,5103049,User,1
joelliang,20490302,User,1
jxsl13,371944,User,1
JonLundy,821826,User,1
jlsjonas,932193,User,1
jorgesumle,14212780,User,1
jbcrail,6038,User,1
joshk,8701,User,1
voxxit,12201,User,1
jqs7,12208686,User,1
julianxhokaxhiu,1237070,User,1
roidelapluie,291750,User,1
j8r,6562667,User,1
justinclift,406299,User,1
vroomanj,611430,User,1
koenw,993670,User,1
legoktm,81392,User,1
Spice-King,590498,User,1
kylemcc,327948,User,1
KylePDavis,1820410,User,1
LFlare,22326991,User,1
Laica-Lunasys,4077876,User,1
choas,138015,User,1
lafriks,165205,User,1
Naereen,11994719,User,1
limianwang,1587797,User,1
LouisMT,1782761,User,1
neolit123,331852,User,1
lukad,473203,User,1
lukasdietrich,1913775,User,1
LydiaSevelt,4594964,User,1
M5oul,4758871,User,1
MATTENN,2191191,User,1
m4rcs,1042745,User,1
maxlazio,819559,User,1
martingartonft,5197575,User,1
ruanda,102653,User,1
4d47,729919,User,1
technosophos,89193,User,1
mattbaird,989763,User,1
dakira,576555,User,1
crosbymichael,749551,User,1
mlitbk,6184864,User,1
Xefir,961976,User,1
mgdelacroix,223323,User,1
mblacktree,10734216,User,1
sorl,35372,User,1
KLIM8D,786271,User,1
bouffa,209230,User,1
muhmuhten,9712278,User,1
mohamme89d,3830866,User,1
nmandery,140716,User,1
nikkomiu,2541310,User,1
sikmir,688044,User,1
alexyer,3193008,User,1
MST-Development,12886819,User,1
quosol,3673755,User,1
goldbattle,2222562,User,1
redoz,1670030,User,1
ptman,24669,User,1
pecastro,352625,User,1
magnetikonline,1818757,User,1
phtan,3508975,User,1
octplane,22177,User,1
pierreprinetti,4400408,User,1
pdan,1710134,User,1
Ralph-Wang,4019925,User,1
risafov,14055357,User,1
rauchrob,9959550,User,1
tsigo,16124,User,1
rom1504,2346494,User,1
SarenCurrie,8222891,User,1
Scarsz,7691988,User,1
skibum55,3813241,User,1
seongahjo,10272119,User,1
simeonradivoev,9950198,User,1
siadat,364548,User,1
SjonHortensius,1684987,User,1
kenno,38522,User,1
gronke,473924,User,1
sternik,147771,User,1
shabbychef,1456159,User,1
tjyang,378638,User,1
gitter-badger,8518239,User,1
winfr34k,3741709,User,1
Mikayex,6607623,User,1
tpires,1906333,User,1
tcarrio,8659099,User,1
tomcatzh,7567346,User,1
tony,26336,User,1
Meowbeast,22228023,User,1
vaskas,67034,User,1
wmark,191736,User,1
willglynn,118362,User,1
wfriesen,186727,User,1
StrangeWill,1322565,User,1
wind0r,2079851,User,1
YoungHu,7418602,User,1
zacheryph,476,User,1
aboron,605448,User,1
afilippov1985,8296937,User,1
app,9341,User,1
blemasle,5184737,User,1
chai2010,2295542,User,1
ddelpero,2406704,User,1
estetsenko,668162,User,1
fzerorubigd,935155,User,1
gima,1252061,User,1
hgaiser,716138,User,1
huqiangit,25858860,User,1
imilo,8048912,User,1
ipavl,1686802,User,1
everhopingandwaiting,6021724,User,1
javydreamercsw,2817343,User,1
jiangjianxiao,1088741,User,1
juju2013,3966429,User,1
jgsqware,3304363,User,1
l2dy,14329097,User,1
luto,2158203,User,1
masegaloeh,5075560,User,1
mcheng89,706223,User,1
morpheyesh,4692223,User,1
mrburns,159238,User,1
niphor,927255,User,1
novaeye,615401,User,1
omeid,1453118,User,1
ddatsh,1809194,User,1
rojaro,488677,User,1
rouzier,2490716,User,1
semlanik,360589,User,1
sergystepanov,846874,User,1
silverwind,115237,User,1
smcquay,333234,User,1
stroucki,1933610,User,1
taziden,4003215,User,1
typeless,2606021,User,1
wagnlinzh,3985726,User,1
wp-src,17156792,User,1
xDShot,4261659,User,1
yaggytter,7324799,User,1
yaourt,128949,User,1
zhuharev,10848952,User,1
solo12zw74,589910,User,1
vongola12324,5770715,User,1
