rsc,104030,User,5984
robpike,4324516,User,2899
griesemer,8528975,User,2826
bradfitz,2621,User,1984
ianlancetaylor,3194333,User,1296
adg,8446613,User,1184
josharian,67496,User,979
minux,135652,User,919
aclements,2688315,User,892
dvyukov,1095328,User,862
randall77,6889504,User,731
mikioh,92117,User,723
alexbrainman,9796621,User,639
mdempsky,38349,User,520
ken,9967170,User,508
agl,21203,User,496
davecheney,7171,User,474
nigeltao,8565232,User,434
crawshaw,161319,User,359
dsymonds,31506,User,346
remyoudompheng,175246,User,323
mwhudson,672022,User,250
cherrymui,14119929,User,201
0intro,6043744,User,180
ality,352151,User,158
mundaym,15000766,User,155
niemeyer,378683,User,140
mpvl,6445383,User,130
dr2chase,1928999,User,127
dsnet,6354026,User,123
tzneal,64753,User,107
martisch,184995,User,106
alandonovan,8433140,User,96
ALTree,3586803,User,90
odeke-em,4898263,User,85
rogpeppe,66491,User,83
mattn,10111,User,82
eliasnaur,524812,User,79
atomsymbol,22368256,User,74
DanielMorsing,545573,User,68
rhencke,178348,User,67
cldorian,10041646,User,67
RLH,972447,User,64
lootch,16452421,User,63
dominikh,39825,User,62
4ad,1331747,User,60
cwedgwood,157429,User,58
rui314,47400,User,58
matloob,16470053,User,58
kardianos,755121,User,54
hirochachacha,898442,User,53
TocarIP,16836375,User,50
vdobler,701382,User,49
rakyll,108380,User,49
broady,24982,User,45
laboger,9433228,User,45
mvdan,3576549,User,43
mikesamuel,368886,User,43
bytbox,160033,User,43
dspezia,652458,User,42
vstefanovic,23223686,User,42
hyangah,4999471,User,42
alberts,409689,User,41
cespare,318501,User,41
kevinburke,234019,User,41
wgj-zz,470851,User,41
dhobsd,168647,User,39
bsiegert,866330,User,36
chai2010,2295542,User,35
hectorchu,5675131,User,34
valyala,283442,User,33
bcmills,5200974,User,33
shawnps,80111,User,32
jeffallen,1131456,User,31
jpoirier,490350,User,29
osocurioso,191517,User,28
OlingCat,1046455,User,28
davidlazar,45629,User,27
fsouza,108725,User,27
petar,285131,User,26
peterGo,4561296,User,26
rickar,4634218,User,26
Sajmani,9734877,User,26
skohanim,10529472,User,26
fhs,183501,User,25
nodirt,643254,User,24
jacobsa,202895,User,23
mkrautz,36527,User,23
0xmohit,8176079,User,23
kcons,6990351,User,22
mirtchovski,2047078,User,22
danp,2182,User,21
shurcooL,1924134,User,21
ceh,248952,User,21
paranoiacblack,1035296,User,20
krasin2,931838,User,20
snaury,53117,User,19
quentinmit,115761,User,19
rahulchaudhry,9750196,User,19
benshi001,24586233,User,18
hoisie,125547,User,18
dupoxy,1143957,User,17
paulzhol,2056981,User,17
titanous,13026,User,16
PieterD,821733,User,16
zombiezen,181535,User,16
alexcesaro,832479,User,15
dchest,52677,User,15
kostya-sh,7126275,User,15
ucirello,138827,User,15
kortschak,275221,User,15
ceseo,7077164,User,14
ejsherry,8977161,User,14
klauspost,5663952,User,14
sbinet,1070920,User,14
chressie,227883,User,13
dave-andersen,827870,User,13
vcabbage,10789027,User,13
pmarks-net,4578188,User,13
spetrovic77,5449850,User,13
tamird,1535036,User,13
eisner,675551,User,13
bpowers,854918,User,12
cmarcelo,10478,User,12
zard49,3768355,User,12
campoy,2237452,User,12
jnjackins,449232,User,12
kisielk,58618,User,12
kennygrant,68352,User,12
ukai,1037513,User,11
hanwen,31547,User,11
mrosset,297870,User,11
rauls5382,11181042,User,11
binarycrusader,541114,User,11
fiam,41529,User,10
brtzsnr,57079,User,10
dlespiau,7986,User,10
dhananjay92,6269279,User,10
egonelbre,192964,User,10
mdlayher,1926905,User,10
pborman,5115933,User,10
vanbroup,722070,User,10
qyzhai,774041,User,10
balasanjay,630917,User,10
philhofer,2940902,User,10
LK4D4,101445,User,9
ajstarks,169692,User,9
m4dh4tt3r,247771,User,9
FiloSottile,1225294,User,9
vat9,13282720,User,9
jessfraz,1445228,User,9
kylelemons,322213,User,9
fraenkel,929377,User,9
ebfe,685065,User,9
speter,450945,User,9
rmmh,211868,User,9
tombergan,13954200,User,9
pmezard,1430779,User,9
anschelsc,382212,User,8
neild,52544,User,8
davidben,109690,User,8
laslowh,138069,User,8
heschik,24611692,User,8
nightlyone,1767118,User,8
nussjustin,6443781,User,8
prattmic,1293187,User,8
mibk,2324898,User,8
walken-google,17941188,User,8
pascaldekloe,4867072,User,8
spaolacci,3320120,User,8
vinuraja,17071954,User,8
williamweixiao,23331893,User,8
alexd765,17910256,User,7
okdave,1091335,User,7
dmitris,31205,User,7
johto,951744,User,7
ncw,536803,User,7
pcc,425024,User,7
SamWhited,512573,User,7
tshprecher,1313797,User,7
nictuku,202998,User,7
jmhodges,598,User,7
mpl,626071,User,7
mischief,1487996,User,7
amenzhinsky,1308953,User,6
aead,20368805,User,6
axw,843579,User,6
wathiede,1043363,User,6
danderson,1918,User,6
coruus,972974,User,6
eden,7797,User,6
evankroske,357369,User,6
gpaul,442,User,6
cznic,729580,User,6
4a6f656c,8142769,User,6
proppy,5268,User,6
julienschmidt,944947,User,6
kballard,714,User,6
lorenzo-stoakes,305511,User,6
ribrdb,72241,User,6
stjj89,3895885,User,6
sctb,41661,User,6
shivakumargn,171191,User,6
siadat,364548,User,6
gruszczy,766611,User,6
nhooyr,10180857,User,6
aarzilli,303620,User,5
benburkert,77,User,5
cookieo9,109270,User,5
cemeyer,124738,User,5
unclejack,1409668,User,5
dgryski,970862,User,5
glasser,16724,User,5
ericlagergren,5894247,User,5
jnwhiteh,2118,User,5
jmeurin,19413572,User,5
frederich,274349,User,5
jeremyschlatter,5741620,User,5
atomaths,931534,User,5
madari,140014,User,5
qur,948888,User,5
navytux,1794248,User,5
Luit,388247,User,5
markdryan,984073,User,5
matttproud,46149,User,5
RaduBerinde,16544120,User,5
robryk,1471395,User,5
funny-falcon,249427,User,5
tylerb,70804,User,5
vanackere,800632,User,5
i3d,105068,User,5
xoba,201925,User,5
stapelberg,55506,User,5
syst3mw0rm,249690,User,4
alco,207748,User,4
wgo,11840935,User,4
nilnilnil,347240,User,4
nadiasvertex,2034108,User,4
freeformz,103,User,4
eclark,144929,User,4
hajimehoshi,16950,User,4
ibrasho,188776,User,4
jeddenlea,1923274,User,4
joeshaw,39916,User,4
joneskoo,305104,User,4
mattrco,207735,User,4
chaten,201592,User,4
peterwald,5578,User,4
Preetam,379404,User,4
rhysh,230685,User,4
neelance,16184,User,4
robphoenix,9257284,User,4
ryanslade,25610,User,4
adams-sarah,2741356,User,4
stevenh,104239,User,4
taruti,42174,User,4
thanm,12280172,User,4
tormoder,605575,User,4
willchan,466033,User,4
haya14busa,3797062,User,4
michaelmacinnis,575578,User,4
zegl,47952,User,4
rminnich,74928,User,4
andybons,365204,User,3
awly,1146263,User,3
asmaloney,391371,User,3
tsuna,128281,User,3
carl-mastrangelo,8943572,User,3
sirnewton01,3670311,User,3
tux21b,125986,User,3
cthom06,210090,User,3
davidrjenni,10241572,User,3
erikdubbelboer,522870,User,3
evmar,3847,User,3
evanphx,7,User,3
fweimer,2729073,User,3
garyburd,33411,User,3
guelfey,1619361,User,3
creack,521701,User,3
guobiao,2126608,User,3
gyuho,6799218,User,3
hongruiqi,594098,User,3
methane,199592,User,3
iangudger,7056530,User,3
calmh,125426,User,3
hosang,1494631,User,3
jankratochvil,1223939,User,3
bflm,950366,User,3
mcgoo,420286,User,3
diogin,371642,User,3
jtsylve,594165,User,3
kytrinyx,276834,User,3
kelseyhightower,1123322,User,3
mattbostock,4348848,User,3
meirf,2043305,User,3
sigpipe,1299219,User,3
tebeka,87697,User,3
nvanbenschoten,5438456,User,3
patrickmn,72885,User,3
phf,153757,User,3
asticode,11619296,User,3
shanemhansen,366801,User,3
stephenmw,231788,User,3
1player,690120,User,3
suyash,16324837,User,3
tdilo,8324390,User,3
uriel,119559,User,3
vegacom,4378153,User,3
vkrasnov,7411662,User,3
gulyasm,2179258,User,3
avdva,12461031,User,3
jstemmer,67066,User,3
mastercactapus,595010,User,3
OneOfOne,1080443,User,3
abhinav,41730,User,2
elpollouk,621491,User,2
ainar-g,4964986,User,2
albertito,2924,User,2
AlekSi,11512,User,2
ailg,9697957,User,2
amir,4293,User,2
andrewmbenton,100479,User,2
magical,175539,User,2
shazow,6292,User,2
anfernee,174200,User,2
aroneous,233233,User,2
artyom,68182,User,2
augustoroman,676565,User,2
leczb,26141055,User,2
blynn,3672,User,2
b,31712,User,2
bprosnitz,3269959,User,2
wlynch,1844673,User,2
bgentry,114033,User,2
bmizerany,46,User,2
d1str0,3741618,User,2
briandellisanti,4428845,User,2
bford,1106207,User,2
carl-stripe,23065118,User,2
chrisfarms,45921,User,2
ChrisHines,1060711,User,2
cjyar,880533,User,2
calennert,2062708,User,2
crangeratgoogle,2480655,User,2
colincross,2066996,User,2
dj2,9611,User,2
dajoo75,6588569,User,2
glts,1483271,User,2
dvx,954589,User,2
dvnagorny,15030604,User,2
ceocoder,228245,User,2
tmwh,1088053,User,2
eaigner,112197,User,2
euank,2147649,User,2
coocood,891222,User,2
fawick,1886500,User,2
frm-adiputra,2505900,User,2
MaVo159,917690,User,2
frojasg,314643,User,2
gedimitr,4473235,User,2
rasky,1014109,User,2
dullgiulio,578051,User,2
stgleb,5112367,User,2
harshavardhana,622699,User,2
huguesb,7319881,User,2
ikrabbe,167360,User,2
cep21,20358,User,2
Naranim,3407077,User,2
james4k,766002,User,2
raggi,348,User,2
corburn,1938738,User,2
zeebo,96925,User,2
serbaut,68637,User,2
johanbrandhorst,6604151,User,2
skelterjohn,334294,User,2
johnnyluo,749608,User,2
jonboulle,2601015,User,2
yyyc514,6473,User,2
kzys,19111,User,2
kavirajk,3735252,User,2
kr,4178,User,2
krockot,667827,User,2
kisom,175578,User,2
laijs,125671,User,2
larzconwell,1316992,User,2
LionNatsu,6694582,User,2
lloydde,962387,User,2
rugginoso,425276,User,2
lucas-clemente,918034,User,2
donutloop,9432921,User,2
mhennings,287949,User,2
zavislak,371987,User,2
MartinGarton,313102,User,2
DenBeke,3856745,User,2
matsl,2061650,User,2
nerdatmath,2703390,User,2
anacrolix,988750,User,2
matt2909,332254,User,2
mndrix,43997,User,2
shields,134482,User,2
kargakis,3900799,User,2
miekg,353371,User,2
appleby,86076,User,2
msolo,5078276,User,2
emonty,95156,User,2
nathany,4566,User,2
osaingre,887190,User,2
Blaisorblade,289960,User,2
pgavlin,1224093,User,2
patrick-higgins,1714222,User,2
pat42smith,12960541,User,2
tones111,828656,User,2
pebbe,829557,User,2
pjweinb,5406755,User,2
pwil3058,204985,User,2
andlabs,718242,User,2
gibson042,1199584,User,2
robfig,536325,User,2
rsesek,57350,User,2
samthor,119184,User,2
