vmarmol,985208,User,554
rjnagal,5420489,User,330
vishh,7063592,User,284
monnand,379562,User,221
tallclair,29742491,User,180
jimmidyson,464659,User,110
dashpole,3262098,User,45
satnam6502,6164339,User,26
kateknister,4239739,User,26
pwittrock,7882754,User,23
ashahab-altiscale,5115017,User,18
anushree-n,12520254,User,16
derekwaynecarr,6233452,User,16
sjenning,493891,User,14
sjpotter,1659735,User,10
dipankar,25072,User,9
Random-Liu,5821883,User,9
dchen1107,7740897,User,8
carmark,1132167,User,8
basvdlei,11786068,User,6
JasonSwindle,1776251,User,6
shahidhs-ibm,13886965,User,6
AnanyaKumar,1862850,User,6
f0,1117435,User,5
juliusv,538008,User,5
grobie,3432,User,5
ainsleyc,3902086,User,4
mindscratch,66429,User,4
dqminh,62707,User,4
mvdan,3576549,User,4
enoodle,3123328,User,4
aaronlevy,374924,User,3
andyxning,2404712,User,3
arkadijs,1263169,User,3
smarterclayton,1163175,User,3
jimonreal,7843008,User,3
justinsb,100893,User,3
kevin1024,21099,User,3
mikedanese,1787169,User,3
pmorie,366488,User,3
caglar10ur,205498,User,3
mqliang,12423751,User,3
mwringe,691166,User,3
arichardet,2087140,User,2
cvlc,5146849,User,2
ibuildthecloud,1754002,User,2
denderello,15523,User,2
eparis,8093535,User,2
simon3z,130393,User,2
proppy,5268,User,2
discordianfish,275966,User,2
mkumatag,12646029,User,2
matcornic,3520706,User,2
mnuessler,433362,User,2
Snorch,6671311,User,2
piosz,10819974,User,2
ronnielai,19694647,User,2
DirectXMan12,119737,User,2
krallin,1737686,User,2
yujuhong,10524058,User,2
hacpai,3353639,User,2
kargakis,3900799,User,2
shuairan,213402,User,2
wangzhezhe,7677214,User,2
bamarni,1205386,User,2
CaoShuFeng,20855209,User,2
Christopher-Bui,2654102,User,2
Colstuwjx,3972545,User,2
vincentdaniel,829201,User,2
alexmavr,680441,User,1
atombender,50314,User,1
anandkumarpatel,2194285,User,1
apilloud,5972627,User,1
acron0,812199,User,1
blakelapierre,777467,User,1
philips,33544,User,1
bah2830,7529310,User,1
vegasbrianc,674790,User,1
chenchun,985861,User,1
danmcp,492994,User,1
danielkrainas,2432851,User,1
dims,23304,User,1
ausil,13894066,User,1
dmrub,2951866,User,1
domluna,1907223,User,1
ericchiang,2342749,User,1
euank,2147649,User,1
flavio,22728,User,1
Marmelatze,199681,User,1
graphaelli,83483,User,1
krhubert,1803915,User,1
jdef,2348332,User,1
difro,3061,User,1
jhjeong-kr,13231143,User,1
jonboulle,2601015,User,1
jmaitrehenry,593562,User,1
kelseyhightower,1123322,User,1
kitt1987,760562,User,1
krousey,157083,User,1
lborguetti,2488125,User,1
mwielgus,11994812,User,1
furlongm,114803,User,1
sykesm,4517909,User,1
micahhausler,791000,User,1
Emsu,477917,User,1
mtaufen,903617,User,1
Miciah,2042465,User,1
NickrenREN,6104418,User,1
pborreli,77759,User,1
plietar,1489775,User,1
bpradipt,9287071,User,1
ReadmeCritic,15367484,User,1
rikatz,7182341,User,1
mrwacky42,355590,User,1
DreadPirateShawn,1418951,User,1
thomaso-mirodin,681004,User,1
timothysc,169553,User,1
kadel,57206,User,1
tcolgate,76019,User,1
devx,452006,User,1
vladgolubev,3817380,User,1
FlyingShit-XinHuang,18503016,User,1
yghannam,1633702,User,1
yifan-gu,3278588,User,1
cburroughs,24433,User,1
fzu-huang,5361248,User,1
highlyunavailable,6266125,User,1
jjqq2013,5234060,User,1
kyurtsever,7086524,User,1
shahidhs,11160001,User,1
superzhaoyy,8530746,User,1
waleedsamy,2614168,User,1
zohaib1020,1468049,User,1
