trotterdylan,117627,User,68
S-YOU,1001175,User,64
m4ns0ur,1175855,User,24
corona10,5110323,User,17
meadori,296965,User,12
nairb774,128795,User,10
aisk,699636,User,7
cclauss,3709715,User,6
choleraehyq,8923413,User,5
xyproto,52813,User,2
leekchan,823358,User,2
ns-cweber,13964486,User,2
alanjds,155623,User,1
AlexEKoren,6267282,User,1
brettcannon,54418,User,1
FlorianLudwig,432263,User,1
GarryBullock,14207857,User,1
lalaithion,8741823,User,1
jbremer,1148773,User,1
miguelammatos,1724777,User,1
MirkoDziadzka,1268043,User,1
paulsmith,1210,User,1
ryankennedy,37302,User,1
StevenMaude,3818079,User,1
yashpatel5400,5114931,User,1
feilengcui008,4131736,User,1
IuryAlves,1934268,User,1
johnlunney,536947,User,1
wuttem,13179487,User,1
