neelance,16184,User,1654
shurcooL,1924134,User,132
flimzy,8555063,User,30
metakeule,180603,User,15
jeremyschlatter,5741620,User,4
Archs,4538154,User,3
jargv,551187,User,3
TrueFurby,1229233,User,3
albrow,800857,User,2
abrander,3726205,User,2
andybalholm,868908,User,2
hajimehoshi,16950,User,2
Maxdamantus,502805,User,2
nlacasse,153325,User,2
nullstyle,366,User,2
bpowers,854918,User,1
brett19,1621627,User,1
casey,1945,User,1
encryptio,67937,User,1
dchest,52677,User,1
fjl,6915,User,1
jbowes,12997,User,1
kpsmith,1400055,User,1
lnsp,3391295,User,1
nathany,4566,User,1
ReadmeCritic,15367484,User,1
rubenv,42904,User,1
slimsag,3173176,User,1
steveoc64,1302675,User,1
tenntenn,796820,User,1
emersion,506932,User,1
xoviat,15351036,User,1
