torkelo,10999,User,5869
bergquist,618863,User,1693
utkarshcmu,1019609,User,312
mtanda,224552,User,212
daniellee,434655,User,197
mattttt,2886187,User,107
woodsaj,8415072,User,101
alexanderzobnin,4932851,User,82
spalger,1329312,User,56
polyfractal,1224228,User,55
bulletfactory,1950595,User,52
DanCech,1443603,User,44
benrubson,6764151,User,32
thuck,184833,User,28
nopzor1200,9953157,User,27
jwilder,219935,User,26
masaori335,741391,User,22
lpic10,11616752,User,16
bobrik,89186,User,16
mavimo,43941,User,14
nchristus,136611,User,14
acedrew,977415,User,12
piis3,4387,User,12
fg2it,13949984,User,12
Dieterbe,20774,User,12
ryantxu,705951,User,12
tmonk42,4541,User,11
jimmidyson,464659,User,11
stuartnelson3,1398104,User,11
toni-moreno,5883405,User,10
nikicat,329262,User,8
ichekrygin,324803,User,8
huydx,535718,User,8
aheinz-sg,10038684,User,7
jacobbednarz,283234,User,7
matschaffer,690,User,7
mxk1235,354518,User,7
bmundt,11317863,User,7
bruce-lyft,6774789,User,6
espenfjo,17494,User,6
replay,195371,User,6
connection-reset,6831775,User,6
simnv,3754755,User,6
sliceratwork,1091537,User,5
bleskes,1006375,User,5
rikkuness,3525311,User,5
Nepomuceno,106517,User,5
dewski,79995,User,5
Ricky-N,6785338,User,5
volter,1042313,User,5
mk-dhia,26446500,User,5
williamjoy,3284451,User,5
jifwin,5750402,User,5
Akeru,38859,User,4
alefebvre-ls,20173910,User,4
bentranter,5421627,User,4
maage,699415,User,4
mattrobenolt,375744,User,4
mischief,1487996,User,4
dpavlos,3921516,User,4
Soulou,329969,User,4
frogmaster,736310,User,4
tdyas,901363,User,4
vitaliyf,19441,User,4
Gueust,534945,User,4
xginn8,6697261,User,4
adrianlzt,3237784,User,4
tuxinaut,722482,User,4
peggyl,2467815,User,4
cmartin0077,21294164,User,4
hagen1778,2902918,User,4
abligh,1240226,User,3
abrander,3726205,User,3
yackushevas,1884362,User,3
clkao,69736,User,3
jippi,22841,User,3
dbrgn,105168,User,3
keis,125062,User,3
dfwarden,1267955,User,3
eddawley,2414890,User,3
ericuldall,3223296,User,3
idanz,320230,User,3
jamtur01,4365,User,3
jklukas,691060,User,3
jordanrinke,739783,User,3
kfitzpatrick,24348,User,3
khushil,26236,User,3
nixfloyd,4868404,User,3
mekalz,4115097,User,3
anzai,846223,User,3
Othyus,9106311,User,3
pborreli,77759,User,3
piotr1212,2911066,User,3
r4um,629631,User,3
rsimiciuc,3447273,User,3
RichiH,754723,User,3
seuf,1336359,User,3
solugebefola,12288273,User,3
vitorboschi,71193,User,3
bigbenhur,19605469,User,3
hailthemelody,6835016,User,3
oliverpool,3864879,User,3
tuexss,2472794,User,3
mikhailov,14601,User,3
felixbarny,2163464,User,3
ctdk,83435,User,3
mbell697,895250,User,3
PeterDaveHello,3691490,User,3
minkikim89,12155982,User,3
kopf,1115852,User,2
agaengel,635592,User,2
gmlexx,1112318,User,2
awiddersheim,3237256,User,2
dec5e,140601,User,2
askomorokhov,2538638,User,2
arcolife,920859,User,2
nazco,1292551,User,2
blt04,276141,User,2
bbinet,76281,User,2
linkslice,1237597,User,2
cederigo,415316,User,2
dakerfp,329500,User,2
danharvey,249298,User,2
bashgeek,4669888,User,2
DazWorrall,398706,User,2
dirk-leroux,19485935,User,2
ericpp,16781,User,2
kamaradclimber,503537,User,2
igreg,3985,User,2
Starefossen,968267,User,2
jaimegago,1704368,User,2
jgaedicke,707739,User,2
johntdyer,58234,User,2
jeinwag,9193234,User,2
jd,2644,User,2
roidelapluie,291750,User,2
theangryangel,309967,User,2
kkoehler,9986851,User,2
jiamliang,1405049,User,2
Dieken,2365,User,2
mchataigner,2926444,User,2
sathieu,741106,User,2
mortonfox,495892,User,2
staticmukesh,1879813,User,2
pheaver,44237,User,2
Qtax,1556175,User,2
jeviolle,905258,User,2
penguinpowernz,4642414,User,2
robin13,174291,User,2
ryan-williams,465045,User,2
ryu1-sakai,16811881,User,2
syepes,333081,User,2
zsxking,341174,User,2
Erliz,1262276,User,2
majst01,410110,User,2
stesie,113068,User,2
spescador,27491048,User,2
sbouchex,2684878,User,2
tbielawa,33121,User,2
tomkozlowski,14112991,User,2
tomasv,206971,User,2
uros678,20045868,User,2
goldeelox,1199770,User,2
victorhooi,243499,User,2
hvnsweeting,1000665,User,2
kolobaev,15912852,User,2
zstyblik,6183869,User,2
berghauz,6894941,User,2
casa87,465189,User,2
coliss86,23615562,User,2
godfreyhe,8777671,User,2
gomlgs,25306679,User,2
hc4,17475270,User,2
hijklmno,2644907,User,2
joemiller,377603,User,2
marknmel,9507965,User,2
nikita-graf,2078870,User,2
sanchitraizada,16340135,User,2
sbengo,13196237,User,2
shoonoise,2296996,User,2
smalik03,6777407,User,2
tamayika,22258980,User,2
yinchuan,2181835,User,2
haidaraM,9849996,User,2
joelanford,580047,User,2
ksatirli,220436,User,2
mitjaziv,10356476,User,2
rogerswingle,11166348,User,2
roman-vynar,2220941,User,2
Thib17,13062201,User,2
aqnouch,3692812,User,1
ohTHATaaronbrown,2342976,User,1
whereisaaron,1109585,User,1
adamchainz,857609,User,1
awilliams,645192,User,1
amuraru,728853,User,1
adriensamson,520234,User,1
akiomik,1457682,User,1
hartfordfive,3722736,User,1
alechenninger,3496559,User,1
alaverty,12145421,User,1
AlexAkulov,7137047,User,1
amenzhinsky,1308953,User,1
Alexander-N,957095,User,1
beevee,1009675,User,1
alxrem,123157,User,1
devkid,1257263,User,1
alin-amana,29573495,User,1
andrewhowdencom,6720547,User,1
bcandrea,127672,User,1
kaos,72965,User,1
ajmacd,920663,User,1
bfhobbes,2433169,User,1
arthepsy,7356025,User,1
andrewmichaelsmith,686224,User,1
andy-taylor-sift,6674110,User,1
acmnu,10516877,User,1
agilgur5,4970083,User,1
arthurdandrea,325695,User,1
AxelVoitier,284119,User,1
bfontaine,1334295,User,1
polynomial,179775,User,1
BrandonArp,1232591,User,1
bbigras,24027,User,1
brutasse,31269,User,1
byronmwong,1434481,User,1
cagdascirit,2715555,User,1
carlpett,214867,User,1
cameron-ruatta-ck,29218029,User,1
ccl0326,904084,User,1
chris-rock,1178413,User,1
chrisbenti,632557,User,1
cburkhart-blz,29128185,User,1
ctide,53454,User,1
ckrybus,1301950,User,1
looztra,246526,User,1
cicku,686438,User,1
ctrochalakis,1865,User,1
bbczeuz,11089403,User,1
iksaif,1032963,User,1
dcarley,260438,User,1
dan-cleinmark,3299293,User,1
wait-io,13217509,User,1
delprks,8627976,User,1
dpb587,207601,User,1
tdi,376847,User,1
steve-dave,7600803,User,1
davidmscott,20209065,User,1
DaveBlooman,1492067,User,1
DavidJFelix,263432,User,1
dmvk,299781,User,1
vad,29362,User,1
dennisdegreef,361905,User,1
dzhdanov,2115738,User,1
dirkleroux,3829949,User,1
onlyjob,1061236,User,1
dthapa,4369336,User,1
ton31337,3352707,User,1
donnpebe,754033,User,1
drewfarris,110922,User,1
elliot,9938,User,1
manuquentin,2076632,User,1
eheydrick,328689,User,1
EricSmekens,2444820,User,1
felixbuenemann,909587,User,1
felixrabe,400795,User,1
garymcleanhall,1361856,User,1
lathan,1893345,User,1
gehrhorn,286615,User,1
ngmlabs,2342466,User,1
gkman,12501773,User,1
lyrixx,408368,User,1
Licenser,119093,User,1
heldr,134727,User,1
henridf,1022041,User,1
hcooper,131580,User,1
peregrinogris,115484,User,1
HeroCC,2124489,User,1
kobtea,1685207,User,1
iandanforth,446062,User,1
errordeveloper,251467,User,1
indrekj,3438,User,1
q42jaap,114642,User,1
jackmeagher,1441407,User,1
jshafton,1406184,User,1
jsoriano,15763,User,1
jamesblackburn,55716,User,1
jregovic,1158525,User,1
jangaraj,1182932,User,1
janrueckert,1341170,User,1
jazdw,3579645,User,1
kukulich,260445,User,1
alienth,218431,User,1
jaylinski,1668766,User,1
BeryJu,1932513,User,1
j-white,1379749,User,1
jtyr,3788909,User,1
grimpy,143869,User,1
joehandzik,7061812,User,1
dalesit,6924061,User,1
discordianfish,275966,User,1
languitar,1336287,User,1
jmhobbs,115059,User,1
jmcfarlane,28872,User,1
johnou,323497,User,1
jonfreedman,1092134,User,1
zimbatm,3248,User,1
jsternberg,1212129,User,1
ptMuta,5429467,User,1
jjones-sg,11447198,User,1
pyro2927,39943,User,1
jjonek,9948877,User,1
julielee77,13871078,User,1
jmaitrehenry,593562,User,1
jozog,1936885,User,1
juliusv,538008,User,1
JLHwung,3607926,User,1
Mic92,96200,User,1
servak,1210536,User,1
knowroozi,3536178,User,1
kkohtaka,234269,User,1
kev009,90042,User,1
kevinconaway,6921953,User,1
kipe,1581122,User,1
itskingori,703786,User,1
kitwestneat,214729,User,1
ktoso,120979,User,1
skfd,159640,User,1
kou,27350,User,1
kylemcc,327948,User,1
lfrancke,122850,User,1
LaszloHont,19203530,User,1
jaxxstorm,1622940,User,1
merc1031,311356,User,1
LindsayHill,3607046,User,1
lnguyen,928524,User,1
lorenwest,373538,User,1
lento,382686,User,1
Louis-7,12605300,User,1
lucasrodcosta,2574399,User,1
msound,432912,User,1
marceldegraaf,15011,User,1
marcusoftnet,184660,User,1
plopp,590304,User,1
markbaas,1153495,User,1
mhenderson-so,14789871,User,1
mmckinst,1631365,User,1
marko8n,6675701,User,1
theisenmark,22472593,User,1
lahma,171892,User,1
pmenglund,32618,User,1
vrcsix,1703924,User,1
mmolnar,1432531,User,1
myokoym,386687,User,1
mathpl,5511753,User,1
cadnce,679355,User,1
mpage,577841,User,1
mattweber,173955,User,1
maxstepanov,598431,User,1
sileht,200878,User,1
msambol,3310356,User,1
papylhomme,722015,User,1
SaaldjorMike,6835411,User,1
leonoff,1502272,User,1
greggsoft,1931255,User,1
mnjul,5014150,User,1
saboorian,1073738,User,1
agolomoodysaada,29459870,User,1
FFalcon,9782398,User,1
nlf,424045,User,1
nicr9,486786,User,1
nnadeau,6395915,User,1
NickG123,8438951,User,1
nijanthanh,1246666,User,1
nikut,5736549,User,1
Noah-Heil,17733701,User,1
okushchenko,8613413,User,1
pandurang90,2283255,User,1
p4ddy1,3408447,User,1
PaulMest,1721104,User,1
kfdm,89725,User,1
xaka,504813,User,1
pbonney,15265449,User,1
petemounce,69720,User,1
notpeter,145113,User,1
phildier,3329872,User,1
Fuitad,263288,User,1
prajwalrao,15118150,User,1
prasincs,40477,User,1
pra85,829526,User,1
rakotomandimby,488088,User,1
randywallace,815389,User,1
rickard-von-essen,557699,User,1
rodo,85827,User,1
rsommer,178013,User,1
rlodge,1108201,User,1
rubycut,1165807,User,1
rbak1,8128789,User,1
salmanjalali,10891652,User,1
scottbessler,293802,User,1
damm,1010,User,1
cookiefission,2144328,User,1
selvakn,30524,User,1
analogue,26757,User,1
LLIyRiK,5230129,User,1
shanielh,746471,User,1
olorin,737793,User,1
ycombinator,51061,User,1
SimenB,1404810,User,1
Savar,246341,User,1
stephenyeargin,80459,User,1
ArcticSnowman,13837922,User,1
Tepa00,8587616,User,1
TerraTech,1118433,User,1
gitter-badger,8518239,User,1
tmack0,4709530,User,1
tszym,3862091,User,1
gtt116,1257631,User,1
timdp,201034,User,1
Krinkle,156867,User,1
Timosha,331586,User,1
towolf,345210,User,1
tobio,444668,User,1
tobym,55384,User,1
toddboom,53132,User,1
tgardiner,13237135,User,1
tomhukins,68138,User,1
tomjowitt,11221,User,1
tmeinlschmidt,474171,User,1
