mitchellh,1299,User,3182
mwhooker,15618,User,898
cbednarski,649798,User,684
rickard-von-essen,557699,User,452
rasa,220772,User,157
sethvargo,408570,User,144
markpeek,638982,User,106
taliesins,314567,User,103
pearkes,846194,User,92
boumenot,91112,User,89
catsby,61721,User,73
SwampDragons,1008838,User,65
vtolstov,481307,User,58
jasoncostello,416727,User,43
legal90,4846154,User,36
jasminSPC,8327751,User,34
jen20,548524,User,31
ceh,248952,User,30
tylert,152904,User,28
bhcleek,1958864,User,28
DanHam,4364798,User,24
jasonberanek,1589106,User,24
BrianHicks,355401,User,23
jmassara,5042572,User,22
erjohnso,2154049,User,21
smerrill,156815,User,19
zhuzhih2017,25147380,User,18
mmckeen,1120600,User,17
dave2,1829229,User,16
captainill,438899,User,16
ChrisLundquist,181256,User,16
henrysher,65181,User,13
jvandyke,83712,User,13
lfarnell,16448225,User,13
imduffy15,1243435,User,12
grubernaut,3082319,User,12
qur,948888,User,12
msabramo,305268,User,12
justincampbell,246978,User,11
svanharmelen,4171547,User,11
dragon788,487774,User,11
higebu,733288,User,11
paulmey,1740197,User,11
bracki,49786,User,10
kelseyhightower,1123322,User,10
mbrukman,4074659,User,10
sneal,197023,User,10
armon,592032,User,9
artburkart,463528,User,9
clstokes,293763,User,9
jeremy-asher,8144335,User,9
mohae,2699987,User,9
mahcsig,6353867,User,9
sean-,349516,User,9
pecigonzalo,9908105,User,9
siepkes,1428678,User,9
benlangfeld,210221,User,8
ColinHebert,232139,User,8
jamtur01,4365,User,8
pas256,92010,User,8
seanmalloy,685221,User,8
ktruong7,5430070,User,8
mheidenr,3294195,User,8
priteau,68227,User,8
kikitux,1255709,User,8
ksatirli,220436,User,8
arizvisa,2035497,User,7
lflux,184966,User,7
orivej,101514,User,7
Rican7,742384,User,7
georgevicbell,4380159,User,7
takaishi,107187,User,7
njhartwell,2574830,User,7
ankon,1210641,User,6
bdon,77501,User,6
justinsb,100893,User,6
kholloway,744689,User,6
matthbak,7922130,User,6
patrobinson,2901882,User,6
crunk1,1885442,User,6
minimum2scp,162862,User,6
stefanlasiewski,142752,User,6
mafrosis,243851,User,6
rach,605981,User,6
johnbellone,241756,User,6
ahamidi,1366818,User,5
moinfar,5156290,User,5
bpot,8415,User,5
chulkilee,69235,User,5
dougm,30171,User,5
sit,18608,User,5
gotcha,105204,User,5
KFishner,1972457,User,5
pschultz,607733,User,5
sanyer,1888892,User,5
ryanuber,1642288,User,5
spuder,242382,User,5
andytson,199783,User,4
daniellockard,602542,User,4
devcamcar,118134,User,4
israelshirk,1100234,User,4
bensojona,2430570,User,4
emate,1218916,User,4
mkuzmin,712402,User,4
PatrickLang,11345431,User,4
ricardclau,613725,User,4
sudharsh,13593,User,4
optix2000,1121068,User,4
cfortier2,2601345,User,4
BenPhegan,674071,User,4
dacamp,2781009,User,4
delitescere,134630,User,4
Lee303,7476213,User,4
masteinhauser,592187,User,4
abridgett,1436440,User,3
0xBF,1419324,User,3
andqui,2351221,User,3
grv87,2035596,User,3
BlackIkeEagle,293691,User,3
briandowns,5714074,User,3
bhourigan,1169028,User,3
b2jrock,1132257,User,3
chalfant,160965,User,3
dcarlino,9617597,User,3
eloycoto,868013,User,3
ericlathrop,530891,User,3
nervo,95935,User,3
fgo,360276,User,3
ubermuda,10758,User,3
hazelesque,7793398,User,3
hiroyuki-sato,767650,User,3
magicalbob,7995960,User,3
jgkim,86622,User,3
jamiegs,64500,User,3
jstamerj,3642033,User,3
JessThrysoee,238102,User,3
zimbatm,3248,User,3
joshfng,302764,User,3
cheapRoc,140,User,3
pragkent,7965243,User,3
lwander,4874941,User,3
sl1pm4t,8053182,User,3
mpage,577841,User,3
neekipatel,814507,User,3
patricklucas,95053,User,3
pmyjavec,315096,User,3
philipcristiano,36135,User,3
pieter-lazzaro,1409854,User,3
geetarista,17707,User,3
sergiotapia,686715,User,3
szkl,1136739,User,3
taylorb-microsoft,9554120,User,3
tommyulfsparre,2462159,User,3
walterdolce,6195629,User,3
guessi,984415,User,3
lalyos,464122,User,3
feministy,3128783,User,3
mexisme,329349,User,3
poida,4723538,User,3
pleschev,475479,User,3
StefanScherer,207759,User,3
sodabrew,39406,User,2
ahawkins,48928,User,2
ameir,374330,User,2
beezly,363547,User,2
andrewsomething,46943,User,2
antonlindstrom,10686,User,2
asagage,1676863,User,2
acaire,797119,User,2
benwtr,868305,User,2
dregin,165811,User,2
brettporter,49108,User,2
candlerb,44789,User,2
caiush,750916,User,2
carlossg,23651,User,2
chaintng,2979072,User,2
Sharpie,54181,User,2
Cbeck527,985061,User,2
berendt,419091,User,2
meatballhat,45143,User,2
fajpunk,330402,User,2
svmastersamurai,680210,User,2
stonith,1230015,User,2
davebuckley-ppb,25062734,User,2
sparkprime,168158,User,2
EikeVerdenhalven,20686108,User,2
eherot,400447,User,2
gildas,56485,User,2
Ancillas,865458,User,2
gregkare,43297,User,2
lyrixx,408368,User,2
curiositycasualty,310287,User,2
jacobwgillespie,130874,User,2
jsoriano,15763,User,2
jimbishopp,492656,User,2
jcline,947843,User,2
janschumann,276364,User,2
jerryclinesmith,433132,User,2
jc00ke,18191,User,2
JoakimLofgren,895361,User,2
jgornick,8788,User,2
joelhandwell,3857152,User,2
routelastresort,996317,User,2
jcrosby,157,User,2
josharian,67496,User,2
jrnt30,367260,User,2
kpettijohn,960176,User,2
keyan,6401746,User,2
kirikaza,804677,User,2
kwilczynski,250723,User,2
rubbish,1580,User,2
hoshposh,119033,User,2
mtb-xt,11381295,User,2
maspwr,63010,User,2
markjaquith,353790,User,2
mark-rushakoff,290647,User,2
AwaNoodle,3598109,User,2
zigg,56017,User,2
mefellows,53900,User,2
mattr-,77174,User,2
nmische,156452,User,2
neiled,2861,User,2
Quintok,825128,User,2
nickpresta,49090,User,2
phinze,37534,User,2
stack72,227823,User,2
pvandervelde,96201,User,2
pkandathil,1751772,User,2
rvoicilas,156810,User,2
richardowen,1186519,User,2
ryon,1154929,User,2
sourabhpawar,1552912,User,2
swpecht,6132491,User,2
z00m1n,662044,User,2
dayer4b,610196,User,2
Tadas,11361062,User,2
tomconte,199027,User,2
thomasv314,584675,User,2
tpbrown,255795,User,2
timsutton,119358,User,2
tcahill,3255190,User,2
tdooner,129120,User,2
toddnni,1233063,User,2
fadenb,878822,User,2
viktorbenei,430618,User,2
zakuro9715,3257770,User,2
amangoel,768311,User,2
asatara,2307269,User,2
dnABic,10587402,User,2
ephemeralsnow,4017914,User,2
evanstucker-hates-2fa,20584445,User,2
strcrzy,119740,User,2
kopernikus,52350,User,2
esemplare,5573930,User,2
pengkh,1543172,User,2
charlievieth,4875142,User,2
Xiol,159842,User,2
evandbrown,656941,User,2
monsterzz,33060,User,2
iainelder,5024311,User,2
7heo,1679180,User,1
aaronharnly,11905,User,1
Akasurde,633765,User,1
Adron,278870,User,1
grosskur,40483,User,1
AlexLov,100994,User,1
themalkolm,864186,User,1
kamazee,231518,User,1
2opremio,2362916,User,1
alouche,110757,User,1
sysadmiral,5868863,User,1
amosshapira,654521,User,1
extraordinaire,109460,User,1
abayer,120218,User,1
DrewDahl,147027,User,1
2rs2ts,578891,User,1
ajmath,266679,User,1
andrewschleifer,141361,User,1
andreychernih,131281,User,1
abulford,9605766,User,1
ncdc,354,User,1
lolindrath,21402,User,1
aneeshusa,2085567,User,1
anish,98102,User,1
jugatsu,2243323,User,1
ariaviran,16866170,User,1
arthurbarr,5452617,User,1
arturhoo,119276,User,1
aknuds1,281303,User,1
ayqazi,63836,User,1
ashb,34150,User,1
asifrc,3454429,User,1
askholme,631547,User,1
deitch,282526,User,1
bazbremner,173771,User,1
mastier,1609672,User,1
benbp,1020379,User,1
UnquietCode,146995,User,1
goodwinb99,15696140,User,1
whostolebenfrog,1108776,User,1
podollb,645670,User,1
WeatherGod,291576,User,1
benzenwen,1066326,User,1
humboldtux,65201,User,1
BetaGrumm,4730128,User,1
brandonheller,82859,User,1
blt04,276141,User,1
brendanhay,4493,User,1
brentrojas,1542323,User,1
briancain,810277,User,1
bdwyertech,2973273,User,1
punkle,553697,User,1
dayglojesus,317143,User,1
brycefisher,220106,User,1
carletes,1711,User,1
chuyeow,213,User,1
chrisfarms,45921,User,1
ChrisKozak,635198,User,1
steranin,53173,User,1
cspicer,226306,User,1
cgroschupp,6190136,User,1
mifix,8080,User,1
cmoscardi,1095541,User,1
chris-rock,1178413,User,1
ciarand,2149341,User,1
Constantin007,10869069,User,1
dmikurube,723722,User,1
liv3d,849874,User,1
danp,2182,User,1
danschaffer,10197146,User,1
dantran,705836,User,1
dmerrick,49680,User,1
tdg5,2316989,User,1
kant,32717,User,1
davebiffuk,3263801,User,1
DavidJFelix,263432,User,1
davidjahn,6377468,User,1
dkinzer,444215,User,1
infonaut,1812642,User,1
btd,334851,User,1
doka,174712,User,1
dougireton,30452,User,1
DracoBlue,35926,User,1
leto,30298,User,1
emo3,22017161,User,1
einarf,5418180,User,1
eranchetz,357094,User,1
tgecho,49615,User,1
erikabarcott,6201215,User,1
ehershey,286008,User,1
FGtatsuro,204491,User,1
fabiang,348344,User,1
databus23,439223,User,1
frapposelli,541832,User,1
flopex,2357611,User,1
gabriel403,118638,User,1
sobrinho,26460,User,1
garethr,2029,User,1
garfieldius,705480,User,1
hartzell,312978,User,1
laggyluke,44974,User,1
grobinson-blockchain,13755880,User,1
ygina,7017404,User,1
gregburek,423716,User,1
gergnz,1312783,User,1
greglu,9164,User,1
gregorskii,1130448,User,1
hdeadman,1556777,User,1
snowsky,4934898,User,1
henrikhodne,24421,User,1
holidayworking,11025,User,1
hnakamur,19299,User,1
chiastolite,159441,User,1
phoxelua,5024679,User,1
huyanhvn,2567460,User,1
manicai,631459,User,1
ianunruh,1237189,User,1
rozha,1967994,User,1
gottwald,1154338,User,1
decomposite,4983742,User,1
psi,243,User,1
jfbibeau,5847314,User,1
jjasghar,810824,User,1
whoisjake,2079,User,1
jakobadam,139791,User,1
efxcia-jenkins,29712124,User,1
slackpad,673509,User,1
james-portman,9017352,User,1
jjappi,2580412,User,1
jarl-dk,191521,User,1
jhmartin,367824,User,1
jasonramey,18531607,User,1
iamjarvo,321306,User,1
geerlingguy,481677,User,1
jefferai,28627,User,1
jquast,972584,User,1
JelleHissink,1113249,User,1
jenspinney,3200507,User,1
rothwerx,3440184,User,1
jvoorhis,9054,User,1
jessehub,42835,User,1
spheromak,48340,User,1
jimbrowne,240575,User,1
jinesh-choksi,7047770,User,1
jsiebens,499769,User,1
grafjo,1606136,User,1
jtslear,1965521,User,1
lookfirst,85355,User,1
jtopper,739117,User,1
jorisvddonk,266543,User,1
jose-cardoso,4619810,User,1
josephholsten,7495,User,1
chilcote,305026,User,1
heckj,43388,User,1
jkodroff,410614,User,1
jrandall,458361,User,1
