jefferai,28627,User,2293
vishalnayak,3053672,User,988
armon,592032,User,653
mitchellh,1299,User,523
sethvargo,408570,User,266
briankassouf,1916073,User,230
sean-,349516,User,65
LLBennett,19393585,User,62
chrishoffman,99742,User,59
mhurne,677354,User,41
pearkes,846194,User,40
calvn,1883212,User,32
rajanadar,376958,User,29
andrewstuart,2635025,User,22
clstokes,293763,User,19
bgirardeau,3254695,User,17
ChaseLEngel,10408829,User,16
quixoten,63675,User,15
sherzberg,447355,User,15
whit537,134455,User,14
nbrownus,957319,User,13
captainill,438899,User,13
rasky,1014109,User,12
kgutwin,6315798,User,12
meirish,39469,User,12
jamtur01,4365,User,10
ceh,248952,User,9
handlers,370182,User,9
joelthompson,1562980,User,8
kenbreeman,7575292,User,8
phinze,37534,User,8
ctennis,114,User,7
ekristen,48329,User,7
ianunruh,1237189,User,7
mfischer-zd,984199,User,7
nickithewatt,1023607,User,7
brianshumate,77563,User,7
seiffert,1111118,User,7
skippy,3746,User,6
elupu,14163554,User,6
KevinPike,1403622,User,6
alrs,28523,User,6
sheldonh,45098,User,6
wjam,3914751,User,6
abedra,2090,User,5
broamski,5578240,User,5
bluecmd,149442,User,5
dkaffee92,13087480,User,5
DavidWittman,714287,User,5
gliptak,50109,User,5
vetinari,53407,User,5
lassizci,764886,User,5
Mwoolsey,8730012,User,5
pradeepchhetri,2232667,User,5
tsilen,254396,User,5
xiang90,4479947,User,5
mp911de,1035015,User,5
danielsomerfield,6019932,User,5
buth,1918465,User,4
jasoncostello,416727,User,4
mlafeldt,158074,User,4
tcc-jenkins,2030110,User,4
tacho,288851,User,4
xh3b4sd,552769,User,4
tomrittervg,163497,User,4
lemondrank,21206373,User,4
bkrodgers,831964,User,4
vespian,2124609,User,4
achanda,2165463,User,3
deverton,287143,User,3
dmccarney,10408347,User,3
eyal-lupu,1543207,User,3
gotcha,105204,User,3
slackpad,673509,User,3
jstremick,234183,User,3
jantman,273454,User,3
justincampbell,246978,User,3
leocassarani,362164,User,3
fubar-coder,4739844,User,3
legal90,4846154,User,3
steve-jansen,3165077,User,3
glennsb,23380,User,3
Alkorin,388530,User,3
vivienschilis,65998,User,3
joemiller,377603,User,3
vanhalt,1271610,User,3
adamdecaf,120951,User,3
dadgar,1047914,User,3
BRMatt,20394,User,3
ryon,1154929,User,3
kenjones-cisco,7967510,User,3
amanoske,769459,User,2
bkw,60910,User,2
cvle,14221600,User,2
cbednarski,649798,User,2
truenorthcreative,612747,User,2
colinrymer,724007,User,2
glensc,199095,User,2
emk,36963,User,2
atomicpirate,9212221,User,2
ebekker,3308726,User,2
F21,2263040,User,2
fcantournet,10654028,User,2
gobins,7523179,User,2
gdb,211857,User,2
gdevos,3042406,User,2
jcrowthe,3944151,User,2
jalateras,1454089,User,2
bensojona,2430570,User,2
SunSparc,1380473,User,2
JuanitoFatas,1000669,User,2
katiebayes,8593135,User,2
infame-io,12059981,User,2
MadsRC,2797266,User,2
MarkVLK,1841311,User,2
marshallbrekka,436140,User,2
maf23,1116021,User,2
martinssipenko,598744,User,2
mevansam,403630,User,2
michaelansel,85195,User,2
mickhansen,699049,User,2
shomron,80101,User,2
MarsuperMammal,8355127,User,2
rileytg,692817,User,2
roman-vynar,2220941,User,2
saj,194389,User,2
svanharmelen,4171547,User,2
tam7t,1523807,User,2
tpounds,195041,User,2
boncheff,14080884,User,2
maier,489871,User,2
mootpt,4370418,User,2
vishesh92,8760112,User,2
voutasaurus,924743,User,2
icebourg,302855,User,2
chiefy,54345,User,2
evanphx,7,User,2
jvoorhis,9054,User,2
jsok,737907,User,2
ailispaw,10327896,User,1
naunga,2334258,User,1
kunickiaj,746474,User,1
yanzay,827984,User,1
adkhare,3936637,User,1
AndreaCrotti,53640,User,1
agy,112317,User,1
houseofback,6988508,User,1
ConstantineXVI,471651,User,1
AndrewBrown-JustEat,7371926,User,1
AndriMar,518454,User,1
anthonynguyen,1484987,User,1
arirubinstein,22369,User,1
bengadbois,1879785,User,1
benjic,135916,User,1
BenjaminFarley,4997576,User,1
bmonkman,58306,User,1
markupboy,127968,User,1
bradjones1,981966,User,1
philips,33544,User,1
bboerst,1393271,User,1
bfallik,220118,User,1
blalor,109915,User,1
bscott,191290,User,1
brianvans,1323225,User,1
brint,4013922,User,1
ezbercih,1810179,User,1
CGreenburg,13036301,User,1
doublerebel,212827,User,1
janstenpickle,1926225,User,1
ChrisLundquist,181256,User,1
ChrisMacNaughton,429739,User,1
maguec,345153,User,1
stevenscg,176253,User,1
christianberg,136243,User,1
jippi,22841,User,1
cblecker,1431969,User,1
tallpauley,7945233,User,1
catsby,61721,User,1
ColinArenz,28278765,User,1
Mongey,625787,User,1
curtisallen,270735,User,1
dallas,5059,User,1
roooms,4289626,User,1
dgorst,4375077,User,1
stark525,5598208,User,1
dictvm,883216,User,1
drampelt,401214,User,1
dstelter,2210349,User,1
davidmc24,447825,User,1
codeinthehole,80975,User,1
dgromov,2321490,User,1
dol,41777,User,1
ThisIsMissEm,30827,User,1
eerkunt,14179520,User,1
ericbock,188078,User,1
eherot,400447,User,1
gnur,722329,User,1
shinji62,4757816,User,1
evan2645,1944142,User,1
databus23,439223,User,1
frankfarmer,122499,User,1
gevaerts,458599,User,1
glennmcallister,1939359,User,1
gdavison,1148298,User,1
greglook,3128434,User,1
supahgreg,288958,User,1
gregorycollins,37570,User,1
ror6ax,2385157,User,1
greg0ire,657779,User,1
hharnisc,1388079,User,1
ikatson,221386,User,1
issacg,2455054,User,1
ipoval,399436,User,1
jh409,5544479,User,1
jen20,548524,User,1
xiongchiamiov,23369,User,1
tanuck,289004,User,1
jandudulski,153103,User,1
jangie,698291,User,1
cocojas,122093,User,1
eraserhd,147284,User,1
siepkes,1428678,User,1
chuyskywalker,131800,User,1
sofuture,66669,User,1
jszwedko,316880,User,1
jbeda,37310,User,1
joehillen,139492,User,1
jhaals,68980,User,1
jonnymo5,16735962,User,1
jklein,629982,User,1
jordanabderrachid,6298850,User,1
imjorge,3089116,User,1
bodymindarts,8533296,User,1
spectrumjade,705937,User,1
justinlarose,4721293,User,1
kfalconer,1165884,User,1
kmcvicker,17556802,User,1
kennyg,98244,User,1
KFishner,1972457,User,1
kgoess,75720,User,1
knuckolls,91188,User,1
kissgyorgy,244203,User,1
kylemcc,327948,User,1
leeavital,1482532,User,1
levigross,80920,User,1
lnguyen,928524,User,1
marcboudreau,5696632,User,1
mwielgoszewski,359029,User,1
iffy,161727,User,1
mattva01,797605,User,1
frntn,437946,User,1
michael-k,152008,User,1
ijin,93147,User,1
karras,3257608,User,1
mwarkentin,67560,User,1
mikeokner,2965732,User,1
msample,4896732,User,1
mitchelldavis,1293677,User,1
mhaji,7167957,User,1
grunzwei,5530406,User,1
NathanMcCauley,695682,User,1
nrvale0,3616282,User,1
jeteon,4679893,User,1
nrocine,899157,User,1
seqq,2891920,User,1
pborreli,77759,User,1
dontrebootme,1504683,User,1
paulcichonski,279886,User,1
brenix,1131159,User,1
timp87,13275598,User,1
pgporada,2382565,User,1
pquentin,42327,User,1
rfay,112444,User,1
nicolai86,111324,User,1
rkuris,3193068,User,1
consultantRR,4399454,User,1
ryancurrah,6209771,User,1
lunixbochs,117642,User,1
ryansmithevans,11611904,User,1
usererror,8324775,User,1
pwae,252082,User,1
sebastianhabaing,26789372,User,1
sprutner,3011275,User,1
sstarcher,3778974,User,1
moutons,2305030,User,1
slingamn,376448,User,1
sidick,1274906,User,1
stenio123,3443868,User,1
swills,863202,User,1
Zhann,719108,User,1
z00m1n,662044,User,1
stojg,485130,User,1
obeid,3066028,User,1
terrycorley,1800020,User,1
TerryHowe,104113,User,1
thecodeassassin,939775,User,1
stampycode,5627756,User,1
tohaag,15065913,User,1
tmaher,297632,User,1
Caiyeon,6126493,User,1
vicki-c,913313,User,1
vinayh,931593,User,1
vbatoufflet,598433,User,1
VladV,184503,User,1
ooesili,3889952,User,1
42wim,1810977,User,1
yannmh,5708089,User,1
ys,483012,User,1
richardzone,1625351,User,1
bashtoni,1115625,User,1
certifiedloud,6971085,User,1
cmclaughlin,1061109,User,1
emilymye,3684614,User,1
greenbrian,527832,User,1
gulyasm,2179258,User,1
Poohblah,3742215,User,1
jeremie0,632586,User,1
khanklatt,6099507,User,1
lisli,1653689,User,1
louism517,6151051,User,1
markrzasa,9424071,User,1
merri-j,16965537,User,1
mhristof,24205462,User,1
mkb,28497,User,1
mymercurialsky,2616289,User,1
navinanandaraj,17500087,User,1
pkrolikowski,14000348,User,1
rjhornsby,5077610,User,1
sdboyer,21599,User,1
sashman,905730,User,1
sayden,4249331,User,1
sergiopatino,868839,User,1
sprohaska,217580,User,1
techraf,1206173,User,1
vascop,537021,User,1
