mitchellh,1299,User,4005
stack72,227823,User,2110
catsby,61721,User,1718
phinze,37534,User,1318
jen20,548524,User,1109
radeksimko,287584,User,832
jbardin,35067,User,757
jtopjian,46959,User,488
apparentlymart,20180,User,484
grubernaut,3082319,User,464
svanharmelen,4171547,User,375
armon,592032,User,360
pearkes,846194,User,297
sethvargo,408570,User,201
tombuildsstuff,666005,User,133
sean-,349516,User,127
jasoncostello,416727,User,105
danawillow,1130694,User,103
lwander,4874941,User,96
sparkprime,168158,User,94
jrperritt,1733222,User,86
paddycarver,59249,User,82
mbfrahry,6515518,User,76
justincampbell,246978,User,60
kwilczynski,250723,User,59
nicolai86,111324,User,55
Ninir,855022,User,52
ctiwald,667276,User,46
heimweh,13624191,User,45
amadeus,83376,User,44
fatmcgav,2235170,User,44
brandontosch,11638074,User,43
cblecker,1431969,User,39
pmcatominey,918856,User,39
evandbrown,656941,User,39
ewbankkit,2404182,User,37
tpounds,195041,User,37
vancluever,10704423,User,36
jamtur01,4365,User,34
ceh,248952,User,32
chrislovecnm,335402,User,32
tpoindessous,3054608,User,32
johnrengelman,1012772,User,28
raphink,650430,User,28
HoardingInfo,4707359,User,27
ggiamarchi,1434745,User,27
kjmkznr,85144,User,26
elblivion,2480211,User,26
cbednarski,649798,User,25
ColinHebert,232139,User,24
anniehedgpeth,18335499,User,24
captainill,438899,User,23
rubbish,1580,User,22
pmoust,2493339,User,22
dwatson,94659,User,21
maxenglander,340318,User,21
optimisticanshul,4547169,User,20
aznashwan,6192535,User,20
ojongerius,1726055,User,20
dkalleg,17752190,User,20
dharrisio,11905011,User,19
sathiyas,7459657,User,19
whiskeyjay,15821566,User,19
Bowbaq,618381,User,19
clstokes,293763,User,18
johnewart,27885,User,18
cwood,244277,User,17
hany,26979,User,17
joshuaspence,234676,User,17
deverton,287143,User,16
sl1pm4t,8053182,User,16
rileykarson,2080520,User,16
snehaso,907023,User,16
iceycake,350468,User,16
glasser,16724,User,15
dtolnay,1940490,User,15
handlers,370182,User,15
jasminSPC,8327751,User,15
dtan4,680124,User,14
josephholsten,7495,User,14
peterbeams,1084089,User,14
bobbydeveaux,5550105,User,13
wchrisjohnson,5418,User,13
ivuk,681816,User,13
jrnt30,367260,User,13
KFishner,1972457,User,13
Fodoj,78866,User,13
pdecat,318490,User,13
ack,53115,User,13
jszwedko,316880,User,13
pradeepbhadani,1818180,User,13
jefferai,28627,User,12
StephenWeatherford,6913354,User,12
bernerdschaefer,193,User,11
yawn,18242,User,11
bodgit,559268,User,11
ryanuber,1642288,User,11
thetuxkeeper,4076916,User,11
f440,9423,User,11
drebes,868150,User,11
alex,772,User,10
SamClinckspoor,158820,User,10
berendt,419091,User,10
bigkraig,508403,User,10
ryane,7346,User,10
netjunki,64289,User,10
BSick7,830878,User,10
dcarley,260438,User,9
dwradcliffe,118850,User,9
m-s-austin,11151168,User,9
mzupan,205373,User,9
nwwebb,11478311,User,9
tkak,283992,User,9
travertischio,8041974,User,9
maryelizbeth,1280061,User,9
josharian,67496,User,8
roidelapluie,291750,User,8
julienvey,455944,User,8
ijin,93147,User,8
mcanevet,2950673,User,8
nwalke,1617620,User,8
desimone,1544881,User,8
julienba,284866,User,8
vrcsix,1703924,User,8
thrashr888,10213,User,8
paultyng,422474,User,8
ayudemura,7469604,User,7
billf,265988,User,7
c4milo,41681,User,7
ctavan,508118,User,7
denniswebb,16431200,User,7
kubek2k,1417523,User,7
eraserhd,147284,User,7
mootpt,4370418,User,7
richardc,55650,User,7
dayer4b,610196,User,7
aheeren,17318756,User,7
nathanielks,314009,User,7
crunchywelch,3017686,User,6
dupuy,33216,User,6
caiofilipini,47155,User,6
alkersan,527045,User,6
dougneal,5365648,User,6
fatih,438920,User,6
gosuri,70293,User,6
xiaozhu36,21300084,User,6
keymon,280032,User,6
janschumann,276364,User,6
jgoldschrafe,155584,User,6
vertis,19705,User,6
skierkowski,885724,User,6
mrooding,5998869,User,6
mwarkentin,67560,User,6
mcuadros,1573114,User,6
CpuID,916201,User,6
robzienert,108741,User,6
nabeken,4534,User,6
MrGossett,15857,User,6
stuntgoat,294034,User,6
arcadiatea,9156703,User,6
AMeng,192336,User,6
alindeman,395621,User,5
bsiegel,96068,User,5
DJRH,16031693,User,5
dmportella,676817,User,5
dominik-lekse,4815608,User,5
buth,1918465,User,5
mrjefftang,1735064,User,5
jeroendekorte,5124414,User,5
serbaut,68637,User,5
jvasallo,1730603,User,5
u2mejc,11339468,User,5
JDiPierro,867375,User,5
ksatirli,220436,User,5
kristinn,638391,User,5
ldjohnson,19779186,User,5
minamijoyo,6985802,User,5
nicksantamaria,121107,User,5
phstc,105652,User,5
moredip,65444,User,5
unguiculus,925412,User,5
rrudduck,2197809,User,5
samdunne,770287,User,5
sarguru,828926,User,5
scottzilla,9872641,User,5
sthulb,103217,User,5
stephenchu,14464,User,5
steveh,535,User,5
tarrant,39023,User,5
ketzacoatl,10122937,User,5
feministy,3128783,User,5
arsdehnel,1697162,User,5
jalemieux,194183,User,5
nicholasjackson,773533,User,5
takaishi,107187,User,5
evanphx,7,User,5
Jonnymcc,1041598,User,5
jlund,144984,User,5
adamenger,1205898,User,4
alexef,346576,User,4
rowleyaj,1936375,User,4
br0ch0n,3664748,User,4
BrianHicks,355401,User,4
carlossg,23651,User,4
saliceti,8416694,User,4
Mongey,625787,User,4
danp,2182,User,4
daveadams,70562,User,4
eloycoto,868013,User,4
comebackoneyear,2912615,User,4
ewdurbin,1200832,User,4
gerr1t,8216385,User,4
jmartelletti,875174,User,4
jefflaplante,744143,User,4
jeremy-asher,8144335,User,4
jmcarp,1633460,User,4
knuckolls,91188,User,4
tamsky,96978,User,4
nickithewatt,1023607,User,4
pashap,1840830,User,4
sodre,1043285,User,4
niclic,1152011,User,4
rliebz,5321575,User,4
ryon,1154929,User,4
sbfaulkner,5099,User,4
scross01,4055338,User,4
svend,306190,User,4
tomelliff,4348646,User,4
bobtfish,42338,User,4
Sheile,191358,User,4
cmorent,2690539,User,4
gkze,3131232,User,4
pbthorste,6458625,User,4
kyhavlov,4177697,User,4
borgified,928812,User,4
wata727,9624059,User,4
xaptronic,479673,User,3
AlexanderEkdahl,1409734,User,3
endofcake,5790049,User,3
AndHei,21084228,User,3
andskli,511374,User,3
betawaffle,48613,User,3
ajlanghorn,683665,User,3
aybabtme,1189716,User,3
paystee,2289895,User,3
carlosdp,198739,User,3
cbroglie,2257371,User,3
LeftyBC,1304766,User,3
cristicalin,6627509,User,3
wendorf,407342,User,3
danielbryantuk,2379163,User,3
DanielMSchmidt,1337046,User,3
davewalter,33302,User,3
dylanvaughn,14910,User,3
freeformz,103,User,3
haklop,4128,User,3
dlsniper,607868,User,3
glenjamin,151272,User,3
gaker,42440,User,3
hectcastro,43639,User,3
JacobASeverson,2103919,User,3
jstremick,234183,User,3
jwieringa,307685,User,3
iamjarvo,321306,User,3
gotascii,419,User,3
cakoose,239989,User,3
yamamoto-febc,1644816,User,3
KensoDev,79502,User,3
kevinburke,234019,User,3
Zhebr,3284212,User,3
alrs,28523,User,3
lvdh,1200701,User,3
manojlds,191378,User,3
mastor,1344488,User,3
markpeek,638982,User,3
mathieuherbert,2930750,User,3
mkuzmin,712402,User,3
mmell,91546,User,3
mdb,184109,User,3
mbrannigan,3705387,User,3
premist,291078,User,3
PayscaleNateW,17016510,User,3
laferrieren,661057,User,3
skalle,1938051,User,3
pshima,896815,User,3
psytale,7841569,User,3
fillup,556105,User,3
rjeczalik,1162017,User,3
ravenac95,862590,User,3
rlweb,173838,User,3
ricardclau,613725,User,3
opteemister,13973153,User,3
thomaschaaf,893393,User,3
tomwilkie,444037,User,3
tmtk75,425100,User,3
wjam,3914751,User,3
demonwy,25894550,User,3
justnom,646937,User,3
stevehorsfield,5338720,User,3
vincer,792368,User,3
benjvi,1162722,User,3
7heo,1679180,User,2
ajvb,1144310,User,2
abhijeetgaiha,2989390,User,2
fromonesrc,550256,User,2
lamielle,16318,User,2
alessfg,15654525,User,2
kyxap1,5166789,User,2
bandesz,868104,User,2
carinadigital,602255,User,2
littleidea,4159,User,2
andykingking,795676,User,2
antonbabenko,393243,User,2
anubhavmishra,4024506,User,2
maplebed,361454,User,2
telepath,414665,User,2
borgstrom,1594130,User,2
bclodius,590724,User,2
brettski,473633,User,2
zero-below,25625597,User,2
bflad,189114,User,2
beedub,102646,User,2
blalor,109915,User,2
watters,378550,User,2
caarlos0,245435,User,2
mtchavez,44689,User,2
chiradeep,468411,User,2
christoe,3274996,User,2
claytononeill,27088,User,2
frewsxcv,416575,User,2
craigknott,5975502,User,2
jedineeper,1553600,User,2
dstine,634688,User,2
dthagard,1454296,User,2
danielcompton,811954,User,2
dasch,6351,User,2
ddcprg,7541790,User,2
davedash,59497,User,2
d4v3y0rk,651069,User,2
DavidWittman,714287,User,2
dagnello,9357762,User,2
dgolja,1787301,User,2
Dominik-K,5795847,User,2
elad,3621643,User,2
ElliotG,2059212,User,2
MiLk,29782,User,2
egarbi,2984201,User,2
ericwestfall,7065078,User,2
echuvyrov,895814,User,2
Felivel,1166468,User,2
frodenas,405846,User,2
florianlechner,22221803,User,2
jgjay,49826,User,2
gepser,4780753,User,2
gerbenjacobs,715095,User,2
GiovanniPaoloGibilisco,5967863,User,2
gfloyd,1295525,User,2
gthole,1581949,User,2
lyrixx,408368,User,2
hden,1910549,User,2
henning,40272,User,2
methane,199592,User,2
imduffy15,1243435,User,2
jzbruno,3093567,User,2
jakepusateri,2494130,User,2
jagregory,10828,User,2
yob,8132,User,2
jarrodjackson,5065892,User,2
Jberlinsky,16839,User,2
thegedge,833576,User,2
jason-riddle,2156866,User,2
jwaldrip,43164,User,2
JeanMertz,383250,User,2
JefStat,583018,User,2
jvoorhis,9054,User,2
joelhandwell,3857152,User,2
joelmoss,4614,User,2
jwbowler,1320794,User,2
lusis,228958,User,2
johnwards,34269,User,2
jonoden,3660971,User,2
jkinred,345078,User,2
joonas,19793,User,2
jorgeng87,904747,User,2
jkordish,30608,User,2
codekoala,48698,User,2
julienlavergne,1828642,User,2
justinclayton,265701,User,2
kars7e,1920092,User,2
pragkent,7965243,User,2
kcrawley,3759919,User,2
yfronto,1634726,User,2
bahner,10139951,User,2
commarla,4509360,User,2
liamjbennett,363476,User,2
lnguyen,928524,User,2
louis-paul,1189120,User,2
msuterski,184905,User,2
mbainter,123376,User,2
AwaNoodle,3598109,User,2
mattrobenolt,375744,User,2
frntn,437946,User,2
Nomon,345450,User,2
mblakele,101790,User,2
miketheman,529516,User,2
gh-mlfowler,23075540,User,2
mtougeron,37266,User,2
mooyoul,2101743,User,2
edef1c,50854,User,2
nmcalabroso,5373999,User,2
