slackpad,673509,User,1758
armon,592032,User,1239
ryanuber,1642288,User,575
magiconair,229005,User,293
sean-,349516,User,276
kyhavlov,4177697,User,268
pearkes,846194,User,216
ryanbreen,253618,User,216
sethvargo,408570,User,201
tiwilliam,190349,User,93
mitchellh,1299,User,75
brianshumate,77563,User,57
preetapan,460133,User,50
diptanu,21833,User,29
captainill,438899,User,25
derekchiang,1535686,User,19
jasoncostello,416727,User,18
amalaviy,9745725,User,17
ceh,248952,User,17
jefferai,28627,User,17
d3xf,9350459,User,14
evan2645,1944142,User,12
lra,122286,User,12
nelhage,16725,User,11
sathiyas,7459657,User,11
mtchavez,44689,User,10
KFishner,1972457,User,10
mckennajones,7456446,User,10
jen20,548524,User,9
maier,489871,User,9
blalor,109915,User,8
leowmjw,920784,User,8
42wim,1810977,User,8
alouche,110757,User,7
railsguru,28659,User,7
clstokes,293763,User,7
jamtur01,4365,User,7
phinze,37534,User,7
rcgenova,3202208,User,7
ross,12789,User,7
meirish,39469,User,7
jpfuentes2,87429,User,6
gozer,903592,User,6
artushin,1578246,User,6
foostan,736191,User,6
lalyos,464122,User,6
fusiondog,8476058,User,6
andrewwatson,183418,User,5
gmr,49469,User,5
moofish32,664280,User,5
pdelagrave,17990895,User,5
shaneog,130415,User,5
pepov,682440,User,5
awesomenix,1703110,User,5
kikitux,1255709,User,4
alicebob,621306,User,4
talonx,163788,User,4
handlers,370182,User,4
sorenh,160090,User,4
thorduri,1232165,User,4
tgwizard,660706,User,3
markupboy,127968,User,3
calvn,1883212,User,3
josephholsten,7495,User,3
mfischer-zd,984199,User,3
mssola,767943,User,3
imkira,470338,User,3
robxu9,34521,User,3
Heuriskein,4763763,User,3
tylert,152904,User,3
wuub,588857,User,3
arnaudbriche,1875035,User,3
highlyunavailable,6266125,User,3
talwai,3237580,User,3
carlanton,342897,User,3
norbertpotocki,1217729,User,3
leprechau,1444686,User,2
adamwg,414574,User,2
awheeler,882180,User,2
amiryal,105565,User,2
oliora,218676,User,2
benhinchley,7188324,User,2
BenjaminFarley,4997576,User,2
bradleyfalzon,1834577,User,2
cameron-ruatta-ck,29218029,User,2
cruatta,2013264,User,2
vancluever,10704423,User,2
ctheune,1220572,User,2
catsby,61721,User,2
MerlinDMC,3879,User,2
daveadams,70562,User,2
drnic,108,User,2
sttts,730123,User,2
ebroder,28167,User,2
lyrixx,408368,User,2
hadielmougy,1223207,User,2
hasyimibhar,1431045,User,2
idubinskiy,6373153,User,2
jackturnbull,3958636,User,2
jk563,4728879,User,2
jwasinger,3411040,User,2
jhmartin,367824,User,2
jeffawang,287116,User,2
bensojona,2430570,User,2
jkodroff,410614,User,2
MansM,14215294,User,2
tamsky,96978,User,2
hoffoo,1896175,User,2
zembutsu,393940,User,2
mgood,29016,User,2
mshean,4968888,User,2
nicholasjackson,773533,User,2
pszymczyk,6159409,User,2
pdf,146192,User,2
deckarep,200686,User,2
gogolok,9866,User,2
romansky,616961,User,2
ruslansennov,1582377,User,2
ryotarai,706434,User,2
sdboyer,21599,User,2
stusmall,1697444,User,2
vgv,747988,User,2
akbarahmed,833560,User,2
tolitius,136575,User,2
darron,5176,User,2
MGPOwner,8890451,User,2
gkze,3131232,User,2
legendtkl,2370761,User,2
siddharthist,4294323,User,2
vishalnayak,3053672,User,2
wojtkiewicz,11539876,User,2
dadgar,1047914,User,2
abursavich,1512418,User,2
Cbeck527,985061,User,2
rboyer,4903,User,2
ryon,1154929,User,2
WIZARD-CXY,2142864,User,2
abhinavdahiya,3481311,User,1
adrianlop,2879742,User,1
msoedov,1958116,User,1
alex-sherwin,2175618,User,1
svetlyak40wt,24827,User,1
xla,1585,User,1
burdiyan,1793789,User,1
amorken,1047180,User,1
aboettger-tuhh,17931448,User,1
burdandrei,2526486,User,1
mainframe,354279,User,1
agy,112317,User,1
andrewortman,1660781,User,1
apoydence,6554782,User,1
awiddersheim,3237256,User,1
foxel,1551926,User,1
scalp42,1475276,User,1
raboof,131856,User,1
jrasell,2980562,User,1
majormoses,3145127,User,1
BenFradet,1737211,User,1
bscofield,433,User,1
byu,4800,User,1
boingram,3476395,User,1
bpot,8415,User,1
bhuisgen,159157,User,1
Ashald,397987,User,1
Toady00,450576,User,1
bbriggs,2350379,User,1
brentrojas,1542323,User,1
brianhays,5437070,User,1
BrianHicks,355401,User,1
kanzure,101238,User,1
cespare,318501,User,1
carlpett,214867,User,1
a86c6f7964,165381,User,1
c4milo,41681,User,1
zenazn,12960,User,1
angrycub,464492,User,1
fourcube,4704176,User,1
cgriggs01,11139682,User,1
berendt,419091,User,1
christianberg,136243,User,1
christianromney,5679,User,1
jippi,22841,User,1
cpageler93,1838979,User,1
zaunerc,14179675,User,1
cihatgenc,3541589,User,1
colinrymer,724007,User,1
mindscratch,66429,User,1
cyrilgdn,4532947,User,1
dwijnand,344610,User,1
cryptomeme,49104,User,1
InTheCloudDan,10308834,User,1
sosedoff,71051,User,1
dcarbone,1392439,User,1
dpb587,207601,User,1
Cinderhaze,7217800,User,1
drawks,410276,User,1
dave-tucker,3781777,User,1
davidpelaez,313232,User,1
DavidWittman,714287,User,1
DWvanGeest,947530,User,1
ellery44,5491827,User,1
econnell,1543212,User,1
ehaydenr,5506220,User,1
erikdubbelboer,522870,User,1
xychu,936394,User,1
soupdiver,800562,User,1
garethr,2029,User,1
kamaradclimber,503537,User,1
magsout,1997108,User,1
hmrm,1593612,User,1
i0rek,38218,User,1
evtuhovich,57614,User,1
jrgarcia,59989,User,1
jfbibeau,5847314,User,1
jbardin,35067,User,1
tanuck,289004,User,1
vindir,124119,User,1
epankala,1292053,User,1
zenware,1548546,User,1
jdanekrh,17877663,User,1
jovandeginste,3170771,User,1
johananl,14969425,User,1
discordianfish,275966,User,1
jonathanwcrane,6143363,User,1
joonas,19793,User,1
joeholley,10213215,User,1
justinclayton,265701,User,1
jlambert121,1409929,User,1
jpartain89,10989696,User,1
jplock,49093,User,1
justinwalz,1689131,User,1
jrw972,9758895,User,1
kevinsimper,1126497,User,1
kim-toms,21068,User,1
kjtanaka,1396152,User,1
kkapelon,214914,User,1
cnicolov,11805261,User,1
kylemcc,327948,User,1
larsks,82622,User,1
leocassarani,362164,User,1
liozN,17963185,User,1
macb,1611098,User,1
jakudlaty,577430,User,1
mark-rushakoff,290647,User,1
martinivanov,1051186,User,1
chrono,76803,User,1
naaaargle,7771981,User,1
matschaffer,690,User,1
mattnenterprise,4503095,User,1
maxvt,677472,User,1
redbaron,16624,User,1
mkostrikin,4443855,User,1
mlbarrow,1889714,User,1
michaeltchapman,1069934,User,1
mrcrilly,453242,User,1
ijin,93147,User,1
mpuncel,1444855,User,1
mwarkentin,67560,User,1
michaeldejong,794529,User,1
micheldlebeau,4929708,User,1
origami-oswell,20915936,User,1
mzupan,205373,User,1
eicca,1145007,User,1
legal90,4846154,User,1
zoli,3286303,User,1
mooyoul,2101743,User,1
nbrownus,957319,User,1
v6,5750764,User,1
edef1c,50854,User,1
neilbaylorrulez,3968633,User,1
thanhson1085,546540,User,1
stuffandthings,5459591,User,1
kushniro,195816,User,1
patrickbaber,3321255,User,1
sodre,1043285,User,1
winpat,6016963,User,1
pshima,896815,User,1
peterfschaadt,482775,User,1
rafikk,429732,User,1
rajanadar,376958,User,1
vdloo,1437341,User,1
robholland,9563,User,1
far-blue,344317,User,1
rubenv,42904,User,1
ryanslade,25610,User,1
rymai,1168,User,1
saifabid,6957658,User,1
schalkwijk,2503699,User,1
Sayalic0,15707017,User,1
kopaka,1644299,User,1
woods,3086,User,1
logikal,419745,User,1
sean9999,364428,User,1
sebastianmarkow,4513633,User,1
sepn,852273,User,1
saromanov,7413968,User,1
shoenig,394887,User,1
sprutner,3011275,User,1
mrwacky42,355590,User,1
sheldonkwok,1491201,User,1
silas,18528,User,1
spencergibb,594085,User,1
sumit-gupta-sgt,3913006,User,1
sboily,5470187,User,1
tarrant,39023,User,1
mterron,4434907,User,1
gitter-badger,8518239,User,1
iconara,73330,User,1
TeaBough,2129896,User,1
tviaud,7081975,User,1
io41,121624,User,1
Drawaes,16406969,User,1
tomlanyon,210299,User,1
trumant,599706,User,1
ultrabug,474389,User,1
ustun,94374,User,1
VEBERArnaud,5168814,User,1
vlajos,3994645,User,1
victortrac,85194,User,1
WangFenjin,4160646,User,1
wjimenez5271,322834,User,1
williamlord,1747107,User,1
ybubnov,1778407,User,1
edwardbadboy,307413,User,1
aksentyev,11613004,User,1
atomicpirate,9212221,User,1
buddhamagnet,35007,User,1
coffeehc,606782,User,1
csawyerYumaed,3818302,User,1
dankennedy,2006353,User,1
canardleteer,11901726,User,1
janisz,1616386,User,1
kaskavalci,1646238,User,1
ketzacoatl,10122937,User,1
lihz1990,5841740,User,1
myfreeweb,208340,User,1
needkane,7877420,User,1
nftw,1264244,User,1
grange74,2663199,User,1
btfak,2741940,User,1
parasitid,5680219,User,1
robwdux,12086641,User,1
sandstrom,122287,User,1
sdinakar85,22660998,User,1
shalev67,16428315,User,1
shantanugadgil,2508915,User,1
sweeneyb,1406295,User,1
tummychow,4285049,User,1
vaLski,620883,User,1
vijaySamanuri,2234775,User,1
wdevarshi,19221551,User,1
