inconshreveable,836692,User,279
nickpresta,49090,User,5
cespare,318501,User,4
ojongerius,1726055,User,3
skastel,58394,User,3
vincentbernat,631446,User,3
danieljimenez,63831,User,2
frankstratton,293509,User,2
kyleconroy,34893,User,2
philips,33544,User,1
davej,26971,User,1
fcarriedo,153599,User,1
iamvery,79619,User,1
jkeesh,225945,User,1
marcuscreo,1483657,User,1
laike9m,2592205,User,1
pborreli,77759,User,1
rjocoleman,154176,User,1
thurloat,38740,User,1
demetrodon,3360350,User,1
vroy,4655,User,1
is,3188,User,1
cnelson,604163,User,1
mattn,10111,User,1
