otoolep,536312,User,2145
jwilder,219935,User,1668
jvshahid,297621,User,1468
corylanou,585100,User,1195
benbjohnson,118015,User,942
pauldix,4331,User,858
jsternberg,1212129,User,733
dgnorton,209347,User,449
toddboom,53132,User,401
e-dard,501993,User,328
xiang90,4479947,User,269
mark-rushakoff,290647,User,159
desa,1477539,User,123
joelegasse,1391698,User,98
gunnaraasen,628831,User,90
nathanielc,3771906,User,78
beckettsean,6537329,User,48
DanielMorsing,545573,User,44
rothrock,1278843,User,41
stuartcarnie,52852,User,40
jonseymour,207131,User,38
jackzampolin,7452680,User,36
sparrc,7155926,User,34
rossmcdonald,4060903,User,34
neonstalwart,84763,User,32
rw,21367,User,18
pires,1752631,User,17
timhallinflux,23535264,User,16
rbetts,158141,User,16
philips,33544,User,16
runner-mei,1052632,User,16
mvadu,8618235,User,16
oiooj,2253095,User,15
freeformz,103,User,14
gabrieltaylor,3871682,User,12
seiflotfy,117837,User,11
aanthony1243,25036188,User,11
markbates,3528,User,10
roobert,226654,User,10
aviau,2706882,User,10
yichengq,2976232,User,8
vladlopes,1545386,User,8
cannium,1171383,User,7
Mistobaan,112599,User,7
hvnsweeting,1000665,User,7
marcosnils,1578458,User,7
ch33hau,1395262,User,7
linearb,5890272,User,7
mengjinglei,12027794,User,7
henrikateniro,28707281,User,6
simnv,3754755,User,6
fg2it,13949984,User,6
sebito91,3159454,User,6
dgolja,1787301,User,5
Dieterbe,20774,User,5
zegl,47952,User,5
karlding,6836385,User,5
skanjo,926569,User,5
tpitale,163,User,5
derailed,4060,User,5
kylezh,1912137,User,5
timraymond,288061,User,5
claws,1298001,User,4
chris-ramon,1000404,User,4
methane,199592,User,4
jipperinbham,829493,User,4
peekeri,1290621,User,4
nii236,4482567,User,4
kostasb,15780449,User,4
levicook,8434,User,4
marcv81,3432933,User,4
mmattioli,3645154,User,4
miry,21104,User,4
mountkin,1496652,User,4
chobie,195038,User,4
sbouchex,2684878,User,4
mre,175809,User,4
allenpetersen,592300,User,3
121watts,7582765,User,3
bIgBV,5019938,User,3
charleswhchan,679475,User,3
dgryski,970862,User,3
dullgiulio,578051,User,3
haim0n,1674795,User,3
hyc,306354,User,3
schmurfy,2983,User,3
malthe,26405,User,3
matttproud,46149,User,3
miguelcnf,994805,User,3
lenko-d,1954225,User,3
nkatsaros,595927,User,3
PSUdaemon,1149361,User,3
PierreF,359833,User,3
renan-,858029,User,3
ctrlrsf,6004738,User,3
gobwas,675117,User,3
shugo,34552,User,3
oldmantaiter,2213247,User,3
Tomcat-Engineering,12047075,User,3
tcolgate,76019,User,3
vlasad,3178039,User,3
invalid-email-address,148100,User,3
linfangrong,5061346,User,3
s7v7nislands,225986,User,3
manorie,1708139,User,3
rkuchan,8750814,User,3
marchtea,3918849,User,3
glennon,79937,User,2
arussellsaw,5236823,User,2
opavader,14859766,User,2
baruch,132938,User,2
bcrisp,1762117,User,2
bcwaldon,548759,User,2
CAFxX,408018,User,2
chulkilee,69235,User,2
dhowden,2822,User,2
dim,16614,User,2
gabelev,10903898,User,2
Gouthamve,7354143,User,2
tmonk42,4541,User,2
harryrose,34562,User,2
JensRantil,730342,User,2
jbcrail,6038,User,2
jhorwit2,3876739,User,2
juliusv,538008,User,2
nussjustin,6443781,User,2
KoeSystems,4624589,User,2
kostya-sh,7126275,User,2
krismolendyke,125818,User,2
mitbra,1271940,User,2
dawbs,36116,User,2
parisholley,399289,User,2
elcct,5889630,User,2
viru,271001,User,2
pcn,1056756,User,2
pra85,829526,User,2
temoto,27057,User,2
spuder,242382,User,2
skladd,10415459,User,2
sanga,2088,User,2
Vidhuran,1607713,User,2
vornet,892308,User,2
flisky,656711,User,2
djherbis,1535210,User,2
dstrek,995641,User,2
lrita,5782063,User,2
lucapette,124274,User,2
grange74,2663199,User,2
oliveagle,2270205,User,2
orthogonous,663353,User,2
gummiboll,1127811,User,2
sakamotomsh,885753,User,2
thbourlove,1768066,User,2
zhexuany,13320708,User,2
shaybix,6278927,User,2
kimor79,58626,User,2
nicgrayson,793886,User,2
aaronknister,1671720,User,1
sczk,3341597,User,1
iakshay,1104602,User,1
daviesalex,1106249,User,1
alexiri,5055697,User,1
LK4D4,101445,User,1
plutov,1124859,User,1
aderumier,1552243,User,1
apg,44547,User,1
tonto,2320239,User,1
runcom,849915,User,1
btashton,173245,User,1
bbigras,24027,User,1
bbinet,76281,User,1
ccasey,3376553,User,1
ThatCoalGuy,10947617,User,1
connor4312,2230985,User,1
CrazyJvm,1585761,User,1
dandv,33569,User,1
DanKans,9562437,User,1
dvigueras,352689,User,1
endophage,1302091,User,1
dhammika,262792,User,1
shurcooL,1924134,User,1
jondot,83390,User,1
eheydrick,328689,User,1
EricSmekens,2444820,User,1
diamondo25,39577,User,1
evanphx,7,User,1
faiq,5673456,User,1
farshidtz,11150423,User,1
gdb,211857,User,1
ivanyu,2189030,User,1
Jackkoz,4009329,User,1
jtakkala,686376,User,1
jessta,26021,User,1
joe2far,1777210,User,1
jheusser,1693496,User,1
klobucar,223349,User,1
puentesarrin,321499,User,1
kuba--,4056521,User,1
labrown,75820,User,1
auxesis,12306,User,1
mcastilho,12323,User,1
segfault,3042,User,1
zorkian,361428,User,1
pmenglund,32618,User,1
mateuszdyminski,4962812,User,1
mdlayher,1926905,User,1
mattrobenolt,375744,User,1
mat,23060,User,1
mnuessler,433362,User,1
mboelstra,721915,User,1
ezotrank,110746,User,1
miili,4992805,User,1
miguelxpn,12788275,User,1
keras,1126171,User,1
MikeSchroll,114867,User,1
msrdic,7105,User,1
nickrobinson,479287,User,1
xboston,201306,User,1
pborreli,77759,User,1
gdi2290,1016365,User,1
pmbauer,453580,User,1
sztanpet,58942,User,1
pradeepchhetri,2232667,User,1
Preetam,379404,User,1
nicolai86,111324,User,1
rdallman,2935111,User,1
nairboon,88032,User,1
Mosibi,3126211,User,1
richthegeek,613900,User,1
rnubel,850438,User,1
rubenk,47338,User,1
rubycut,1165807,User,1
tywkeene,2933822,User,1
Scooletz,519707,User,1
linsomniac,466380,User,1
bsideup,1050762,User,1
simonkern,2160080,User,1
smn,1065,User,1
majst01,410110,User,1
wind0r,2079851,User,1
eckardt,52346,User,1
slimsag,3173176,User,1
grncdr,82634,User,1
BlueMonday,3181677,User,1
stevenh,104239,User,1
SwannCroiset,8831713,User,1
tinco,22532,User,1
tobiasschaefer,5685151,User,1
tomlanyon,210299,User,1
tsenart,67471,User,1
tcheneau,952059,User,1
tstorch,4622615,User,1
ves,130242,User,1
gam-phon,1763722,User,1
Alienero,5100733,User,1
chrusty,1902132,User,1
bwhaley,503816,User,1
chrislusf,1543151,User,1
warioSG,508510,User,1
eplanet,6475734,User,1
jgeiger,10274,User,1
kevgrig,6432587,User,1
lvheyang,2982748,User,1
mattn,10111,User,1
minkikim89,12155982,User,1
nooproblem,12471443,User,1
rw-influxdata,25622683,User,1
samaitra,369459,User,1
sdtsui,8230144,User,1
simcap,233660,User,1
smunier01,18259200,User,1
xiaost,5179850,User,1
danbst,743057,User,1
