jinzhu,6843,User,1027
jaytaylor,435652,User,17
galeone,8427788,User,11
nkovacs,2269242,User,9
RichardKnop,2325888,User,8
jnfeinstein,1378419,User,7
rtfb,426340,User,6
kimiby,2178421,User,5
rbg,54412,User,4
tstorch,4622615,User,4
bom-d-van,459505,User,4
deoxxa,479055,User,4
adamar,3017019,User,3
eirmag,1298643,User,3
thecaddy,1521981,User,3
leebrooks0,2501773,User,3
shirou,177213,User,3
vgarvardt,173697,User,3
cihangir,879660,User,3
baijum,121129,User,2
bruston,3519911,User,2
stroborobo,684180,User,2
bojan-embroker,11940780,User,2
cdevienne,547135,User,2
xconstruct,54525,User,2
haruyama,135644,User,2
bbstk,16864667,User,2
jseriff,1561302,User,2
leonmaia,925667,User,2
NDevox,6662648,User,2
rodriguise,3108711,User,2
tdonia,103828,User,2
trevrosen,1402,User,2
li3p,55519,User,2
ryanss,8537422,User,2
zardak,5513218,User,2
gernest,6039952,User,2
xdmnl,1101732,User,2
akuseru,452568,User,1
bramp,160627,User,1
andreynering,7011819,User,1
athurg,126313,User,1
bt,1100843,User,1
brunoksato,2257501,User,1
calebthompson,711717,User,1
canthefason,73976,User,1
chr4,4600363,User,1
captncraig,192540,User,1
danhardman,5691966,User,1
Xiol,159842,User,1
hobeone,3444588,User,1
tuvistavie,1436271,User,1
DSchalla,5972329,User,1
DiSiqueira,683170,User,1
DJWassink,1822404,User,1
etcinit,1160305,User,1
emiddleton,110235,User,1
emil2k,2730310,User,1
taiyangc,1467354,User,1
sunfmin,1014,User,1
Femaref,160859,User,1
henriquemenezes,597137,User,1
fengjh,349931,User,1
girokon,1607449,User,1
ivpusic,450140,User,1
jcscottiii,7788930,User,1
jkongie,61834,User,1
huacnlee,5518,User,1
cortex,158418,User,1
jbfm,646638,User,1
Konboi,536667,User,1
levinalex,1221,User,1
lnguyen,928524,User,1
lcowell,79169,User,1
moberemk,2866757,User,1
wallclockbuilder,2033945,User,1
maximesong,884012,User,1
thephred,110422,User,1
jugglinmike,677252,User,1
nguyendangminh,9614404,User,1
dolmen,129536,User,1
pwaller,438648,User,1
rghose,5793339,User,1
ansel1,107825,User,1
sendyhalim,3948217,User,1
rubysolo,1642,User,1
smirzaei,829535,User,1
gitter-badger,8518239,User,1
gwTumm,2026103,User,1
tschaub,41094,User,1
ginodeis,1398435,User,1
vibhavp,2142872,User,1
GhostRussia,12181586,User,1
slayer,57521,User,1
westonplatter,492603,User,1
willglynn,118362,User,1
yanfali,2275667,User,1
arianitu,1226445,User,1
clinyong,4192951,User,1
cloudaice,747028,User,1
crystalin,329248,User,1
ehabit,8870191,User,1
elgris,1905821,User,1
coderhaoxin,2569835,User,1
ikawaha,4232165,User,1
kiwih,3887767,User,1
liu-xuewen,29445066,User,1
lscieux,4571133,User,1
nicholasf,19967,User,1
otiai10,931554,User,1
shenli,1192573,User,1
smacker,406916,User,1
tux-mind,1824153,User,1
