asergeyev,715656,User,61
joewalnes,48950,User,55
ajitgeorge,163968,User,4
Cosmo,6125,User,4
FranklinChen,134491,User,3
jeroenjanssens,1368256,User,3
dab00,4074807,User,2
thypon,581115,User,2
danielbodart,123496,User,2
kfl,44830,User,2
sl4mmy,9182,User,2
markushx,1001804,User,2
gdi2290,1016365,User,2
pnasrat,13798,User,2
theburningmonk,546969,User,2
zackexplosion,5180966,User,2
adlerhsieh,6851886,User,1
bentranter,5421627,User,1
bitdeli-chef,3092978,User,1
gautamarora,1215971,User,1
JKillian,1400151,User,1
LinusU,189580,User,1
pborreli,77759,User,1
Photonios,5777517,User,1
warpcoil,5113027,User,1
rowanthorpe,604508,User,1
ruediger,1803,User,1
samyakbhuta,738746,User,1
zlim,748121,User,1
bfx81,1285033,User,1
brickcap,2066516,User,1
maciej-gurban,3663640,User,1
