junegunn,700826,User,1263
wellle,474504,User,6
blueyed,9766,User,6
justinmk,1359421,User,4
Ambrevar,1489143,User,4
qiemem,28215,User,3
gene-pavlovsky,2841193,User,3
kassio,120483,User,3
mjwhitta,1239825,User,3
Vifon,624347,User,3
aboettger,206222,User,2
chaoren,10055601,User,2
wilywampa,4472522,User,2
ipwnponies,4278368,User,2
frizinak,823696,User,2
mhinz,972014,User,2
mjwestcott,10656117,User,2
nthapaliya,4131655,User,2
pokey,755842,User,2
sencer,1369353,User,2
tiziano88,387628,User,2
tomfitzhenry,61303,User,2
wchargin,4317806,User,2
JackDanger,2071,User,2
aykamko,2819026,User,1
acornejo,83786,User,1
shamrin,510678,User,1
amosbird,5085485,User,1
akashin,1192958,User,1
nhooyr,10180857,User,1
jagajaga,2179419,User,1
aurelien-rainone,476650,User,1
halostatue,11361,User,1
Neki,2143664,User,1
cskeeters,2642266,User,1
reezer,653995,User,1
DanielFGray,410447,User,1
dominikh,39825,User,1
edi9999,2071336,User,1
hinshun,6493975,User,1
evverx,10195800,User,1
dullgiulio,578051,User,1
jebaum,2099704,User,1
sullyj3,3953669,User,1
janlazo,8740057,User,1
jimbocoder,2030693,User,1
joshuarubin,194275,User,1
hikouki,15326035,User,1
maverickwoo,172693,User,1
fazibear,687,User,1
majkinetor,85767,User,1
oschrenk,52898,User,1
thedrow,48936,User,1
patspam,23515,User,1
prabirshrestha,287744,User,1
robinro,107032,User,1
S4mw1s3,5407607,User,1
eigengrau,4939947,User,1
noscript,717109,User,1
tbodt,5678977,User,1
ckafi,1681351,User,1
takac,1015381,User,1
tw4452852,587972,User,1
uri,676443,User,1
brettanomyces,1841723,User,1
ishanray,5403397,User,1
acro5piano,10719495,User,1
