k8s-merge-robot,13653959,User,12791
brendandburns,5751682,User,1784
lavalamp,647318,User,1501
smarterclayton,1163175,User,1330
thockin,5595220,User,1317
wojtek-t,10743879,User,1279
mikedanese,1787169,User,848
gmarek,1703842,User,807
caesarxuchao,2823529,User,790
deads2k,8225098,User,777
dchen1107,7740897,User,771
bgrant0607,7725777,User,766
zmerlynn,4942464,User,689
sttts,730123,User,602
erictune,8105590,User,599
derekwaynecarr,6233452,User,589
yujuhong,10524058,User,579
justinsb,100893,User,576
vmarmol,985208,User,570
jlowdermilk,2101035,User,523
nikhiljindal,10199099,User,513
a-robinson,7085343,User,501
liggitt,980082,User,450
jbeda,37310,User,449
satnam6502,6164339,User,432
saad-ali,10052848,User,430
vishh,7063592,User,408
piosz,10819974,User,392
janetkuo,4876867,User,385
roberthbailey,7751204,User,370
mwielgus,11994812,User,342
eparis,8093535,User,339
ixdy,8061296,User,323
bprashanth,10927820,User,319
Random-Liu,5821883,User,316
ArtfulCoder,1220660,User,297
pmorie,366488,User,279
jszczepkowski,10820769,User,274
quinton-hoole,10390785,User,264
kargakis,3900799,User,261
yifan-gu,3278588,User,259
jsafrane,1745006,User,234
madhusudancs,10183,User,233
ihmccreery,368416,User,229
fgrzadkowski,10820726,User,226
krousey,157083,User,222
spxtr,7368979,User,204
tallclair,29742491,User,202
luxas,5442475,User,194
cjcullen,7154008,User,193
fabioy,6294975,User,177
alex-mohr,8729097,User,173
rjnagal,5420489,User,167
davidopp,8264113,User,154
soltysh,576341,User,152
markturansky,8001968,User,146
freehan,1332699,User,138
jayunit100,826111,User,136
resouer,1701782,User,132
filbranden,106037,User,130
hongchaodeng,920884,User,130
pwittrock,7882754,User,125
feiskyer,676637,User,122
mbforbes,1170062,User,122
enisoc,6733629,User,121
mml,3115,User,120
MrHohn,8681801,User,115
jdef,2348332,User,113
david-mcmahon,15622407,User,109
mbohlool,1613024,User,104
crassirostris,1756505,User,103
k82cn,18107181,User,101
xiangpengzhao,15881573,User,98
ddysher,2191361,User,98
timothysc,169553,User,98
aveshagarwal,3596412,User,95
shashidharatd,8734900,User,90
shyamjvs,4333971,User,89
proppy,5268,User,87
feihujiang,2322270,User,87
xilabao,22786043,User,87
foxish,906471,User,84
pires,1752631,User,83
mtaufen,903617,User,82
mqliang,12423751,User,80
rootfs,7062400,User,77
euank,2147649,User,77
fejta,940341,User,76
NickrenREN,6104418,User,76
mengqiy,2589105,User,75
dims,23304,User,72
andyzheng0831,8453435,User,70
dashpole,3262098,User,70
marun,451477,User,70
errordeveloper,251467,User,66
CaoShuFeng,20855209,User,65
mbruzek,6385185,User,63
dcbw,10926354,User,61
fabianofranz,158611,User,61
dmmcquay,1700422,User,60
rrati,87555,User,60
bowei,837034,User,59
apelisse,1929644,User,59
ericchiang,2342749,User,58
adohe,1555564,User,56
juanvallejo,3902875,User,56
jessfraz,1445228,User,56
xiang90,4479947,User,56
dalanlan,5979704,User,54
jingxu97,19172805,User,54
tmrts,5067495,User,54
swagiaal,770962,User,53
hurf,4618015,User,53
sjenning,493891,User,49
DirectXMan12,119737,User,49
zhengguoyong,13974124,User,49
rmmh,211868,User,47
lixiaobing1,16774510,User,47
sdminonne,9527409,User,46
humblec,5001742,User,45
zjj2wry,18045633,User,45
zhangxiaoyu-zidif,5154334,User,44
colemickens,327028,User,43
FengyunPan,19662444,User,43
karlkfi,3980984,User,43
cblecker,1431969,User,42
ghodss,5209643,User,42
monnand,379562,User,42
simon3z,130393,User,41
kevin-wangzefeng,6914660,User,41
anguslees,224224,User,40
nicksardo,184976,User,40
wongma7,13111288,User,40
ping035627,17894459,User,40
jeffmendoza,771387,User,40
jianhuiz,1171596,User,40
therc,13481082,User,39
marekbiskup,11961560,User,39
pweil-,5230419,User,39
csrwng,5834976,User,39
ronnielai,19694647,User,39
abhgupta,1211613,User,38
kelseyhightower,1123322,User,37
jiangyaoguo,6777418,User,37
asalkeld,420707,User,36
nyaxt,18355,User,36
gyliu513,4461983,User,35
goltermann,9358478,User,35
mfojtik,44136,User,34
ivan4th,190448,User,34
chuckbutler,246944,User,32
danwinship,96040,User,32
girishkalele,18541549,User,32
ingvagabund,8055242,User,32
hw-qiaolei,6071698,User,32
wonderfly,6642209,User,31
irfanurrehman,10027921,User,31
lukaszo,97335,User,30
coufon,11655397,User,30
mfanjie,16643108,User,30
alexandercampbell,9295657,User,30
YuPengZTE,20062886,User,30
MaciekPytel,7901030,User,29
xingzhou,5344440,User,29
shiywang,6284003,User,29
copejon,6430994,User,28
nak3,2138339,User,28
lojies,10203229,User,28
wanghaoran1988,13621088,User,28
caseydavenport,1944093,User,28
elsonrodriguez,193030,User,28
spiffxp,49258,User,26
andronat,793408,User,26
ncdc,354,User,26
ktsakalozos,11489452,User,26
jhadvig,1668218,User,26
claire921,2374232,User,25
lhuard1A,9693988,User,25
MikeJeffrey,7634637,User,25
m1093782566,4953962,User,25
gnufied,278,User,25
perotinus,5122391,User,24
msau42,24448061,User,24
sub-mod,7363264,User,24
gtank,622063,User,23
jcbsmpsn,20646565,User,23
jimmidyson,464659,User,23
fraenkel,929377,User,23
249043822,18046309,User,23
bruceauyeung,1210201,User,23
philips,33544,User,23
bcbroussard,1056950,User,22
bboreham,8125524,User,22
timchenxiaoyu,9782796,User,22
zhouhaibing089,4516999,User,22
BenTheElder,917931,User,22
ironcladlou,298299,User,22
dshulyak,1964576,User,21
mattf,112653,User,21
tanshanshan,22539261,User,21
johscheuer,9477533,User,21
jjhuff,1055147,User,20
kazegusuri,2457753,User,20
tnguyen-rh,12084416,User,20
p0lyn0mial,21304151,User,20
Q-Lee,13410337,User,20
HaiyangDING,11399486,User,20
aleksandra-malinowska,4884414,User,19
eosrei,195061,User,19
mvdan,3576549,User,19
MikeSpreitzer,14296719,User,19
doublerr,1554646,User,19
tpounds,195041,User,19
guangxuli,17472298,User,19
jeffvance,3076896,User,19
chrislovecnm,335402,User,19
bsalamat,14308438,User,19
karataliu,10071498,User,18
mkumatag,12646029,User,18
RichieEscarez,11762685,User,18
yarntime,15712693,User,18
csbell,23373339,User,17
hodovska,9335600,User,17
MHBauer,13337345,User,17
rajatchopra,982221,User,17
yguo0905,26879063,User,17
jeffbean,1424499,User,17
dgoodwin,51265,User,16
dixudx,5449021,User,16
Cynerva,2251600,User,16
VojtechVitek,139342,User,16
ravisantoshgudimetla,11657829,User,16
AnanyaKumar,1862850,User,16
codablock,1884269,User,15
AntonioMeireles,743527,User,15
cosmincojocar,591127,User,15
jackfrancis,1494193,User,15
pipejakob,1605981,User,15
maisem,3953239,User,15
php-coder,87088,User,15
you-n-g,465606,User,15
nebril,1417888,User,15
alejandroEsc,20777618,User,14
Sarsate,3740548,User,14
kow3ns,11380896,User,14
verb,458800,User,14
divyenpatel,22985595,User,14
adityakali,9086881,User,13
ahmetb,159209,User,13
jonboulle,2601015,User,13
meirf,2043305,User,13
luomiao,8987721,User,13
screeley44,6773375,User,13
ashcrow,22706,User,13
mksalawa,20278224,User,13
kad,41858,User,13
linzichang,11015666,User,13
BaluDontu,22899615,User,13
rsokolowski,10743336,User,13
calebamiles,848394,User,13
dagnello,9357762,User,13
huangyuqi,13324377,User,13
iterion,145272,User,12
amygdala,115093,User,12
aanm,5714066,User,12
colhom,1075028,User,12
dnardo,11286267,User,12
alfred-huangjian,6328548,User,12
aledbf,161571,User,12
ash2k,126021,User,12
olegshaldybin,8273,User,12
preillyme,51323,User,12
kerneltime,774455,User,12
rata,70861,User,12
yugui,8161,User,12
bryk,1159999,User,12
jianglingxia,25783555,User,12
WIZARD-CXY,2142864,User,12
rkouj,22875497,User,12
abrarshivani,1269660,User,11
verult,1689416,User,11
metral,1112768,User,11
nikhita,16105680,User,11
NitishT,5156139,User,11
shawnps,80111,User,11
wlan0,1050521,User,11
childsb,722782,User,11
mikebrow,12767641,User,11
aaronlevy,374924,User,10
wasylkowski,28595315,User,10
ConnorDoyle,379372,User,10
derekparker,1314079,User,10
duglin,1944671,User,10
runningwild,275979,User,10
superbrothers,230185,User,10
mattmoor,2442466,User,10
rickypai,1469579,User,10
mindprince,695290,User,10
wwwtyro,929443,User,10
andrewsykim,12699319,User,10
jackgr,5607565,User,10
pigmej,496754,User,10
enj,7001223,User,10
tianshapjq,23203101,User,10
huang195,8008677,User,10
zreigz,13030040,User,10
Crazykev,7436779,User,9
rustyrobot,577643,User,9
hmrm,1593612,User,9
jamiehannaford,1867202,User,9
jwforres,1467629,User,9
jhorwit2,3876739,User,9
rajdeepd,1192725,User,9
chentao1596,22974967,User,9
jijun2,13865276,User,9
sakeven,4099405,User,9
supereagle,3390333,User,9
zdj6373,22720477,User,9
JulienBalestra,8077192,User,9
abithap,7987995,User,8
abgworrall,10442436,User,8
bparees,4974046,User,8
chakri-nelluri,9920367,User,8
simonswine,223048,User,8
ethernetdan,4014393,User,8
njuicsgz,8842478,User,8
Gurpartap,39792,User,8
harsh-px,26801153,User,8
ianchakeres,4367440,User,8
luebken,53055,User,8
krmayankk,16662068,User,8
nhlfr,1553979,User,8
sakshamsharma,10418596,User,8
freedev,464254,User,8
xlgao-zju,1636894,User,8
WeixuZhuang,15804885,User,8
jsravn,522123,User,8
andreykurilin,3986710,User,7
benmccann,322311,User,7
paralin,534887,User,7
idoshamun,1993245,User,7
whitlockjc,98899,User,7
matttproud,46149,User,7
ohtake,1013655,User,7
pmichali,2787783,User,7
rlarocque2,986773,User,7
gambol99,4280679,User,7
stefwalter,795070,User,7
foxyriver,20511366,User,7
pospispa,7236993,User,7
mdshuai,8870577,User,7
xulike666,24667625,User,6
komljen,2872288,User,6
taimir,8666527,User,6
asridharan,3128730,User,6
bobbyrullo,9629,User,6
daizuozhuo,1107525,User,6
epc,85881,User,6
girikuncoro,3192347,User,6
gurvindersingh,186077,User,6
JaysonRaymond,1724967,User,6
crimsonfaith91,13921630,User,6
kelcecil,373621,User,6
HackToday,10363809,User,6
kshelton,13904224,User,6
lucab,98086,User,6
manolitto,6802880,User,6
luksa,823581,User,6
mnagy,72469,User,6
matchstick,19715963,User,6
MikaelCluseau,3868856,User,6
ramitsurana,8342133,User,6
pravisankar,1258630,User,6
nl5887,3748903,User,6
rhcarvalho,88819,User,6
thibserot,386572,User,6
tsmetana,4759699,User,6
allencloud,9465626,User,6
mikkeloscar,128566,User,6
gosharplite,5064483,User,6
mtanino,19844283,User,6
andrewrynhard,3383143,User,5
runcom,849915,User,5
mamikonyana,2184519,User,5
koep,6319666,User,5
commonlisp,1171230,User,5
gyuho,6799218,User,5
idvoretskyi,118459,User,5
JacobTanenbaum,13948445,User,5
jfchevrette,3001,User,5
monopole,2928188,User,5
jbhurat,13181398,User,5
joshix,72905,User,5
hex108,765591,User,5
kbeecher,48620,User,5
cadmuxe,236272,User,5
mnshaw,12521747,User,5
redbaron,16624,User,5
obnoxxx,8081179,User,5
nilebox,6176360,User,5
pskrzyns,16152568,User,5
jellonek,658436,User,5
robszumski,755540,User,5
ryfow,717985,User,5
guenter,53613,User,5
tkulczynski,10222338,User,5
rutsky,46573,User,5
cheftako,947971,User,5
joe2far,1777210,User,5
tacy,771713,User,5
peay,7261177,User,5
yiqinguo,12421121,User,5
