vishr,314036,User,891
usk81,2009893,User,8
mtojek,14044910,User,8
syntaqx,6037730,User,7
o1egl,966539,User,7
apaganobeleno,645522,User,6
caarlos0,245435,User,5
flimzy,8555063,User,4
Komosa,10688154,User,4
axdg,619326,User,4
mertenvg,2158243,User,4
ipfans,363344,User,3
Anon-Penguin,7022869,User,2
DiSiqueira,683170,User,2
freeformz,103,User,2
olliephillips,7113347,User,2
CaptainCodeman,304910,User,2
tanema,463193,User,2
tossp,2138631,User,2
tylerb,70804,User,2
gavv,8436629,User,2
0x616E676572,942967,User,2
coderhaoxin,2569835,User,2
matrika,350263,User,2
amenzhinsky,1308953,User,1
AlekSi,11512,User,1
andreas-bergstrom,622887,User,1
husobee,5150259,User,1
blockloop,3022496,User,1
chrisseto,5532905,User,1
simplechris,520892,User,1
chrisprobst,976784,User,1
swenson,33404,User,1
cfreeman,39248,User,1
denyskoch,1089800,User,1
Skarm,842626,User,1
ericmdantas,7040162,User,1
dlsniper,607868,User,1
franciscocpg,3680556,User,1
goenning,94755,User,1
hasty,526455,User,1
hvnsweeting,1000665,User,1
eyberg,22410,User,1
jbub,551113,User,1
k2wanko,4466222,User,1
markbates,3528,User,1
sekimura,10312,User,1
mre,175809,User,1
calmandniceperson,5265630,User,1
Michsior14,1410035,User,1
skyflyer,415535,User,1
hownowbrowncow,3142320,User,1
nickhudkins,299126,User,1
nicklaw5,7908386,User,1
zwpaper,3764335,User,1
paultyng,422474,User,1
pdf,146192,User,1
piyushchauhan2011,693487,User,1
pcdummy,358074,User,1
Rojtjo,1123887,User,1
roth1002,8485590,User,1
nshmura,9046837,User,1
stanzheng,3683993,User,1
subchen,2189657,User,1
tedkornish,2671967,User,1
gitter-badger,8518239,User,1
Noki,198902,User,1
obivan,1916877,User,1
vikramsk,3876557,User,1
01walid,983020,User,1
ayamamori,18394034,User,1
mattn,10111,User,1
aruhi,9162800,User,1
garrickjubiao,5905534,User,1
dfreire,126072,User,1
haru01,8365,User,1
guidola,11554611,User,1
imeoer,1524576,User,1
matcornic,3520706,User,1
nownabe,1286807,User,1
admpub,512718,User,1
weisd,2057561,User,1
zjx20,2639200,User,1
zlokomatic,5440,User,1
xqbumu,6274534,User,1
