mholt,1128849,User,1106
abiosoft,240448,User,136
tw4452852,587972,User,59
hackintoshrao,2609511,User,32
wmark,191736,User,30
evermax,3717225,User,27
weingart,1229641,User,25
elcore,15967995,User,23
nemosupremo,940094,User,20
tobya,325502,User,20
Makpoc,4800691,User,17
hacdias,5447088,User,16
wendigo,66972,User,15
pedronasser,2278084,User,15
lhecker,2256941,User,14
LK4D4,101445,User,12
tpng,2070782,User,12
zmb3,7527103,User,12
acmacalister,1024755,User,12
definitelycarter,6287039,User,9
ericdreeves,12223463,User,9
xenolf,578256,User,9
DenBeke,3856745,User,9
guilhermebr,331817,User,8
peterhellberg,565124,User,8
djvdorp,827540,User,8
thomas4019,406149,User,7
cez81,9416498,User,6
jupiter,26949,User,6
radim,140621,User,6
jungle-boogie,1111743,User,6
mangoslicer,19347309,User,5
mbanzon,2138948,User,5
buddhamagnet,35007,User,5
coolaj86,122831,User,5
mem,189701,User,5
mschoebel,766647,User,5
humboldtux,65201,User,4
captncraig,192540,User,4
marc-gr,15213755,User,4
miekg,353371,User,4
pcasaretto,817039,User,4
pavlik,96294,User,4
pbeckmann,4943721,User,4
slightfoot,906564,User,4
brk0v,47447,User,4
evvvvr,718905,User,4
jordic,64216,User,4
slav123,185637,User,4
tboerger,156964,User,4
bengadbois,1879785,User,3
sergeyfrolov,5443147,User,3
zikes,410905,User,3
jung-kurt,5148839,User,3
ponychicken,183302,User,3
andrewhamon,5134584,User,2
augustoroman,676565,User,2
incon,405629,User,2
dulldave,2530184,User,2
FiloSottile,1225294,User,2
francislavoie,2111701,User,2
blaubaer,298984,User,2
nesl247,1037526,User,2
ijt,15530,User,2
jpoehls,72149,User,2
krishamoud,5006294,User,2
lxfontes,35205,User,2
Luit,388247,User,2
MariadeAnton,3729517,User,2
mastercactapus,595010,User,2
Echsecutor,5765579,User,2
shawnps,80111,User,2
cubicdaiya,56752,User,2
Burmudar,1001709,User,2
wjkohnen,17071775,User,2
eiszfuchs,240167,User,2
spacewander,4161644,User,2
astei,16436212,User,2
aaronellington,7981409,User,1
vedam,64245,User,1
aishraj,696410,User,1
pennywisdom,19292367,User,1
alehano,1269330,User,1
klingtnet,1538057,User,1
MixedMessages,13422477,User,1
benschumacher,400693,User,1
carlisia,16508,User,1
carstenhag,3776997,User,1
cretz,206396,User,1
realguess,263215,User,1
ConnorVG,3260091,User,1
dgryski,970862,User,1
eliasp,48491,User,1
edrex,14615,User,1
ERIIX,9557642,User,1
fern4lvarez,1381925,User,1
gsquire,2665334,User,1
genofire,6905586,User,1
glesica,165338,User,1
gmacon,238853,User,1
sguiheux,1478025,User,1
gchaincl,1288313,User,1
gyulavoros,932504,User,1
hkjn,287215,User,1
hlidotbe,193949,User,1
ianwalter,122028,User,1
coopernurse,244690,User,1
JRaspass,184356,User,1
jannickfahlbusch,8135397,User,1
1lann,804919,User,1
Xumeiquer,2176256,User,1
bigtiger,8511,User,1
jtyr,3788909,User,1
bdaehlie,84762,User,1
JoshHarmon,2958794,User,1
julianvmodesto,1682582,User,1
cudevmaxwell,1489722,User,1
namsral,688244,User,1
lbischof,1837725,User,1
lucafavatella,1344255,User,1
maruel,75011,User,1
malud,1841067,User,1
mbertschler,3779568,User,1
reds,21436,User,1
mmlkrx,5080687,User,1
xlab,477998,User,1
messyidea,8833132,User,1
stp-ip,3768412,User,1
mwpastore,8540936,User,1
mikepulaski,47162,User,1
ax-nathan,13966738,User,1
ngConsulti,6934479,User,1
Ngo-The-Trung,1381629,User,1
nicolasazrak,5332855,User,1
andyxning,2404712,User,1
phifty,213830,User,1
pieterlouw,4508077,User,1
ReadmeCritic,15367484,User,1
richardbowden,311487,User,1
rickb777,1358735,User,1
RobbieMcKinstry,4955075,User,1
rohanpai,2272901,User,1
5an1ty,5538404,User,1
samber,2951285,User,1
ibnesayeed,65147,User,1
s-pk,9666345,User,1
smancke,4291379,User,1
freman,506680,User,1
simonjefford,136,User,1
skorokithakis,23648,User,1
tgulacsi,256074,User,1
taylorotwell,463230,User,1
0xbaadf00d,1005086,User,1
twdkeule,11250711,User,1
tarfu,1670652,User,1
Barberrrry,2134524,User,1
vchimishuk,125078,User,1
upsuper,333750,User,1
hsluoyz,3787410,User,1
zmwangx,4149852,User,1
bamling,17083247,User,1
bananenmannfrau,2843450,User,1
chris-bandce,21102982,User,1
crvv,6398635,User,1
emersion,506932,User,1
kennwhite,326990,User,1
lbogdan,2083930,User,1
s7v7nislands,225986,User,1
ssut,2366668,User,1
stanislavromanov,4534725,User,1
xuqingfeng,3715820,User,1
