harshavardhana,622699,User,2446
krishnasrinivas,634494,User,233
vadmeste,283197,User,198
abperiasamy,624261,User,131
krisis,522593,User,123
balamurugana,629407,User,112
hackintoshrao,2609511,User,106
donatello,200059,User,54
NitishT,5156139,User,40
nl5887,3748903,User,39
fwessels,1576013,User,27
deekoder,1700901,User,22
brendanashworth,3038254,User,14
rushenn,13393018,User,13
poornas,791968,User,10
GarimaKapoor,11859916,User,7
jesselucas,5431883,User,6
aead,20368805,User,4
mkash32,11131759,User,3
technosophos,89193,User,3
rajivm,182605,User,3
yrashk,452,User,3
awwalker,11507633,User,3
koolhead17,41746,User,3
donaldguy,43136,User,2
mattf,112653,User,2
MikeRalphson,21603,User,2
bobotu,15031522,User,2
alexellis,6358735,User,2
wendigo,66972,User,2
DAXaholic,5146032,User,1
alexanderjulo,144562,User,1
belvid,20955366,User,1
ankon,1210641,User,1
klingtnet,1538057,User,1
andreikop,419720,User,1
thatguystone,921573,User,1
astephenb,3619060,User,1
calvernaz,1269712,User,1
dlind1974,18461667,User,1
dnp1,614969,User,1
hairyhenderson,2037086,User,1
hori-ryota,2936501,User,1
hugo,1704089,User,1
jeffutter,570037,User,1
justinclift,406299,User,1
masu-mi,603602,User,1
kartiklunkad26,14304141,User,1
kevinqiu,3165150,User,1
notnoopci,4368163,User,1
buckett,5921,User,1
megahall,1231855,User,1
frntn,437946,User,1
mkw,451208,User,1
minio-trusted,21070888,User,1
0xmohit,8176079,User,1
flandr,1644146,User,1
ncw,536803,User,1
pawanrawal,7247941,User,1
ptribble,835897,User,1
cvrajeesh,812618,User,1
romainbou,725345,User,1
badscooter23,3969439,User,1
sreeram-boyapati,2411947,User,1
havr,7534493,User,1
astaxie,233907,User,1
dcharbonnier,6220422,User,1
ebozduman,24552332,User,1
luomeiqin,22520786,User,1
mattyr,214362,User,1
morph027,600106,User,1
nomadlogic,8356819,User,1
samkevich,2954810,User,1
splinter98,602178,User,1
tibbes,6039708,User,1
utsl42,3880213,User,1
