thaJeztah,1804568,User,2110
crosbymichael,749551,User,2058
vieux,1032519,User,1794
vdemeester,6508,User,1636
LK4D4,101445,User,1367
cpuguy83,799078,User,1305
jessfraz,1445228,User,1259
creack,521701,User,1257
shykes,29565,User,1251
calavera,1050,User,979
tiborvass,827131,User,892
tianon,161631,User,798
SvenDowideit,28492,User,751
jhowardmsft,10522484,User,621
runcom,849915,User,493
unclejack,1409668,User,485
jamtur01,4365,User,438
tonistiigi,585223,User,431
metalivedev,1414380,User,419
duglin,1944671,User,406
albers,2901725,User,356
aaronlehmann,10601430,User,336
dnephin,442180,User,335
alexlarsson,990736,User,295
yongtang,6932348,User,290
estesp,1397980,User,258
vbatts,67049,User,215
coolljt0725,8232360,User,213
sdurrheimer,1931038,User,190
allencloud,9465626,User,185
dmcgowan,169601,User,169
mlaventure,16065150,User,165
shin-,1086876,User,164
mavenugo,5056191,User,155
AkihiroSuda,9248427,User,153
justincormack,482364,User,149
anusha-ragunathan,14184178,User,142
hqhq,6415670,User,139
mzdaniel,68684,User,131
aluzzardi,179503,User,115
erikh,18923,User,115
dhrp,2017300,User,109
aboch,10080882,User,104
WeiZhang555,1203611,User,104
ahmetb,159209,User,98
ostezer,6561122,User,96
rhvgoyal,9487534,User,94
darrenstahlmsft,14114019,User,92
yuexiao-wang,20082558,User,89
lixiaobing1,16774510,User,89
kencochrane,261601,User,88
rhatdan,2000835,User,85
ehazlett,260642,User,74
jlhawn,1441929,User,70
jpetazzo,171481,User,68
tophj-ibm,15270681,User,65
HuKeping,9958621,User,59
brahmaroutu,5403596,User,59
samalba,216487,User,57
stevvooe,120601,User,55
sfsmithcha,2415653,User,54
mstanleyjones,7674613,User,54
cyphar,2888411,User,52
proppy,5268,User,49
HackToday,10363809,User,49
mountkin,1496652,User,47
jstarks,9548354,User,45
bfirsh,40906,User,44
cyli,223200,User,43
Mashimiao,4852224,User,41
mrjana,1693482,User,39
wenchma,8329027,User,39
YuPengZTE,20062886,User,39
miaoyq,17755856,User,38
sunyuan3,10508990,User,38
dqminh,62707,User,37
philips,33544,User,35
MHBauer,13337345,User,35
vishh,7063592,User,34
ankushagarwal,796949,User,31
ewindisch,73207,User,31
swernli,10567287,User,31
nishanttotla,1872537,User,30
titanous,13026,User,29
jpoimboe,1750978,User,29
shishir-a412ed,4207652,User,28
ripcurld0,2453279,User,26
charleswhchan,679475,User,26
sanimej,10071849,User,25
lsm5,247367,User,24
mrunalp,53798,User,24
vmarmol,985208,User,24
ibuildthecloud,1754002,User,23
dongluochen,14985073,User,23
pnasrat,13798,User,23
ipbabble,1304961,User,22
cespare,318501,User,21
Mic92,96200,User,21
miminar,1478803,User,21
monnand,379562,User,21
sallyom,11166065,User,21
aidanhs,1050652,User,20
andrewhsu,57640,User,20
chenhanxiao,10702304,User,20
dsissitka,31266,User,20
justone,8082,User,20
timthelion,1391608,User,20
daehyeok,1310758,User,20
clnperez,4493281,User,19
kzys,19111,User,19
lopter,152398,User,19
rogaha,4483394,User,19
tkopczynski,286904,User,19
abronan,1655859,User,18
Djelibeybi,103232,User,18
dperny,2367858,User,18
fabiokung,5755,User,18
riyazdf,1865981,User,18
StefanScherer,207759,User,18
londoncalling,11660803,User,18
ijc,12985729,User,17
vincentbernat,631446,User,17
fkautz,135706,User,16
nalind,1200159,User,16
keeb,15742,User,16
liron-l,10955685,User,15
gasi,49583,User,14
johnstep,3768125,User,14
mheon,7735048,User,14
sa2ajj,447092,User,14
ashahab-altiscale,5115017,User,13
codeaholics,613531,User,13
fcarriedo,153599,User,13
KSid,2374182,User,13
michael-holzheu,13906644,User,13
mqliang,12423751,User,13
asbjornenge,241601,User,12
chenchun,985861,User,12
x1022as,2840248,User,12
fabiofalci,6767,User,12
fcrisciani,1823625,User,12
kostickm,11543239,User,12
snitm,2053410,User,12
pwaller,438648,User,12
rjnagal,5420489,User,12
msabansal,14339337,User,12
aanand,1062,User,11
diogomonica,55332,User,11
jalateras,1454089,User,11
lorenzleutgeb,542154,User,11
nhsiehgit,6186377,User,11
nathanleclaire,1476820,User,11
gesellix,432791,User,11
dalanlan,5979704,User,11
azurezk,8814974,User,11
xulike666,24667625,User,10
amitkris,16695007,User,10
burke,1284,User,10
danielnorberg,393289,User,10
dsheets,59918,User,10
DieterReuter,3758971,User,10
erxian,16218316,User,10
flavio,22728,User,10
discordianfish,275966,User,10
aarch64,16082525,User,10
MabinGo,10934340,User,10
friism,126104,User,10
foliea,2271115,User,9
dave-tucker,3781777,User,9
johncosta,628627,User,9
kyleconroy,34893,User,9
mhennings,287949,User,9
mikebrow,12767641,User,9
draghuram,2816251,User,9
samuelkarp,737750,User,9
tklauser,539708,User,9
boucher,22065,User,9
RichardScothern,922018,User,9
huslage,413867,User,8
aanm,5714066,User,8
griff,4368,User,8
bboreham,8125524,User,8
dominikh,39825,User,8
felixrabe,400795,User,8
mixja,3351083,User,8
kolyshkin,4522509,User,8
MalteJ,646688,User,8
spf13,173412,User,8
cxxly,8372068,User,8
moypray,10590250,User,8
jmzwcn,11627425,User,8
xlgao-zju,1636894,User,8
andrewsmedina,52241,User,7
bernerdschaefer,193,User,7
chazomaticus,366268,User,7
dkjer,80382,User,7
fsouza,108725,User,7
jmcvetta,55682,User,7
viirya,68855,User,7
liaoqingwei,11624372,User,7
maaquib,880376,User,7
tmc,3977,User,7
Evalle,2839811,User,7
kvasdopil,807629,User,6
acbodine,7049554,User,6
Barthalion,380403,User,6
benoitc,14498,User,6
docbobo,1257060,User,6
nerdalert,1711674,User,6
brianm,1291,User,6
icaoweiwei,985486,User,6
chchliang,23158339,User,6
endophage,1302091,User,6
eolamey,34300,User,6
gurjeet,159099,User,6
exarkun,254565,User,6
programmerq,37278,User,6
kstaken,283724,User,6
mrallen1,204728,User,6
mikedougherty,1046019,User,6
dudebout,382362,User,6
phemmer,1826947,User,6
rajdeepd,1192725,User,6
robryk,1471395,User,6
senk,710568,User,6
scollier,1141587,User,6
keloyang,11223367,User,6
skatsuta,5638269,User,6
srust,5973862,User,6
talex5,554131,User,6
konstruktoid,7956715,User,6
tomfotherby,140179,User,6
YanFeng-Adam,11832288,User,6
npcode,1129852,User,6
yoheiueda,9316614,User,6
zenlinTechnofreak,9923237,User,6
robertabbott,7033685,User,6
shuai-z,6701760,User,6
echo33,15062077,User,6
bobrik,89186,User,6
leeplay,7857613,User,6
shamrin,510678,User,5
askb,7709595,User,5
bdon,77501,User,5
caarlos0,245435,User,5
misterbisson,1709697,User,5
stpierre,632407,User,5
dhiltgen,4033016,User,5
sontags,2153584,User,5
dgageot,153495,User,5
outcoldman,597158,User,5
eskaaren,3833175,User,5
eliasp,48491,User,5
fgrehm,81859,User,5
fgimenez,70376,User,5
gdevillele,939999,User,5
graydon,14097,User,5
xdissent,99367,User,5
resouer,1701782,User,5
zhangjianfnst,14323974,User,5
jim-minter,1038301,User,5
fj,57813,User,5
johngossman,6045039,User,5
jbarbier,3643278,User,5
ichik1,6847428,User,5
fntlnz,3083633,User,5
mkumatag,12646029,User,5
mbentley,414445,User,5
nivoc,212133,User,5
mwhudson,672022,User,5
milindchawre,21288765,User,5
naveed-jamil-tenpearls,19566134,User,5
normalfaults,1451469,User,5
raja-sami-10p,12810188,User,5
RickWieman,1265791,User,5
sachin-jayant-joshi,10199456,User,5
silas,18528,User,5
sindhus,4291156,User,5
inatatsu,9817764,User,5
tomdee,6635,User,5
TylerBrock,280807,User,5
ztombol,5340257,User,5
zelahi,5545603,User,5
amuino,47512,User,4
kim0,59667,User,4
cloojure,7083783,User,4
alfred-landrum,704945,User,4
anandkumarpatel,2194285,User,4
kippandrew,395128,User,4
tonto,2320239,User,4
avsm,53164,User,4
noxiouz,664573,User,4
blakery,1930315,User,4
BrianBland,2295742,User,4
ChanderG,6350377,User,4
ChristopherBiscardi,551247,User,4
clintkitson,1395761,User,4
ColinHebert,232139,User,4
daniel-garcia,366029,User,4
dattatrayakumbhar,21226676,User,4
davidxia,480621,User,4
xiaods,37678,User,4
epc,85881,User,4
glensc,199095,User,4
lelenanam,4003503,User,4
FengtuWang,20568645,User,4
fate-grand-order,25143366,User,4
irachex,596262,User,4
prologic,1290234,User,4
jamiehannaford,1867202,User,4
jbbarth,29363,User,4
yadutaf,739985,User,4
gondor,148656,User,4
jperrin,8331520,User,4
jpopelka,288686,User,4
jonboulle,2601015,User,4
jmccrohan,315209,User,4
gamykla,16226160,User,4
kblin,76448,User,4
ohmk,736502,User,4
krasi-georgiev,8903888,User,4
larsks,82622,User,4
lyndaoleary,9422816,User,4
tamsky,96978,User,4
ToothlessGear,1630038,User,4
mtesselH,9411836,User,4
reds,21436,User,4
mattmoor,2442466,User,4
mchelen,30691,User,4
niallo,218162,User,4
TintypeMolly,2056635,User,4
pmorie,366488,User,4
peggyl,2467815,User,4
psftw,93800,User,4
pcarrier,8641,User,4
ypid,1301158,User,4
Painted-Fox,1155602,User,4
sevki,429977,User,4
mYmNeo,1198961,User,4
sirupsen,97400,User,4
simonferquel,1677333,User,4
thijsterlouw,126053,User,4
thomasleveil,42300,User,4
tlunter,787998,User,4
twhiteman,11507664,User,4
vikstrous,482425,User,4
hamo,94987,User,4
ZJaffee,8882469,User,4
lizf-os,12707038,User,4
pwzgorilla,15075940,User,4
q384566678,19640187,User,4
maxamillion,839000,User,3
zhgwenming,1507590,User,3
inercia,1841612,User,3
amir73il,453028,User,3
andreaturli,222887,User,3
a-ba,6051986,User,3
anujbahuguna,6010189,User,3
barnybug,146373,User,3
brendandixon,305205,User,3
bexelbie,7413661,User,3
bjaglin,349077,User,3
bbigras,24027,User,3
bmurphy1976,270488,User,3
cezarsa,11041,User,3
cpswan,478926,User,3
berendt,419091,User,3
cmehay,1365323,User,3
c00w,486199,User,3
DeX77,126107,User,3
hairyhenderson,2037086,User,3
ddgenome,57881,User,3
dimastopel,675265,User,3
dineshs-altiscale,5912118,User,3
dustin,1779,User,3
dekobon,490392,User,3
emilyrose,617235,User,3
offby1,3145,User,3
EricR,433645,User,3
euank,2147649,User,3
flixr,104257,User,3
GermanDZ,570991,User,3
Govinda-Fichtner,598566,User,3
gsalgado,412274,User,3
Crazykev,7436779,User,3
jonasi,379851,User,3
wenjianhn,872568,User,3
KingEmet,1200829,User,3
jecarey,14912718,User,3
jphuynh,2276335,User,3
jimmypuckett,3220069,User,3
jbeda,37310,User,3
yosifkit,896423,User,3
joelhandwell,3857152,User,3
johnharris85,746221,User,3
jobrieniii,178399,User,3
zimbatm,3248,User,3
blissdev,3456,User,3
kdomanski,993296,User,3
KostyaSha,231611,User,3
kwk,193408,User,3
kunalkushwaha,2758433,User,3
lmars,488515,User,3
lloydde,962387,User,3
cr7pt0gr4ph7,3719586,User,3
lhuard1A,9693988,User,3
manuel-woelker,42746,User,3
msabramo,305268,User,3
goldmann,43489,User,3
mariussturm,356597,User,3
matthewmueller,170299,User,3
maximkulkin,10785,User,3
Supermathie,410018,User,3
mikedanese,1787169,User,3
mgoelzer,225111,User,3
mohitsoni-ebay,4393505,User,3
moysesb,3748237,User,3
NathanMcCauley,695682,User,3
nathwill,371597,User,3
ndarilek,1172,User,3
dmp42,332946,User,3
cles,1462864,User,3
pandrew,62352,User,3
Snorch,6671311,User,3
mota,547779,User,3
rafecolton,1058475,User,3
rhuss,99080,User,3
samjsharpe,1733719,User,3
sbose78,545280,User,3
sebastienhouzet,2550639,User,3
seblu,615816,User,3
samoht,103693,User,3
thtanaka,16723819,User,3
capkurmagati,11385129,User,3
thockin,5595220,User,3
tobstarr,5281,User,3
tombee,60068,User,3
roylee17,97372,User,3
getvictor,2685025,User,3
rutsky,46573,User,3
VojtechVitek,139342,User,3
wefine,22292664,User,3
williamh,64355,User,3
ncoolz,3197984,User,3
yestin,1762487,User,3
zilin,1445084,User,3
apocas,597413,User,3
buddhamagnet,35007,User,3
dkumor,5931166,User,3
hsinko,13295933,User,3
imreFitos,4087932,User,3
mapk0y,1929339,User,3
abh1nav,599367,User,2
muchweb,7157049,User,2
alexellis,6358735,User,2
alex,772,User,2
tealtail,1327886,User,2
blatyo,71221,User,2
alvin319,909071,User,2
AmeBel,2135577,User,2
amylindburg,3268346,User,2
andi5,42928,User,2
AndrewGuenther,495596,User,2
andrewmunsell,357386,User,2
anweiss,2326106,User,2
