ncw,536803,User,1252
klauspost,5663952,User,45
breunigs,307954,User,21
Dedsec1,8762576,User,6
azgul,678980,User,5
shalupov,1244223,User,5
0xJAKE,17348087,User,3
marcopaganini,7425028,User,3
sweharris,9579870,User,3
sainaen,2400185,User,3
yonjah,1829789,User,3
Cubox-,479129,User,2
arcimboldo,1442997,User,2
billziss-gh,15330948,User,2
bep,394382,User,2
ebridges,1581123,User,2
fornwall,277251,User,2
jackschmidt,1107865,User,2
mxl,1078685,User,2
radek-senfeld,1120464,User,2
thechile,3511504,User,2
sjurtf,2546167,User,2
vtolstov,481307,User,2
wernight,145667,User,2
xlucas,2470398,User,2
meirelles,5552033,User,1
alexcouper,837734,User,1
ali-l,8869764,User,1
anisse,786970,User,1
bjornharrtell,141030,User,1
bpot,8415,User,1
brandur,96890,User,1
stengaard,1597744,User,1
cbess,10981,User,1
colinn,366359,User,1
danny8376,3490463,User,1
kynikos,1174392,User,1
B4dM4n,448169,User,1
databus23,439223,User,1
felixbuenemann,909587,User,1
harshavardhana,622699,User,1
hzarka,56468,User,1
hraban,137852,User,1
kharin,242410,User,1
idvoretskyi,118459,User,1
jgsofi,12817596,User,1
jimt,180326,User,1
jpap,343842,User,1
jncraton,103612,User,1
jyergatian,1728967,User,1
josephspurrier,2394539,User,1
jrw972,9758895,User,1
j-vizcaino,4704917,User,1
leighklotz,1514208,User,1
lloesche,2124094,User,1
mwitkow,9655971,User,1
mike-tesch,1396261,User,1
cederberg,11371,User,1
Ruwbin,1183676,User,1
Tolsi,1512650,User,1
shimondoodkin,314464,User,1
stefangweichinger,2673904,User,1
sjlu,329917,User,1
tcf909,1562915,User,1
thibaultmol,1010226,User,1
tmazur,202591,User,1
toomuchio,14160086,User,1
yarikoptic,39889,User,1
zahiar,310030,User,1
zmwangx,4149852,User,1
dibu28,446262,User,1
emyarod,8265238,User,1
gdm85,7117866,User,1
marvwatson,26767071,User,1
okaresz,1652390,User,1
rlapray,3652521,User,1
xor-zz,48681,User,1
