mreiferson,187441,User,1216
jehiah,45028,User,378
ploxiln,649835,User,43
danielhfrank,409199,User,22
elubow,82815,User,11
twmb,1283109,User,10
judwhite,729716,User,9
kenjones-cisco,7967510,User,8
Dieterbe,20774,User,7
cespare,318501,User,6
xiaost,5179850,User,6
chrisroberts,266674,User,3
dmarkham,1155019,User,3
dustismo,374802,User,3
losinggeneration,5209,User,3
jnewmano,6687368,User,3
rexposadas,211599,User,3
absolute8511,678699,User,3
datastream,383134,User,3
chen-anders,1686389,User,2
mpe,54119,User,2
michaelhood,359439,User,2
nordicdyno,47291,User,2
joshuarubin,194275,User,2
adamweiner,3752964,User,1
AlekSi,11512,User,1
leshik,443678,User,1
alister,173165,User,1
bschwartz,3779,User,1
crossjam,208062,User,1
bpmason1,5247174,User,1
antihax,6982107,User,1
fsouza,108725,User,1
fbjork,4585,User,1
magnetised,17374,User,1
0xfeeddeadbeef,732366,User,1
iand,18375,User,1
JackDrogon,3295714,User,1
jcoene,283933,User,1
sneak,408977,User,1
juliangruber,10247,User,1
JustinAzoff,65812,User,1
jphines,1100763,User,1
KerwinKoo,7899088,User,1
kzvezdarov,1070962,User,1
slene,653711,User,1
mroth,40650,User,1
mynameisfiber,47370,User,1
mikedewar,149211,User,1
AlphaB,1560086,User,1
dinedal,606028,User,1
ReadmeCritic,15367484,User,1
svmehta,1100765,User,1
adams-sarah,2741356,User,1
sgeller,3200272,User,1
ShawnSpooner,30400,User,1
stephensearles,9724747,User,1
tj,25254,User,1
tsholmes,2865426,User,1
victorquinn,660139,User,1
zachbadgett,916274,User,1
davidbirdsong,407603,User,1
gradetwo,44745,User,1
lxfontes,35205,User,1
sparklxb,2736337,User,1
yejingx,2890050,User,1
