coocood,891222,User,822
shenli,1192573,User,766
siddontang,1080370,User,583
zimulala,4242506,User,567
qiuyesuifeng,1953644,User,370
hanfei1991,20884546,User,360
ngaut,878009,User,342
disksing,12077877,User,242
tiancaiamao,1420062,User,227
c4pt0r,773853,User,107
XuHuaiyu,9039012,User,100
zxylvlp,7372696,User,49
hicqu,8407317,User,34
lamxTyler,16222711,User,24
zhexuany,13320708,User,23
hhkbp2,1933824,User,17
AndreMouche,1085697,User,17
yanzhe-chen,4158637,User,17
huachaohuang,7806468,User,16
zz-jason,5268763,User,15
nieyy,13518782,User,14
louishust,3975139,User,13
zyguan,6850317,User,13
nolouch,6428910,User,13
iamxy,3624895,User,10
stdupp,6189788,User,10
netroby,278153,User,10
morefreeze,1477233,User,10
SteveZhangBit,6336733,User,9
spongedu,4725158,User,9
cznic,729580,User,9
astaxie,233907,User,9
jackysp,4352397,User,8
hawkingrei,3427324,User,8
overvenus,2150711,User,8
andelf,72891,User,7
xwb1989,1270701,User,7
breeswish,1916485,User,7
sllt,2277690,User,7
winkyao,6949944,User,7
bobotu,15031522,User,7
yuanwhy,4101682,User,6
Unknwon,2946214,User,6
gaocegege,5100735,User,5
holys,1198913,User,5
cosmtrek,8832222,User,5
ilovesoup,3347719,User,5
idlesummerbreeze,12642547,User,5
insionng,2784837,User,5
c-wind,4023294,User,5
silentred,3345293,User,4
dawxy,11092308,User,4
zhangjinpeng1987,19700528,User,4
steffengy,1194855,User,4
Tratar,1386888,User,3
wusphinx,1380777,User,3
ariesdevil,7812909,User,3
zhangcoldwater,7858264,User,3
fuxiaohei,2142787,User,3
plutolove,8512477,User,3
qhsong,6668939,User,3
roger-lijian,15354148,User,3
yangwenmai,1710912,User,3
AkihiroSuda,9248427,User,2
arthuryangcs,6555533,User,2
liubin,1212008,User,2
hnakamur,19299,User,2
hzmangel,34920,User,2
hsqlu,1534956,User,2
0x04C2,17510957,User,2
winoros,7846227,User,2
Alienero,5100733,User,2
alston111111,7358378,User,2
cuiyuan,5691442,User,2
fudali113,16189465,User,2
knarfeh,6964284,User,2
lkk2003rty,3778295,User,2
GregoryIan,10701973,User,2
silenceper,2044558,User,2
woodpenker,7452124,User,2
sempr,760120,User,2
BusyJay,1701473,User,2
foobar,5953,User,2
8cbx,1950525,User,1
hamo,94987,User,1
kiroInn,15043493,User,1
choleraehyq,8923413,User,1
chuchao333,1049022,User,1
colelawrence,2925395,User,1
xiaods,37678,User,1
tangdi,6425744,User,1
JackDrogon,3295714,User,1
gelstudios,530111,User,1
guilhermehubner,5081283,User,1
mrmiywj,7459820,User,1
shuhuai007,1732566,User,1
kwo,250985,User,1
EndlessIdea,1527796,User,1
CodeRushing,3175223,User,1
liyu4,5621417,User,1
Librazy,2211542,User,1
myrice,7403192,User,1
ts25504,5451790,User,1
simon-xia,6264665,User,1
mtunique,5835949,User,1
bom-d-van,459505,User,1
WangXiangUSTC,5793595,User,1
yangxuanjia,2627712,User,1
Xuanwo,5351546,User,1
YugandhaD,22338495,User,1
losas,15164479,User,1
codeworm96,8407172,User,1
Zhoubirdblue,8814346,User,1
dcadevil,14159754,User,1
dreamquster,4962716,User,1
framlog,3610083,User,1
hiwjd,1838262,User,1
liugangnhm,743845,User,1
JinheLin,6143402,User,1
lijin,519814,User,1
biolee,7426917,User,1
luckcolors,3228598,User,1
maxwell92,4422664,User,1
queenypingcap,19528243,User,1
tennix,7932127,User,1
ueizhou,26685528,User,1
v01dstar,16486422,User,1
weekface,9758,User,1
youyouhu,29938918,User,1
zs634134578,3043524,User,1
qiukeren,2325492,User,1
