juliusv,538008,User,984
fabxc,4948210,User,888
beorn7,5609886,User,701
matttproud,46149,User,324
brian-brazil,7115638,User,284
discordianfish,275966,User,93
grobie,3432,User,83
bernerdschaefer,193,User,45
brancz,4546722,User,41
matttproud-soundcloud,2270025,User,32
jimmidyson,464659,User,31
stuartnelson3,1398104,User,26
sdurrheimer,1931038,User,22
tomwilkie,444037,User,22
Gouthamve,7354143,User,15
dominikschulz,1449175,User,15
mattbostock,4348848,User,12
Nomon,345450,User,11
dmilstein,658499,User,9
Conorbro,5826063,User,9
AlekSi,11512,User,7
grandbora,1406291,User,7
agaoglu,429429,User,7
alicebob,621306,User,7
mdlayher,1926905,User,7
msiebuhr,330611,User,7
mtanda,224552,User,6
pdbogen,321591,User,6
alileza,1962129,User,5
redbaron,16624,User,5
amorken,1047180,User,5
TheTincho,5602605,User,5
zertosh,830952,User,4
pafuent,6979945,User,4
katcipis,157634,User,4
bekbulatov,175444,User,4
StephanErb,483730,User,4
tcolgate,76019,User,4
hashmap,417244,User,3
igncp,5245900,User,3
jmeulemans,17131131,User,3
jonboulle,2601015,User,3
jml,125674,User,3
mjibson,41181,User,3
miekg,353371,User,3
lightpriest,351445,User,3
peterbourgon,114509,User,3
Bplotka,6950331,User,3
roman-vynar,2220941,User,3
zoidbergwill,2572493,User,3
alexsomesan,1097371,User,2
quinox,739770,User,2
drawks,410276,User,2
dsymonds,31506,User,2
derekmarcotte,12298521,User,2
pydima,5312367,User,2
Marmelatze,199681,User,2
gregorygtseng,2074328,User,2
gottwald,1154338,User,2
fastest963,112555,User,2
JanBerktold,3247489,User,2
lyda,714124,User,2
bigkraig,508403,User,2
laushinka,8015191,User,2
matthiasr,131590,User,2
pieterlange,5185262,User,2
richardkiene,656216,User,2
xperimental,125773,User,2
q3k,315234,User,2
iamseth,131665,User,2
CrazyByDefault,22311967,User,2
kormat,6919822,User,2
stephen-soltesz,1085316,User,2
sman591,1441807,User,2
svend,306190,User,2
tattsun,6785288,User,2
iksaif,1032963,User,2
gesellix,432791,User,2
abraithwaite,3791413,User,1
atombender,50314,User,1
alin-amana,29573495,User,1
drewhemm,4614943,User,1
andrestc,2944739,User,1
knyar,1687799,User,1
audunstrand,3470775,User,1
ben-st,18464684,User,1
bakins,205350,User,1
metcalfc,31925,User,1
caniszczyk,63777,User,1
goller,1922921,User,1
cgroschupp,6190136,User,1
bluecmd,149442,User,1
cmluciano,4790487,User,1
deedubs,10067,User,1
dln,49960,User,1
iokill,707179,User,1
Dieterbe,20774,User,1
dmitris,31205,User,1
ton31337,3352707,User,1
EdSchouten,736085,User,1
fstab,330535,User,1
fatih,438920,User,1
fazalmajid,331198,User,1
federicobaldo,12606516,User,1
unixwitch,185952,User,1
sipian,15672091,User,1
josephtaylor,999191,User,1
jjneely,10540,User,1
Colstuwjx,3972545,User,1
jamessanford,1072753,User,1
jan11011977,1407570,User,1
joonas,19793,User,1
JorritSalverda,136472,User,1
josephwilk,9792,User,1
joshuarubin,194275,User,1
PrFalken,334048,User,1
jhermann,1068245,User,1
keegancsmith,187831,User,1
andmarios,1239679,User,1
mmikulicic,52673,User,1
theneva,1404650,User,1
mattkanwisher,3032,User,1
mssola,767943,User,1
mischief,1487996,User,1
leitzler,3111805,User,1
claushellsing,1248659,User,1
robbiet480,18516,User,1
neumayer,2995289,User,1
robey,172,User,1
robsonpeixoto,124390,User,1
roymiloh,4408911,User,1
yosabra,4295047,User,1
sammcj,862951,User,1
samstarling,42478,User,1
chkno,1118859,User,1
shawnps,80111,User,1
swsnider,1662,User,1
smyrman,75205,User,1
thachmai,1647008,User,1
tomprince,283816,User,1
tommyulfsparre,2462159,User,1
tsenart,67471,User,1
wrouesnel,772445,User,1
gyulaweber,1867903,User,1
eliothedeman,3200833,User,1
gambrose,2676070,User,1
jswitzer,1204555,User,1
nghialv,1751755,User,1
rohit01,1710801,User,1
rojer,531307,User,1
royels,4454340,User,1
YKlausz,19840142,User,1
