robfig,536325,User,510
brendensoares,905501,User,172
pushrax,984857,User,100
jeevatkm,1175977,User,70
notzippy,1387526,User,40
tmbrggmn,1131806,User,36
jgraham909,421552,User,25
verdverm,1390600,User,21
shawncatz,1661830,User,19
pix64,4613961,User,17
landaire,1313522,User,17
nolman,22493,User,16
klauspost,5663952,User,13
ptman,24669,User,11
CasualSuperman,516927,User,10
arkxu,33249,User,10
iamjem,167468,User,9
metafex,1094723,User,9
ottob,67104,User,8
huacnlee,5518,User,7
k0kubun,3138447,User,7
shaban,648673,User,7
DavidHunter,504350,User,6
jcvernaleo,768163,User,6
joecohens,1803556,User,6
torden,3272513,User,6
andrewmunsell,357386,User,5
purohit,336266,User,5
dajohi,3308193,User,5
jstemmer,67066,User,5
JaTochNietDan,2043465,User,5
rverton,1506585,User,5
tgkokk,801854,User,5
longbai,1204301,User,5
pedromorgan,123932,User,5
davidzchen,5283042,User,4
jamesward,65043,User,4
oinume,78990,User,4
lidaobing,27529,User,4
mattbaird,989763,User,4
agtorre,51783,User,3
darkhelmet,36123,User,3
mem,189701,User,3
plamb,20611,User,3
plroman,4819614,User,3
slogsdon,647624,User,3
tmc,3977,User,3
wdreeveii,674753,User,3
ygabo,434770,User,3
funyug,8094201,User,3
opennota,5520115,User,3
pa001024,1817876,User,3
birkirb,60284,User,2
thequux,5264,User,2
erikstmartin,50041,User,2
gyulalaszlo,9590,User,2
ianonavy,790279,User,2
pbnjay,161552,User,2
nkatsaros,595927,User,2
nikoudel,1636683,User,2
acrisci,3258764,User,2
vascop,537021,User,2
vanackere,800632,User,2
ckrissun,4631752,User,2
mpfans,18187177,User,2
mattn,10111,User,2
abustany,2526296,User,1
yulrizka,117752,User,1
alexzorin,311534,User,1
abrander,3726205,User,1
romanoff,222327,User,1
arturolinares,203078,User,1
bejayoharen,1331948,User,1
burberger,846220,User,1
serialx,395732,User,1
dmitrykakunin,5987005,User,1
gothy,131037,User,1
xaionaro,2349376,User,1
dougnukem,56662,User,1
jchavannes,2454558,User,1
jmhodges,598,User,1
jlujan,523510,User,1
xuanxu,6528,User,1
karls,251402,User,1
kyleconroy,34893,User,1
gabrielmiller,1156787,User,1
levigross,80920,User,1
thereallisa,215806,User,1
mceldeen,341596,User,1
Meyermagic,605782,User,1
nathany,4566,User,1
immon,541494,User,1
pschultz,607733,User,1
rjeczalik,1162017,User,1
rsenk330,881590,User,1
fumiyas,289209,User,1
ScotterC,313254,User,1
seanmac02,3892059,User,1
grsmv,115903,User,1
sevki,429977,User,1
ShaneWilton,285821,User,1
voyageth,366810,User,1
wayneashleyberry,727262,User,1
yawboakye,929886,User,1
chucklqsun,15841738,User,1
kumakichi,1632587,User,1
diatmpravin,1097968,User,1
dragon3,20374,User,1
evalphobia,2827521,User,1
hura,671872,User,1
ijl,1977222,User,1
mcheng89,706223,User,1
nadeemc,3429228,User,1
runner-mei,1052632,User,1
vahid-sohrabloo,297210,User,1
op,55245,User,1
