jonboulle,2601015,User,1009
iaguis,507354,User,900
alban,27575,User,518
krnowak,96081,User,507
lucab,98086,User,363
s-urbaniak,375856,User,235
yifan-gu,3278588,User,145
steveeJ,1181362,User,138
philips,33544,User,130
eyakubovich,3586053,User,117
sgotti,1690273,User,95
blixtra,115075,User,92
squeed,551378,User,77
tmrts,5067495,User,57
euank,2147649,User,45
robszumski,755540,User,42
glevand,10858804,User,41
joshix,72905,User,37
dgonyeo,2439413,User,33
jellonek,658436,User,30
kelseyhightower,1123322,User,27
jjlakis,12859079,User,24
monstermunchkin,244787,User,20
tixxdz,1549291,User,19
mjg59,1420843,User,18
0xAX,2699235,User,13
squall0gd,9694425,User,11
fabiokung,5755,User,9
ppalucki,7300298,User,9
matthaias,1446082,User,9
polvi,46035,User,9
jzelinskie,343539,User,8
marineam,153640,User,7
tesujimath,4411912,User,7
jodh-intel,20315601,User,6
lukasredynk,8236208,User,6
chancez,1400401,User,6
derekparker,1314079,User,6
trusch,3001257,User,6
achanda,2165463,User,5
dm0-,1379865,User,5
HuKeping,9958621,User,5
peterbourgon,114509,User,5
gprggr,10325875,User,5
bcwaldon,548759,User,5
xiang90,4479947,User,5
ybubnov,1778407,User,4
silenteh,1299755,User,4
nhlfr,1553979,User,4
DTadrzak,14016611,User,4
aaronlevy,374924,User,3
crawford,368848,User,3
andir,638836,User,3
anguslees,224224,User,3
fourcube,4704176,User,3
dghubble,2253428,User,3
evverx,10195800,User,3
kibra,728648,User,3
mzylowski,13780868,User,3
tjdett,437845,User,3
il9ue,1301097,User,3
ae6rt,392176,User,3
ElijahCaine,1897147,User,3
0xbzho,16853453,User,2
klizhentas,13717,User,2
spoonben,4006413,User,2
bison,240676,User,2
cespare,318501,User,2
rhatdan,2000835,User,2
dfarrell07,880273,User,2
farazfazli,8684210,User,2
gyuho,6799218,User,2
john-pettigrew,6556930,User,2
JulienBalestra,8077192,User,2
astrieanna,1205394,User,2
lucasallan,39306,User,2
mpatelcz,4060472,User,2
mcuadros,1573114,User,2
penberg,81939,User,2
sjpotter,1659735,User,2
vbatts,67049,User,2
zmedico,3420795,User,2
techtonik,515889,User,2
jonasrosland,1690215,User,2
luebken,53055,User,2
deepak1556,964386,User,2
aaronjwood,446283,User,1
jakon89,4528083,User,1
akshaydixi,1679435,User,1
akshaykarle,1443108,User,1
lamielle,16318,User,1
bwalex,317281,User,1
fiorix,129742,User,1
Infra-Red,11172501,User,1
adfernandes,436770,User,1
ankushagarwal,796949,User,1
vCloudernBeer,10287651,User,1
antoinerg,301546,User,1
runcom,849915,User,1
artem-sidorenko,1645670,User,1
xelatex,1745092,User,1
BenjaminHerbert,2254565,User,1
bgilbert,361374,User,1
blakelapierre,777467,User,1
leitao,148379,User,1
bb4242,10068296,User,1
brianredbeard,57542,User,1
bketelsen,37492,User,1
rakyll,108380,User,1
cdrage,6422176,User,1
caniszczyk,63777,User,1
chrisseto,5532905,User,1
DanLipsitt,578773,User,1
dmarcoux,1102934,User,1
castillobgr,2333119,User,1
crquan,45689,User,1
xnox,19779,User,1
dkrzyszczyk,20296701,User,1
sym3tri,224222,User,1
emil2k,2730310,User,1
ceh,248952,User,1
ericchiang,2342749,User,1
filippog,93906,User,1
fwilson42,681716,User,1
kurojishi,818975,User,1
ghigt,2647865,User,1
hamhut1066,1742172,User,1
errordeveloper,251467,User,1
jesperfj,283820,User,1
vreon,52548,User,1
rckclmbr,95075,User,1
jvns,817739,User,1
PrFalken,334048,User,1
kdomanski,993296,User,1
kbeecher,48620,User,1
KarlHerler,209866,User,1
nak3,2138339,User,1
kbrownlees,641520,User,1
kbrwn,4100493,User,1
levigross,80920,User,1
lsm5,247367,User,1
akermu,5903576,User,1
mpasternacki,56355,User,1
marekbiskup,11961560,User,1
MarkKropf,1703729,User,1
markllama,217372,User,1
mpolden,174496,User,1
mblair,63750,User,1
mboersma,73019,User,1
mjibson,41181,User,1
mxinden,7047859,User,1
genedna,76467,User,1
schu,366468,User,1
mike1729,4404982,User,1
TheMRod,5040963,User,1
mischief,1487996,User,1
pbx0,10945781,User,1
ptbrowne,465582,User,1
gdi2290,1016365,User,1
pgburt,711231,User,1
plietar,1489775,User,1
pmorie,366488,User,1
pskrzyns,16152568,User,1
pcx,664963,User,1
philhug,289201,User,1
pierrebeaucamp,3158551,User,1
radhikapc,3285001,User,1
raeesbhatti,10067728,User,1
rahulgopan,7299162,User,1
robphoenix,9257284,User,1
Crosse,1554975,User,1
sjackman,291551,User,1
tauren,282084,User,1
sengaya,1286668,User,1
ChengTiesheng,12829138,User,1
tcyrus,4201229,User,1
tomdee,6635,User,1
gosharplite,5064483,User,1
so0k,1762599,User,1
ykomatsu,277653,User,1
yoshuawuyts,2467194,User,1
azu,19714,User,1
beadon,9771646,User,1
samarvin,2073510,User,1
sbevington,1608027,User,1
