bep,394382,User,1438
spf13,173412,User,466
anthonyfok,1274764,User,261
digitalcraftsman,7010165,User,133
moorereason,131056,User,110
noahcampbell,69080,User,109
bogem,13235519,User,65
tatsushid,5148885,User,35
mohae,2699987,User,24
halostatue,11361,User,20
natefinch,3185864,User,19
g3wanghc,7648872,User,16
SchumacherFM,372027,User,14
vbatoufflet,598433,User,13
owenwaller,1481655,User,12
RickCogley,512328,User,12
k4rtik,374340,User,11
abh,16861,User,10
MarkDBlackwell,692702,User,10
robertbasic,166625,User,9
tychoish,17534,User,9
egonelbre,192964,User,8
scottcwilson,4391638,User,8
vsopvsop,5552204,User,8
mdhender,11139100,User,8
chaseadamsio,1024544,User,7
ariejan,1913,User,6
derekperkins,3588778,User,6
rozza,420,User,6
SvenDowideit,28492,User,6
dunn,985416,User,5
abourget,93424,User,5
jaden,142353,User,5
jygastaud,1499325,User,5
trombonehero,85833,User,5
philpennock,559098,User,5
RubenN,854450,User,5
cactus,59039,User,5
srinivasreddy,198396,User,5
quoha,817514,User,5
mitchchn,7342119,User,5
alanorth,191754,User,4
dato,73768,User,4
ffrizzo,179184,User,4
Mistobaan,112599,User,4
jacobwgillespie,130874,User,4
JoeArizona,8071692,User,4
kzys,19111,User,4
mjanda,652954,User,4
nathany,4566,User,4
stou,146000,User,4
tomhelmer,1961641,User,4
coderzh,329164,User,4
ominty,16482456,User,4
bramp,160627,User,4
ifraixedes,1731633,User,4
fj,57813,User,4
SamuelDebruyn,963413,User,4
egonSchiele,97219,User,3
Secretmapper,4077143,User,3
cabello,60936,User,3
franklinwise,1341543,User,3
hacdias,5447088,User,3
hugoduncan,54043,User,3
yacoob,190463,User,3
jmhodges,598,User,3
jramnani,68455,User,3
ks888,8448120,User,3
ellerbrock,2029255,User,3
biilmann,6515,User,3
naoina,382258,User,3
ryan-kimber,1018189,User,3
rdwatters,8184251,User,3
VonC,79478,User,3
karland,4803370,User,3
magikstm,24783458,User,3
philgs,80589,User,3
socialhacker,3334010,User,3
Dundonian,4316939,User,3
kulla,1327215,User,3
waddles,236990,User,3
onedrawingperday,7918298,User,2
antage,1032,User,2
EitZei,162870,User,2
ArjenSchwarz,1787643,User,2
arunk-s,3816340,User,2
asifm,3958387,User,2
batmat,223853,User,2
wazoo,216878,User,2
benzwu,8346249,User,2
humboldtux,65201,User,2
bhcleek,1958864,User,2
calheira,260913,User,2
choeppler,16307398,User,2
cathalgarvey,1167837,User,2
christianmendoza,2199040,User,2
johnsto,1548274,User,2
calavera,1050,User,2
dkebler,1316185,User,2
vielmetti,35047,User,2
Fale,77888,User,2
gntech,1529109,User,2
Molnfront,935328,User,2
ITSecMedia,3316334,User,2
munnerz,203583,User,2
lotrfan,1551437,User,2
tenfourty,458641,User,2
kujohn,1356936,User,2
JohnBlood,5157847,User,2
jbrodriguez,1305422,User,2
keanemind,20429778,User,2
liwenyip,16456010,User,2
maruel,75011,User,2
mariobox,5903395,User,2
sanbornm,85699,User,2
mbleigh,1022,User,2
mikejt,234509,User,2
dimo414,1885701,User,2
michael-k,152008,User,2
imperialwicket,578319,User,2
nwidger,486290,User,2
aubort,2418026,User,2
rahul286,4115,User,2
rsumilang,1748115,User,2
robmuh,3749067,User,2
roperzh,4419992,User,2
rolpereira,45408,User,2
revelt,8344688,User,2
rubenv,42904,User,2
softinio,3371635,User,2
srukle,9255609,User,2
shekhargulati,184091,User,2
sglyon,1001948,User,2
buynov,503410,User,2
ruimashita,138891,User,2
thijsdezoete,625390,User,2
Dbzman,482264,User,2
d4l3k,909104,User,2
vjeantet,1162157,User,2
kropp,750957,User,2
yihui,163582,User,2
Lynxiayel,1536638,User,2
sergeant,7356015,User,2
aroig,1743143,User,2
LK4D4,101445,User,2
alexandre-normand,788439,User,2
gilbsgilbs,3407667,User,2
elopio,617831,User,2
nsabine,3875056,User,2
miltador,17062283,User,2
hamoid,108264,User,1
adnanh,82367,User,1
lebarde,1624988,User,1
ZetaoYang,10769951,User,1
Akagi201,1207959,User,1
aki237,8568726,User,1
alexleventer,3254549,User,1
alvarogarcia7,4199136,User,1
amitsaha,512598,User,1
rauhs,11081351,User,1
agrunewald-va,2127852,User,1
klingtnet,1538057,User,1
TheAndruu,6318781,User,1
ascarter,4931,User,1
acodispo,307073,User,1
BurntSushi,456674,User,1
adg,8446613,User,1
andrewrjones,140817,User,1
ajlanghorn,683665,User,1
AndrewSpeed,2609244,User,1
antzucaro,502332,User,1
kongakong,40389,User,1
ardianta,4420029,User,1
artem-sidorenko,1645670,User,1
vorot93,240364,User,1
ashutoshgngwr,7106123,User,1
aug-riedinger,1970156,User,1
aure,13122,User,1
AustinDizzy,2718133,User,1
ashitaka1,2586179,User,1
bcampbell,99150,User,1
bmp,1095177,User,1
wmat,57188,User,1
iamjawa,5495897,User,1
bborysenko,3684918,User,1
bradleypeabody,3239710,User,1
brandonblack,489331,User,1
philips,33544,User,1
mogul,47762,User,1
bayne,712014,User,1
brianshumate,77563,User,1
brijeshb42,717550,User,1
brunoamaral,543344,User,1
zivbk1,6154767,User,1
01AutoMonkey,6819983,User,1
theamazingcase,7841936,User,1
cespare,318501,User,1
funkyboy,348355,User,1
chankeypathak,424822,User,1
nirocfz,937279,User,1
bronzehedwick,637174,User,1
metachris,116939,User,1
cburgdorf,521109,User,1
ChristophFloat,3244782,User,1
chreliot,6901739,User,1
CianLR,11367575,User,1
ciarand,2149341,User,1
Clam-,985835,User,1
abhi1010,7310780,User,1
codyopel,5561189,User,1
colinbate,1060912,User,1
dvic,1214337,User,1
callahad,24193,User,1
dckc,150986,User,1
H4tch,3799479,User,1
danapsimer,134839,User,1
danawoodman,157695,User,1
dalanmiller,863286,User,1
danielcompton,811954,User,1
danthedeckie,1070206,User,1
dholbach,1346979,User,1
daniellangnet,768011,User,1
mvdan,3576549,User,1
tischda,299604,User,1
paniko0,928351,User,1
dannys42,207711,User,1
dherbst,136589,User,1
DarwinJS,11597190,User,1
dch,284368,User,1
doctorallen,1033993,User,1
davidcoallier,58398,User,1
oddshocks,1376599,User,1
davidkassa,814849,User,1
oodavid,46879,User,1
DavidOliver,192853,User,1
davidcroda,115285,User,1
davidturnbull,4712958,User,1
dmyates,3908852,User,1
devinschulz,1409087,User,1
fmpwizard,62802,User,1
dmerejkowsky,606755,User,1
dmitriid,32768,User,1
deemson,4638456,User,1
horner,6094599,User,1
dplesca,463908,User,1
duncanbeevers,7367,User,1
dylanmackenzie,5091377,User,1
eamonnmcevoy,15125471,User,1
emilyhorsman,3536823,User,1
emilykimhuynh,11050410,User,1
esaezgil,9342125,User,1
erjohnson,3651976,User,1
ebsen,1470255,User,1
klakegg,126939,User,1
ehershey,286008,User,1
ethanmad,6319850,User,1
ebr,2433541,User,1
EvanPurkhiser,1421724,User,1
aydos,637839,User,1
feliperohde,986098,User,1
fexblanco,1516737,User,1
noqqe,203902,User,1
thefln,10501855,User,1
fblecha,55011,User,1
frankbraun,1965208,User,1
DirtyF,103008,User,1
brasilikum,3106990,User,1
shapeshed,33444,User,1
gcastel,535001,User,1
Skarlso,182850,User,1
imrehg,38863,User,1
GjjvdBurg,3286696,User,1
ginabythebay,4225115,User,1
blossomica,6190813,User,1
GraemeCaldwell,3914398,User,1
consequently,724656,User,1
gunnarmorling,28612,User,1
choueric,789292,User,1
hansott,3886384,User,1
hloeffler,6627191,User,1
cryptix,111202,User,1
hhatto,150309,User,1
zerok,3782,User,1
hughgrigg,5269283,User,1
icaroseara,3177703,User,1
igorkulman,4746070,User,1
igregson,2054975,User,1
rayjolt,5244112,User,1
jcbwlkr,2027263,User,1
RealOrangeOne,6527489,User,1
jmitchell,77286,User,1
jloh,3689532,User,1
jamesacampbell,616585,User,1
tuxcanfly,132667,User,1
jaydreyer,1815281,User,1
JelmerT,873684,User,1
janzhou,2863992,User,1
jimmysawczuk,590736,User,1
tjkopena,1175848,User,1
jmcfarlane,28872,User,1
joonazan,12446740,User,1
jpatters,195614,User,1
jorinvo,738978,User,1
jmanders85,13949092,User,1
josephkaptur,792558,User,1
PuffinBlue,9618505,User,1
jhabdas,440298,User,1
wholien,14224739,User,1
s7anley,640131,User,1
ijanos,175447,User,1
kaitlinnewson,6903515,User,1
kamilsk,1165416,User,1
kevinburke,234019,User,1
kjhealy,5760,User,1
kiley0,3933881,User,1
KimGressens,866300,User,1
kyoshino,2929505,User,1
sprig,2652983,User,1
krig,25527,User,1
thenonameguy,2217181,User,1
kylewm,950127,User,1
kmleow,9931334,User,1
LiaungYip,2173684,User,1
hut8,363720,User,1
LordFPL,2177350,User,1
lbolla,20991,User,1
targodan,6468902,User,1
lukeholder,133571,User,1
mhe,45097,User,1
hjr265,348107,User,1
mantastrunce,603673,User,1
liyanage,52640,User,1
gato,638526,User,1
bojako,2419687,User,1
philoserf,1007647,User,1
marqmarti,3709255,User,1
mtbhomer,182211,User,1
marfi,1101157,User,1
marvinpinto,1159942,User,1
moxiegirl,1347209,User,1
masasam,19677939,User,1
masa0221,1150769,User,1
mattstratton,1280666,User,1
mbresson,1840201,User,1
wader,185566,User,1
MaxMilton,14946546,User,1
maxandersen,54129,User,1
maxime-michel,14178626,User,1
mikefaille,978196,User,1
michaelorr,1821185,User,1
mdwhatcott,202910,User,1
md5,76367,User,1
mkeesey,1136507,User,1
mortonfox,495892,User,1
MunifTanjim,8050659,User,1
nathanleclaire,1476820,User,1
adiabatic,101246,User,1
nelsonsilva,6028,User,1
Nichlas,200491,User,1
nthomsn,8507561,User,1
nikolas,59292,User,1
xboston,201306,User,1
nishanths,6028224,User,1
notzippy,1387526,User,1
ntns,1618832,User,1
oscar-b,85102,User,1
wpk-,4181003,User,1
Lusitaniae,58325,User,1
melo,485,User,1
petercossey,106573,User,1
pkra,426686,User,1
anagio,1071553,User,1
peterychuang,13787892,User,1
phil-opp,1131315,User,1
octref,4033249,User,1
piotrkowalczuk,2438924,User,1
vyuh,6509395,User,1
pra85,829526,User,1
hxlnt,9647195,User,1
rafaelmonteiro,1180413,User,1
ramonski,713193,User,1
rdegges,90247,User,1
galaktor,1070055,User,1
ratson,2682937,User,1
raylai,1692664,User,1
renatovargas,2195546,User,1
pcdummy,358074,User,1
felicianotech,6017470,User,1
rmetzler,58824,User,1
rickyhan,1768528,User,1
riqpe,1518025,User,1
abdullin,504782,User,1
robertaistleitner,7023117,User,1
Razer6,278301,User,1
robstarbuck,5805251,User,1
rosarior,413955,User,1
lucumt,5226038,User,1
roostr,978146,User,1
rustyoz,1628200,User,1
ryanclarke,2686469,User,1
popthestack,136891,User,1
ns3777k,4613880,User,1
loongmxbt,5986600,User,1
sambooo,979495,User,1
slel,2786973,User,1
prashker,1865169,User,1
sanjay-saxena,7605221,User,1
scopelemanuele,5184599,User,1
scottgallant,776019,User,1
SebiGo,12931516,User,1
HatiEth,2025382,User,1
SebastianM,275268,User,1
msoap,844117,User,1
shaief,899702,User,1
Sharon-L,27726779,User,1
shivanshuag,1760403,User,1
shubhojyoti,7550811,User,1
popstas,3027126,User,1
Steef435,1906214,User,1
StefanoChiodino,1428893,User,1
sje30,1095067,User,1
stevemoser,89981,User,1
SzymonKatra,4078086,User,1
elim,7157,User,1
takuti,853567,User,1
TejasQ,9947422,User,1
gitter-badger,8518239,User,1
TheCodeKing,919438,User,1
TBeijen,150935,User,1
TimDumol,49169,User,1
timesselens,355826,User,1
oylenshpeegul,54600,User,1
timrourke,8141770,User,1
tdhopper,611122,User,1
tkschmidt,409660,User,1
tombennet,8306782,User,1
tom-harvey,17203031,User,1
ptomasroos,1064547,User,1
korzonek,24727,User,1
tobbez,9334,User,1
zeropaper,65971,User,1
vkarpov15,1620265,User,1
vharitonsky,1697027,User,1
th4t,2801030,User,1
wadewegner,746259,User,1
steambap,9855651,User,1
quentusrex,187192,User,1
tehbilly,1431035,User,1
wgroeneveld,304593,User,1
wouterspee,765499,User,1
fredxinfan,18909,User,1
yizhexu,7387309,User,1
glabra,7780558,User,1
zachad,48634,User,1
zanedev,817344,User,1
astrochili,4752473,User,1
avinassh,640792,User,1
balaramadurai,13183107,User,1
