calmh,125426,User,3002
AudriusButkevicius,1144861,User,833
Zillode,14169,User,58
norgeous,4681349,User,26
lkwg82,1891171,User,25
imsodin,15955093,User,25
andersonvom,69922,User,21
rumpelsepp,1961699,User,21
uok,9367272,User,19
canton7,568104,User,17
alex2108,6099511,User,13
cqcallaw,312296,User,10
KayoticSully,622210,User,10
plouj,282428,User,9
filoozom,6319092,User,9
ralder,10889830,User,9
nrm21,15898046,User,9
kamadak,4836155,User,7
wweich,1026763,User,7
aviau,2706882,User,6
jedie,71315,User,6
xduugu,1039174,User,5
brgmnn,1955273,User,5
krozycki,4281416,User,5
peterhoeg,722550,User,5
pluby,1944403,User,5
letiemble,127328,User,5
seehuhn,584729,User,4
pyfisch,2781017,User,4
Unrud,11810547,User,4
jpjp,6050800,User,4
Stefan-Code,9949033,User,4
tojrobinson,2260959,User,4
frioux,8163,User,3
acogdev,3373340,User,3
marclaporte,1004261,User,3
bigbear2nd,7719800,User,3
kluppy,15791666,User,3
kozec,1282500,User,3
jarlebring,11163595,User,3
fti7,7014664,User,3
qbit,68368,User,2
mogwa1,4405330,User,2
bsidhom,1359900,User,2
tpng,2070782,User,2
cdhowie,354641,User,2
moshen,168513,User,2
zukoo,1842940,User,2
HairyFotr,566245,User,2
dzarda,3955056,User,2
ironmig,9502636,User,2
spk,98590,User,2
elopio,617831,User,2
majedev,7418142,User,2
marcindziadus,3904446,User,2
burkemw3,665792,User,2
kralo,3055678,User,2
MikeLund,17044744,User,2
nbraud,1155801,User,2
liusy182,3293332,User,2
veeti,124223,User,2
kc1212,1093806,User,2
kwhite17,2366492,User,2
ProactiveServices,4228567,User,2
adelq,929309,User,1
andrew-d,1079173,User,1
0x010C,7341555,User,1
Aranjedeath,8355878,User,1
moben,556031,User,1
philips,33544,User,1
brendanlong,1447206,User,1
carstenhag,3776997,User,1
Cathryne,757323,User,1
cdata,240083,User,1
dwvisser,490575,User,1
mvdan,3576549,User,1
dtchanpura,5254217,User,1
dva,365010,User,1
asdil12,725608,User,1
elliot-labs,5030490,User,1
ceh,248952,User,1
facastagnini,1544371,User,1
Nutomic,1044450,User,1
hboetes,2285225,User,1
Smiley73,16527350,User,1
jgke,798778,User,1
jayachithra,23461501,User,1
spaam,202428,User,1
sciurius,1118804,User,1
jonathancross,5115470,User,1
jmdaweb,9821164,User,1
keith-turner,1268739,User,1
LordLandon,168393,User,1
mpx,1345076,User,1
mateon1,1754784,User,1
maximal,980679,User,1
MoOx,157534,User,1
Rewt0r,2598704,User,1
boone,6807,User,1
Niller303,2797716,User,1
NoLooseEnds,4103531,User,1
pascalj,330168,User,1
PeterDaveHello,3691490,User,1
phil-davis,1535615,User,1
RichiH,754723,User,1
zaynetro,627197,User,1
rasa,220772,User,1
sacheendra,5353969,User,1
timabell,19378,User,1
timhowes,6392631,User,1
tnn2,6968373,User,1
tylerbrazier,4481528,User,1
Vilbrekin,281450,User,1
wsgcsysadmin,9966791,User,1
wkennington,1773309,User,1
damajor,1475820,User,1
eipiminus1,11791837,User,1
andresvia,4180794,User,1
andyleap,1445195,User,1
bencurthoys,4848856,User,1
benshep,5038790,User,1
buinsky,9297293,User,1
chucic,10828858,User,1
dartraiden,5046855,User,1
derekriemer,5350077,User,1
dinosore,11523591,User,1
janost,11500057,User,1
jaseg,136313,User,1
marco-m,3075069,User,1
nov1n,4356790,User,1
perewa,19825370,User,1
piobpl,2089628,User,1
scienmind,11633330,User,1
snugghash,4134288,User,1
p4ssw0rd,3827464,User,1
