tsenart,67471,User,271
jpfuentes2,87429,User,13
peterbourgon,114509,User,3
cwinters,21665,User,2
GeertJohan,564501,User,2
gidsg,1764158,User,2
oneness,472757,User,2
nesQuick,584259,User,2
pwaller,438648,User,2
sirupsen,97400,User,2
Mistobaan,112599,User,2
xla,1585,User,1
topliceanu,462588,User,1
scalp42,1475276,User,1
ciarand,2149341,User,1
Davidslv,136777,User,1
JimiHFord,1879448,User,1
keijiyoshida,19633595,User,1
mickey,10755,User,1
nikai3d,494755,User,1
proullon,3083356,User,1
spier,163029,User,1
slimsag,3173176,User,1
timjnh,224913,User,1
tredman,3129677,User,1
kikito,63131,User,1
zackshen,3042597,User,1
