meatballhat,45143,User,210
jszwedko,316880,User,208
codegangsta,178316,User,138
smousa,3171936,User,13
blaubaer,298984,User,11
AudriusButkevicius,1144861,User,9
mattfarina,62991,User,8
xyproto,52813,User,6
kytrinyx,276834,User,6
imdario,163009,User,6
hirose31,9108,User,6
joshuarubin,194275,User,5
MartyMacGyver,1078647,User,5
tristanz,290978,User,5
ykanda,322414,User,5
harshavardhana,622699,User,4
jaredly,112170,User,4
txgruppi,91159,User,4
josephlr,5506060,User,4
fernandezvara,358493,User,3
bfreis,261623,User,3
paked,8407370,User,3
bunnymatic,427380,User,3
Soulou,329969,User,3
wking,209920,User,3
ston1th,15181923,User,3
ChrisPRobinson,4304218,User,3
AlexanderChen1989,2957936,User,2
runcom,849915,User,2
artnez,396654,User,2
cpuguy83,799078,User,2
Winslett,80353,User,2
gregb,643817,User,2
Jille,460628,User,2
KSubedi,810307,User,2
kevin-cantwell,307864,User,2
mikegehard,128210,User,2
nathanleclaire,1476820,User,2
mhmxs,4972503,User,2
thesyncim,916501,User,2
tianon,161631,User,2
vieux,1032519,User,2
yichengq,2976232,User,2
nyushi,7060600,User,2
mh-cbon,17096799,User,2
databus23,439223,User,2
andreas-kupries,577247,User,1
andyhmltn,933505,User,1
appleboy,21979,User,1
dotCipher,3977074,User,1
cab,271280,User,1
dam5s,7207,User,1
gummiboll,1127811,User,1
Felamande,7405864,User,1
langri-sha,77084,User,1
rosenhouse,4128521,User,1
GJRTimmer,6072255,User,1
ghigt,2647865,User,1
osocurioso,191517,User,1
jackc,94130,User,1
grubernaut,3082319,User,1
jamescun,358032,User,1
taeram,46863,User,1
jmervine,837893,User,1
kklipsch,673953,User,1
klueska,96419,User,1
thiderman,155394,User,1
technosophos,89193,User,1
matthewmcnew,1323229,User,1
wallclockbuilder,2033945,User,1
MaximilianMeister,5364817,User,1
nthnca,21989479,User,1
nrdufour,49407,User,1
nikkolasg,2564747,User,1
nbjahan,24282074,User,1
nodirt,643254,User,1
muraty,817164,User,1
penberg,81939,User,1
peterbourgon,114509,User,1
psmit,202014,User,1
gravis,12752,User,1
karalabe,129561,User,1
radeksimko,287584,User,1
guywithnose,1059169,User,1
rbjorklin,1704798,User,1
rmg,17978,User,1
ryansb,636610,User,1
rschmukler,651740,User,1
szaydel,249424,User,1
saromanov,7413968,User,1
keloyang,11223367,User,1
tjarratt,249262,User,1
tcyrus,4201229,User,1
korzonek,24727,User,1
Zearin,630124,User,1
djui,99752,User,1
vishalsodani,364183,User,1
ysh7,13130353,User,1
npcode,1129852,User,1
adamclerk,67539,User,1
bryanl,240,User,1
drekar,151484,User,1
cactus,59039,User,1
Velik123,14245719,User,1
pivaldi,677917,User,1
roboll,1259631,User,1
morfu,735382,User,1
smallfish,105860,User,1
