yudai,33192,User,145
uovobw,1194751,User,4
moul,94029,User,4
QuentinPerez,3081204,User,3
freakhill,916582,User,2
skeltoac,52292,User,1
artdevjs,7567983,User,1
blakejennings,1976331,User,1
jensenbox,189265,User,1
widdma,3401668,User,1
jay2u,782031,User,1
stucchimax,1331438,User,1
rmetzler,58824,User,1
guywithnose,1059169,User,1
shoz,225194,User,1
tsl0922,1680515,User,1
gitter-badger,8518239,User,1
xinsnake,1287677,User,1
zyfdegh,7880217,User,1
mattn,10111,User,1
shingt,1391330,User,1
