zyedidia,5513065,User,1076
boombuler,275687,User,55
onodera-punpun,5213535,User,39
samdmarshall,1087718,User,19
aerth,6263105,User,18
ilius,197648,User,10
handicraftsman,6382804,User,9
NicolaiSoeborg,8722223,User,9
tommyshem,1952659,User,9
10sr,139241,User,7
jncraton,103612,User,6
techtonik,515889,User,6
Calinou,180032,User,4
elopio,617831,User,4
clemenscorny,1033108,User,3
Necklaces,6997961,User,3
Theodus,9407624,User,3
bvaudour,5664731,User,3
DanielPower,12166320,User,3
popey,1841272,User,2
McSwaggens,13931860,User,2
devoncarew,1269969,User,2
sirikid,4840430,User,2
jtolds,109603,User,2
mame98,6823756,User,2
markus-oberhumer,2130496,User,2
nueh,919208,User,2
ulrichSchreiner,1642951,User,2
schollz,6550035,User,2
timon999,20443083,User,2
OneOfOne,1080443,User,1
legionus,1690313,User,1
ilmanzo,1872816,User,1
apjanke,2618447,User,1
benjamreynolds,11561578,User,1
ColinRioux,4181161,User,1
GeigerCounter,13844324,User,1
dtakahas,575489,User,1
eyelash,2668288,User,1
frankbraun,1965208,User,1
toxinu,293337,User,1
tanuck,289004,User,1
jfchevrette,3001,User,1
dsnet,6354026,User,1
mholt,1128849,User,1
akkatracker,2032746,User,1
nicqrocks,10538387,User,1
harishnavnit,5815030,User,1
HeavyHorst,16866547,User,1
rgburke,7596018,User,1
rohanthewiz,1130495,User,1
hidaruma,12541582,User,1
gitter-badger,8518239,User,1
novln,707992,User,1
zonuexe,822086,User,1
wayneashleyberry,727262,User,1
yursan9,17114559,User,1
adrian5,5426924,User,1
alialaee,15520787,User,1
bazzilic,1805832,User,1
thecotne,1606993,User,1
skovsgaard,795341,User,1
teryanik,3879051,User,1
to-miz,20096902,User,1
xDShot,4261659,User,1
zenlc2000,1459376,User,1
