.DS_Store,null
activeadmin,16470
awesome-awesomeness,353
awesome-react-native,906
better_errors,1276
bootstrap-sass,5594
bourbon,1330
brew,49369
cancan,2639
capistrano,5708
capybara,14379
carrierwave,9468
CocoaPods,22063
cucumber-ruby,17288
devdocs,20062
devise,11178
diaspora,74281
dotfiles,3256
engineering-blogs,708
factory_girl,6359
faker,6929
fastlane,68673
fluentd,54098
fpm,7040
grape,19921
guard,9160
guides,1254
homebrew-cask,45363
huginn,33464
jekyll,13329
kaminari,2423
legacy-homebrew,16656
liquid,7932
logstash,34404
mastodon,13380
metasploit-framework,632537
middleman,13069
octopress,1245
omniauth,2041
paperclip,12717
progit,958
pundit,968
quine-relay,3240
rails-api,913
rails_admin,15662
resque,5369
rubocop,99250
sass,32435
sidekiq,8070
simple_form,7528
sinatra,22330
spree,57712
synx,688
tmuxinator,2497
vagrant,60374
whenever,2725
will_paginate,2889
