AFNetworking,7997
Alcatraz,1989
asi-http-request,14126
bitbar,1685
BlocksKit,6560
Chameleon,2771
CocoaAsyncSocket,15786
CocoaLumberjack,16533
Dash-iOS,23226
DZNEmptyDataSet,7885
facebook-ios-sdk,35762
FastImageCache,2269
FlatUIKit,2261
FLEX,11843
fmdb,4746
GitUp,28226
GPUImage,29752
iCarousel,20350
IQKeyboardManager,18030
iTerm2,156193
JazzHands,5707
JSONKit,2290
jsonmodel,3368
JSQMessagesViewController,6288
JVFloatLabeledTextField,838
lottie-ios,6578
macdown,6155
MagicalRecord,6170
Mantle,3337
Masonry,4424
MBProgressHUD,1767
MJExtension,1676
MJRefresh,2718
MMDrawerController,2923
MWPhotoBrowser,9716
nimbus,22145
OpenEmu,37671
PNChart,3427
PureLayout,3462
Reachability,566
realm-cocoa,17507
RESideMenu,1278
RestKit,31247
SDWebImage,3630
Shimmer,526
SlackTextViewController,5490
slate,11017
SocketRocket,2705
spectacle,4660
SVProgressHUD,1416
SWTableViewCell,1134
three20,null
trip-to-iOS,296
TTTAttributedLabel,2545
UITableView-FDTemplateLayoutCell,667
VVDocumenter-Xcode,2022
WebViewJavascriptBridge,1028
xctool,26240
YYKit,179744
YYText,18310
