apex,6288
awesome-go,1348
beego,34360
bolt,9062
build-web-application-with-golang,54456
caddy,27340
cadvisor,122410
cayley,43897
cli,7123
cockroach,316609
codis,185472
consul,379419
cow,5795
ctop,2451
delve,165736
drone,187837
echo,6740
etcd,352032
flynn,428279
fzf,9608
gin,6413
go,1078039
gogs,452995
gopherjs,15686
goreplay,7248
gorm,10536
gotty,6771
grafana,271222
groupcache,2022
grumpy,36988
hub,29013
hugo,35770
influxdb,115263
iris,524563
kcptun,920
kit,17554
kubernetes,1958917
lantern,424982
martini,3522
micro,11400
minio,271808
moby,699947
ngrok,3867
noms,371624
nsq,15701
packer,423558
primitive,1702
prometheus,721226
rclone,249541
revel,7677
rkt,307876
syncthing,304226
termui,4193
terraform,1921297
tidb,484932
traefik,1156184
vault,634958
vegeta,1833
websocketd,1877
wuzz,2337
