.DS_Store,null
api,6561
Cachet,37867
cakephp,161223
Carbon,10135
CodeIgniter,35419
composer,47823
core,412796
cphalcon,394334
daux.io,4617
deployer,5580
DesignPatternsPHP,10584
doctrine2,90535
dompdf,21629
entrust,1913
Faker,81524
framework,77960
google-api-php-client,6404
Goutte,503
grav,57154
guzzle,8234
humhub,182345
image,11186
jwt-auth,4715
koel,6523
laravel-debugbar,2852
laravel-ide-helper,1498
laravel,916
lumen,259
Lychee,3568
magento2,1314420
Mobile-Detect,8873
monolog,12961
october,167352
openbay,7404
pagekit,43368
paperwork,18552
parsedown,1268
phabricator,429170
PHP-CS-Fixer,57564
PHPExcel,69553
PHPMailer,7052
phpunit,107214
piwik,238200
react,307
sage,645
SecLists,811
Silex,7292
Slim,9795
symfony,252672
Twig,13751
Validation,28423
VVV,1084
wechat,11496
whoops,3369
WordPress-Plugin-Boilerplate,161
WordPress,179897
Workerman,3783
WP-API,14340
yii,742721
yii2,123601
