anypixel,44213
Arduino,98825
brotli,16316
ccv,124889
Craft,137063
curl,101538
disque,40209
emscripten,455506
FFmpeg,843991
goaccess,17255
grpc,170962
h2o,111053
How-to-Make-a-Computer-Operating-System,13384
ijkplayer,18626
jq,17189
JSPatch,6391
libgit2,149877
libui,9535
libuv,45899
lua-nginx-module,35631
macvim,289843
masscan,22997
memcached,12402
micropython,250712
Mirai-Source-Code,7484
mjolnir,11973
mpv,108406
netdata,37894
nginx-rtmp-module,21838
nuklear,29137
numpy,145082
obs-studio,114958
openpilot,26869
php-src,1036341
phpredis,12633
radare2,402641
redis,89234
robotjs,2836
seafile,47822
skynet,31714
stb,45583
streem,8930
swoole-src,46549
synergy,66909
Telegram,271178
tengine,158497
The-Art-Of-Programming-By-July,11305
the_silver_searcher,3479
tig,14757
tmux,34796
torch7,16705
toxcore,27423
twemproxy,12423
vim,300982
wrk,null
xhyve,24067
zstd,49042