.DS_Store,null
angular.js,231582
async,12128
axios,6271
babel,48537
backbone,19223
bootstrap,20823
Chart.js,22970
clipboard.js,1025
create-react-app,5057
d3,null
echarts,189861
ember.js,79525
express,11416
foundation-sites,34633
free-programming-books-zh_CN,685
freeCodeCamp,44981
fullPage.js,5426
Ghost,52574
gulp,2307
hacker-scripts,222
hammer.js,5185
html5-boilerplate,1513
hyper,5995
immutable-js,13615
impress.js,640
javascript,3977
jQuery-File-Upload,4975
jquery,43172
json-server,2082
Leaflet,69624
lodash,5308
markdown-here,24601
materialize,14355
meteor,186241
Modernizr,12355
moment,145404
node,1311821
nylas-mail,45155
pm2,21381
react-native,111384
react-router,9930
react,116992
redux,8688
resume.github.com,489
sails,22786
select2,34975
Semantic-UI,72342
slick,2067
socket.io,174225
three.js,534598
todomvc,517524
underscore,7809
webpack,38416
yarn,20788
You-Dont-Know-JS,21464
