redmunds,1197144,User,1842
jasonsanjose,1148713,User,1724
njx,697759,User,1433
peterflynn,1197510,User,1064
gruehle,1060119,User,1003
RaymondLim,1542488,User,905
dangoor,55970,User,904
tvoliter,1184639,User,591
MarcelGerber,2641501,User,507
TomMalbran,1299997,User,413
walfgithub,2049361,User,407
larz0,1495261,User,400
iwehrman,1075154,User,339
JeffryBooher,1514099,User,305
ingorichter,86214,User,297
zaggino,1067319,User,224
abose,5336369,User,217
WebsiteDeveloper,2150814,User,202
busykai,3368515,User,199
joelrbrandt,908679,User,192
MiguelCastillo,1457701,User,169
jbalsas,905006,User,167
swmitra,12087205,User,163
DennisKehrig,1564859,User,150
chrisbank,458642,User,147
bchintx,3752015,User,133
lkcampbell,1774931,User,129
nethip,1577184,User,117
eztierney,3670146,User,109
pthiess,1584287,User,109
couzteau,887904,User,106
ficristo,10583268,User,74
jdiehl,1334574,User,69
tan9,638068,User,68
ryanstewart,45450,User,68
prafulVaishnav,10204469,User,67
thehogfather,1283787,User,64
GarthDB,125516,User,54
saurabh95,5630113,User,53
Denisov21,2547815,User,53
petetnt,7641760,User,48
prksingh,1701706,User,43
rroshan1,11662297,User,39
valtlait,20541663,User,38
sprintr,3390089,User,37
mikaeljorhult,215694,User,37
oslego,63899,User,36
le717,3382464,User,35
yodfz,1439163,User,31
nyteksf,7979651,User,28
dvorapa,5113916,User,28
resir014,5663877,User,26
myaghobi,4276074,User,25
sebaslv,5414378,User,25
kvarel,3541535,User,24
datamweb,9530214,User,24
cantrell,138986,User,21
jeffkenton,3670807,User,20
micnic,1449826,User,20
zeis,1945427,User,19
TuckerWhitehouse,360595,User,19
sathyamoorthi,1912654,User,19
pace-noge,3381132,User,19
borax12,1271183,User,18
mikechambers,37918,User,15
thefirstofthe300,3161330,User,15
tpryan,211495,User,14
humphd,427398,User,14
bodhiBit,2022184,User,13
chrispecoraro,307660,User,12
rigor789,879060,User,12
probil,6773202,User,12
telis93,3739293,User,12
michaeljayt,2148277,User,12
diomed,72777,User,11
Mark-Simulacrum,5047365,User,11
haslm,9113599,User,11
soswow,108065,User,10
pritambaral,1378718,User,10
JakeStoeffler,2073367,User,10
jrowny,367710,User,10
justinrusso,25138621,User,9
maks,71999,User,9
stowball,853552,User,9
Rynaro,5271543,User,9
artoale,297661,User,8
bomanimc,6589909,User,8
g-palmer,4147620,User,8
Rezaaa,2494766,User,8
cfjedimaster,393660,User,8
VizuaaLOG,4404472,User,8
valtlai,5496284,User,8
ybayer,1403587,User,8
mackenza,2412637,User,8
erichstark,1123805,User,7
leonuh,871634,User,7
MarkMurphy,873474,User,7
FloValence,1399824,User,7
adrocknaphobia,1197545,User,6
IQAndreas,449027,User,6
bfil,660513,User,6
conradz,1047153,User,6
markshepherd,461109,User,6
tjoskar,1525612,User,6
sagarsane,667114,User,6
zanqi,2538192,User,6
peterfyj,1782454,User,6
antonellopasella,96335,User,6
pantkowiak,5708778,User,6
kjgorman,1994486,User,6
andoband,762091,User,5
spiroski,2043833,User,5
dananichev,769987,User,5
Fredev,5547669,User,5
barcia,5719646,User,5
jacksonweekes,5019812,User,5
jamesxv7,121668,User,5
heisice,5591261,User,5
martinstarman,4968007,User,5
rodrigost23,1831465,User,5
Tiagoliveira,3032628,User,5
YuAo,1234944,User,5
eliezerb,2414408,User,5
megatolya,2204267,User,5
revi,7630875,User,5
coliff,1212885,User,4
smockle,3104489,User,4
davejohnson,2680,User,4
idflood,197418,User,4
JonathanWolfe,1449779,User,4
jukkah,1504091,User,4
KraigWalker,1294877,User,4
vertexclique,578559,User,4
mfatekho,16833323,User,4
mjherna1,2693404,User,4
pra85,829526,User,4
thomastaylor312,4294228,User,4
Worie,6313514,User,4
bschley,3937642,User,4
githrdw,1455140,User,4
micole,541853,User,4
tomByrer,1308419,User,4
nbfontana,11246975,User,4
yolapop,2100294,User,4
wormeyman,1795016,User,4
Wouter92,3626287,User,4
adalcin,6215244,User,3
arturoeanton,4000580,User,3
bschwb,7480477,User,3
C1D,2995682,User,3
ceokzoo,14348848,User,3
Dandandans,2483302,User,3
diegoleme,374857,User,3
gabriellcardoso,1770431,User,3
massimiliano-giroldi,1069373,User,3
fisherinnovation,306818,User,3
AllThingsSmitty,1682367,User,3
MaximKhlobystov,5004762,User,3
mcorlan,660025,User,3
nicolo-ribaudo,7000710,User,3
olsgreen,1324164,User,3
pfarland,1178561,User,3
tcarlsen,145288,User,3
coreice,10442497,User,3
jayther,2321030,User,3
jodyzhang,3661538,User,3
morozd,5172862,User,3
niutech,384997,User,3
xsythe,936281,User,3
DmitryBaranovskiy,22726,User,3
tammo,90767,User,3
mansimarkaur,14019856,User,3
amrelnaggar,4163277,User,3
39bit,8657815,User,2
albell,1142025,User,2
shikolay,1370308,User,2
bemjb,31760,User,2
calweb,115030,User,2
cyberomin,1224829,User,2
gidsg,1764158,User,2
goranvasic,5686793,User,2
hussainb,4962633,User,2
Sly777,694940,User,2
ishanatmuz,2771653,User,2
Jacse,3637499,User,2
jurkian,12557150,User,2
jviereck,191719,User,2
justinabrahms,3853,User,2
kahol,4131495,User,2
kkarlesk,5497320,User,2
chtennek,2843696,User,2
theoreticaLee,591833,User,2
fungl164,1827730,User,2
MartinMa,123297,User,2
shevchuk,60712,User,2
mdewangan,11504450,User,2
NathanJPlummer,16419908,User,2
nikoskip,1230033,User,2
nethipn,9987456,User,2
rafaelstz,610598,User,2
RafaelOlivra,3512150,User,2
sbruchmann,141435,User,2
steinmortenhugubakken,2426747,User,2
timkim,57922,User,2
alltom,1678,User,2
Blackweda,6353213,User,2
asbruff,118739,User,2
julianasuh,1486879,User,2
munxtwo,3850031,User,2
robinvenneman,1286347,User,2
rsperberg,56674,User,2
srinarasi,1624691,User,2
naradesign,4962427,User,2
sandeepjain,25359,User,2
ackalker,429567,User,1
albertxing,2881206,User,1
Abbe98,2631719,User,1
amritayan,1710596,User,1
andyli,103977,User,1
andyscott,310363,User,1
antoinelyset,1465371,User,1
Jerhamre,15924298,User,1
arnog,760798,User,1
amller,10098279,User,1
ArturOledzki,2284377,User,1
ashokgelal,401055,User,1
NoNameProvided,4706265,User,1
Simek,719641,User,1
bkerensa,859175,User,1
bozicb,5595193,User,1
bokub,17952318,User,1
bmax,158370,User,1
remotesynth,216712,User,1
brunnopleffken,3427344,User,1
brnrc,440797,User,1
bryanstedman,1820724,User,1
dakaraphi,10656375,User,1
kidwm,822446,User,1
chirayu11,1379051,User,1
crivabene,1727277,User,1
Coder206,7758155,User,1
damienbigot,8049916,User,1
daytonallen,19915513,User,1
dennybiasiolli,11649463,User,1
fyockm,947526,User,1
EAndreyF,5030147,User,1
EJanuszewski,1296960,User,1
EliaCereda,317661,User,1
equinox,6139999,User,1
kethinov,419567,User,1
EricSmekens,2444820,User,1
filipemonteiroc,3899921,User,1
szabgab,48833,User,1
horiaradu,3133496,User,1
arthur801031,4562118,User,1
j10s,2492639,User,1
jscissr,4520820,User,1
jmo7,1307370,User,1
jshen212,13911280,User,1
jiajun0308,25104717,User,1
johnamiahford,394773,User,1
johnnyt,4096,User,1
jadbox,595843,User,1
jorgelealbr,15630421,User,1
joseadrian,1301374,User,1
joshparolin,466082,User,1
JoshLWScott,2244159,User,1
jeluard,359723,User,1
JustAndrei,5041046,User,1
twoquestions,381968,User,1
karmatys,23077032,User,1
leeyimin,6365864,User,1
thanhluan001,1041680,User,1
lucaslouca,10542894,User,1
LucasKA,1824267,User,1
lyubomirv,2239296,User,1
maltemuth,5989390,User,1
msiemens,1873922,User,1
myakura,413984,User,1
MauricioCarmelo,16267666,User,1
xiemaisi,501353,User,1
mellolikejello,3030383,User,1
micka39,1703121,User,1
nstansbury,1475996,User,1
Ollie-w,14265345,User,1
oscarotero,377873,User,1
parthsharma2,22260291,User,1
PatrickDallarosa,8902339,User,1
pfreitag,464539,User,1
Lominean,12006381,User,1
ispieter,5173705,User,1
PlanetVaster,11320438,User,1
praveenpuglia,313363,User,1
Projjol,3725578,User,1
RickyAbell,478420,User,1
RossBrunton,662364,User,1
sergeizelenyi,2950894,User,1
sahildua2305,5206277,User,1
samuelcarreira,4456690,User,1
dsrw,1416,User,1
cosmosgenius,1056039,User,1
ShinDarth,75517,User,1
shubhsnov,16770513,User,1
Soleedus,1351381,User,1
sriram-dev,1911375,User,1
bruchmann,28243831,User,1
taggon,212034,User,1
testower,231492,User,1
TVScoundrel,426491,User,1
xxxtonixxx,7110786,User,1
TuurDutoit,4077287,User,1
tylucaskelley,5448759,User,1
VenessaJohansenBarrera,8585471,User,1
veysiertekin,500893,User,1
voanhduy1512,1771266,User,1
zziccardi,2508275,User,1
al8anp,5256175,User,1
cheesypoof,2069528,User,1
connork09,1901074,User,1
despoinakaz,24827061,User,1
drdamour,1514496,User,1
drewhamlett,1056587,User,1
emanb29,789922,User,1
encadyma,5722378,User,1
gero3,155535,User,1
jamran7,21205059,User,1
jiimaho,5954936,User,1
kamenitxan,935684,User,1
mheuser,479482,User,1
retornam,179895,User,1
FallingHeart,13074849,User,1
robertkarlsson,5166612,User,1
fengdi,720664,User,1
tobimo,12115212,User,1
verballyinsane,13510418,User,1
wpt,2862624,User,1
mixed,22300,User,1
