ljharb,45469,User,426
hshoff,339208,User,296
justjake,296279,User,70
goatslacker,10632,User,54
lencioni,195534,User,53
tomekwi,4624660,User,19
ssorallen,29612,User,13
chrisngobanh,8410793,User,10
vsemozhetbyt,10393198,User,9
thisconnect,546900,User,9
spikebrehm,133937,User,9
SimenB,1404810,User,8
kesne,498479,User,8
Ryan-McBride,3507287,User,7
taion,3112159,User,6
joaomilho,308196,User,5
felipethome,4316501,User,5
mitsuruog,1703219,User,5
ajacksified,175515,User,4
mjurczyk,9549760,User,4
simono,874148,User,4
adrienverge,5244945,User,3
AlicanC,412180,User,3
amsardesai,2029031,User,3
asherdale,13351495,User,3
camazorro,2872969,User,3
unkillbob,1883524,User,3
karanjthakkar,1824298,User,3
nkt,3505878,User,3
1pete,176037,User,3
vprasanth,2303846,User,3
RobLoach,25086,User,3
pigoz,24681,User,3
trshafer,135461,User,3
lvarayut,4281887,User,3
evenfrost,3055750,User,2
billyjanitsch,1158733,User,2
chentsulin,3382565,User,2
carterchung,8279692,User,2
0xCMP,505649,User,2
cmalard,1692136,User,2
dandv,33569,User,2
daxelrod,23238,User,2
TheSavior,249164,User,2
fbergr,5424095,User,2
gmccue,1085902,User,2
Doweig,1850848,User,2
hzoo,588473,User,2
horaceko,698456,User,2
nmussy,2505696,User,2
jondubin,6806102,User,2
kamronbatman,3953314,User,2
KevinGrandon,122602,User,2
koenpunt,351038,User,2
ndresx,27507295,User,2
silvenon,471278,User,2
reissbaker,803092,User,2
uzumaxy,3399015,User,2
michaeldeol,25035,User,2
tikotzky,200528,User,2
geekjuice,1654587,User,2
bl00mber,16987322,User,2
iamnirav,313886,User,2
pra85,829526,User,2
ClimbsRocks,7017045,User,2
rodocite,5395456,User,2
doshisid,23718874,User,2
sindrenm,386122,User,2
timofurrer,1008252,User,2
VladShcherbin,6711845,User,2
ronal2do,4389565,User,2
akai,162850,User,2
johnmanong,4474076,User,2
nicoder,365210,User,2
vahan-hartooni,5114690,User,2
fvgs,9427813,User,2
felixsanz,6182099,User,2
HerringtonDarkholme,2883231,User,2
honzi,3666887,User,2
cooperka,2047062,User,2
mifi,402547,User,2
spen,4335450,User,2
wyattdanger,72922,User,2
aaronjensen,8588,User,1
adamlu,92850,User,1
adamalex,50389,User,1
walshie4,945703,User,1
webfella,1121418,User,1
AeonAxan,1500309,User,1
againer,509709,User,1
ascott,130878,User,1
a0viedo,2440935,User,1
lxe,1486609,User,1
AlexJeng,4458931,User,1
t0k4rt,498106,User,1
alexeyraspopov,858295,User,1
chilipote,3026891,User,1
strburst,5883232,User,1
alvinsng,1707753,User,1
Mohamed-amin,1451125,User,1
abrkn,843958,User,1
kzsh,1041312,User,1
AndrewSouthpaw,5187404,User,1
ateich,4775201,User,1
mereskin,1451094,User,1
andrepolischuk,8956796,User,1
andrzejdus,1502505,User,1
awesomeaniruddh,5279150,User,1
staticshock,13100,User,1
ariporad,1817508,User,1
arianf,7397857,User,1
Arnavion,1096010,User,1
armoucar,1134016,User,1
arturopie,762752,User,1
siraskalot,565774,User,1
bae-unidev,7274084,User,1
bhamodi,7663987,User,1
bgits,4020296,User,1
bmorrall,558455,User,1
btpschroeder,19781811,User,1
winterbe,485033,User,1
bishopZ,1138587,User,1
blurrah,2852507,User,1
bramschulting,1703323,User,1
brettjurgens,1226910,User,1
brunogonncalves,2284393,User,1
Zeludon,7567017,User,1
caherrerapa,1084920,User,1
caseyjenks,300131,User,1
chytanya,304215,User,1
chesterhow,9312956,User,1
KimDongHwan,1547768,User,1
atkinchris,1479528,User,1
christianbundy,537700,User,1
coliff,1212885,User,1
sleeptillseven,45732,User,1
christophehurpeau,302891,User,1
Keksike,4314825,User,1
colin-ch,5436478,User,1
asmblah,1714005,User,1
danielrussellLA,10680312,User,1
DannyNemer,170023,User,1
dbowsbsk,17414299,User,1
flyingace,1485753,User,1
davidkna,835177,User,1
petersendidit,52149,User,1
dapids,1473240,User,1
davychiu,787477,User,1
DenisIzmaylov,1690596,User,1
denizozger,1227939,User,1
diegoteliz,7451265,User,1
dimitardanailov,2182018,User,1
idugcoal,9814083,User,1
eddiemonge,127535,User,1
churchie317,2467217,User,1
ericmarkmartin,5509414,User,1
ethanrubio,8210947,User,1
eistrati,27417,User,1
tschuy,6532435,User,1
fernandopasik,1301335,User,1
NameFILIP,834796,User,1
flurin,20311,User,1
fpmweb,1686499,User,1
FrancisPlaza,1321967,User,1
framini,840935,User,1
fredericksilva,410689,User,1
fredrikolovsson,12738484,User,1
gpedro,2898638,User,1
gjvis,418277,User,1
gergoerdosi,371149,User,1
gianpaj,899175,User,1
gburtini,780031,User,1
jgwerner,920170,User,1
gustavoisensee,4410573,User,1
jinxac,15068096,User,1
heejongahn,6768840,User,1
hugomd,1646536,User,1
incleaf,7221609,User,1
IrvingAxelB,10070729,User,1
yuyokk,1225343,User,1
jdhartley,405538,User,1
JPeer264,10677263,User,1
jgable,164497,User,1
jadnco,6766444,User,1
jglover,40802,User,1
jkrems,567540,User,1
JasonBoy,2911620,User,1
jabacchetta,12591890,User,1
ultimatedelman,453402,User,1
jason-ellis,6383540,User,1
jahvi,661330,User,1
jeffcousins,12756546,User,1
jshen212,13911280,User,1
jellekralt,214558,User,1
jensechu,92724,User,1
jigsawye,8567270,User,1
joeframbach,31736,User,1
jtfmumm,4730316,User,1
JonAbrams,1243092,User,1
jontejada,9254219,User,1
jonase,101023,User,1
vanillajonathan,10222521,User,1
dijonkitchen,11434205,User,1
foaly-nr1,282458,User,1
captbaritone,162735,User,1
joscha,188038,User,1
jjmerino,3129507,User,1
joseandro,900097,User,1
joshduck,240284,User,1
juanscolari,12957692,User,1
justinsoliz,431277,User,1
hanzhijue,7970776,User,1
koukun,5019072,User,1
knpwrs,174864,User,1
kennyt,2662037,User,1
kevinboudot,1036069,User,1
kvzivn,4533644,User,1
kmoot,607673,User,1
kripod,14854048,User,1
LarryBattle,288263,User,1
leomicheloni,1152021,User,1
leonidlebedev,12189820,User,1
pietraszekl,525704,User,1
LukeL99,138888,User,1
majapw,1383861,User,1
fxmaxvl,2124463,User,1
ManojAMK,11471878,User,1
maduhaime,58376,User,1
marcioos,153108,User,1
bettiolo,1333608,User,1
negativetwelve,1435378,User,1
marksanghoonkim,8499015,User,1
mstorus,1182738,User,1
Znarkus,168042,User,1
mdarse,484720,User,1
matiassingers,938453,User,1
quarterto,631757,User,1
maxbeier,236774,User,1
chromakode,16893,User,1
kaplanmaxe,3860450,User,1
Nitive,6770225,User,1
mjclawar,16123745,User,1
milesburton,1205171,User,1
NakShi,5334108,User,1
pyrotechnick,13998,User,1
clickthisnick,7855189,User,1
njakob,2757914,User,1
nischayv,13353147,User,1
Oliboy50,2571084,User,1
lespacedunmatin,188186,User,1
oliviertassinari,3165635,User,1
omarduarte,4765697,User,1
rpunkfu,7048281,User,1
paolocarrasco,1524522,User,1
pborreli,77759,User,1
pascalduez,335467,User,1
gdi2290,1016365,User,1
wachunei,1024246,User,1
pgeiss,8663679,User,1
peterkuiper,6492184,User,1
raduserbanescu,3825876,User,1
doshprompt,1147078,User,1
gandhirahul,3170094,User,1
rajington,53535,User,1
randallreedjr,2908283,User,1
RaySinlao,3475432,User,1
qorbani,771382,User,1
KadoBOT,11719845,User,1
rickyeh,10569139,User,1
robertd,31543,User,1
robinpokorny,68341,User,1
RKushnir,205906,User,1
rkirsling,2172590,User,1
sospedra,3116899,User,1
BusbyActual,14985016,User,1
ryun,227672,User,1
saadq,5678694,User,1
sara-gudeman,7111756,User,1
EndangeredMassa,41545,User,1
mccambridge,400890,User,1
sbezludny,1378452,User,1
GeyseR,1364479,User,1
sergii-tkachenko,672669,User,1
tipjs,2290655,User,1
shreevatsa,767530,User,1
Triang3l,1764343,User,1
slava-sh,470136,User,1
sotayamashita,1587053,User,1
justmoon,53233,User,1
stevemao,6316590,User,1
sunshinewyin,9262942,User,1
sveinhal,88693,User,1
thibaudcolas,877585,User,1
graingert,413772,User,1
ttmarek,7446702,User,1
rixth,116910,User,1
tihomiro,3897520,User,1
timche,8075074,User,1
TimDaub,2758453,User,1
tgolen,1228807,User,1
vdh,573501,User,1
thomaswrenn,1128624,User,1
HouCoder,5292143,User,1
TrevorSayre,421548,User,1
ucarion,2180153,User,1
VLNTNA,8790113,User,1
vepasto,4941672,User,1
ViZhe,8091902,User,1
Vintik,1200096,User,1
Laboratory,1676506,User,1
frenzzy,640669,User,1
iamstarkov,559321,User,1
Jabher,1269512,User,1
Weblors,8054624,User,1
wesww,1664559,User,1
willclarktech,11036220,User,1
chatii2412,3435149,User,1
yangsu,676185,User,1
yarunluon,1328337,User,1
zanemountcastle,9016615,User,1
alexpausan,3284064,User,1
udivankin,1522846,User,1
benjaminapetersen,280512,User,1
chief10,2761499,User,1
cshg,10008938,User,1
dan-h-ch,8106036,User,1
dschwertfeger,1120378,User,1
ReadmeCritic,15367484,User,1
fvanderwielen,6264009,User,1
godspeedelbow,1466424,User,1
apple77y,11900262,User,1
jcreamer898,472487,User,1
marcel-me,545361,User,1
nag5000,4932134,User,1
nathanhleung,10874225,User,1
oshalygin,7675942,User,1
oslek,3261459,User,1
rma4ok,470292,User,1
sinkswim,9811304,User,1
romanfuchs,1795395,User,1
sstern6,10355544,User,1
soul-wish,1968098,User,1
soulchainer,169524,User,1
woojoo666,2776751,User,1
ycavatars,1477617,User,1
zealotous,251913,User,1
zwhitchcox,4328800,User,1
DeanXu,2238823,User,1
