alvarotrigo,1706326,User,1090
d13,293282,User,10
publicJorn,1209869,User,8
mlhDevelopment,1080643,User,8
patrick91,667029,User,7
tomByrer,1308419,User,5
blueyed,9766,User,4
jackmu95,2737132,User,4
Jhony0311,6932538,User,4
ziggythehamster,66674,User,4
thisisfed,14325884,User,4
gavsim,812273,User,3
nivv,4033930,User,3
alusch,5668977,User,2
andreibosco,607297,User,2
user501254,6129517,User,2
djowett,1470021,User,2
hang-qi,1612090,User,2
emerge-joe-watkins,15203926,User,2
johanhermansson,1567642,User,2
JustH,5430821,User,2
karlcarstensen,1245831,User,2
kojoru,1836172,User,2
silvenon,471278,User,2
milesmatthias,600638,User,2
zhuoxi,8460819,User,2
passion4code,703935,User,2
oimken,5130712,User,2
setheid,13786596,User,2
zhangciwu,3340597,User,2
dawsbot,3408480,User,2
adammcarth,3016455,User,1
alex88,436888,User,1
bordeo,1566127,User,1
rudyryk,4500,User,1
overbyte,402785,User,1
ironprogrammer,824344,User,1
bryanisimo,164136,User,1
cary1234,6656645,User,1
cedricblondeau,1479924,User,1
chrisma,1652117,User,1
qertis,3893228,User,1
et,58678,User,1
filipminev,1281059,User,1
Glaived,1835170,User,1
GustavSt,5586764,User,1
harshadsabne,3154126,User,1
jarifibrahim,12949454,User,1
iheanyi,956631,User,1
irudoy,5372690,User,1
CorpusCallosum,609852,User,1
specialbrand,104973,User,1
jguffey,238058,User,1
konekoya,12165714,User,1
Yurciu,3920304,User,1
heddle317,525136,User,1
kkirsche,947110,User,1
kylerberry,2123735,User,1
mmautomatizacion,16716255,User,1
TheLand,3605680,User,1
JayBizzle,340752,User,1
mgmartel,1507000,User,1
mortonfox,495892,User,1
patryknowak,3472453,User,1
pmhou,4292357,User,1
bittner,665072,User,1
pcheah,25490834,User,1
rmarscher,352937,User,1
sagech,7278135,User,1
Suven,465894,User,1
taehwanjo,5091931,User,1
tsnyder91,4779123,User,1
giuniperoo,1241353,User,1
wtfaremyinitials,1270100,User,1
weiliank,7866665,User,1
xfq,2863444,User,1
yasiruk,6826993,User,1
yyken,2316280,User,1
invalid-email-address,148100,User,1
ZXX1854X,5604080,User,1
dolymood,2121554,User,1
esoniq,3876236,User,1
gtluszcz,9699466,User,1
taizilongxu,4475914,User,1
jagi,1051229,User,1
likang,850711,User,1
libmw,3118553,User,1
marcobuettner,2691476,User,1
PeterRao,1611647,User,1
jcache,2731980,User,1
saturation,274077,User,1
suryasingh,5394014,User,1
t-ashula,86597,User,1
tkirill,4922699,User,1
toulatip8,27776220,User,1
verlev,3484651,User,1
