IgorMinar,216296,User,1438
petebacondarwin,15655,User,803
mhevery,111951,User,730
matsko,93018,User,372
vojtajina,46647,User,364
Narretz,1153097,User,357
gkalpak,8604205,User,306
caitp,2294695,User,196
btford,474988,User,192
lgalfaso,391394,User,129
mgol,1758366,User,112
jbedard,89246,User,105
tbosch,690815,User,100
shahata,1764161,User,80
jeffbcross,463703,User,65
juliemr,2081709,User,57
chirayuk,37704,User,52
rodyhaddad,1331190,User,50
pkozlowski-opensource,973550,User,48
thorn0,94334,User,39
ksheedlo,1271410,User,29
hzoo,588473,User,25
wesleycho,1703387,User,22
realityking,628508,User,21
forresst,163352,User,21
jdavisp3,43582,User,20
esprehn,415779,User,20
brettcannon,54418,User,20
mernen,6412,User,19
SekibOmazic,3735902,User,19
abrons,4529,User,18
NgDashboard,6013193,User,18
gdi2290,1016365,User,18
jesselpalmer,682097,User,15
kseamon,923677,User,14
cironunes,469908,User,11
fredsa,1235362,User,11
jbdeboer,502633,User,11
vlajos,3994645,User,11
mprobst,7208,User,11
Urigo,1297448,User,11
naomiblack,2286589,User,11
shepheb,157812,User,10
krculp,595607,User,10
m-amr,6197215,User,10
dcherman,976608,User,10
jankuca,367262,User,10
kentcdodds,1500684,User,10
gsklee,1006291,User,9
rjamet,10632216,User,9
stevemao,6316590,User,9
gdennie,158003,User,8
marcin-wosinek,1024920,User,8
brent-morrow,2113358,User,7
RichardLitt,910753,User,7
shyamseshadri,229613,User,7
dbinit,77516,User,7
wbyoko,1385752,User,7
royling,1917351,User,7
dmanek,506183,User,6
Izhaki,880132,User,6
teropa,47968,User,6
yilinglu,1519273,User,6
lrlopez,547387,User,6
alkis,265981,User,6
gonzaloruizdevilla,9501,User,6
sreeramu,438259,User,6
jamiekrug,270615,User,6
frederikprijck,2146903,User,6
meldaravaniel,7422963,User,5
BobChao87,17022048,User,5
bradlygreen,757236,User,5
clkao,69736,User,5
drpicox,2758345,User,5
ProLoser,67395,User,5
Ore4444,2034481,User,5
pomerantsev,3888965,User,5
siddii,326472,User,5
cexbrayat,411874,User,5
revolunet,124937,User,5
marcysutton,1045233,User,5
nickvdyck,6469315,User,5
rkirov,95713,User,5
kwypchlo,3755029,User,5
ashtuchkin,627997,User,4
arantius,84729,User,4
bwiklund,3586801,User,4
bradw2k,1291159,User,4
chikeichan,8507735,User,4
chrisirhc,132584,User,4
colincasey,19131,User,4
geddski,515722,User,4
dguzzo,571624,User,4
gabrielmaldi,3728897,User,4
jtymes,973915,User,4
heyjustin,4334434,User,4
LeonardoBraga,868676,User,4
metamatt,313893,User,4
mkotsur,164650,User,4
Puigcerber,866808,User,4
FuzzySockets,6764335,User,4
wilford,331248,User,4
Roland1975,3037120,User,4
sdornan,563517,User,4
sudhirj,21678,User,4
TEHEK,171858,User,4
tylermcginnis,2933430,User,4
wesalvaro,13286,User,4
dimirc,5034942,User,4
chimney-sweeper,6007358,User,4
dandoyon,475217,User,4
johnlindquist,36073,User,4
lordg,909758,User,4
mkolodny,1448365,User,4
petrovalex,1401040,User,4
matasaru,1546100,User,4
maxmart,1684393,User,4
robinboehm,820391,User,4
campersau,4009570,User,4
benlesh,1540597,User,3
benmccann,322311,User,3
bripkens,596443,User,3
blaise-io,788368,User,3
bolu,412725,User,3
brunocoelho,827445,User,3
caiotoon,350165,User,3
xrd,17064,User,3
cburgdorf,521109,User,3
cchungmin,1326370,User,3
colinfrei,752836,User,3
dtabuenc,44419,User,3
edhedges,825537,User,3
breyed,1299073,User,3
fwielstra,394435,User,3
gjvc,178543,User,3
gordonmzhu,734575,User,3
HeberLZ,1466730,User,3
jamesdaily,987389,User,3
janhancic,356488,User,3
thejh,499370,User,3
jaredly,112170,User,3
joakimbl,471309,User,3
trusktr,297678,User,3
jsoref,2119212,User,3
jutaz,1277553,User,3
groner,47317,User,3
kstep,28537,User,3
leniel,764854,User,3
mrlucmorin,1131522,User,3
maartenst,431224,User,3
marcenuc,5284,User,3
marknadig,643921,User,3
eljobe,679924,User,3
pra85,829526,User,3
doshprompt,1147078,User,3
santialbo,1557563,User,3
SebastianM,275268,User,3
Sequoia,317498,User,3
shairez,1430726,User,3
stevermeister,1526680,User,3
takashi,1506738,User,3
twhitbeck,762471,User,3
vin,4734,User,3
gurdiga,53922,User,3
aevange,4447823,User,3
basarat,874898,User,3
bolasblack,382011,User,3
danielmbarlow,7119502,User,3
danbergman,3244907,User,3
jnizet,1608223,User,3
jimmywarting,1148376,User,3
jodytate,132856,User,3
linclark,105464,User,3
sathify,860123,User,3
adamdbradley,452425,User,3
alirezamirian,3150694,User,3
simpulton,590361,User,3
AbhishekGarg,5449154,User,2
jrupac,538315,User,2
abahgat,125021,User,2
clbn,1071933,User,2
alexanderchan,1864372,User,2
twil,506401,User,2
alextsg,8051479,User,2
KELiON,594298,User,2
aminRX,1318519,User,2
amirhhz,419960,User,2
andimarek,1706744,User,2
machineloop,3682072,User,2
andrewaustin,166746,User,2
ndp,54177,User,2
andyrooger,420834,User,2
andypatterson,8136417,User,2
auser,529,User,2
tk120404,1195721,User,2
austinoneil,5069856,User,2
btelles,19196,User,2
just-boris,812240,User,2
booleanbetrayal,981825,User,2
appsforartists,926648,User,2
Brianmanden,657246,User,2
bwestrich,457162,User,2
buunguyen,406631,User,2
cedricss,802010,User,2
chirag64,591424,User,2
chrisjlee,242716,User,2
ChrisRose,957281,User,2
chliebel,6698344,User,2
christianvuerings,127199,User,2
Christopher-Rains,6655958,User,2
danielzen,1350534,User,2
davidchang,673941,User,2
davegonzalez,1012987,User,2
davemo,69559,User,2
davidjnelson,381633,User,2
davesque,791437,User,2
DavidSouther,498712,User,2
diegofss11,1537929,User,2
plentz,4867,User,2
domenic,617481,User,2
case,20105,User,2
ericcarraway,6632454,User,2
FelipeLahti,1033702,User,2
Firexion,6558984,User,2
fredrikbonander,185489,User,2
gyx1000,535458,User,2
hsablonniere,236342,User,2
ivomju,4333168,User,2
taralx,1036808,User,2
jergason,72027,User,2
jannickfahlbusch,8135397,User,2
jarrettch,4823018,User,2
spectre6000,8964830,User,2
JensRantil,730342,User,2
jzacsh,156228,User,2
knewter,3829,User,2
juampynr,108130,User,2
jmpalacios,4518384,User,2
gentooboontoo,137324,User,2
keir,349468,User,2
KevinBrogan,1428163,User,2
kevinwestern,511010,User,2
jianlin,324306,User,2
kindy,50860,User,2
kylewuolle,5402612,User,2
laurentqro,3141541,User,2
theoreticaLee,591833,User,2
lefos987,1442897,User,2
Zizzamia,829214,User,2
ltfschoen,6226175,User,2
magee,15180,User,2
mark0978,106150,User,2
MarkPieszak,2574412,User,2
thinkingmedia,551022,User,2
iffy,161727,User,2
matthewjh,489010,User,2
iammerrick,109635,User,2
mbenford,446867,User,2
mboudreau,573668,User,2
mikec,3124707,User,2
kirstein,426442,User,2
moroshko,259753,User,2
kadimi,225615,User,2
oivvio,411220,User,2
mgcrea,108273,User,2
OrenAvissar,4001643,User,2
PascalPrecht,445106,User,2
pzatrick,578371,User,2
demoive,472288,User,2
provegard,795010,User,2
pbr1111,6553553,User,2
rwilhelm,154026,User,2
dogweather,150670,User,2
vokoshyv,7862628,User,2
SAFAD,489520,User,2
sercaneraslan,330566,User,2
sagens42,3543513,User,2
sibStephen,10940743,User,2
smithl,1851137,User,2
smilli,5109188,User,2
stephanebisson,679125,User,2
sjbarker,2990942,User,2
stephensauceda,1017723,User,2
SteveShaffer,877953,User,2
rgksugan,680120,User,2
thebigredgeek,2799276,User,2
TheRealMaxion,13872642,User,2
tleruitte,608603,User,2
graingert,413772,User,2
thomastuts,1914255,User,2
refractalize,123917,User,2
timruffles,249800,User,2
tstatler,408952,User,2
TimothyAhong,1313652,User,2
toebu,1837568,User,2
toddskinner,4375470,User,2
tewen,346290,User,2
treyhunner,285352,User,2
vvvvalvalval,5859120,User,2
lugovsky,2788046,User,2
wytesk133,3948279,User,2
ddoronin,3150009,User,2
willthemoor,54206,User,2
whyvez,1593907,User,2
zzmp,5403956,User,2
zachsnow,770808,User,2
zigzackattack,2507776,User,2
zhenbzha,1621694,User,2
gregjhogan,4112046,User,2
danilsomsikov,564868,User,2
dbwhddn10,1523570,User,2
frandroid,649771,User,2
fuqcool,1536450,User,2
grsmvg,8234283,User,2
lazaruslarue,1894215,User,2
marijaselakovic,7926726,User,2
metaweta,857592,User,2
micellius,410200,User,2
philip-morning,130693,User,2
quazzie,2979933,User,2
rsperberg,56674,User,2
shoja,1782281,User,2
smarigowda,1831259,User,2
standup75,302860,User,2
ts-web,1311744,User,2
vaibhavkhl,4050374,User,2
winkler1,883896,User,2
zky829,5951798,User,2
zainengineer,4746235,User,2
spaceribs,715484,User,2
adam77,1613230,User,2
ajoslin,1265995,User,2
asilluron,1937329,User,2
arty-name,133055,User,2
guzart,247952,User,2
psysp,1917343,User,1
MizaelGalvez,3112701,User,1
AJCraddock,5339435,User,1
talwai,3237580,User,1
inetfuture,1363189,User,1
aashishnagpal,16517369,User,1
abenchi,6479928,User,1
apolishch,286833,User,1
Gwash3189,3042264,User,1
adamnbowen,475879,User,1
ademuri,3051618,User,1
adzample,8250887,User,1
akent,12036,User,1
adam33,486440,User,1
adamdecaf,120951,User,1
adamzerner,3144254,User,1
madaz,1139901,User,1
AdirAmsalem,2660550,User,1
deviousdodo,38148,User,1
bedag-moo,13641660,User,1
w3apps,3865096,User,1
afshinator,2702669,User,1
AftabAnsari10662,9675353,User,1
agamrafaeli,691860,User,1
Agrumas,3417959,User,1
ahmad-moussawi,2517523,User,1
ahmedalejo,7012074,User,1
ahmednuaman,99223,User,1
eyedean,5694695,User,1
ajaygm,217481,User,1
akhlesh,1647962,User,1
akshayagarwal,1273012,User,1
alanklement,444609,User,1
alanrubin,41364,User,1
djindjic,1564068,User,1
Alexsey,6392013,User,1
alediaferia,13247,User,1
alex-chuev,6698071,User,1
adob,607358,User,1
alexdmiller,926408,User,1
alexm,20518,User,1
alexpods,4254276,User,1
alexsanford,842193,User,1
AlexYursha,4990557,User,1
AlexanderTserkovniy,3391082,User,1
aeharding,2166114,User,1
AlexKarpan,57478,User,1
zgmnkv,3600576,User,1
barif,1176312,User,1
plalx,903992,User,1
alfonso-presa,8171111,User,1
alnutile,365385,User,1
tealtail,1327886,User,1
ajbogh,161761,User,1
arw-travela,7462981,User,1
allonhadaya,704531,User,1
Almar,637761,User,1
amandeepmittal,10234615,User,1
amarpatel,5858247,User,1
ammarAlrefai,271989,User,1
anasqadrei,4755353,User,1
shikolay,1370308,User,1
andershessellund,662075,User,1
bantu,189375,User,1
andreas-gruenbacher,1464780,User,1
4kochi,1742426,User,1
pelme,20529,User,1
andi1984,1077917,User,1
nordligulv,610906,User,1
mjomble,2202751,User,1
drewbarbs,2501416,User,1
wizardwerdna,3230,User,1
delikat,4381793,User,1
amfarrell,123831,User,1
amj,422841,User,1
Andrew-McLeod,1328682,User,1
AndrewO,550,User,1
APassanisi,8806001,User,1
Andrew-Fam,5707353,User,1
andrewstuart,2635025,User,1
andrewtarrybt,9610512,User,1
andrewvida,93520,User,1
fealaer,226938,User,1
heretge,1269631,User,1
Taritsyn,251859,User,1
andyferra,11319,User,1
AndyHitchman,88022,User,1
aperala,12714591,User,1
annavester,903671,User,1
anthonypt87,199291,User,1
red2678,1896036,User,1
amZotti,5640348,User,1
savcha,879542,User,1
antoniopuero,1562509,User,1
execat,432489,User,1
archer308,1085165,User,1
ArchmageInc,1346986,User,1
a8m,7413593,User,1
arliang,1703022,User,1
FlamesoFF,5371279,User,1
artch,2923269,User,1
OnkelTem,114060,User,1
artyil,6285831,User,1
aostrega,1922783,User,1
