kittens,853712,User,5366
hzoo,588473,User,572
loganfsmyth,132260,User,347
amasad,587518,User,241
thejameskyle,952783,User,238
existentialism,56288,User,68
danez,231804,User,65
jridgewell,112982,User,65
xtuc,1493671,User,60
jmm,129203,User,48
eventualbuddha,1938,User,35
neVERberleRfellerER,11160972,User,30
RReverser,557590,User,26
webpro,456426,User,24
AluisioASG,1904165,User,20
gaearon,810438,User,20
sindresorhus,170270,User,19
guybedford,598730,User,19
samwgoldman,254842,User,18
zertosh,830952,User,17
motiz88,2246565,User,17
Kovensky,73085,User,15
benjamn,5750,User,15
lydell,2142817,User,14
kpdecker,196390,User,14
zloirock,2213682,User,14
chicoxyzzy,1507086,User,14
monsanto,247721,User,12
samccone,883126,User,11
STRML,1197375,User,11
vhf,2022803,User,11
AgentME,577345,User,10
danharper,510740,User,10
gzzhanghao,5051221,User,10
mathiasbynens,81942,User,10
rmacklin,1863540,User,10
kaicataldo,7041728,User,10
spicyj,6820,User,10
yavorsky,1521229,User,10
aaronang,7579804,User,9
boopathi,294474,User,9
greenkeeperio-bot,14790466,User,9
erikdesjardins,7673145,User,9
josh,137,User,8
maurobringolf,18613301,User,8
phantom10111,3482004,User,8
arthurvr,6025224,User,8
ForbesLindesay,1260646,User,8
buunguyen,406631,User,7
cesarandreu,656870,User,7
frantic,192222,User,7
jayphelps,762949,User,6
leebyron,50130,User,6
jhen0409,3001525,User,6
dashed,139499,User,5
DrewML,5233399,User,5
caspervonb,157787,User,5
douglasduteil,730511,User,5
aretecode,4022631,User,5
jamestalmage,4082216,User,5
peey,4688870,User,5
sarupbanskota,3149580,User,5
forivall,760204,User,5
rwjblue,12637,User,5
caseywebdev,1181237,User,4
divmain,5016978,User,4
DmitrySoshnikov,244010,User,4
joliss,524783,User,4
prathamesh-sonpatki,621238,User,4
tricknotes,290782,User,4
horpto,7109350,User,4
wtgtybhertgeghgtwtg,18507762,User,4
christophehurpeau,302891,User,4
steveluscher,13243,User,4
sampepose,1855931,User,4
alxpy,5622979,User,3
andy-ms,19274678,User,3
brentburg,225624,User,3
exacs,6959359,User,3
Daniel15,91933,User,3
davidaurelio,158859,User,3
fabiomcosta,28530,User,3
kangax,383,User,3
lukyth,7040242,User,3
kruppel,279376,User,3
mark0978,106150,User,3
nooks,824669,User,3
pwmckenna,295678,User,3
Naddiseo,115951,User,3
shinnn,1131567,User,3
shuhei,498635,User,3
SimenB,1404810,User,3
zjmiller,759304,User,3
dignifiedquire,790842,User,3
dlwalsh,1393495,User,3
antn,858504,User,3
jquense,339286,User,3
jeffmo,498293,User,3
lxe,1486609,User,2
Anderson-Vasques,9012811,User,2
cspotcode,376504,User,2
andrewimm,494043,User,2
artemgurzhii,13109164,User,2
callumacrae,472830,User,2
ChauTNguyen,17214097,User,2
CrocoDillon,3235119,User,2
es128,1740641,User,2
fkling,179026,User,2
stagas,283907,User,2
gyandeeps,5554486,User,2
ysangkok,284023,User,2
jfsiii,57655,User,2
jhorwit2,3876739,User,2
leipert,2906107,User,2
lukescott,486224,User,2
MarckK,15032115,User,2
Mark-Simulacrum,5047365,User,2
mquandalle,1730702,User,2
michaelficarra,218840,User,2
chalbert,760299,User,2
nicolo-ribaudo,7000710,User,2
kedromelon,5393571,User,2
zpao,8445,User,2
rwaldron,27985,User,2
1egoman,1704236,User,2
segphault,33037,User,2
appden,70904,User,2
siddharthkp,1863771,User,2
sotayamashita,1587053,User,2
grncdr,82634,User,2
MakeNowJust,6679325,User,2
graingert,413772,User,2
trodrigues,38177,User,2
koba04,250407,User,2
amsul,685051,User,2
js-n,1106489,User,2
lion-man44,3148294,User,2
pangratz,341877,User,2
alawatthe,901391,User,2
cpojer,13352,User,2
59naga,1548478,User,1
theJian,9625224,User,1
ahl,677483,User,1
skevy,131916,User,1
adityavohra7,1359298,User,1
varemenos,626343,User,1
nightire,1104018,User,1
brainlock,97501,User,1
djindjic,1564068,User,1
rattrayalex,704302,User,1
sashashakun,5776864,User,1
AlexanderZeilmannTNG,7559282,User,1
asapach,1755336,User,1
roadhump,234692,User,1
ehjay,11194972,User,1
nomicos,11248671,User,1
andykant,130970,User,1
addaleax,899444,User,1
amZotti,5640348,User,1
ariporad,1817508,User,1
arshabh,4034398,User,1
ashsearle,1166814,User,1
assaf,5158,User,1
bhosmer,355313,User,1
ben-ng,543312,User,1
ben-eb,1282980,User,1
bcoe,194609,User,1
BlackGlory,1365962,User,1
gigabo,115908,User,1
citycide,16605186,User,1
bradencanderson,5060341,User,1
bmeck,234659,User,1
bhoule,375849,User,1
bcamper,16733,User,1
bvaughn,29597,User,1
bjouhier,415044,User,1
callumlocke,250617,User,1
chadhietala,183799,User,1
clavery,88399,User,1
phpnode,363611,User,1
charliesome,179065,User,1
xtina-starr,5201004,User,1
CKarper,653156,User,1
clayreimann,930039,User,1
ColinRTaylor,11527179,User,1
browncolyn,10505696,User,1
conartist6,540777,User,1
conradz,1047153,User,1
daliwali,1175095,User,1
dmail,443639,User,1
dfabulich,96150,User,1
wyand,1288857,User,1
dkaoster,3477162,User,1
kpman,2382594,User,1
dariocravero,376268,User,1
darvelo,523169,User,1
dekelcohen,5879314,User,1
devongovett,19409,User,1
doug-wade,3477707,User,1
eetulatja,2640247,User,1
drd,3490,User,1
rozele,1106239,User,1
tgecho,49615,User,1
finkef,6552366,User,1
kutyel,5127501,User,1
ffky,682943,User,1
wincent,7074,User,1
hawkrives,464441,User,1
Hermanya,2906365,User,1
siroky,435787,User,1
hayeah,50120,User,1
hughsk,569817,User,1
izaakschroeder,206921,User,1
JPeer264,10677263,User,1
jacobrask,58563,User,1
jadnco,6766444,User,1
jcoglan,9265,User,1
lightsofapollo,322957,User,1
JaRail,8772225,User,1
Jamesernator,8518303,User,1
xjamundx,246143,User,1
jaslakson,17276211,User,1
JulianJason,10151729,User,1
jasonLaster,254562,User,1
outsideris,390146,User,1
taion,3112159,User,1
trmjoa,580342,User,1
Timer,616428,User,1
lencioni,195534,User,1
joemcbride,255007,User,1
jdalton,4303,User,1
maclover7,3020626,User,1
lookfirst,85355,User,1
johlrich,1655793,User,1
kesne,498479,User,1
Pr0x1m4,4820517,User,1
jdan,287268,User,1
josephfrazier,6473925,User,1
joshwnj,36711,User,1
jsearles,121672,User,1
jviereck,191719,User,1
jucrouzet,471070,User,1
lijunle,1296500,User,1
justinfagnani,522948,User,1
Qantas94Heavy,4044581,User,1
kasn,800250,User,1
ksjun,1551299,User,1
kevinbarabash,1044413,User,1
keyanzhang,2268452,User,1
deepsweet,266822,User,1
koenkivits,1873829,User,1
kripod,14854048,User,1
le0nik,12472674,User,1
lukasmlady,1811738,User,1
mdapper,5321064,User,1
marcelometal,665903,User,1
4rlekin,20195180,User,1
novemberborn,33538,User,1
KnisterPeter,327445,User,1
mroch,3012,User,1
mmun,1151810,User,1
quarterto,631757,User,1
mattkrick,5514175,User,1
mattste,2335756,User,1
MoOx,157534,User,1
MichaReiser,1203881,User,1
mischah,441011,User,1
athaeryn,1226972,User,1
tikotzky,200528,User,1
MrSpider,1087386,User,1
nmn,3582514,User,1
nveenjain,22762181,User,1
nhajidin,1077437,User,1
nettofarah,270688,User,1
nkt,3505878,User,1
silfverstrom,303546,User,1
NTillmann,6457462,User,1
nitin42,16336071,User,1
iamolivinius,832245,User,1
oliviertassinari,3165635,User,1
paulmillr,574696,User,1
peterm0x,4133370,User,1
pygy,54515,User,1
pra85,829526,User,1
kondi,278688,User,1
raine,11027,User,1
raganwald,17715,User,1
goto-bus-stop,1006268,User,1
richgilbank,1245284,User,1
Rich-Harris,1162160,User,1
RichyHBM,5472275,User,1
rstacruz,74385,User,1
robcolburn,245860,User,1
withinboredom,1883296,User,1
robertbrignull,3749000,User,1
rolftimmermans,78237,User,1
ryb73,943476,User,1
rtsao,780408,User,1
aickin,44199,User,1
scottarnold,164147,User,1
sstern6,10355544,User,1
TheLarkInn,3408176,User,1
sebdeckers,78718,User,1
Siilwyn,5701149,User,1
sergeybekrin,9248479,User,1
sethbergman,8031689,User,1
sethcall,21948,User,1
shinew,2703903,User,1
shubheksha,7693422,User,1
simeonwillbanks,164506,User,1
SimonDegraeve,907187,User,1
d4rkr00t,200119,User,1
skleeschulte,3659947,User,1
stefanpenner,1377,User,1
ntwb,1016458,User,1
meandmycode,153373,User,1
hulkish,139332,User,1
StyMaar,5692308,User,1
suryagaddipati,64078,User,1
sverrejoh,1209,User,1
batista,976915,User,1
lasekio,8137000,User,1
tadeuzagallo,764414,User,1
subtleGradient,4117,User,1
troch,1777517,User,1
teameh,1330668,User,1
timbur,7020411,User,1
timoxley,43438,User,1
tschaub,41094,User,1
TimothyGu,1538624,User,1
raspo,927264,User,1
chitchu,616274,User,1
sappharx,7884032,User,1
vkbansal,5930351,User,1
Jabher,1269512,User,1
vslinko,205823,User,1
ghthor,160298,User,1
xdamman,74358,User,1
yongxu,1932255,User,1
abouthiroppy,3367801,User,1
zbraniecki,449986,User,1
ahomu,404356,User,1
azrael25,5853640,User,1
azu,19714,User,1
battaile,939551,User,1
bill-improbableio,25749872,User,1
chocolateboy,31533,User,1
claudiopro,860099,User,1
clintwood,2149388,User,1
dchambers,283294,User,1
gitanupam,10434719,User,1
hon2a,2254160,User,1
jddxf,11155177,User,1
jochenberger,370733,User,1
jonathanong,643505,User,1
jupl,2065876,User,1
jwbay,1320447,User,1
keijokapp,11989314,User,1
nhducit,4246176,User,1
nkzawa,775227,User,1
noinkling,4338251,User,1
rektide,53243,User,1
sugargreenbean,1877368,User,1
voideanvalue,1803362,User,1
wesbos,176013,User,1
zenparsing,5995084,User,1
hex13,3883359,User,1
