mikermcneil,618009,User,4217
sgress454,553428,User,1265
tjwebb,1009114,User,87
particlebanana,370260,User,75
Zolmeister,700546,User,75
dcbartlett,1077050,User,68
loicsaintroch,2212354,User,55
konstantinzolotarev,286431,User,41
xdissent,99367,User,36
colinwren,2257156,User,30
rachaelshaw,3065949,User,30
techpines,1779513,User,25
ghernandez345,1153709,User,19
luislobo,453120,User,19
internalfx,583701,User,15
danielfeelfine,1668289,User,15
listepo,2510800,User,14
RWOverdijk,781745,User,11
vicapow,583385,User,10
irlnathan,1598650,User,9
Globegitter,2580254,User,7
kuhsaft,1364300,User,6
andyhu,203980,User,6
sleewoo,9264860,User,6
dangreen,986756,User,5
dmarcelino,1280446,User,5
tarlepp,595561,User,5
jakutis,4760120,User,5
kasperisager,1174718,User,5
AmeenAhmed,1298656,User,4
Chuwiey,1126486,User,4
ciaranmaher,122523,User,4
obrienmd,370167,User,4
ndhoule,1863990,User,4
reecelewellen,3856277,User,4
leedm777,133579,User,4
psobot,213293,User,4
uhho,3338573,User,4
mdunisch,5655305,User,4
wanderer,158211,User,4
netantho,994942,User,3
benrudolph,918514,User,3
chrisinajar,422331,User,3
t3chnoboy,2552790,User,3
haavardw,95774,User,3
jasonsims,1484253,User,3
jmealo,1066536,User,3
greeze,285741,User,3
lennym,117398,User,3
lwansbrough,186674,User,3
lucasconstantino,2688512,User,3
marionebl,4248851,User,3
mattlgy,782431,User,3
elesdoar,3817595,User,3
mhxz,5821729,User,3
rjclardy,272702,User,3
tedkulp,5429,User,3
boogerlad,1903750,User,3
dasher,89955,User,3
jub3i,867937,User,3
hmil,1753085,User,2
ei-grad,78607,User,2
connermcd,401607,User,2
connor4312,2230985,User,2
edy,39267,User,2
enkows,1641516,User,2
PaulAvery,5328822,User,2
jaredtking,1819617,User,2
jdcauley,1823990,User,2
kevinburke,234019,User,2
mortonfox,495892,User,2
markelog,945528,User,2
sylvainlap,8457604,User,2
virpool,284622,User,2
wulfsolter,1692132,User,2
adjoinant,4932932,User,2
bmac,54056,User,2
bolasblack,382011,User,2
digitalcraft,1791708,User,2
eric-burel,7983005,User,2
kokujin,2885603,User,2
smies,3749137,User,2
stangah,5151804,User,2
stormslowly,415655,User,2
flipflopsimsommer,2880362,User,2
Mordred,29232,User,2
askmike,969743,User,2
uncletammy,5298142,User,2
robertd,31543,User,2
yoshuawuyts,2467194,User,2
Tidwell,469375,User,1
adamhooper,10812,User,1
adba,703212,User,1
Ignigena,4356436,User,1
alejandronanez,464978,User,1
Aleks-d,10939038,User,1
aclave1,1417877,User,1
AlexYursha,4990557,User,1
AlexisNo,733191,User,1
hellowin,1904744,User,1
alivesay,1002890,User,1
Benew,1194274,User,1
ArtworkAD,524580,User,1
athieriot,661901,User,1
batuhan,535988,User,1
benjaminjs,2501984,User,1
bicherele,22479,User,1
owensbla,929281,User,1
baweaver,979723,User,1
freshvolk,1577232,User,1
CalvertYang,898040,User,1
campbellanderson,764859,User,1
CarlMungazi,8584475,User,1
cekoski,915460,User,1
cshenoy,410409,User,1
chrisbroome,1015758,User,1
divThis,447510,User,1
chiefy,54345,User,1
D1plo1d,145184,User,1
dandv,33569,User,1
dbuentello,8379733,User,1
drosen0,1048397,User,1
zhicheng-deng,7811854,User,1
devadattas,56180,User,1
Diullei,373936,User,1
DuncanMacWeb,593122,User,1
TheSharpieOne,664714,User,1
einfallstoll,619048,User,1
felixrieseberg,1426799,User,1
fernandolguevara,969516,User,1
misterGF,1244785,User,1
glenselle,1056932,User,1
gorangajic,249310,User,1
megawac,3475472,User,1
rengokantai,4312036,User,1
igncp,5245900,User,1
knownasilya,34726,User,1
jamesjwarren,1857944,User,1
JasonMore,383719,User,1
joaosa,659718,User,1
jonlong,482527,User,1
hellojwilde,44190,User,1
Josebaseba,1160665,User,1
JoshTheWanderer,1677846,User,1
timestep,3488288,User,1
ky0615,7475716,User,1
larryfox,795026,User,1
Psycojoker,41827,User,1
dzautner,1667679,User,1
mphasize,331830,User,1
masitko,2485081,User,1
mmcev106,2627854,User,1
madbook,2260961,User,1
Karnith,5819480,User,1
mikemastah,426798,User,1
mikedevita,2991640,User,1
natdash,5381333,User,1
nickeddy,943786,User,1
nwhatt,5993599,User,1
rasapetter,1532681,User,1
ospaarmann,308086,User,1
Winangel,5329081,User,1
gdi2290,1016365,User,1
piotryordanov,753950,User,1
poojan,150326,User,1
pra85,829526,User,1
robgraeber,2387719,User,1
knice,36719,User,1
robmoggach,184759,User,1
robertrossmann,3058150,User,1
ruzz311,419608,User,1
ryanseys,163873,User,1
rwoody,950314,User,1
poeticninja,1514196,User,1
abisz,7287780,User,1
SkylerRogers,630107,User,1
saghaulor,273862,User,1
Dallas62,3429329,User,1
gitter-badger,8518239,User,1
tapuzzo-fsi,5488616,User,1
uzyn,280505,User,1
bakavic,1281844,User,1
vishnuravi,1212163,User,1
vvm-broadsoft,12518480,User,1
egdelwonk,512548,User,1
fay-jai,2865947,User,1
lacivert,945612,User,1
alertby,527269,User,1
andyzhau,5853409,User,1
elnights,580433,User,1
borestad,286455,User,1
cmemery,1454972,User,1
corbanb,140186,User,1
d4mn,1211114,User,1
davesag,387098,User,1
devel-pa,2742270,User,1
dubcanada,120325,User,1
EvanBurchard,34450,User,1
jaulz,5358638,User,1
jelhan,4965703,User,1
leobudima,562980,User,1
mewben,2163157,User,1
mrfishie,834162,User,1
saada,1087987,User,1
sajov,2475348,User,1
OpenSorceress,1856244,User,1
slantzjr,2676141,User,1
t3rminus,643473,User,1
xpepermint,174279,User,1
zand3rs,436119,User,1
