blueimp,244586,User,905
dougdomeny,887297,User,3
guag,4708925,User,3
cvrebert,419884,User,2
Danter7,16699909,User,2
Herst,1042176,User,2
karellm,119841,User,2
tkleinhakisa,1912952,User,2
lmartelli,4068533,User,2
martco,420959,User,2
matthewrhoden1,2099769,User,2
bowlofeggs,354506,User,2
hellyeah123,23212188,User,2
ThomasLandauer,1054469,User,2
jbostoen,6421683,User,2
mattclegg,303487,User,2
orhanveli,525103,User,2
palcu,772220,User,1
ajcrites,1308273,User,1
AndrewEastwood,1483306,User,1
AndreSchwarzer,6991100,User,1
abgotsunami,2836547,User,1
sapegin,70067,User,1
zoliszabo,9949042,User,1
brianwyantora,11786450,User,1
christianvuerings,127199,User,1
DarekTw,5491058,User,1
mcdado,898057,User,1
david-hollifield,686784,User,1
akvadrako,184545,User,1
devonharvey,9685632,User,1
fabiogermann,2370607,User,1
Marmelatze,199681,User,1
nervo,95935,User,1
francoisjacques,1069768,User,1
ftufek,1327966,User,1
georgemillo,2656485,User,1
twlz0ne,2653486,User,1
blented,1403171,User,1
codler,102052,User,1
naxhh,944635,User,1
JosephKu,105106,User,1
jtuulos,22647,User,1
lmarburger,23582,User,1
luis-almeida,1159544,User,1
ottens,4661657,User,1
mattiasw,564615,User,1
darknessm0404,1908032,User,1
majornista,154077,User,1
gorillamania,142708,User,1
pquentin,42327,User,1
rslinckx,373249,User,1
remicollet,270445,User,1
rvavruch,101327,User,1
samuelclay,44229,User,1
exussum12,1102850,User,1
taylorking,1733912,User,1
TeLiXj,5677943,User,1
thanpolas,458813,User,1
teynon,1666274,User,1
dariusj18,10720,User,1
danxshap,1296832,User,1
exabugs,1234874,User,1
headlessme,4320942,User,1
istem,3509275,User,1
jbirkholz,4705660,User,1
ningliu,2146824,User,1
rhymes,146201,User,1
rikkertkoppes,302821,User,1
sieppl,837595,User,1
timmetj,5031746,User,1
