oliviertassinari,3165635,User,1356
hai-cea,2007468,User,1091
mbrookes,357702,User,334
mmrtnz,5534079,User,330
alitaheri,8528759,User,241
newoga,344018,User,138
shaurya947,3454081,User,102
jkruder,535101,User,82
nathanmarks,4420103,User,78
jtollerene,2362778,User,53
Zadielerick,10036267,User,53
pomerantsev,3888965,User,40
chrismcv,145466,User,37
cgestes,49141,User,31
tintin1343,15271922,User,29
Shahrukh-Zindani,14262127,User,26
castrolol,2396226,User,26
theosherry,8320854,User,24
yulric,5900191,User,23
mikepb,637039,User,20
igorbt,1198924,User,19
solkaz,10211603,User,18
vmakhaev,964688,User,16
marnusw,971499,User,15
louy,349850,User,15
pradel,5749437,User,14
ButuzGOL,196564,User,13
misha-panyushkin,890700,User,13
KapJI,3767331,User,11
heetvachhani,10719374,User,11
patrykkopycinski,5188868,User,10
tyfoo,13031780,User,10
aahan96,7631739,User,10
jakeboone02,366438,User,9
mwq27,551359,User,9
yongxu,1932255,User,9
BobertForever,3067060,User,8
rolandpoulter,51327,User,8
tony,26336,User,8
umidbekkarimov,4734297,User,8
felipethome,4316501,User,8
maoziliang,1581998,User,8
antoinerousseau,160279,User,7
DeviaVir,777823,User,7
jeroencoumans,15248,User,7
NogsMPLS,6899011,User,7
tschaub,41094,User,7
zhxnlai,4694896,User,7
tylermichael,4096772,User,7
martianboy,977610,User,6
acrogenesis,1312687,User,6
ArcanisCz,8430123,User,6
alshain,349397,User,6
CumpsD,1201644,User,6
gabrielmdeal,15224929,User,6
hhaidar,1066160,User,6
lucasbento,6207220,User,6
dugokontov,1465340,User,6
WRidder,777658,User,6
netoctone,732231,User,6
andrejunges,5039334,User,6
jaygood,6809280,User,5
owencm,279720,User,5
pandaiolo,1933404,User,5
SimonDegraeve,907187,User,5
troutowicz,8117994,User,5
mullwaden,72881,User,5
newsiberian,11130487,User,5
oyvindberg,247937,User,5
ffxsam,12532733,User,5
CameronFletcher92,1721120,User,4
frooeyzanny,8568335,User,4
Gerigot,13289669,User,4
codeheroics,1598317,User,4
miclaus,4658706,User,4
mkucharz,4037961,User,4
matiaslarsson,437760,User,4
mike-robertson,8756876,User,4
pdf,146192,User,4
quangbuule,5992964,User,4
izziaraffaele,2734825,User,4
romeovs,1250185,User,4
smcguinness,61205,User,4
vaiRk,1123924,User,4
jony89,16977587,User,4
rtm7777,1252290,User,4
Sandreu,1159585,User,4
fvisser,402797,User,4
bgribben,11745585,User,4
davincho,2635143,User,4
leMaik,5544859,User,4
GusRuss89,1411644,User,3
cameronroe,1614348,User,3
serratus,1381822,User,3
ccomb,283404,User,3
dhoward,268974,User,3
dqdinh,739938,User,3
dmusicb,7004741,User,3
elca2712,1132843,User,3
ekatzenstein,6820526,User,3
kib357,347668,User,3
fzaninotto,99944,User,3
gsklee,1006291,User,3
gpbl,120693,User,3
johnhaley81,867780,User,3
StoneCypher,77482,User,3
luisrudge,941075,User,3
manuelmazzuola,1757492,User,3
mjhasbach,1113532,User,3
metalmatze,872251,User,3
vizath,1634993,User,3
paol,315432,User,3
Pczek,839848,User,3
hiddentao,266594,User,3
zuren,34348,User,3
agenthunt,6962261,User,3
shraddha30,5009545,User,3
sjstebbins,455819,User,3
stevewillard,11420,User,3
thomasguillory,540217,User,3
gyfis,1632140,User,3
vinzscam,8433119,User,3
corvuscornix,10249213,User,3
daniellewissc,8290108,User,3
coderafei,4183342,User,3
kodermax,590985,User,3
micaste,6943949,User,3
pinturic,2233560,User,3
ustccjw,4114358,User,3
woshiwenzhijie,6478844,User,3
super-cache-money,1463145,User,3
Jersonodev,8367026,User,3
lourd,2012388,User,3
liesislukas,2733862,User,3
matthewoates,3092315,User,3
nihaux,3429327,User,3
amangeot,7119159,User,3
freeslugs,1843466,User,3
agnivade,1774000,User,2
freele,2396287,User,2
ashl1,4058628,User,2
crashbell,810139,User,2
KaeruCT,1018253,User,2
AntouanK,4569111,User,2
mrsln,96596,User,2
bcbcb,3516932,User,2
bryanlarsen,32073,User,2
cmrnh,2751933,User,2
crenwick,5790634,User,2
hycner,6600148,User,2
suvjunmd,11020536,User,2
DylanSimowitz,10184095,User,2
emohedano,1557624,User,2
kireerik,3628043,User,2
Floriferous,10428082,User,2
garrettn,5113153,User,2
eternal0,1951328,User,2
grxy,836644,User,2
Dilatorily,3412917,User,2
nevir,41373,User,2
codemonkey800,2176050,User,2
onejgordon,57584,User,2
JessThrysoee,238102,User,2
JAStanton,645300,User,2
JorgenEvens,223318,User,2
kevhuang,3806348,User,2
kevinrobinson,1056957,User,2
Kiikurage,3253117,User,2
hitripod,550166,User,2
larrxu,2924315,User,2
liamcmitchell,1638610,User,2
lvauvillier,134909,User,2
n-miyo,62746,User,2
markoshust,437029,User,2
unageanu,11205,User,2
silvenon,471278,User,2
m14t,207950,User,2
mhuebert,165223,User,2
mgibeau,1536543,User,2
mikedklein,3578720,User,2
minas1,1492092,User,2
ntgn81,4622542,User,2
ngbrown,228987,User,2
nathantalewis,2854149,User,2
nktssh,1872256,User,2
octavioamu,1358093,User,2
omarchehab98,12089120,User,2
pablo-bondacom,23504103,User,2
audetpascale,15899378,User,2
pbambusek,1269023,User,2
puranjayjain,5458094,User,2
Sharlaan,2692027,User,2
ratson,2682937,User,2
rishabhp,933948,User,2
rstrong-pica9,3339806,User,2
dantix,2139354,User,2
neverfox,3344033,User,2
rhagigi,1672482,User,2
ryantemple,2178635,User,2
salarkhan,3118416,User,2
samdroid-apps,6022042,User,2
STRML,1197375,User,2
ShadowMen,1833710,User,2
sidsarasvati,2634859,User,2
stevehu,2042337,User,2
stipsan,81981,User,2
tomesch,2629341,User,2
Phr0ztByte,19889,User,2
tomchentw,922234,User,2
tomrosier,14276821,User,2
TrySpace,5586278,User,2
vmaudgalya,12266146,User,2
vishalvijay,2828848,User,2
dobryanskyy,16561701,User,2
ZLester,2387793,User,2
ziad-saab,3943143,User,2
echenley,6344219,User,2
hemanth,18315,User,2
tehleach,1281573,User,2
lgpasquale,6189354,User,2
made-aryadinata,1260301,User,2
ovaldi,4537336,User,2
sottar,8223003,User,2
waretyler,6062676,User,2
xaviergonz,6306796,User,2
xinghengwang,6666687,User,2
thelordoftheboards,7056535,User,2
cgwyllie,1305158,User,2
DoubleU23,5007050,User,2
anyong,6260469,User,2
jcouyang,1235045,User,2
ludoviccyril,19643597,User,2
ohde,6856263,User,2
mpontikes,19655813,User,2
170102,25636690,User,1
59naga,1548478,User,1
Aaike,378772,User,1
aaronshaf,122654,User,1
azizghuloum,22506749,User,1
donratta,1890260,User,1
akshaynaik404,8489816,User,1
akshaynanavati,3410061,User,1
alancasagrande,893649,User,1
alepez,877244,User,1
bado22,1781137,User,1
tantona,6251606,User,1
rockad,1107119,User,1
alexprice91,4140149,User,1
Kingdutch,327697,User,1
aliismayilov,993934,User,1
malekpour,542968,User,1
AliciaWamsley,4520182,User,1
alireza-ahmadi,1054228,User,1
AndersDJohnson,615381,User,1
grmlin,457065,User,1
JustAndrei,5041046,User,1
heretge,1269631,User,1
agoldis,1637928,User,1
Andrew8xx8,672631,User,1
akulov,5780914,User,1
angelikatyborska,7852553,User,1
Stansbridge,1606432,User,1
isnifer,1788245,User,1
Apercu,6033345,User,1
Bartekus,7887446,User,1
BartKrol,5664083,User,1
myrubapa,1535825,User,1
bennyhobart,3694930,User,1
billyvg,79684,User,1
olee,6547794,User,1
bjornreppen,281359,User,1
Bnaya,1304862,User,1
bognix,3473327,User,1
bradencanderson,5060341,User,1
aweary,6886061,User,1
BrandonSmith,10338,User,1
wangwenpei,454006,User,1
brendanmh,22895955,User,1
brianboyko,3599223,User,1
Brianzchen,12436524,User,1
brianlheim,15369640,User,1
caesay,1287295,User,1
camerondubas,6216460,User,1
cannium,1171383,User,1
catalinred,1867900,User,1
Cavitt,2079305,User,1
chalisegrogan,1843056,User,1
beaudry,2341575,User,1
charliegroll,1126370,User,1
thechriswalker,551712,User,1
crudh,3248512,User,1
chrisjbrown,1250638,User,1
ChrisJamesC,1410314,User,1
shiningjason1989,652135,User,1
seasick,1318997,User,1
codylawson,5149922,User,1
cvinson,590431,User,1
colllin,185923,User,1
cawinkelmann,350215,User,1
chellberg,4022252,User,1
craigjennings11,1683368,User,1
cassiozen,33676,User,1
pdc,90414,User,1
damienbolger,2406593,User,1
dandelany,734221,User,1
danep93,8129369,User,1
DanlanNZ,2135050,User,1
DanielRamosAcosta,11427028,User,1
DaIgeb,15130999,User,1
DaveWM,5785709,User,1
EcutDavid,10692276,User,1
thehig,96122,User,1
drojas,1720752,User,1
dbslone,264547,User,1
birnam,430066,User,1
wuman,247559,User,1
mrmlnc,7034281,User,1
Hybrid-Force,978994,User,1
dhruvdutt,5961873,User,1
Dcorkran,17633940,User,1
dutradda,9977774,User,1
dchest,52677,User,1
xmityaz,10046613,User,1
domarmstrong,1533249,User,1
ddeath,2537379,User,1
eduardomb,911659,User,1
elgerlambert,1628796,User,1
Ehesp,842078,User,1
goffreder,156642,User,1
0x0ece,1491992,User,1
EnzoMartin,735558,User,1
cavneb,12481,User,1
EugeneZ,13424,User,1
piuccio,680284,User,1
neonray,1330192,User,1
felipeptcho,656062,User,1
feross,121766,User,1
kutyel,5127501,User,1
pancho111203,9058460,User,1
FredericHeem,4118089,User,1
fredriklindell,16117395,User,1
ForNeVeR,92793,User,1
GAumala,5729175,User,1
garth,4643,User,1
patitonar,4614574,User,1
LFDM,2204549,User,1
pawsong,2945463,User,1
gorkemcnr,5788325,User,1
gchudnov,1832751,User,1
hailedev,6165355,User,1
Haroenv,6270048,User,1
zzarcon,1194982,User,1
hburrows,1463323,User,1
Shenseye,14964189,User,1
igrayson,6943580,User,1
hwo411,4161883,User,1
MustD,3086970,User,1
safareli,1932383,User,1
superstructor,350450,User,1
ibekavac,6792075,User,1
helsus,312055,User,1
NoHomey,8791438,User,1
jdai8,13922268,User,1
jacksonrayhamilton,5356588,User,1
brwr,4095660,User,1
DefiantBidet,1092959,User,1
j-gibweb,3903952,User,1
amannn,4038316,User,1
janicduplessis,2677334,User,1
janzenz,1410147,User,1
alldne,3467350,User,1
blmarket,192258,User,1
MrLeebo,2754163,User,1
jimgong92,7923322,User,1
jkettmann,9722792,User,1
wuzzeb,461189,User,1
MrJoy,113625,User,1
jpetitcolas,688373,User,1
Josh-a-e,2893877,User,1
jtulkki2,23698446,User,1
jsyrjala,25238,User,1
rkmax,395707,User,1
JLHwung,3607926,User,1
Jbarget,11725595,User,1
justinabrahms,3853,User,1
husterk,8089998,User,1
kebot,289392,User,1
kgregory,3155127,User,1
KenLSM,12391617,User,1
LeeKevin,2312145,User,1
KevinMcIntyre,1522550,User,1
rosskevin,136564,User,1
kylefinley,756228,User,1
lawrence-yu,3094147,User,1
asztal,68302,User,1
leesiongchan,324418,User,1
kevlened,955312,User,1
LeoIannacone,1774748,User,1
levrik,9491603,User,1
lewiscowper,593574,User,1
demigor,2766881,User,1
ldct,130362,User,1
lisabronwyn,5466887,User,1
lwansbrough,186674,User,1
lorensr,251288,User,1
lgollut,3273338,User,1
muzykalukasz,1987738,User,1
lynndylanhurley,468037,User,1
100ideas,57006,User,1
mthenw,455261,User,1
lipenco,2530057,User,1
makslevental,5657668,User,1
marcel-ernst,8981579,User,1
katzoo,2872434,User,1
krebbl,951433,User,1
johnsome,16687,User,1
mmckelvy,4031204,User,1
marksweston,392071,User,1
MaronMariusz,2123473,User,1
matsilva,4511972,User,1
mccraveiro,782333,User,1
duereg,325737,User,1
mattapperson,192433,User,1
MattCain,3685626,User,1
matthewcheok,4529964,User,1
mjkaufer,1483405,User,1
mattp94,7294793,User,1
MattHauglustaine,1613036,User,1
mquandalle,1730702,User,1
MoOx,157534,User,1
staticinstance,4674440,User,1
mikedizon,26526,User,1
mhahn,704593,User,1
Huddo121,1518405,User,1
gobadiah,2059810,User,1
mbifulco,1844496,User,1
onumossn,12261843,User,1
sanemat,75448,User,1
