aearly,558190,User,430
caolan,5274,User,262
megawac,3475472,User,237
hargasinski,7647696,User,62
beaugunderson,61791,User,36
ivanseidel,3102127,User,30
ezubarev,5698522,User,20
charlierudolph,1676758,User,19
zartdinov,4386514,User,12
brianmaissy,622989,User,10
fritx,6647633,User,8
ex1st,7733915,User,7
jessehouchins,402873,User,7
suguru03,8013633,User,7
justincy,1037458,User,7
allanca,175399,User,6
andalm,1644662,User,6
Kikobeats,2096101,User,6
raydog,1672559,User,6
rmg,17978,User,6
seriousManual,1330022,User,6
mikermcneil,618009,User,5
b-paul,9384142,User,4
bojand,2081100,User,4
kimptoc,38746,User,4
jnordberg,95886,User,4
leahciMic,1240502,User,4
Mithgol,1088720,User,4
tekwiz,51165,User,4
uzyn,280505,User,4
vsivsi,428642,User,4
marcolino,849127,User,4
edeustace,101623,User,4
adam-26,2652619,User,3
aianus,1322087,User,3
asyncanup,77941,User,3
ajfranzoia,964115,User,3
bao987654321,5289897,User,3
calvinfo,487539,User,3
th3james,128598,User,3
parshap,332258,User,3
boutell,32125,User,3
rhyzx,1676871,User,3
dacoozheng,16055873,User,3
nazomikan,536010,User,3
ognivo,745164,User,3
webbiesdk,868540,User,3
silentroach,166803,User,3
andrewrk,106511,User,2
jiabei,5317167,User,2
bcoe,194609,User,2
ceedubs,977929,User,2
CodeMan99,6373201,User,2
dandv,33569,User,2
dougwilson,67512,User,2
ericz,270151,User,2
gr2m,39992,User,2
jahraphael,2944670,User,2
jdalton,4303,User,2
jstewmon,909418,User,2
calendee,57374,User,2
raszi,76983,User,2
mmalecki,692459,User,2
Qix-,885648,User,2
yangmillstheory,2729079,User,2
scop,109152,User,2
vvo,123822,User,2
asilvas,981007,User,2
benfleis,2185001,User,2
jub3i,867937,User,2
indexzero,4624,User,2
jkroso,1103796,User,2
jsdevel,2605980,User,2
tiankongldp,6677745,User,2
alFReD-NSH,822510,User,2
MaZderMind,142237,User,2
aadamowski,143613,User,1
ixti,94782,User,1
alexgorbatchev,65633,User,1
kolomiichenko,1042611,User,1
isabellatea,12562878,User,1
TrySound,5635476,User,1
proflayton,742888,User,1
xbrightmatterx,8714726,User,1
brismuth,5679695,User,1
bbigras,24027,User,1
ccare,441154,User,1
ChrisWren,2061937,User,1
christophercurrie,19510,User,1
coreyjewett,12782,User,1
crispen-smith,2231111,User,1
danbell,680696,User,1
dhritzkiv,1349865,User,1
hairyhenderson,2037086,User,1
davidaurelio,158859,User,1
dgbeck,1483694,User,1
DrkSephy,1226900,User,1
gypsydave5,5469544,User,1
dmlukichev,3776413,User,1
valorkin,1107171,User,1
DmitryBochkarev,1196822,User,1
iamdoron,3956042,User,1
dpatti,458155,User,1
lvn,7042541,User,1
ecasilla,4240936,User,1
esco,375773,User,1
felixonmars,1006477,User,1
feross,121766,User,1
fmenezes,1765216,User,1
garysye,8218686,User,1
gmaclennan,290457,User,1
horx,1332618,User,1
hendricha,4252659,User,1
iangreenleaf,78887,User,1
jtwebman,543790,User,1
autopulated,3456211,User,1
jbrudvik,527568,User,1
jmar777,183199,User,1
jhnns,781746,User,1
tjwudi,5257816,User,1
jonmorehouse,1557266,User,1
lookfirst,85355,User,1
jontewks,3970573,User,1
insin,226692,User,1
jorgebay,2931196,User,1
jbcurtin,45219,User,1
trusktr,297678,User,1
jfhbrook,57536,User,1
perrin4869,5774716,User,1
searls,79303,User,1
hotaru355,6034403,User,1
kevinsawicki,671378,User,1
kvz,26752,User,1
ieatfood,1124321,User,1
kunagpal,7289840,User,1
lgaticaq,661958,User,1
crzidea,4723660,User,1
louischatriot,926355,User,1
lupomontero,110297,User,1
mchapman,373462,User,1
markyen,673688,User,1
fromheten,1630938,User,1
naoufal,1627824,User,1
nfriedly,114976,User,1
Neamar,536844,User,1
Nicholaiii,7280931,User,1
pgherveou,521091,User,1
askhogan,635449,User,1
langpavel,142462,User,1
focusaurus,482377,User,1
pierrec,368228,User,1
PierreFritsch,10234267,User,1
pra85,829526,User,1
sqs,1976,User,1
quocvu,1905305,User,1
RBLU,2692565,User,1
ReadmeCritic,15367484,User,1
RickEyre,1071332,User,1
RubyTuesdayDONO,869199,User,1
RyanCopley,819591,User,1
rybesh,84592,User,1
saiichihashimoto,2819256,User,1
EndangeredMassa,41545,User,1
Nolanus,3458616,User,1
sergi,30396,User,1
Sheile,191358,User,1
simoami,2038264,User,1
tikonen,380448,User,1
gitter-badger,8518239,User,1
timoxley,43438,User,1
vergenzt,1725615,User,1
freeall,376654,User,1
tborg,1302133,User,1
AVVS,1713617,User,1
VitoNordloh,4267647,User,1
vojtajina,46647,User,1
WaeCo,12046123,User,1
wendy,9175276,User,1
woverton,9078302,User,1
xavierchow,2748884,User,1
ashnur,407934,User,1
braddunbar,11674,User,1
isayme,1747852,User,1
josher19,175075,User,1
kpozin,492262,User,1
kybernetikos,430980,User,1
libHive,11081325,User,1
lion-man44,3148294,User,1
majecty,709900,User,1
mattcollier,902041,User,1
maxkueng,168709,User,1
mtone,6701583,User,1
ORESoftware,11139560,User,1
scottarver,6730885,User,1
snowblindroan,1746394,User,1
wonderdogone,538197,User,1
bostko,1595054,User,1
zhengjunxin,8456480,User,1
