etimberg,6757853,User,1181
tannerlinsley,5580297,User,311
simonbrunel,3874900,User,131
nnnick,1458051,User,114
panzarino,7033952,User,63
fulldecent,382183,User,38
hamalaiv,9217370,User,30
jakesyl,6392429,User,19
benmccann,322311,User,16
wcatron,5385284,User,13
mathiask88,4368785,User,12
cmweiss,827703,User,11
derekperkins,3588778,User,11
hallatore,365605,User,11
jachstet-sea,7993508,User,10
DaanDeMeyer,9395011,User,9
niemyjski,1020579,User,8
slinhart,8146903,User,8
damiansilbergleithcunniff,14797221,User,7
MatthieuRivaud,20819694,User,7
moberwasserlechner,1049938,User,7
ashiguruma,863711,User,7
KoyoSE,22541770,User,7
Tarqwyn,1433040,User,6
Jareechang,9851316,User,6
pascoual,5540535,User,6
olyckne,1079027,User,5
mdewilde,12495386,User,5
Lighnat0r,7009354,User,5
Mesonyx,2334621,User,4
nagix,723188,User,4
bendxn,856721,User,4
theawesomenayak,10061146,User,4
tomduncalf,5458070,User,4
desowin,1053087,User,4
vincchan,868272,User,4
amlethojalen,3915769,User,4
coolbombom,836503,User,4
Jack-Valentine,10491481,User,4
tredston,15214161,User,4
roicos,19689271,User,3
The-Smallest,1450883,User,3
marcelotedeschi,5921389,User,3
rvaidya,128848,User,3
andig,184815,User,3
dibsyjr1,9978497,User,3
dima117,5608639,User,3
potatopeelings,300494,User,3
wuchangming,5039340,User,3
haschu,13450260,User,3
100000001,17741493,User,2
38elements,2399132,User,2
aaron-em,5650970,User,2
fewstera,1465605,User,2
HarvestingClouds,5864392,User,2
hurskiy-andriy,8110627,User,2
andyburke,273857,User,2
bengesoff,5968462,User,2
BenWoodford,503263,User,2
cmoel,272904,User,2
eemikula,7127702,User,2
fntneves,1722352,User,2
ianks,3303032,User,2
jamiepenney,76878,User,2
jeffcarey,10188148,User,2
jtblin,1388974,User,2
JonRowe,162976,User,2
compwright,138688,User,2
xriss,3142388,User,2
mackuba,28465,User,2
mennodekker,922643,User,2
mdehoog,1538523,User,2
Miosss,8083959,User,2
Neabfi,8831940,User,2
Pikamander2,5246872,User,2
ricardocosta89,11922336,User,2
posgarou,8039360,User,2
invalid-email-address,148100,User,2
chandruxp,563494,User,2
dylan-kerr,8778207,User,2
kirkstrobeck,241963,User,2
mattclegg,303487,User,2
GitGal,2892465,User,2
jeffesp,464629,User,2
johnheroy,5909572,User,2
neilmacintyre,6704857,User,2
atomkirk,2091439,User,1
adileo,7949198,User,1
adrianliaw,2776892,User,1
mnsrv,8746547,User,1
alex-paterson,2718314,User,1
Kopleman,3992563,User,1
AllenJB,5645829,User,1
amire80,346271,User,1
awallat,5612346,User,1
robocoder,922051,User,1
apoorvasrinivasan,11849763,User,1
bgits,4020296,User,1
azranel,5666244,User,1
benpdavison,9478870,User,1
uok,9367272,User,1
bjornarg,275651,User,1
khorolets,3235740,User,1
borancar,1197229,User,1
BrettBukowski,224622,User,1
CAYdenberg,3757136,User,1
ceanela,1743355,User,1
byCedric,1203991,User,1
nightlyop,5469488,User,1
trantorLiu,1210031,User,1
klaemo,778624,User,1
vermeeca,122619,User,1
seven7seven,169333,User,1
dchesterton,1707355,User,1
dmk2014,6460241,User,1
kant,32717,User,1
davidcochrum,10524697,User,1
davis,4855619,User,1
dennybiasiolli,11649463,User,1
thePanz,226021,User,1
sassomedia,5614099,User,1
ericnkatz,91019,User,1
ericjperry,5107961,User,1
epeli,225712,User,1
fastrde,1861723,User,1
fwolfst,219373,User,1
fizerkhan,1433380,User,1
ooflorent,168498,User,1
GabrielMancik,12762648,User,1
tuttnauer,1255768,User,1
shirosaki,170831,User,1
HuwSy,3321353,User,1
ilyakatz,282514,User,1
internalfx,583701,User,1
IonutLaceanu,2991577,User,1
apertureless,4975917,User,1
jbrooksuk,246103,User,1
jgmcelwain,236781,User,1
honza889,3178122,User,1
Janpot,2109932,User,1
jsonmaur,911274,User,1
jimkring,381432,User,1
joelewis,1254105,User,1
jtibble,2126464,User,1
johnw86,341852,User,1
Joshuabaker2,3316640,User,1
jsoref,2119212,User,1
moortaube,400350,User,1
justinledford,6508517,User,1
enumag,539462,User,1
kamito300,17798672,User,1
kabhati,29613681,User,1
karthikiyengar,8260207,User,1
kkirsche,947110,User,1
kirushanth-sakthivetpillai,1319454,User,1
lndobryden,4583878,User,1
leighquince,813029,User,1
let-aurn,13006409,User,1
levithomason,5067638,User,1
SkydiveMarius,4172752,User,1
brother,243351,User,1
martinzuern,9105774,User,1
matt-watson90,6759875,User,1
matthisk,602837,User,1
Nek-,972456,User,1
michaelarnauts,1193779,User,1
bakura10,1198915,User,1
mjeanroy,1067361,User,1
Winnetou,3671882,User,1
migsc,1750298,User,1
mparramont,636075,User,1
msmiley,138650,User,1
mtanda,224552,User,1
mbrevda,293004,User,1
hrniels,185603,User,1
NoelOConnell,966495,User,1
OlduwanSteve,809808,User,1
pwavg,3741678,User,1
Peter-Van-Drunen,29068308,User,1
prashcr,7514066,User,1
pratyushmittal,1546426,User,1
raquelguimaraes,3056313,User,1
Rowno,605501,User,1
baublet,3482661,User,1
rylanhalteman,2278079,User,1
ryoon,364226,User,1
samueljo,18156821,User,1
shuson,2747614,User,1
MuseofMoose,10477895,User,1
steaks,1373752,User,1
suheb,4609293,User,1
thukaramvh,18475112,User,1
tiagoroldao,1634026,User,1
tiesont,420293,User,1
Mardaneus86,7780108,User,1
NtsDK,669689,User,1
FROGGS,141968,User,1
TAGraves,2263711,User,1
troywarr,798770,User,1
Parent5446,52883,User,1
ismeta,1206081,User,1
varatep,3941301,User,1
weareoutman,2338946,User,1
WouterSioen,1398405,User,1
xg-wang,8369011,User,1
yanarchy,8541019,User,1
achichenin,4521530,User,1
akagroundhog,4127233,User,1
bretjb,4078738,User,1
bydooweedoo,164294,User,1
chasd00,1261284,User,1
sorrycc,35128,User,1
cizmiak,19687371,User,1
courchef,15271147,User,1
cw0102,18674410,User,1
djhuistra,4253972,User,1
el-ee,6833109,User,1
eunicekokor,5273390,User,1
gitname,7143133,User,1
laviniaclare,5855689,User,1
msrocka,3520062,User,1
npsecoding,14211583,User,1
paulmasson,3289562,User,1
ronaldgrn,2956941,User,1
thebenedict,110948,User,1
y-takey,1817802,User,1
zymiboxpay,9331269,User,1
