mbostock,230541,User,2950
jasondavies,31223,User,776
kitmonisit,1175380,User,50
DanGoldbach,536984,User,27
larskotthoff,579233,User,11
natevw,265902,User,11
yasirs,400538,User,11
square-build-bot,2523305,User,9
jheer,202799,User,8
leodutra,444344,User,8
scottcheng,1612169,User,8
mrcarlosrendon,1294785,User,7
NelsonMinar,382136,User,7
webmonarch,471903,User,7
hlvoorhees,4141669,User,6
trevnorris,289174,User,6
dandv,33569,User,5
maoe,105151,User,5
pjjw,638,User,5
curran,68416,User,4
jfirebaugh,98601,User,4
mrblueblue,9220038,User,4
splendido,6148980,User,4
snoble,57576,User,4
iterion,145272,User,3
zenmoto,12149,User,3
trinary,46036,User,3
GerHobbelt,402462,User,3
jisaacks,1355481,User,3
dwt,57199,User,3
notlion,27721,User,3
tbranyen,181635,User,3
kmindi,1949593,User,3
asuth,46909,User,2
arjenvanoostrum,8752572,User,2
Caged,25,User,2
clkao,69736,User,2
cvrebert,419884,User,2
davelandry,1847581,User,2
deanmalmgren,255672,User,2
dorotka,4595407,User,2
guybedford,598730,User,2
indec,790763,User,2
e-,971554,User,2
jaredly,112170,User,2
johan,2459,User,2
jonseymour,207131,User,2
mmeisel,696983,User,2
askmike,969743,User,2
vanshady,13060349,User,2
pelson,810663,User,2
serhalp,1377702,User,2
stuglaser,1527117,User,2
wilg,54353,User,2
xaviershay,1714,User,2
ZJONSSON,1082488,User,2
adnan-wahab,2786457,User,2
biovisualize,824534,User,2
alexandersimoes,252276,User,1
Alex--wu,3763828,User,1
alon,55290,User,1
andycjw,125164,User,1
baerrach,723962,User,1
bdon,77501,User,1
danmilon,1139595,User,1
tillberg,104587,User,1
voidstardb,1476722,User,1
oller,1219831,User,1
Dev-Lan,6709955,User,1
krid,125636,User,1
eglassman,2320194,User,1
mserinjane,986892,User,1
fabriciotav,799023,User,1
Freeyorp,4001219,User,1
ffosilva,590045,User,1
geowa4,136390,User,1
GerardHundman,1310377,User,1
pgilad,4533329,User,1
gordonwoodhull,1366709,User,1
ignacioola,95340,User,1
ilyabo,351828,User,1
isaacs,9287,User,1
jmalonzo,12141,User,1
jefkoslowski,86096,User,1
zerolinux5,1896803,User,1
jimkang,324298,User,1
radford,55631,User,1
jose-romeu,19326557,User,1
lynaghk,147919,User,1
alexstrat,687961,User,1
theoreticaLee,591833,User,1
lukasappelhans,23859,User,1
mgold,1191970,User,1
micahstubbs,2119400,User,1
mjackson,92839,User,1
gdi2290,1016365,User,1
foolip,498917,User,1
PrajitR,4674442,User,1
rbu,65913,User,1
rogerbramon,330441,User,1
cssherry,6097953,User,1
stefwalter,795070,User,1
stepheneb,7188,User,1
tpreusse,410211,User,1
tmont,188562,User,1
vladh,291640,User,1
wcwung,4923966,User,1
n1n9-jp,974276,User,1
Y--,773683,User,1
ZeeDev,4069900,User,1
afc163,507615,User,1
leitzler,3111805,User,1
mauromelis,8566723,User,1
mpersing,1281191,User,1
patriciaborges,1698719,User,1
ppeterka,13557016,User,1
shilad,329888,User,1
vtstarin,215318,User,1
william-pan,20611735,User,1
