Dogfalo,2775751,User,1296
acburst,28045,User,1251
tomscholz,20381749,User,114
DanielRuf,827205,User,48
ajmark,1892501,User,35
klouie93,3642176,User,26
afifsohaili,8052933,User,15
Zevran,498465,User,12
chukitow,4173376,User,10
TyrionGraphiste,10064887,User,9
inventti-leonardo,1918010,User,8
bivainis,4633984,User,7
robinbortlik,228502,User,7
kevgathuku,3721994,User,6
ramunasm,1158178,User,5
soniabrami,5251724,User,5
Ecksters,2662835,User,5
philipraets,708011,User,5
msolters,4452380,User,5
DonHartman,3534556,User,5
developeranirudhprabhu,10301434,User,4
SmileyChris,109951,User,4
Y0lk,1523444,User,4
obouchari,4773811,User,4
s7dhansh,706996,User,4
coltonfitzgerald,2644431,User,4
splendido,6148980,User,4
alexisdiel,7047656,User,4
ABeltramo,1122217,User,3
wongalvis,6073063,User,3
sosoHero,9383548,User,3
DavidAylaian,22228595,User,3
deiwin,2261897,User,3
grsabreu,1283200,User,3
ciencia,44133,User,3
jonathanpath,933957,User,3
neydroid,3151129,User,3
kaymmm,2266804,User,3
lustyrain,5373992,User,3
martinglover,915095,User,3
sajadtorkamani,9380313,User,3
zegerhoogeboom,5371096,User,3
jjkeith,16945481,User,3
Boelensman1,1338743,User,3
ProfNandaa,261265,User,2
Pierstoval,3369266,User,2
trajano,110627,User,2
austinaryain,2840062,User,2
redbmk,83964,User,2
dandv,33569,User,2
derekrliang,7356969,User,2
donaldaverill,5255608,User,2
ConsoleTVs,6124435,User,2
aularon,1493032,User,2
hugojosefson,67230,User,2
xncbf,9462045,User,2
acupajoe,9093699,User,2
konradjurk,6976170,User,2
MageGenius,11324650,User,2
MarijnMensinga,7206700,User,2
mccraveiro,782333,User,2
kmmbvnr,282529,User,2
charpeni,7189823,User,2
owencm,279720,User,2
pborreli,77759,User,2
rtablada,2532004,User,2
SeriousDron,5653820,User,2
snow01,3413079,User,2
shawntoffel,2343437,User,2
TMaYaD,78673,User,2
SuperDJ,6484766,User,2
iktakahiro,1491856,User,2
hotzenklotz,1105056,User,2
hudadiaz,3919103,User,2
aschoenebeck,1466278,User,2
cardern,4327333,User,2
finetype,6391152,User,2
jmiedel,5330253,User,2
kkosuge,781452,User,2
stonedleaf,18378120,User,2
vsodre,7073834,User,2
benelliott,4996462,User,2
webbiesdk,868540,User,2
mike-north,558005,User,2
eelsjack,1581263,User,2
abinthomasonline,15779187,User,1
AbrahamAlcaina,3775437,User,1
ilogik,33199,User,1
alex-gausman,698316,User,1
alioygur,628322,User,1
csscoderRU,1432475,User,1
labnol,1344071,User,1
andrey-helldar,10347617,User,1
fedyk,1037995,User,1
Antoine-360pixel,2284974,User,1
adamansky,496683,User,1
avielfedida,7274113,User,1
BenjaminVadant,4128128,User,1
billfienberg,6130520,User,1
bokub,17952318,User,1
piitaya,5878303,User,1
btopro,329735,User,1
charlesponti,1757624,User,1
MacGyer,2939625,User,1
Chun-Yang,2827867,User,1
Zazo032,2807712,User,1
eskan,1148360,User,1
DaedalusDev,16138648,User,1
simplydallas,7192758,User,1
drainx,5074318,User,1
danny-andrews,14965732,User,1
dritterman,1510051,User,1
necavit,5918792,User,1
artur99,6208377,User,1
dima74,6505554,User,1
Shustoff,1212228,User,1
Lis1us,16370123,User,1
douggr,20275,User,1
davismiculis,5004001,User,1
alFReD-NSH,822510,User,1
laginha87,6118156,User,1
filipeaclima,10496659,User,1
florianmrz,8062112,User,1
gabriel-caruso,16328050,User,1
Gerhut,2500247,User,1
Gorzas,1456562,User,1
GLedoussal,6369842,User,1
HIRANO-Satoshi,1736529,User,1
haojia321,4699158,User,1
harrinsonmb,4362687,User,1
IAMtheIAM,13709948,User,1
pomahtuk,1788552,User,1
purelogiq,7828780,User,1
italomaia,14670,User,1
itslukej,8759737,User,1
listepo,2510800,User,1
iSuslov,7628774,User,1
yeah568,1504986,User,1
jtvjan,9449583,User,1
jjwon0,2336036,User,1
solkaz,10211603,User,1
jdanyow,1306747,User,1
jesperbjerke,5323483,User,1
jessenieminen,1484449,User,1
capaj,1305378,User,1
Johann-S,1689750,User,1
johnRivs,1509546,User,1
johnschult,9453,User,1
Garbee,868301,User,1
JSMontoya,8813145,User,1
kkirsche,947110,User,1
TeachMeHowToUse2FA,15131106,User,1
nicovak,6214452,User,1
leonidez,5011482,User,1
luanmuniz,3428149,User,1
lucaslampe,6205968,User,1
lucasljj,4311885,User,1
lil5,17646836,User,1
MaikelGG,5907886,User,1
ManuZiD,14352359,User,1
elboman,5050488,User,1
marcorivm,1222598,User,1
marvwhere,414174,User,1
complementstudio,4011185,User,1
matthieudou,18487606,User,1
MaximBalaganskiy,3712700,User,1
BaltimoreBirds,4883382,User,1
stephane-monnot,6066368,User,1
MuffN,13872446,User,1
Munawwar,734816,User,1
Olivier-Daire,6728295,User,1
PNixx,1117351,User,1
PWKad,4238393,User,1
pcorey,3384035,User,1
debugger24,12707743,User,1
ramybenaroya,4154801,User,1
rennanoliveira,643415,User,1
Rompei,10232002,User,1
leVirve,7029882,User,1
wemyss,8426915,User,1
s1anden,3629052,User,1
mortenson,2091002,User,1
lsrock1,18042906,User,1
SantanMaddi,8463834,User,1
sirhodes,5307413,User,1
shawn-mcginty,11359437,User,1
sfcgeorge,885003,User,1
Spinaldash,10567637,User,1
Stemlet,5599619,User,1
Bouncey,18572518,User,1
subins2000,2305675,User,1
sebastienva,4148039,User,1
gitter-badger,8518239,User,1
TimonVS,876666,User,1
pfafman,1993947,User,1
taromero,1489035,User,1
treyhuffine,11709986,User,1
Vaalyn,13745863,User,1
vbaranov,4341812,User,1
vnctaing,4825444,User,1
viniciusmelquiades,1378981,User,1
fay-jai,2865947,User,1
xavib,176698,User,1
yourivdlans,64841,User,1
HazyNightmare,16198763,User,1
a17,11789971,User,1
ankitpati,6301593,User,1
bisubus,2905949,User,1
boustanihani,4227548,User,1
charlesdagenais,2420301,User,1
chee,178266,User,1
hzlmn,8246283,User,1
fabyeah,4738527,User,1
hebbet,1423115,User,1
hudsontaylor,18217204,User,1
javy-,9340778,User,1
jeroenqui,3017558,User,1
licryle,5154280,User,1
lunixyacht,3888661,User,1
mik-laj,12058428,User,1
mondaychen,1001890,User,1
mtuck063,6563469,User,1
niekert,5508905,User,1
sociallymellow,1474821,User,1
nsaun,1679605,User,1
oznazilli,4184638,User,1
paulina-pacheco,7890873,User,1
timtribers,7858892,User,1
vsopvsop,5552204,User,1
jacobau,20605661,User,1
xhanrot,10545334,User,1
