pissang,841551,User,1510
kener,1711855,User,1137
100pah,1956569,User,977
Ovilia,779050,User,80
loutongbing,5877766,User,44
erik168,696441,User,31
The-only,3883322,User,29
wind108369,1305983,User,24
deqingli,13548221,User,11
i6ma,8434901,User,9
albertshaw,3275922,User,8
hushicai,1249423,User,4
junmer,3205092,User,3
chriswong,165639,User,3
luozhihua,3764249,User,2
SuperZDev,7768611,User,2
uxnow,2252992,User,2
yuanrui,3859838,User,2
redmed,2850804,User,2
somonus,5165612,User,1
tofuness,2232877,User,1
hisune,7941669,User,1
jarben,561365,User,1
clmtulip,1183026,User,1
qutengjiao,1518420,User,1
TooBug,1243593,User,1
XD-DENG,11539188,User,1
YuanYifei,10451300,User,1
zachjs,2541204,User,1
leeight,104052,User,1
leungwensen,1655789,User,1
maggiehe,2734387,User,1
muzuiget,330812,User,1
napjon,1993517,User,1
scott-wong,1947609,User,1
deart1mer,10653243,User,1
xlsdg,1203305,User,1
xwartz,4149827,User,1
zhuangzhuang,521058,User,1
longFeiLi,10267141,User,1
