rwjblue,12637,User,3356
stefanpenner,1377,User,1794
wagenet,9835,User,1192
wycats,4,User,570
krisselden,61024,User,486
mixonic,8752,User,397
ebryn,3018,User,387
chancancode,55829,User,326
mmun,1151810,User,290
machty,81818,User,263
trek,9736,User,236
chadhietala,183799,User,203
tricknotes,290782,User,181
ef4,319282,User,172
tomdale,90888,User,134
locks,32344,User,132
twokul,1131196,User,113
bekzod,1131614,User,110
jtaby,51309,User,108
dgeb,29122,User,104
lukemelia,353,User,102
fivetanley,1275021,User,85
cibernox,265339,User,81
joliss,524783,User,79
teddyzeenny,1061742,User,79
Turbo87,141300,User,70
pangratz,341877,User,69
Serabe,36221,User,60
hjdivad,17980,User,54
trentmwillis,3526753,User,47
knownasilya,34726,User,46
GavinJoyce,2526,User,45
tilde-engineering,2924374,User,45
jbrown,47560,User,44
bmac,54056,User,43
charlesjolley,326122,User,42
jayphelps,762949,User,41
tchak,12428,User,40
duggiefresh,1206678,User,34
mitchlloyd,15169,User,34
martndemus,903637,User,33
HeroicEric,602204,User,30
asakusuma,597574,User,25
alexspeller,1217,User,25
bradleypriest,167215,User,22
digitaltoad,23583,User,18
artemgurzhii,13109164,User,17
eventualbuddha,1938,User,17
EricSchank,3266431,User,17
sly7-7,1826661,User,17
seanpdoyle,2575027,User,16
raytiley,41680,User,16
nathanhammond,20542,User,16
zackthehuman,203712,User,16
raycohen,20404,User,15
sebastianseilund,744493,User,14
bantic,2023,User,14
ghempton,8994,User,13
rondale-sc,75710,User,13
slindberg,421506,User,13
vsopvsop,5552204,User,13
xtian,602654,User,13
marcioj,821095,User,13
bradfol,620025,User,12
workmanw,825487,User,12
gpoitch,411908,User,12
Gaurav0,313960,User,11
darthdeus,123374,User,11
YoranBrondsema,1374412,User,11
johanneswuerbach,864578,User,11
kellyselden,602423,User,10
eviltrout,17538,User,10
bcardarella,18524,User,10
edtsech,118158,User,9
nragaz,10078,User,9
selvagsz,2162441,User,9
Patsy-issa,4568519,User,9
btecu,7517745,User,9
jasonkriss,1836763,User,8
ppcano,825430,User,8
ryanto,89411,User,8
peterik,1240315,User,8
scalvert,180990,User,8
jherdman,3300,User,8
adamnemecek,182415,User,7
gunn,42500,User,7
balinterdi,5022,User,7
ColinCampbell,142777,User,7
craigteegarden,1930208,User,7
devinus,4836,User,7
hibariya,43346,User,7
javierav,99700,User,7
joewest,61507,User,7
juggy,1108,User,7
crismali,3209502,User,7
nickiaconis,1056681,User,7
oneeman,4543438,User,7
patricksrobertson,115316,User,7
rlivsey,3740,User,7
tbartelmess,178734,User,7
thoov,166909,User,7
kingpin2k,3161397,User,7
kpdecker,196390,User,7
MajorBreakfast,340142,User,7
hyderali,2162393,User,7
dudleyf,414,User,6
SaladFork,107798,User,6
gilesbowkett,974,User,6
jmurphyau,445432,User,6
simi,193936,User,6
josemarluedke,230476,User,6
elucid,2888,User,6
kategengler,444218,User,6
ghedamat,220183,User,6
bobey,807362,User,6
raulbrito,142566,User,6
trevor,5945,User,6
ro0gr,875361,User,6
jdjkelly,704789,User,6
sandstrom,122287,User,6
j-carvalho,1781240,User,6
abuiles,21772,User,5
tehcurtis,12649,User,5
homu,10212162,User,5
kchia,7776562,User,5
ivanvanderbyl,24278,User,5
thejameskyle,952783,User,5
vitch,9898,User,5
lcoq,463884,User,5
mike183,892020,User,5
staugaard,4300,User,5
opichals,140211,User,5
ZenCocoon,10502,User,5
toddjordan,3609063,User,5
bmeurant,141720,User,5
kiwiupover,647691,User,5
gavacho,106077,User,5
Dhaulagiri,1672302,User,5
robbiepitts,671032,User,5
tim-evans,177701,User,5
pixelhandler,17178,User,4
endash,20806,User,4
brzpegasus,1691398,User,4
zeppelin,97832,User,4
imginohu,4821203,User,4
gordonkristan,1527297,User,4
jasonly,7351267,User,4
kalmanh,869312,User,4
linstula,2481432,User,4
matthooks,3667,User,4
robharper,900789,User,4
tylerturdenpants,18200519,User,4
square-build-bot,2523305,User,4
southpolesteve,471400,User,4
ugisozols,148708,User,4
paddyobrien,846372,User,4
code0100fun,820991,User,4
jasonmit,3108309,User,4
amiel,27160,User,4
Kuzirashi,4950658,User,4
quaertym,904731,User,4
habdelra,61075,User,4
jamesotron,59449,User,4
chrmod,1228153,User,4
adamesque,134433,User,3
concreted,4016897,User,3
soulcutter,97257,User,3
davidpett,71938,User,3
brundage,100001,User,3
dentuzhik,1346296,User,3
garth,4643,User,3
eccegordo,497659,User,3
goshakkk,315596,User,3
xdissent,99367,User,3
jwworth,2782858,User,3
crofty,12736,User,3
jgwhite,34030,User,3
jergason,72027,User,3
Joelkang,2020382,User,3
jkusa,2983409,User,3
jcollins1991,453985,User,3
jpadilla,83319,User,3
Nopik,554841,User,3
kamilogorek,1523305,User,3
kennethdavidbuck,431354,User,3
Kerrick,552093,User,3
mattmarcum,4745044,User,3
mikepmunroe,514063,User,3
natemueller,220318,User,3
willmanduffy,782252,User,3
rafshar,301225,User,3
san650,1234607,User,3
ssured,2558804,User,3
bartsqueezy,647029,User,3
ember-tomster,17934356,User,3
tpitale,163,User,3
treyhunner,285352,User,3
vikram7,7072744,User,3
vmx,42839,User,3
Charizard,1897178,User,3
karthiick,7686597,User,3
toranb,147411,User,3
alexdiliberto,666459,User,3
caligo-mentis,464321,User,3
csantero,828286,User,3
runspired,650309,User,3
josepjaume,111746,User,3
mikegrassotti,19201,User,3
intuitivepixel,2538460,User,3
txominpelu,225215,User,3
aaronshaf,122654,User,2
courajs,1588273,User,2
abepetrillo,875501,User,2
g13013,2730430,User,2
alan-andrade,97609,User,2
alexbrinkman,2081407,User,2
alextsg,8051479,User,2
dj-hedgehog,7140800,User,2
chena,46392,User,2
aldhsu,6347283,User,2
AmazingJaze,6732159,User,2
satchmorun,37308,User,2
chrisconley,4130,User,2
Bestra,2043348,User,2
makepanic,1205444,User,2
ctimmerm,40010,User,2
craigmcnamara,71831,User,2
cyril-sf,743977,User,2
topaxi,213788,User,2
danmcclain,144138,User,2
ccapndave,297992,User,2
acorncom,802505,User,2
darkbaby123,2097309,User,2
dlee,7035,User,2
daibhin,6685876,User,2
denisnazarov,1541872,User,2
sukima,70075,User,2
dschmidt,448487,User,2
efx,472721,User,2
eliotsykes,31698,User,2
erichocean,11814,User,2
fpauser,7302,User,2
mrpelle,1105053,User,2
gabesmed,83913,User,2
topfunky,26,User,2
gethinwebster,12412078,User,2
kanongil,753512,User,2
nixme,4344,User,2
goddamnhippie,119947,User,2
ibroadfo,1550,User,2
imanuelgittens,5722364,User,2
SpikedKira,9935157,User,2
jackdempsey,479,User,2
jaswilli,214142,User,2
jeradg,1948799,User,2
jessepinho,1121544,User,2
jheth,222011,User,2
artfuldodger,225802,User,2
skeate,387382,User,2
jory,200687,User,2
josemotanet,81412,User,2
joshk,8701,User,2
jish,1817,User,2
karlguillotte,744011,User,2
ursm,7548,User,2
ziggythehamster,66674,User,2
kimroen,520420,User,2
kwight,349751,User,2
koriroys,1118323,User,2
les2,1066080,User,2
Exelord,1469375,User,2
manuelmitasch,1192087,User,2
fsmanuel,54812,User,2
marcoow,1510,User,2
manko,50179,User,2
mspisars,1454221,User,2
rykov,35549,User,2
MiguelMadero,47388,User,2
mmpestorich,979523,User,2
mike-north,558005,User,2
ming-codes,706212,User,2
olleolleolle,211,User,2
oskarols,324147,User,2
canufeel,5106750,User,2
petrvolny,261883,User,2
pdud,435890,User,2
drogus,5004,User,2
Myslik,707244,User,2
raido,659945,User,2
rlopes,61812,User,2
radar,2687,User,2
okuryu,34588,User,2
samselikoff,2922250,User,2
sclatter,1238452,User,2
seanjohnson08,1444384,User,2
billybonks,1640136,User,2
aexmachina,261804,User,2
splattne,200860,User,2
koemeet,1569156,User,2
srvance,1683635,User,2
stevenh512,110500,User,2
stevenwu,312446,User,2
thomasboyt,579628,User,2
thomascchen,11340361,User,2
kratob,115590,User,2
WiktorS,1777102,User,2
bagby,176297,User,2
ryrych,278637,User,2
xcambar,657654,User,2
yogipatel,144539,User,2
yonjah,1829789,User,2
ysksn,1235270,User,2
zackhall,1725349,User,2
commadelimited,563460,User,2
bradoyler,425966,User,2
c0urg3tt3,634458,User,2
dagda1,118328,User,2
davidmcch,3870103,User,2
gtsop,4590030,User,2
heyjinkim,205137,User,2
mollerhoj,649188,User,2
zigomir,957321,User,2
alisdair,68917,User,2
boushley,101239,User,1
aortbals,871328,User,1
ascot21,578560,User,1
Aesthetikx,1302406,User,1
ahmadsoe,1957737,User,1
akshayrawat,202283,User,1
XrXr,6457510,User,1
nightire,1104018,User,1
alexander-alvarez,11779993,User,1
alexbain,65052,User,1
alexBaizeau,1521530,User,1
clbn,1071933,User,1
SlexAxton,96554,User,1
regularfry,39277,User,1
AlexKVal,847572,User,1
deepflame,91208,User,1
aspala,2420034,User,1
andrei1089,74164,User,1
andrewfan,1834162,User,1
percyhanna,125077,User,1
amk221,382061,User,1
andrewmohrland,8990115,User,1
ashanbrown,1858046,User,1
fullsailor,154187,User,1
green-arrow,2180127,User,1
anilmaurya,1912864,User,1
annavester,903671,User,1
asvny,5235065,User,1
aminin,329494,User,1
apaganobeleno,645522,User,1
artych,1912947,User,1
H1D,697625,User,1
arturmalecki,40027,User,1
keydunov,1618877,User,1
pyprism,1469242,User,1
awkaiser,155798,User,1
Herriau,5738584,User,1
benlesh,1540597,User,1
BenV,128300,User,1
bmeurer,815988,User,1
ballPointPenguin,35609,User,1
maniarab,8727756,User,1
bgentry,114033,User,1
BlakeWilliams,342554,User,1
blessenm,937065,User,1
boazsender,122117,User,1
boomsb,833126,User,1
blt04,276141,User,1
olivia,1714072,User,1
briandunn,93310,User,1
brynary,19,User,1
bryanhickerson,8365065,User,1
bluk,94150,User,1
CarlMungazi,8584475,User,1
Lowest0ne,3655754,User,1
cgcardona,260614,User,1
cbroeren,7499806,User,1
cbou,611389,User,1
cowboyd,4205,User,1
chesterlaw,4144432,User,1
heychrisek,5625666,User,1
mansona,594890,User,1
chrisvariety,44855,User,1
wecc,708205,User,1
christophgockel,190137,User,1
christophercurrie,19510,User,1
defraz,1946055,User,1
