tj,25254,User,3881
dougwilson,67512,User,894
jonathanong,643505,User,84
defunctzombie,84792,User,70
aheckmann,166834,User,51
ciaranj,55368,User,26
slaskis,5991,User,21
blakeembrey,1088987,User,8
notrab,950181,User,8
michaelahlers,2034877,User,8
rauchg,13041,User,7
gmethvin,171663,User,6
riadhchtara,938164,User,6
swrh,195439,User,5
hiowenluke,19872828,User,5
sorribas,1163358,User,4
kapouer,131406,User,4
crandmck,2925364,User,4
davglass,32551,User,3
Fishrock123,1093990,User,3
nullfirm,1829014,User,3
nick,939,User,3
oliversalzburg,1658949,User,3
sakateka,2256154,User,3
roark31337,223829,User,2
benatkin,4126,User,2
weaver,67218,User,2
bdotdub,5719,User,2
tritonrc,23594,User,2
dshaw,4322,User,2
redsquirrel,2512,User,2
dpatti,458155,User,2
eivindfjeldstad,1316951,User,2
ericf,29096,User,2
jakeg,744792,User,2
jonjenkins,407316,User,2
matheusazzi,1292945,User,2
yamatt,618054,User,2
kavu,1994,User,2
damphat,677382,User,2
Zoramite,107076,User,2
seanjsong,229229,User,2
bartsqueezy,647029,User,2
relvao,1629490,User,2
Hanul,1523129,User,2
agchou,1366142,User,2
chainhelen,7046329,User,2
lemmy-,5200135,User,2
angelsanz,2227888,User,2
saintedlama,123820,User,2
hacksparrow,950112,User,2
isaacs,9287,User,2
wesleytodd,1027776,User,2
8bitDesigner,139790,User,1
adamsanderson,9421,User,1
adiospace,31248,User,1
alex-dixon,9045165,User,1
rlidwka,999113,User,1
aweeks,289403,User,1
ioncreature,97810,User,1
piscis,326163,User,1
AlexKVal,847572,User,1
killmenot,119337,User,1
yields,1661587,User,1
WebReflection,85749,User,1
gugu,75169,User,1
andyfleming,721038,User,1
thetalecrafter,270632,User,1
aredridel,2876,User,1
Swatinem,580492,User,1
purohit,336266,User,1
patelatharva,1047821,User,1
benedmunds,156823,User,1
fluxusfrequency,4485051,User,1
Cauldrath,1427204,User,1
bnjmnt4n,813865,User,1
iambchan,1360643,User,1
brendanashworth,3038254,User,1
brianloveswords,166258,User,1
cdauth,1801792,User,1
caridy,38969,User,1
caike,10722,User,1
ChALkeR,291301,User,1
CharlesHolbrow,1512520,User,1
andrejewski,1660953,User,1
WORMSS,1384537,User,1
darrentorpey,50610,User,1
deepak-kapoor,917512,User,1
deniztetik,14167019,User,1
dresende,157494,User,1
bullwinkle,3613558,User,1
DmitryBochkarev,1196822,User,1
lvn,7042541,User,1
esco,375773,User,1
EvanHahn,777712,User,1
fabien,2749,User,1
strwind,2310406,User,1
ForbesLindesay,1260646,User,1
gjritter,157162,User,1
guyellis,2047725,User,1
hamzaOp,17226097,User,1
popomore,360661,User,1
igncp,5245900,User,1
seedofjoy,3496596,User,1
ifraixedes,1731633,User,1
jaimeagudo,4053914,User,1
jseip1679,1295375,User,1
jherdman,3300,User,1
buschtoens,834636,User,1
Jianru-Lin,1057486,User,1
snodgrass23,405400,User,1
joemccann,48234,User,1
qjcg,1133291,User,1
JonDum,191920,User,1
jpalardy,18142,User,1
jzacsh,156228,User,1
jordonias,6597397,User,1
josemarjobs,138081,User,1
daguej,354349,User,1
jlubawy,596251,User,1
JoshSGman,5226301,User,1
juliangruber,10247,User,1
misterdjules,811047,User,1
justinabrahms,3853,User,1
shawnzhu,1059372,User,1
ksato9700,175834,User,1
kentcdodds,1500684,User,1
ralphtheninja,308049,User,1
lennym,117398,User,1
LinusU,189580,User,1
malixsys,664650,User,1
mmalecki,692459,User,1
jsmarkus,1039431,User,1
mhayashi,349074,User,1
mcolyer,1424,User,1
printercu,1144890,User,1
michaelficarra,218840,User,1
tunniclm,5011883,User,1
mikeal,579,User,1
segmentationfaulter,6733537,User,1
pyrotechnick,13998,User,1
nmandel,7317887,User,1
oztune,663175,User,1
guybrush,306324,User,1
masylum,28248,User,1
paulmillr,574696,User,1
serby,254583,User,1
pavelbrylov,448437,User,1
langpavel,142462,User,1
ppejovic,585084,User,1
peters,869,User,1
gravis,12752,User,1
piperchester,1530684,User,1
pravdomil,2387356,User,1
raymondfeng,540892,User,1
Raynos,479538,User,1
yakubori,166437,User,1
ritch,462228,User,1
romanzubenko,1948733,User,1
RubenVerborgh,675313,User,1
ryanseys,163873,User,1
seanlinsley,688886,User,1
seppevs,1028226,User,1
stz-seongheon,20273188,User,1
sethkrasnianski,1910114,User,1
seth-admittedly,4643337,User,1
sjanuary,14993288,User,1
jstkim7,5655548,User,1
potato4d,6993514,User,1
siong1987,5866,User,1
thomseddon,747138,User,1
tcort,216720,User,1
thlorenz,192891,User,1
deiga,27202,User,1
TomHoss,126226,User,1
tonyspb,1548340,User,1
tnydwrds,753869,User,1
troygoode,72844,User,1
vaseker,1942271,User,1
vesln,330048,User,1
VishvajitP,5609697,User,1
Laboratory,1676506,User,1
tadatuta,475746,User,1
Devrama,5025118,User,1
Pana,552081,User,1
ysmood,1415488,User,1
wangyangkobe,3325533,User,1
ykumar6,1085792,User,1
ZLester,2387793,User,1
asafdav2,217065,User,1
chirag04,954063,User,1
cjihrig,2512748,User,1
colynb,1049124,User,1
ctide,53454,User,1
ewoudj,300220,User,1
fern4lvarez,1381925,User,1
huaoguo,263117,User,1
jade-bot,4529801,User,1
joshlangner,852593,User,1
lihanli,830084,User,1
lxe,1486609,User,1
mgutz,32134,User,1
muratgu,873836,User,1
nickjj,813219,User,1
pikeas,686573,User,1
silentjohnny,569663,User,1
valllabh,1380940,User,1
yawnt,148907,User,1
yosssi,1583973,User,1
meteormatt,424475,User,1
