javache,5676,User,483
mkonicek,346214,User,445
vjeux,197597,User,431
nicklockwood,546885,User,383
sahrens,1509831,User,359
tadeuzagallo,764414,User,325
davidaurelio,158859,User,279
emilsjolander,1525924,User,249
frantic,192222,User,246
jeanlauliac,1733570,User,234
bestander,2121048,User,203
amasad,587518,User,191
martinbigio,535661,User,187
ericvicenti,1483597,User,170
ide,379606,User,159
astreet,594924,User,153
janicduplessis,2677334,User,152
brentvatne,90494,User,152
AaaChiuuu,856742,User,145
andreicoman11,6615092,User,139
foghina,412054,User,125
cpojer,13352,User,116
korDen,432491,User,109
hedgerwang,1504439,User,108
spicyj,6820,User,108
shergin,22032,User,107
a2,241156,User,102
mhorowitz,290225,User,100
ahmedre,47771,User,93
kmagiera,726445,User,93
hramos,165856,User,91
satya164,1174278,User,86
lexs,191973,User,81
yungsters,55161,User,80
dmmiller,4934258,User,70
sunnylqm,615282,User,68
rigdern,199935,User,65
philikon,54918,User,57
cjhopman,943596,User,55
gabelevi,1887264,User,54
majak,713625,User,53
fkgozali,1095866,User,50
adamjernst,97944,User,47
alexeylang,980575,User,46
grabbou,2464966,User,45
woehrl01,2535856,User,45
mikearmstrong001,4076190,User,44
amnn,332275,User,40
bvaughn,29597,User,40
cwdick,20949608,User,39
JoelMarcey,3757713,User,39
fred2028,19209868,User,38
skevy,131916,User,37
sebmarkbage,63648,User,36
michalgr,632455,User,34
christopherdro,3741055,User,32
MengjueW,13987140,User,31
sjkirby,5686592,User,31
mmmulani,192928,User,28
skv-headless,1488195,User,26
chirag04,954063,User,26
zertosh,830952,User,24
lebronJ,19341200,User,23
dlowder-salesforce,6577821,User,23
voideanvalue,1803362,User,22
lacker,106475,User,20
corbt,176426,User,20
nathanajah,5294606,User,20
leeight,104052,User,20
gaearon,810438,User,19
rh389,2590098,User,19
fromcelticpark,2337202,User,18
jspahrsummers,432536,User,18
bhosmer,355313,User,17
kassens,11849,User,17
jeffmo,498293,User,16
zjj010104,1317398,User,16
GantMan,997157,User,16
andrewsardone,14554,User,15
bnham,3528856,User,15
jingc,5050204,User,15
Kureev,2273613,User,15
caabernathy,691109,User,14
mroch,3012,User,14
milend,1032965,User,14
ryangomba,708319,User,14
arasmussen,969540,User,14
gre,211411,User,13
mjesun,829269,User,13
dsibiski,2922932,User,13
TheSavior,249164,User,12
jeanregisser,57791,User,12
JoeStanton,1161508,User,12
qbig,5563225,User,12
donyu,1103836,User,12
aleclarson,1925840,User,12
splhack,81904,User,11
charpeni,7189823,User,11
Rudimental,7283641,User,10
fkling,179026,User,10
mzlee,682724,User,10
ncuillery,4425455,User,10
deminoth,495412,User,10
doochik,31961,User,10
Bhullnatik,2040807,User,10
cmcewen,1307633,User,9
morenoh149,587438,User,9
tjwudi,5257816,User,9
jsierles,82,User,9
nihgwu,2595058,User,9
olegbl,516977,User,9
paramaggarwal,543981,User,9
zpao,8445,User,9
sam-swarr,16216174,User,9
terribleben,1316332,User,8
rozele,1106239,User,8
jhen0409,3001525,User,8
mikelambert,7953259,User,8
swolchok,34168,User,8
theoy,8222470,User,8
SandroMachado,631739,User,8
Kerumen,5436545,User,8
andrewimm,494043,User,7
alloy,2320,User,7
vonovak,1566403,User,7
umhan35,3271612,User,7
tdzl2003,3185808,User,7
odino,328420,User,7
mroswald,4459348,User,7
MattFoley,1182042,User,7
jondot,83390,User,7
AndrewJack,798942,User,6
ajwhite,656630,User,6
dabbott,1198882,User,6
emilioicai,807710,User,6
nevir,41373,User,6
johnislarry,1064522,User,6
neilsarkar,83109,User,6
sriramramani,442420,User,6
ptomasroos,1064547,User,6
geirman,1640318,User,6
kageurufu,259751,User,5
ndfred,121628,User,5
gsklee,1006291,User,5
geof90,8598682,User,5
devknoll,1477230,User,5
jacobp100,7275322,User,5
jmurzy,530147,User,5
k21,981525,User,5
josephsavona,6425824,User,5
oblador,378279,User,5
joshuapinter,180819,User,5
Kudo,46429,User,5
lelandrichardson,1885623,User,5
xixixao,1473433,User,5
dabit3,1857282,User,5
prathamesh-sonpatki,621238,User,5
steveluscher,13243,User,5
tomasreimers,1188925,User,5
Yu-w,8606935,User,5
alvaromb,289640,User,5
dalinaum,145585,User,5
dikaiosune,6812281,User,4
alexkrolick,1571667,User,4
aljs,5202913,User,4
Andreyco,829963,User,4
acdlite,3624098,User,4
BretJohnson,245892,User,4
dhrrgn,149921,User,4
danielbraun,1410895,User,4
dantman,53399,User,4
bluedaniel,189383,User,4
hartbit,325519,User,4
tepamid,18415611,User,4
DmitrySoshnikov,244010,User,4
dshahidehpour,3373291,User,4
esauter5,1442232,User,4
dinhviethoa,332168,User,4
dozoisch,4422516,User,4
jasonprado,11831,User,4
jpshelley,2798846,User,4
JAStanton,645300,User,4
jberdine,1466830,User,4
cooperka,2047062,User,4
koenpunt,351038,User,4
kushal,109492,User,4
negativetwelve,1435378,User,4
admmasters,335607,User,4
bolinfest,655869,User,4
nickhudkins,299126,User,4
pcottle,1135007,User,4
reneweb,6517897,User,4
rreusser,572717,User,4
oyvindkinsey,108034,User,4
scarlac,895369,User,4
sreesharp,5561852,User,4
vishnevskiy,167844,User,4
sumkit,12898514,User,4
subtleGradient,4117,User,4
TomMcHugh,1643741,User,4
almost,11125,User,4
tylermcginnis,2933430,User,4
avaly,356100,User,4
bottledwalter,11267015,User,4
Za1batsu,10624395,User,4
rocman,652057,User,4
chenxsan,1091472,User,4
tehfailsafe,1388454,User,4
ywz2010,5178436,User,4
wusuopu,1478284,User,4
mkonicek-pr-test,16006286,User,4
ptmt,1004115,User,4
jaredly,112170,User,4
cxfeng1,1625893,User,3
AbilashK,11550281,User,3
nucleartux,199706,User,3
AgtLucas,1909761,User,3
alonsch,8719674,User,3
andybb,3686509,User,3
galenandrew,796368,User,3
angelahess,5648896,User,3
arthuralee,1904616,User,3
ashwinb,19390,User,3
buba447,1163980,User,3
brunobar79,1247834,User,3
cbrevik,4932625,User,3
cosmith,1194749,User,3
DaleJefferson,375005,User,3
damusnet,433409,User,3
dgladkov,98132,User,3
dralletje,767261,User,3
Ehesp,842078,User,3
arv,45845,User,3
Fanghao,1245211,User,3
fryn,168013,User,3
gabro,691940,User,3
hnryjms,3521186,User,3
hswolff,322576,User,3
indragiek,353158,User,3
jaysoo,53559,User,3
jaggs6,1941517,User,3
dejakob,5782495,User,3
janmonschke,68591,User,3
browniefed,1714673,User,3
kevinejohn,355490,User,3
l-urence,472753,User,3
cheeaun,2296,User,3
jetzhliu,2369505,User,3
Minishlink,82368,User,3
lukemiles,1691179,User,3
manask88,694340,User,3
mjmahone,1741248,User,3
arbesfeld,2458431,User,3
matthewwithanm,126263,User,3
mjw56,161528,User,3
nmn,3582514,User,3
natansh,671253,User,3
nicktate,1179666,User,3
niftylettuce,523141,User,3
nsimmons,3313263,User,3
nikki93,49151,User,3
paulshen,2266187,User,3
Crash--,1107936,User,3
radko93,7029942,User,3
rclai,1316261,User,3
robertjpayne,214288,User,3
andersryanc,689046,User,3
ryanolsonk,1422245,User,3
stevelacy,5648999,User,3
teameh,1330668,User,3
gitim,3778452,User,3
Intellicode,6794,User,3
beefon,640610,User,3
sharnik,987,User,3
rt2zz,2302315,User,3
ahanriat,1374161,User,3
cailenmusselman,13263221,User,3
desmond1121,11497762,User,3
lzyzsd,212984,User,3
jrodiger,17132071,User,3
kentaromiura,87300,User,3
king6cong,302560,User,3
mkonicek-tester,16003942,User,3
mlanter,19673711,User,3
pedramsaleh,12803855,User,3
realaboo,756485,User,3
trave7er,13056774,User,3
zxcpoiu,5081771,User,3
stereodenis,1406461,User,3
ericnakagawa,23874,User,3
jevakallio,1203949,User,3
ASCE1885,4355850,User,2
aroth,542,User,2
aharons,1760752,User,2
AlbertBrand,982975,User,2
alexleventer,3254549,User,2
axelander,3784741,User,2
alexanderjarvis,664238,User,2
burgalon,47217,User,2
anant90,509059,User,2
adbl,177880,User,2
astuetz,118369,User,2
anishpCL,12558644,User,2
anoopc,873317,User,2
antoinerousseau,160279,User,2
anttimo,150881,User,2
arjunkomath,2555067,User,2
artemyarulin,6191712,User,2
artyomtrityak,957406,User,2
hckuo,6831159,User,2
isair,988213,User,2
bbodenmiller,1192780,User,2
benvium,288569,User,2
benhoyt,999033,User,2
Benjamin-Dobell,482276,User,2
bradleyboy,755001,User,2
bradens,727605,User,2
appsforartists,926648,User,2
chentsulin,3382565,User,2
ccheever,56719,User,2
chiraggshah,6805530,User,2
cbpetersen,1058981,User,2
ColCh,599439,User,2
colinramsay,72954,User,2
cornedor,570297,User,2
mdamien,1469823,User,2
dingbat,1389312,User,2
danscan,1638987,User,2
DanielMSchmidt,1337046,User,2
LearningDave,9102810,User,2
dvcrn,688326,User,2
deanmcpherson,2773950,User,2
trueadm,1519870,User,2
DougBanksPersonal,7455525,User,2
drewvolz,5240843,User,2
Emilios1995,12430923,User,2
manosim,6333409,User,2
j27cai,10422768,User,2
erickreutz,59875,User,2
feichngr,4332237,User,2
fadils,6204776,User,2
puf,913631,User,2
greis,63933,User,2
gwmccull,580060,User,2
genki,4876,User,2
ephemer,5485935,User,2
hharnisc,1388079,User,2
hawkrives,464441,User,2
kirkness,7248220,User,2
hzoo,588473,User,2
hermanschaaf,1121616,User,2
magicismight,7693239,User,2
hayeah,50120,User,2
hfossli,3652587,User,2
machineloop,3682072,User,2
jr-k,3283866,User,2
jacob-israel-turner,8698364,User,2
jgibbons,1542650,User,2
jamesisaac,1068177,User,2
jamesfzhang,2057670,User,2
jasonals,589928,User,2
javierbyte,2009676,User,2
jrichardlai,159813,User,2
jedlau,1895927,User,2
jeffchienzabinet,7968613,User,2
JenniferWang,7834443,User,2
jeremistadler,3100817,User,2
jesseluo,1271415,User,2
jesseruder,1348527,User,2
jemise111,4265163,User,2
eces,836982,User,2
n3tr,155392,User,2
joenoon,5726,User,2
jozan,388265,User,2
JohnyDays,4540763,User,2
jsh1,987723,User,2
kujohn,1356936,User,2
dijonkitchen,11434205,User,2
jkeljo,6788825,User,2
jkimbo,691952,User,2
JonathanHayward,513863,User,2
jordanpapaleo,1728807,User,2
jordanna,3795082,User,2
joshbuchea,1474361,User,2
notjosh,33126,User,2
jurgelenas,1081265,User,2
