zpao,8445,User,1776
spicyj,6820,User,1205
sebmarkbage,63648,User,603
gaearon,810438,User,484
jimfb,9595985,User,456
petehunt,239742,User,332
acdlite,3624098,User,329
chenglou,1909539,User,222
vjeux,197597,User,207
benjamn,5750,User,140
subtleGradient,4117,User,115
bvaughn,29597,User,113
yungsters,55161,User,110
syranide,1714255,User,77
cpojer,13352,User,65
nhunzaker,590904,User,58
trueadm,1519870,User,52
aweary,6886061,User,47
marocchino,128431,User,45
koba04,250407,User,41
kohei-takata,7623979,User,39
keyanzhang,2268452,User,32
flarnie,1114467,User,30
chicoxyzzy,1507086,User,29
mcsheffrey,61091,User,26
bgw,180404,User,24
hellendag,2823852,User,21
joshduck,240284,User,21
aickin,44199,User,18
Daniel15,91933,User,16
fisherwebdev,169760,User,15
fabiomcosta,28530,User,15
jordwalke,977348,User,15
crm416,1309177,User,14
arkist,1099068,User,14
cody,1382156,User,14
iamchenxin,8873545,User,14
tomocchino,13947,User,14
Simek,719641,User,12
mroch,3012,User,12
graue,1730853,User,12
ivanzotov,147321,User,11
kmeht,1120478,User,11
edvinerikson,3890572,User,11
DarkScorpion,1926649,User,10
bhamodi,7663987,User,10
iamdustan,227879,User,10
RReverser,557590,User,10
leebyron,50130,User,10
rayqian,1597584,User,10
AnSavvides,2316326,User,9
andreypopp,30594,User,9
kassens,11849,User,9
jaredly,112170,User,9
jquense,339286,User,9
rickbeerendonk,479223,User,9
yiminghe,200876,User,9
zertosh,830952,User,8
dotu,1563447,User,8
camsong,948896,User,8
hzoo,588473,User,8
jgebhardt,632968,User,8
SanderSpies,1114117,User,8
dittos,2622,User,8
puradox,941763,User,8
andrewdavey,292014,User,7
ianobermiller,897931,User,7
yangshun,1315101,User,7
RaitoBezarius,314564,User,7
piranha,6553,User,6
awwright,437517,User,6
bripkens,596443,User,6
bspaulding,6833,User,6
brigand,936069,User,6
jbonta,973058,User,6
jontewks,3970573,User,6
lrowe,290859,User,6
lyip1992,10737293,User,6
makky3939,4876459,User,6
mzabriskie,199035,User,6
matthewwithanm,126263,User,6
mxstbr,7525670,User,6
pedronauck,2029172,User,6
Pouja,2385144,User,6
clayallsopp,153704,User,5
aaronabramov,940133,User,5
drd,3490,User,5
wincent,7074,User,5
jbaiter,608610,User,5
josephsavona,6425824,User,5
joshma,64739,User,5
julen,16768,User,5
keito,97977,User,5
jeyraof,2032880,User,5
dalinaum,145585,User,5
mjul,142868,User,5
matthewjohnston4,986185,User,5
mertkahyaoglu,7414026,User,5
ClimbsRocks,7017045,User,5
rricard,246520,User,5
SimenB,1404810,User,5
jddxf,11155177,User,5
elas7,7537033,User,5
kentcdodds,1500684,User,5
af,25241,User,4
abhaynikam,7736232,User,4
AlmeroSteyn,5063473,User,4
azich,306069,User,4
avanderhoorn,585619,User,4
brianreavis,118480,User,4
gasi,49583,User,4
hejld,488301,User,4
cbrwizard,1615659,User,4
glenjamin,151272,User,4
kchia,7776562,User,4
sairion,484290,User,4
jeffreylin,706406,User,4
somethingkindawierd,107694,User,4
KyleAMathews,71047,User,4
mfunkie,1137065,User,4
mtharrison,916064,User,4
nmn,3582514,User,4
ngavalas,4701284,User,4
seiffert,1111118,User,4
rtfeldman,1094080,User,4
troydemonbreun,770448,User,4
volkanunsal,151600,User,4
noyobo,1292082,User,4
remixz,1459603,User,4
mariodu,1409643,User,4
yuyokk,1225343,User,4
adelevie,86790,User,3
alexpien,2401597,User,3
alexzherdev,93752,User,3
alextsg,8051479,User,3
antoaravinth,1241511,User,3
ariabuckles,1487889,User,3
bernard-lin,16327281,User,3
bobeagan,100226,User,3
conorhastings,8263298,User,3
diegomura,5600341,User,3
mitenka,1084541,User,3
dmatteo,4091059,User,3
fgnass,89450,User,3
groodt,343415,User,3
ivan,4458,User,3
IvanVergiliev,1443067,User,3
jfo84,11723485,User,3
jakubmal,645127,User,3
jergason,72027,User,3
janhancic,356488,User,3
bitshadow,574802,User,3
jonhester,3527123,User,3
jonathanp,76098,User,3
KevinTCoughlin,706967,User,3
thekevlau,4583201,User,3
lipis,125676,User,3
prometheansacrifice,3097018,User,3
markijbema,624143,User,3
Andarist,9800850,User,3
mathieumg,1624812,User,3
matiassingers,938453,User,3
xixixao,1473433,User,3
mihaip,513813,User,3
millermedeiros,155633,User,3
enaqx,182219,User,3
nick-thompson,1278445,User,3
nikolas,59292,User,3
ning-github,7812178,User,3
passy,9906,User,3
plievone,134936,User,3
pieterv,438482,User,3
piperchester,1530684,User,3
rwoodnz,6194471,User,3
sambev,2127504,User,3
shaneosullivan,49378,User,3
sahrens,1509831,User,3
tbroadley,8731922,User,3
neojski,3188532,User,3
trevorsmith,14433,User,3
fson,497214,User,3
vipulnsward,567626,User,3
XuefengWu,161701,User,3
hkal,3802753,User,3
zwhitchcox,4328800,User,3
maciej-ka,5403694,User,3
adammark,28193,User,2
Wildhoney,1528477,User,2
pluma,1280922,User,2
drdelambre,1434802,User,2
alexeyraspopov,858295,User,2
Tom910,2185721,User,2
aruberto,9933826,User,2
apaatsio,195210,User,2
anmonteiro,661909,User,2
amm385,823700,User,2
artnez,396654,User,2
basarat,874898,User,2
benhalpern,3102842,User,2
benmoss,239754,User,2
brandonbloom,119164,User,2
btholt,999523,User,2
briankung,2836167,User,2
brianr,12275,User,2
ChrisSki,643408,User,2
christianalfoni,3956929,User,2
monsanto,247721,User,2
dschafer,2760005,User,2
dantman,53399,User,2
djrodgerspryor,3197007,User,2
divad12,159687,User,2
dpercy,349909,User,2
TheSavior,249164,User,2
enguerran,701648,User,2
ericflo,1228,User,2
ericnakagawa,23874,User,2
ehellman,586152,User,2
philix,207795,User,2
fkling,179026,User,2
montogeek,1002461,User,2
gscottolson,220979,User,2
gsklee,1006291,User,2
gabelevi,1887264,User,2
GantMan,997157,User,2
garethnic,1523598,User,2
georgesisco,689511,User,2
grant,744973,User,2
hendrikswan,273461,User,2
hnordt,1625399,User,2
ilyagelman,139322,User,2
oluckyman,642673,User,2
jessebeach,345913,User,2
jackson-huang,8979403,User,2
jwworth,2782858,User,2
jlongster,17031,User,2
jamesgpearce,90942,User,2
jlfwong,150329,User,2
jeanlauliac,1733570,User,2
JedWatson,872310,User,2
jeffchan,97428,User,2
joecritch,24449,User,2
jdalton,4303,User,2
jonscottclark,214676,User,2
jnu,1069899,User,2
jstoja,1444415,User,2
piscolomo,1186240,User,2
tae-jun,8201019,User,2
quark-zju,445459,User,2
jdudak,11788028,User,2
kevinzwhuang,7256178,User,2
lacker,106475,User,2
kevinold,21967,User,2
monkindey,6913898,User,2
karczk,8329336,User,2
tendant,37181,User,2
lelandrichardson,1885623,User,2
levibuzolic,721323,User,2
AgtLucas,1909761,User,2
Shastel,6017041,User,2
protron,465963,User,2
marjan-georgiev,8687,User,2
undernewmanagement,351998,User,2
maxdeviant,1486634,User,2
mhujer,353372,User,2
mbrookes,357702,User,2
michaelgmcd,8161781,User,2
michaelrp,1393096,User,2
thymikee,5106466,User,2
allofthenorthwood,3123642,User,2
pekim,40704,User,2
milesj,143744,User,2
mmoss,648160,User,2
murtazahaveliwala,5851868,User,2
nw,54197,User,2
nicholasbs,50336,User,2
WickyNilliams,1091390,User,2
oiva,504591,User,2
Oleg24,7278723,User,2
DJCordhose,394409,User,2
philipp-spiess,458591,User,2
javache,5676,User,2
czajkowski,197684,User,2
prathamesh-sonpatki,621238,User,2
pra85,829526,User,2
rafd,89664,User,2
rthor,1608329,User,2
quadrupleslap,6666547,User,2
exiadbq,4665929,User,2
RichardLitt,910753,User,2
Cartas,1099951,User,2
richiethomas,3839713,User,2
RileyTomasek,895082,User,2
operatino,1260461,User,2
darobin,38491,User,2
rofrischmann,10060928,User,2
romamatusevich,1313221,User,2
samselikoff,2922250,User,2
scottburch,103808,User,2
kittens,853712,User,2
theseyi,3725821,User,2
shinnn,1131567,User,2
shripadk,189344,User,2
shubheksha,7693422,User,2
hojberg,2371,User,2
tsriram,450559,User,2
stkb,6125444,User,2
stoyan,51308,User,2
fforw,226774,User,2
sverrejoh,1209,User,2
slorber,749374,User,2
lasekio,8137000,User,2
TanaseHagi,18321229,User,2
teosz,4419636,User,2
baddox,307393,User,2
ThomasCrevoisier,4603973,User,2
troutowicz,8117994,User,2
Yeti-or,1813468,User,2
yangmillstheory,2729079,User,2
vitorbal,626038,User,2
madeinfree,4027049,User,2
yhagio,2874081,User,2
ankitml,573824,User,2
everdimension,5347023,User,2
gitanupam,10434719,User,2
hanumanthan,5584802,User,2
403studio,17879134,User,2
imagentleman,2272928,User,2
jinmmd,480907,User,2
lili21,4456380,User,2
msmania,1780142,User,2
arnihermann,35656,User,2
cookfront,4829465,User,2
8398a7,8043276,User,1
aackerman,786640,User,1
cannona,404707,User,1
agelter,2529919,User,1
abhisheksoni27,4340071,User,1
gadtfly,2624505,User,1
abloomston,6165380,User,1
akre54,931368,User,1
asolove,8495,User,1
sheerun,292365,User,1
adamzap,101698,User,1
addyosmani,110953,User,1
adius,969983,User,1
aesopwolf,6847633,User,1
wali-s,4505767,User,1
alansouzati,1207250,User,1
afhole,1911055,User,1
alexlur,8125011,User,1
ultrafez,1875176,User,1
ababkov,478307,User,1
alexbaumgertner,223620,User,1
javawizard,874635,User,1
xelad1,6059956,User,1
lexjacobs,5633015,User,1
akatopo,2387645,User,1
alopatin,238458,User,1
amykyta,1536449,User,1
CLowbrow,647504,User,1
sashashakun,5776864,User,1
ashtuchkin,627997,User,1
Shahor,204561,User,1
Morhaus,1621758,User,1
shamrin,510678,User,1
alitaheri,8528759,User,1
ali,515861,User,1
armostafizi,14917238,User,1
amanvir,1644832,User,1
amasad,587518,User,1
Sacret,1748823,User,1
agiron123,1031759,User,1
andrezsanchez,3478034,User,1
localheinz,605483,User,1
mjomble,2202751,User,1
cobbweb,159373,User,1
AndrewHenderson,1031565,User,1
andrewimm,494043,User,1
Andrew8xx8,672631,User,1
pavlin99th,4558023,User,1
arasmussen,969540,User,1
andrewrota,718017,User,1
okonet,11071,User,1
jedwards1211,1448194,User,1
ankeetmaini,6652823,User,1
tomarak,8728339,User,1
AoDev,1526150,User,1
AprilArcus,2045543,User,1
aredridel,2876,User,1
arianf,7397857,User,1
arnif,1312916,User,1
arshabh,4034398,User,1
gunn,42500,User,1
thinker3197,14997260,User,1
avnash,8079942,User,1
aymanosman,3605049,User,1
bgnx,30298641,User,1
BDav24,5574929,User,1
mbeaudru,8942633,User,1
battaile,939551,User,1
beausmith,28444,User,1
banderson,30241,User,1
rivertam,4165105,User,1
bbrooks,3484010,User,1
benfoxall,51385,User,1
benjaffe,573204,User,1
bmeurer,815988,User,1
benkeen,512116,User,1
benleiken,1434562,User,1
benjycui,3580607,User,1
bgirard,793565,User,1
rochestb,1010153,User,1
chromakey,1261962,User,1
bbshih,1472300,User,1
jbhatab,2458718,User,1
blainekasten,2916023,User,1
rralian,134044,User,1
bobbyrenwick,1313013,User,1
puppybits,140163,User,1
TrySound,5635476,User,1
bmihelac,13813,User,1
borisyankov,867242,User,1
bradvogel,821706,User,1
bradford-hamilton,15638147,User,1
bcbcb,3516932,User,1
brentvatne,90494,User,1
brainkim,2996754,User,1
bruceharris,1081979,User,1
Delapouite,39315,User,1
Swader,1430603,User,1
bryanbraun,1256329,User,1
wuct,1695958,User,1
camspiers,51294,User,1
camjc,4197647,User,1
cmatheson,35404,User,1
carolinapowers,10137641,User,1
carterchung,8279692,User,1
cassus,316826,User,1
CatChen,112175,User,1
cesarwbr,248140,User,1
chadfawcett,3250463,User,1
csbok,3767680,User,1
CharlieGarcia,8495531,User,1
chaseadamsio,1024544,User,1
cdax,7029291,User,1
thisguychris,532797,User,1
chrisbolin,2822048,User,1
chrisgrovers,8992871,User,1
ha404,567126,User,1
chrisui,1042432,User,1
cvrebert,419884,User,1
coliff,1212885,User,1
chroman,461021,User,1
qerub,636,User,1
christophehurpeau,302891,User,1
cbrandolino,666083,User,1
smockle,3104489,User,1
CodinCat,3193344,User,1
CodyReichert,7034627,User,1
colinwren,2257156,User,1
cgav,580894,User,1
coryhouse,1688997,User,1
