leebyron,50130,User,1064
matthewwithanm,126263,User,13
wokalski,1693190,User,10
ellbee,6018379,User,8
vinnymac,1832781,User,6
Strate,392644,User,5
howardjing,831651,User,5
alexfedoseev,4244251,User,4
zertosh,830952,User,4
umidbekkarimov,4734297,User,4
marudor,1881725,User,4
pluma,1280922,User,3
dashed,139499,User,3
spicyj,6820,User,3
JackTanRoo,5227616,User,3
hoorayimhelping,146112,User,3
rawls238,1596135,User,3
astashov,12795,User,2
liubinyi,5498827,User,2
bspaulding,6833,User,2
briandipalma,1597820,User,2
darrenburns,5740731,User,2
DavidTimms,4773841,User,2
glenjamin,151272,User,2
ihodes,167803,User,2
jamesgpearce,90942,User,2
leidegre,63085,User,2
astorije,113730,User,2
pavadeli,5168053,User,2
langpavel,142462,User,2
steveluscher,13243,User,2
tgriesser,154748,User,2
wmertens,54934,User,2
dsissitka,31266,User,2
wolffiex,214268,User,1
a0viedo,2440935,User,1
quatrano,2096274,User,1
ialexryan,2292782,User,1
agudulin,492261,User,1
ablakey,9021944,User,1
bzalasky,466800,User,1
BobBuehler,1963849,User,1
blittle,1566869,User,1
Delapouite,39315,User,1
calvinclaus,6116771,User,1
carlsverre,82591,User,1
vjeux,197597,User,1
colbyr,478109,User,1
cybrown,1633487,User,1
Carlsson87,5379989,User,1
danielearwicker,365934,User,1
gasi,49583,User,1
danielstreit,6923694,User,1
davidbonnet,297345,User,1
dfournier,2329786,User,1
drifkin,175530,User,1
donabrams,447032,User,1
kozlitinaelja,3871309,User,1
churchie317,2467217,User,1
etripier,7219423,User,1
fdaciuk,487669,User,1
tolmasky,23753,User,1
gabelevi,1887264,User,1
geirsagberg,594564,User,1
UnsungHero97,440299,User,1
hughfdjackson,545689,User,1
icopp,1162876,User,1
istarkov,5077042,User,1
jbrownson,808113,User,1
vrana,117453,User,1
incrediblesound,5664237,User,1
jmalonzo,12141,User,1
jeffbski,5689,User,1
jeffreylin,706406,User,1
jeroencranendonk-wf,6576568,User,1
Atlas7,11135428,User,1
JonathanHayward,513863,User,1
joshk,8701,User,1
JMPerez,416456,User,1
kevinold,21967,User,1
KyleAMathews,71047,User,1
kemitchell,205760,User,1
leejarvis,197567,User,1
leoasis,328001,User,1
Lilmoeymoey,8366942,User,1
luigy,817138,User,1
marcelpuyat,5587108,User,1
markdalgleish,696693,User,1
maxehnert,8755250,User,1
eibt,5503784,User,1
mosch,224866,User,1
nmn,3582514,User,1
nicolasbrugneaux,3650621,User,1
nfcampos,56902,User,1
omerzach,204391,User,1
Ore4444,2034481,User,1
pomerantsev,3888965,User,1
philipp-spiess,458591,User,1
pspeter3,607701,User,1
Rich-Harris,1162160,User,1
rockymadden,538508,User,1
also,15624,User,1
rvikmanis,554108,User,1
samwgoldman,254842,User,1
techgaun,1886670,User,1
hleumas,357078,User,1
salzhrani,302896,User,1
smkhalsa,6362903,User,1
nubs,57673,User,1
styfle,229881,User,1
thomasboyt,579628,User,1
tcoopman,45546,User,1
thomastuts,1914255,User,1
tomashanacek,1244486,User,1
TrevorSayre,421548,User,1
lvarayut,4281887,User,1
winkerVSbecks,42671,User,1
vlinder,564350,User,1
fson,497214,User,1
jokester,802130,User,1
wdhorton,13503072,User,1
xavierelopez,959209,User,1
b0ri5,553421,User,1
esbenwoods,2375025,User,1
Freddy03h,1412159,User,1
hura,671872,User,1
javinor,5766483,User,1
nsipplswezey,7946707,User,1
wisdomofgod,7736717,User,1
xaviergonz,6306796,User,1
