gaearon,810438,User,488
Timer,616428,User,72
fson,497214,User,50
vjeux,197597,User,28
mxstbr,7525670,User,13
viankakrisna,9636410,User,12
EnoahNetzach,663755,User,8
existentialism,56288,User,6
tuchk4,5140611,User,6
n3tr,155392,User,5
johann-sonntagbauer,1239401,User,5
lacker,106475,User,5
dceddia,505704,User,4
GAumala,5729175,User,4
hnordt,1625399,User,4
keyanzhang,2268452,User,4
ro-savage,9244507,User,4
ryansully,51629,User,4
doshisid,23718874,User,4
eanplatter,3782604,User,4
alexzherdev,93752,User,3
bvaughn,29597,User,3
eliperelman,285899,User,3
frontsideair,868283,User,3
ForbesLindesay,1260646,User,3
jeffposnick,1749548,User,3
GreenGremlin,647452,User,3
insin,226692,User,3
koistya,197134,User,3
kripod,14854048,User,3
mareksuscak,613647,User,3
nhajidin,1077437,User,3
bebbi,2752391,User,3
valscion,482561,User,3
pd4d10,9524411,User,3
anilreddykatta,2317101,User,3
sheerun,292365,User,2
aleburato,17029400,User,2
AJamesPhillips,526509,User,2
arunoda,50838,User,2
spicyj,6820,User,2
bondz,4683867,User,2
bunshar,4251966,User,2
chrisdrackett,4378,User,2
cpojer,13352,User,2
coryhouse,1688997,User,2
danrr,3409865,User,2
darrenscerri,729230,User,2
davidascher,51278,User,2
einarlove,1495211,User,2
elijahmanor,86454,User,2
geowarin,1045636,User,2
glennreyes,5080854,User,2
A-gambit,5401181,User,2
ianschmitz,6355370,User,2
jamesblight,3938325,User,2
jayphelps,762949,User,2
Jiansen,1225761,User,2
jihchi,87983,User,2
kellyrmilligan,2642088,User,2
levrik,9491603,User,2
lpalmes,5133531,User,2
luftywiranda13,22868432,User,2
manavsehgal,3954692,User,2
wirmar,9307361,User,2
matoilic,18171,User,2
npverni,3537,User,2
OwenFlood,17835216,User,2
pdillon,1138977,User,2
pugnascotia,8696382,User,2
shubheksha,7693422,User,2
SimenB,1404810,User,2
tharakawj,1060398,User,2
tylermcginnis,2933430,User,2
XVincentX,1416224,User,2
yesmeck,465125,User,2
Zaccc123,11663635,User,2
chyipin,11436549,User,2
cloudmu,3992029,User,2
ekaradon,9439390,User,2
themre,10845050,User,2
pmadar,13347558,User,2
cannona,404707,User,1
arekkas,3372410,User,1
JWo1F,1540715,User,1
alexdriaguine,8626168,User,1
alex-wilmer,2880089,User,1
AlexxNica,14338588,User,1
alexeyraspopov,858295,User,1
akofman,579922,User,1
heldinz,851278,User,1
alisonmonteiro,3016692,User,1
AlmeroSteyn,5063473,User,1
amasad,587518,User,1
AndersDJohnson,615381,User,1
hellowin,1904744,User,1
Furizaa,365742,User,1
Andreyco,829963,User,1
zertosh,830952,User,1
azakordonets,1200012,User,1
andreypopp,30594,User,1
andykenward,4893048,User,1
frehner,3054066,User,1
nakamin,17557668,User,1
sapegin,70067,User,1
AsaAyers,324999,User,1
ashtonsix,6740947,User,1
ayrton,440926,User,1
BenBrostoff,6991348,User,1
benpickles,3637,User,1
BenoitAverty,17006335,User,1
blainekasten,2916023,User,1
bogdansoare,2750170,User,1
just-boris,812240,User,1
brandones,1031876,User,1
btnwtn,20847518,User,1
BrianDGLS,7824734,User,1
BrodaNoel,1837969,User,1
calweb,115030,User,1
cangoektas,1178516,User,1
CaryLandholt,833972,User,1
cesarvarela,1172479,User,1
superhighfives,449385,User,1
chase,5411,User,1
crcastle,275734,User,1
christianbundy,537700,User,1
Chris-R3,17184824,User,1
christophehurpeau,302891,User,1
ColinEberhardt,1098110,User,1
gr33nfury,2458176,User,1
conorhastings,8263298,User,1
cr101,4064582,User,1
dallonf,346300,User,1
danharper,510740,User,1
danthareja,6980359,User,1
dbanck,45985,User,1
plusCubed,6379975,User,1
djgrant,1670902,User,1
dmr,128286,User,1
driquelme,5178158,User,1
dschep,667763,User,1
shashkovdanil,19692986,User,1
hodanny,815219,User,1
dariocravero,376268,User,1
dfbaskin,1865287,User,1
dbismut,5003380,User,1
lopezator,5780637,User,1
dsernst,6340841,User,1
denofevil,32124,User,1
DiegoCardoso,262432,User,1
tsironis,782448,User,1
dinukadesilva,10680296,User,1
excitement-engineer,19558321,User,1
dhruska,2578537,User,1
halfzebra,3983879,User,1
ingro,879431,User,1
enguerran,701648,User,1
ericf,29096,User,1
kireerik,3628043,User,1
evcohen,7098243,User,1
mini-eggs,15002518,User,1
gafemoyano,1516349,User,1
montogeek,1002461,User,1
floriangosse,3819038,User,1
forresst,163352,User,1
diligiant,496822,User,1
gaelduplessix,2292908,User,1
GautierT,6089653,User,1
geoffdavis92,7330124,User,1
goshakkk,315596,User,1
ggamel,34730,User,1
guilhermebruzzi,1321766,User,1
dlmr,2854610,User,1
harunhasdal,4698942,User,1
iheng,6089263,User,1
iainbeeston,111963,User,1
ianmcnally,1494758,User,1
iansu,433725,User,1
isramos,112402,User,1
jbovenschen,4903014,User,1
hycner,6600148,User,1
jameslnewell,2237996,User,1
Janpot,2109932,User,1
jarlef,279454,User,1
jayair,53023,User,1
JeffreyATW,266170,User,1
theworkflow,1561133,User,1
tizmagik,244704,User,1
jmorrell,175496,User,1
herrstucki,70969,User,1
wakooka,1606624,User,1
jesselpalmer,682097,User,1
jimmyhmiller,6071338,User,1
fezhengjin,13692084,User,1
JisuPark,4257693,User,1
nucliweb,1307927,User,1
joewoodhouse,3168135,User,1
JoeCortopassi,943606,User,1
weisjohn,12034,User,1
jmagrippis,3502800,User,1
jonathanconway,310330,User,1
jkimbo,691952,User,1
stoikerty,3392110,User,1
heyheyjose,4492640,User,1
josephfrazier,6473925,User,1
josephrace,2642432,User,1
imagentleman,2272928,User,1
sotojuan,8217766,User,1
jhorneman,1732919,User,1
Nopik,554841,User,1
lukyth,7040242,User,1
Justkant,3009753,User,1
kasperpeulen,1035299,User,1
SpaceK33z,533616,User,1
kentcdodds,1500684,User,1
khanglu,6647475,User,1
thangngoc89,3049054,User,1
kdleijer,24917428,User,1
KrishMunot,4161617,User,1
denkristoffer,219017,User,1
KyleAMathews,71047,User,1
iRoachie,5962998,User,1
lvwrence,963922,User,1
leo,6170607,User,1
gnowoel,543961,User,1
ldct,130362,User,1
ldesplat,5972411,User,1
grigio,8074,User,1
msuzoagu,5686704,User,1
MrHus,22608,User,1
noinkling,4338251,User,1
marcgarreau,3621728,User,1
elboman,5050488,User,1
marcofugaro,7217420,User,1
igetgames,831617,User,1
markdalgleish,696693,User,1
mars,17164,User,1
maxdeviant,1486634,User,1
knowbody,3802023,User,1
biilmann,6515,User,1
quarterto,631757,User,1
mattccrampton,1310017,User,1
holloway,620580,User,1
mkazantsev,226223,User,1
MoOx,157534,User,1
mderazon,717076,User,1
evenchange4,1527371,User,1
Urthen,458614,User,1
scholtzm,2640934,User,1
shilman,488689,User,1
michaelwayman,5776784,User,1
michalkvasnicak,174716,User,1
micopiira,5475859,User,1
mikefrancis,1672610,User,1
miraage,971735,User,1
milocosmopolitan,5334538,User,1
purplecones,136654,User,1
mobinni,2361292,User,1
mkermani144,12621708,User,1
mostafah,531910,User,1
motiz88,2246565,User,1
mklemme,1305776,User,1
nhunzaker,590904,User,1
Gandem,11560964,User,1
ndelangen,3070389,User,1
ApacheEx,1918108,User,1
orta,49038,User,1
pdhoopr,11236087,User,1
pmackcode,17095658,User,1
zpao,8445,User,1
pirelenito,6001,User,1
koles,175415,User,1
paweljedrzejczyk,1736258,User,1
pedronauck,2029172,User,1
petetnt,7641760,User,1
chocnut,291424,User,1
lifez,2588927,User,1
bpierre,36158,User,1
tseho,1421130,User,1
rafrex,11911299,User,1
Rewieer,12291995,User,1
torifat,208544,User,1
TheBlackBolt,9834442,User,1
Robdel12,2072894,User,1
rricard,246520,User,1
RodrigoHahn,3662693,User,1
rogeliog,574806,User,1
romanyanke,1199536,User,1
rrubas,19386887,User,1
ruskakimov,5536948,User,1
replaid,52578,User,1
ryanwalters,881783,User,1
SBrown52,9969195,User,1
pastorsj,11398549,User,1
spadin,21626,User,1
bboysathish,8023447,User,1
satya164,1174278,User,1
scottrangerio,7337433,User,1
sebastiandedeyne,1561079,User,1
MunGell,812976,User,1
shogunsea,2238944,User,1
chibicode,992008,User,1
voxsim,1021456,User,1
mrscobbler,1317004,User,1
laruiss,2486424,User,1
d4rkr00t,200119,User,1
spudly,487068,User,1
stochris,9612572,User,1
Swizec,56883,User,1
tibdex,6574550,User,1
dvkndn,5953369,User,1
tijwelch,934768,User,1
tmos,1592709,User,1
tomconroy,1223187,User,1
motevets,777773,User,1
tpetrina,1407815,User,1
tgig,1834003,User,1
trygveaa,601966,User,1
vadi2,110988,User,1
vadzim,234171,User,1
jetpackpony,5649674,User,1
chitchu,616274,User,1
vnctaing,4825444,User,1
vfil,973547,User,1
goldhand,1919664,User,1
wdhorton,13503072,User,1
zjmiller,759304,User,1
alberto,72561,User,1
breaddevil,6763231,User,1
bryankang,18587905,User,1
creynders,436347,User,1
ippa,13777,User,1
kiranps,3966804,User,1
moniuch,681956,User,1
remon-georgy,1994818,User,1
myappincome,21154856,User,1
sbritoig,15799339,User,1
shaunwallace,619506,User,1
carlsagan21,11597490,User,1
unixdev,7969852,User,1
da-vaibhav,1468518,User,1
varnav,1903613,User,1
vulong23,20140368,User,1
wtgtybhertgeghgtwtg,18507762,User,1
sstruct,9261088,User,1
zeel,1536949,User,1
trungdq88,4214509,User,1
