QuincyLarson,985197,User,2353
BerkeleyTrue,6775919,User,1766
sahat,544954,User,1261
terakilobyte,1911390,User,658
ltegman,1381313,User,381
SaintPeter,553494,User,366
raisedadead,1884376,User,310
benmcmahon100,10749142,User,298
erictleung,2754821,User,228
bugron,13225220,User,198
dhcodes,7917512,User,158
abhisekp,1029200,User,121
Greenheart,6125097,User,112
ahstro,3090888,User,109
greenkeeperio-bot,14790466,User,79
Bouncey,18572518,User,67
awesomeaniruddh,5279150,User,60
Manish-Giri,11348778,User,58
hallaathrad,2107110,User,45
systimotic,7262039,User,43
vtamara,701221,User,40
no-stack-dub-sack,18563015,User,38
AryanJ-NYC,8263430,User,35
BKinahan,15965601,User,35
vietnamkong,11198912,User,35
AkiraLaine,11958359,User,30
natac13,10660283,User,27
justinian336,12584257,User,25
alistermada,12993334,User,19
aldraco,9719214,User,19
GeneralZero,963773,User,18
JosephLivengood,13642392,User,17
dokkillo,920841,User,15
brandenbyers,7098232,User,15
cdrainxv,18746599,User,14
patsul12,6024604,User,14
arun1595,7039523,User,13
DDaems,7575436,User,12
MrRenter,1185346,User,12
issyl0,355033,User,11
alanbares,10662315,User,11
JoolsMcFly,4972399,User,11
LenaBarinova,2317409,User,10
HKuz,9591826,User,10
jbmartinez,4247923,User,10
joel-bentley,10087880,User,9
josectello,8270675,User,8
0x0936,4724513,User,8
westonplatter,492603,User,8
snyk-bot,19733683,User,8
DealPete,12750377,User,8
sahilkhurana19,15441946,User,8
aulisius,6629172,User,7
tcyrus,4201229,User,7
MiloATH,12666146,User,7
petermbenjamin,6811830,User,7
ooade,11811904,User,6
kurzninja,8992452,User,6
treece,3117424,User,6
dmytroyarmak,1378201,User,6
storbeck,449874,User,6
ivantedja,1907854,User,6
flota113,3848216,User,6
michael-krebs,6935181,User,6
bonham000,18126719,User,6
letalumil,4415850,User,6
nishant-tomer,15999657,User,6
padulam,11588747,User,6
Atomk,6122017,User,6
robbawebba,10067384,User,6
ammit,2105944,User,6
ankitaggarwal011,4436850,User,5
dmamills,2381136,User,5
Ethan-Arrowood,16144158,User,5
sixFingers,1168472,User,5
saadanerdetbare,12987548,User,5
mtrifilo,8886227,User,5
NatashaHaggard,6363980,User,5
ptsurbeleu,3822219,User,5
pranayberry,15723427,User,5
hangaebal,18699131,User,5
hobbycoder7,17491090,User,5
robjloranger,13278126,User,5
jsonify,1201529,User,5
mizujin,7820886,User,5
hay-dee,20010384,User,5
AngShiYa,12497234,User,4
ShaggyTech,6378521,User,4
carolinaknoll,14928995,User,4
Em-Ant,12955734,User,4
larsonjj,3893845,User,4
jamigibbs,872479,User,4
jamos-tay,19278089,User,4
jnmorse,1467889,User,4
martinkwan,13195630,User,4
oalhait,5378470,User,4
petrgazarov,5581195,User,4
samanthakem,4277045,User,4
drguildo,9282,User,4
avastu,8085410,User,4
yjcxy12,7020150,User,4
junhaoyap,6291947,User,4
krantzinator,8461333,User,4
uwaseem,13461680,User,4
nativedone,20998754,User,3
alex-dixon,9045165,User,3
codeman869,10450602,User,3
dakshshah96,7896438,User,3
djordjelacmanovic,9920385,User,3
dougshamoo,10533596,User,3
Em01,7100877,User,3
jonathanihm,6002459,User,3
miyagui,3451695,User,3
JoshFisk,12435876,User,3
julianorafael,1124448,User,3
kalunlee136,5109634,User,3
flipsyde606,10557202,User,3
duffn,3457341,User,3
NolanChan,1487616,User,3
Hpauric,21220107,User,3
crashuniverse,540130,User,3
Rafase282,285138,User,3
rarmatei,5975076,User,3
royshouvik,5521768,User,3
abisz,7287780,User,3
elimisteve,139603,User,3
tahmid-ul,15308261,User,3
tmcpro,1106082,User,3
donofriov,4457953,User,3
wakqasahmed,4486133,User,3
yasserhussain1110,6983268,User,3
craigstroman,1562747,User,3
drk7891,10541299,User,3
elazzabi,12542046,User,3
jmcshane,9361244,User,3
sonorangirl,6051437,User,3
suhussai,6500837,User,3
techstonia,7985185,User,3
texas2010,9701609,User,3
tommygebru,7606025,User,3
wilstenholme,14347683,User,3
adamisntdead,17102600,User,3
augmt,9887589,User,3
ribeirojpn,3904173,User,3
Kenneth-LJS,21071217,User,3
leonfeng,241553,User,3
zaclem01,13493187,User,3
alayek,5607371,User,3
jondcoleman,11843663,User,3
venky18,9168631,User,3
wildlifehexagon,13489381,User,3
5k9m,13706131,User,2
N0bl3,13779822,User,2
allan-hernandez,13317514,User,2
beaucarnes,1513130,User,2
benflinn,12384989,User,2
BradenWhited,7310145,User,2
BrendanSweeny,3643243,User,2
carlosvigil,18217279,User,2
chiptus,1381655,User,2
dooglus,573356,User,2
dstroot,1438457,User,2
dlwebdev,668910,User,2
codeurge,306238,User,2
bogadodiegoh,1315946,User,2
donniereese,5982798,User,2
DusanSacha,16412025,User,2
ellenkorbes,25550091,User,2
blister,124588,User,2
gauravmak,11887260,User,2
george-stepanek,13671993,User,2
HoBi,5287596,User,2
IanTeo,12381148,User,2
souldreamer,1394436,User,2
jaydenwindle,10178895,User,2
JelteF,1162278,User,2
Gornstats,7403076,User,2
joshuahenson,4668069,User,2
KarlJakober,140006,User,2
karuppiah7890,12808424,User,2
kyeolekar,5762665,User,2
iammangod96,15985211,User,2
MatiKid,3836965,User,2
mattlayton1986,10576656,User,2
matthiaskern,9108002,User,2
Maximization,9811142,User,2
Cull-Methi,5355839,User,2
nscott,103762,User,2
nmdoliveira,11424676,User,2
alnero,8411667,User,2
lipis,125676,User,2
Pasayadaan,19582853,User,2
pra85,829526,User,2
Quinn-H,16204154,User,2
smrajagopal,1938039,User,2
RamiroPinol,18408041,User,2
sarbbottam,949380,User,2
srodman7689,1052177,User,2
simondiep,7328433,User,2
tmashuang,13376180,User,2
tianz,2604209,User,2
tjstinso,10609667,User,2
rfprod,1507770,User,2
tanis2000,287841,User,2
vitolob,8840165,User,2
vcooley,12551141,User,2
vcapretz,14620121,User,2
ZZhaoTireless,15257767,User,2
ahmednaguib,5208506,User,2
alanmbarr,760506,User,2
invalid-email-address,148100,User,2
alvynmcq,1619808,User,2
91aman,1581036,User,2
ayampol,5710328,User,2
bteng22,6289711,User,2
cahlan,515341,User,2
cch5ng,4755432,User,2
daniel-chung,8076334,User,2
dnahol,2976514,User,2
iheartkode,7018580,User,2
johnnyqbui,17282870,User,2
phoenixstormcrow,2560986,User,2
piecedigital,9705338,User,2
roelver,476351,User,2
sycrat,15665492,User,2
AEA2002,7269693,User,2
Oxyrus,11398826,User,2
benschenker,2434612,User,2
Marmiz,16669241,User,2
daphneppl,5919706,User,2
heldersepu,545474,User,2
jacobbearden,5340692,User,2
CodingPower472,8381348,User,2
shadowfool,709295,User,1
xeoneux,3099626,User,1
abimaelmartell,1450169,User,1
adnrs96,17237412,User,1
arsho,5465070,User,1
brainyfarm,11624587,User,1
tdk93,4271486,User,1
Takumar,2951935,User,1
alxrcs,8171561,User,1
ADude2,10567727,User,1
alexanderholman,9385784,User,1
Kallaway,8016212,User,1
a-ungurianu,3391756,User,1
nikitin2009,9296248,User,1
becausealice2,14362885,User,1
AlyxMoon,8443638,User,1
allonhadaya,704531,User,1
Saerith,8922534,User,1
amartyaamp,7647235,User,1
aksinghdce,9407113,User,1
ananaymital,12645471,User,1
andmckvr13,17259420,User,1
radarhere,3112309,User,1
drewbs,5810837,User,1
AndrewGHC,15863952,User,1
nomicos,11248671,User,1
aferreira44,28768905,User,1
AnishHota,12893304,User,1
adevenuto,9124030,User,1
agrullon95,10482592,User,1
newyork-anthonyng,14035529,User,1
apoorvnandan,8300539,User,1
shaikhatik0786,4403762,User,1
baguzzzaji,6239079,User,1
Apercu,6033345,User,1
benschac,2502947,User,1
BhaveshSGupta,4209637,User,1
billy-reilly,22368483,User,1
BlancaInesAcosta,10052756,User,1
BlauFeuer,17095832,User,1
Blauelf,5952026,User,1
andela-bebowe,10234875,User,1
BoDonkey,13168224,User,1
b2m9,8492232,User,1
bcherny,1761758,User,1
BrainCrumbz,3185573,User,1
bkish,570823,User,1
sludge256,10524623,User,1
bcantoni,58372,User,1
yesthatguy,10944164,User,1
brianwu02,1653636,User,1
BrianZ1,8886415,User,1
brianamarie,9906718,User,1
cameronpattisall,11773056,User,1
CarlMungazi,8584475,User,1
carloselhalabi,2533088,User,1
Enikol,19998290,User,1
ChadKreutzer,13308917,User,1
ChaituVR,15967809,User,1
xynz,6734695,User,1
charlottetan,4824630,User,1
seafoodbuffet,1646003,User,1
XXiphias,22362786,User,1
ceejayoz,2825,User,1
Kwpolska,327323,User,1
chrisipanaque,16032631,User,1
chris-ramon,1000404,User,1
ChuanfengZhang,18238800,User,1
codetweetie,1357940,User,1
Zenith-One,711762,User,1
cwperks,17432265,User,1
Dagolin,15082118,User,1
daltonrooney,742045,User,1
damon-myers,6657122,User,1
djengle91,17101670,User,1
dgrcode,17493200,User,1
danielrob,5865302,User,1
DarrenfJ,13170765,User,1
davemflick,22574850,User,1
DrkSephy,1226900,User,1
davidmgisbert,25413715,User,1
davidojedalopez,8418542,User,1
dkat90,16620486,User,1
zeffii,619340,User,1
Deborah-Digges,3866405,User,1
demipixel,7506359,User,1
dtraid,1199105,User,1
domicode,7032563,User,1
pkshreeman,12506224,User,1
delbertlegg,14209268,User,1
elisecode247,12992182,User,1
Ellyria,26424000,User,1
Endi1,5697907,User,1
enesgonultas,16865058,User,1
edm00se,622118,User,1
ethanx94,4449468,User,1
faheel,11466676,User,1
farhd,6986862,User,1
felixonmars,1006477,User,1
FlameFractal,9962648,User,1
formap,6923782,User,1
zersiax,5076383,User,1
franzwr,4754508,User,1
agparadiso,10951420,User,1
gabro,691940,User,1
geoff616,4554346,User,1
GiacomoLaw,9038673,User,1
g1na1011,2975652,User,1
gristow,8905340,User,1
PortableStick,6478756,User,1
firstdoit,1633518,User,1
guillermohernandez,1673612,User,1
Hapoofesgeli,9002310,User,1
hristijankiko,8568277,User,1
huyenltnguyen,25715018,User,1
IeuanG,6832281,User,1
iogburu,6853370,User,1
InsomniacSabbir,5733224,User,1
IsaacAbrahamson,17521691,User,1
szib,23164433,User,1
zerkms,302295,User,1
JacksonKearl,8586769,User,1
jadb,33527,User,1
jrliv,20460505,User,1
Jago-Kosolosky,13711204,User,1
jaikamat,15024562,User,1
jhowerin,6308003,User,1
Jamayk,4179601,User,1
SnoopJeDi,6125322,User,1
imjamesdotme,9949268,User,1
JamesWorsnop,5954592,User,1
contrepoint,16640692,User,1
stewartjarod,949393,User,1
aksnowman,510971,User,1
IanvsPoplicola,13974588,User,1
therahl,11380129,User,1
jlouiss,15015608,User,1
nellarro,18720522,User,1
jiakim,28577212,User,1
johnmhenson,13009981,User,1
JohnOKeefe15,6386486,User,1
VoyagerPunk,8172453,User,1
frdmn,944459,User,1
Chiouonthis,10797898,User,1
jonboiser,10248067,User,1
jlslew,1538744,User,1
jntme,3694915,User,1
JonW27,8844453,User,1
jonib3k,19190873,User,1
jorgeruvalcaba,7416811,User,1
josevill,1178493,User,1
josephbreihan,362715,User,1
joechan3,17263383,User,1
jdeprey,16779680,User,1
jhuynh85,515572,User,1
joshghent,2934976,User,1
JoshWein,6731704,User,1
juanpastas,671721,User,1
SnoopyRules,20340346,User,1
jlappano,4663436,User,1
Ntropish,7933153,User,1
jwoo92,17994108,User,1
Kalcode,13425721,User,1
karanjthakkar,1824298,User,1
karel1980,153021,User,1
kmigdol,10225468,User,1
NaitoKenzo,5681827,User,1
KevinBusse,1112379,User,1
kevindessely,5507725,User,1
meecoder,2237012,User,1
KonSal,15934219,User,1
kmiasko,202344,User,1
kemitchell,205760,User,1
tadake,16967312,User,1
leemunroe,15963,User,1
LeeWarnock,10902904,User,1
LibanTheDev,7015379,User,1
LindsayBrown81,7563378,User,1
lurraca,855365,User,1
MagiaSN,15558746,User,1
WiNloSt,1937582,User,1
waffle-iron,6912981,User,1
makkBit,14000194,User,1
tf2manu994,7333640,User,1
manshantsingh,7417469,User,1
erratadei,13572901,User,1
MFogleman,20388195,User,1
qubyte,824753,User,1
MartinDelille,879889,User,1
