getify,150330,User,1159
machineloop,3682072,User,17
pdawyndt,5736113,User,10
4thana,8932386,User,10
zackgao,1768718,User,9
harpreetkhalsagtbit,2958292,User,8
magul,1165138,User,6
masak,20627,User,5
ryanplusplus,2488333,User,5
diogocampos,152130,User,4
imurchie,2614354,User,4
severyanov,2435551,User,4
mmurkidjanian,12477950,User,4
cirocosta,3574444,User,3
davidtheclark,628431,User,3
wKich,6397708,User,3
ljharb,45469,User,3
maxhoffmann,1227441,User,3
skeep,425732,User,3
varun06,1284070,User,3
kemar,281139,User,3
cncolder,127009,User,3
adius,969983,User,2
chrisdickinson,37303,User,2
codylindley,115456,User,2
danthareja,6980359,User,2
darkwing,46655,User,2
Delapouite,39315,User,2
mallowigi,5015756,User,2
framini,840935,User,2
georgymh,7425056,User,2
GraceNut,2374117,User,2
rengokantai,4312036,User,2
lw7360,1806683,User,2
OLawD,1689196,User,2
mdouglasbrett,4963801,User,2
NobleMule,4595705,User,2
rwaldron,27985,User,2
stebru,24052,User,2
umpox,9516420,User,2
fay-jai,2865947,User,2
zacharyrankin,321407,User,2
infinnie,8168391,User,2
pelonpelon,254146,User,2
yannmadeleine,629627,User,2
jrencz,948356,User,2
ascasson,13938666,User,1
airandfingers,1088051,User,1
elahmo,852433,User,1
abroz,3943505,User,1
booc0mtaco,3056447,User,1
AndrewKe,6137845,User,1
radarhere,3112309,User,1
andydavies,427052,User,1
Isocles,18671451,User,1
hoodwink73,1285699,User,1
aquascaper,10734386,User,1
aurelienbottazini,32635,User,1
BastianHofmann,4151945,User,1
benbrandt,2111074,User,1
benkeeney,4968894,User,1
btoll,297550,User,1
bharani91,919147,User,1
bogdanjsx,7962223,User,1
bistacos,9278059,User,1
bryanjenningz,7637655,User,1
carlosbaraza,1270425,User,1
gryffs,16548994,User,1
cardern,4327333,User,1
zcserei,1671979,User,1
dannyc,640558,User,1
davepreston,334989,User,1
corpulentcoffee,3958448,User,1
DickvdBrink,765657,User,1
illourr,1165331,User,1
DJTB,5353151,User,1
dylanbhughes,2325367,User,1
s7b5en,19791699,User,1
ezhilvendhan,3431406,User,1
franckuser16,588485,User,1
LFDM,2204549,User,1
HugoGiraudel,1889710,User,1
lifebeyondfife,3200433,User,1
ivandotv,390700,User,1
jakearchibald,93594,User,1
neu5,980955,User,1
ibjhb,265779,User,1
jasonblanchard,1238532,User,1
Jedeu,12180334,User,1
Jenn,69822,User,1
JoahG,2164095,User,1
joeysino,17610446,User,1
JohnTigue,473077,User,1
JoseBalado,7026031,User,1
justinj,409075,User,1
kevcomedia,17902987,User,1
mayorbyrne,1082201,User,1
kfitfk,2555626,User,1
AgtLucas,1909761,User,1
LukaszBrygala,17546777,User,1
lyle,21094,User,1
martinthogersen,239008,User,1
martinwheeler,18509578,User,1
mathiasbynens,81942,User,1
elefontpress,2347060,User,1
mmmaaatttttt,3916770,User,1
msach,5993871,User,1
MehdiRaash,6185507,User,1
michaelck,1706901,User,1
michaellopez,487039,User,1
micmath,81645,User,1
mpint,2585828,User,1
regularmike,1693897,User,1
elkebirmed,3056412,User,1
morganestes,110755,User,1
nickolaos77,14972276,User,1
ncpierson,3130334,User,1
deltaidea,4950036,User,1
P1xt,322175,User,1
gdi2290,1016365,User,1
pra85,829526,User,1
rafr3,8841983,User,1
rkrupinski,775177,User,1
rayshan,3760840,User,1
richardattfield,21228051,User,1
pertrai1,442374,User,1
rlbisbe,825331,User,1
ryngonzalez,635300,User,1
chenxsan,1091472,User,1
shawndumas,56031,User,1
shkesar,5822067,User,1
simonebrunozzi,2170555,User,1
pathway27,1563316,User,1
sunsations,1168252,User,1
tjaartvdwalt,2066766,User,1
tomsugden,235027,User,1
TrevorEdwards,11479672,User,1
devWayne,6374614,User,1
VictorVation,2099442,User,1
willpiers,2482470,User,1
woocyun,8153113,User,1
zsoltime,3144128,User,1
adityapunjani,2103527,User,1
agarrharr,3266363,User,1
alayii,1555320,User,1
alexreardon,2182637,User,1
ericvera,6858503,User,1
guymelef,24429906,User,1
hartca,7166977,User,1
wewea,6269927,User,1
joeldudleyr3,24230167,User,1
mleah,10436592,User,1
starandtina,613990,User,1
zigomir,957321,User,1
