contra,425716,User,480
phated,992373,User,65
sindresorhus,170270,User,52
robrich,664956,User,43
tkellen,1004324,User,13
stryju,25367,User,12
lubelski,195878,User,10
floatdrop,365089,User,10
stevemao,6316590,User,9
callumacrae,472830,User,8
nalbion,1866161,User,6
stevelacy,5648999,User,6
arvindr21,2562992,User,5
jamescrowley,509533,User,5
terinjokes,273509,User,5
AntouanK,4569111,User,4
appleboy,21979,User,4
carpasse,1588321,User,4
staxmanade,156715,User,4
lazd,201344,User,4
lisposter,741001,User,4
pdehaan,557895,User,4
kt3k,613956,User,4
asfktz,199747,User,3
t3chnoboy,2552790,User,3
breyed,1299073,User,3
hughsk,569817,User,3
jedmao,1058243,User,3
subhaze,141903,User,3
pkozlowski-opensource,973550,User,3
sanfords,1291701,User,3
CaryLandholt,833972,User,3
grmlin,457065,User,2
chalkers,9805,User,2
ajoslin,1265995,User,2
bhough,769339,User,2
azweb76,204366,User,2
baer,940667,User,2
heikki,82735,User,2
thejameskyle,952783,User,2
Janiceilene,9817819,User,2
kjbekkelund,5259,User,2
klausbayrhammer,1397470,User,2
LoganArnett,8780547,User,2
mariuszskon,13817113,User,2
gdi2290,1016365,User,2
preco21,4936201,User,2
shakyShane,1643522,User,2
SimenB,1404810,User,2
laurelnaiad,4078946,User,2
darsain,538801,User,2
cognitom,16032,User,2
fidian,428348,User,2
devWayne,6374614,User,2
willpracht,652925,User,2
megakote,2023721,User,2
tomByrer,1308419,User,2
geekflyer,1221897,User,2
fritx,6647633,User,2
azu,19714,User,2
demohi,1209159,User,2
shinnn,1131567,User,2
storkme,2088529,User,1
funkytek,296244,User,1
adius,969983,User,1
dashed,139499,User,1
a0viedo,2440935,User,1
lifeisfoo,3725610,User,1
svetlyak40wt,24827,User,1
BigBadAlien,2698505,User,1
aselbie,1977038,User,1
AndrewSouthpaw,5187404,User,1
alexeyraspopov,858295,User,1
benhalverson,7907232,User,1
bitdeli-chef,3092978,User,1
bfanger,207248,User,1
bradcerasani,468093,User,1
briandipalma,1597820,User,1
brunobelotti,3848469,User,1
callumlocke,250617,User,1
ceremcem,6639874,User,1
simianhacker,41702,User,1
ciceropablo,174275,User,1
watilde,1716463,User,1
dnrce,1084619,User,1
danielbayerlein,457834,User,1
Daniel15,91933,User,1
steida,66249,User,1
plaxdan,382348,User,1
doot0,1171137,User,1
RnbWd,5370305,User,1
DenisGorbachev,829578,User,1
dschaller,1004789,User,1
demisx,4452412,User,1
donovanmuller,1175891,User,1
Syeoryn,6220978,User,1
egtork,4457573,User,1
minibikini,439309,User,1
erikvold,27379,User,1
edull24,2624149,User,1
ezhilvendhan,3431406,User,1
felixrabe,400795,User,1
fcambus,825456,User,1
sleeper,30812,User,1
pgilad,4533329,User,1
HyunSeob,6940487,User,1
jgable,164497,User,1
jakeboone02,366438,User,1
jgillich,347965,User,1
JamesMcMahon,916676,User,1
thatchej,1555889,User,1
javiercejudo,1095851,User,1
JimiHFord,1879448,User,1
mrjoelkemp,865203,User,1
joelrobichaud,1106491,User,1
johnhaldson,2348619,User,1
johnheroy,5909572,User,1
beenanner,723985,User,1
julien-f,298721,User,1
kevdez,6848941,User,1
koistya,197134,User,1
kylecordes,8799,User,1
leo,6170607,User,1
crzidea,4723660,User,1
louisremi,39374,User,1
superlukas,516484,User,1
MarkLeMerise,573634,User,1
Znarkus,168042,User,1
mcharytoniuk,1286785,User,1
duereg,325737,User,1
matthieuprat,890117,User,1
mxpln,3360507,User,1
cfxd,1671933,User,1
xixixao,1473433,User,1
mikaelbr,606374,User,1
MikailBag,11889433,User,1
mikemaccana,172594,User,1
Mordax,9853904,User,1
ngryman,892048,User,1
nunoarruda,1189149,User,1
packtpartner,15008907,User,1
pavel-voronin,1109808,User,1
Permutatrix,13004953,User,1
PeterDaveHello,3691490,User,1
piamancini,3671070,User,1
ReadmeCritic,15367484,User,1
BusyRich,940411,User,1
robatron,127095,User,1
pertrai1,442374,User,1
robinboehm,820391,User,1
samccone,883126,User,1
shanestillwell,203271,User,1
erquhart,2112202,User,1
simonmeusel,16321843,User,1
slavafomin,1702725,User,1
stevermeister,1526680,User,1
suyash,16324837,User,1
tamj0rd2,20561445,User,1
ebuildy,1219817,User,1
tschaub,41094,User,1
treythomas123,2589390,User,1
vlizard,903476,User,1
vernonk,74096,User,1
yoshuawuyts,2467194,User,1
yousefcisco,734823,User,1
adrian-e,9273808,User,1
ahaurw01,2068437,User,1
ceclinux,2628211,User,1
dargaCode,12771651,User,1
hendrikswan,273461,User,1
jeromew,687842,User,1
jmstout,817658,User,1
kdex,4442505,User,1
makoConstruct,346569,User,1
maximilianschmitt,3694962,User,1
meleyal,15045,User,1
paldepind,521604,User,1
philip-morning,130693,User,1
soliury,5032079,User,1
tohashi,1400168,User,1
