paulirish,39191,User,420
necolas,239676,User,167
alrra,1223565,User,149
mathiasbynens,81942,User,58
drublic,502487,User,43
roblarsen,361421,User,36
shichuan,153513,User,27
h5bp-bot,8667317,User,26
coliff,1212885,User,18
darktable,585604,User,18
arthurvr,6025224,User,16
greenkeeperio-bot,14790466,User,12
XhmikosR,349621,User,12
mdonoughe,17961,User,11
git2samus,146392,User,10
mikealmond,600744,User,10
JoeMorgan,709375,User,8
jbueza,25766,User,8
mikeescobedo,8575712,User,7
rros,279664,User,6
meleyal,15045,User,6
adeelejaz,200611,User,5
gmoulin,688073,User,5
mattyclarkson,1081113,User,5
WraithKenny,134252,User,5
rigelglen,844778,User,5
kblomqvist,206775,User,4
AD7six,33387,User,3
amilajack,6374832,User,3
jingman,99067,User,3
jamwil,424038,User,3
johnbacon,308588,User,3
jsma,24574,User,3
jonathan-fielding,630034,User,3
marcobiedermann,5244986,User,3
glsee,457429,User,3
brianblakely,401422,User,3
redoPop,109632,User,3
walker,3987,User,3
AlecRust,247634,User,2
ajsb85,663460,User,2
andrewle,95214,User,2
simensen,191200,User,2
bentruyman,85315,User,2
laukstein,183966,User,2
disusered,246254,User,2
devinrhode2,539816,User,2
kirbysayshi,90831,User,2
FagnerMartinsBrack,835857,User,2
Calvein,243189,User,2
gzoller,772873,User,2
martinbalfanz,653763,User,2
Hintzmann,488330,User,2
sigo,321881,User,2
AllThingsSmitty,1682367,User,2
viveleroi,70734,User,2
clarkni5,144497,User,2
philipwalton,326742,User,2
Phize,151619,User,2
QWp6t,2104321,User,2
richardcornish,76278,User,2
robflaherty,159644,User,2
sams,290890,User,2
sirupsen,97400,User,2
rmdort,118231,User,2
daveatnclud,118019,User,2
hzlmn,8246283,User,2
t1st3,1469638,User,2
cvrebert,419884,User,2
philipvonbargen,594622,User,2
rwaldron,27985,User,2
rdeknijf,715538,User,2
slavanga,1077807,User,2
akavlie,306444,User,1
abhinayrathore,2080494,User,1
adamjmcintyre,143652,User,1
addyosmani,110953,User,1
adrienkohlbecker,70469,User,1
afhole,1911055,User,1
alexdunae,15727,User,1
SlexAxton,96554,User,1
alexwhitman,422013,User,1
anzome,862521,User,1
AndrewBrinker,1223605,User,1
anselmh,399345,User,1
antleblanc,428384,User,1
BLooperZ,10459948,User,1
bekapod,1271038,User,1
retlehs,115911,User,1
benoitchantre,1521015,User,1
appleboy,21979,User,1
FlashJunior,58175,User,1
elcuervo,139659,User,1
BrunoDeBarros,5393,User,1
caraya,409841,User,1
claughlin-r7,11389689,User,1
inxilpro,21592,User,1
christianbundy,537700,User,1
chendrix,474000,User,1
mcsheffrey,61091,User,1
coreyward,81224,User,1
damianwajer,8630866,User,1
danielgrippi,136649,User,1
d2s,135053,User,1
crocofdev,785969,User,1
TheLonelyGhost,1276113,User,1
davidmurdoch,187813,User,1
darkwing,46655,User,1
daylerees,207870,User,1
dhaigh,882995,User,1
dgladkov,98132,User,1
drewnoakes,350947,User,1
dustinwhittle,12161,User,1
Danmer,390169,User,1
kikito,63131,User,1
EvgenyOrekhov,8045060,User,1
fliiiix,1682954,User,1
frankpf,796827,User,1
fhemberger,153481,User,1
ffoodd,2890570,User,1
Nettsentrisk,1027492,User,1
grantgeard,1609688,User,1
gg,361604,User,1
gpakosz,553208,User,1
codler,102052,User,1
hkdobrev,506129,User,1
wolfie,41018,User,1
inadarei,30158,User,1
jdreesen,424602,User,1
jakearchibald,93594,User,1
Jakobud,87356,User,1
jtokoph,346225,User,1
jeffgodwyll,3064893,User,1
jphustman,400817,User,1
balchjd,498689,User,1
joemsak,98936,User,1
joeybaker,36662,User,1
joeytrapp,283946,User,1
attebury,149034,User,1
jonathantneal,188426,User,1
josephjaber,447041,User,1
kaelig,85783,User,1
mik-laj,12058428,User,1
karlpcrowley,1267595,User,1
scriptdaemon,1626636,User,1
kevva,709159,User,1
yaykyle,4280,User,1
impressivewebs,558709,User,1
lowellmower,7422555,User,1
lukeb,126996,User,1
ellerbrock,2029255,User,1
Boldewyn,48738,User,1
MarceI,100955,User,1
mosse,1194912,User,1
maoberlehner,6883314,User,1
kvakes,377005,User,1
michaelthorne,2629322,User,1
MichaelvanLaar,311043,User,1
mbengtson,1554068,User,1
mrhyde,1016321,User,1
nicpottier,168067,User,1
nchaves,1181416,User,1
ngryman,892048,User,1
oskarjakiela,537019,User,1
gormus,291025,User,1
patrickkettner,465414,User,1
neave,129713,User,1
pereorga,919779,User,1
petecooper,226578,User,1
beverloo,418835,User,1
phillipalexander,1577682,User,1
pra85,829526,User,1
ProBackup-nl,515451,User,1
robwierzbowski,925735,User,1
Rowno,605501,User,1
lekkerduidelijk,357924,User,1
thatryan,26583,User,1
rdlugosz,402328,User,1
rmsr,118038,User,1
ryanve,949985,User,1
sanand0,63734,User,1
vecdeque,545753,User,1
santry,496,User,1
sjonnet,1002610,User,1
SidRoberts,1364214,User,1
s10wen,1136114,User,1
sindresorhus,170270,User,1
Snugug,377188,User,1
Garowetz,334975,User,1
heff,166,User,1
tralston,348697,User,1
tbassetto,211630,User,1
SimplyThomas,6202961,User,1
tomfuertes,1503991,User,1
smashercosmo,273283,User,1
WaqasIbrahim,12554146,User,1
westonruter,134745,User,1
ymainier,219123,User,1
Zearin,630124,User,1
ashnur,407934,User,1
battaglr,1921409,User,1
callumlocke,250617,User,1
dplesca,463908,User,1
elexx,221837,User,1
gokulkrishh,2944237,User,1
leobetosouza,677848,User,1
localpcguy,593240,User,1
ltodorov,1941826,User,1
mikemorris,1149913,User,1
mikkotikkanen,391263,User,1
paulwithap,2061159,User,1
saharjs,9526295,User,1
simshaun,379519,User,1
timemachine3030,338063,User,1
timmytofu,439208,User,1
toddhgardner,672168,User,1
jina,53273,User,1
