hakimel,629429,User,1496
VonC,79478,User,29
mischah,441011,User,28
lordsutch,2024917,User,16
davidbanham,631832,User,16
aspiers,100738,User,13
owenversteeg,1836017,User,13
rmurphey,58987,User,12
dandv,33569,User,11
bnjmnt4n,813865,User,9
alexbatista,3533037,User,7
asmod3us,450168,User,6
gturri,308601,User,5
burnpanck,1310437,User,5
fabianorosas,5782626,User,5
technicalpickles,159,User,4
webpro,456426,User,4
nschonni,1297909,User,4
tkaczmarzyk,1536390,User,4
XiaomiPatchrom,7390650,User,4
rajgoel,4448455,User,4
jasonkarns,119972,User,3
der-michik,6341204,User,3
oslego,63899,User,3
snowyu,327887,User,3
theone1984,300981,User,3
akiersky,1530504,User,3
danielmitd,217588,User,3
olivierbloch,1271616,User,3
bkimminich,3531020,User,3
mahemoff,55860,User,3
commadelimited,563460,User,3
mralexjuarez,3913032,User,2
amitkot,654041,User,2
adunning,1084407,User,2
Spy-Seth,95120,User,2
bleathem,265649,User,2
iMilnb,1702247,User,2
ericduran,118016,User,2
fghaas,610707,User,2
Frazer,374464,User,2
jdfitzgerald,428818,User,2
jjallaire,104391,User,2
jaberg,171276,User,2
jasonkiss,216879,User,2
jammon,87003,User,2
razor-1,2955084,User,2
kewitz,2119706,User,2
malcomio,428782,User,2
riezebosch,1427334,User,2
maxogden,39759,User,2
michalsmolinski,956688,User,2
mpnkhan,2254656,User,2
nstanger,4316101,User,2
DrBenton,722388,User,2
cfjedimaster,393660,User,2
ricklupton,878794,User,2
russellbeattie,166835,User,2
Timothep,594373,User,2
gilxa1226,1645319,User,2
navateja,1868526,User,2
ob1,811962,User,2
teawithfruit,489877,User,2
christinakayastha,1817295,User,2
ericweikl,497600,User,2
haf,193115,User,2
astone13,9056778,User,1
eightysteele,462255,User,1
adamhepton,736386,User,1
verdurin,12435,User,1
adius,969983,User,1
ainformatico,161387,User,1
borrown,696776,User,1
alexandreleroux,874004,User,1
bobylito,393765,User,1
archive,351045,User,1
aniqah,10856221,User,1
hashar,281689,User,1
MA3STR0,142080,User,1
asmaps,2535908,User,1
raboof,131856,User,1
GuGuss,1927538,User,1
bentsai,228043,User,1
cben,273688,User,1
bchretien,2742231,User,1
appleboy,21979,User,1
bfritscher,338973,User,1
bradgessler,4628,User,1
brandenbyers,7098232,User,1
booi,709595,User,1
brunobord,25185,User,1
ClintH,533348,User,1
catalinbuzoiu,1040758,User,1
chazsolo,5860950,User,1
yourcelf,21318,User,1
fehmer,3728838,User,1
christianp,19513,User,1
craigcitro,468559,User,1
ccortezia,1430769,User,1
daanmichiels,6062329,User,1
gdamjan,81654,User,1
mojavelinux,79351,User,1
callahad,24193,User,1
danielquinn,218205,User,1
danieltdt,161157,User,1
danielwegener,2953619,User,1
danielePala,4144329,User,1
davidjb,1002811,User,1
dhyegofernando,5576007,User,1
dspinellis,1212716,User,1
traff,1814841,User,1
rexxars,48200,User,1
FND,3515,User,1
ffissore,510465,User,1
Fil,7001,User,1
gjmurakami-10gen,1590554,User,1
gre,211411,User,1
gera2ld,3139113,User,1
gouravtiwari,39390,User,1
denehyg,3284107,User,1
Hlynsson,274303,User,1
ismith,172694,User,1
toy,18144,User,1
jmpp,1759179,User,1
Suva,3774498,User,1
mispy,3055384,User,1
jroper,105833,User,1
vertti,557751,User,1
jmdobry,1213510,User,1
bitjson,904007,User,1
frockenstein,13164,User,1
jmikola,244663,User,1
jesstelford,612020,User,1
joelrbrandt,908679,User,1
jhofker,812787,User,1
jish,1817,User,1
kendaleiv,1012917,User,1
kfuglsang,616855,User,1
LaurentTreguier,7602755,User,1
theoreticaLee,591833,User,1
jetzhliu,2369505,User,1
luishgo,41411,User,1
lukekarrys,542108,User,1
lawilliams,248061,User,1
manuelbieh,239546,User,1
marcvangend,315224,User,1
mrshu,461491,User,1
kurtsson,4209063,User,1
MatthewEppelsheimer,1035068,User,1
matthewlein,454758,User,1
sithmel,460811,User,1
mdekstrand,186612,User,1
mikemellor11,6986032,User,1
naugtur,509375,User,1
opdavies,339813,User,1
obilodeau,546325,User,1
PeterDaveHello,3691490,User,1
philipbjorge,918891,User,1
flying-sheep,291575,User,1
pkubowicz,13313417,User,1
prtksxna,9491,User,1
Bramas,835068,User,1
rafops,386854,User,1
rhudea,1336823,User,1
remybach,708296,User,1
gneatgeek,1232730,User,1
0xR,6420016,User,1
seanfisk,410322,User,1
ccqgithub,1654761,User,1
tansengming,14654,User,1
drzax,596563,User,1
Sinetheta,1529452,User,1
spencermathews,1855348,User,1
ziggystar,459632,User,1
tlevine,10280,User,1
tiagorg,764487,User,1
aethanyc,102858,User,1
basecode,143527,User,1
ducin,375027,User,1
tristansokol,867661,User,1
thcipriani,563651,User,1
vicapow,583385,User,1
vincentbernat,631446,User,1
Walther,2943750,User,1
wsmoak,20140,User,1
sloan-848,5807289,User,1
functino,415498,User,1
altryne,463317,User,1
bozor,2324206,User,1
callmephilip,492025,User,1
chadmorrow,15710088,User,1
danse,885935,User,1
gruber76,1123381,User,1
harriha,101693,User,1
jamestwebber,963647,User,1
jzgdev,6233998,User,1
kayakr,208184,User,1
lutangar,568769,User,1
marcysutton,1045233,User,1
miira,727328,User,1
omer727,1544215,User,1
pierreozoux,1863453,User,1
rohithpr,10276811,User,1
tomByrer,1308419,User,1
wtw,419933,User,1
ynonp,128594,User,1
Huxpro,5563315,User,1
