jtangelder,1243901,User,888
arjunkathuria,12858057,User,42
arschmitz,462993,User,25
erwinelling,764178,User,21
runspired,650309,User,18
ppcano,825430,User,14
Aratramba,580312,User,10
michaelpaulson-wf,2197298,User,9
lloiser,3003233,User,9
Stereobit,150493,User,8
danielgruber,1264115,User,6
patrickhlauke,895831,User,5
phated,992373,User,4
AdamDorwart,2080615,User,3
sithmel,460811,User,3
annam,165463,User,3
bumbu,171178,User,3
sculove,1383952,User,3
visiongeist,1744831,User,3
brandonhenricks,1486264,User,2
Duncaen,2813151,User,2
FND,3515,User,2
jaap3,48517,User,2
jantimon,4113649,User,2
jedahan,32407,User,2
lucasgunn,150655,User,2
robharper,900789,User,2
rfuerst87,820622,User,2
stefhatcher,306275,User,2
seutje,150374,User,2
t1st3,1469638,User,2
inorganik,109553,User,2
sedovsek,666767,User,2
AirBorne04,530789,User,1
Prinzhorn,679144,User,1
andywhite37,274734,User,1
BBosman,5115488,User,1
brandonpapworth,1547560,User,1
cesutherland,348406,User,1
cfrank,2308484,User,1
cburgdorf,521109,User,1
cc-lam,439827,User,1
cristiano-belloni,315834,User,1
dallonf,346300,User,1
danro,393520,User,1
anotheredward,228527,User,1
Gottox,1056976,User,1
firede,157338,User,1
frederikbosch,1552577,User,1
fritx,6647633,User,1
grma1,9105402,User,1
hdragomir,98509,User,1
JackCA,296167,User,1
Oberto,1291027,User,1
JimmyBoh,2332163,User,1
Joeao,2255423,User,1
jonathanong,643505,User,1
kara,3871688,User,1
kkirsche,947110,User,1
klundberg,867898,User,1
majesticcpan,1279761,User,1
denchev,1044677,User,1
matthewmueller,170299,User,1
mgbennett,462162,User,1
pdehaan,557895,User,1
raadad,1700570,User,1
njam,360800,User,1
samuelhorwitz,1251501,User,1
schacon,70,User,1
stucox,1165817,User,1
victor-homyakov,121449,User,1
vweevers,3055345,User,1
youvalb,3508295,User,1
zoexi,6275492,User,1
adamvert,1815204,User,1
andreincx,2173776,User,1
antonellopasella,96335,User,1
crazytyper,1025263,User,1
jbrantly,196944,User,1
ohnnyj,1445357,User,1
mixed,22300,User,1
ryan-rowland,5798408,User,1
sellig,1590304,User,1
