bartaz,83575,User,197
FagnerMartinsBrack,835857,User,16
jdalton,4303,User,6
Pierstoval,3369266,User,4
nkbt,175264,User,4
medikoo,122434,User,3
allolex,92831,User,2
buzzedword,334485,User,2
exequiel09,1289472,User,2
mortonfox,495892,User,2
nhodges,371516,User,2
AlecRust,247634,User,1
AlexJeng,4458931,User,1
ateich,4775201,User,1
anjalyes,7643332,User,1
bijanbwb,201320,User,1
whit537,134455,User,1
ChalkPE,9481405,User,1
sukima,70075,User,1
DronRathore,1112049,User,1
maliktunga,6393838,User,1
Haacked,19977,User,1
henrikingo,2482018,User,1
jasondavies,31223,User,1
jenil,971411,User,1
ktagliabue,4111286,User,1
kkirsche,947110,User,1
shama,99604,User,1
OpenGrid,766440,User,1
elopio,617831,User,1
mattlockyer,321340,User,1
akkatracker,2032746,User,1
mattmakai,305282,User,1
Metallion,629110,User,1
naeri-kailash,21360182,User,1
PowerKiKi,72603,User,1
svisser,723226,User,1
thingsinjars,147663,User,1
fulljames,793236,User,1
dolanor,928722,User,1
sylvainw,272723,User,1
deshraj,2945708,User,1
dvdrtrgn,75495,User,1
enedil,5454648,User,1
guoxiao,528318,User,1
lioshi,1125136,User,1
majnun,11594975,User,1
perpi,7093244,User,1
reiz,652130,User,1
romainwurtz,1520893,User,1
