jashkenas,4732,User,1340
braddunbar,11674,User,415
akre54,931368,User,317
jridgewell,112982,User,180
caseywebdev,1181237,User,151
tgriesser,154748,User,91
megawac,3475472,User,57
wyuenho,160028,User,47
captbaritone,162735,User,26
gsamokovarov,604618,User,25
samuelclay,44229,User,24
philfreo,97612,User,20
tbranyen,181635,User,17
thejefflarson,55365,User,15
krawaller,249764,User,14
jdalton,4303,User,11
iros,18690,User,10
craigmichaelmartin,6545515,User,10
PaulUithol,670670,User,9
knowtheory,192,User,9
twobitfool,12453,User,8
derickbailey,75190,User,7
hswolff,322576,User,7
jisaacks,1355481,User,6
JoeGermuska,46313,User,6
sstephenson,2603,User,6
platinumazure,284282,User,6
paulfalgout,2028470,User,6
andrewschaaf,41079,User,5
aterris,38358,User,5
fastest963,112555,User,5
rymohr,730211,User,5
sajibcse68,8726459,User,5
adriaanlabusc,1318838,User,4
gyeates,19592640,User,4
hmil,1753085,User,4
dira,29137,User,4
jasonm,1031,User,4
jmeas,2322305,User,4
fitzgen,74571,User,4
NickStefan,6600333,User,4
paulmillr,574696,User,4
DannyDelott,4524175,User,4
robrobbins,60326,User,4
tamalsaha,94814,User,4
ahumphreys87,2510520,User,3
christopherwright,75171,User,3
davidgtonge,919587,User,3
diegotres,39059,User,3
aeosynth,75317,User,3
jrolfs,288160,User,3
jasondavies,31223,User,3
JasonPunyon,157782,User,3
jeromegn,43325,User,3
johtso,830800,User,3
elgubenis,7453396,User,3
lorensr,251288,User,3
lukeasrodgers,816444,User,3
Ore4444,2034481,User,3
rsim,4736,User,3
tomasztunik,112270,User,3
zyzniewski,1660682,User,3
vlazzle,20597,User,3
afeld,86842,User,3
hshoff,339208,User,3
recurse,351191,User,2
AndrewEastwood,1483306,User,2
asan,154874,User,2
austentalbot,3654181,User,2
r00k,46677,User,2
shiftb,33106,User,2
zamiang,110563,User,2
djbriane,66686,User,2
biversen21,6557287,User,2
brianjscoles,4468832,User,2
wettowelreactor,1234382,User,2
charleswhchan,679475,User,2
chris-baynes,251360,User,2
ckorhonen,39121,User,2
ekratskih,171325,User,2
tmpvar,46673,User,2
emorikawa,489001,User,2
gmac,727224,User,2
HenrikJoreteg,67925,User,2
ianstormtaylor,311752,User,2
Flamefork,20203,User,2
ncr,5796,User,2
jharding,314351,User,2
jsanders,38320,User,2
jdkanani,1692593,User,2
jmm,129203,User,2
jammon,87003,User,2
mrjjwright,4343,User,2
josh,137,User,2
kuychaco,7910250,User,2
keithamus,118266,User,2
leshill,3938,User,2
judofyr,499,User,2
maxkostow,1108746,User,2
morganrallen,22881,User,2
shesek,877904,User,2
ansman,102883,User,2
go-oleg,3344137,User,2
ptn,98363,User,2
hippich,361630,User,2
nervetattoo,45449,User,2
rgieseke,198537,User,2
romamatusevich,1313221,User,2
runemadsen,192021,User,2
spmason,222180,User,2
timcharper,183,User,2
yuku-t,96157,User,2
admangum,218867,User,2
blissdev,3456,User,2
douglascalhoun,989853,User,2
jakemcguire,4267563,User,2
j03w,1011517,User,2
sophietk,1913550,User,2
benatkin,4126,User,2
dcneiner,106974,User,2
felixhorro,1788264,User,2
af,25241,User,1
ahamid,77031,User,1
asgeo1,702212,User,1
adrianblynch,4160967,User,1
aitorciki,428243,User,1
skyksandr,5262979,User,1
lxb,835934,User,1
ajsharp,12774,User,1
CoolGoose,51180,User,1
ogonkov,1091927,User,1
zmack,1037,User,1
suprememoocow,594566,User,1
w0rm,43472,User,1
loc,1815863,User,1
andyw8,13400,User,1
amZotti,5640348,User,1
arianf,7397857,User,1
arturadib,741528,User,1
ashlux,50217,User,1
attilagyorffy,9091,User,1
spicyj,6820,User,1
benmccormick,1899941,User,1
bmaland,2651,User,1
blakeembrey,1088987,User,1
appleboy,21979,User,1
brettgoulder,22752,User,1
brysgo,57716,User,1
carldanley,1470571,User,1
cdavaz,607854,User,1
chrislloyd,718,User,1
bunchesofdonald,354286,User,1
madebyherzblut,97274,User,1
quartzmo,205445,User,1
Crisfole,413237,User,1
clayzermk1,1075015,User,1
corbanbrook,62406,User,1
watilde,1716463,User,1
damienholzapfel,434868,User,1
danielnixon,6418489,User,1
d2s,135053,User,1
skaterdav85,687449,User,1
davidmarble,253443,User,1
davidmurdoch,187813,User,1
devinhunt,216604,User,1
DjebbZ,77278,User,1
mitya777,721277,User,1
JustBlackBird,1167086,User,1
DmitryBaranovskiy,22726,User,1
ewang,124396,User,1
fcsonline,135988,User,1
FishbaitHarry,1315472,User,1
reconbot,25966,User,1
garrettmaring,8270120,User,1
gf3,18397,User,1
gmajoulet,1492044,User,1
hhsnopek,2363940,User,1
hbu50,1133426,User,1
cherouvim,743305,User,1
NotBobTheBuilder,1965587,User,1
jacobbuck,830470,User,1
fat,169705,User,1
jcoglan,9265,User,1
jdudek,189572,User,1
byroot,44640,User,1
jed,4433,User,1
jeffcarbs,847027,User,1
jshen212,13911280,User,1
jerryorr,1598167,User,1
herebefrogs,1383818,User,1
jo,17586,User,1
jbboehr,225601,User,1
somethingkindawierd,107694,User,1
ingermaa,2480559,User,1
jroes,27847,User,1
nullobject,3614,User,1
joshvermaire,786974,User,1
julen,16768,User,1
JustinDrake,731743,User,1
grayrest,32299,User,1
hokaccha,39471,User,1
kkirsche,947110,User,1
kperry42,983573,User,1
kjbekkelund,5259,User,1
KrisJordan,31329,User,1
chaplinkyle,568342,User,1
leebyron,50130,User,1
theoreticaLee,591833,User,1
leods92,879395,User,1
durden,58063,User,1
fantactuka,132642,User,1
mdreizin,279122,User,1
hartzler,412988,User,1
mtodd,182,User,1
msrose,3495264,User,1
ymichael,610102,User,1
mlowicki,97633,User,1
kmike,107893,User,1
mostly-magic,735046,User,1
nhunzaker,590904,User,1
nwwells,1039473,User,1
nhajratw,128128,User,1
nmpolo,1206982,User,1
ngauthier,13654,User,1
nsb,16436,User,1
nb,27954,User,1
odigity,155179,User,1
olanb7,112879,User,1
OCannings,950193,User,1
alonsogarciapablo,390398,User,1
patrickkettner,465414,User,1
gdi2290,1016365,User,1
balloob,1444314,User,1
peterp,44849,User,1
prust,23037,User,1
pra85,829526,User,1
ClimbsRocks,7017045,User,1
RStankov,9867,User,1
zgl2007dj,5294625,User,1
rsofaer,212750,User,1
rnaveiras,5078,User,1
rhencke,178348,User,1
perc-roycetucker,8524108,User,1
roycetucker,2844362,User,1
samuelvogel,710188,User,1
Schlaefer,143224,User,1
sfishel18,294695,User,1
StanAngeloff,93127,User,1
stepantubanov,1050523,User,1
sthomas1618,1004971,User,1
stevecraig,3388843,User,1
sroucheray,169818,User,1
sunkibaek,1668601,User,1
TMaYaD,78673,User,1
fixe,484559,User,1
folded,1087098,User,1
tombell,129327,User,1
wereHamster,34538,User,1
tomascasas,4681970,User,1
trizko,1638381,User,1
TrisMcC,313710,User,1
vanquang9387,7125810,User,1
lautis,19264,User,1
dvv,211335,User,1
darky,1832800,User,1
willmoffat,119835,User,1
williamhc,1755752,User,1
yokangy,4692495,User,1
yousefcisco,734823,User,1
zzmp,5403956,User,1
addyosmani,110953,User,1
alexanderGugel,703628,User,1
eastbayjake,4267853,User,1
emileber,3286135,User,1
zotherstupidguy,10923261,User,1
fancyoung,243587,User,1
ganmor,365810,User,1
jrburke,73359,User,1
jtwb,212901,User,1
jg-rc,4117152,User,1
just-boris,812240,User,1
kalafut,211880,User,1
knowlet,4388697,User,1
kpdecker,196390,User,1
ksladkov,4198660,User,1
kupriyanenko,674983,User,1
lennym,117398,User,1
lifesinger,97227,User,1
marmeladze,15436383,User,1
mieszko4,3238370,User,1
ohbarye,1811616,User,1
rjz,499260,User,1
sam-at-github,3386865,User,1
shidel-dev,5149882,User,1
melnikov-s,3513040,User,1
threepointone,18808,User,1
