jashkenas,4732,User,904
braddunbar,11674,User,174
megawac,3475472,User,170
michaelficarra,218840,User,168
akre54,931368,User,122
captbaritone,162735,User,107
jridgewell,112982,User,75
gyeates,19592640,User,52
jdalton,4303,User,38
davidchambers,210406,User,37
ratbeard,28356,User,22
ryantenney,124015,User,22
mehdishojaei,2007598,User,18
jsoref,2119212,User,9
octatone,492289,User,9
samuelclay,44229,User,7
almost,11125,User,7
iamnoah,139201,User,7
lfac-pt,969146,User,6
mlanza,39192,User,6
liuyl,1261809,User,6
AdamCraven,610638,User,5
caseywebdev,1181237,User,5
hackreactor-students,2849210,User,5
thejameskyle,952783,User,5
jasondavies,31223,User,5
mrocklin,306380,User,4
vincentwoo,613320,User,4
jrburke,73359,User,4
shinuza,137940,User,4
helloenvoy-andrew,8950007,User,3
bnjmnt4n,813865,User,3
Florian-R,1374176,User,3
henryw4k,3743891,User,3
jmrog,8409748,User,3
JensRantil,730342,User,3
kishanov,5998299,User,3
kitcambridge,243830,User,3
spadgos,426222,User,3
rfletcher,39261,User,3
ryanve,949985,User,3
CodeFalling,5436704,User,3
kriskowal,60294,User,3
lifesinger,97227,User,3
melnikov-s,3513040,User,3
smarden1,549155,User,3
wgpsutherland,5879966,User,3
craigmichaelmartin,6545515,User,3
gka,617518,User,3
janraasch,425211,User,3
int3,228496,User,3
coolov,2272019,User,3
paulfalgout,2028470,User,3
sdwebster,8903358,User,3
alanhogan,6808,User,2
Suor,284103,User,2
zertosh,830952,User,2
cobbweb,159373,User,2
ankurp,498669,User,2
brianhaveri,201194,User,2
carltonf,1405740,User,2
dreyacosta,1833123,User,2
mcmire,7371,User,2
chaoflow,89596,User,2
jdelbello,20160730,User,2
jayphelps,762949,User,2
JeffAMcGee,212638,User,2
JonAbrams,1243092,User,2
kevinoid,336433,User,2
malclocke,169126,User,2
mark-rushakoff,290647,User,2
maw,17752,User,2
phadej,51087,User,2
philfreo,97612,User,2
yuchi,646609,User,2
sindresorhus,170270,User,2
stevenharman,48658,User,2
Stuk,48019,User,2
tjbarber,1207371,User,2
TalAter,926653,User,2
tkristiansen,301104,User,2
tonylukasavage,594112,User,2
ahonn,9718515,User,2
bjh,299837,User,2
dmitrygusev,76579,User,2
jtfairbank,529759,User,2
MahmudH,6651749,User,2
marcusphillips,239982,User,2
rck109d,544332,User,2
tnga,12436411,User,2
amZotti,5640348,User,2
aseemk,537838,User,2
BlakeSimpson,861223,User,2
bathos,6257356,User,2
DmitryBaranovskiy,22726,User,2
mattrobenolt,375744,User,2
invalid-email-address,148100,User,2
fakefarm,587705,User,2
coolaj86,122831,User,1
adamnbowen,475879,User,1
scottaj,340152,User,1
albertsun,382862,User,1
acgessler,908209,User,1
albemuth,12791,User,1
amit3vr,13842926,User,1
azicchetti,917189,User,1
alewiscondev,10676007,User,1
subzey,810582,User,1
timaschew,110870,User,1
arianf,7397857,User,1
arlolra,123708,User,1
ben-joostens,1453735,User,1
bcoe,194609,User,1
bkudria,860,User,1
bernard-lin,16327281,User,1
bmaland,2651,User,1
blakeembrey,1088987,User,1
appleboy,21979,User,1
foobarfighter,31485,User,1
brettgoulder,22752,User,1
bryanwoods,18175,User,1
burin,24559,User,1
cbguder,13085,User,1
CatChen,112175,User,1
chris-baynes,251360,User,1
cleishm,79651,User,1
clottes,1322699,User,1
chris-martin,399718,User,1
c089,327199,User,1
colinta,27570,User,1
tillberg,104587,User,1
dannytatom,60604,User,1
skaterdav85,687449,User,1
glasser,16724,User,1
wachunga,438545,User,1
davesque,791437,User,1
deiwin,2261897,User,1
denis-sokolov,113721,User,1
pioneerlike,25500,User,1
dimitriwalters,1796249,User,1
JustBlackBird,1167086,User,1
ded,372683,User,1
lexdene,694227,User,1
mikez302,510781,User,1
emmanne08,1547043,User,1
ewr,204350,User,1
erikbern,1027979,User,1
emorikawa,489001,User,1
skv-headless,1488195,User,1
francois2metz,86659,User,1
gsamokovarov,604618,User,1
jawj,141620,User,1
obmarg,556490,User,1
taiju,95721,User,1
hswolff,322576,User,1
machineloop,3682072,User,1
aeosynth,75317,User,1
jasonLaster,254562,User,1
jed,4433,User,1
banterability,11073,User,1
wyuenho,160028,User,1
joliss,524783,User,1
mrjjwright,4343,User,1
josh,137,User,1
bakkot,1653598,User,1
kkirsche,947110,User,1
kjbekkelund,5259,User,1
kbrainwave,2704087,User,1
shama,99604,User,1
theoreticaLee,591833,User,1
lennym,117398,User,1
lukeasrodgers,816444,User,1
marekventur,158185,User,1
mhansen,105529,User,1
marksanghoonkim,8499015,User,1
markstory,24086,User,1
logicmason,236820,User,1
mjhasbach,1113532,User,1
eins78,134942,User,1
mwilliamson,391876,User,1
gitMbar,6079512,User,1
mikemaccana,172594,User,1
jugglinmike,677252,User,1
mimshwright,141928,User,1
mcbex,2942133,User,1
mislav,887,User,1
shesek,877904,User,1
nhunzaker,590904,User,1
hx,692853,User,1
nickstenning,3602,User,1
ansman,102883,User,1
Shutnik,837039,User,1
nunoarruda,1189149,User,1
Ore4444,2034481,User,1
petejkim,30173,User,1
prust,23037,User,1
rafalchmiel,1687642,User,1
zubairov,56208,User,1
robbiehudson,135847,User,1
robb,212465,User,1
roryokane,79168,User,1
rsml,134487,User,1
unrealsolver,1101771,User,1
russplaysguitar,103853,User,1
tricknotes,290782,User,1
thefourtheye,696611,User,1
sgentle,441426,User,1
wilzbach,4370550,User,1
knowtheory,192,User,1
creationix,89353,User,1
tpgmartin,3996823,User,1
tonythomson,2601859,User,1
vijithassar,3488572,User,1
vhmth,603426,User,1
qivhou,1312845,User,1
vlazzle,20597,User,1
wtokuno,430338,User,1
dxuehu,485316,User,1
npcode,1129852,User,1
zakj,24062,User,1
bdusell,5336190,User,1
danielmbarlow,7119502,User,1
91bananas,1340610,User,1
dragmove,2143773,User,1
fogus,12632,User,1
gfredericks,135443,User,1
gautamjeyaraman,2167789,User,1
guiled,311895,User,1
hanzichi,10890665,User,1
hrj,345879,User,1
ikasumiwt,4006425,User,1
javadev,348496,User,1
kapooostin,467097,User,1
kingdido999,3196372,User,1
kutyel,5127501,User,1
limeblack,372491,User,1
linkkingjay,2505538,User,1
marijaselakovic,7926726,User,1
matildasmeds,13105375,User,1
demohi,1209159,User,1
opensas,481687,User,1
pepkin88,1028647,User,1
rossille,913658,User,1
yangsibai,2907211,User,1
sjpsega,436223,User,1
stonelee,571863,User,1
uzumaxy,3399015,User,1
vaverix,17064868,User,1
modernlegend,2801963,User,1
