jeresig,1615,User,1714
timmywil,192451,User,657
dmethvin,157858,User,579
jzaefferer,52585,User,336
rwaldron,27985,User,315
markelog,945528,User,267
gibson042,1199584,User,259
brandonaaron,13718,User,250
mgol,1758366,User,228
flesler,38258,User,200
mikesherov,364532,User,85
csnover,229244,User,71
davids549,109334,User,67
wycats,4,User,59
gnarf,549355,User,55
louisremi,39374,User,47
jitter,414129,User,35
scottgonzalez,141167,User,34
Krinkle,156867,User,25
rkatic,38577,User,22
danheberden,307962,User,17
jbedard,89246,User,16
azatoth,146477,User,15
cowboy,54051,User,12
kswedberg,3485,User,12
jboesch,46987,User,11
malsup,28185,User,11
elijahmanor,86454,User,10
mathiasbynens,81942,User,9
pbakaus,43004,User,9
sindresorhus,170270,User,9
ajpiano,155599,User,7
ChrisAntaki,1216762,User,7
dcneiner,106974,User,7
gf3,18397,User,7
james-huston,2348596,User,7
rdworth,107824,User,7
stefanpetre,376587,User,7
xavi-,75434,User,7
coreyjewett,12782,User,6
jrburke,73359,User,6
carhartl,21918,User,6
Mr21,850754,User,6
SlexAxton,96554,User,5
aFarkas,188254,User,5
cmcnulty,638534,User,5
dcherman,976608,User,5
all3fox,962850,User,4
irae,98254,User,4
gdrsi,8447830,User,4
justinbmeyer,78602,User,4
araghava,3402304,User,3
petersendidit,52149,User,3
fmarcia,21551,User,3
fracmak,378178,User,3
LeonardoBraga,868676,User,3
ruado1987,748736,User,3
paulirish,39191,User,3
PaulBRamos,1441742,User,3
stevemao,6316590,User,3
nanto,82213,User,3
alexr101,15932709,User,2
ameyms,776678,User,2
anthonyryan1,543852,User,2
anton-ryzhov,556933,User,2
adebree,478872,User,2
arthurvr,6025224,User,2
AurelioDeRosa,1430979,User,2
batiste,66927,User,2
bentruyman,85315,User,2
ctalkington,209757,User,2
ConnorAtherton,3777511,User,2
djanowski,2268,User,2
danielchatfield,1058676,User,2
dgalvez,427843,User,2
davidmurdoch,187813,User,2
datag,149835,User,2
pgilad,4533329,User,2
ikhair,2563837,User,2
MoonScript,1203504,User,2
JessThrysoee,238102,User,2
Queeniebee,1273608,User,2
jonathansampson,815158,User,2
stonelee,571863,User,2
LizaLemons,7459417,User,2
kumarmj,9624553,User,2
farmdawgnation,620189,User,2
FarSeeing,559569,User,2
robmorgan,178939,User,2
tricknotes,290782,User,2
sbisbee,81002,User,2
hasclass,26909,User,2
tjvantoll,544280,User,2
terrycojones,132978,User,2
treyhunner,285352,User,2
antishok,1644031,User,2
victor-homyakov,121449,User,2
ros3cin,1633894,User,2
tomfuertes,1503991,User,2
adamco,1386556,User,1
aakinwunmi,110265,User,1
alexlouden,1332954,User,1
sowcow,1064231,User,1
AlexanderOMara,1740229,User,1
alexisabril,84209,User,1
cobrajs,297238,User,1
amitmerchant1990,3647841,User,1
WebReflection,85749,User,1
aspala,2420034,User,1
amonat,395594,User,1
andrewplummer,74646,User,1
agcolom,688413,User,1
valueof,49106,User,1
NekR,1189265,User,1
campersau,4009570,User,1
mastahyeti,1144197,User,1
benjycui,3580607,User,1
bsorbo,1303027,User,1
berkerpeksag,26338,User,1
rhyzx,1676871,User,1
teabyii,4496552,User,1
bperel,1484692,User,1
CDAGaming,16328918,User,1
callumacrae,472830,User,1
calvinmetcalf,1128607,User,1
carldanley,1470571,User,1
ChadKillingsworth,1247639,User,1
faulkner,22268,User,1
chrisprice,433457,User,1
cvrebert,419884,User,1
ChristianGrete,8916907,User,1
ckosmowski,2411084,User,1
christophetd,136675,User,1
cjqed,3013022,User,1
topaxi,213788,User,1
danielhusar,1857751,User,1
DanielNill,353357,User,1
sciolist,163642,User,1
danilsomsikov,564868,User,1
joyvuu-dave,68452,User,1
davidben,109690,User,1
broder,14093913,User,1
dcorb,881333,User,1
DFoxinator,1854657,User,1
hongymagic,302730,User,1
coopersemantics,841283,User,1
dwilson6,3818527,User,1
dmitrygusev,76579,User,1
mrspeaker,129330,User,1
eddiemonge,127535,User,1
eriklax,275758,User,1
fsateler,1322013,User,1
fortes,5181,User,1
ForbesLindesay,1260646,User,1
fhemberger,153481,User,1
gabrielschulhof,976081,User,1
garysye,8218686,User,1
togakangaroo,66150,User,1
gilmoreorless,159415,User,1
ghazel,31402,User,1
elgreg,40772,User,1
guybedford,598730,User,1
henryw4k,3743891,User,1
iliakan,349336,User,1
isaacs,9287,User,1
jryans,279572,User,1
fat,169705,User,1
jacwright,120294,User,1
netil,2178435,User,1
jakob-stoeck,62809,User,1
deadlyicon,8385,User,1
jasonmerino,1660279,User,1
byroot,44640,User,1
jefferyto,252819,User,1
jdunck,10229,User,1
jha-naman,4410520,User,1
jbruni,69181,User,1
presbrey,133399,User,1
jtrumbull,2381008,User,1
johnhoven,1665783,User,1
johnkpaul,475621,User,1
jdufresne,347634,User,1
evansj,4680,User,1
jonhester,3527123,User,1
zimbatm,3248,User,1
jsoref,2119212,User,1
joshvarner,208414,User,1
64lines,698147,User,1
ufologist,167221,User,1
JustinDrake,731743,User,1
ksieburg,3649593,User,1
dalsgaard,679,User,1
kborchers,282468,User,1
shama,99604,User,1
carpie,569337,User,1
leobalter,301201,User,1
poppinlp,1970625,User,1
lihanli,830084,User,1
morgangraphics,607594,User,1
mgreter,282293,User,1
mlewand,5353898,User,1
jollytoad,71291,User,1
markraddatz,79870,User,1
staabm,120441,User,1
vanderlee,649240,User,1
matthewmueller,170299,User,1
jaggli,152748,User,1
mmonteleone,28032,User,1
murz,142318,User,1
jugglinmike,677252,User,1
mpetrovich,1235062,User,1
mhbseal,3870568,User,1
nazar-pc,928965,User,1
nicolashenry,139160,User,1
NikGovorov,129254,User,1
iamnoah,139201,User,1
nowres,1053679,User,1
pborreli,77759,User,1
pmac,19176817,User,1
foolip,498917,User,1
caillou,46739,User,1
rafbm,166943,User,1
ralinc,10473586,User,1
RedWolves,129322,User,1
reedloden,352251,User,1
richdougherty,14750,User,1
riichard,616976,User,1
rvagg,495647,User,1
rosenfeld,32246,User,1
queequac,1773864,User,1
silverwind,115237,User,1
rjgotten,442808,User,1
ronny-springer,2517233,User,1
ryantenney,124015,User,1
sheppard,1863675,User,1
thegrandpoobah,278023,User,1
SeanHenderson,642109,User,1
upisfree,2557494,User,1
ShashankaNataraj,650317,User,1
shichuan,153513,User,1
shivajivarma,1388742,User,1
Bubbi,863630,User,1
ntwb,1016458,User,1
stevenbenner,141884,User,1
inukshuk,325102,User,1
tj,25254,User,1
todorpr,3307316,User,1
tom--v,345085,User,1
grimalschi,9027592,User,1
vitaliyterziev,7005255,User,1
private-face,456168,User,1
vlazar,7262,User,1
wwalser,51954,User,1
wllm-rbnt,11647900,User,1
winhowes,7106166,User,1
xavierm02,364461,User,1
yiminghe,200876,User,1
mixed,22300,User,1
razic,225005,User,1
zackhall,1725349,User,1
avaly,356100,User,1
cmc3cn,753986,User,1
karan-96,18359820,User,1
njhamann,553340,User,1
temp01,133881,User,1
TechQuery,19969570,User,1
