justjavac,359395,User,517
spacewander,4161644,User,48
hacpai,3353639,User,22
hoosin,3365399,User,19
wizardforcel,5080126,User,17
Rhysn,4651440,User,11
qha0731,4946067,User,8
SDLyu,2996108,User,7
wangminli,5483360,User,7
myd7349,5435649,User,6
chencl,5829574,User,6
lk375273991,8454251,User,6
theJian,9625224,User,5
ReadmeCritic,15367484,User,4
nexcvon,1702313,User,4
skiy,3362147,User,4
howiefh,1058341,User,3
linkgod,1736020,User,3
0532,5317048,User,3
shidephen,10269623,User,3
ywfwj2008,3824330,User,3
L-Jovi,7262199,User,2
dragonhnd,4216808,User,2
geyuxu,1463235,User,2
flyhigher139,1502029,User,2
dyygtfx,3821390,User,2
Liam0205,3348485,User,2
ztmark,5611450,User,2
starit,3467256,User,2
lzufalcon,747136,User,2
dgeibi,2224764,User,2
xuxiaodong,15364,User,2
Xuanwo,5351546,User,2
Mooophy,5942966,User,2
hacke2,6399899,User,2
maguowei,7894483,User,2
wangjiezhe,5236768,User,2
yuluo-ding,9930784,User,2
ksky521,1073262,User,2
Yixiaohan,1506425,User,2
xiaoweiChen,2756670,User,2
cupen,1221615,User,2
AlanViast,9742385,User,1
qddegtya,773248,User,1
hmybmny,18681240,User,1
Hawstein,2238491,User,1
JuanitoFatas,1000669,User,1
2dxgujun,8072733,User,1
kxxoling,1227139,User,1
KevinHu-1024,8946837,User,1
li-xinyang,3349406,User,1
Lich2013,8899911,User,1
dinglixiang,3012999,User,1
mortonfox,495892,User,1
izmntuk,6587906,User,1
ruchee,1149598,User,1
wuzhouhui,9639726,User,1
Binrun,4986549,User,1
zhangtianle,15125211,User,1
waylau,3233966,User,1
awesome-bot,16246887,User,1
biezhi,3849072,User,1
wcpsoft,4352862,User,1
bolasblack,382011,User,1
caimaoy,2977844,User,1
callinglove,8574444,User,1
chancyWu,2450136,User,1
cos800,635184,User,1
feythin,1758752,User,1
yunkaiyueming,7542357,User,1
huguangju,6972433,User,1
humucai,5238990,User,1
hidaris,8336146,User,1
Ljhero,508947,User,1
lkxiaolou,6935924,User,1
ph87,734991,User,1
time-river,11014997,User,1
tsstss123,4815101,User,1
unityoxb,1916544,User,1
vansteki,1705361,User,1
kelubo,5077664,User,1
withwind93,3483707,User,1
woshiwanting,1548872,User,1
wwek,1239403,User,1
wwj718,3153878,User,1
yuche,7202516,User,1
Flowerowl,1586995,User,1
zhou-yg,1230602,User,1
me115,7226606,User,1
lichunqiang,2433916,User,1
jysperm,1191561,User,1
