kenwheeler,286616,User,417
simeydotme,2817396,User,131
leggomuhgreggo,2213636,User,35
cielt,3287153,User,28
SirKnightDragoon,210256,User,17
keeganstreet,513363,User,10
colbyfayock,1045274,User,9
ethanclevenger91,2623646,User,8
gflateman,1820514,User,8
doubleswirve,863571,User,6
flaviocysne,1753417,User,5
wilirius,5685445,User,5
ahmadalfy,87611,User,4
marcellscarlett,2667283,User,4
avr,347482,User,3
mazzaker,14180371,User,3
coliff,1212885,User,3
engelfrost,11315,User,3
natewiley,5630902,User,3
stephenway,38894,User,3
badlamer,1637293,User,3
Narigo,1767865,User,3
fozzleberry,13319908,User,2
andrewicarlson,5479270,User,2
austinpray,2192970,User,2
Kadajski,908738,User,2
bellthoven,38432,User,2
qbunt,187095,User,2
earlyster,813090,User,2
kevindice,5779569,User,2
marcelombc,1358796,User,2
mikedamage,7166,User,2
czajkowski,197684,User,2
pra85,829526,User,2
robharper,900789,User,2
sharshenov,1262244,User,2
sebastiancichos,6421807,User,2
tanmancan,8162990,User,2
cohenudi,1230720,User,2
millien,5214199,User,2
taylorKonigsmark,16637257,User,2
aaronincincy,725314,User,1
AlaaSarhan,1851753,User,1
burgalon,47217,User,1
acritox,402304,User,1
apatterson-ni,8181443,User,1
arm1n,2787041,User,1
kappuccino,1203963,User,1
btpoe,3011873,User,1
briansw,1022172,User,1
carolozar,4807456,User,1
umbrae,285920,User,1
compact,498501,User,1
codfish,1666298,User,1
dfreeman,108688,User,1
dcondrey,2615179,User,1
dnicolson,2276355,User,1
oller,1219831,User,1
zuf,105518,User,1
eirslett,1872593,User,1
elitheeli,127482,User,1
msheakoski,4156,User,1
gennadiylitvinyuk,674894,User,1
gseguin,373923,User,1
Hermanya,2906365,User,1
bapplejax,8877792,User,1
james2doyle,1425304,User,1
jamestenglish,212868,User,1
thejameskyle,952783,User,1
theeluwin,1303549,User,1
jsonau,500567,User,1
deefour,14762,User,1
jimobrien,2935356,User,1
jimredd,8191,User,1
joeholdcroft,2511043,User,1
rubylibre,27422,User,1
LordPachelbel,10157193,User,1
JordanDDisch,4076759,User,1
jlyman,575969,User,1
krzysiek1507,8144559,User,1
limonte,6059356,User,1
Rendez,61776,User,1
luizfonseca,249782,User,1
vanilla-thunder,1874024,User,1
MariusRumpf,2364426,User,1
maxkorz,25089646,User,1
mstaicu,999432,User,1
MSamman,1498908,User,1
msrafi,120628,User,1
MHM5000,2694949,User,1
wolfika,1512067,User,1
nathanhoel,5025854,User,1
nominalaeon,1110469,User,1
ORiON-,6666207,User,1
PaoloFalomo,10535089,User,1
pazaricha,1285305,User,1
petestuart,196270,User,1
peschee,63866,User,1
gmile,207112,User,1
QWp6t,2104321,User,1
rformato,969336,User,1
ricardojr,1238943,User,1
ricardobeat,97396,User,1
robinboehm,820391,User,1
sankaran8,3121794,User,1
fubhy,1172528,User,1
xat,182512,User,1
sbouafif,1279704,User,1
ducdigital,1712140,User,1
tbirdsall,12647745,User,1
ByScripts,19408,User,1
gwagroves,8222012,User,1
AveVlad,2889662,User,1
willthemoor,54206,User,1
alexsomeoddpilot,5588412,User,1
barrypeterson,2830785,User,1
benib,821875,User,1
boynet,1615629,User,1
rhettbarber,206541,User,1
chrigu,63708,User,1
cjbos,2053869,User,1
codekipple,221714,User,1
hidde,178782,User,1
hkrutzer,3464899,User,1
hulufei,261677,User,1
illarionvk,5012724,User,1
j-re,8021638,User,1
nvandamme,201825,User,1
openmarco,14819289,User,1
stefancova,1763386,User,1
tomas-mikelskas,7930426,User,1
corvus-007,8037119,User,1
