mourner,25395,User,3592
IvanSanchez,1125786,User,383
danzel,393086,User,299
yohanboniface,146023,User,206
jfirebaugh,98601,User,116
perliedman,1246614,User,107
jacobtoye,984586,User,53
JasonSanford,220341,User,51
patrickarlt,378557,User,49
nathancahill,1383872,User,45
snkashis,361323,User,45
tmcw,32314,User,43
jieter,1470389,User,34
ghybs,12232803,User,30
hyperknot,494223,User,19
AndriiHeonia,773648,User,16
dravnic,223328,User,13
mortenbekditlevsen,1384769,User,13
leplatrem,546692,User,12
rowanhogan,729085,User,12
Starefossen,968267,User,12
aparshin,448981,User,11
fastrde,1861723,User,11
bennlich,704368,User,11
brunob,418064,User,11
edjafarov,509978,User,10
mattiasb,1341313,User,10
stefanocudini,47107,User,10
Guiswa,464703,User,9
iirvine,2001331,User,9
robpvn,1035195,User,8
fr1n63,381977,User,7
anru,130013,User,7
RLRR,4540062,User,6
yellowiscool,45740,User,6
bozdoz,1410985,User,6
bmcbride,753187,User,6
dagjomar,416408,User,6
domoritz,589034,User,6
ericmmartinez,1697077,User,6
Jakobud,87356,User,6
jwoyame,3616026,User,6
mehmeta,87021,User,6
Mithgol,1088720,User,6
shortspider,5712543,User,6
sheppard,1863675,User,6
trevorpowell,525402,User,6
emartinez-usgs,1726751,User,6
klaftertief,11281,User,6
palewire,9993,User,6
fminuti,1065152,User,6
bbecquet,243653,User,5
fab1an,55547,User,5
MrMufflon,4553186,User,5
filipzava,12759049,User,5
lyzidiamond,2523165,User,5
msaspence,242861,User,5
robertharm,158669,User,5
geographist,18542264,User,5
wpf500,2084823,User,5
frogcat,12029629,User,5
jfgirard,611781,User,5
k4,1461027,User,5
turban,548708,User,5
dvito,1225922,User,5
myshov,2382567,User,5
adimitrov,300693,User,5
mtmail,3727288,User,5
rowanwins,6735870,User,5
w8r,26884,User,5
cfis,18630,User,4
Danielku15,674916,User,4
ErshKUS,873670,User,4
gregallensworth,3117633,User,4
jeffsmale90,6363749,User,4
PowerPan,3910878,User,4
bb-juliogarcia,14297500,User,4
louh,2553268,User,4
neno-giscloud,948756,User,4
stsydow,961256,User,4
rgripper,129794,User,4
bullgare,917091,User,4
oslek,3261459,User,4
gumballhead,2814995,User,4
davidjb,1002811,User,4
Trufi,3996552,User,4
paulovieira,2184309,User,4
aratcliffe,491126,User,3
alejo90,1158694,User,3
nguyenning,1458789,User,3
ardhi,827100,User,3
carljm,61586,User,3
dandv,33569,User,3
davicustodio,1775066,User,3
erictheise,317680,User,3
Zverik,766031,User,3
jseppi,697848,User,3
johtso,830800,User,3
justinmanley,1668487,User,3
kapouer,131406,User,3
kyletolle,260869,User,3
MuellerMatthew,10155680,User,3
lonelyelk,20437,User,3
codeofsumit,2399810,User,3
torfsen,2877717,User,3
waldyrious,478237,User,3
Wildhoney,1528477,User,3
cebence,3540490,User,3
florianf,396450,User,3
jerel,322706,User,3
mattesCZ,3062887,User,3
moklick,2857535,User,3
TolonUK,3072647,User,3
brendan-ward,3375604,User,3
CodeJosch,925017,User,3
ismyrnow,1127410,User,3
mejackreed,1656824,User,3
manubb,5610287,User,3
utahemre,14270805,User,3
olegsmetanin,1488702,User,3
atogle,446930,User,2
albburtsev,576455,User,2
mad-gooze,1188779,User,2
ajbeaven,657201,User,2
korzhyk,1100134,User,2
tohaocean,2014268,User,2
austentalbot,3654181,User,2
bb-generation,499123,User,2
brianherbert,106068,User,2
bsstoner,126358,User,2
calvinmetcalf,1128607,User,2
chriscalip,479454,User,2
cschwarz,717934,User,2
tjoekbezoer,494128,User,2
dpiccone,1982461,User,2
SniperSister,498096,User,2
edgardmessias,1530997,User,2
eddies,149985,User,2
emikhalev,2206689,User,2
glenrobertson,379485,User,2
grantHarris,1750776,User,2
gmaclennan,290457,User,2
ggolikov,17549928,User,2
glathoud,2437470,User,2
hnrchrdl,8322163,User,2
JackDougherty,649719,User,2
jakubdostal,7631584,User,2
jjimenezshaw,15678366,User,2
jkuebart,24879979,User,2
ja437,1395438,User,2
Jmuccigr,615115,User,2
lookfirst,85355,User,2
heyman,54217,User,2
jderrough,1108358,User,2
skeate,387382,User,2
jgerigmeyer,552316,User,2
juliensoret,9967599,User,2
k-nut,1096357,User,2
urbaniak,25346,User,2
lwsu,6220076,User,2
luiscamachopt,3224198,User,2
tyrasd,1927298,User,2
unbam,16283613,User,2
akkatracker,2032746,User,2
mstahv,1478052,User,2
elesdoar,3817595,User,2
miguelcobain,631691,User,2
axefrog,298883,User,2
nrenner,1092030,User,2
sxua,375762,User,2
oskosk,746152,User,2
pra85,829526,User,2
rheh,1724245,User,2
n0nick,206795,User,2
samatjain,33427,User,2
stuartmatthews,19723455,User,2
Sylvenas,10754058,User,2
thachhoang,1286583,User,2
Timmmm,376842,User,2
Turbo87,141300,User,2
tomhughes,147741,User,2
Saulzi,8643189,User,2
Xelio,2596446,User,2
antonj,378590,User,2
dwilhelm89,1424069,User,2
ericdahl,4712580,User,2
ewoken,8919530,User,2
francis-liberty,594202,User,2
geoloep,22174708,User,2
ilfa,1009415,User,2
jgravois,3011734,User,2
kdeloach,43062,User,2
kuzkok,829195,User,2
vingiarrusso,4361490,User,2
cmulders,8112493,User,2
Lambdac0re,11350544,User,2
lvoogdt,168357,User,2
LucasMouraDeOliveira,10498188,User,2
mvl22,361423,User,2
mattcurrie,455505,User,2
ppete2,22689568,User,2
8to5Developer,19365046,User,1
aaronlidman,58878,User,1
ughitsaaron,5301535,User,1
gamb,293586,User,1
abenrob,3422185,User,1
alanshaw,152863,User,1
ashmigelski,4904519,User,1
aebadirad,2173410,User,1
AlexJeng,4458931,User,1
escaped,318650,User,1
knabar,197099,User,1
ablakey,9021944,User,1
andrewharvey,117278,User,1
theashyster,18593807,User,1
balrog-kun,387877,User,1
chosak,654645,User,1
ansis,1421652,User,1
naomap,6516063,User,1
atd-schubert,3003802,User,1
atlefren,1829927,User,1
jihdeh,9106864,User,1
BakuCity,3093961,User,1
bclinkinbeard,140343,User,1
bencevans,638535,User,1
BenjaminVadant,4128128,User,1
bertspaan,1194896,User,1
bevanhunt,892404,User,1
bielfrontera,2402407,User,1
newmanw,3382274,User,1
BjoernSchilberg,2050385,User,1
olee,6547794,User,1
TrySound,5635476,User,1
aceiii,1176065,User,1
Kayoku,14290069,User,1
radicalbiscuit,619776,User,1
Brikky,13521887,User,1
brandonxiang,12969424,User,1
bcamper,16733,User,1
brianreavis,118480,User,1
Brobin,6194619,User,1
brunolellis,491837,User,1
zedd45,546437,User,1
cmoad,581272,User,1
cmlaidlaw,3490082,User,1
chriswhong,1833820,User,1
williamscs,1476137,User,1
fabrik42,223822,User,1
tofferrosen,877507,User,1
icetan,839982,User,1
CloudNiner,1818302,User,1
colbin8r,394960,User,1
craigbarnes,494077,User,1
damianmoore,715131,User,1
DamonOehlman,609693,User,1
danielbarela,1648929,User,1
atstp,5891072,User,1
daniellsu,5347452,User,1
namrehs,11297355,User,1
daturkel,1828387,User,1
dpeukert,3451904,User,1
dr-itz,400625,User,1
danydev,2708453,User,1
DavidUv,1426798,User,1
DenisCarriere,550895,User,1
dianjin,7786116,User,1
Didji,1787048,User,1
Otouto,1306915,User,1
katosh,4857068,User,1
anotheredward,228527,User,1
Eschon,11647830,User,1
elrobis,1727693,User,1
ebertin,4749246,User,1
ebrelsford,375002,User,1
Ernie23,5499652,User,1
faheel,11466676,User,1
fdlk,1523838,User,1
flaviocarmo,5099001,User,1
tagliala,556268,User,1
gvangool,29039,User,1
gherardovarando,12700319,User,1
paulgreg,250740,User,1
TeXitoi,5787066,User,1
snc,216730,User,1
hagai26,3369075,User,1
Igor-Vladyka,5400062,User,1
vassilevsky,252023,User,1
ibesora,2301378,User,1
mithron,1053389,User,1
joker-x,1895563,User,1
BKGiser,10239132,User,1
jwasilgeo,4933392,User,1
openfirmware,68210,User,1
kekscom,1887727,User,1
optical,767001,User,1
longenecker79,11036545,User,1
jasondavies,31223,User,1
jayvarner,24685,User,1
jefbarn,8163048,User,1
uberJeremy,4630819,User,1
jblarsen,5125050,User,1
jimmytidey,466068,User,1
jonshutt,1441033,User,1
JonasDralle,6533815,User,1
JrFolk,3434590,User,1
joukewitteveen,881703,User,1
jtreml,252217,User,1
justinwp,3392975,User,1
jwalgran,17363,User,1
joergdietrich,1462921,User,1
karlnack,412354,User,1
ka7eh,4112646,User,1
kshepard,6386,User,1
yakitoritabetai,19608566,User,1
KMahoney,70707,User,1
xEviL,4267755,User,1
Lapizistik,3727545,User,1
kklimczak,13320271,User,1
Koc,191082,User,1
foodtruckfiesta,1435419,User,1
landonreed,2370911,User,1
diedsmiling,1911142,User,1
Resonance1584,1177082,User,1
muloka,256166,User,1
M165437,711773,User,1
MGMsystems,4438834,User,1
zemadz,1178146,User,1
mahmoodvcs,3153437,User,1
Majiir,963511,User,1
mlegenhausen,424493,User,1
jmlopez-rod,1810397,User,1
theotow,1653638,User,1
marcjansen,227934,User,1
MarcChasse,6767724,User,1
marphi,57309,User,1
topicus,381224,User,1
malept,11417,User,1
anetz89,10548422,User,1
matlads,507861,User,1
MartinDelille,879889,User,1
computerlove,769579,User,1
massic80,6404170,User,1
hiasinho,489088,User,1
MatthewBarker,3470074,User,1
mattgrande,925945,User,1
maxogden,39759,User,1
maximeh,323934,User,1
MaximeOpsommer,9254739,User,1
mpetazzoni,879507,User,1
maydemirx,809294,User,1
stuporglue,16576,User,1
Twista,1297511,User,1
simison,87168,User,1
mikeotoole,999934,User,1
mikhailshilkov,1454008,User,1
mikolajgrajek,1298911,User,1
Mirodil,1898801,User,1
Miroff,237006,User,1
miroslavraska,7573742,User,1
mitchless,638753,User,1
mortonfox,495892,User,1
NathanMarq,1334750,User,1
hallahan,556367,User,1
nikolai-b,6289830,User,1
rassie,23448,User,1
veltman,2120446,User,1
OleLaursen,220562,User,1
oliverheilig,958768,User,1
oliverroick,159510,User,1
zvaraondrej,1933198,User,1
OriginalSin,743442,User,1
orta,49038,User,1
alonsogarciapablo,390398,User,1
panur,16365157,User,1
pborreli,77759,User,1
ppaskaris,509992,User,1
paulRbr,904193,User,1
pagameba,249841,User,1
naehrstoff,10811,User,1
meetar,459970,User,1
pvhee,119355,User,1
pwilczynski,833760,User,1
Lekensteyn,164530,User,1
pdehaan,557895,User,1
philippelatulippe,188527,User,1
phillipadsmith,34128,User,1
RayBB,921217,User,1
errebenito,13404304,User,1
batje,547014,User,1
systemed,694425,User,1
RichardLitt,910753,User,1
rickharris,216355,User,1
RickMohr,2162993,User,1
rikvanmechelen,1012314,User,1
Mr0grog,74178,User,1
robbiet480,18516,User,1
rvanbaalen,220637,User,1
rubenspgcavalcante,739913,User,1
russelldavis,551404,User,1
Savvkin,740729,User,1
stdavis,1326248,User,1
slara,585824,User,1
Ralf8686,5983693,User,1
tontita,5027435,User,1
serdarkacka,6783071,User,1
SVoyt,3267415,User,1
simon04,782446,User,1
guptaso2,1268727,User,1
StephanGeorg,7861660,User,1
astv99,5325089,User,1
stephank,89950,User,1
