jdalton,4303,User,6703
jashkenas,4732,User,423
falsyvalues,1199350,User,64
greenkeeperio-bot,14790466,User,46
bnjmnt4n,813865,User,38
kitcambridge,243830,User,35
braddunbar,11674,User,24
ratbeard,28356,User,22
ryantenney,124015,User,22
jfmengels,3869412,User,18
megawac,3475472,User,18
mathiasbynens,81942,User,10
phated,992373,User,9
octatone,492289,User,9
jridgewell,112982,User,7
samuelclay,44229,User,7
iamnoah,139201,User,7
michaelficarra,218840,User,7
rheh,1724245,User,6
AdamCraven,610638,User,5
danallison,1024860,User,5
danheberden,307962,User,5
FilipZawada,1159454,User,5
jasondavies,31223,User,5
octref,4033249,User,5
pimterry,1526883,User,5
billyjanitsch,1158733,User,4
dr-skot,1834560,User,4
shinuza,137940,User,4
tomByrer,1308419,User,4
danjm,7499938,User,3
thejameskyle,952783,User,3
captbaritone,162735,User,3
kishanov,5998299,User,3
rfletcher,39261,User,3
102,5839225,User,3
jrburke,73359,User,3
kriskowal,60294,User,3
lifesinger,97227,User,3
craigmichaelmartin,6545515,User,3
kentcdodds,1500684,User,3
qsona,1625314,User,3
alanhogan,6808,User,2
beaugunderson,61791,User,2
islemaster,1615761,User,2
brianhaveri,201194,User,2
davidmurdoch,187813,User,2
Delapouite,39315,User,2
mcmire,7371,User,2
epeli,225712,User,2
chaoflow,89596,User,2
aretecode,4022631,User,2
janraasch,425211,User,2
jayphelps,762949,User,2
JeffAMcGee,212638,User,2
jpiccari,768990,User,2
mc10,1146876,User,2
malclocke,169126,User,2
mark-rushakoff,290647,User,2
maw,17752,User,2
yuchi,646609,User,2
steelsojka,2062154,User,2
Stuk,48019,User,2
terinjokes,273509,User,2
tonylukasavage,594112,User,2
bjh,299837,User,2
h7lin,3656782,User,2
think2011,3961388,User,2
aseemk,537838,User,2
DmitryBaranovskiy,22726,User,2
coolaj86,122831,User,1
ajgreenb,8922554,User,1
ahamid,77031,User,1
abhas9,3436431,User,1
aguspina,4105740,User,1
alexeld,226471,User,1
realdubb,7377707,User,1
aearly,558190,User,1
albemuth,12791,User,1
oakfang,3372607,User,1
andersonaguiar,491544,User,1
azicchetti,917189,User,1
ajoslin,1265995,User,1
arendjr,533294,User,1
arlolra,123708,User,1
armaanahluwalia,322991,User,1
ArturBaybulatov,3109399,User,1
austinpray,2192970,User,1
avivr,7034094,User,1
bezoerb,1697800,User,1
bsonntag,6205451,User,1
bkudria,860,User,1
bertyhell,1710840,User,1
bitdeli-chef,3092978,User,1
bjarneo,1419214,User,1
aeons,1432894,User,1
foobarfighter,31485,User,1
brandonhorst,1938545,User,1
bman654,541772,User,1
breck7,74692,User,1
wavebeem,176815,User,1
bryanwoods,18175,User,1
CatChen,112175,User,1
merriam,159998,User,1
chris-baynes,251360,User,1
chrishiestand,100825,User,1
cleishm,79651,User,1
boneskull,924465,User,1
iblamefish,74027,User,1
dcorb,881333,User,1
J3remyD,13484476,User,1
justsml,397632,User,1
tillberg,104587,User,1
dannyfallon,1104475,User,1
dannytatom,60604,User,1
dmethvin,157858,User,1
davewasmer,707213,User,1
wachunga,438545,User,1
nullvariable,171515,User,1
Droogans,1214609,User,1
ded,372683,User,1
rexxars,48200,User,1
evgenyboxer,254095,User,1
fdegiuli,928801,User,1
ooflorent,168498,User,1
francisdb,161305,User,1
thorn0,94334,User,1
gyeates,19592640,User,1
hzamani,397413,User,1
hankhero,20958,User,1
hargasinski,7647696,User,1
chrootsu,6865071,User,1
iemejia,79476,User,1
VanTanev,202527,User,1
jisaacks,1355481,User,1
James-Dunn,4400185,User,1
jasnell,439929,User,1
jarrettmeyer,135242,User,1
jasonkarns,119972,User,1
jjt,399469,User,1
jed,4433,User,1
jhen0409,3001525,User,1
joliss,524783,User,1
hansman,1696885,User,1
johannes-scharlach,5310458,User,1
mrjjwright,4343,User,1
jsoref,2119212,User,1
josh,137,User,1
julianocomg,7483557,User,1
jure,238667,User,1
kkirsche,947110,User,1
kborchers,282468,User,1
ignu,40636,User,1
protron,465963,User,1
MarkPollmann,5286559,User,1
markstos,25829,User,1
Mathius17,6528566,User,1
maxbucknell,1707318,User,1
MaxPRafferty,1894398,User,1
mzgoddard,833298,User,1
LeekAnarchism,13355807,User,1
msmorgan,94825,User,1
mwilliamson,391876,User,1
jugglinmike,677252,User,1
mzdv,3672855,User,1
miromannino,160922,User,1
mislav,887,User,1
onumossn,12261843,User,1
mohsen1,543633,User,1
MylesBorins,498775,User,1
nacmartin,154258,User,1
shesek,877904,User,1
nbellowe,6980698,User,1
nthtran,1214699,User,1
hx,692853,User,1
Widdershin,398365,User,1
nickstenning,3602,User,1
naholyr,214067,User,1
iamolivinius,832245,User,1
lovasoa,552629,User,1
Victorystick,703602,User,1
paulmillr,574696,User,1
petejkim,30173,User,1
PhiLhoSoft,1087902,User,1
phillipalexander,1577682,User,1
prtksxna,9491,User,1
pra85,829526,User,1
rhys-vdw,822105,User,1
gibson042,1199584,User,1
rtstewart,9679820,User,1
ryanramage,795834,User,1
ryanve,949985,User,1
tricknotes,290782,User,1
sgentle,441426,User,1
daedalus28,1043503,User,1
sankargorthi,924700,User,1
sindresorhus,170270,User,1
stereokai,2685357,User,1
heff,166,User,1
StreetStrider,2124761,User,1
soygul,617171,User,1
reggi,296798,User,1
lslah,340100,User,1
fixe,484559,User,1
creationix,89353,User,1
forkfork,1627685,User,1
timruffles,249800,User,1
trvra,2667129,User,1
trevhud,2774523,User,1
TuckerWhitehouse,360595,User,1
tgrrtt,784903,User,1
vlazzle,20597,User,1
Y-Less,991078,User,1
npcode,1129852,User,1
zackhall,1725349,User,1
zakj,24062,User,1
zakrid,11602629,User,1
drewish,68750,User,1
b3nj4m,104899,User,1
bryce-gibson,7877411,User,1
ecmadao,10706318,User,1
flyyang,3912408,User,1
gfredericks,135443,User,1
jrajav,2074135,User,1
kapooostin,467097,User,1
laispace,2217416,User,1
libreninja,447434,User,1
limeblack,372491,User,1
pistacchio,192145,User,1
robertmesserle,571363,User,1
sfinktah,4650770,User,1
invalid-email-address,148100,User,1
thirdcreed,1128446,User,1
wikibootup,6479173,User,1
xixilive,715278,User,1
MingYinLv,17608593,User,1
