glasser,16724,User,3659
benjamn,5750,User,2191
dgreensp,155814,User,1977
Slava,2608446,User,1533
stubailo,448783,User,1319
avital,37586,User,1097
n1mmy,284356,User,1054
gschmidt,143488,User,614
ekatek,5854061,User,565
martijnwalraven,54485,User,354
justinsb,100893,User,342
abernix,841294,User,335
tmeasday,132554,User,302
arbesfeld,2458431,User,223
awwx,143754,User,131
debergalis,204768,User,130
mitar,585279,User,89
hwillson,137740,User,83
zol,81672,User,62
laosb,2545261,User,60
anubhav94,3237064,User,52
sebakerckhof,88471,User,44
timhaines,19700,User,43
possibilities,502777,User,37
mquandalle,1730702,User,36
dandv,33569,User,32
zimme,1215414,User,31
yyx990803,499550,User,26
dr-dimitru,1686778,User,23
nathan-muir,3112329,User,22
html5cat,823890,User,19
copleykj,1511556,User,18
GeoffreyBooth,456802,User,18
Fabs,10524,User,14
Primigenus,134624,User,14
RobertLowe,601141,User,13
gchpaco,17789,User,13
dburles,319567,User,11
zealoushacker,346275,User,10
trusktr,297678,User,10
mpowaga,180248,User,10
klaussner,1312807,User,10
wojtkowiak,8668306,User,9
edemaine,2218736,User,9
aldeed,3012067,User,9
c9s,50894,User,9
estark37,602511,User,8
mariapacana,131715,User,8
meonkeys,50639,User,7
fivethirty,479522,User,7
brettle,118192,User,6
DenisGorbachev,829578,User,6
TomFreudenberg,410087,User,6
mizzao,2080084,User,6
queso,106,User,6
jonathanKingston,338988,User,6
kevee,270536,User,6
clarete,1459190,User,6
OleksandrChekhovskyi,11211653,User,6
robertpitt,567579,User,6
choyweston,384606,User,6
raix,1136718,User,6
Ed-von-Schleck,210562,User,5
dotansimha,3680083,User,5
emgee3,871917,User,5
marcandre,33770,User,5
rdickert,273805,User,5
rgoomar,1437754,User,5
pradel,5749437,User,5
sedouard,3053263,User,5
realyze,596749,User,5
lucfranken,1609379,User,5
mbrobbel,5501570,User,5
stevenhao,1988030,User,5
M4v3R,1614514,User,5
MasterAM,226666,User,4
bradens,727605,User,4
carlosbaraza,1270425,User,4
elie222,3090527,User,4
Cangit,1426157,User,4
gsuess,1558575,User,4
netanelgilad,3474905,User,4
rissem,138143,User,4
jagill,495664,User,4
veered,247408,User,4
sethmurphy18,3085408,User,4
theadactyl,6440149,User,4
brucejo75,14342237,User,4
mutdmour,4711238,User,4
ryneeverett,3280280,User,4
skirunman,3936669,User,4
Siilwyn,5701149,User,4
jperl,1136652,User,4
mhidou,4815982,User,4
audreyr,74739,User,3
spang,48515,User,3
dferber90,1765075,User,3
Tarang,1616628,User,3
ecwyne,5205440,User,3
felixrabe,400795,User,3
jacott,94888,User,3
murillo128,1070835,User,3
rzymek,3514991,User,3
sdarnell,3684334,User,3
subhog,1041199,User,3
engelgabriel,1000217,User,3
grsabreu,1283200,User,3
gadicc,381978,User,3
ocdtrekkie,4399499,User,3
Sanjo,727955,User,3
waitingcheung,2617118,User,3
lieuwex,6019113,User,3
lorensr,251288,User,3
karayu,639792,User,3
nuvipannu,6543829,User,3
pmoons,7441650,User,3
koszta,1254054,User,3
robfallows,6086035,User,3
Sarah-Alsinan,11335187,User,3
zhangcheng,189283,User,3
andreas-karlsson,483975,User,3
dhrubins,5916119,User,3
mjmasn,2977095,User,3
zhenyasav,3398896,User,3
ahmedhagii,4474466,User,2
Akarshit,7762605,User,2
jedwards1211,1448194,User,2
atd,26228,User,2
bchelli,1065245,User,2
birkskyum,4450365,User,2
TechplexEngineer,175873,User,2
bminer,73755,User,2
bobbywarner,554961,User,2
bradvogel,821706,User,2
bpartridge,20748,User,2
brianlukoff,518013,User,2
DAB0mB,7648874,User,2
theosp,207494,User,2
Nostraa,1237929,User,2
horner,6094599,User,2
AlexeyMK,268126,User,2
JamesLefrere,5450382,User,2
LyuGGang,5120987,User,2
apendua,1971195,User,2
benweissmann,207390,User,2
bwhitty,1571966,User,2
cryptoquick,285690,User,2
fay-jai,2865947,User,2
graemian,1449914,User,2
jakozaur,972989,User,2
kevinchiu,2712,User,2
matteodem,1301147,User,2
meawoppl,579782,User,2
musically-ut,502876,User,2
ogourment,764285,User,2
omeid,1453118,User,2
ChangJoo-Park,1451365,User,2
pscanf,3725458,User,2
rbabayoff,3960877,User,2
rcy,100621,User,2
twhy,7459812,User,2
wulfmeister,6174700,User,2
jshimko,3077956,User,2
phocks,437566,User,2
nlhuykhang,5612081,User,2
75lb,1247980,User,2
marceloschmidt,1986378,User,2
jamiter,1563874,User,2
milesmatthias,600638,User,2
pmark,6699,User,2
npvn,5188806,User,2
rasmuserik,496937,User,2
skagedal,1271422,User,2
s7dhansh,706996,User,2
TrevorBurnham,224895,User,2
ayal,121446,User,2
dolgarev,470928,User,2
mbrookes,357702,User,2
okland,1032524,User,2
paulincai,26188915,User,2
zyzo,6483446,User,2
alanning,749324,User,2
lassombra,9147901,User,2
DanielDent,291138,User,2
kentonv,4001805,User,2
mattmccutchen,8885753,User,2
maxnowack,186073,User,2
xenolf,578256,User,2
adhearn,2402235,User,1
alex-seville,1172331,User,1
alextaaa,6726369,User,1
AlexanderS,149450,User,1
bramp,160627,User,1
aericson,692542,User,1
aramk,574282,User,1
isabellatea,12562878,User,1
eXon,280982,User,1
btipling,249641,User,1
SylvainBigonneau,3440721,User,1
carterchung,8279692,User,1
cedla,13350751,User,1
devgrok,7033060,User,1
cherbst,632391,User,1
DrDanRyan,2340323,User,1
danawoodman,157695,User,1
davidworkman9,1152186,User,1
workmad3,162987,User,1
deanius,24406,User,1
Davidyuk,9007851,User,1
Dev1an,3158324,User,1
akvadrako,184545,User,1
striezel,20865852,User,1
edward,325,User,1
idlewinn,25049186,User,1
skeggse,1348991,User,1
welelay,11443077,User,1
ericterpstra,605018,User,1
egtann,577672,User,1
edull24,2624149,User,1
emars,2652674,User,1
evliu,1699644,User,1
fabienb4,8208974,User,1
reel,766170,User,1
account-archived-0,10269911,User,1
DanielDornhardt,3845924,User,1
FooBarWidget,819,User,1
FredericoC,1967784,User,1
Gaelan,4495750,User,1
Imti,1896854,User,1
Maxhodges,957271,User,1
MaximDubrovin,5979690,User,1
Neftedollar,1009015,User,1
OyoKooN,55738,User,1
Pent,226233,User,1
PooMaster,5194525,User,1
RichardLitt,910753,User,1
Urigo,1297448,User,1
adnissen,463495,User,1
andylash,1934190,User,1
ansman,102883,User,1
anstarovoyt,1753282,User,1
awatson1978,675910,User,1
babenzele,3578574,User,1
chrisbridgett,2102358,User,1
christianbundy,537700,User,1
codeinthehole,80975,User,1
colllin,185923,User,1
d4nyll,9997953,User,1
ducdigital,1712140,User,1
kaizensoze,218869,User,1
jbruni,69181,User,1
jfhamlin,375864,User,1
knownasilya,34726,User,1
mart-jansink,4381258,User,1
michaelbishop,732625,User,1
ograycode,1228915,User,1
paulswartz,214921,User,1
physiocoder,3730813,User,1
prapicault,202544,User,1
rgould,82154,User,1
richguan,5855323,User,1
rick-golden-healthagen,5349226,User,1
rjakobsson,34001,User,1
rosh93,3818834,User,1
ryw,4283,User,1
svda,326475,User,1
tbjers,1117052,User,1
thatneat,3341011,User,1
timoabend,6264728,User,1
waitingkuo,1100923,User,1
yauh,861198,User,1
yeputons,1297325,User,1
cldwalker,11994,User,1
gsabran,4228246,User,1
kiba,12191,User,1
hasantayyar,88295,User,1
heikki,82735,User,1
hjst,330804,User,1
Hongbo-Miao,3375461,User,1
IeuanG,6832281,User,1
arggh,17210302,User,1
ibash,204566,User,1
aquator,757634,User,1
jdivy,3937510,User,1
jamesmillerburgess,15968012,User,1
jmhredsox,1524568,User,1
JamesMGreene,417751,User,1
jamielob,7291184,User,1
jamgold,599219,User,1
JasonGiedymin,255867,User,1
jparyani,1595880,User,1
JesperWe,1643015,User,1
johnthepink,816517,User,1
joshmcarthur,292020,User,1
cwohlman,4643896,User,1
jwulf,406975,User,1
kevinxucs,1533879,User,1
shama,99604,User,1
acidsound,623157,User,1
LewisW,17803,User,1
crunchie84,570645,User,1
martin-naumann,1662343,User,1
MichelFloyd,7576928,User,1
servel333,1102145,User,1
patmoore,63212,User,1
peterchoo,5271469,User,1
pra85,829526,User,1
ramezrafla,1903864,User,1
Rhywden,84586,User,1
RickvdP,1748084,User,1
rodrigopalhares,1131748,User,1
SachaG,358832,User,1
ffxsam,12532733,User,1
skalb,262745,User,1
ScaY,7600006,User,1
ScottBrenner,416477,User,1
reustle,304560,User,1
skishore,623824,User,1
schmidsi,103280,User,1
skaag,169619,User,1
clothiersphere,7027517,User,1
sprohaska,217580,User,1
johnston,6333,User,1
tarunbatra,5329230,User,1
TomWij,1454358,User,1
vjau,5278429,User,1
warrenseine,539804,User,1
gnuwilliam,535794,User,1
wbzyl,8049,User,1
WooGenius,3888608,User,1
workflow,1276854,User,1
yanivoliver,9164699,User,1
zacharydenton,310773,User,1
chemicstry,326232,User,1
domq,1629585,User,1
gsaynac,6241539,User,1
gwendall,329887,User,1
joshrtay,132602,User,1
lvbreda,1587766,User,1
maersu,323660,User,1
martijndeh,178230,User,1
adams,2007502,User,1
nagelflorian,7649376,User,1
nick-gudumac,9248127,User,1
ksepehri,10479194,User,1
nwmartin,1280715,User,1
ozsay,3464930,User,1
phillc,15082,User,1
Rebolon,1201755,User,1
krazyeom,442477,User,1
tcastelli,3498481,User,1
vix3,25648157,User,1
zicai,2225683,User,1
ziedmahdi,5032634,User,1
