paulirish,39191,User,605
patrickkettner,465414,User,486
SlexAxton,96554,User,197
ryanseddon,143402,User,139
stucox,1165817,User,103
greenkeeperio-bot,14790466,User,96
aFarkas,188254,User,38
KuraFire,33087,User,34
rupl,254753,User,32
seutje,150374,User,20
alrra,1223565,User,18
doctyper,6960,User,17
addyosmani,110953,User,17
mathiasbynens,81942,User,14
jokeyrhyme,479816,User,14
nschonni,1297909,User,13
emilchristensen,575486,User,11
cowboy,54051,User,10
zhorvath,121355,User,10
ryanve,949985,User,9
danbeam,251287,User,7
hay,129681,User,7
thvd,973711,User,7
fearphage,23887,User,7
ebidel,238208,User,6
josh,137,User,6
pdokas,190134,User,6
vpegado,1397060,User,6
davidmurdoch,187813,User,5
mibalan,1461125,User,5
glsee,457429,User,5
ZeeDev,4069900,User,5
helgri,376810,User,5
triblondon,1735391,User,5
roblarsen,361421,User,5
devongovett,19409,User,4
robwierzbowski,925735,User,4
Rowno,605501,User,4
sindresorhus,170270,User,4
anenviousguest,8439575,User,4
ausi,367169,User,4
heeton,7713,User,3
AmazingJaze,6732159,User,3
danielchatfield,1058676,User,3
Calvein,243189,User,3
niksy,389286,User,3
jreading,301830,User,3
jussi-kalliokoski,547186,User,3
Wilto,439942,User,3
mikesherov,364532,User,3
psayre-sc,1202967,User,3
peterjanes,193948,User,3
rodneyrehm,186837,User,3
slavanga,1077807,User,3
StefanWallin,457653,User,3
burnersk,568911,User,3
TRowbotham,4984601,User,3
philippsimon,2590857,User,3
aakoch,137713,User,2
aoberoi,494795,User,2
calweb,115030,User,2
EricWVGG,617762,User,2
jedierikb,374586,User,2
fonziemedia,9273990,User,2
drublic,502487,User,2
JaZo,3475007,User,2
jonathanong,643505,User,2
jmartin84,1485680,User,2
dbaron,248721,User,2
mstrutt,1503138,User,2
mikewest,1497,User,2
rzurad,418224,User,2
rowanthorpe,604508,User,2
SimenB,1404810,User,2
slawekkolodziej,381865,User,2
fivetanley,1275021,User,2
steveworkman,994905,User,2
thanpolas,458813,User,2
tnajdek,214628,User,2
uxder,7152,User,2
strarsis,9271436,User,2
teebot,1481931,User,2
vlakoff,544424,User,2
bobthecow,53660,User,2
laustdeleuran,852062,User,2
myakura,413984,User,2
aroben,917945,User,1
alexgibson,400117,User,1
allanlei,391251,User,1
amandeepg,984237,User,1
robocoder,922051,User,1
itrelease,41234,User,1
barryceelen,4179791,User,1
benschwarz,924,User,1
bportnoy,8795607,User,1
brendankenny,316891,User,1
BYK,126780,User,1
camjc,4197647,User,1
CaryLandholt,833972,User,1
cagerton,201550,User,1
chriscoyier,69156,User,1
chriseppstein,1839,User,1
codepo8,13508,User,1
chrisjlee,242716,User,1
coliff,1212885,User,1
ChristianUlbrich,160147,User,1
candrews,194713,User,1
gaearon,810438,User,1
chilicat,476789,User,1
DannyJoris,110365,User,1
darcyclarke,459713,User,1
nok,670641,User,1
dmethvin,157858,User,1
dmolsen,2746,User,1
edmellum,622855,User,1
denyskoch,1089800,User,1
Deschtex,867129,User,1
devote,367691,User,1
drewcovi,400278,User,1
eligrey,46995,User,1
eltonmesquita,5007208,User,1
fgnass,89450,User,1
filaraujo,189541,User,1
myarcane,1671293,User,1
frob,316176,User,1
frederfred,160882,User,1
galtalmor,881668,User,1
garrypolley,992175,User,1
hzoo,588473,User,1
RReverser,557590,User,1
Isthu,22501594,User,1
jtangelder,1243901,User,1
jacobrossi,2118562,User,1
javiercejudo,1095851,User,1
jshen212,13911280,User,1
jnordberg,95886,User,1
jbowtie,40857,User,1
jdalton,4303,User,1
jon301,122108,User,1
jdelStrother,2377,User,1
ljharb,45469,User,1
jorrit,521449,User,1
ksdlck,1109596,User,1
kkirsche,947110,User,1
mrkiffie,2323810,User,1
komachi,1848785,User,1
KraigWalker,1294877,User,1
LaurentBarbareau,2956018,User,1
lennym,117398,User,1
lbesson,127776,User,1
luftywiranda13,22868432,User,1
lukasoppermann,813754,User,1
mattbrundage,1263178,User,1
MoOx,157534,User,1
mems,729275,User,1
mfairchild365,498678,User,1
zazabe,401598,User,1
akamike,95465,User,1
milesthedisch,6229386,User,1
mislav,887,User,1
Ms2ger,111161,User,1
NikV,5368857,User,1
wilddeer,2109462,User,1
obeattie,5988,User,1
atdt,376462,User,1
patrickhlauke,895831,User,1
peterblazejewicz,14539,User,1
philipbordallo,9970403,User,1
philippevk,3017905,User,1
pdot86,466730,User,1
phistuck,184400,User,1
PikadudeNo1,272133,User,1
piperchester,1530684,User,1
pra85,829526,User,1
rxaviers,967155,User,1
rasmusfl0e,13237,User,1
oslego,63899,User,1
rrrene,311914,User,1
RByers,1280419,User,1
robertkowalski,298166,User,1
rose,6601398,User,1
ryanhughes,284473,User,1
scottaddie,10702007,User,1
svinkle,1392632,User,1
sebslomski,739310,User,1
ssidorchick,4922790,User,1
shichuan,153513,User,1
ddprrt,1374451,User,1
stepahn,14683,User,1
steveyken,149198,User,1
TalAter,926653,User,1
theshock,337677,User,1
tsjost,1737876,User,1
tomgco,524382,User,1
travisp,165698,User,1
treyhunner,285352,User,1
urazkines,1259878,User,1
valtlait,20541663,User,1
vlajos,3994645,User,1
viljamis,671836,User,1
vincentriemer,1398555,User,1
whawker,2003804,User,1
Yomguithereal,2571951,User,1
zachleat,39355,User,1
zackbloom,55347,User,1
zeno,1705,User,1
bastimeyer,467294,User,1
callumlocke,250617,User,1
csnover,229244,User,1
deformhead,3141231,User,1
fredj,100959,User,1
genintho,664857,User,1
grayghostvisuals,934322,User,1
haeric,422174,User,1
janroures,8616333,User,1
johnmccutchan,224266,User,1
jongrover,1154377,User,1
mikach,4090481,User,1
mikkotikkanen,391263,User,1
silverwind,115237,User,1
stereobooster,179534,User,1
swaydeng,241522,User,1
theostrahlen,372430,User,1
