ichernev,757060,User,1154
timrwood,643885,User,807
icambron,244988,User,217
TracyGJG,4346753,User,35
Oire,595597,User,33
mj1856,1396388,User,30
caillou,46739,User,23
igorlima,1886786,User,21
marwahaha,2541209,User,20
mbad0la,8503331,User,20
Xotic750,216041,User,17
nrbgt,7581399,User,16
maggiepint,6054610,User,15
kruyvanna,1171793,User,13
jbleduigou,1489214,User,13
timfish,1150298,User,12
weldan,121695,User,12
mrtnjrrtt,3829159,User,12
vnathalye,14007809,User,11
mdxs,1143642,User,9
eternicode,324189,User,8
DamianFekete,150717,User,7
fbonzon,1116761,User,7
ianwremmel,1182361,User,7
alexstrat,687961,User,7
raphamorim,3630346,User,7
szelga,1784948,User,7
vajradog,3846329,User,7
fduch2k,367574,User,6
flugger,1271812,User,6
wyantb,726818,User,6
dandv,33569,User,6
guybedford,598730,User,6
jisaacks,1355481,User,6
rockymeza,21784,User,6
sigurdga,114134,User,6
tcarlsen,145288,User,6
ypomortsev,857581,User,6
jeeeyul,949440,User,6
nusretparlak,25997199,User,6
mar-chi-pan,1236409,User,6
kikoanis,615849,User,5
armendarabyan,1158455,User,5
brianwyantora,11786450,User,5
jasondavies,31223,User,5
johnnyreilly,1010525,User,5
jonbca,406133,User,5
cwohlman,4643896,User,5
Gobie,298232,User,5
petrbela,668124,User,5
robgallen,5539080,User,5
ibnesayeed,65147,User,5
vroy,4655,User,5
skakz,2559270,User,5
jonashdown,5682241,User,5
akarelas,423822,User,4
mirontoli,470105,User,4
andrei-cocorean,7150986,User,4
zemlanin,711514,User,4
SwamWithTurtles,5053565,User,4
floydpink,171072,User,4
jgwhite,34030,User,4
jawish,2058516,User,4
mmozuras,54526,User,4
cgbeekman,649705,User,4
sbstp,862368,User,4
sschueller,1180107,User,4
XueWei,137317,User,4
antonellopasella,96335,User,4
bangnk,811526,User,4
pimterry,1526883,User,4
evoL,155995,User,4
skfd,159640,User,4
arshaw,56520,User,3
ozon1234,1094621,User,3
And-re,328414,User,3
DaAira,1913947,User,3
djmitche,28673,User,3
keeguon,322354,User,3
gdibble,906846,User,3
RIanDeLaCruz,7766185,User,3
JakubOnderka,163343,User,3
jasonkb,1148925,User,3
jalex79,461859,User,3
captbaritone,162735,User,3
julionc,981762,User,3
Caged,25,User,3
kevinzwhuang,7256178,User,3
baryon,421757,User,3
limonte,6059356,User,3
mariusGundersen,464152,User,3
massic80,6404170,User,3
mattgrande,925945,User,3
1ec5,1231218,User,3
moshest,534911,User,3
frontyard,1628939,User,3
philjohnson789,1245940,User,3
doedje,3636611,User,3
theawesomenayak,10061146,User,3
xsoh,871079,User,3
p-baleine,694932,User,3
TalAter,926653,User,3
TerraPass,1268105,User,3
wernerm,411270,User,3
yannickl,798235,User,3
afc163,507615,User,3
alburthoffman,863684,User,3
bakatamas,5426748,User,3
ben-lin,1389287,User,3
bentaber,175805,User,3
elad,3621643,User,3
jarosluv,5048468,User,3
josephjaniga,4117680,User,3
not-an-aardvark,11638619,User,3
socketpair,1157412,User,3
B0k0,1264880,User,3
Chyngyz,1857026,User,3
atogata,2697182,User,2
mehiel,687998,User,2
amire80,346271,User,2
dittodhole,429216,User,2
wajatimur,342305,User,2
bmarkovic,468895,User,2
schempy,2801321,User,2
caio-ribeiro-pereira,551228,User,2
calebcauthon,148787,User,2
aijo,396411,User,2
chriscartlidge,1278423,User,2
hehachris,2205233,User,2
chbrown,360279,User,2
clairecoloma,3041408,User,2
colindean,197224,User,2
CorasApps,585487,User,2
dazld,201036,User,2
danielgindi,366926,User,2
david-driscoll,1269157,User,2
david-reiman-ck,29078442,User,2
shabanovd,112634,User,2
ebraminio,833473,User,2
lvn,7042541,User,2
ericsaboia,607656,User,2
webbiesdk,868540,User,2
rexxars,48200,User,2
gido,101859,User,2
middagj,157566,User,2
wejendorp,296057,User,2
jeverington,1991914,User,2
jdudek,189572,User,2
NobodysNightmare,453584,User,2
ulmus,478308,User,2
jvanoostveen,239357,User,2
johnideal,27951,User,2
jordansexton,1173161,User,2
juanghurtado,5070,User,2
sirn,4061,User,2
zoomcharts,10146983,User,2
lashad,124436,User,2
butterflyhug,282994,User,2
lluchs,516527,User,2
lukemcgregor,1284608,User,2
MadMG,5859105,User,2
markstos,25829,User,2
marlonmleite,8551142,User,2
nostalgiaz,1184352,User,2
mattiasrunge,1510821,User,2
miestasmia,6569199,User,2
wraithgar,36607,User,2
msonsona,236218,User,2
tyok,89855,User,2
nikoskalogridis,7060216,User,2
ragnar123,131310,User,2
rbonvall,9802,User,2
rvagg,495647,User,2
samuelfullerthomas,10165959,User,2
colus001,2831540,User,2
sereysethy,12994180,User,2
monoblaine,540974,User,2
skastel,58394,User,2
Timrael,626323,User,2
tomvlk,3877688,User,2
borodean,1530865,User,2
zhantongz,2712994,User,2
bankyadam,58742,User,2
aleafs,535479,User,2
harpreetkhalsagtbit,2958292,User,2
humbletim,94753,User,2
JanisE,1469104,User,2
marijaselakovic,7926726,User,2
paladox,5727000,User,2
ryangreaves,6334029,User,2
shaishavgandhi05,2227639,User,2
mrbase,304661,User,2
afanasy,677646,User,2
BYK,126780,User,2
hupfis,106848,User,2
jonathathan,7103322,User,2
MylesBorins,498775,User,2
gdi2290,1016365,User,2
tkallevik,1014464,User,2
egilkh,126466,User,2
raleksandar,33291,User,1
adelgado,762070,User,1
AlexJeng,4458931,User,1
andrewhood125,1624718,User,1
moll,156837,User,1
aniruddha-adhikary,932949,User,1
anthonyshort,36125,User,1
allaud,364416,User,1
tk120404,1195721,User,1
datyayu,7009926,User,1
andela-batolagbe,12715894,User,1
austentalbot,3654181,User,1
baptistedeleplace,772901,User,1
NTag,906276,User,1
benjamn,5750,User,1
bcoe,194609,User,1
billschaller,4266849,User,1
blakeembrey,1088987,User,1
ChicagoDev,6876266,User,1
braddunbar,11674,User,1
nono,2767,User,1
chasenlehara,10070176,User,1
chetan51,310282,User,1
Pephers,1461587,User,1
hemp,25412,User,1
cvrebert,419884,User,1
chulkilee,69235,User,1
crteal,332880,User,1
topaxi,213788,User,1
hagmandan,2241094,User,1
toofishes,265817,User,1
dimkinv,2880407,User,1
dasa,828058,User,1
hjdivad,17980,User,1
judikdavid,735410,User,1
dbkirk4211,13731197,User,1
davidxmoody,4699197,User,1
dperrymorrow,64978,User,1
kwisatz,237949,User,1
gholadr,4038613,User,1
pioneerlike,25500,User,1
Moeriki,38758,User,1
amaranthrose,8099718,User,1
anotheredward,228527,User,1
grexican,73737,User,1
elliotf,22679,User,1
kroo,124348,User,1
maiis,23975,User,1
eillarra,514589,User,1
EzequielB,2707745,User,1
seferov,1233843,User,1
francisbesset,471525,User,1
frasertweedale,2331938,User,1
guigrpa,2129481,User,1
GabrielHedges,5317043,User,1
gabrielmaldi,3728897,User,1
gaplo917,5468398,User,1
gaspard,21707,User,1
gre,211411,User,1
pgilad,4533329,User,1
glenjamin,151272,User,1
gr2m,39992,User,1
gregpabian,6839055,User,1
MasseGuillaume,921490,User,1
madhenry,434217,User,1
hinrik,43533,User,1
wadahiro,28739,User,1
hsablonniere,236342,User,1
ignasne,7195166,User,1
ragulka,593267,User,1
iJaniashvili,962095,User,1
ikr,55146,User,1
jfarid27,1673206,User,1
szwacz,4573903,User,1
jarcoal,431261,User,1
jasperSpeicher,930901,User,1
joefreeman,535128,User,1
jgillman,172217,User,1
johanneswuerbach,864578,User,1
JohnAnthony,436859,User,1
johncrisostomo,15031664,User,1
jfroffice,964701,User,1
97jaz,984854,User,1
vanillajonathan,10222521,User,1
jgerigmeyer,552316,User,1
jllahi,1439075,User,1
jorrit,521449,User,1
joshbrooks,4409570,User,1
JunhoKim01,11581903,User,1
jwarkentin,1084024,User,1
jonoskar,1015359,User,1
eximius313,5578017,User,1
Karamell,1788091,User,1
keheliya,181962,User,1
mc10,1146876,User,1
kperry42,983573,User,1
jrgensen,411604,User,1
tsareg,1167285,User,1
ksnabb,278210,User,1
kepta,6966254,User,1
liorch88,1992187,User,1
aliem,38418,User,1
lucaong,225441,User,1
maciejmyslinski,11421186,User,1
mlegenhausen,424493,User,1
marcoil,1692381,User,1
mperrando,525572,User,1
mcs,33131,User,1
Frost,2308,User,1
k2s,181014,User,1
martoche,39396,User,1
mathiasrw,1063454,User,1
deleteme,9389,User,1
max-mykhailenko,1213198,User,1
maximevaly,684621,User,1
mayanksinghal,284668,User,1
Mayho,3915230,User,1
manveru,3507,User,1
mweimerskirch,362092,User,1
mcauser,1038959,User,1
askmike,969743,User,1
mroderick,20321,User,1
forabi,1012761,User,1
naderio,2822146,User,1
narainsagar,13800762,User,1
nasserghiasi,2284751,User,1
nwhittaker,421496,User,1
NetForce1,1138104,User,1
nickdandakis,7499386,User,1
nickmerwin,1129,User,1
nickmessing,1633826,User,1
nvdh,2909621,User,1
Nicolaidavies,2064393,User,1
nknapp,636150,User,1
noureddineme,12301051,User,1
nowells,23833,User,1
oerd,56891,User,1
Dok11,2697890,User,1
pborreli,77759,User,1
topchiyev,1392531,User,1
poke,132240,User,1
pndewit,2362039,User,1
pereorga,919779,User,1
PeterDaveHello,3691490,User,1
PeterMortensen,2476480,User,1
kleinph,566413,User,1
pranjalk,6200009,User,1
prodis,79254,User,1
rachel-carvalho,446046,User,1
radekdostal,375717,User,1
thehungrycoder,79018,User,1
Rasulbeeek,12482456,User,1
rclanan,115944,User,1
reecefowell,525575,User,1
kvakulo,359614,User,1
sedovsek,666767,User,1
spring1975,3330753,User,1
vegvari,3232519,User,1
RomeroMsk,4639951,User,1
ruanmer,692420,User,1
rfb,4613,User,1
tricknotes,290782,User,1
samvincent,57775,User,1
seansfkelley,2101409,User,1
shakib609,3992124,User,1
SimenB,1404810,User,1
sokolovstas,14689,User,1
st33n,7247,User,1
stephenreddek,1985939,User,1
spmason,222180,User,1
StevenHeinrich,2575980,User,1
stuartleigh,414998,User,1
suvash,144952,User,1
talgautb,1547797,User,1
tamird,1535036,User,1
tatey,19860,User,1
tiagoefmoraes,1627293,User,1
todd,120350,User,1
tomalec,17435,User,1
troyastorino,551348,User,1
tpaszun,921406,User,1
avaly,356100,User,1
wesbos,176013,User,1
WikiDiscoverer,25418853,User,1
wi-ski,12256205,User,1
zbarnett,4530237,User,1
zenozeng,2544489,User,1
codenhagen,10242420,User,1
generalov,234713,User,1
gensym,899,User,1
gregtillbrook,2115835,User,1
hokaccha,39471,User,1
jiyinyiyong,449224,User,1
joineral32,6818050,User,1
kaushikgandhi,2167564,User,1
kcthota,2999820,User,1
kraz,1006092,User,1
lcarva,5272931,User,1
meleyal,15045,User,1
nasitra,10671798,User,1
nscornia,5322825,User,1
rajeevnaikte,8500437,User,1
recallfx,3793207,User,1
invalid-email-address,148100,User,1
saxicek,1708442,User,1
tgfjt,2628239,User,1
tomhorvat,7021695,User,1
Viktorminator,756578,User,1
vsn4ik,3757319,User,1
yiminghe,200876,User,1
yukulele,347244,User,1
kambo,1073586,User,1
leehankyeol,2166884,User,1
