yurydelendik,1523410,User,2131
Snuffleupagus,2692120,User,1389
brendandahl,942640,User,1081
timvandermeij,1993262,User,938
notmasteryet,146979,User,522
vingtetun,579794,User,468
andreasgal,313748,User,456
arturadib,741528,User,373
jviereck,191719,User,279
joneschrisg,325916,User,258
Rob--W,1365071,User,195
kkujala,959789,User,121
sayrer,253473,User,105
saebekassebil,118532,User,84
xavier114fch,1157303,User,75
nnethercote,1940286,User,73
fkaelberer,4624768,User,53
mduan,198538,User,52
gigaherz,685851,User,44
vyv03354,1146190,User,42
justindarc,207595,User,39
p01,807202,User,35
CodingFabian,176132,User,26
jbuck,578466,User,25
sbarman,141888,User,23
Haebaru,2020594,User,23
pramodhkp,1507241,User,19
benbro,75841,User,16
bthorben,5628971,User,15
waddlesplash,2175324,User,13
dferer,2264938,User,12
igstan,49002,User,11
mukulmishra18,16763170,User,11
merkste,1287825,User,11
mgol,1758366,User,8
xlc,1201310,User,8
fitojb,554953,User,8
mitar,585279,User,7
piotrex,2457171,User,6
chriskr,653872,User,5
moderation,246317,User,5
SSk123,1384335,User,5
dsprenkels,439973,User,4
jwagner79,372088,User,4
prometheansacrifice,3097018,User,4
mcorb,12460643,User,4
swznd,766961,User,4
petercpg,205738,User,4
Schildkroete,2963177,User,4
TimothyGu,1538624,User,4
tobytailor,153608,User,4
tonyjin,689351,User,4
andreasbovens,613077,User,3
amccreight,841072,User,3
gavinsharp,327839,User,3
Hengjie,261870,User,3
aeosynth,75317,User,3
msujaws,272055,User,3
jeremypress,2474027,User,3
jmathies,959837,User,3
MaMazav,9586798,User,3
loftux,1607221,User,3
Pimm,78094,User,3
debloper,536060,User,3
sriram-dev,1911375,User,3
TheoChevalier,1294206,User,3
vivin,56094,User,3
allstarschh,317061,User,3
BeatWolf,7080953,User,3
ioskar,1704327,User,3
mrqzzz,1532095,User,3
HipsterJazzbo,231361,User,2
cpeterso,629193,User,2
mehlis,757778,User,2
fzembow,497031,User,2
georgf,407696,User,2
gjuggler,51842,User,2
digitarald,8599,User,2
JakubOnderka,163343,User,2
jordan-thoms,403810,User,2
coolwanglu,734614,User,2
heyLu,527119,User,2
manolopm,60767,User,2
Eyesonly88,767013,User,2
nmaier,383665,User,2
ofirdev,2394904,User,2
lovasoa,552629,User,2
sgtatham,3720989,User,2
thorlarholm,1346253,User,2
THausherr,6665575,User,2
biggert,4029296,User,2
deepj,33736,User,2
eug48,932521,User,2
goofy-bz,858630,User,2
bit,102392,User,2
mete0r,137794,User,2
sangm,4295680,User,2
thejdeep,1708757,User,2
ydfzgyj,1191515,User,2
antapos,1324326,User,2
Archaeopteryx,216576,User,2
gijsk,375983,User,2
hobophobe,470719,User,1
adhikasp,6151302,User,1
albertvp,1481710,User,1
acornejo,83786,User,1
alexandrevicenzi,2637672,User,1
alivedise,546519,User,1
AluisioASG,1904165,User,1
andrewdacenko,2395231,User,1
SunboX,83344,User,1
ankitaggarwal011,4436850,User,1
apoorv-mishra,15694566,User,1
arfon,4483,User,1
bsl-zcs,3049410,User,1
bbodenmiller,1192780,User,1
bf,464537,User,1
bernerdschaefer,193,User,1
existentialism,56288,User,1
bbondy,831718,User,1
cemerick,47489,User,1
LegNeato,368904,User,1
cmyksvoll,7809052,User,1
cstipkovic,46315,User,1
cskau,281315,User,1
collinanderson,129234,User,1
logancrism,3912254,User,1
danieljohansson,1746843,User,1
danielj41,5705347,User,1
danieljwest,2125167,User,1
davehouse,5540936,User,1
divergentdave,181772,User,1
devongovett,19409,User,1
Dhole,1530972,User,1
dmitryskey,1661986,User,1
ebraminio,833473,User,1
ehsan,168508,User,1
eldonkijote,9288157,User,1
glasserc,17006,User,1
evadne,104086,User,1
FranckFreiburger,25509586,User,1
krizsa,177357,User,1
gabrielesvelto,1159312,User,1
McGiogen,2913644,User,1
mayhemer,2439817,User,1
ikr,55146,User,1
ivarsv,321255,User,1
jryans,279572,User,1
jasonjensen,7598563,User,1
jabiinfante,2393956,User,1
goofy-framoz,3338151,User,1
init-js,1110751,User,1
jeenuv,92313,User,1
jswalden,4139753,User,1
jribbens,350846,User,1
jwatt,325860,User,1
jdm,27658,User,1
kalisjoshua,122826,User,1
sukop,5345288,User,1
karlden,6398325,User,1
staktrace,485789,User,1
theoreticaLee,591833,User,1
stri8ed,1766843,User,1
ltedone,715588,User,1
dummas,55679,User,1
Schibum,1122355,User,1
neves,881,User,1
Standard8,520844,User,1
hellemar,11439539,User,1
mkoegler,3739044,User,1
mraible,17892,User,1
Pomax,177243,User,1
skalnik,2546,User,1
hugo53,1033299,User,1
mbbaig,1588537,User,1
mortonfox,495892,User,1
nschloe,181628,User,1
nbp,1179566,User,1
nish17,12984120,User,1
nesQuick,584259,User,1
alpha-omega,1778957,User,1
Moistly,1560269,User,1
plroit,1734563,User,1
PeterDaveHello,3691490,User,1
pietroalbini,2299951,User,1
zalun,97885,User,1
prakashpalanisamy,12576777,User,1
pra85,829526,User,1
a0preetham,9373387,User,1
ReuDa,1879911,User,1
rexboy7,2406290,User,1
mysterlune,2320496,User,1
rossj,735679,User,1
RudyLu,1704629,User,1
seanburke-wf,17708192,User,1
skruse,3707055,User,1
simoncpu,128593,User,1
simonster,470884,User,1
Skaty,978676,User,1
browtayl,8976764,User,1
gettalong,4104,User,1
tiagmoraismorgado,7303598,User,1
ttaubert,300895,User,1
Reggino,174358,User,1
evilpie,296445,User,1
tomer,50206,User,1
tgrathwell-pivotal,30415519,User,1
vdjeric,1521786,User,1
vologab,10982772,User,1
Thunderforge,6200170,User,1
WilliamRClark,5107798,User,1
Witia1,1716161,User,1
yor-mozilla-com,6007922,User,1
yashsriv,10435324,User,1
aib,154400,User,1
araghava,3402304,User,1
arai-a,6299746,User,1
benweet,1005257,User,1
curiosity26,4050934,User,1
deathy,43237,User,1
dustyrockpyle,7678328,User,1
ghetolay,1864528,User,1
jazzchipc,12103950,User,1
jazzy-em,10258064,User,1
jmozmoz,828669,User,1
imjohansunden,19605741,User,1
khodzha,1618874,User,1
Koderok,1331160,User,1
lpy,1453861,User,1
mark-5,2516211,User,1
maxidirienzo,1268622,User,1
palkan,1516722,User,1
polarbearing,8266355,User,1
porlan1,12615938,User,1
NotBugger,2606085,User,1
rabbihossain,4346154,User,1
shorlander,684427,User,1
tkristiansen,301104,User,1
morgandenning,1228686,User,1
yfdyh000,1769875,User,1
yscumc,3967697,User,1
