mrdoob,97088,User,10463
alteredq,438022,User,1753
bhouston,588541,User,839
Mugen87,12612165,User,407
gero3,155535,User,344
WestLangley,1000017,User,315
zz85,314997,User,307
looeee,5307958,User,285
takahirox,7637832,User,255
tschw,3916357,User,187
TristanVALCKE,5276909,User,172
sunag,502810,User,160
aardgoose,17364910,User,107
dforrer,6534764,User,91
donmccurdy,1848368,User,78
dubejf,8649151,User,78
sole,5609,User,63
simonThiele,10807661,User,62
gregtatum,1588648,User,60
daoshengmu,1263177,User,50
benaadams,1142958,User,48
Kyle-Larson,22209051,User,48
repsac,1109289,User,44
spite,731885,User,40
arodic,708984,User,36
MiiBond,1069125,User,36
paulmasson,3289562,User,35
jbaicoianu,251610,User,33
caseygrun,566660,User,31
dhritzkiv,1349865,User,31
jostschmithals,5700294,User,30
makc,242577,User,30
m4jing,2697870,User,27
yomotsu,212837,User,27
jox81,1274146,User,27
erichlof,3434843,User,27
leitzler,3111805,User,25
vincent,5623,User,24
bartmcleod,1441397,User,23
jahting,6388056,User,23
timknip2,138757,User,22
06wj,800043,User,22
insominx,180210,User,21
AtiX,236678,User,20
rfm1201,3810815,User,20
valette,303166,User,20
tamarintech,3681218,User,19
erich666,803995,User,19
MasterJames,1840183,User,19
arose,272250,User,19
greggman,234804,User,19
stephomi,4750281,User,18
dmarcos,39342,User,17
brianchirls,492291,User,16
foijord,1118749,User,16
mkkellogg,6249005,User,16
philogb,71751,User,16
kintel,186094,User,15
julianwa,309732,User,14
tapio,83229,User,14
jaxry,4411068,User,14
nraynaud,46941,User,14
egraether,201867,User,13
ekitson,1203816,User,13
kaisalmen,21079138,User,13
empaempa,51464,User,13
PaulJacobs,1373665,User,13
linev,4936580,User,13
jsermeno,197051,User,13
jonnenauha,157519,User,13
ivankuzev,1208701,User,13
brason,11060019,User,13
zorro-fr24,7267001,User,12
tparisi,422759,User,12
qiao,490265,User,12
fernandojsg,782511,User,12
msmolens,7122091,User,11
NINE78,779331,User,11
tentone,9158354,User,11
jlewin,175113,User,11
plepers,1036540,User,11
richtr,497699,User,11
borismus,277632,User,10
jterrace,154510,User,10
AddictArts,911906,User,10
jonobr1,220033,User,10
Ludobaka,2974798,User,10
koober,7964613,User,10
EvilPeanut,820781,User,10
walfly,4022481,User,10
zfedoran,623790,User,10
jotinha,460389,User,10
Hectate,4451272,User,10
toji,805273,User,10
elisee,446986,User,10
stammen,1226490,User,10
andreasplesch,6171115,User,9
kevanstannard,937077,User,9
okready,423952,User,9
acgessler,908209,User,9
srifqi,4017302,User,9
hena-3,8255787,User,9
neko1235,13606126,User,9
AndrewRayCode,79215,User,8
Bjvanminnen,1767466,User,8
brianpeiris,79419,User,8
Cy-Bo-Rg,5455606,User,8
fta2012,575833,User,8
mkeblx,293795,User,8
NNskelly,28572171,User,8
Oletus,453050,User,8
Rich-Harris,1162160,User,8
Wandalen,7414255,User,8
jackcaron,1465978,User,8
kaypiKun,12468017,User,8
omgitsraven,8540042,User,8
pailhead,4681282,User,8
BrianSipple,5483853,User,8
mattdesl,1383811,User,8
yrns,283864,User,7
GGAlanSmithee,11805103,User,7
algrs,188884,User,7
flimshaw,157224,User,7
orgicus,189031,User,7
zinefer,466002,User,7
lpsinger,728407,User,7
lxxxvi,1409672,User,7
mrienstra,669326,User,7
patrickfuller,1449833,User,7
sgrif,1529387,User,7
andsve,21482,User,7
Wilt,2419627,User,7
daron1337,572819,User,7
edsilv,1334393,User,7
apendua,1971195,User,7
vincent-courtalon,12761431,User,7
godlzr,4062942,User,7
satori99,1762580,User,7
andreyyudin,9961925,User,6
Colmea,974918,User,6
BrianMacIntosh,2062164,User,6
xswordsx,3787795,User,6
wrr,1032408,User,6
jpweeks,342224,User,6
Jhonnyg,169640,User,6
LebedenkoN,14274169,User,6
Fox32,648527,User,6
theo-armour,547626,User,6
Virtulous,24227059,User,6
adrs2002,19613995,User,6
gam0022,759115,User,6
magnitudoOrg,14115693,User,6
rkusa,409021,User,6
ttmike,4445664,User,6
weiserhei,7581732,User,6
stevenvergenz,1882376,User,6
unconed,172808,User,6
angelxuanchang,2142116,User,5
drojdjou,572109,User,5
danielribeiro,148319,User,5
davidlyons,1305201,User,5
drewnoakes,350947,User,5
jayschwa,475017,User,5
jeromeetienne,252962,User,5
yomboprime,2453652,User,5
kevinoe,4301728,User,5
troffmo5,2388418,User,5
Stonelinks,556340,User,5
matthewtung,8670303,User,5
nthitz,1482377,User,5
alexan0308,3669935,User,5
kchapelier,5741699,User,5
m-schuetz,6705073,User,5
rnixik,1498878,User,5
s9k,2082463,User,5
cnspaha,22448974,User,5
crobi,577871,User,5
phfatmonkey,3812933,User,5
bdysvik,18545813,User,5
sukhwant,1849534,User,5
anvaka,225407,User,5
cecilemuller,681420,User,5
JustinHoldstock,763560,User,5
213534,14944351,User,4
rectalogic,11581,User,4
Benjamin-Dobell,482276,User,4
bcajes,498608,User,4
callumprentice,1505567,User,4
yangchristian,7517088,User,4
clockworkgeek,1078227,User,4
DodekaHydra,4563407,User,4
henri-astre-msft,1844657,User,4
huwb,939901,User,4
IceCreamYou,203177,User,4
customlogic,1166244,User,4
jeremytammik,4264589,User,4
redien,766229,User,4
yellcorp,1080102,User,4
titansoftime,6549763,User,4
kduong,1203450,User,4
liammagee,83668,User,4
squarefeet,1072296,User,4
NickPowers43,1789999,User,4
supereggbert,166785,User,4
pavelvasev,159179,User,4
vidstige,655605,User,4
shshaw,777155,User,4
szimek,9873,User,4
stity,11036145,User,4
alcornwill,6990640,User,4
alemures,6663906,User,4
mese79,1878378,User,4
oosmoxiecode,513079,User,4
tormozok,3148089,User,4
prafullit,12906600,User,4
sroucheray,169818,User,4
thorsummoner,1320336,User,4
yamahigashi,523673,User,4
owlsketch,5739127,User,4
manthrax,350247,User,4
Beuc,980977,User,4
hamoid,108264,User,3
abelnation,200054,User,3
sasha240100,7657429,User,3
AndersonDunai,4289048,User,3
BAntDit,12046364,User,3
baopham,783410,User,3
casawa,9159750,User,3
chuckfairy,7469548,User,3
chriskillpack,434890,User,3
denzp,747869,User,3
Digitoxin,1698955,User,3
eevee,94112,User,3
felixpalmer,453755,User,3
felixturner,850329,User,3
fordhurley,200646,User,3
fredludlow,900535,User,3
GregFrench,17938510,User,3
Herst,1042176,User,3
isreal-breel,4162312,User,3
jarvisniu,8186156,User,3
jihoonl,1556736,User,3
SirNeuman,6912634,User,3
kevineschmidt,1136479,User,3
fraguada,1014562,User,3
mgreter,282293,User,3
marklundin,430764,User,3
martinwicke,577277,User,3
mstrater,869527,User,3
mpk,2478254,User,3
DVLP,5261364,User,3
pehrlich,407497,User,3
sirxemic,831538,User,3
rtsao,780408,User,3
dvenkatsagar,14003522,User,3
lejeunerenard,2146515,User,3
saromanov,7413968,User,3
SimonVZ,4483763,User,3
svenpilz,4508103,User,3
twhittock,6341639,User,3
vivensio,11770676,User,3
kumavis,1474978,User,3
arya-s,934045,User,3
blairmacintyre,1348861,User,3
cvan,203725,User,3
jfranc,6375914,User,3
matias-capeletto,583075,User,3
anka-sirota,176934,User,3
gyohk,626424,User,3
tpmccauley,496503,User,3
zerorzero,6582615,User,3
evanw,406394,User,3
speigg,507127,User,3
merpnderp,78594,User,3
wereHamster,34538,User,3
centerionware,76805,User,3
drakh,2047859,User,3
joostfaassen,411113,User,3
zrgs,19578967,User,3
ascloutier,5856984,User,2
sttz,173249,User,2
ajtfts,18728092,User,2
HashNuke,84005,User,2
apiva,5911005,User,2
zevarito,41066,User,2
amirebrahimi,904110,User,2
technohippy,10354,User,2
andreykaipov,9457739,User,2
asyncanup,77941,User,2
Baccanno,3664080,User,2
sjvs,5082246,User,2
that-ben,13210399,User,2
bbeausej,643376,User,2
bhickey,136625,User,2
brett19,1621627,User,2
BrianCraig,4956754,User,2
CarlBateman,2813834,User,2
skfcz,1381962,User,2
chandlerprall,313125,User,2
chazcb,599298,User,2
charlesfleche,2563098,User,2
CharlotteGore,443518,User,2
2pha,2011816,User,2
etic,923708,User,2
CoDEmanX,1309249,User,2
Coder2012,1157627,User,2
frewsxcv,416575,User,2
mess110,226170,User,2
daniel-nth,5081327,User,2
dgossow,505655,User,2
dphil,3652549,User,2
snnd,131438,User,2
Densaugeo,1566372,User,2
Doidel,833039,User,2
elwinarens,1883694,User,2
eric79,3160246,User,2
eric-wieser,425260,User,2
CodingFabian,176132,User,2
Fallstream,11752594,User,2
ajorkowski,1185777,User,2
Fonserbc,2042586,User,2
motin,793037,User,2
gwindes,843453,User,2
Immugio,1389780,User,2
wavesoft,883486,User,2
iras,773028,User,2
jacklehamster,5171849,User,2
jdduke,479117,User,2
jeffal,2325629,User,2
BSVino,815310,User,2
georgik,172276,User,2
jorgenfb,983859,User,2
KevinFrutiger,14795069,User,2
kkirsche,947110,User,2
kirilledelman,6539713,User,2
KGoodale13,13970273,User,2
kylemcdonald,157106,User,2
ponychicken,183302,User,2
berli888,1820079,User,2
LouisBrunner,7120871,User,2
manuq,83944,User,2
sirlantis,56807,User,2
meshulam,2736406,User,2
mudcube,101564,User,2
MrRar,16406771,User,2
nhalloran,1732298,User,2
natewilliford,133324,User,2
NAThompson,5459618,User,2
NicolasRannou,214063,User,2
poof86,731498,User,2
Nimanf,3170208,User,2
moretti,1186409,User,2
pksunkara,174703,User,2
PeanutPower,2394339,User,2
possan,33173,User,2
Coburn37,6759176,User,2
vanruesc,9214917,User,2
redsolarmoon,11366279,User,2
ruofeidu,1618817,User,2
notlion,27721,User,2
wwwtyro,929443,User,2
PolygonFox,9432402,User,2
phutidus,2719680,User,2
ShynRou,20092263,User,2
sumittada,791556,User,2
tsherif,476017,User,2
tszyszko,15859156,User,2
antont,201016,User,2
verma,242524,User,2
Vbitz,368827,User,2
dlabz,599750,User,2
Glinkis,8037927,User,2
ov,151412,User,2
xprogram,13587798,User,2
wizgrav,499393,User,2
arrayjam,3864459,User,2
xizhonghua,3790514,User,2
bGute,11315358,User,2
collinhover,1005377,User,2
dnewman-polar3d,20478854,User,2
ecivic,16722844,User,2
efokschaner,1409112,User,2
epicleap,1333466,User,2
evantron3000,3172802,User,2
jhadenfeldt,959356,User,2
haeric,422174,User,2
iefreer,286215,User,2
im007boy,430824,User,2
jfeldste,1141719,User,2
jpryne,1497564,User,2
kyleshay,424158,User,2
leroyron,1534811,User,2
lpoignant,4497875,User,2
mataron,485027,User,2
archcomet,1595926,User,2
michax,117785,User,2
migvel,923212,User,2
mikaelgramont,580192,User,2
mlknz,12106426,User,2
nevermakeport,29994797,User,2
niklassa,1732674,User,2
dkniffin,1680080,User,2
onionhammer,969938,User,2
pjhjohn,2541685,User,2
rchadwic,1257870,User,2
zydecode,1706641,User,2
spidersharma03,7601170,User,2
topherbuckley,15166572,User,2
tstanev,5035076,User,2
user1713952,3883114,User,2
verteAzur,3125827,User,2
AngeloReppucci,134796,User,1
aaronrodriguezdaqri,15642346,User,1
