mzabriskie,199035,User,356
nickuraltsev,6316432,User,137
rubennorte,117921,User,16
idan,22723,User,6
jtangelder,1243901,User,5
bomsy,792924,User,4
ctimmerm,40010,User,3
maxhoffmann,1227441,User,3
staticinstance,4674440,User,3
38elements,2399132,User,2
ajcrites,1308273,User,2
anthwinter,4440999,User,2
dfournier,2329786,User,2
Deamon87,963394,User,2
fgnass,89450,User,2
lachenmayer,38614,User,2
Jarlotee,9733444,User,2
josh-egan,6473311,User,2
pracucci,1701904,User,2
bttmly,3442934,User,2
nnarhinen,265438,User,2
rogeriochaves,792201,User,2
reggi,296798,User,2
tomaash,19360,User,2
jcready,358876,User,2
ruchigoyal2005,3877670,User,2
torarnek,283192,User,2
1000ch,1800018,User,1
3846masa,5629366,User,1
akshatnitd,12656846,User,1
andykog,6760207,User,1
AurelioDeRosa,1430979,User,1
axelboc,2936402,User,1
woodb,1631487,User,1
blittle,1566869,User,1
carlosromel,420052,User,1
madebyherzblut,97274,User,1
sloansparger,7104357,User,1
DenisCarriere,550895,User,1
dominykas,505619,User,1
diesal11,4567380,User,1
ericmdantas,7040162,User,1
gschambers,750274,User,1
Gerhut,2500247,User,1
llambda,6763826,User,1
IgorDePaula,2833993,User,1
k-italy,1894635,User,1
jackytck,440651,User,1
jacobbuck,830470,User,1
incrediblesound,5664237,User,1
jergason,72027,User,1
jmdobry,1213510,User,1
theverything,1922957,User,1
jerfowler,188159,User,1
capaj,1305378,User,1
johnmhenson,13009981,User,1
JoshZA,136638,User,1
ryoia,3303020,User,1
kvzivn,4533644,User,1
Khaledgarbaya,1156093,User,1
DjebbZ,77278,User,1
loklaan,1560301,User,1
louislarry,4468580,User,1
mawrkus,600256,User,1
marcelometal,665903,User,1
martinjoiner,1795947,User,1
model3volution,5106417,User,1
michaelgmcd,8161781,User,1
bananaoomarang,815831,User,1
nlf,424045,User,1
nettofarah,270688,User,1
latentflip,78225,User,1
rayrutjes,5570853,User,1
Rossolson,6881019,User,1
samjulien,7738189,User,1
kimrgrey,855918,User,1
simshanith,135388,User,1
theikkila,608642,User,1
thomasguillory,540217,User,1
TomyJaya,2363566,User,1
tony-kerz,1223231,User,1
Viktor6713,26000680,User,1
bjesus,55081,User,1
dublx,884596,User,1
skarbovskiy,6112491,User,1
kenvunz,274309,User,1
moonion,1086644,User,1
msangui,695209,User,1
rupertrutland,1215981,User,1
ryiwamoto,5638467,User,1
samueleaton,9119269,User,1
stevenp,181589,User,1
vandosant,5840711,User,1
luciy,5343507,User,1
