NARKOZ,253398,User,69
robaganrab,88004,User,4
kashyapakshay,934169,User,4
alexesprit,1119267,User,3
amirkarimi,2813838,User,2
xer0k00l,8954574,User,2
carlosdp,198739,User,2
Goldenson,6765108,User,2
ausshadu,7588667,User,2
zhiephie,5674973,User,2
syedautherabbas,12937522,User,2
benjojo,1504626,User,1
CNA-Bld,2557768,User,1
chenghuang-mdsol,13528118,User,1
topless,230805,User,1
h3xx,615684,User,1
eljhkrr,4529018,User,1
DonkeyCore,5651165,User,1
JrSchild,451164,User,1
JulioOrdonezV,11758828,User,1
dialtoneuk,5281091,User,1
lipis,125676,User,1
lgmoneda,3893078,User,1
receive,14061827,User,1
colonelmo,8123364,User,1
penguwin,13225611,User,1
YellowApple,2379422,User,1
samzer,1539703,User,1
destromas1,602127,User,1
Thuruv,6994607,User,1
uranusjr,605277,User,1
vasspilka,3274419,User,1
ww40,5640651,User,1
yoannduc,14198282,User,1
zenlaboratory,7697577,User,1
arjunnambiartc,3650390,User,1
b0n3z,1325647,User,1
bitsapien,3462960,User,1
waksana,2178513,User,1
matthew-z,5741303,User,1
mhsjlw,8526903,User,1
