ry,80,User,3021
bnoordhuis,275871,User,2009
isaacs,9287,User,1647
Trott,718899,User,851
indutny,238531,User,750
piscisaureus,218257,User,597
trevnorris,289174,User,351
tjfontaine,146447,User,332
mscdex,54666,User,307
rvagg,495647,User,294
jasnell,439929,User,284
cjihrig,2512748,User,272
addaleax,899444,User,261
TooTallNate,71256,User,197
koichik,355825,User,157
targos,2352663,User,149
danbev,432351,User,134
sam-github,17607,User,133
thefourtheye,696611,User,132
vsemozhetbyt,10393198,User,131
evanlucas,677994,User,128
felixge,15000,User,124
Fishrock123,1093990,User,124
MylesBorins,498775,User,91
mhdawson,9373002,User,90
ofrobots,79017,User,86
TimothyGu,1538624,User,86
AndreasMadsen,505333,User,85
silverwind,115237,User,81
jbergstroem,176984,User,75
santigimeno,1084056,User,74
orangemocha,1625870,User,73
joyeecheung,4299420,User,64
mmalecki,692459,User,58
eugeneo,287917,User,56
yorkie,1935767,User,56
refack,96947,User,55
edsadr,1189785,User,46
misterdjules,811047,User,46
vkurchatkin,2993861,User,46
gibfahn,15943089,User,45
miksago,23281808,User,45
JacksonTian,327019,User,43
chrisdickinson,37303,User,40
brendanashworth,3038254,User,37
watilde,1716463,User,37
seishun,988441,User,37
tflanagan,5559820,User,37
joaocgreis,134460,User,36
BridgeAR,8822573,User,35
srl295,855219,User,35
thughes,428788,User,35
zkat,17535,User,34
saghul,317464,User,34
ChALkeR,291301,User,31
bzoz,17704638,User,30
mikeal,579,User,29
mcollina,52195,User,28
joshgav,4421720,User,27
bengl,110455,User,26
yosuke-furukawa,555645,User,26
othiym23,418097,User,25
skomski,166891,User,25
abouthiroppy,3367801,User,25
fhinkel,101553,User,24
HenryRawas,849736,User,24
kapouer,131406,User,24
lpinca,1443911,User,24
pquerna,110123,User,24
stefanmb,1356314,User,24
creationix,89353,User,24
italoacasas,6354455,User,23
shama,99604,User,23
matthewloring,1485909,User,23
pgriess,137946,User,23
aqrln,4923335,User,22
claudiorodriguez,3967972,User,22
mranney,210141,User,21
tniessen,3109072,User,21
rlidwka,999113,User,20
davepacheco,532688,User,20
mathiasbynens,81942,User,20
princejwesley,1622515,User,20
DavidCai1993,5886475,User,20
benjamingr,1315533,User,19
estliberitas,568962,User,18
rsms,47046,User,18
iarna,983798,User,18
JungMinu,5035902,User,18
calvinmetcalf,1128607,User,17
rmg,17978,User,17
sblom,31878,User,17
jasongin,13093042,User,16
waveto,102472,User,16
tricknotes,290782,User,16
trentm,46866,User,16
geek,441346,User,16
DrPizza,301404,User,15
eljefedelrodeodeljefe,3899684,User,15
sebastianplesciuc,15608388,User,15
tj,25254,User,15
not-an-aardvark,11638619,User,15
deanm,56582,User,14
ujh,28911,User,14
domenic,617481,User,13
jkrems,567540,User,13
zimbatm,3248,User,13
AnnaMag,13561163,User,12
julianduque,733877,User,12
bajtos,1140553,User,12
XadillaX,2842176,User,12
japj,512,User,11
lance,15952,User,11
romankl,1848357,User,11
hashseed,2291463,User,11
zzak,277819,User,11
larissayvette,22550884,User,11
arturgvieira,7041980,User,11
bmeck,234659,User,11
gireeshpunathil,6447530,User,10
xk,96355,User,10
lucamaraschi,332968,User,10
laverdet,128856,User,10
Sannis,77367,User,10
phillipj,1231635,User,10
maasencioh,7273940,User,10
agl,21203,User,9
AdriVanHoudt,2361826,User,9
firedfox,171705,User,9
gabrielschulhof,976081,User,9
richardlau,5445507,User,9
robertkowalski,298166,User,9
rmustacc,613773,User,9
seebees,300465,User,9
xenyou,832358,User,9
pmq20,13315,User,9
ronkorving,631240,User,9
bsnote,139410,User,8
bcantrill,328614,User,8
tellnes,613729,User,8
fb55,188768,User,8
kanongil,753512,User,8
john-yan,1722371,User,8
polotek,107142,User,8
nwoltman,5128013,User,8
petkaantonov,829734,User,8
KryDos,910691,User,8
seppevs,1028226,User,8
sxa555,6487691,User,8
postwait,335748,User,8
tomgco,524382,User,8
coolaj86,122831,User,7
ameliavoncat,19511039,User,7
BethGriggs,8297234,User,7
zcbenz,639601,User,7
imyller,1898870,User,7
jscissr,4520820,User,7
proppy,5268,User,7
blazzy,238374,User,7
tshinnic,842881,User,7
thlorenz,192891,User,7
jun-oka,11976448,User,7
aheckmann,166834,User,6
a0viedo,2440935,User,6
thekemkid,6907399,User,6
jmdarling,2251119,User,6
fanatid,2633065,User,6
nikhilm,78682,User,6
raymondfeng,540892,User,6
stephank,89950,User,6
timoxley,43438,User,6
williamkapke,739813,User,6
dcposch,169280,User,6
starkwang,10933333,User,6
radelmann,11262165,User,6
adammw,153219,User,5
adityaanandmc,5358146,User,5
gromnitsky,250919,User,5
zertosh,830952,User,5
aredridel,2876,User,5
AvianFlu,788946,User,5
Southern,887133,User,5
wankdanker,624233,User,5
DTrejo,56119,User,5
DmitryBaranovskiy,22726,User,5
fhalde,7455872,User,5
feross,121766,User,5
jas-,422084,User,5
kfarnung,931192,User,5
kthelgason,2563784,User,5
mnot,74384,User,5
inimino,158652,User,5
ojss,10680833,User,5
omsmith,1127384,User,5
defunctzombie,84792,User,5
jhamhader,7780985,User,5
sivaprs,5655189,User,5
morkai,301053,User,5
jBarz,15161981,User,5
AdamMajer,1211498,User,4
Hello71,351006,User,4
AlexYursha,4990557,User,4
farhadi,102497,User,4
andrasq,5438027,User,4
apaprocki,767372,User,4
arlolra,123708,User,4
3rd-Eden,28071,User,4
notarseniy,1084409,User,4
arturadib,741528,User,4
XeCycle,763350,User,4
drifkin,175530,User,4
etlovett,537241,User,4
erikdubbelboer,522870,User,4
fwg,139187,User,4
digitalinfinity,158390,User,4
KiNgMaR,438358,User,4
RReverser,557590,User,4
jennabelle,5351085,User,4
jmar777,183199,User,4
jmm,129203,User,4
joeshaw,39916,User,4
juliangruber,10247,User,4
KenanSulayman,280212,User,4
kevmannn,7981701,User,4
kemitchell,205760,User,4
mafintosh,376661,User,4
obastemur,4390745,User,4
paddybyers,1137574,User,4
langpavel,142462,User,4
wzoom,515269,User,4
robertchiras,6917800,User,4
russellhaering,81445,User,4
captainsafia,1857993,User,4
SaltwaterC,683450,User,4
tchollingsworth,964145,User,4
tobie,3392,User,4
vinimdocarmo,4542024,User,4
zbjornson,469365,User,4
zoka,8075,User,4
mutantcornholio,588262,User,4
davidmarkclements,1190716,User,4
fengmk2,156269,User,4
ALJCepeda,5140822,User,4
tarunbatra,5329230,User,4
jessicaquynh,12400507,User,4
suryagh,5177920,User,4
ghaiklor,3625244,User,4
skenqbx,1083944,User,4
qbit,68368,User,3
adrian-nitu-92,1495995,User,3
ak239,426418,User,3
lxe,1486609,User,3
papandreou,373545,User,3
anoff,7142618,User,3
avz,874980,User,3
bmeurer,815988,User,3
d0k,16542,User,3
Benjamin-Waters,932966,User,3
brad-decker,4448075,User,3
bradleythughes,2227152,User,3
brandon-beacher,469,User,3
cskr,173476,User,3
chinedufn,2099811,User,3
cByst,2294736,User,3
brodybits,1559888,User,3
monsanto,247721,User,3
darai0512,11780786,User,3
dfabulich,96150,User,3
dbkaplun,1765130,User,3
aikar,58008,User,3
DanielG,199218,User,3
sciolist,163642,User,3
agnat,137545,User,3
davidsklar,177495,User,3
dirceu,15843,User,3
dominictarr,259374,User,3
evlun,881973,User,3
Ethan-Arrowood,16144158,User,3
npcode,1129852,User,3
alFReD-NSH,822510,User,3
fhemberger,153481,User,3
Gioyik,1834718,User,3
jrmce,6009809,User,3
Raynos,479538,User,3
fastest963,112555,User,3
kassens,11849,User,3
whitlockjc,98899,User,3
piranna,532414,User,3
jreading,301830,User,3
jonathanong,643505,User,3
jonathanp,76098,User,3
rentzsch,2971,User,3
JosephPecoraro,11351,User,3
snoj,391184,User,3
joshaven,21927,User,3
JustinBeckwith,534619,User,3
kevinoid,336433,User,3
kunalspathak,12488060,User,3
lfortin,154208,User,3
markstos,25829,User,3
mcornac,7787256,User,3
micnic,1449826,User,3
mike-kaufman,8702326,User,3
MikeRalphson,21603,User,3
mithun-daa,852171,User,3
nfriedly,114976,User,3
enaqx,182219,User,3
Olegas,389390,User,3
kof,52824,User,3
thewazir,690856,User,3
focusaurus,482377,User,3
reid,9517,User,3
Kasher,5157107,User,3
rus0000,5832730,User,3
ryanmurakami,767105,User,3
okuryu,34588,User,3
samshull,181527,User,3
samsonjs,32487,User,3
scottgonzalez,141167,User,3
Sequoia,317498,User,3
BlueHaunter,20745588,User,3
shubheksha,7693422,User,3
opichals,140211,User,3
sgallagher,739555,User,3
stevemao,6316590,User,3
stevejs,24657085,User,3
thomseddon,747138,User,3
tswicegood,4328,User,3
mraleph,131846,User,3
WesTyler,12154939,User,3
strugee,911174,User,3
DannyNemer,170023,User,3
llkats,578156,User,3
jacobsa,202895,User,2
aashil,6216576,User,2
ahmadnassri,183195,User,2
akito0107,4981813,User,2
alexhultman,3397140,User,2
AlexanderOMara,1740229,User,2
wildchild,5239,User,2
alram,660521,User,2
AlexeyKupershtokh,499778,User,2
amarzavery,4521223,User,2
aconbere,17713,User,2
andrewlow,2952475,User,2
agcolom,688413,User,2
subzey,810582,User,2
wanderview,1256526,User,2
bripkens,596443,User,2
bentaber,175805,User,2
benw,12386,User,2
bf4,142914,User,2
bruston,3519911,User,2
bidipyne,25031476,User,2
blakeembrey,1088987,User,2
bmizerany,46,User,2
brycebaril,126482,User,2
exinfinitum,6677095,User,2
apexskier,329222,User,2
kampde,1528401,User,2
cesarhq,19673907,User,2
charmander,1889843,User,2
chasestarr,5317799,User,2
chris--young,6627780,User,2
chjj,470564,User,2
crokita,8710766,User,2
codeVana,10875575,User,2
danielchatfield,1058676,User,2
dannoc,1961957,User,2
danielgtaylor,106826,User,2
danielmoore,616152,User,2
daniel-pittman,7246312,User,2
danielgsims,695933,User,2
dturing,582442,User,2
dguo,2763135,User,2
danyshaanan,1116738,User,2
darylthayilporch,10637168,User,2
davglass,32551,User,2
cxreg,55474,User,2
kesla,74128,User,2
Dean-Coakley,15719653,User,2
dnakamura,12418336,User,2
DiegoRBaquero,2006839,User,2
diosney,1340074,User,2
azer,13072,User,2
ebraminio,833473,User,2
ehsan,168508,User,2
tmpvar,46673,User,2
ELLIOTTCABLE,200,User,2
egirshov,341901,User,2
evmar,3847,User,2
ftatieze,8139283,User,2
fundon,27926,User,2
blakmatrix,91209,User,2
reconbot,25966,User,2
fmarier,167821,User,2
fmy,856469,User,2
gwicke,1225898,User,2
gareth-ellis,14981026,User,2
taterbase,940180,User,2
stagas,283907,User,2
gergelyke,2174968,User,2
giltayar,403268,User,2
ghughes,163358,User,2
baseprime,1062622,User,2
ghvaldez,1661466,User,2
sitegui,2801575,User,2
guisouza,2624370,User,2
aubergine10,1386719,User,2
entertainyou,277022,User,2
popomore,360661,User,2
harishtejwani,1320750,User,2
hnry,25837,User,2
igorklopov,1372431,User,2
IonicaBizau,2864371,User,2
coltrane,904779,User,2
jhckragh,129259,User,2
substack,12631,User,2
jsumners,321201,User,2
janl,11321,User,2
trendsetter37,711968,User,2
jeffbski,5689,User,2
techjeffharris,1063255,User,2
jed,4433,User,2
jseijas,5803170,User,2
jimmyhsu,3836890,User,2
jwueller,388308,User,2
eversojk,2398285,User,2
recursivefunk,479726,User,2
jondavidjohn,401520,User,2
jdknezek,1338,User,2
JonathanPrince,2764625,User,2
josephg,47413,User,2
jfromaniello,178512,User,2
daguej,354349,User,2
JoshuaMays,8404857,User,2
jfhbrook,57536,User,2
josher19,175075,User,2
juamedgod,1295175,User,2
jhorstmann,689138,User,2
Qantas94Heavy,4044581,User,2
grayrest,32299,User,2
k3kathy,4750614,User,2
magicmonkey,172622,User,2
kzurawel,867492,User,2
kohei-takata,7623979,User,2
kkaefer,52399,User,2
likhter,148124,User,2
kriskowal,60294,User,2
lalitkapoor,140436,User,2
LinusU,189580,User,2
loganfsmyth,132260,User,2
lorenzleutgeb,542154,User,2
luismreis,101878,User,2
ahoym,5249615,User,2
marzelin,13483453,User,2
mariano,18598,User,2
gagern,190759,User,2
matejkrajcovic,7902626,User,2
matkoniecz,899988,User,2
mtharrison,916064,User,2
mattcphillips,16504253,User,2
