bengotow,1037212,User,2097
emorikawa,489001,User,1324
jstejada,1271509,User,1134
jackiehluo,8452682,User,242
hallamoore,5383890,User,217
spang,48515,User,154
mhahnenberg,105052,User,110
mbilker,1266541,User,87
dregitsky,5704244,User,76
khamidou,44081,User,70
grinich,92417,User,46
annielcook,6455793,User,29
EthanBlackburn,3019043,User,17
flyingclimber,640437,User,14
jamiewilson,3308673,User,7
sbstnmsch,7263665,User,4
DakotaNelson,6242741,User,4
logandavis,5788655,User,4
dillonforrest,1864785,User,3
agsdot,1510449,User,3
KartikTalwar,461702,User,3
pfista,728526,User,3
jathpala,20366024,User,3
courajs,1588273,User,3
GM-Polyakov,14609676,User,3
Eldorado234,571090,User,3
agudulin,492261,User,2
brettgerry,2729391,User,2
carsonip,9133397,User,2
colinking,2907397,User,2
dcposch,169280,User,2
daveperdue,4868845,User,2
DavidChouinard,388552,User,2
emfree,1868186,User,2
ForbesLindesay,1260646,User,2
oksas,13337954,User,2
e2corporation,1742233,User,2
KevinMartin,510957,User,2
koenpunt,351038,User,2
ridem,3911747,User,2
noahbuscher,4841586,User,2
OJFord,3946014,User,2
paulxuca,7885473,User,2
rclai,1316261,User,2
mxstbr,7525670,User,2
adriangrantdotorg,1000506,User,1
ahmedlhanafy,7052827,User,1
akashnimare,2263909,User,1
acgissues,5740892,User,1
aloisdg,3449303,User,1
AskBre,5452222,User,1
manicmarvin,10953704,User,1
binhonglee,16726210,User,1
boriskaiser,252113,User,1
brycedorn,3171252,User,1
diklein,1031939,User,1
enrique-ramirez,1190640,User,1
francois2metz,86659,User,1
ForNeVeR,92793,User,1
g105b,358014,User,1
vanhonit,1215676,User,1
arimai,20115943,User,1
jamiehenson,1105768,User,1
pamdirac,310388,User,1
jonasws,2318955,User,1
jonboiser,10248067,User,1
jpelgrom,8148535,User,1
digitalmaster,1279335,User,1
keitharm,919806,User,1
KyleKing,3784339,User,1
luixal,615268,User,1
lukegb,246745,User,1
LukeSchlangen,5384581,User,1
FooBarQuaxx,2607178,User,1
madhugb,538540,User,1
malonehedges,12092296,User,1
xasos,6235280,User,1
OliverCole,6171713,User,1
pabloniklas,2980327,User,1
boffbowsh,18276,User,1
systemizer,625343,User,1
stanfieldr,7494573,User,1
sachinag,204258,User,1
cllns,632942,User,1
Siilwyn,5701149,User,1
sethvargo,408570,User,1
codebytere,2036040,User,1
steelbrain,4278113,User,1
Sumukh,882381,User,1
timtjtim,6292691,User,1
Wattenberger,3506269,User,1
yishus,5773874,User,1
dyrnade,799562,User,1
jan509,14963947,User,1
sriraman,2248359,User,1
