mjackson,92839,User,1367
ryanflorence,100200,User,1024
taion,3112159,User,381
timdorr,17882,User,226
knowbody,3802023,User,124
gaearon,810438,User,92
pshrmn,1127037,User,55
taurose,1550663,User,28
tylermcginnis,2933430,User,14
avanderhoorn,585619,User,13
nhunzaker,590904,User,13
prattsj,1890882,User,11
Schniz,2054772,User,11
brigand,936069,User,8
alisd23,5804010,User,6
dancannon,414768,User,6
malte-wessel,1020216,User,6
spicyj,6820,User,6
insin,226692,User,5
thaiphan,644172,User,5
chentsulin,3382565,User,5
benjohnson,69549,User,4
coryhouse,1688997,User,4
johnnyreilly,1010525,User,4
clearjs,9261262,User,4
eXon,280982,User,3
bobeagan,100226,User,3
gmaclennan,290457,User,3
IljaDaderko,3154053,User,3
joekrill,393220,User,3
johanneslumpe,3470207,User,3
jmreidy,35949,User,3
KidkArolis,324440,User,3
seanadkinson,1429507,User,3
thibaudcolas,877585,User,3
wesbos,176013,User,3
YasserKaddour,7279640,User,3
inuscript,13282103,User,3
aaronshaf,122654,User,3
deowk,5707616,User,3
trotzig,578277,User,3
jaketrent,552044,User,3
stanleycyang,3037893,User,3
acjay,1256382,User,2
alexlande,808159,User,2
acdlite,3624098,User,2
aaugustin,788910,User,2
bjfletcher,733849,User,2
benstokoe,784093,User,2
benvinegar,2153,User,2
benjie,129910,User,2
rralian,134044,User,2
bradleyboy,755001,User,2
brikou,383212,User,2
steida,66249,User,2
zenlambda,2952592,User,2
jacobrask,58563,User,2
jlongster,17031,User,2
xjamundx,246143,User,2
imjared,525011,User,2
jaredpalmer,4060187,User,2
jblock,675732,User,2
bsingr,165477,User,2
frostney,554648,User,2
jrouleau,11533746,User,2
perrin4869,5774716,User,2
justin808,1118459,User,2
kirill-konshin,1530410,User,2
KyleAMathews,71047,User,2
landonwilkins,1473134,User,2
bancek,367440,User,2
xiangzhuyuan,380168,User,2
mhils,1019198,User,2
ungoldman,427322,User,2
natorojr,1237186,User,2
niksudan,6004491,User,2
werme,1403501,User,2
mayani,3474715,User,2
vramana,3112509,User,2
robinboehm,820391,User,2
simonista,60822,User,2
SpainTrain,380032,User,2
stevenyap,5533717,User,2
Download,153391,User,2
supasate,237753,User,2
0x80,1193520,User,2
trodrigues,38177,User,2
tgriesser,154748,User,2
tyrsius,1187432,User,2
tokams,10460371,User,2
VladShcherbin,6711845,User,2
uberllama,109640,User,2
lime008,10263863,User,2
nvartolomei,543193,User,2
petehunt,239742,User,2
torarnek,283192,User,2
abergs,357283,User,2
billyjanitsch,1158733,User,2
idolize,635005,User,2
djkirby,2212806,User,2
etiennetremel,995474,User,2
jwdotjs,246603,User,2
jochenberger,370733,User,2
krawaller,249764,User,2
oliviertassinari,3165635,User,2
qimingweng,8117770,User,2
simenbrekken,12807,User,2
aaroncraig10e,24529878,User,1
aaronjensen,8588,User,1
abhilashsajeev,8110867,User,1
truckingsim,992973,User,1
amaseda,3519147,User,1
aesopwolf,6847633,User,1
dashed,139499,User,1
javawizard,874635,User,1
lexjacobs,5633015,User,1
Abazhenov,12176989,User,1
YoruNoHikage,969003,User,1
alfonsogoberjr,829877,User,1
allanhortle,3760524,User,1
oliveiraa,366062,User,1
andreogle,4114009,User,1
AnSavvides,2316326,User,1
zertosh,830952,User,1
apalm,4495237,User,1
arasmussen,969540,User,1
AndrewRayCode,79215,User,1
andreynering,7011819,User,1
andreypopp,30594,User,1
andyfangdz,3586644,User,1
annarankin,11503403,User,1
ahstro,3090888,User,1
apostolos,41679,User,1
ArnoSaine,5928960,User,1
asaf,14259,User,1
hegdeashwin,4667864,User,1
bae-unidev,7274084,User,1
barretts,1238994,User,1
bengotow,1037212,User,1
benlakey,712322,User,1
bripkens,596443,User,1
bs1180,5904336,User,1
benwiley4000,13558253,User,1
bcremer,55820,User,1
benstepp,7683393,User,1
bbenezech,26794,User,1
BerkeleyTrue,6775919,User,1
BilalBudhani,1650995,User,1
godban,2461970,User,1
BradEstey,578665,User,1
brandonlilly,9450681,User,1
brendannee,96217,User,1
brenoc,284515,User,1
callumacrae,472830,User,1
Canop,617006,User,1
carloluis,6170808,User,1
caseywebdev,1181237,User,1
Calyhre,3692274,User,1
cweems,1418949,User,1
lazywei,2840571,User,1
chrisbolin,2822048,User,1
chrisirhc,132584,User,1
clhenrick,161748,User,1
cleercode,345452,User,1
tsongas,2079598,User,1
christiantakle,684866,User,1
klaemo,778624,User,1
damusnet,433409,User,1
daemonsy,1251946,User,1
danielberndt,856386,User,1
omnidan,668674,User,1
danieljuhl,2785418,User,1
DannyDelott,4524175,User,1
dguo,2763135,User,1
darmou,491772,User,1
dbashford,581127,User,1
dbunker,751580,User,1
davezuko,6439050,User,1
dnshi,5042222,User,1
0x860111,14056746,User,1
dhruvdutt,5961873,User,1
bogas04,6177621,User,1
suvjunmd,11020536,User,1
slonoed,463239,User,1
dhruska,2578537,User,1
DonnieWest,1453484,User,1
dylancompanjen,12894112,User,1
dmarkow,8009,User,1
estaub,1131334,User,1
edvinerikson,3890572,User,1
eknuth,200663,User,1
edygar,566280,User,1
elie,5502107,User,1
EQuimper,15819498,User,1
kafein,12200104,User,1
ericchernuka,243155,User,1
elpete,2583646,User,1
contra,425716,User,1
Vpr99,1228867,User,1
epeli,225712,User,1
evanx,899558,User,1
ekweible,684353,User,1
frontsideair,868283,User,1
fb55,188768,User,1
fjaguero,716123,User,1
fdaciuk,487669,User,1
NameFILIP,834796,User,1
Floriferous,10428082,User,1
F21,2263040,User,1
frankleng,6145910,User,1
lith-light-g,13585306,User,1
CodogoFreddie,6035099,User,1
bigblind,737493,User,1
frux,4231003,User,1
gabrielenosso,4018887,User,1
thegaryroberts,12859748,User,1
hgezim,124675,User,1
gilbarbara,31954,User,1
Gpx,767959,User,1
ghempton,8994,User,1
gcorne,266036,User,1
gwilymhumphreys,1334637,User,1
morenoh149,587438,User,1
hsingh23,1136514,User,1
Hatlen,670740,User,1
hom-bahrani,8465628,User,1
dozoisch,4422516,User,1
hmalphettes,55289,User,1
kutagh,520318,User,1
iest,1926464,User,1
igorgolovanov,363810,User,1
igorskuhar,5592468,User,1
jonasi,379851,User,1
istarkov,5077042,User,1
izakfilmalter,5874330,User,1
jackfranklin,193238,User,1
jgable,164497,User,1
jfarid27,1673206,User,1
jameslaneconkling,4389360,User,1
jamischarles,606014,User,1
jaredly,112170,User,1
JasonEtco,10660468,User,1
glortho,526284,User,1
JedWatson,872310,User,1
jeffbski,5689,User,1
winkler1,883896,User,1
nornagon,172800,User,1
herrstucki,70969,User,1
jeroencoumans,15248,User,1
jesstelford,612020,User,1
jesseskinner,107450,User,1
tsing,14569,User,1
arkist,1099068,User,1
jepezi,172099,User,1
Jocs,9712830,User,1
dizlexik,300104,User,1
joeyyang,2928395,User,1
jhnns,781746,User,1
jharris4,7042043,User,1
jonathanp,76098,User,1
hellojwilde,44190,User,1
joonhocho,930795,User,1
jamedranoa,7192535,User,1
jorrit,521449,User,1
joscha,188038,User,1
jfurie,651422,User,1
jclgoodwin,5629201,User,1
tukkajukka,1825929,User,1
julen,16768,User,1
JustinTulloss,23734,User,1
krinoid,25506297,User,1
KamilSzot,121741,User,1
karanjthakkar,1824298,User,1
gavacho,106077,User,1
kentor,240493,User,1
kentcdodds,1500684,User,1
kkirsche,947110,User,1
kevinold,21967,User,1
ksloan,1953934,User,1
klis87,11601850,User,1
herrkris,9323,User,1
kwelch,1295580,User,1
leighsn,9770766,User,1
elyobo,407806,User,1
cheeaun,2296,User,1
luigy,817138,User,1
VictorSigma,201937,User,1
lukehorvat,1034878,User,1
XeeD,17111,User,1
morsdyce,1665570,User,1
MarcBalaban,2932405,User,1
funkybunky,3820519,User,1
zupzup,942652,User,1
markdalgleish,696693,User,1
mfunkie,1137065,User,1
MarkMurphy,873474,User,1
marksamman,636597,User,1
maxdeviant,1486634,User,1
mlusetti,197125,User,1
molily,51251,User,1
mattydoincode,2424440,User,1
mzabriskie,199035,User,1
mtscout6,736870,User,1
MatthiasDebaere,6587006,User,1
MatthieuLemoine,8517072,User,1
mrydengren,137570,User,1
mxstbr,7525670,User,1
iam4x,893837,User,1
maxhoffmann,1227441,User,1
iammerrick,109635,User,1
micahlmartin,171773,User,1
naemono,4429174,User,1
mrienstra,669326,User,1
kryops,1042594,User,1
migolo,207846,User,1
m64253,13025,User,1
fedgrant,2390855,User,1
mikefischer,952760,User,1
grabbou,2464966,User,1
mjw56,161528,User,1
mik01aj,3027415,User,1
tikotzky,200528,User,1
oziks,542074,User,1
mosch,224866,User,1
nginz,762548,User,1
Agrosis,2617549,User,1
ntdb,2095463,User,1
nthtran,1214699,User,1
wyze,186971,User,1
nettofarah,270688,User,1
npbee,3129236,User,1
PixnBits,3945917,User,1
nickuraltsev,6316432,User,1
sanniassin,2291616,User,1
Deoxyribonucleic,3464389,User,1
nishp1,553376,User,1
Noitidart,6372489,User,1
nolman,22493,User,1
olegafx,867546,User,1
olimsaidov,228747,User,1
EloB,476567,User,1
omerzach,204391,User,1
orlandohohmeier,647035,User,1
gdi2290,1016365,User,1
wibron,233347,User,1
ykka,1130636,User,1
paulshen,2266187,User,1
paulstatezny,4662353,User,1
langpavel,142462,User,1
nylira,172531,User,1
peterthompson,5079848,User,1
petercm,276955,User,1
Aprillion,1087670,User,1
polkovnikov-ph,2983969,User,1
sphire,508,User,1
serprime,417542,User,1
pleunv,182021,User,1
prathamesh-sonpatki,621238,User,1
rafrex,11911299,User,1
ydnar,34146,User,1
richardcrichardc,885016,User,1
doctyper,6960,User,1
maisano,689081,User,1
rickharrison,22048,User,1
RileyTomasek,895082,User,1
riophae,1289884,User,1
unRob,123365,User,1
rockymeza,21784,User,1
roderickhsiao,3906130,User,1
rodocite,5395456,User,1
rpokorny,3630091,User,1
roycehaynes,463577,User,1
ryardley,1256409,User,1
rojobuffalo,3956993,User,1
mehcode,753919,User,1
ryankshaw,10541,User,1
zhirzh,8132723,User,1
sahat,544954,User,1
SanderSpies,1114117,User,1
sarbbottam,949380,User,1
mergebandit,22401430,User,1
SeanGroff,4367312,User,1
sebastiandeutsch,25593,User,1
sgoll,1277035,User,1
genbit,72428,User,1
shawnmclean,199751,User,1
sherodtaylor,1483092,User,1
seekshiva,484349,User,1
silasb,40670,User,1
goldensunliu,1348993,User,1
solugebefola,12288273,User,1
mrscobbler,1317004,User,1
cody,1382156,User,1
greenimpala,1367878,User,1
sprjr,682566,User,1
steveluscher,13243,User,1
szymonkups,2396463,User,1
ZuTa,1126672,User,1
Bigguy34,754720,User,1
tnrich,2730609,User,1
pthorn,1325493,User,1
teameh,1330668,User,1
TimothyKrell,1585669,User,1
sokra,1365881,User,1
ybot1122,3688288,User,1
iamtmrobinson,2872645,User,1
tom76kimo,1792081,User,1
ttakezawa,801879,User,1
codegoat,1648806,User,1
TrexinanF14,7518016,User,1
tyleriguchi,5283926,User,1
ustun,94374,User,1
Gregoirevda,12223738,User,1
varatep,3941301,User,1
vasanthk,3537278,User,1
viniciusdacal,2660570,User,1
vishaltelangre,876195,User,1
vladimir-vg,227746,User,1
kapooostin,467097,User,1
WRidder,777658,User,1
wcwung,4923966,User,1
wmertens,54934,User,1
zwily,4167,User,1
zachasme,986290,User,1
xaph,124090,User,1
anonymosh,18506071,User,1
cluelessjoe,982002,User,1
davertron,70140,User,1
djskinner,2514172,User,1
gilesbradshaw,597115,User,1
greenkeeperio-bot,14790466,User,1
heebtob,7197699,User,1
iNikNik,7679749,User,1
jalooc,6209244,User,1
jarvismartin,4064371,User,1
jquense,339286,User,1
jschloer,2847744,User,1
jwbay,1320447,User,1
kelsadita,839955,User,1
kkkrist,3873068,User,1
leungwensen,1655789,User,1
mattiamanzati,13787614,User,1
mattkrick,5514175,User,1
modernlegend,2801963,User,1
motiz88,2246565,User,1
natew,12100,User,1
pelonpelon,254146,User,1
penx,1027024,User,1
pjuke,1030313,User,1
rayhatfield,1164081,User,1
reod,3164299,User,1
sampeka,7493006,User,1
skratchdot,434470,User,1
silentcloud,1698185,User,1
