gaearon,810438,User,1056
timdorr,17882,User,106
markerikson,1128784,User,105
ellbee,6018379,User,68
omnidan,668674,User,52
acdlite,3624098,User,47
emmenko,1110551,User,27
mindjuice,934638,User,22
chentsulin,3382565,User,20
hedgerh,2524280,User,20
aikoven,857709,User,18
mxstbr,7525670,User,13
ChrisJamesC,1410314,User,13
mikekidder,41694,User,13
coryhouse,1688997,User,9
ffky,682943,User,9
vramana,3112509,User,9
danmaz74,302674,User,8
CodinCat,3193344,User,7
danmartinez101,29076302,User,7
ghengeveld,321738,User,7
webpro,456426,User,7
knowbody,3802023,User,7
davezuko,6439050,User,7
urbanvikingr,12019797,User,6
dariocravero,376268,User,6
ooflorent,168498,User,6
Igorbek,1929486,User,6
jimbolla,1851364,User,6
johanneslumpe,3470207,User,6
mjethani,617358,User,6
pedrottimark,11862657,User,6
pierrickouw,1119578,User,6
tonyspiro,1950722,User,6
vslinko,205823,User,6
camsong,948896,User,5
gsklee,1006291,User,5
JamieDixon,1519443,User,5
moroshko,259753,User,5
just-boris,812240,User,5
aaronjensen,8588,User,4
aweary,6886061,User,4
Bjvanminnen,1767466,User,4
mjw56,161528,User,4
kolodny,1187604,User,4
rwillrich,1250476,User,4
gcanti,878912,User,4
slorber,749374,User,4
skevy,131916,User,3
benlesh,1540597,User,3
djhojd,954173,User,3
quicksnap,1199742,User,3
dbrans,507015,User,3
fshowalter,842058,User,3
brigand,936069,User,3
glifchits,1447967,User,3
gbezyuk,1452165,User,3
JoeCortopassi,943606,User,3
kmerhi,351282,User,3
kwnccc,1969742,User,3
ream88,14321,User,3
markfinger,175974,User,3
michalkvasnicak,174716,User,3
SimenB,1404810,User,3
tappleby,1435253,User,3
wbreakell,7564618,User,3
voter101,2883685,User,3
wmertens,54934,User,3
stoikerty,3392110,User,3
jzlxiaohei,1884248,User,3
arnaudbenard,1458008,User,3
jridgewell,112982,User,3
demohi,1209159,User,3
lifeiscontent,180963,User,2
ashaffer,1871136,User,2
arjunblj,1711143,User,2
artgillespie,509730,User,2
sapegin,70067,User,2
appsforartists,926648,User,2
existentialism,56288,User,2
christian-fei,2662706,User,2
Cplantijn,6914382,User,2
thedgbrt,1362558,User,2
DanielRuf,827205,User,2
dankoknad,8673161,User,2
dguo,2763135,User,2
idolize,635005,User,2
DerekCuevas,6598540,User,2
iamdustan,227879,User,2
eriknyk,205721,User,2
frooeyzanny,8568335,User,2
frodereinertsen,69297,User,2
glennreyes,5080854,User,2
hanumanthan,5584802,User,2
somebody32,25742,User,2
CompuIves,587016,User,2
machineloop,3682072,User,2
jakegardner,8684058,User,2
jamiehodge,448777,User,2
jayphelps,762949,User,2
taion,3112159,User,2
jdalton,4303,User,2
iquabius,3139777,User,2
julen,16768,User,2
creamidea,1274730,User,2
justingreenberg,1539088,User,2
jhewlett,1883526,User,2
khtdr,1775593,User,2
kevmannn,7981701,User,2
leoasis,328001,User,2
lukewestby,1508245,User,2
Andarist,9800850,User,2
nateq314,1175921,User,2
npverni,3537,User,2
naw,8030877,User,2
nelsonjchen,5363,User,2
nickbalestra,389705,User,2
nkbt,175264,User,2
nhjk,3460415,User,2
pooyaj,2992515,User,2
raineorshine,750276,User,2
sambs,51508,User,2
sumbach,11580,User,2
gribnoysup,5036933,User,2
skube,146396,User,2
Bernardstanislas,4435377,User,2
svenanders,1560743,User,2
takashi,1506738,User,2
tomatau,1243486,User,2
thomastuts,1914255,User,2
timkraut,509669,User,2
TimurM,5412725,User,2
tomkis,5079224,User,2
vnctaing,4825444,User,2
wbuchwalter,3621290,User,2
mz026,680900,User,2
git-in-my-anus,3206415,User,2
jbovenschen,4903014,User,2
ischerbakov,4072360,User,2
conorhastings,8263298,User,2
krawaller,249764,User,2
evgenyrodionov,775692,User,2
chicoxyzzy,1507086,User,2
af,25241,User,1
Aaronik,1324601,User,1
adam-beck,6046654,User,1
aparticka,2340157,User,1
yarabarla,9024414,User,1
scmx,603846,User,1
dzhiriki,2043141,User,1
xuoe,2517560,User,1
alexfedoseev,4244251,User,1
FlyingDR,822673,User,1
alextsg,8051479,User,1
KELiON,594298,User,1
Li0liQ,198955,User,1
amowu,559351,User,1
ahz,5570430,User,1
ahuff44,4911964,User,1
arasmussen,969540,User,1
andrey-ponamarev,6339002,User,1
alucic,1689028,User,1
acrispino,1243207,User,1
amZotti,5640348,User,1
MystK,7399140,User,1
burnash,264674,User,1
itrelease,41234,User,1
ahstro,3090888,User,1
Restuta,377261,User,1
yefremov,59296,User,1
AprilArcus,2045543,User,1
arian,109243,User,1
arnif,1312916,User,1
asaf,14259,User,1
austingray,3529737,User,1
averyby,26500988,User,1
axelclark,16856928,User,1
sd2k,5464991,User,1
papaben,821115,User,1
bodhi,28731,User,1
TrySound,5635476,User,1
boopathi,294474,User,1
bradleyboy,755001,User,1
bradgignac,17019,User,1
brentvatne,90494,User,1
hartca,7166977,User,1
canibanoglu,3527191,User,1
cvbuelow,1081493,User,1
cgruppioni,14900328,User,1
cesarandreu,656870,User,1
chadfurman,635170,User,1
chanhokim,6081626,User,1
cfleschhut,34942,User,1
cpojer,13352,User,1
chuckdishmon,7269329,User,1
use-strict,9483866,User,1
meenie,1126819,User,1
CrocoDillon,3235119,User,1
dsimmons,694034,User,1
danidewitt,3790037,User,1
dcarral,1498567,User,1
dcefram,687325,User,1
DanielRosenwasser,972891,User,1
danez,231804,User,1
grifotv,435351,User,1
keepitreal,2781807,User,1
marr,44376,User,1
davidascher,51278,User,1
dfrownfelter,5925266,User,1
dliv,390905,User,1
dmin,371998,User,1
btd,334851,User,1
xgrommx,1499594,User,1
dennisso,5647709,User,1
psirenny,463178,User,1
diegofu,2507791,User,1
dimaip,837032,User,1
dminkovsky,218725,User,1
dmitry-zaets,2580555,User,1
dferber90,1765075,User,1
dylancompanjen,12894112,User,1
eeinowski,18406418,User,1
edvinerikson,3890572,User,1
eiriklv,3486317,User,1
ThisIsMissEm,30827,User,1
enguerran,701648,User,1
ericandrewlewis,1087646,User,1
borkxs,1069580,User,1
erikras,4396759,User,1
skuridin,929601,User,1
BafS,588205,User,1
FokkeZB,2699409,User,1
ForbesLindesay,1260646,User,1
namelos,10193405,User,1
Frezc,6942296,User,1
furkanpoyraz,11399195,User,1
Zhouzi,2291025,User,1
gajus,973543,User,1
quamen,1268,User,1
GaryH21,6901042,User,1
Gazler,477511,User,1
quavmo,606529,User,1
grp06,1573959,User,1
firstdoit,1633518,User,1
inkinworld,12553724,User,1
Haroenv,6270048,User,1
HeinrichFilter,265415,User,1
HPate-Riptide,7937026,User,1
hjr3,33318,User,1
jugend,7715,User,1
iansinnott,3154865,User,1
igorsantos07,532299,User,1
ipeters90,10625443,User,1
istarkov,5077042,User,1
jarsbe,731206,User,1
jtmthf,8162598,User,1
jacksonhoose,982099,User,1
jamesxv7,121668,User,1
jirutka,949228,User,1
janhenrikoverland,1010094,User,1
jaredly,112170,User,1
hipertracker,649,User,1
jas-chen,2928661,User,1
jmrog,8409748,User,1
jstafford,525118,User,1
jshen212,13911280,User,1
tizmagik,244704,User,1
jerodsanto,8212,User,1
jhen0409,3001525,User,1
jiayihu,10067273,User,1
jimmyhmiller,6071338,User,1
johannes-photobox,11391271,User,1
John-Appleseed,7055847,User,1
sirreal,841763,User,1
jontewks,3970573,User,1
jonas,8417,User,1
dijonkitchen,11434205,User,1
jonathanconway,310330,User,1
jongar,4993765,User,1
jory,200687,User,1
joshburgess,5396631,User,1
TehShrike,1141869,User,1
joshkel,476338,User,1
jovey-zheng,9565245,User,1
joaolucasl,11381624,User,1
joaomoreno,22350,User,1
revolunet,124937,User,1
julien-f,298721,User,1
justinbach,142722,User,1
jchapron,874392,User,1
qzb,2114729,User,1
keik,1908099,User,1
kalinchernev,1923476,User,1
keithyong,6934989,User,1
kengorab,6582067,User,1
kentor,240493,User,1
kevinzwhuang,7256178,User,1
thekevlau,4583201,User,1
radnor,53380,User,1
kevinmccartney,11141389,User,1
kevinold,21967,User,1
kevinrutherford,23290,User,1
yuezk,3297602,User,1
koalex,8536648,User,1
koistya,197134,User,1
Krizzu,6444719,User,1
kushal,109492,User,1
indigofeather,512821,User,1
lez,203039,User,1
lauritzsh,1979410,User,1
Leonid-Yeromin,22071306,User,1
6ewis,840609,User,1
carpeliam,12058,User,1
liubko,4257937,User,1
Lukeghenco,15013243,User,1
luqmaan,1275831,User,1
sircelsius,5041899,User,1
johnsome,16687,User,1
MarkPollmann,5286559,User,1
datenreisender,260705,User,1
afram,2238230,User,1
mdulac,1923376,User,1
slek22,4015783,User,1
mattybow,4393087,User,1
matt-paul,13286587,User,1
matthiasfeist,1589740,User,1
bloodyowl,1688645,User,1
atufkas,581224,User,1
matthieuprat,890117,User,1
mattiasgronlund,7727472,User,1
matthewtff,615515,User,1
Maximilianos,2260302,User,1
theaidem,3463974,User,1
maxfarseer,1026825,User,1
headquarters,347079,User,1
sihaelov,20229528,User,1
mikecasas,11261164,User,1
sicdigital,476204,User,1
mikecheb,250171,User,1
mohamed-ismat,22646941,User,1
salehe,1437198,User,1
mondaychen,1001890,User,1
muralikrishna8,9403543,User,1
kolybasov,3891873,User,1
nadavspi,4383327,User,1
hoegrammer,12954545,User,1
nazar-pc,928965,User,1
ruggeri,627382,User,1
wyze,186971,User,1
nickarora,8520796,User,1
nick,939,User,1
niba1122,9022756,User,1
omerzach,204391,User,1
paularmstrong,33297,User,1
sirbrillig,2036909,User,1
peteallport,6022036,User,1
peterxjang,8083350,User,1
pkova,14286382,User,1
peter-mouland,1727939,User,1
peteruithoven,523210,User,1
quangbuule,5992964,User,1
edge,6856710,User,1
ReadmeCritic,15367484,User,1
remojansen,10656223,User,1
Sparragus,80982,User,1
r-park,6252638,User,1
ro-savage,9244507,User,1
robbawebba,10067384,User,1
tyreer,20293876,User,1
clearjs,9261262,User,1
rgrove,1465,User,1
Ryan-McBride,3507287,User,1
remiprev,11348,User,1
sabahang,2657540,User,1
SamyPesse,845425,User,1
mesaugat,4240991,User,1
mccambridge,400890,User,1
seanmhanson,1130737,User,1
shanemcgraw,10692718,User,1
rccoder,7554325,User,1
beholderrk,841755,User,1
siakaramalegos,4777393,User,1
sbugert,2883939,User,1
paldepind,521604,User,1
psimyn,1731922,User,1
slava-sh,470136,User,1
soneymathew,1210516,User,1
SpencerCDixon,7471018,User,1
stenver,4389843,User,1
stevemao,6316590,User,1
chakrihacker,5210019,User,1
s-coimbra21,9159005,User,1
taehwanno,7760903,User,1
talkol,6762255,User,1
dtinth,193136,User,1
bossbossk20,8810501,User,1
reggi,296798,User,1
troch,1777517,User,1
merk,278097,User,1
tschaub,41094,User,1
timse,749171,User,1
twhitbeck,762471,User,1
nottombrown,306655,User,1
TomyJaya,2363566,User,1
tonnamb,6272864,User,1
abalone0204,5833391,User,1
tylercollier,366538,User,1
tptee,4156258,User,1
umanghome,5698706,User,1
vaclavbohac,139369,User,1
vinogradov,439939,User,1
vaibhavmule,6290791,User,1
BeLi4L,8281983,User,1
Gregoirevda,12223738,User,1
vasanthk,3537278,User,1
Enieste,13987664,User,1
fson,497214,User,1
vincentfretin,112249,User,1
vitorbal,626038,User,1
wesbos,176013,User,1
willnwhite,8081877,User,1
wbern,25477382,User,1
wouterds,1210628,User,1
xcatliu,5453359,User,1
yinshanyang,499829,User,1
arrayjam,3864459,User,1
yury,5250,User,1
jackielii,360983,User,1
naugtur,509375,User,1
zhe,20175,User,1
Cryrivers,1313238,User,1
aequanimitas,2764346,User,1
aimwhy,17923599,User,1
akai,162850,User,1
alexbaumgertner,223620,User,1
ambar,105919,User,1
benny856694,2813030,User,1
brndn4,10066123,User,1
chuqing8086,6111274,User,1
clintwood,2149388,User,1
constb,1006766,User,1
cyrilf,1302282,User,1
dherault,4154003,User,1
liqiang372,6468832,User,1
drewschrauf,596128,User,1
dzannotti,3357072,User,1
elf-pavlik,876431,User,1
ernieturner,11216295,User,1
evilj0e,914429,User,1
FalloutX,3653345,User,1
gios,6967294,User,1
jarstingstall,4945353,User,1
e-jigsaw,557961,User,1
johnsoftek,5147329,User,1
jorispz,2202571,User,1
jquense,339286,User,1
maarekj,1654977,User,1
mset,4497034,User,1
octref,4033249,User,1
paranoidjk,7971415,User,1
rickytong,8501071,User,1
sethflowers,3913676,User,1
spilliton,131613,User,1
spmiller,2683065,User,1
theSmaw,429802,User,1
theotheo,1499744,User,1
tinybug,3439875,User,1
troybetz,6295938,User,1
da-vaibhav,1468518,User,1
