u2,161756,User,31
NumEricR,262560,User,25
n1k0,41547,User,10
JoahG,2164095,User,7
PeterDaveHello,3691490,User,6
oscardelben,3892,User,4
Adman,865063,User,3
nicknovitski,151337,User,3
shakeelmohamed,1480063,User,3
coverband,71965,User,3
okor,142910,User,3
trans,23423,User,2
acrogenesis,1312687,User,2
conormcd,143099,User,2
joaosa,659718,User,2
leprechaun,355637,User,2
chocolateboy,31533,User,2
m5n,1642251,User,2
mosampaio,510794,User,2
himanshub16,14041572,User,2
alotaiba,202650,User,1
cyphar,2888411,User,1
aldahick,2233316,User,1
AndrewRadev,124255,User,1
augustl,375,User,1
bardiharborow,1073681,User,1
bitdeli-chef,3092978,User,1
cydrobolt,1058150,User,1
eee-c,26528,User,1
Chris911,1198196,User,1
iamdanw,42931,User,1
gregkare,43297,User,1
hjr3,33318,User,1
igalic,497249,User,1
ivuorinen,11024,User,1
jacobian,21148,User,1
insin,226692,User,1
kudos,30021,User,1
sagotch,1826552,User,1
kmcallister,444997,User,1
mohamedmansour,68524,User,1
none-da,157880,User,1
paulca,1229,User,1
rjatkinson2,3825178,User,1
varzan,948780,User,1
vermiculus,2082195,User,1
simonardejr,3685303,User,1
danprince,1266011,User,1
remarkablerocket,4105753,User,1
