ivaynberg,150030,User,706
kevin-brown,1991850,User,695
fk,21834,User,94
justindujardin,101493,User,14
merkuriy,575792,User,14
creage,910967,User,11
mkurz,644927,User,8
stretch4x4,12271094,User,7
zrc210,6516660,User,7
jdecuyper,369777,User,7
kows,7290402,User,6
Kollibri,533377,User,4
chroder,145357,User,4
gsmet,1279749,User,4
wyuenho,160028,User,4
realityking,628508,User,4
senotrusov,74311,User,4
UltCombo,2090712,User,4
vitalets,1473072,User,4
od3n,156899,User,4
ahmadazimi,1847191,User,3
alanho,71258,User,3
Brankub,1280465,User,3
colemanw,2874912,User,3
ericandrewlewis,1087646,User,3
gschizas,598065,User,3
byroot,44640,User,3
geophree,239010,User,3
julen,16768,User,3
FallSe7en,1052148,User,3
s7anley,640131,User,3
kartik-v,3592619,User,3
kchung,879656,User,3
unho,939880,User,3
lboynton,98873,User,3
mac2000,88868,User,3
molily,51251,User,3
MaxxSoftware,2190557,User,3
pothibo,23230,User,3
stephane,1815,User,3
tedliang,1089679,User,3
todd-givainc,2511999,User,3
Waldz,2713911,User,3
execjosh,189989,User,3
Karmalakas,3602819,User,3
th3byrdm4n,203232,User,3
ycdtosa,672665,User,3
jpic,94636,User,3
bigmihail,3913521,User,3
burnb,5370603,User,3
vikev,1381659,User,3
alekstorm,711371,User,2
malekpour,542968,User,2
asapach,1755336,User,2
AJenbo,204594,User,2
andyfowler,107073,User,2
arendjr,533294,User,2
bjornjohansen,399136,User,2
redbmk,83964,User,2
brendanheywood,187449,User,2
bensampaio,1700178,User,2
dandv,33569,User,2
solcik,1543737,User,2
dawnhammond,6012427,User,2
eduardojmatos,1279783,User,2
fabdouglas,579170,User,2
drakakisgeo,1863506,User,2
gkaczan,1446726,User,2
Inkdpixels,1557092,User,2
Jarreddebeer,1618811,User,2
jpurcell001,1692978,User,2
JelteF,1162278,User,2
jordigg,404331,User,2
kahwee,262105,User,2
lenon,64386,User,2
limonte,6059356,User,2
loic,36160,User,2
LuisGP,5285735,User,2
snrmwg,1194737,User,2
Splaktar,3506071,User,2
NielsKuhnel,78668,User,2
Sopamo,1202596,User,2
rockshandy,57143,User,2
pquentin,42327,User,2
RyanDale,4616451,User,2
santialbo,1557563,User,2
somethvictory,1940423,User,2
slafs,210173,User,2
ZuBB,597016,User,2
orloffv,504986,User,2
XP1,776585,User,2
yonjah,1829789,User,2
alexhaas,654923,User,2
barryhunter,1413156,User,2
leipie,1709779,User,2
tunguski,710664,User,2
TheDistantSea,111740,User,2
pmirshad,66199,User,2
seferov,1233843,User,2
t0m,144980,User,2
yoonsy,3125897,User,2
avelis,181597,User,2
zocoi,212200,User,2
STAH,2418242,User,2
adam-iris,2521495,User,1
aschepis,332202,User,1
asolove,8495,User,1
aanbar,1263408,User,1
aitor,4295,User,1
akinnee,3019562,User,1
rice,177160,User,1
AlexanderLeonov,7725399,User,1
apepper,86275,User,1
alexryd,545192,User,1
AlexanderZaytsev,508532,User,1
anasshekhamis,8655220,User,1
pulzarraider,960844,User,1
drmonkeyninja,357623,User,1
AnthonyDiSanti,911470,User,1
antstorm,118353,User,1
arnar,1498,User,1
arthrp,6719472,User,1
atsawin,666663,User,1
aurelijusrozenas,3273544,User,1
Velocity-,3662930,User,1
bnjmnhndrsn,3485806,User,1
bwalding,47446,User,1
Bob-Plastyk,2627448,User,1
bobbyrenwick,1313013,User,1
boccob,1163243,User,1
TrySound,5635476,User,1
bor0,1620929,User,1
brentburg,225624,User,1
bgertonson,192289,User,1
CWSpear,495855,User,1
chrisforbes,128877,User,1
cvrebert,419884,User,1
christophano,3432137,User,1
crueber,703845,User,1
kris-lab,1843523,User,1
conorbranagan,472446,User,1
vlycser,1004286,User,1
cristi-badila,787587,User,1
damienfinck,1964374,User,1
2color,1992255,User,1
acorncom,802505,User,1
davidfstr,764688,User,1
davidwparker,2379,User,1
dplanella,1689781,User,1
millimoose,675916,User,1
ProLoser,67395,User,1
Decagon,7844441,User,1
Shnoulle,1439428,User,1
pcfreak30,10647,User,1
diogotrentini,3082268,User,1
lazyhammer,757929,User,1
dlion,2125236,User,1
duncansmart,576343,User,1
ebraminio,833473,User,1
emodric,362286,User,1
edwinv,563294,User,1
ericbarnes,116662,User,1
ericdahl,4712580,User,1
fantasticfears,297343,User,1
Iristyle,394081,User,1
fabian,13346,User,1
fedeisas,251675,User,1
foxel,1551926,User,1
fran6co,726088,User,1
francoispluchino,567393,User,1
fjmilens3,3869125,User,1
fcamblor,603815,User,1
gavinwahl,421710,User,1
ghing,110420,User,1
pgilad,4533329,User,1
kfiku,1486311,User,1
1ed,162986,User,1
gsirin,3208391,User,1
masterakado,9117904,User,1
harshadsabne,3154126,User,1
igaidai4uk,2185483,User,1
ifours,2682868,User,1
itainathaniel,971236,User,1
jackyyf,2260355,User,1
jacobh,409333,User,1
jfisheratwork,5756437,User,1
jameskoster,846565,User,1
jamesramsay,1191554,User,1
jkondratowicz,3799879,User,1
apfelbox,1032411,User,1
vyrotek,518436,User,1
jhinch,594559,User,1
jeanmonod,114489,User,1
jeffturcotte,65089,User,1
jesperronn,6267,User,1
butsjoh,96848,User,1
johngallagher,22185,User,1
forby,295742,User,1
jpotterm,134310,User,1
RustyToms,5260472,User,1
binary-koan,1077405,User,1
simi,193936,User,1
joshuajonah,120229,User,1
juanluisrp,826920,User,1
juliankrispel,1188186,User,1
juliomrqz,1911993,User,1
justbeez,185792,User,1
jbrown,47560,User,1
KayLeung,32264,User,1
KevM,1565,User,1
dubbs,405625,User,1
khaledhosny,93914,User,1
kuldarkalvik,1710629,User,1
kylegibson,243791,User,1
larsholm,2386222,User,1
lee-baker,3038186,User,1
leods92,879395,User,1
cheeaun,2296,User,1
eusonlito,644551,User,1
olragon,47636,User,1
luciano-jr,3333167,User,1
murb,177989,User,1
blizzy78,1207236,User,1
manuelmeurer,16672,User,1
marcelod,441936,User,1
markmarkoh,11268,User,1
psybaron,1120908,User,1
derenio,432308,User,1
mattslocum,2158161,User,1
omab,91022,User,1
mcuelenaere,1682432,User,1
mxab,1607547,User,1
MeiRct,11060682,User,1
michalmarek,3969794,User,1
Holek,339861,User,1
mizalewski,1094593,User,1
mlocati,928116,User,1
mikaelkael,212540,User,1
devmonkey22,5084545,User,1
mirceapricop,721926,User,1
nikolas,59292,User,1
nkenneweg,2869837,User,1
ethaizone,1168777,User,1
nopash,4744693,User,1
ocontant,2682054,User,1
b4oshany,1830494,User,1
P0rnflake,9717287,User,1
pborreli,77759,User,1
gdi2290,1016365,User,1
lunks,91118,User,1
quantus,671419,User,1
sumirolabs,10133397,User,1
PeterMozesMerl,6610365,User,1
uestla,373888,User,1
Phazeshift,3158808,User,1
krichprollsch,562696,User,1
tispratik,80631,User,1
radu-ungureanu,5030249,User,1
rajesh-vi,7568514,User,1
rfs,1907147,User,1
rodnaph,447579,User,1
rinogo,3732514,User,1
flyerhzm,66836,User,1
rschmitty,1731504,User,1
jrlynchii,2565219,User,1
argerim,210116,User,1
tamias,478001,User,1
rywall,7904,User,1
salimkayabasi,1138037,User,1
sieppl,837595,User,1
SPodjasek,3293161,User,1
wiraqutra,5179410,User,1
longfin,128436,User,1
Haran,570500,User,1
yallups,2424925,User,1
sbilstein,1259343,User,1
SilverFire,4499203,User,1
sineld,445349,User,1
Smartik89,1436534,User,1
soichih,923896,User,1
zapodot,551569,User,1
stefandroog,534594,User,1
minddust,1268978,User,1
SpyMaster356,2325473,User,1
scstarkey,1728638,User,1
swhitt,239,User,1
codemumbler,1386615,User,1
stozze,2312968,User,1
iamdue,11766738,User,1
tpruvot,145119,User,1
tjnurmin,669108,User,1
teohhanhui,548843,User,1
TheSisb,1592327,User,1
thiagotalma,612578,User,1
timschuitemaker,3748180,User,1
timisbusy,560142,User,1
funkjedi,9314,User,1
futhr,66969,User,1
FROGGS,141968,User,1
norkunas,2722872,User,1
tylerpearson,952809,User,1
Ugoku,3470653,User,1
hitosu,100527,User,1
rvitaliy,1823711,User,1
vitormil,391209,User,1
WouterSioen,1398405,User,1
yanickrochon,78461,User,1
yaronuliel,5229872,User,1
yuks,2283558,User,1
dinglx,179825,User,1
arhakal,4264866,User,1
76200,4594641,User,1
fizker,736545,User,1
bhoop,2012803,User,1
brettmas,58911,User,1
alicheh,3747390,User,1
cmcnulty,638534,User,1
cmfcmf,2145092,User,1
cnanney,195134,User,1
demofan,4056773,User,1
dhardtke,1360135,User,1
dirkpostma,3089771,User,1
djarnis73,6309398,User,1
dshoulders,3396706,User,1
easy2luv,2761881,User,1
louisameline,371814,User,1
exabugs,1234874,User,1
fallenby,1049393,User,1
fitnr,714125,User,1
frntz,1089245,User,1
gboer,1188125,User,1
gladmon,1282310,User,1
ibrahimyu,1878884,User,1
jibwa,1865049,User,1
dbwhddn10,1523570,User,1
jorupp,3874909,User,1
junhanamaki,4907989,User,1
justanotheranonymoususer,5781692,User,1
kepoweran,5141896,User,1
ktaras,5873733,User,1
leesei,544400,User,1
lisandropuzzolo,2000988,User,1
lukinpark,5878488,User,1
marcovtwout,438046,User,1
duckinator,39698,User,1
mhamlet,1281731,User,1
mitja-p,7253467,User,1
mouse-lin,350779,User,1
menthol,1001497,User,1
niquola,32066,User,1
niki7har,17407292,User,1
nolamesa,292593,User,1
norlin,370803,User,1
osmanorhan,172629,User,1
penihel,1167747,User,1
phtrivier,18883,User,1
pineapplethief,4012690,User,1
riatiger,1645604,User,1
robertfausk,1651297,User,1
rvignacio,228901,User,1
ryfeng,1918348,User,1
sambomartin,1396237,User,1
sedrubal,5571650,User,1
sjschukin,2988026,User,1
smajl,3033382,User,1
smartcorestudio,2891792,User,1
sroe,6703947,User,1
stahor,2829832,User,1
tjperovich,5482732,User,1
torke1,2340501,User,1
wobbie,915047,User,1
yonihbc,188219,User,1
