jlukic,23123,User,5338
quirkyjack,1591598,User,480
jsoref,2119212,User,51
MohammadYounes,4712046,User,35
splendido,6148980,User,20
nsmith,116345,User,17
BreadMaker,713711,User,15
maturano,5768813,User,12
andreiho,9000674,User,12
deneuxa,359847,User,12
mishak87,276500,User,11
brigand,936069,User,8
mdehoog,1538523,User,8
nafio,23245341,User,7
Banandrew,6409354,User,6
romuloctba,2955932,User,6
frontdevde,1562646,User,5
lemartialou,5085054,User,5
anotherZero,1004525,User,5
joltmode,1030080,User,5
davialexandre,388373,User,4
eibrahim,143816,User,4
dos1,126204,User,4
sami-t,7635168,User,4
AnsonT,66660,User,3
dandv,33569,User,3
gildo,133645,User,3
mktm,1733348,User,3
elkebirmed,3056412,User,3
pcj,50580,User,3
PSyton,405440,User,3
tbracken,4985688,User,3
optikfluffel,379915,User,3
artemkaint,1738031,User,3
vsn4ik,3757319,User,3
edumucelli,959623,User,3
nielslerches,29734775,User,3
arylatt,6735115,User,2
avalanche1,10534563,User,2
bassjobsen,954055,User,2
clkao,69736,User,2
enix223,2517986,User,2
ScopeyNZ,3260989,User,2
radiohead,804299,User,2
Illyism,304283,User,2
NotBobTheBuilder,1965587,User,2
jefmathiot,610676,User,2
johnschult,9453,User,2
jonhkr,767866,User,2
Azzurrio,737159,User,2
mnquintana,823545,User,2
webdesserts,916253,User,2
musatov,182852,User,2
parisholley,399289,User,2
pbowyer,89852,User,2
PeterDaveHello,3691490,User,2
rendom,1078548,User,2
slobo,167772,User,2
blackawa,9293024,User,2
doabit,330368,User,2
eduardoromero,219427,User,2
larvata,1443833,User,2
lolychee,610480,User,2
nd0ut,670959,User,2
vsopvsop,5552204,User,2
Jeff-Tian,3367820,User,2
bcroq,130780,User,2
Skysplit,3975381,User,2
aaroncox,677686,User,1
AgentShark,600664,User,1
habibutsu,1193481,User,1
rudyryk,4500,User,1
andrewatts85,6063747,User,1
ascariandrea,1838567,User,1
balupton,61148,User,1
bitdeli-chef,3092978,User,1
crookedneighbor,2916945,User,1
cgroner,946024,User,1
Bantam,49268,User,1
cvrebert,419884,User,1
clupprich,773,User,1
kurbar,2259381,User,1
DVSoftware,429515,User,1
malacalypse,1084537,User,1
japgolly,202935,User,1
davide,40282,User,1
slife,114278,User,1
martindale,129761,User,1
ericz,270151,User,1
eymengunay,242627,User,1
fholzer,1814883,User,1
gabormeszoly,1769854,User,1
gdaunton,8468455,User,1
gblache,20969,User,1
Graveheart,6318562,User,1
gutenye,377544,User,1
Denhai,10227167,User,1
Morrolan,180142,User,1
Jayin,2763894,User,1
jammiemountz,8782928,User,1
imjared,525011,User,1
jina,53273,User,1
JoahG,2164095,User,1
nesk,817508,User,1
coldfire79,11525126,User,1
larsbo,754074,User,1
lauri-elevant,5912488,User,1
limonte,6059356,User,1
lucacioria,554092,User,1
luisrudge,941075,User,1
manukall,117418,User,1
MarcGuay,7513678,User,1
mathiasrw,1063454,User,1
space-alien,7103159,User,1
palmsey,198051,User,1
zenflow,3198597,User,1
mcantor,14329,User,1
marvin-yorke,424279,User,1
happylinks,184774,User,1
mariomc,887163,User,1
nhodges,371516,User,1
oalders,96205,User,1
iamolivinius,832245,User,1
oytuntez,656635,User,1
p2kmgcl,800645,User,1
Paklausk,13098779,User,1
ordepdev,1714825,User,1
pencilcheck,116532,User,1
greenish,580992,User,1
PLPeeters,3260909,User,1
nooitaf,1898194,User,1
razzius,2244895,User,1
richsoni,310785,User,1
Widcket,5055789,User,1
rodrigoddalmeida,143738,User,1
rminnett,1182698,User,1
sergiopantoja,2530982,User,1
sunseth,7054321,User,1
ShawnCholeva,13332685,User,1
nolsherry,8747900,User,1
revov,4138535,User,1
TemaSM,5501615,User,1
tobias-kuendig,8600029,User,1
morty,3272,User,1
TonnyORG,4955186,User,1
musically-ut,502876,User,1
yordis,4237280,User,1
sadorlovsky,3374841,User,1
anantoghosh,12339068,User,1
anibalmf1,12806230,User,1
bidtiz,2470971,User,1
DavidePastore,1949364,User,1
enbo,11779186,User,1
esarbanis,633903,User,1
fentas,405182,User,1
gitname,7143133,User,1
guodong,858637,User,1
bmeyers22,11287935,User,1
icefox0801,3138397,User,1
HitomiTenshi,7304212,User,1
justanotheranonymoususer,5781692,User,1
lidashuang,612381,User,1
lightdot,1740360,User,1
qichunren,39784,User,1
robertoles,88021,User,1
montecruiseto,10129398,User,1
samuelwight,11824150,User,1
tmszdmsk,398112,User,1
tvildo,8401382,User,1
youngjay,249613,User,1
yudao,1303599,User,1
