rauchg,13041,User,1023
3rd-Eden,28071,User,125
einaros,394360,User,96
darrachequesne,13031701,User,66
rase-,1220601,User,36
kevin-roark,3232081,User,28
nkzawa,775227,User,26
grant,744973,User,24
zweihan,3874318,User,19
dshaw,4322,User,17
paradite,1209810,User,15
digawp,6761424,User,9
asyncanup,77941,User,4
martinthomson,67641,User,4
mattrobenolt,375744,User,4
xaroth8088,228985,User,4
Nibbler999,935710,User,4
tj,25254,User,4
doozr,1052926,User,3
gavinuhma,404716,User,3
defunctzombie,84792,User,3
akamensky,985805,User,3
tw0517tw,1003146,User,3
DanielBaulig,158797,User,2
perrin4869,5774716,User,2
kapouer,131406,User,2
coreh,418473,User,2
Znarkus,168042,User,2
TooTallNate,71256,User,2
PeterDaveHello,3691490,User,2
GICodeWarrior,19803,User,2
westy92,290167,User,2
thanpolas,458813,User,2
dvv,211335,User,2
bananaappletw,6241350,User,2
tripu,1016538,User,2
AD7six,33387,User,2
crickeys,191356,User,2
ericz,270151,User,2
matthewmueller,170299,User,2
Aaron1011,1408859,User,1
overra,362590,User,1
AjayMT,1331240,User,1
a0viedo,2440935,User,1
alex-downtown,13499839,User,1
achesser,2678175,User,1
AlexJeng,4458931,User,1
eychu,4329677,User,1
amincheloh,1217397,User,1
andrea11,10788630,User,1
acusti,517889,User,1
a-lucas,416856,User,1
palavrov,532427,User,1
smart--petea,3399834,User,1
isabellatea,12562878,User,1
balupton,61148,User,1
boazsegev,870622,User,1
brishin,920130,User,1
geppy,1264236,User,1
bwillard,847315,User,1
bryanburgers,56045,User,1
epicTCK,10236989,User,1
chaofz,5959164,User,1
chees,482721,User,1
christopherobin,308493,User,1
keyosk,1281388,User,1
callahad,24193,User,1
drewblaisdell,1130674,User,1
dylang,51505,User,1
odeke-em,4898263,User,1
fjakobs,40952,User,1
faizalpribadi,1262414,User,1
FarazPatankar,10681116,User,1
felixge,15000,User,1
ferambot,18504676,User,1
fdellabetta,1443411,User,1
get,746604,User,1
gabsoftware,1510039,User,1
billouboq,7765196,User,1
shapeshed,33444,User,1
H3rby7,5808849,User,1
denghongcai,1433247,User,1
ianbrode,1655181,User,1
crazyrobot,679826,User,1
jamesanthonyferguson,6694470,User,1
jherdman,3300,User,1
davisjam,22822319,User,1
jmatthewsr,2090391,User,1
mpreziuso,10457038,User,1
kentonv,4001805,User,1
KevinMartin,510957,User,1
kemitchell,205760,User,1
tabone,5364897,User,1
marciopuga,2540890,User,1
mattcanty,2089581,User,1
michael-luo,5234711,User,1
mbrevoort,30455,User,1
mixu,398530,User,1
mohnish,138171,User,1
nicola,1424850,User,1
ncoden,9939075,User,1
pmq20,13315,User,1
gdi2290,1016365,User,1
pmeinhardt,706519,User,1
revington,91995,User,1
Pita,231810,User,1
imkimchi,13452168,User,1
snuggs,38223,User,1
renier,139994,User,1
RobbieFerguson,11155959,User,1
cha0s,298123,User,1
dazorni,1658380,User,1
secobarbital,22452,User,1
nulltask,291185,User,1
serhiisol,8107129,User,1
sjonnet19,1060672,User,1
shripadk,189344,User,1
SimenB,1404810,User,1
stouset,4338,User,1
swhgoon,840150,User,1
tobalsgithub,1554930,User,1
tal-beja,10635261,User,1
nyxtom,222763,User,1
timruffles,249800,User,1
tylermcginnis,2933430,User,1
fay-jai,2865947,User,1
xdamman,74358,User,1
ysmood,1415488,User,1
YasharF,6448697,User,1
AlexLMeow,7914712,User,1
jaredbuttars,3818517,User,1
coderaiser,1573141,User,1
Irrelon,492293,User,1
davidlondono,5840126,User,1
efkan,6974198,User,1
technikyle,7111607,User,1
mhmeadows63,6982471,User,1
poldridge,6935589,User,1
sgress454,553428,User,1
sutiam,1111903,User,1
syuilo,4439005,User,1
thekiur,1161017,User,1
