sindresorhus,170270,User,685
passy,9906,User,454
addyosmani,110953,User,323
arthurvr,6025224,User,241
samccone,883126,User,189
stephenplusplus,723048,User,83
boushley,101239,User,51
ColinEberhardt,1098110,User,36
stas,112147,User,28
jthomas,2322,User,27
cburgdorf,521109,User,24
dprotti,2084073,User,18
petermichaux,9227,User,17
rniemeyer,412468,User,16
dmethvin,157858,User,12
paulmillr,574696,User,12
asudoh,1259051,User,11
chenglou,1909539,User,10
mckamey,113062,User,9
MathieuLorber,1250024,User,9
ebidel,238208,User,8
yyx990803,499550,User,8
absoludity,497518,User,8
dsumac,6465113,User,8
margaritis,5788810,User,8
daffl,338316,User,7
pgilad,4533329,User,7
andreruffert,464300,User,6
mikaelkaron,478468,User,6
pavelsavara,271576,User,6
dmitriz,2513193,User,6
goldledoigt,156968,User,6
Atry,601530,User,6
beriberikix,178376,User,6
kamilogorek,1523305,User,6
briancavalier,90518,User,5
chrisprice,433457,User,5
clarle,686352,User,5
contra,425716,User,5
davidrunger,8197963,User,5
IgorMinar,216296,User,5
jacobmumm,607464,User,5
podefr,219256,User,5
neonstalwart,84763,User,5
yavorsky,1521229,User,4
bantic,2023,User,4
Daniel-Hug,1326984,User,4
edchat,1225257,User,4
fredwu,31945,User,4
mhoyer,76611,User,4
soundstep,133293,User,4
roryokane,79168,User,4
txchen,713074,User,4
snize,185991,User,4
petehunt,239742,User,4
oyvindberg,247937,User,4
OscarGodson,20615,User,4
akudev,4866568,User,3
andreaswachowski,541365,User,3
abyx,114588,User,3
shepheb,157812,User,3
bsatrom,108356,User,3
cirocosta,3574444,User,3
DimitarChristoff,119500,User,3
ericcarraway,6632454,User,3
evverx,10195800,User,3
ffesseler,653899,User,3
airhorns,158950,User,3
NeilvB,1370570,User,3
rhysbrettbowen,728134,User,3
Atinux,904724,User,3
tenbits,550353,User,3
trek,9736,User,3
callmehiphop,1707267,User,3
albrow,800857,User,2
acanby,949820,User,2
azamat-sharapov,3023661,User,2
BorisKozo,1912858,User,2
cliffhall,871933,User,2
nordfjord,3721521,User,2
elie29,11255270,User,2
evancz,1658058,User,2
everett-sochowski,1799643,User,2
schubertha,3993906,User,2
HenrikJoreteg,67925,User,2
proppy,5268,User,2
juristr,542458,User,2
kaidokert,2791653,User,2
kmalakoff,756520,User,2
kveretennicov,2310192,User,2
MStumpp,1505314,User,2
mkuklis,63545,User,2
cibernox,265339,User,2
gargol,675397,User,2
oskargustafsson,4759832,User,2
moredip,65444,User,2
Munter,331790,User,2
torifat,208544,User,2
seanparmelee,1933330,User,2
Sequoia,317498,User,2
tcoopman,45546,User,2
ando19721226,2031327,User,2
callmephilip,492025,User,2
darthmaim,2511547,User,2
jonnykry,3944829,User,2
kkemple,3629876,User,2
olaf-k-1a,29092024,User,2
runawaygo,489679,User,2
melnikov-s,3513040,User,2
thorn0,94334,User,2
alanbares,10662315,User,2
kentcdodds,1500684,User,2
mczepiel,2964,User,2
Roland1975,3037120,User,2
abehaskins,969070,User,1
ahmedelgabri,63876,User,1
CodeCharm,719997,User,1
myalban,4944358,User,1
maccman,2142,User,1
alextsg,8051479,User,1
anantn,37190,User,1
couchand,793969,User,1
andrewwong1221,274827,User,1
anoopmd,9350733,User,1
ChantOfAnAnt,5266658,User,1
astoilkov,884810,User,1
arielbh,320476,User,1
denar90,6231516,User,1
alexeyraspopov,858295,User,1
bkeyvani,2753858,User,1
spicyj,6820,User,1
benmccormick,1899941,User,1
benjmin-r,202472,User,1
appleboy,21979,User,1
brenopolanski,1894191,User,1
brian428,140338,User,1
burkeholland,686963,User,1
coldhead,570123,User,1
colmjude,299875,User,1
ciceropablo,174275,User,1
DC3,1203801,User,1
daleharvey,37787,User,1
DanielRosenwasser,972891,User,1
danielstutzman,691200,User,1
danekszy,3967930,User,1
joyvuu-dave,68452,User,1
dwsupplee,2079879,User,1
davideast,4570265,User,1
davidmurdoch,187813,User,1
Lastalas,333278,User,1
brokenseal,32780,User,1
derickbailey,75190,User,1
Devinsuit,11741306,User,1
theoptips,3044801,User,1
yogthos,121208,User,1
demetriuz,712512,User,1
DmitryOlkhovoi,4435089,User,1
cisar,1106994,User,1
halfzebra,3983879,User,1
elia,1051,User,1
erikjansson,372118,User,1
felipedaraujo,1224072,User,1
siuying,8608,User,1
m90,1662740,User,1
georgehenderson,1379792,User,1
petsagouris,277956,User,1
gcapizzi,251425,User,1
glebm,216339,User,1
gregloby,1006764,User,1
gr2m,39992,User,1
blacksonic,602571,User,1
wishpishh,605521,User,1
hay,129681,User,1
Hurtak,6587821,User,1
Ibrahim-Islam,6401874,User,1
nemilya,462546,User,1
InSuperposition,433871,User,1
cherouvim,743305,User,1
wazery,470401,User,1
aeosynth,75317,User,1
jsoverson,842798,User,1
jasonLaster,254562,User,1
xinsight,465971,User,1
jasonm,1031,User,1
jyguyomarch,3885578,User,1
juhp,82731,User,1
jdarling,1310311,User,1
jeremypepper,6100070,User,1
jesseemerick,111525,User,1
Foxandxss,1087957,User,1
watsonjon,1002112,User,1
jnicklas,134,User,1
jnthas,7151022,User,1
josephfinlayson,1572410,User,1
kazad,115572,User,1
knpwrs,174864,User,1
kirjs,2545357,User,1
lackac,1352,User,1
lawilli,9038811,User,1
LeonFedotov,130342,User,1
leog,467258,User,1
loicknuchel,653009,User,1
lucasqiu,3506547,User,1
maiwald,355026,User,1
borNfreee,3725595,User,1
marcandre,33770,User,1
marcogrcr,1108126,User,1
krebbl,951433,User,1
themasch,170171,User,1
matthelm,819476,User,1
mberkom,191011,User,1
michaelficarra,218840,User,1
mgol,1758366,User,1
michalsnik,4093559,User,1
mdhaney,823734,User,1
naterino,17105573,User,1
okiuim,12184770,User,1
oliverw,51688,User,1
PascalPrecht,445106,User,1
sindreon,18714769,User,1
petebacondarwin,15655,User,1
petk,1614009,User,1
rahulcs,624925,User,1
rse,221273,User,1
ClashTheBunny,248361,User,1
ricogallo,1225753,User,1
Rich-Harris,1162160,User,1
Trott,718899,User,1
rdworth,107824,User,1
richardharrington,1209104,User,1
mayoff,247531,User,1
robertkowalski,298166,User,1
rmosolgo,2231765,User,1
totemikaTest1,17686673,User,1
rkulla,244283,User,1
sholden,8165,User,1
sethbergman,8031689,User,1
neoswf,82842,User,1
sotayamashita,1587053,User,1
steveclarke,1305,User,1
ssarj,2397203,User,1
slegrand45,2633830,User,1
sun-zheng-an,5938782,User,1
thomasdavis,416209,User,1
tomdionysus,1161952,User,1
tomdale,90888,User,1
alltom,1678,User,1
atomsfat,140008,User,1
vasanthk,3537278,User,1
vjeux,197597,User,1
kmdsbng,11285,User,1
kt3k,613956,User,1
abhinavgujjar,4158732,User,1
anubhav7495,10097603,User,1
augustjd,3535840,User,1
basarat,874898,User,1
bpmason1,5247174,User,1
camsong,948896,User,1
dadaxr,1267495,User,1
dandoyon,475217,User,1
drublic,502487,User,1
arleytriana,1238862,User,1
gstof,3519101,User,1
gsydonkey,5027229,User,1
ipetropolsky,1861705,User,1
jakub-g,1437027,User,1
jh3y,842246,User,1
joecritch,24449,User,1
likang,850711,User,1
marcolamberto,1550235,User,1
lukeed,5855893,User,1
gadfly361,8610039,User,1
meeech,4623,User,1
nateps,232244,User,1
oak-tree,667153,User,1
remojansen,10656223,User,1
robbbz,13135058,User,1
sararob,3814898,User,1
shiyj,700705,User,1
stephensawchuk,6919881,User,1
tomByrer,1308419,User,1
tshm,6375,User,1
weepy,820,User,1
