ErisDS,101513,User,3062
JohnONolan,120485,User,549
sebgie,539213,User,443
jaswilli,214142,User,406
kevinansfield,415,User,376
kirrg001,1160712,User,338
greenkeeperio-bot,14790466,User,242
PaulAdamDavis,390392,User,238
novaugust,1207005,User,192
halfdan,176576,User,183
acburdine,5167581,User,161
cobbspur,4405395,User,112
jgable,164497,User,105
matthojo,367517,User,104
AileenCGN,8037602,User,65
javorszky,1196299,User,64
hswolff,322576,User,60
felixrieseberg,1426799,User,53
rwjblue,12637,User,37
tgriesser,154748,User,33
gotdibbs,1540648,User,27
darvelo,523169,User,26
morficus,718799,User,24
ricardobeat,97396,User,20
dbalders,4715098,User,14
cgiffard,453993,User,11
jgillich,347965,User,11
jamesbloomer,1221713,User,11
disordinary,73181,User,10
shindakun,319128,User,10
skattyadz,91115,User,8
gargol,675397,User,8
szelpe,192612,User,8
jtwebman,543790,User,7
kevinkucharczyk,3127419,User,7
manuelmitasch,1192087,User,7
mjbshaw,1204698,User,7
vadimdemedes,697676,User,7
sakulstra,4396533,User,6
schneidmaster,1896112,User,6
IanMitchell,603872,User,5
lholmquist,1037138,User,5
nicoburns,1007307,User,5
hex337,353134,User,4
iBotPeaches,611784,User,4
jfi,663625,User,4
jillesme,2955483,User,4
josephwegner,657707,User,4
gimelfarb,6202109,User,4
vivekannan,7939578,User,4
zacgeis,684065,User,4
pmgarman,502720,User,4
alarobric,321603,User,3
davidblurton,1696979,User,3
delgermurun,492616,User,3
ekulabuhov,4452263,User,3
stenehall,183679,User,3
jondavidjohn,401520,User,3
kowsheek,164881,User,3
knunery,50970,User,3
marcoow,1510,User,3
mixonic,8752,User,3
mattiascibien,1300681,User,3
SiR-DanieL,4429413,User,3
Remchi,151699,User,3
bastilian,7757,User,3
buddhamagnet,35007,User,3
ericterpstra,605018,User,3
mattse,1315979,User,3
RaoHai,566097,User,3
aiampogi,2859127,User,3
mduvall,105835,User,3
eastwood,2359795,User,3
jomahoney,1396009,User,3
chilts,3048,User,2
bnchdrff,99194,User,2
bdougherty,15747,User,2
bhops,2076521,User,2
cameronviner,951482,User,2
hansondr,7468689,User,2
garyc40,52500,User,2
harryhope,2415156,User,2
wjake,4590364,User,2
jamesslock,202605,User,2
jasonsturges,1213591,User,2
joerx,1712460,User,2
joshk,8701,User,2
JoshWillik,2429492,User,2
Damiya,3479753,User,2
lcamacho,363698,User,2
nsfmc,216572,User,2
markberger,965436,User,2
Swaagie,670951,User,2
M165437,711773,User,2
pborreli,77759,User,2
patrickkim,297784,User,2
samccone,883126,User,2
gotvitch,902588,User,2
shashankmehta,1315944,User,2
StevenMcD,278912,User,2
taras,74687,User,2
thgaskell,844945,User,2
vkandy,77166,User,2
xuduo35,6389449,User,2
germanrcuriel,706729,User,2
king6cong,302560,User,2
lennerd,1609692,User,2
remixz,1459603,User,2
sjama,4361143,User,2
lukaszklis,11782,User,2
Decad,762400,User,2
Trendy,3655670,User,2
AgtLucas,1909761,User,2
nason,4752318,User,2
kezzbracey,5533167,User,2
1pete,176037,User,1
HParker,4482399,User,1
edsadr,1189785,User,1
alexcusack,11154467,User,1
andschwa,2226434,User,1
AntuanKhanna,1325282,User,1
Artie18,2828920,User,1
tundal45,59220,User,1
augbog,2054339,User,1
bengladwell,686913,User,1
cvibhagool,1904696,User,1
phated,992373,User,1
imbrian,6571474,User,1
mscdex,54666,User,1
cezarykluczynski,798827,User,1
tyre,1015847,User,1
chrisui,1042432,User,1
claydiffrient,606262,User,1
damsonn,2840366,User,1
Borkason,2971735,User,1
sdtsui,8230144,User,1
DaveRobson,953615,User,1
dmyers,207171,User,1
t3chnoboy,2552790,User,1
Tmeister,210349,User,1
ericschultz,94169,User,1
ebryn,3018,User,1
juanpaco,12894,User,1
iloabn,5629868,User,1
gmurphey,373721,User,1
gergelyke,2174968,User,1
gleneivey,57512,User,1
Haegin,124099,User,1
harrykiselev,3241812,User,1
haswalt,338588,User,1
hschaeidt,1614615,User,1
henning,40272,User,1
hugo,1704089,User,1
ianlopshire,2327025,User,1
ikhattab,401304,User,1
knownasilya,34726,User,1
ivanvotti,1476221,User,1
jacobian,21148,User,1
jacques,2543,User,1
mispy,3055384,User,1
JamieKnight,370619,User,1
jcrugzz,592149,User,1
wub,427410,User,1
jbfriedrich,1968991,User,1
JayBeavers,1682199,User,1
jeffjewiss,354604,User,1
jessedijkstra,226130,User,1
jessetane,452396,User,1
jimmyhsu,3836890,User,1
joecannatti,159526,User,1
joeljfischer,1767063,User,1
jolros,215467,User,1
cruikshj,6618736,User,1
nii236,4482567,User,1
jdalton,4303,User,1
JonathanKryza,3247900,User,1
jordansexton,1173161,User,1
eexit,57098,User,1
misterdjules,811047,User,1
jyek,3284409,User,1
karlmikko,196181,User,1
karolisdzeja,1526818,User,1
kennym,160117,User,1
blia,242004,User,1
demesne,673193,User,1
luk-,62224,User,1
marcbachmann,431376,User,1
Gudahtt,2459287,User,1
markstos,25829,User,1
msiemens,1873922,User,1
martinnormark,67565,User,1
matheusazzi,1292945,User,1
mattflo,35749,User,1
hughes,775741,User,1
auermi,5431160,User,1
miksago,23281808,User,1
mbrock,8154,User,1
mikl,10263,User,1
mwakerman,2246914,User,1
mvalipour,2564173,User,1
naoyak,3279641,User,1
netputer,549979,User,1
chronick,481092,User,1
nschonni,1297909,User,1
olsio,6209178,User,1
themgt,254128,User,1
connrs,202364,User,1
pedro-teixeira,1923771,User,1
pdehaan,557895,User,1
rafaelstz,610598,User,1
sovietspaceship,18464885,User,1
LazyChild,3090242,User,1
graphiclunarkid,433456,User,1
robgraeber,2387719,User,1
studioromeo,846587,User,1
Rovak,376155,User,1
ry4npw,3717352,User,1
ryanseys,163873,User,1
sgoodwin,30485,User,1
seanhellwig,147074,User,1
seanhussey,10438,User,1
sembrestels,931684,User,1
ddprrt,1374451,User,1
boennemann,908178,User,1
syaiful6,2830977,User,1
johnny94,1626066,User,1
terinjokes,273509,User,1
thaiphan,644172,User,1
Archanium,295426,User,1
manzoid,796541,User,1
twalling,4907,User,1
tomgillett,1083890,User,1
VictorVation,2099442,User,1
vikhyat,31063,User,1
vineet-sinha,1102397,User,1
waleedali,1679757,User,1
Wilhansen,69386,User,1
willglynn,118362,User,1
egdelwonk,512548,User,1
yverry,708802,User,1
yurynix,326402,User,1
abe33,247140,User,1
alicoding,4368149,User,1
commadelimited,563460,User,1
baogechen,1744903,User,1
danschumann,1516973,User,1
enahs,1907761,User,1
fabriceclementz,1771483,User,1
kobayashiAtAnswer,1585656,User,1
hoxoa,5911777,User,1
hwdsl2,5104323,User,1
janvt,3647057,User,1
lmoe,8657410,User,1
meowtec,4006436,User,1
moritzh,80237,User,1
nicksahler,1386403,User,1
nicovalencia,139786,User,1
omeid,1453118,User,1
quangtt,5537552,User,1
mattvh,158727,User,1
rektide,53243,User,1
rfpe,5500912,User,1
rmfx,10888210,User,1
sahand12,5822435,User,1
sanddudu,1650692,User,1
sessa,508346,User,1
vitaliemaldur,1472338,User,1
zethraeus,509838,User,1
zhenkyle,494623,User,1
zinyando,806774,User,1
