mdo,98681,User,8525
cvrebert,419884,User,2761
fat,169705,User,1185
XhmikosR,349621,User,572
patrickhlauke,895831,User,261
hnrch02,1068978,User,223
juthilo,3535675,User,129
Johann-S,1689750,User,98
twbs-grunt,9835569,User,95
kkirsche,947110,User,74
bardiharborow,1073681,User,61
Quy,368084,User,59
vanduynslagerp,3250552,User,57
vsn4ik,3757319,User,48
StevenBlack,80144,User,36
burnsra,171054,User,34
glebm,216339,User,34
thomas-mcdonald,197928,User,32
bassjobsen,954055,User,29
smerik,750822,User,26
BBosman,5115488,User,25
liuyl,1261809,User,24
Yohn,2002591,User,21
zalog,985838,User,19
Starsam80,4411333,User,18
supergibbs,1106331,User,18
tagliala,556268,User,18
ntwb,1016458,User,17
ssorallen,29612,User,17
lookfirst,85355,User,16
tlindig,1086582,User,16
acmetech,134294,User,16
pat270,788266,User,16
andriijas,33141,User,14
lipis,125676,User,14
zacechola,498418,User,13
mrmrs,1748143,User,13
saas786,1642796,User,13
coliff,1212885,User,13
boulox,1390656,User,12
davidjb,1002811,User,12
wilfra,1697848,User,10
purwandi,1058672,User,9
caniszczyk,63777,User,9
jsdf,1232587,User,9
thekondrashov,8389542,User,8
Fowowski,2796226,User,8
buraktuyan,1364839,User,8
jacobrask,58563,User,8
neilhem,1889800,User,8
jodytate,132856,User,8
Synchro,81561,User,8
aristath,588688,User,7
cgunther,107416,User,7
eratzlaff,1922470,User,7
ghusse,527245,User,7
smaboshe,72755,User,7
vickash,950003,User,7
trumbitta,462705,User,7
wangsai,2799451,User,7
nicole,2695575,User,7
blakeembrey,1088987,User,6
haydenbleasel,4142719,User,6
thejameskyle,952783,User,6
wrightlabs,86898,User,6
vanillajonathan,10222521,User,6
dudebout,382362,User,6
thomaswelton,678372,User,6
akalicki,3604541,User,5
bradly,4227,User,5
tierra,106098,User,5
frabrunelle,1114844,User,5
ggam,2109040,User,5
SSPMark,8311876,User,5
ansman,102883,User,5
rvagg,495647,User,5
rvinay88,2072706,User,5
J2TeaM,5250117,User,5
budnik,1160699,User,5
bastienmoulia,686196,User,4
chrisbell08,8242722,User,4
florisverburg,2778431,User,4
Calvein,243189,User,4
MGaetan89,1009664,User,4
sody,235765,User,4
tinyfly,91300,User,4
huyouare,3528340,User,4
marktopper,2232539,User,4
martinbean,167312,User,4
maxiloc,1689007,User,4
mikegreiling,812328,User,4
nschonni,1297909,User,4
necolas,239676,User,4
rjregenold,214054,User,4
desheikh,27354,User,4
marsuboss,5856,User,4
petetnt,7641760,User,4
pthrasher,122682,User,4
sankage,392323,User,4
tobz,222615,User,4
alienlebarge,611234,User,4
gijsbotje,7714133,User,4
lesleh,1039744,User,4
aaronj1335,787066,User,3
jarthod,201687,User,3
ameya-pandilwar,8572890,User,3
benjaminoakes,5323,User,3
hppycoder,541976,User,3
charlesbjohnson,4823640,User,3
christopherjbaker,980338,User,3
watilde,1716463,User,3
DHS,326442,User,3
mediafreakch,777093,User,3
evnm,110020,User,3
gabrielecirulli,886011,User,3
Deilv,1664998,User,3
javiereguiluz,73419,User,3
leoj3n,990216,User,3
cortopy,8725825,User,3
jorgenfb,983859,User,3
holic,508855,User,3
KevinJannis,2168580,User,3
Kovah,1816101,User,3
luishdez,38347,User,3
lukemcdonald,299173,User,3
maxbeatty,93179,User,3
Nikita240,6479817,User,3
iamnirav,313886,User,3
olvlvl,155998,User,3
pamelafox,297042,User,3
pokonski,135402,User,3
rahulnwn,954075,User,3
yokomizor,514767,User,3
reywood,1796302,User,3
sprice,165397,User,3
Soben713,1576529,User,3
stuartpb,572196,User,3
tshinnic,842881,User,3
abvalentine,2943658,User,3
waynn,318137,User,3
amid2887,1635510,User,3
geedmo,3003670,User,3
meleyal,15045,User,3
nextgenthemes,1780826,User,3
jasny,100821,User,3
fnwbr,706419,User,3
jonschlinkert,383994,User,3
stephaniepurvis,3844427,User,3
kylase,1683885,User,3
AJ-Acevedo,953092,User,2
alanmoo,1682681,User,2
AlecRust,247634,User,2
alexpeattie,636814,User,2
alexanmtz,88840,User,2
aziz,3202,User,2
AndreiRailean,25991,User,2
andreypopp,30594,User,2
benogle,69169,User,2
brnrdog,670325,User,2
bwhitty,1571966,User,2
brenoc,284515,User,2
bcamp1973,27823,User,2
xt0rted,831974,User,2
badcarl,2053,User,2
Wcc723,3422575,User,2
programcsharp,994270,User,2
PHLAK,53531,User,2
lamby,133209,User,2
ziogaschr,802700,User,2
colllin,185923,User,2
Corbzilla,2332747,User,2
cornedor,570297,User,2
cyrusstoller,569702,User,2
dannykeane,425661,User,2
dmethvin,157858,User,2
DeanMarkTaylor,52425,User,2
DominikTo,1384635,User,2
inmarelibero,254808,User,2
sferik,10308,User,2
caouecs,447849,User,2
fmarcoux96,1487078,User,2
FredericoC,1967784,User,2
GeoffYoung,869227,User,2
gilbarbara,31954,User,2
gordonwoodhull,1366709,User,2
guybedford,598730,User,2
codler,102052,User,2
hkdobrev,506129,User,2
heikojansen,295487,User,2
IdanCo,10364499,User,2
TiGR,281226,User,2
knownasilya,34726,User,2
jdiamond,110538,User,2
jwieland,187092,User,2
jayanthkoushik,5206607,User,2
JoahG,2164095,User,2
deytao,492203,User,2
jonathaningram,626664,User,2
jojobyte,184880,User,2
joprice,2175555,User,2
jdorfman,398230,User,2
justin-john,2345128,User,2
ktzhu,530279,User,2
Sinetheta,1529452,User,2
kevva,709159,User,2
rosskevin,136564,User,2
shama,99604,User,2
LFeh,3603793,User,2
Lausselloic,11272238,User,2
OpenGrid,766440,User,2
linrock,208617,User,2
loic,36160,User,2
splendido,6148980,User,2
lukeapage,309321,User,2
mchung,2609,User,2
marcusds,52287,User,2
masterbee,829858,User,2
gruviimark,12375313,User,2
Prelc,6077926,User,2
Flydiverny,326929,User,2
mlmorg,499279,User,2
matthewpennell,48792,User,2
eins78,134942,User,2
michaeljayt,2148277,User,2
tracker1,444316,User,2
mikaelkael,212540,User,2
mikefrancis,1672610,User,2
abitdodgy,545430,User,2
nathanb,102517,User,2
stubbornella,39398,User,2
omeid,1453118,User,2
sqal,3576913,User,2
paulirish,39191,User,2
paultyng,422474,User,2
philfreo,97612,User,2
guilbep,161889,User,2
rtack,5379,User,2
raulriera,24159,User,2
rlindner81,9608015,User,2
risan,3825242,User,2
roooodcastro,466635,User,2
rwillrich,1250476,User,2
Rowno,605501,User,2
rossj,735679,User,2
EnsignR,2051864,User,2
blowsie,308572,User,2
monoblaine,540974,User,2
stefanneculai,637004,User,2
teoucsb82,5170247,User,2
ByScripts,19408,User,2
ilikeprograms,662870,User,2
thomasphorton,2005817,User,2
tomlutzenberger,5536910,User,2
sparanoid,96356,User,2
UTCWebDev,2539685,User,2
vincentchan,229261,User,2
steelywing,2720049,User,2
zachleat,39355,User,2
cmdoptesc,5104635,User,2
alberto,72561,User,2
anantoghosh,12339068,User,2
dumb,857046,User,2
dzwillia,1385356,User,2
eirikb,241706,User,2
ejain,1323903,User,2
hillai,6974718,User,2
iatek,1154528,User,2
jhr007,766585,User,2
joepjoosten,600400,User,2
lincolndbryant,455026,User,2
mkroeders,4436836,User,2
nkryptic,30738,User,2
soundarapandian,528129,User,2
xcatliu,5453359,User,2
smmoosavi,1582954,User,2
ixti,94782,User,2
aliceyoung9,2482343,User,2
bhamodi,7663987,User,2
barryvdh,973269,User,2
pixelbandito,304177,User,2
aar0nr,173250,User,1
aaron-coding,8662013,User,1
acspike,114363,User,1
TwistedHardware,3673326,User,1
amenonsen,23628,User,1
adamnbowen,475879,User,1
acconrad,422184,User,1
aroben,917945,User,1
awoodbeck,1411057,User,1
addyosmani,110953,User,1
ademaro,416356,User,1
bastula,61406,User,1
Intrepidd,803765,User,1
gaarf,205004,User,1
acolchado,660371,User,1
ahmadnassri,183195,User,1
roura356a,7732989,User,1
Xerkus,725842,User,1
coorasse,1319150,User,1
alexdahl,791369,User,1
AlexNeises,1816254,User,1
clbn,1071933,User,1
enzanki-ars,8580211,User,1
piscis,326163,User,1
Prinzhorn,679144,User,1
ogonkov,1091927,User,1
zba,807956,User,1
allanchau,1763968,User,1
almirsarajcic,845364,User,1
amygori,7226152,User,1
ow-any,4664734,User,1
AnandChowdhary,2841780,User,1
akamch,83824,User,1
AndersSahlin,206301,User,1
AndersMad,4574570,User,1
andyen,984723,User,1
andrewdisley,17002,User,1
homeyer,84629,User,1
ashanbrown,1858046,User,1
apotropaic,358206,User,1
EspadaV8,115825,User,1
stilliard,77454,User,1
biokillos,7377940,User,1
satazor,1017236,User,1
trevorah,298742,User,1
anirvan,57606,User,1
anniepank,11616999,User,1
tonybaroneee,844249,User,1
alepee,205357,User,1
Sapphire64,1443567,User,1
archanl,1754215,User,1
aronwoost,408962,User,1
artbelov,3831204,User,1
artiz,171757,User,1
AshleyDawson,1968942,User,1
adobi,17800,User,1
aurnik,3023219,User,1
Ayachii,9522663,User,1
infectedbean,19824075,User,1
beausmith,28444,User,1
cowboy,54051,User,1
unwiredben,230363,User,1
bnewcomb,1675822,User,1
benvinegar,2153,User,1
retlehs,115911,User,1
bzumhagen,1493382,User,1
Ben-Russell,4826551,User,1
benjamindean,5139993,User,1
benji07,166890,User,1
BigBlueHat,43209,User,1
chasingtheflow,718368,User,1
billyvg,79684,User,1
desimone,1544881,User,1
bblokar,3136883,User,1
bganicky,49155,User,1
boriskaiser,252113,User,1
just-boris,812240,User,1
bkdotcom,2137404,User,1
redbmk,83964,User,1
bvleur,144583,User,1
brentmulligan,1240404,User,1
bleonard,36106,User,1
existentialism,56288,User,1
brunoamaral,543344,User,1
bryanbraun,1256329,User,1
bkeiren,5032996,User,1
avalanche123,83289,User,1
CDAGaming,16328918,User,1
caleb,4692,User,1
apexskier,329222,User,1
canburak,226693,User,1
barraponto,134005,User,1
Xegyn,757802,User,1
CaryLandholt,833972,User,1
nikolawannabe,672512,User,1
cecchi,1663781,User,1
cesidio,7215,User,1
ChadMoran,43329,User,1
satsukitv,509475,User,1
chrisrowe,220456,User,1
chrisseaton,341094,User,1
ceejayoz,2825,User,1
cwiederspan,353155,User,1
stof,439401,User,1
1000hz,1395018,User,1
hollensteiner,2972472,User,1
claydiffrient,606262,User,1
coreyti,4937,User,1
craigmichaelmartin,6545515,User,1
curtgrimes,3038600,User,1
jouve,1096799,User,1
cyrilkyburz,8710334,User,1
DaSchTour,1907266,User,1
okmr-d,4679138,User,1
dancourse,1080464,User,1
croaky,198,User,1
dandv,33569,User,1
dbkaplun,1765130,User,1
dan-silver,1266893,User,1
danielhusar,1857751,User,1
danielboendergaard,314877,User,1
Techwraith,136558,User,1
Tigraine,89680,User,1
danieljuhl,2785418,User,1
dliuzzi,143884,User,1
Daniel15,91933,User,1
Borkason,2971735,User,1
danielnixon,6418489,User,1
