typicode,5502029,User,557
bahmutov,2212006,User,8
manuquentin,2076632,User,4
barrystaes,1420588,User,2
blainsmith,483829,User,2
adamsea,1156885,User,2
failpunk,1109167,User,2
gdi2290,1016365,User,2
blowsie,308572,User,2
Sija,988,User,2
GSchutz,1896145,User,2
syzer,1989646,User,2
Nilegfx,1198975,User,1
Noyabronok,1195319,User,1
c10b10,306633,User,1
nuragic,1586378,User,1
andreruffert,464300,User,1
ashleahhill,1854792,User,1
tsm91,4459551,User,1
bripkens,596443,User,1
bbruneau,3789983,User,1
binali-rustamov,10940206,User,1
BrainCrumbz,3185573,User,1
shlensky,1648712,User,1
halfzebra,3983879,User,1
epallerols,317212,User,1
FadyMak,12938935,User,1
rhaseven7h,15249,User,1
GantMan,997157,User,1
gberger,3977115,User,1
JHotterbeekx,3214419,User,1
jacobwarduk,3165587,User,1
jantrienes,12009072,User,1
jmzagorski,8404957,User,1
jgautheron,683888,User,1
siawyoung,4199642,User,1
phillipadsmith,34128,User,1
sdgluck,3265173,User,1
zakuro9715,3257770,User,1
tao12345666333,3264292,User,1
timkraut,509669,User,1
webwurst,225698,User,1
arastu,472374,User,1
vpanjganj,8151667,User,1
Werner0,11156694,User,1
futoase,72997,User,1
mbaer3000,1590320,User,1
jyootai,6337437,User,1
