Unitech,757747,User,2121
jshkurti,7647602,User,476
soyuka,1321971,User,198
vmarchaud,2820968,User,180
Tjatse,1418444,User,88
ilovekeymetrics,9964982,User,27
rlidwka,999113,User,26
Arkotek,16456512,User,20
ItsJimi,14969022,User,15
alavit-d,6781975,User,12
dandv,33569,User,10
jorge-d,1178099,User,10
echiu64,898065,User,10
sailxjx,909853,User,8
porsager,1288405,User,7
nmrugg,387105,User,6
achingbrain,665810,User,6
jlagneau,7811277,User,6
bretcope,3608260,User,5
jasin,112683,User,5
adamhadani,139888,User,4
chriswiggins,2830609,User,4
danielbayerlein,457834,User,4
vwal,533507,User,4
jstans,10562929,User,4
bpostlethwaite,1176674,User,3
yyx990803,499550,User,3
flozz,971438,User,3
kanongil,753512,User,3
treblam,215470,User,3
MeanwhileMedia,1211453,User,3
kflu,1031978,User,3
dex4er,174367,User,3
s1061123,144616,User,3
Jbois,7712077,User,3
bragma,1101058,User,2
fredericosilva,927601,User,2
gumpcha,356603,User,2
jaimeagudo,4053914,User,2
th507,138707,User,2
johnw424,2890568,User,2
joshperry,298053,User,2
matsuu,4395,User,2
manuelkasper,496413,User,2
binarykitchen,177641,User,2
olegskl,298275,User,2
poppinlp,1970625,User,2
raine,11027,User,2
ravi,17879,User,2
rtheunissen,809191,User,2
shubs,3249538,User,2
StephanX,962077,User,2
esanai,1137350,User,2
fixe,484559,User,2
willianpts,553533,User,2
yani-,1627243,User,2
cliftonc,239305,User,2
zhendongguan,9697599,User,2
microadam,857427,User,1
ahmadnassri,183195,User,1
alanhoff,1044223,User,1
a0viedo,2440935,User,1
karbassi,17738,User,1
Radagaisus,550061,User,1
aronwoost,408962,User,1
armed,223060,User,1
arthurschreiber,2195,User,1
bwkiefer,3399391,User,1
bwin,1673361,User,1
brentburg,225624,User,1
BrianRosamilia,4909591,User,1
bricejlin,4443267,User,1
carsondarling,361564,User,1
cdaringe,1003261,User,1
mansona,594890,User,1
reezer,653995,User,1
spang,48515,User,1
Anaphase,2358694,User,1
sciolist,163642,User,1
DenisGorbachev,829578,User,1
sidthesloth92,4656109,User,1
airs0urce,109203,User,1
DomiR,1834664,User,1
EdHubbell,1578632,User,1
bragatto,9787373,User,1
elucash,1692611,User,1
gsklee,1006291,User,1
gabrielcsapo,1854811,User,1
gkalpak,8604205,User,1
hden,1910549,User,1
hoverruan,700971,User,1
ihadeed,13794420,User,1
mucsi96,3163392,User,1
iliakan,349336,User,1
jacobcabantomski-ct,21041380,User,1
jakubknejzlik,1138023,User,1
METACEO,13586713,User,1
ide,379606,User,1
jkostrz,1131327,User,1
JeremyWei,301515,User,1
nebulade,646768,User,1
jhurliman,195374,User,1
jvtrigueros,151656,User,1
joshhornby,5455767,User,1
joshskidmore,255734,User,1
macobo,148820,User,1
sudowork,1113327,User,1
Kikobeats,2096101,User,1
kylefinley,756228,User,1
lauritzsh,1979410,User,1
evollu,9213224,User,1
LinusU,189580,User,1
LoicMahieu,900947,User,1
luislobo,453120,User,1
uhho,3338573,User,1
CandyOgre,8741333,User,1
naartjie,514563,User,1
marcuspoehls,837771,User,1
markkevans,100395,User,1
ma-zal,9009138,User,1
max-mathieu,2975941,User,1
targos,2352663,User,1
MichielDeMey,793406,User,1
miguelcnf,994805,User,1
MuhammadReda,6241618,User,1
nmn,3582514,User,1
nathanpeck,3495674,User,1
PixnBits,3945917,User,1
oligot,1004034,User,1
askhogan,635449,User,1
paulmillr,574696,User,1
phillipalexander,1577682,User,1
pra85,829526,User,1
philosoralphter,4251807,User,1
rikkert,153894,User,1
rluba,4600573,User,1
apergy,864846,User,1
rhalff,274358,User,1
shaharmor,10861920,User,1
SimenB,1404810,User,1
simonlopez,2752270,User,1
ww24,695166,User,1
timruffles,249800,User,1
tristanfisher,574868,User,1
truongsinh,358585,User,1
Ulflander,836688,User,1
UnrealQuester,3252092,User,1
sybarite,882442,User,1
invalid-email-address,148100,User,1
luin,635902,User,1
artforlife,8064423,User,1
bisubus,2905949,User,1
coogleyao,1491058,User,1
masted,64110,User,1
perfectworks,813596,User,1
pva,92356,User,1
sapics,11169954,User,1
esatterwhite,148561,User,1
subeeshcbabu,1707119,User,1
willmcenaney,20277515,User,1
zjr,913633,User,1
CatTail,1606069,User,1
ChALkeR,291301,User,1
