yyx990803,499550,User,1755
defcc,2603918,User,37
kazupon,72989,User,30
javoski,5391892,User,16
posva,664177,User,16
Jinjiang,206848,User,14
HerringtonDarkholme,2883231,User,14
Kingwl,6831019,User,13
gebilaoxiong,11804936,User,12
chrisvfritz,2327556,User,11
Hanks10100,8401776,User,11
phanan,8056274,User,11
ktsn,2194624,User,11
S-YOU,1001175,User,11
blake-newman,7272211,User,11
kaorun343,5625395,User,6
jkzing,2851517,User,4
KingMario,3956876,User,3
znck,2596484,User,3
dsonet,457552,User,3
bluemsn,3715420,User,3
asheb,22747,User,2
maciej-ka,5403694,User,2
Atinux,904724,User,2
tejitak,5313274,User,2
zephraph,3087225,User,2
jingsam,1522494,User,2
yantene,2714111,User,2
fnlctrl,5557143,User,2
mingmingwon,9499245,User,2
bartlomieju,13602871,User,2
adamawang,16788677,User,1
Alex-Sokolov,4497128,User,1
AlexTes,2011351,User,1
KELiON,594298,User,1
AlexandreBonneau,7248877,User,1
likealcohol,847460,User,1
andyklimczak,4869742,User,1
arielpchara,8421781,User,1
aristidesfl,208149,User,1
fliptheweb,308726,User,1
Async0x42,3268854,User,1
schtr4jh,385801,User,1
bmax,158370,User,1
BrandonSurowiec,5625680,User,1
brendanbowidas,12535968,User,1
bzmw,645758,User,1
BrianDGLS,7824734,User,1
icaioincau,1437058,User,1
chriscasola,2282012,User,1
chrisnicola,156449,User,1
CodinCat,3193344,User,1
danreeves,1973559,User,1
kingdaro,19603573,User,1
dvdckl,5014935,User,1
decademoon,5779055,User,1
simplesmiler,550229,User,1
semenyukdmitry,964084,User,1
FadyMak,12938935,User,1
guidobouman,147413,User,1
Akryum,2798204,User,1
nunnly,6488756,User,1
Henni,1267827,User,1
iagafonov,6047078,User,1
jdaltonchilders,9093285,User,1
javisperez,4766570,User,1
jlmakes,2044842,User,1
kmc059000,660670,User,1
LukeeeeBennett,5678671,User,1
rohmanhm,7524911,User,1
maraisr,599459,User,1
marshallshen,806135,User,1
zyml,1495648,User,1
MopTym,5057445,User,1
sandersn,293473,User,1
nickmessing,1633826,User,1
coisnepe,13304454,User,1
pvorona,11915087,User,1
pkaminski,1646896,User,1
pi0,5158436,User,1
rayrutjes,5570853,User,1
rstoenescu,4665641,User,1
rixlabs,233226,User,1
romoo,348866,User,1
Formatted,14853553,User,1
Richard-zhang,6189781,User,1
Shyam-Chen,13535256,User,1
shreeve,142875,User,1
potato4d,6993514,User,1
timbenniks,121096,User,1
tony-luisi,13082144,User,1
PowerfulPony,17045540,User,1
vinkla,499192,User,1
ralphite,3046804,User,1
mjhd-devlion,6854255,User,1
coolzjy,3762377,User,1
imyzf,8298849,User,1
QingWei-Li,7565692,User,1
dhcmrlchtdj,106069,User,1
fergaldoyle,1889044,User,1
sabakugaara,3990917,User,1
jddxf,11155177,User,1
leonlau,1435249,User,1
lyhper,13343726,User,1
maggiehe,2734387,User,1
odangosan,2063244,User,1
hashplus,2285017,User,1
bringtree,20106478,User,1
pengchongfu,13997305,User,1
razh,240770,User,1
sapics,11169954,User,1
schoonc,4659633,User,1
strantr,25554416,User,1
superwf,308262,User,1
tommyZZM,6326007,User,1
yu1222,6902359,User,1
zigomir,957321,User,1
xqin,1265888,User,1
lonelyclick,8056201,User,1
lzxb,8424643,User,1
Peter-WF,13869200,User,1
Aladdin-ADD,13050025,User,1
