sokra,1365881,User,2819
timse,749171,User,316
TheLarkInn,3408176,User,178
shubheksha,7693422,User,88
willmendesneto,1252570,User,38
sendilkumarn,12471122,User,38
Kovensky,73085,User,27
SpaceK33z,533616,User,24
Travmatth,4915173,User,24
alistairjcbrown,635903,User,23
gajus,973543,User,23
kennyt,2662037,User,20
jhnns,781746,User,20
thaiat,4806944,User,19
KTruong888,17548405,User,19
einarlove,1495211,User,15
carloscuatin,6613911,User,14
e-cloud,5255354,User,11
con-ssc,8189808,User,10
jharris4,7042043,User,9
zhaoshengjun,1686818,User,9
rrharvey,2002141,User,8
SimenB,1404810,User,8
smelukov,6654581,User,8
jescalan,556932,User,7
matthewmeyer,7319966,User,7
simon04,782446,User,7
Tom910,2185721,User,7
aretecode,4022631,User,7
chicoxyzzy,1507086,User,7
mc-zone,4403937,User,7
AndersDJohnson,615381,User,6
jerairrest,1588969,User,6
MrFusion42,2915101,User,6
Tushkiz,1854763,User,6
zastavnitskiy,612163,User,6
kutyel,5127501,User,6
ritikrishu,14858513,User,6
ayastreb,2777667,User,5
deificx,1771462,User,5
faceyspacey,154732,User,5
jamestautges,1606915,User,5
johanneslumpe,3470207,User,5
forivall,760204,User,5
markmarijnissen,1287693,User,5
Orlandster98,18451642,User,5
uncleyo,2004891,User,5
about-code,6525873,User,5
simonzack,628500,User,5
wtgtybhertgeghgtwtg,18507762,User,5
zcfan,1666185,User,4
dashed,139499,User,4
malstoun,1143457,User,4
gaearon,810438,User,4
probablyup,570070,User,4
GiuseppePiscopo,1991814,User,4
diurnalist,796413,User,4
JonDum,191920,User,4
ndresx,27507295,User,4
mikesherov,364532,User,4
moo3,2028663,User,4
hkal,3802753,User,4
aem,1909883,User,4
bhamodi,7663987,User,4
also,15624,User,4
akre54,931368,User,3
ahmedelgabri,63876,User,3
amilajack,6374832,User,3
PeterTeng,9393495,User,3
esbenp,934819,User,3
fedebertolini,1497562,User,3
zinserjan,8046231,User,3
jquense,339286,User,3
jure,238667,User,3
shama,99604,User,3
mzgoddard,833298,User,3
mohsen1,543633,User,3
pierreneter,12815768,User,3
edge,6856710,User,3
sebastienbarre,329967,User,3
elliottsj,2177366,User,3
hulkish,139332,User,3
vigneshshanmugam,3902525,User,3
asolove,8495,User,3
inuscript,13282103,User,3
restrry,3198181,User,3
songawee,434885,User,3
SteveMieskoski,19334138,User,3
chentsulin,3382565,User,3
davegonzalez,1012987,User,3
d3viant0ne,8420490,User,3
alexkuz,790659,User,3
ljqx,5836327,User,3
rbartoli,983189,User,3
abouthiroppy,3367801,User,3
ReadmeCritic,15367484,User,3
abaracedo,9487675,User,2
barinali,1263419,User,2
undoZen,2306358,User,2
sapegin,70067,User,2
corporateanon,10270871,User,2
naknode,616320,User,2
Dean-Coakley,15719653,User,2
DenisIzmaylov,1690596,User,2
elodszopos,4669986,User,2
pgilad,4533329,User,2
gyandeeps,5554486,User,2
huy-nguyen,7352279,User,2
JLHwung,3607926,User,2
jhen0409,3001525,User,2
Timer,616428,User,2
jchip,5876741,User,2
jdalton,4303,User,2
jnwng,1118534,User,2
justingreenberg,1539088,User,2
kahwee,262105,User,2
kmulvey,76613,User,2
kdnk,15260226,User,2
larrifax,144189,User,2
kurtharriger,112603,User,2
li-kai,14850387,User,2
lior-a,10909088,User,2
bransbury,8886969,User,2
Globegitter,2580254,User,2
msingle,18760,User,2
mattsoltani,751173,User,2
michael-ciniawsky,5419992,User,2
ymichael,610102,User,2
nickdima,614468,User,2
nmccready,583593,User,2
nicksp,579331,User,2
nitishdayal,14283798,User,2
Fost,567760,User,2
the4dpatrick,3721451,User,2
Vijar,759766,User,2
ricmatsui,5288285,User,2
r0b1n,548774,User,2
STRML,1197375,User,2
SebastianS90,7740744,User,2
sergiorojasa,18662996,User,2
sharang-d,1948197,User,2
simenbrekken,12807,User,2
ornj,199645,User,2
ssuman,2545586,User,2
Taytay,1330693,User,2
tejasbubane,980783,User,2
shivawu,292364,User,2
zwhitchcox,4328800,User,2
asarode,4860899,User,2
bernii,778717,User,2
kagawagao,6930280,User,2
asmundg,692360,User,2
gbk,865717,User,2
loganfsmyth,132260,User,2
mxstbr,7525670,User,2
akx,58669,User,1
arekkas,3372410,User,1
katranci,61077,User,1
a0viedo,2440935,User,1
monder,232147,User,1
g0ddish,3472248,User,1
vecmezoni,189443,User,1
myshov,2382567,User,1
achicu,80925,User,1
andreipfeiffer,2570562,User,1
andrewho83,9323953,User,1
andreypopp,30594,User,1
satazor,1017236,User,1
apaatsio,195210,User,1
Arnavion,1096010,User,1
avindra,126848,User,1
niieani,563469,User,1
beauroberts,337712,User,1
lbogdan,2083930,User,1
brenoc,284515,User,1
burabure,3132298,User,1
CntChen,4598445,User,1
cesarandreu,656870,User,1
cwheikki,1260009,User,1
cletusw,862638,User,1
deoxxa,479055,User,1
iDams,1591702,User,1
dncrews,353090,User,1
FredyC,1096340,User,1
danez,231804,User,1
plaxdan,382348,User,1
david-mitchell,540554,User,1
solcik,1543737,User,1
jimmyn,5391775,User,1
duncanbeevers,7367,User,1
halfzebra,3983879,User,1
eirikurn,115094,User,1
edbedbe,4471727,User,1
eliranmal,1401288,User,1
lettertwo,210630,User,1
yyx990803,499550,User,1
ev1stensberg,16735925,User,1
epoberezkin,2769109,User,1
ftdebugger,170282,User,1
fhdhsni,15943494,User,1
fernandoacorreia,17158,User,1
montogeek,1002461,User,1
TheKnarf,213777,User,1
GianlucaGuarini,879612,User,1
gordonkristan,1527297,User,1
Akkuma,342889,User,1
knixeur,1289632,User,1
hlwsmith,1129257,User,1
leftstick,1059956,User,1
huangc28,4285184,User,1
hmalphettes,55289,User,1
hlindset,15126,User,1
ianks,3303032,User,1
IngwiePhoenix,2893716,User,1
paraboom,385424,User,1
jbruni,69181,User,1
jackfranklin,193238,User,1
jtmthf,8162598,User,1
jRiest,1612579,User,1
fastest963,112555,User,1
janraasch,425211,User,1
jaridmargolin,933685,User,1
jtinfors,74535,User,1
Meroje,304101,User,1
jdb8,643295,User,1
joeyyang,2928395,User,1
jfsiii,57655,User,1
jordansexton,1173161,User,1
julen,16768,User,1
jscheid,3514,User,1
jcoyne,92044,User,1
KamilSzot,121741,User,1
iotch,2292500,User,1
auchenberg,173559,User,1
kentendo,6753680,User,1
kball,44007,User,1
xizhao,2066021,User,1
monkindey,6913898,User,1
Kinka,1127558,User,1
deepsweet,266822,User,1
dmvjs,1675992,User,1
KlausTrainer,230061,User,1
kostasmanionis,5301424,User,1
kborchers,282468,User,1
yeskunall,14703164,User,1
7235200,8036366,User,1
lexaurin,428302,User,1
loganlinn,207988,User,1
lukeapage,309321,User,1
lunasofia,7987963,User,1
polotek,107142,User,1
marcus,3090,User,1
marijnh,144427,User,1
mnpenner,1112998,User,1
MarkusKramer,1502825,User,1
matthewlehner,136013,User,1
sirlancelot,71916,User,1
matthewtoast,573480,User,1
maxkostow,1108746,User,1
MoOx,157534,User,1
emkay,1327,User,1
michaelgmcd,8161781,User,1
MWGitHub,133568,User,1
michelgotta,743823,User,1
Brocco,1565117,User,1
mp4096,5394551,User,1
mrahhal,4404199,User,1
nkzawa,775227,User,1
mastercactapus,595010,User,1
neeharv,1774305,User,1
NejcZdovc,9574457,User,1
enaqx,182219,User,1
v12,1483691,User,1
impl,41129,User,1
pago,193788,User,1
gdi2290,1016365,User,1
paulfalgout,2028470,User,1
pksjce,417268,User,1
peterjmag,352105,User,1
yuffiy,5752902,User,1
rafde,833429,User,1
rdrey,347977,User,1
reedloden,352251,User,1
richardsimko,1245031,User,1
defunctzombie,84792,User,1
pugnascotia,8696382,User,1
rouzbeh84,1803843,User,1
ryancbarry,1834583,User,1
ryanbraganza,290242,User,1
saschagehlich,119684,User,1
swreeser,3954343,User,1
blade254353074,9346008,User,1
Reduxx,1726223,User,1
sajmoon,234977,User,1
stephan83,88314,User,1
southpolesteve,471400,User,1
ematipico,602478,User,1
Waidd,2922824,User,1
tcoopman,45546,User,1
trshafer,135461,User,1
Turbo87,141300,User,1
tomByrer,1308419,User,1
tomaszczechowski,3110789,User,1
polomsky,1607273,User,1
vhpoet,686185,User,1
vk92kokil,5166213,User,1
wmertens,54934,User,1
xdamman,74358,User,1
bdwain,3982094,User,1
d-ph,4347095,User,1
devqin,2504160,User,1
djchie,4219842,User,1
faller,3031252,User,1
fresheneesz,149531,User,1
hh9527,3439410,User,1
jbellenger,1391805,User,1
log2-hwan,927921,User,1
e-jigsaw,557961,User,1
kpdecker,196390,User,1
hoperyy,5757051,User,1
cloudIC,5764308,User,1
marzelin,13483453,User,1
mendenhallmagic,6551801,User,1
miniEggRoll,4318432,User,1
nilennoct,4055220,User,1
nicosesma,18688343,User,1
shotat,7850749,User,1
syranide,1714255,User,1
xiaomoinfo,12625278,User,1
jiyinyiyong,449224,User,1
