kittens,853712,User,579
bestander,2121048,User,235
Daniel15,91933,User,87
zertosh,830952,User,36
arcanis,1037931,User,36
voxsim,1021456,User,32
BYK,126780,User,27
cpojer,13352,User,25
wyze,186971,User,22
torifat,208544,User,12
wycats,4,User,12
shayne,79330,User,12
wtgtybhertgeghgtwtg,18507762,User,11
yunxing,1017689,User,11
thejameskyle,952783,User,10
ldabiralai,1711610,User,10
kaylieEB,18429494,User,9
samccone,883126,User,9
paulirish,39191,User,8
kentaromiura,87300,User,8
iredchuk,2714614,User,7
olingern,1470297,User,7
hpurmann,1228437,User,6
rally25rs,38535,User,6
Volune,767553,User,6
KishanBagaria,1093313,User,6
josephfrazier,6473925,User,5
FLGMwt,4138357,User,5
blexrob,16877511,User,5
danharper,510740,User,4
DenisGorbachev,829578,User,4
aracarie,20537648,User,4
KidkArolis,324440,User,4
mc10,1146876,User,4
neonowy,5042328,User,4
mourner,25395,User,4
lawliet89,983101,User,4
philtay,7722913,User,4
vbfox,131878,User,4
polizz,10888433,User,4
sheerun,292365,User,3
albertfdp,649667,User,3
bouk,97820,User,3
dguo,2763135,User,3
f-sign,23236580,User,3
jvhoven,5366355,User,3
lgeiger,13285808,User,3
mvestergaard,2027834,User,3
msaglietto,441786,User,3
onurtemizkan,4020638,User,3
SimenB,1404810,User,3
tkloht,1761818,User,3
skevy,131916,User,3
chicoxyzzy,1507086,User,3
TimvdLippe,5948271,User,3
CrabDude,204037,User,2
whitecolor,736697,User,2
AlicanC,412180,User,2
jambonrose,2659203,User,2
arslanarshad31,15626390,User,2
thetrompf,1430118,User,2
sciolist,163642,User,2
devongovett,19409,User,2
diorahman,1234972,User,2
dhruvdutt,5961873,User,2
GAumala,5729175,User,2
xdissent,99367,User,2
hzoo,588473,User,2
BanzaiMan,25666,User,2
jsynowiec,1029142,User,2
johnf,42590,User,2
juanca,841084,User,2
jure,238667,User,2
kirs,522155,User,2
pornel,72159,User,2
lumaxis,406937,User,2
craftedsystems,26137287,User,2
markstos,25829,User,2
mtraynham,5741321,User,2
ViceIce,1798109,User,2
niteshsarode,11615837,User,2
pichouk,8401692,User,2
pascalberger,2190718,User,2
thefourtheye,696611,User,2
scottaddie,10702007,User,2
swang,49867,User,2
thedumbterminal,5052370,User,2
graingert,413772,User,2
TAGraves,2263711,User,2
troydemonbreun,770448,User,2
victornoel,160975,User,2
vladikoff,128755,User,2
vutran,1088312,User,2
superxp1412,6717522,User,2
shahmirn,3029066,User,2
skratchdot,434470,User,2
AaronHarris,1575236,User,1
tribou,1641390,User,1
AdamEdgett,1044502,User,1
naganowl,4563859,User,1
alecmerdler,11700385,User,1
monder,232147,User,1
alexbrazier,5689874,User,1
alexsaveliev,7010538,User,1
PlugIN73,708845,User,1
xandris,1970616,User,1
amatas,158641,User,1
helloandre,212816,User,1
nexdrew,1929625,User,1
amonks,50010,User,1
ankurkaushal,2236616,User,1
allcentury,5561166,User,1
sapegin,70067,User,1
khakulov,441436,User,1
Apercu,6033345,User,1
rockingskier,681614,User,1
rivertam,4165105,User,1
bendemboski,559001,User,1
bripkens,596443,User,1
btmills,1709537,User,1
existentialism,56288,User,1
pfremm-NM,12562383,User,1
chlunde,131994,User,1
clarenced,569527,User,1
chrisirhc,132584,User,1
chrisvfritz,2327556,User,1
cnorthwood,462992,User,1
sheepsteak,1379888,User,1
darthtrevino,113544,User,1
vjeux,197597,User,1
christopherstott,92120,User,1
avdv,3471749,User,1
fc,20962,User,1
Congelli501,820621,User,1
ConAntonakos,1504302,User,1
connesc,1195681,User,1
watilde,1716463,User,1
gaearon,810438,User,1
danielhusar,1857751,User,1
danielmcgraw,449223,User,1
dpoindexter,676112,User,1
DanReyLop,1715800,User,1
danez,231804,User,1
bruderstein,91716,User,1
DavidBrear,1081640,User,1
bytenik,441347,User,1
davidwickman,3502954,User,1
dxu,718423,User,1
dawsbot,3408480,User,1
denniswebb,16431200,User,1
donaldpipowitch,1152805,User,1
doug2k1,597793,User,1
errm,115280,User,1
eknkc,1248453,User,1
SaladFork,107798,User,1
chuwik,403428,User,1
ericvicenti,1483597,User,1
f,196477,User,1
FokkeZB,2699409,User,1
FredKSchott,622227,User,1
gsklee,1006291,User,1
georgewaters,3245509,User,1
grant,744973,User,1
gpoole,2898433,User,1
kouhin,5006663,User,1
juturu,11049886,User,1
Haroenv,6270048,User,1
hasit,1553055,User,1
hemanth,18315,User,1
hiendv,1917947,User,1
itaylor,38120,User,1
IgorMinar,216296,User,1
aij,4732885,User,1
jhgg,5489149,User,1
jakebasile,766907,User,1
farisj,7132760,User,1
ducks,868959,User,1
jamen,6251703,User,1
ide,379606,User,1
jjudd,3375226,User,1
JamesKyburz,220678,User,1
jamesgpearce,90942,User,1
kassens,11849,User,1
jkrems,567540,User,1
statianzo,57737,User,1
jeffrey-xiao,8853434,User,1
jbinto,2664611,User,1
ticky,282113,User,1
Jimexist,622789,User,1
jseminck,9586897,User,1
joeyespo,634573,User,1
JoelMarcey,3757713,User,1
Joge97,15199252,User,1
jgoz,132233,User,1
jonsharratt,430934,User,1
jkimbo,691952,User,1
sotojuan,8217766,User,1
jucrouzet,471070,User,1
kaicataldo,7041728,User,1
kamilogorek,1523305,User,1
karanjthakkar,1824298,User,1
kasperlewau,2687184,User,1
zkat,17535,User,1
Keraito,5955441,User,1
kevgo,268934,User,1
kevinzwhuang,7256178,User,1
kdzwinel,985504,User,1
koddsson,318208,User,1
krsjoseph,1019869,User,1
Kyle-Mendes,6400039,User,1
elyobo,407806,User,1
lirantal,316371,User,1
lucaskatayama,492687,User,1
LukeTillman,428023,User,1
lzilioli,4664956,User,1
marzepani,3640237,User,1
magicmark,1590756,User,1
mvayngrib,83948,User,1
doits,148003,User,1
mrtnbroder,1118826,User,1
mrichins,12534993,User,1
mdarse,484720,User,1
matt-adam,23197033,User,1
gonzofish,402350,User,1
mjswensen,1591879,User,1
lochbrunner,17703372,User,1
maxnordlund,664779,User,1
binarykitchen,177641,User,1
mjesun,829269,User,1
MiguelMadero,47388,User,1
Ngo-The-Trung,1381629,User,1
bollwyvl,45380,User,1
mgcrea,108273,User,1
kazazor,1577655,User,1
osukaa,571775,User,1
Parakleta,11205202,User,1
ryyppy,1121889,User,1
papercuptech,24506672,User,1
voxpelli,34457,User,1
peterebden,1479315,User,1
peterjanes,193948,User,1
pesho,265896,User,1
canufeel,5106750,User,1
g-plane,17216317,User,1
pi0,5158436,User,1
pshkrjshnde,9133682,User,1
pweaver,611620,User,1
QWp6t,2104321,User,1
rafaelrinaldi,87162,User,1
raido,659945,User,1
balderdash,1070243,User,1
ramasilveyra,7464663,User,1
randycoulman,1406203,User,1
ransombriggs,62452,User,1
raymondwang,4248263,User,1
soda0289,2373964,User,1
Tebro,3861339,User,1
robeerob,13132899,User,1
rwjblue,12637,User,1
rtfpessoa,902384,User,1
mogest,23133,User,1
rogeriochaves,792201,User,1
romandragan,3455696,User,1
sandlerr,5535625,User,1
RustyToms,5260472,User,1
samjacobclift,1868592,User,1
STRML,1197375,User,1
warpy,127897,User,1
saschagehlich,119684,User,1
busches,857700,User,1
sendilkumarn,12471122,User,1
stefanpenner,1377,User,1
zcei,1705507,User,1
rufman,1128559,User,1
stevelacy,5648999,User,1
shreeve,142875,User,1
stipsan,81981,User,1
talaviss,11243364,User,1
thomaschaaf,893393,User,1
tpina,3940434,User,1
tmchng,963950,User,1
tgriesser,154748,User,1
timoxley,43438,User,1
TomasHubelbauer,6831144,User,1
tudorgergely,7794865,User,1
VictorVation,2099442,User,1
vkurchatkin,2993861,User,1
devoto13,823594,User,1
Zearin,630124,User,1
zeke,2289,User,1
zdroid,2725611,User,1
azu,19714,User,1
cdarras,48961,User,1
dalmaer,4770,User,1
enoshixi,1569382,User,1
inikulin,453071,User,1
joe-re,4954534,User,1
jrop,1404053,User,1
kslimani,1758996,User,1
mchro,2332229,User,1
mikew,4729,User,1
nbhargava,993682,User,1
ppsmirnov,2056513,User,1
rmacklin,1863540,User,1
seongahjo,10272119,User,1
tuures,3033396,User,1
vpoverennov,10330583,User,1
vvm-broadsoft,12518480,User,1
walkerburgin,1189357,User,1
jddxf,11155177,User,1
