rauchg,13041,User,296
leo,6170607,User,79
matheuss,4721750,User,68
greenkeeperio-bot,14790466,User,40
chabou,4137761,User,23
albinekb,5027156,User,22
ppot,5577409,User,20
ekmartin,3536982,User,13
Stanzilla,75278,User,11
freebroccolo,151197,User,10
henrikdahl,1430576,User,10
MrRio,47539,User,9
marcbachmann,431376,User,8
dotcypress,1333916,User,8
mike-engel,464447,User,8
c0b41,2834954,User,7
timneutkens,6324199,User,6
flybayer,8813276,User,5
stefanivic,3818515,User,5
davegomez,282903,User,5
hharnisc,1388079,User,4
lordgiotto,5115382,User,4
maxdeviant,1486634,User,4
TooTallNate,71256,User,4
paulcbetts,1396,User,4
iamstarkov,559321,User,4
danielbayerlein,457834,User,4
amilajack,6374832,User,3
dfrankland,2488926,User,3
montogeek,1002461,User,3
developit,105127,User,3
Specro,15341550,User,3
matiastucci,3856355,User,3
CodeTheory,1695613,User,3
arnif,1312916,User,2
breber,700676,User,2
efegurkan,1410658,User,2
jhaynie,6027,User,2
cuth,695872,User,2
martinvd,320906,User,2
mauro-oto,1296641,User,2
nw,54197,User,2
fearphage,23887,User,2
tibotiber,5635553,User,2
nitsakh,5625083,User,2
air,18724,User,1
code-haven,3872649,User,1
adamstac,2933,User,1
afshinm,314326,User,1
akashnimare,2263909,User,1
alireza-ahmadi,1054228,User,1
amio,215282,User,1
parro-it,11197111,User,1
mihaliak,3680162,User,1
radarhere,3112309,User,1
aurelienbottazini,32635,User,1
BenoitAverty,17006335,User,1
bbshih,1472300,User,1
blakeembrey,1088987,User,1
BrianDGLS,7824734,User,1
CWSpear,495855,User,1
colepeters,1713932,User,1
conorhastings,8263298,User,1
DaleJefferson,375005,User,1
danprince,1266011,User,1
Tyriar,2193314,User,1
davidbarsky,2067774,User,1
dkniffin,1680080,User,1
felixrieseberg,1426799,User,1
gsklee,1006291,User,1
micopc,13283635,User,1
grahamkennery,2604414,User,1
the6thm0nth,1366161,User,1
shime,703563,User,1
Calinou,180032,User,1
flyngate,1141983,User,1
italoacasas,6354455,User,1
CompuIves,587016,User,1
jaywunder,6374335,User,1
kandros,4562878,User,1
jwhitmarsh,8026009,User,1
activars,37033,User,1
johanbrook,437261,User,1
johnotander,1424573,User,1
jongalloway,68539,User,1
knewter,3829,User,1
kenma9123,1641990,User,1
KevinRamsunder,4219038,User,1
krzkaczor,1814312,User,1
kyleholzinger,2652762,User,1
shama,99604,User,1
levrik,9491603,User,1
L-A,861964,User,1
mqudsi,606923,User,1
flexiondotorg,304639,User,1
MartyGentillon,1311078,User,1
mathisonian,1074773,User,1
MatthiasWinkelmann,10232033,User,1
galadriel2143,2000270,User,1
miguelcg,3835113,User,1
tamagokun,487333,User,1
7373Lacym,6784057,User,1
NickChristensen,613826,User,1
nicksrandall,1800460,User,1
nfcampos,56902,User,1
kwonoj,1210596,User,1
oliverdunk,6097064,User,1
rpunkfu,7048281,User,1
pablopunk,4324982,User,1
paolorotolo,5623301,User,1
paulbouwer,318622,User,1
mfpierre,2368736,User,1
rssilva,2047941,User,1
kvakulo,359614,User,1
supersam654,869213,User,1
szhu,1570168,User,1
vors,816680,User,1
sindresorhus,170270,User,1
teemuteemu,2570951,User,1
thephilip,13875805,User,1
tbodt,5678977,User,1
tschoffelen,666220,User,1
rase-,1220601,User,1
vinkla,499192,User,1
vitorgalvao,1699443,User,1
weslleyaraujo,2286385,User,1
itswil,3381481,User,1
zbuttram,396699,User,1
zakrid,11602629,User,1
Zearin,630124,User,1
zsol,66740,User,1
ringohub,1206676,User,1
chantisnake,10100995,User,1
stephenkingsley,13380370,User,1
piotr-yuxuan,3686502,User,1
