zenorocha,398893,User,186
heldr,134727,User,5
mauriciosoares,2321259,User,5
eduardolundgren,113087,User,4
vekat,6536964,User,4
jaydson,72206,User,3
calvincorreli,7728,User,2
jory,200687,User,2
SpazzMarticus,5716457,User,2
arve0,4810521,User,2
DrA1ex,1194059,User,1
alibozorgkhan,1771669,User,1
squarejaw,1250248,User,1
curtisgibby,1086964,User,1
alrra,1223565,User,1
gkal19,11067705,User,1
itaisteinherz,22768990,User,1
kimorkim,5179851,User,1
JoshSpears3,9599633,User,1
kmalakoff,756520,User,1
lnmunhoz,4376835,User,1
mathiasbynens,81942,User,1
nhattan,4226759,User,1
nettofarah,270688,User,1
nkbt,175264,User,1
rpunkfu,7048281,User,1
patrickhlauke,895831,User,1
pawlufelice,2033212,User,1
johnsenpeder,12134822,User,1
Whyounes,1175548,User,1
rafaelfragosom,1163342,User,1
sebastianekstrom,1921046,User,1
stepancar,2854910,User,1
whitj00,6721742,User,1
yannickoo,1086961,User,1
grabus,1453981,User,1
meiralins,4183188,User,1
webglider,751875,User,1
schwaggyg,2901630,User,1
alippai,240729,User,1
