zurbchris,13631168,User,1831
gakimball,1142001,User,1535
mrsweaters,535897,User,1332
kball,44007,User,1049
mhayes,125222,User,1008
rafibomb,5652085,User,811
IamManchanda,4970624,User,480
thedeerchild,1609616,User,470
JamesDullaghan,3254361,User,247
cmwinters,1295166,User,214
Owlbertz,4280373,User,206
zurbrandon,5192601,User,196
brettsmason,73229,User,167
ncoden,9939075,User,133
tdhartwick,7873403,User,128
colin-marshall,4453733,User,104
dragthor,156634,User,67
seantimm,9207,User,66
lozandier,1223224,User,62
nikhilkalige,1267404,User,59
prestonmcp,7770587,User,57
winghouchan,6061021,User,57
designerno1,8417506,User,56
joeworkman,225628,User,46
pine3ree,3229979,User,33
rvinay88,2072706,User,32
abdullahsalem,177020,User,30
kwhchu,11620275,User,29
coreysyms,3342734,User,28
tmugford,922835,User,23
sethkane,2932427,User,23
IllusionPerdu,3144636,User,23
karland,4803370,User,22
tomsky,264453,User,21
mmikitka,2027417,User,20
ascottmccauley,971541,User,19
blai,1664979,User,17
marcobiedermann,5244986,User,17
TvrtkoM,551965,User,17
andycochran,409279,User,17
briantan888,10835186,User,16
daftspunk,1392869,User,16
DaSchTour,1907266,User,16
foxvsworld,6147272,User,15
nicinabox,246280,User,15
alettieri,95975,User,15
Ilyes512,2445415,User,14
meredevelopment,3437528,User,13
IAmEddieDean,11634585,User,12
ocularrhythm,2738518,User,11
a-dg,2132519,User,11
socketz,638274,User,11
istrasoft,1440900,User,11
denisahac,6700576,User,11
serglo,1453557,User,11
gehasia,325276,User,11
damianfrizzi,5004390,User,10
natewiebe13,759228,User,10
EnigmaSolved,1939456,User,9
michaelgilley,473729,User,9
nicmendoza,5489626,User,9
sime,216917,User,9
viniciusban,90863,User,9
ahebrank,5023646,User,8
blueyed,9766,User,8
joaocunha,766837,User,8
markvan,563711,User,8
stenlyk,783805,User,8
rememberlenny,1332366,User,8
tejohnso,1511535,User,8
jellisii,3483096,User,8
nneal,1542516,User,8
andrewbiddinger,6351977,User,7
xhezairi,463095,User,7
davidgovea,489896,User,7
jorge-d,1178099,User,7
HashanP,4449858,User,7
tjhiggins,737712,User,7
thomasklemm,1100176,User,7
erikmellum,6475033,User,7
simshaun,379519,User,7
jonathanmelville,7415693,User,7
paxperscientiam,7539871,User,6
ctalkington,209757,User,6
jonschlinkert,383994,User,6
lukebussey,624446,User,6
michelts,361492,User,6
sjonnet19,1060672,User,6
shadowhand,38203,User,6
mheward,24913124,User,6
regdoug,554427,User,6
samuelmc,13014590,User,6
milose,2998029,User,6
zokioki,5072525,User,6
Grafikart,395137,User,6
alokjethanandani,3227881,User,5
andersonaguiar,491544,User,5
briemens,580832,User,5
damirkotoric,520622,User,5
oller,1219831,User,5
EtienneDion,495369,User,5
juliancwirko,4427985,User,5
szinya,40746,User,5
OndrejVasicek,3864012,User,5
randmanrjr,4073249,User,5
sbarre,104985,User,5
sdhull,50039,User,5
tomByrer,1308419,User,5
neciu,2368417,User,5
wolfgang-demeter,4437946,User,5
amosmos,2318695,User,5
canterberrie,20821433,User,5
caycek,9340125,User,5
colinmackinlay,7833362,User,5
mindctrl,1254870,User,5
shortspider,5712543,User,5
chrisjlee,242716,User,5
mhchen,1325549,User,5
LayZeeDK,6364586,User,5
NeilWB,17742879,User,5
btsai,75292,User,5
anitagraham,397118,User,4
brendanblackwood,207637,User,4
brentsmyth,17733382,User,4
eusonic,1009531,User,4
cvrebert,419884,User,4
dboskovic,687594,User,4
whatcould,8288,User,4
abutler3,297967,User,4
fordarnold,1271441,User,4
gcornhill,5075482,User,4
glafarge,670645,User,4
HugoGiraudel,1889710,User,4
javierjulio,198547,User,4
johnraz,304164,User,4
joshmedeski,2036594,User,4
joshuajabbour,66879,User,4
jeromelebleu,3597194,User,4
iamkirkbater,1392366,User,4
kostaspt,684680,User,4
Korri,130747,User,4
voku,264695,User,4
markbaas,1153495,User,4
mattferderer,2480667,User,4
merlinpatt,421960,User,4
MrOrz,108608,User,4
aexmachina,261804,User,4
pwnall,11460,User,4
ziad-saab,3943143,User,4
artursopelnik,6503839,User,4
fracsi,690307,User,4
imsys,911254,User,4
mrmrs,1748143,User,4
se7,9259447,User,4
ste101,359959,User,4
xfifix,827158,User,4
Grawl,846774,User,4
mehlah,224928,User,4
b-times-b,7266216,User,4
rspraymond,7506358,User,4
asommer70,3384096,User,3
alfredbez,1001186,User,3
shikolay,1370308,User,3
glorpen,990336,User,3
brnrdbrk,121465,User,3
Braden1996,5165963,User,3
brock-duncan,22098339,User,3
oxocode,5192517,User,3
iamdey,65737,User,3
devinmcinnis,1831398,User,3
edumucelli,959623,User,3
eillarra,514589,User,3
grgcnnr,2694014,User,3
gpspake,3385690,User,3
localhots,649556,User,3
sekjal,2071249,User,3
shreve,253634,User,3
jhilden,69657,User,3
javiercejudo,1095851,User,3
blacklizard,1284948,User,3
jefsnare,457784,User,3
j0k3r,62333,User,3
emerge-joe-watkins,15203926,User,3
johnbacon,308588,User,3
MainelyWeb,6068523,User,3
jonatasfreitasv,8763192,User,3
jonsuh,359871,User,3
joshuacc,171086,User,3
Jursdotme,3518719,User,3
itsthatguy,1118006,User,3
radekstangel,19756609,User,3
LeGaS,58868,User,3
lloydh,438273,User,3
louh,2553268,User,3
murb,177989,User,3
inetbusiness,2929919,User,3
thevole,133342,User,3
eimermusic,66180,User,3
OtaK,1262712,User,3
mkelly12,8383,User,3
oliverstapelfeldt,29713869,User,3
r8n5n,1922371,User,3
spacepants,3334828,User,3
Quy,368084,User,3
rawiki,15380321,User,3
Spiralis,64342,User,3
footedesign,811369,User,3
saadshahd,5410903,User,3
sanderblue,2590905,User,3
erquhart,2112202,User,3
metalspawn,466932,User,3
stephenway,38894,User,3
tsquez,1976117,User,3
tomvanenckevort,1218996,User,3
TravisHi,9645205,User,3
vgmcglaughlin,3577818,User,3
xyu,373804,User,3
airtonix,61225,User,3
boertel,301183,User,3
dGs-,6872180,User,3
ohjessica,5224892,User,3
laantorchaweb,930943,User,3
sujayjaju,1681240,User,3
tormjens,3974889,User,3
webmasterlpo,6533780,User,3
AlvinLing,495929,User,3
andig,184815,User,3
LaurelBCodin,24903877,User,3
monosize,1583746,User,3
niklam,1212395,User,3
aaroncampbell,802412,User,2
aaronstillwell,6533711,User,2
avr,347482,User,2
adriantombu,383297,User,2
sinspiral,259592,User,2
albogdano,346873,User,2
tinnvec,757297,User,2
alamowo,12534520,User,2
aik099,1277526,User,2
Seldszar,3079214,User,2
andrewhughey,3706545,User,2
HoldenCreative,965323,User,2
syko,317674,User,2
ajoslin,1265995,User,2
AshKyd,49600,User,2
amwelles,567160,User,2
bmatzner,204826,User,2
bravecow,988471,User,2
BrettBukowski,224622,User,2
chancerussell,3147758,User,2
chrismeller,18316,User,2
bahamagician,13170078,User,2
christianfroehlichconsulting,15247333,User,2
hirechrismeyers,589529,User,2
codykrieger,131179,User,2
craigward,732543,User,2
daigofuji,846229,User,2
dancoates,1946998,User,2
Pleochism,927470,User,2
djallits,10674226,User,2
dhodgin,145013,User,2
danielsamuels,1781176,User,2
drball,5682340,User,2
davidmcooper,867436,User,2
diegoleme,374857,User,2
diegoviola1,295702,User,2
EdCharbeneau,945168,User,2
elidupuis,196410,User,2
EHackettTriCore,16137890,User,2
eprothro,798287,User,2
razor-x,721372,User,2
etienne,9656,User,2
fny,346068,User,2
FayneAldan,1149870,User,2
webflo,123946,User,2
gavinballard,702485,User,2
gdsmith,908695,User,2
GeorgePhillips,435107,User,2
Shiva127,7672404,User,2
gkorban,3262199,User,2
Gregor-Agnes,1701602,User,2
tyrantkhan,107844,User,2
nessthehero,216666,User,2
imranomari,2339897,User,2
Ibie,2624381,User,2
isaak-ordonez,1129731,User,2
jmillerdesign,848523,User,2
jopotts,26507,User,2
jackmahoney,1240270,User,2
jacobalvarez,16577341,User,2
jaiew,289692,User,2
HurricaneJames,1138434,User,2
purplespider,329880,User,2
JamesJGarner,4941923,User,2
jameswlane,794161,User,2
jf,7270,User,2
joellord,1615433,User,2
joelworsham,4182573,User,2
janzelc,387246,User,2
anotherZero,1004525,User,2
wjthomas9,986696,User,2
Shelob9,1994311,User,2
jellis,192813,User,2
eljojo,491230,User,2
joernroeder,270540,User,2
karissademi,479028,User,2
keilmillerjr,222064,User,2
keithminder,1496281,User,2
Kolodij,679538,User,2
blazkovicz,4517837,User,2
kurtvarner,1866036,User,2
KiC-Kilo,17803464,User,2
lailsonbm,114001,User,2
lesliedoherty,835874,User,2
MandiSaeteun,8976601,User,2
mlang38,1927042,User,2
maggo,384953,User,2
markrickert,139261,User,2
mafrosis,243851,User,2
mattolson,168657,User,2
mwitek,744199,User,2
maxbucknell,1707318,User,2
Proper-Job,5182820,User,2
Ne-Ne,2177851,User,2
kugaevsky,125203,User,2
demersus,263341,User,2
noeljackson,97255,User,2
OrionSeven,188715,User,2
cereallarceny,1297930,User,2
the4dpatrick,3721451,User,2
pfig,594,User,2
petecoop,1655361,User,2
pdeffendol,8208,User,2
peterk,19284,User,2
peterjmit,867628,User,2
ramon,1380,User,2
remosiegwart,2592249,User,2
Renkas,5357180,User,2
rbayliss,654407,User,2
TWiStErRob,2906988,User,2
ryanwachtl,341209,User,2
sammarks,424093,User,2
SuperSeb92,9269477,User,2
zy4,9461638,User,2
chibicode,992008,User,2
silviogutierrez,92824,User,2
somewebmedia,2186159,User,2
StephenOrJames,8732346,User,2
SunnyLi,1523463,User,2
beatak,23968,User,2
taras,74687,User,2
L8D,2355315,User,2
cietho,14327182,User,2
raziel057,652505,User,2
tdreyno,233,User,2
tzi,415891,User,2
tklun,384259,User,2
tpgmartin,3996823,User,2
wesf90,1448304,User,2
fulldecent,382183,User,2
alexej-d,3934198,User,2
auginator,1105657,User,2
chadsterBAM,867697,User,2
cmex,1822534,User,2
davemaurakis,960491,User,2
doxxon,1823718,User,2
flyingL123,2486712,User,2
imagentleman,2272928,User,2
jlachowski,3831811,User,2
kazimanzurrashid,115591,User,2
kuroisuna,4406617,User,2
mhindery,8758073,User,2
mestremuten,4643244,User,2
mik-laj,12058428,User,2
perryst5,3216040,User,2
placingpixels,1699265,User,2
robertjd,132343,User,2
slavanga,1077807,User,2
strainger,12190018,User,2
syren,1101498,User,2
indiealexh,1066212,User,2
stryju,25367,User,2
tomtrentham,1910056,User,2
webdevan,10104686,User,2
8ig8,241335,User,1
aqnouch,3692812,User,1
aahan,3120801,User,1
lifeiscontent,180963,User,1
martianboy,977610,User,1
cucharadepalo,15980063,User,1
adamj88,1053393,User,1
AdamCanady,2141945,User,1
adamelso,5972864,User,1
adamgibbins,46830,User,1
