barryvdh,973269,User,462
GrahamCampbell,2829600,User,17
sebdesign,667144,User,5
papajoker,4622935,User,5
kamui545,356978,User,4
Anahkiasen,1321596,User,4
Naminator,180402,User,4
martindilling,1018838,User,3
pavankumarkatakam,6078669,User,3
plapinski,8512597,User,3
adelf,2818394,User,2
rmasters,34284,User,2
n0f,10847587,User,2
Tjoosten,5157609,User,2
FractalizeR,318489,User,2
decadence,1434668,User,2
adanski,2191641,User,1
believer-ufa,801727,User,1
akshayagarwal,1273012,User,1
alanmanderson,7490766,User,1
anlutro,163093,User,1
willishq,1564903,User,1
andboson,2089327,User,1
Kussie,4960791,User,1
pinepain,2185793,User,1
bram1028,4261448,User,1
faustbrian,22145591,User,1
burakerdem,244163,User,1
caseym,507515,User,1
mofodojodino,747501,User,1
gmsantos,1991286,User,1
hannesvdvreken,1410358,User,1
jsmunich,5215310,User,1
jared-is-ray,5885,User,1
JesseLeite,5187394,User,1
Psykar,817933,User,1
MalikinSergey,8463996,User,1
deleugpn,9533181,User,1
marcorivm,1222598,User,1
martin-heralecky,10909241,User,1
mohamedsharaf,895464,User,1
NelinD,10078264,User,1
unitedworx,756848,User,1
ptsilva,7844797,User,1
borfast,4837,User,1
rodrigorigotti,387664,User,1
rmariuzzo,439839,User,1
sdebacker,134503,User,1
SeanKnight,13762100,User,1
stephandesouza,159077,User,1
taylorotwell,463230,User,1
TerrePorter,4440749,User,1
tylernathanreed,6486381,User,1
vinterskogen,8015372,User,1
angelside,7515,User,1
boynet,1615629,User,1
ismaail,4411670,User,1
scil,2786775,User,1
shark0der,528959,User,1
tjbp,2157634,User,1
wiedem,18583580,User,1
Except10n,1645092,User,1
