barryvdh,973269,User,203
ellisio,127468,User,4
claar,402855,User,3
zedentox,3627991,User,3
hailwood,709773,User,3
chrisforrence,1347389,User,2
cnanney,195134,User,2
danielboendergaard,314877,User,2
DarkGhostHunter,5141911,User,2
komirad,3870837,User,2
miklcct,2827264,User,2
stidges,4399967,User,2
SebSept,2592502,User,2
JulienTant,785518,User,2
bebnev,8371521,User,2
Flynsarmy,334808,User,2
Kurre,1389199,User,2
leo108,1551716,User,2
Omranic,406705,User,1
akshayagarwal,1273012,User,1
alexbowers,842974,User,1
modder2,7896122,User,1
Belphemur,197810,User,1
mdnsk,4230254,User,1
pinepain,2185793,User,1
briankiewel,1514568,User,1
Artistan,801349,User,1
dimsav,1785686,User,1
django23,827397,User,1
dkulyk,370042,User,1
elliotwms,4396779,User,1
emirb,3412241,User,1
kamui545,356978,User,1
syphernl,639906,User,1
GrahamCampbell,2829600,User,1
ismailbaskin,358830,User,1
iboldurev,17103170,User,1
eidng8,787265,User,1
enigmatic-user,434408,User,1
JanWeskamp,21228831,User,1
jezmck,89996,User,1
JonTheNiceGuy,228671,User,1
KarimGeiger,2329930,User,1
klaude,45157,User,1
koenhendriks,4124579,User,1
mahmutbayri,1398166,User,1
MalikinSergey,8463996,User,1
mattwells,507858,User,1
mjerwin,3004369,User,1
max-matiukhin,2090738,User,1
szkuwa,6832734,User,1
Houbsi,70960,User,1
MrCue,1507789,User,1
NFarrington,9153993,User,1
nikolay-zakharov,1189334,User,1
grrnikos,3323561,User,1
Propaganistas,6680176,User,1
rdpascua,2498246,User,1
robgeorgeuk,1017415,User,1
szainmehdi,379169,User,1
matiaspub,1339704,User,1
valorin,897369,User,1
onigoetz,309594,User,1
tortuetorche,5038872,User,1
tnorthcutt,796639,User,1
vedmant,5052406,User,1
decadence,1434668,User,1
naerymdan,1579871,User,1
FractalizeR,318489,User,1
BillCao1997,13502481,User,1
alxy,2057062,User,1
arasharg,11227111,User,1
dannehl,5147962,User,1
konomae,1920783,User,1
ockle,2755069,User,1
qufo,2526883,User,1
theMadness,160864,User,1
