narfbg,1058011,User,3591
derekjones,763613,User,660
rickellis,3639822,User,320
gaker,42440,User,245
timw4mail,741525,User,229
ericbarnes,116662,User,144
vlakoff,544424,User,138
toopay,534245,User,127
jim-parry,3203951,User,89
alexbilbie,77991,User,69
dchill42,630484,User,55
cryode,563886,User,45
it-can,644288,User,40
aanbar,1263408,User,39
tianhe1986,19562319,User,39
ivantcholakov,1438104,User,33
vkeranov,1285986,User,32
purwandi,1058672,User,32
gxgpet,13217984,User,30
masterklavi,17076439,User,27
joelcox,328258,User,27
appleboy,21979,User,26
kylefarris,601654,User,26
galdiolo,448620,User,25
jjaffeux,339945,User,25
ahnh,5480781,User,24
Razican,597469,User,23
jdfm,398958,User,21
robinsowell,1181219,User,21
nbaztec,1564843,User,21
tiyowan,102503,User,21
ftwbzhao,492682,User,20
davidbarratt,868364,User,17
ostrolucky,496233,User,17
DiederikLascaris,5980049,User,17
a-h-abid,2020773,User,16
djwoods,5481264,User,16
avenirer,3034772,User,15
lonnieezell,51931,User,15
atiredmachine,1370339,User,15
kakysha,822721,User,15
AndrewPodner,2258328,User,14
abkr,902298,User,14
ggallon,3640689,User,14
mjnaderi,2115303,User,14
jamierumbelow,49284,User,13
brenjt,1713885,User,13
GDmac,156334,User,12
tritrei,934889,User,12
ruthlessfish,175134,User,12
druu,694590,User,12
foxlance,914792,User,11
Xeli,1273233,User,11
kenjis,87955,User,11
zoaked,10800710,User,11
chrispassas,867716,User,10
refringe,127057,User,10
danhunsaker,1534396,User,9
zhanghongyi,3772296,User,9
Repox,673280,User,9
jspreddy,2302194,User,9
shidec,404153,User,9
katsew,2446460,User,9
benedmunds,156823,User,8
iBotPeaches,611784,User,8
dhrrgn,149921,User,8
jwensley2,379479,User,8
pkriete,32901,User,8
junap,981014,User,8
freewil,716621,User,8
mmestrovic,1012878,User,8
patwork,224215,User,8
andrew-s,479306,User,8
chernjie,275729,User,8
thanpolas,458813,User,8
obiconbig,582216,User,8
browner12,5232313,User,7
chrisguiney,175175,User,7
unfunco,1716636,User,7
thefuzzy0ne,3922428,User,7
Ignasimg,2076465,User,7
preems,2025887,User,7
rlerdorf,54641,User,7
butane,3719722,User,7
nihaopaul,519051,User,7
ckdarby,220283,User,7
marcoscoelho,503693,User,7
tubalmartin,522838,User,7
rawoke083,5529508,User,7
ragingdave,1168344,User,6
arvanoid,1359269,User,6
fhjbalfoort,1055903,User,6
petsagouris,277956,User,6
jonty-comp,1159507,User,6
juanitomint,1730371,User,6
syahzul,707301,User,6
takayuky,2928538,User,6
tomcode,228003,User,6
tufanbarisyildirim,980848,User,6
zachflower,920019,User,6
cenk,391865,User,6
leandronf,1563064,User,6
yaoshanliang,5028569,User,6
MianSaleem,5428120,User,6
akuzemchak,11669,User,5
sourcejedi,14057,User,5
calvintam236,6436149,User,5
Chanthoeun,817917,User,5
seejohnrun,64965,User,5
johnathancroom,1175259,User,5
matteomattei,1231122,User,5
r4ngy4l,236228,User,5
sebastienadam,2971225,User,5
rajatsharma94,9254904,User,5
squaresurf,863076,User,5
mwhitneysdsu,1537529,User,5
chonthu,339132,User,5
pickupman,1220279,User,5
Kosmin,1577924,User,4
kadishmal,978004,User,4
fredemmott,360927,User,4
fuxu,1306258,User,4
wmh,50888,User,4
jeroenvdgulik,242090,User,4
kaiwangchen,1908185,User,4
EpicKris,491681,User,4
natesilva,160467,User,4
RS71,1079387,User,4
wooptoo,54769,User,4
j0inty,3853607,User,4
tomasz154,530487,User,4
slax0rr,3025605,User,4
wesbaker,15715,User,4
bjjay,549700,User,4
clawoo,380846,User,4
dixy,1023798,User,4
versalle88,7907919,User,4
ytetsuro,17704892,User,4
michaeljdennis,157686,User,4
seanfahey,1139263,User,4
schwemmer,725398,User,4
bayssmekanique,2280384,User,4
StorytellerCZ,1715235,User,3
bbarao,430687,User,3
blasto333,2765230,User,3
damiengrandi,7514487,User,3
gintsmurans,56369,User,3
halmai,4359776,User,3
theshem,1310302,User,3
hex-ci,13709,User,3
JessevanAssen,1180161,User,3
joelkallman,3017953,User,3
JonoB,627725,User,3
captbaritone,162735,User,3
logsdon,4739764,User,3
kponda,1597064,User,3
kevinsmith,397904,User,3
leandrowkz,1237231,User,3
lracicot,362115,User,3
Mancy,353893,User,3
dgmike,94767,User,3
mickeywu,1379989,User,3
p4ul,71634,User,3
rogeriopradoj,443391,User,3
SammyK,578780,User,3
srtfisher,346399,User,3
shrmnk,859780,User,3
ster,59856,User,3
suhindra,5556047,User,3
Syafiqq,9932470,User,3
TimHas,178673,User,3
aneasystone,1259773,User,3
buhay,4175933,User,3
egig,3479556,User,3
goreilly,10711685,User,3
genio,109551,User,3
autohello,16753415,User,3
maltzurra,3480861,User,3
nopesled,7372163,User,3
rochefort,121045,User,3
b1tc0re,8367655,User,3
iolufemi,4224136,User,3
tschechniker,1436394,User,3
valioz,1911352,User,3
roastduck,6522983,User,3
caseyh,2567473,User,3
danmontgomery,220743,User,3
garthkerr,274925,User,3
mpmont,537664,User,3
st2,1660526,User,3
aaronadamsTO,1505561,User,2
darkhouse,286036,User,2
adrianorsouza,5430240,User,2
boxsnake,3257783,User,2
andrewmackrodt,831182,User,2
brentashley,148501,User,2
burakerdem,244163,User,2
chadfurman,635170,User,2
chrisberthe,991693,User,2
craigdanj,3023019,User,2
CroNiX,1276795,User,2
dbernar1,396755,User,2
daylerees,207870,User,2
dmmihaylov,223750,User,2
diogoosorio,1484824,User,2
TedThiCo,2835100,User,2
etki,1909762,User,2
FrankFFFF,1327038,User,2
dhinus,474311,User,2
frankmichel,236225,User,2
GrahamCampbell,2829600,User,2
GustavBertram,503051,User,2
JackWH,627533,User,2
jerkob,523301,User,2
eweap,1033191,User,2
kasimtan,12402957,User,2
khoogheem,957336,User,2
CodingWithKyle,1248850,User,2
kdazzle,1220698,User,2
ApOgEE,76922,User,2
manuganji,1709986,User,2
markhuot,48975,User,2
jonesmdj,3720696,User,2
NickBusey,280825,User,2
mZer0ne,3688836,User,2
peterdenk,560234,User,2
samdoidge,845238,User,2
samxli,927502,User,2
stephenfrank,112059,User,2
thallisphp,754918,User,2
ktomk,352517,User,2
WanWizard,456954,User,2
williamknauss,2041571,User,2
zploskey,542191,User,2
kzbandai,5100073,User,2
webquail,1521424,User,2
el-ma,19403746,User,2
fabianozenatti,4747436,User,2
Gommarah,15095814,User,2
hArpanet,1893472,User,2
has2k1,780341,User,2
intekhabrizvi,282093,User,2
jekkos,576234,User,2
medhavini,11079802,User,2
mrw,50996,User,2
ryanbriscall,3815646,User,2
saintnicster,392215,User,2
sv3tli0,1014039,User,2
vibbow,6408107,User,2
w0den,3989418,User,2
irfanevrens,166640,User,2
polyetilen,555236,User,2
lysenkobv,1250142,User,2
lloricode,8251344,User,2
aroche,1985028,User,2
SterlingVix,7531113,User,1
samsonasik,459648,User,1
absfarah,803948,User,1
achraf52,180262,User,1
carneeki,481448,User,1
assembledadam,729240,User,1
brutalcrozt,3001652,User,1
amacneil,637671,User,1
amir-s,905963,User,1
anaxamaxan,439457,User,1
SirDre,1511532,User,1
pfote,134523,User,1
bergal,30773,User,1
angelxaces,1322690,User,1
guitarrist,6179632,User,1
barrymieny,703488,User,1
Brenderous,873689,User,1
brettsantore,1906462,User,1
ChadBH,1060722,User,1
shaffe-fr,3834222,User,1
cmbuckley,80938,User,1
chrisege,378409,User,1
cfaulkner,7200228,User,1
bluefuton,17325,User,1
ccschmitz,308182,User,1
porquero,1017731,User,1
toulet,6099568,User,1
WDC,1221004,User,1
groovenectar,595446,User,1
k3mist,439440,User,1
SneakyDave,884843,User,1
Debeet,3075576,User,1
verkhoumov,5459857,User,1
stgeneral,1227892,User,1
DevelopmentVSDevs,842915,User,1
dotancohen,246144,User,1
et-nik,3670640,User,1
tkaw220,694289,User,1
emmanuelgrognet,1473058,User,1
Erocanti,1812632,User,1
fabiospampinato,1812093,User,1
ft23,1607796,User,1
feryardiant,508665,User,1
frankdejonge,534693,User,1
ounziw,531277,User,1
fulopm,12369436,User,1
Tpojka,1076191,User,1
murrion,637937,User,1
ha17,201188,User,1
Ema4rl,2991736,User,1
enapupe,291082,User,1
antydemant,10096659,User,1
ilatif,1183802,User,1
jleft,2017615,User,1
JamesSwift,2080205,User,1
jpswade,1087963,User,1
jtneal,5340961,User,1
Jcchemin,1692434,User,1
joellimberg,875872,User,1
johnnicely,358240,User,1
wrightlabs,86898,User,1
jonnu,186063,User,1
joshk,8701,User,1
kitsched,189468,User,1
KN4CK3R,1666336,User,1
drugar101,489121,User,1
katzgrau,134221,User,1
kevincupp,93695,User,1
king724,350488,User,1
Calico90,5116641,User,1
kitsunde,48965,User,1
viitols,20992789,User,1
Kylob,4213124,User,1
yaykyle,4280,User,1
Lasha,246878,User,1
LouisMilotte,1835134,User,1
manmath,2101163,User,1
marcosgdf,168744,User,1
MichaelFoss,1577824,User,1
nonchip,601018,User,1
miguelgf,3419188,User,1
MSDehghan,6339210,User,1
mokalovesoulmate,696744,User,1
mrhyde,1016321,User,1
n1c,284075,User,1
aquarion,201155,User,1
splitfeed,312448,User,1
OsamaAbbas,3346502,User,1
PawelDecowski,657678,User,1
vjnrv,99794,User,1
biphobe,1573875,User,1
ragboyjr,1975857,User,1
rafaelrq,1775107,User,1
Dentxinho,1199765,User,1
RecoilUK,2206400,User,1
reinyjunior,330113,User,1
renedekat,8975204,User,1
rythie,290010,User,1
robbyrice,339428,User,1
RodolfoSilva,1703020,User,1
allofthesepeople,1871385,User,1
rcstr,532402,User,1
rrdial,1458388,User,1
rhynodesigns,2198266,User,1
spol,186264,User,1
sentabi,203196,User,1
Shakespeare2000,719095,User,1
shealan,74932,User,1
scrothers,111015,User,1
Stolz,291060,User,1
onigoetz,309594,User,1
felixhamel,4012997,User,1
tiagowbpr,6164924,User,1
Tjoosten,5157609,User,1
Nibbler999,935710,User,1
TysonAndre,1904430,User,1
Kristories,774338,User,1
wilburhimself,8761,User,1
willmendesneto,1252570,User,1
yahyaerturan,1583263,User,1
ylynfatt,19831,User,1
tmd45,294443,User,1
YorickPeterse,86065,User,1
zclancy,781755,User,1
zacwasielewski,370034,User,1
a-krebs,1214472,User,1
adityamenon-exp,18206894,User,1
albertleao,1950338,User,1
and-ers,187839,User,1
aochagavia,5196584,User,1
aquilax,328067,User,1
arysom,1759253,User,1
Damao,652276,User,1
chestnutprog,13086194,User,1
cinan,1828134,User,1
daparky,1004912,User,1
harhoo,221234,User,1
dimitribalazs,6243263,User,1
dododedodonl,100052,User,1
dontforget,1747099,User,1
florisluiten,1705145,User,1
