briannesbitt,170745,User,536
lucasmichot,513603,User,239
kylekatarnls,5966783,User,30
GrahamCampbell,2829600,User,16
Anahkiasen,1321596,User,14
nicholas-eden,2496835,User,14
milose,2998029,User,12
lndj,9111083,User,12
localheinz,605483,User,8
martinssipenko,598744,User,8
MaxGiting,9828591,User,8
Newman101,4118513,User,7
Bernardorg22,15870665,User,6
dirkluijk,2102973,User,6
ondrejmirtes,104888,User,6
wangchj,1118410,User,6
cviebrock,166810,User,5
martinlindhe,181531,User,5
c-jm,5463486,User,4
gladuz,17919016,User,4
sovichet,1669566,User,4
ssfinney,1596394,User,4
balping,5840038,User,4
jan-j,3267115,User,4
ROKAISAKKON,9902370,User,4
t-atanasoski,6746241,User,4
smazurov,21636,User,3
tunaabutbul,2419213,User,3
lanort,57423,User,3
mhamlet,1281731,User,3
BlueTeck,1961634,User,3
aloha,1420569,User,3
acasar,6329543,User,2
barantr90,5478485,User,2
barryvdh,973269,User,2
cl4rke,7193634,User,2
dieg0v,870654,User,2
ibrasho,188776,User,2
ybr-nx,832778,User,2
Herlevsen,3679012,User,2
sanis,3956177,User,2
appkr,6471947,User,2
akalongman,423050,User,2
marcusmoore,1141514,User,2
mehshan,99494,User,2
murat-yuksel,2302899,User,2
xexperimente,506585,User,2
riccai,6759799,User,2
php-workx,112210,User,2
RyanNielson,794694,User,2
slik,98554,User,2
Sverri,769089,User,2
tshelburne,1202267,User,2
anatoliyarkhipov,1934180,User,2
adriaanzon,4326420,User,2
dani3l,1437502,User,2
enkelmedia,1782524,User,2
dereuromark,39854,User,2
hafezdivandari,7051289,User,2
omoon,122717,User,2
diemax,2607767,User,2
antoniofrignani,802713,User,1
CodeSkills,3975293,User,1
cdarken,1390998,User,1
itised,628669,User,1
saruman,813190,User,1
fadion,374519,User,1
faisal58,4231313,User,1
flevour,62053,User,1
flinux,197138,User,1
gayanhewa,1681406,User,1
hariadi,376635,User,1
hojjabr,3683456,User,1
itainathaniel,971236,User,1
jarnovanleeuwen,1358997,User,1
Jeroen-G,1116853,User,1
jimmitjoo,5941943,User,1
jrobeson,56908,User,1
kavacky,956387,User,1
nonamez,1894964,User,1
LeoColomb,846943,User,1
MLTDev,3710714,User,1
m4tthumphrey,582971,User,1
hohl,744417,User,1
monkeyphysics,75087,User,1
jaymecd,824109,User,1
pborreli,77759,User,1
paulofreitas,667360,User,1
pierredup,144858,User,1
rdohms,94331,User,1
rolka,1561437,User,1
serima,1130921,User,1
Tlapi,2815391,User,1
angelomaragna,6837687,User,1
crynobone,172966,User,1
jncampbell,9913839,User,1
nimamo,1217593,User,1
skrabadiloseidon,941984,User,1
swalker2,12203605,User,1
toyamarinyon,535254,User,1
vlakoff,544424,User,1
rob-union,15341419,User,1
