jbrooksuk,246103,User,3019
GrahamCampbell,2829600,User,981
joecohens,1803556,User,197
billmn,779534,User,44
lianguan,15666864,User,42
manavo,259487,User,42
Ehesp,842078,User,38
mmollick,2349344,User,16
n0mer,1862997,User,16
ConnorVG,3260091,User,16
gm-ah,6681948,User,11
ldidry,922350,User,10
abhimanyu003,265913,User,9
chaseconey,1449463,User,9
sammcj,862951,User,9
TheoBearman,6546590,User,9
laravel-shift,15991828,User,7
noahbass,3453188,User,7
thehereward,5547470,User,6
Jamesking56,253237,User,6
peelman,52936,User,6
mrbase,304661,User,6
darkpixel,158380,User,5
SamuelMoraesF,3705263,User,5
ilikeprograms,662870,User,5
tmdvs,177527,User,5
jaxxstorm,1622940,User,5
fabian,13346,User,4
PeterDaveHello,3691490,User,4
Lavoaster,838613,User,3
anlutro,163093,User,3
EdeMeijer,5758565,User,3
meyskens,1625272,User,3
mattclements,804802,User,3
demlasjr,3158363,User,3
guanshiliang,4077176,User,3
lenovouser,7549136,User,3
duck-rh,19259504,User,3
ZengineChris,1749043,User,2
mwillbanks,38209,User,2
nicolasfagotti,922783,User,2
reginaldojunior,7466894,User,2
djdefi,3662109,User,2
foxted,1385160,User,2
vinkla,499192,User,2
willdurand,217628,User,2
amondnet,1964421,User,2
wfjsw,2220320,User,2
manuelgu,4404335,User,2
tobru,1695957,User,2
axilleas,340023,User,1
adamlc,809944,User,1
AdenFraser,1902819,User,1
clbn,1071933,User,1
andrewgoktepe,3442168,User,1
andygrunwald,320064,User,1
AntoineAugusti,295709,User,1
sapk,4052400,User,1
Narno,80580,User,1
BenjaminPaap,396685,User,1
benwa,1351571,User,1
juniorb2ss,3980385,User,1
cwang22,3086973,User,1
c-rack,169184,User,1
odannyc,12864641,User,1
dosten,510842,User,1
DivineOmega,650645,User,1
ManneW,659680,User,1
fabianlaule,10254363,User,1
floler,1118875,User,1
Forst,369699,User,1
Duffleman,1222340,User,1
gregkare,43297,User,1
HipsterBrown,3051193,User,1
jlamim,1915321,User,1
coreation,361244,User,1
janyksteenbeek,3578636,User,1
coupej,912039,User,1
JMousqueton,4148567,User,1
berlic,2950241,User,1
leegeng,343270,User,1
LeoColomb,846943,User,1
yoyosan,32405,User,1
JayBizzle,340752,User,1
yuters,801718,User,1
askmatey,812964,User,1
matteosister,212723,User,1
Bvz2001,1611259,User,1
MaxGfeller,361435,User,1
mbabker,368545,User,1
m1guelpf,23558090,User,1
jloh,3689532,User,1
bashou,2558099,User,1
Finkregh,518090,User,1
oznorts,14060578,User,1
peterlewis,820394,User,1
phelipealves,2778150,User,1
Crash--,1107936,User,1
rkgrep,2423048,User,1
samtheson,958800,User,1
seanmangar,6080053,User,1
sohelrana820,2820810,User,1
gitter-badger,8518239,User,1
thijskh,3808792,User,1
travelton,241714,User,1
wdalmut,551974,User,1
revi,7630875,User,1
blaskovicz,10687433,User,1
agilmore,2162806,User,1
gellu,1087156,User,1
greenkeeperio-bot,14790466,User,1
iaidan,946333,User,1
naabster,1961461,User,1
