markstory,24086,User,12218
lorenzo,37621,User,5602
ADmad,142658,User,1811
phpnut,148097,User,1565
dereuromark,39854,User,1110
nateabele,18288,User,1055
AD7six,33387,User,749
jrbasso,26548,User,633
ceeram,111448,User,371
renan,28046,User,287
antograssiot,4977112,User,282
predominant,24568,User,274
bcrowe,752603,User,256
burzum,162789,User,186
rchavik,39490,User,157
jperras,20675,User,153
felixge,15000,User,149
ravage84,625761,User,148
dakota,83255,User,142
thinkingmedia,551022,User,122
tim-kos,15005,User,119
bar,88155,User,107
HavokInspiration,5243386,User,105
shama,99604,User,102
ndm2,5031606,User,98
jadb,33527,User,88
robertpustulka,7437773,User,84
dogmatic69,94674,User,78
jeremyharris,184903,User,74
josegonzalez,65675,User,70
majna,38710,User,59
chinpei215,7399393,User,59
jippi,22841,User,52
Phally,112639,User,49
tigrang,921680,User,45
sam-at-github,3386865,User,42
davidyell,49889,User,38
mylux,11030522,User,35
Schlaefer,143224,User,34
steinkel,151761,User,30
quickapps,1129842,User,29
Laykou,2313005,User,28
skie,130799,User,28
davidpersson,29702,User,28
cleptric,6617432,User,28
zoghal,174688,User,27
k-halaburda,5195318,User,27
evilbloodydemon,39753,User,25
lilHermit,299424,User,25
saeideng,8215801,User,25
0x20h,309633,User,24
beporter,637270,User,24
inoas,20972207,User,24
Theaxiom,57013,User,23
mirko-pagliai,293199,User,22
chartjes,28321,User,22
Marlinc,1240253,User,21
Cameri,378886,User,19
ypnos-web,15981753,User,19
coryjthompson,561902,User,18
kimegede,870013,User,18
PGBI,6191583,User,18
wa0x6e,495709,User,17
Graziel,5963584,User,17
hytromo,131824,User,16
CauanCabral,83092,User,16
jameswatts,403296,User,16
sime,216917,User,16
thatcode,160156,User,16
TheFRedFox,5676670,User,16
tersmitten,3392962,User,15
uzyn,280505,User,15
Tzaoh,5722357,User,15
sitedyno,216721,User,14
ondrejmirtes,104888,User,14
waterada,1920020,User,14
bravo-kernel,230500,User,14
ritesh-pandey,1433681,User,12
andtxr,7216884,User,12
ajquick,6588235,User,11
davidsteinsland,125661,User,11
luke83,77144,User,11
ajibarra,794722,User,11
bobmulder,5465074,User,11
nojimage,100564,User,11
cjquinn,3747285,User,11
gmansilla,477676,User,10
HaroldPutman,4070255,User,10
madalinignisca,619561,User,10
Cottser,327943,User,10
mehdi-fathi,11867691,User,10
dmromanov,299059,User,10
andraskende,23754,User,9
andrej-griniuk,2722793,User,9
fitorec,144527,User,9
Ivoz,199266,User,9
Grafikart,395137,User,9
sevvlor,4603534,User,9
jeffblack360,532851,User,9
MichalWadowski,7845843,User,9
WyriHaximus,147145,User,9
jzdunek,2212209,User,8
johanmeiring,1214876,User,8
mamchenkov,437928,User,8
suzuki,10488,User,8
remidewitte,678465,User,8
steefaan,5982785,User,8
slywalker,54266,User,8
Iandenh,2911923,User,8
ankr,1147674,User,8
thegallagher,486626,User,7
Tietew,51289,User,7
jmillerdesign,848523,User,7
jorisvaesen,4093781,User,7
tenkoma,16202,User,7
Lo-X,739498,User,7
Magellol,3819093,User,7
darxmac,139267,User,7
hiromi2424,191297,User,7
jamiemill,66421,User,7
pulse14,8348807,User,7
tranfuga25s,2207063,User,7
JayPHP,18351805,User,7
ahmedkamals,1043964,User,6
half2me,6759894,User,6
ingk,924760,User,6
garas,2265694,User,6
rockingeric,976903,User,6
sukihub,209397,User,6
joerx,1712460,User,6
labianchin,239562,User,6
mayconvm,4499444,User,6
MelvinRoss,417075,User,6
patrickconroy,954577,User,6
sebastienbarre,329967,User,6
Tounu,4932245,User,6
hashmode,5838337,User,6
ovidiupruteanu,2089342,User,6
psparrow,189755,User,6
fiblan,728975,User,6
ataylor32,1054222,User,5
TamiasSibiricus,648814,User,5
EliuFlorez,784787,User,5
garethellis36,6451455,User,5
petteyg,59522,User,5
PhantomWatson,1965565,User,5
Haititi,7125177,User,5
henriquebremenkanp,3855603,User,5
markomarkovic,99233,User,5
Casmo,385764,User,5
Holt59,2393288,User,5
pperejon,10400938,User,5
Phillaf,1533572,User,5
voidet,116924,User,5
cuppett,239904,User,5
wernerhp,2578772,User,5
gorogoroyasu,17561419,User,5
chris48s,6025893,User,5
frankfoerster,3206331,User,5
okonomi,74355,User,5
icaroscherma,42467,User,5
elboletaire,153305,User,5
glafarge,670645,User,5
darensipes,840593,User,5
visualex,3214697,User,4
uniquexor,6176836,User,4
Danielpk,101041,User,4
boast,51127,User,4
egeloen,737992,User,4
fxleblanc,5315391,User,4
hmic,876917,User,4
hperrin,195918,User,4
MrRio,47539,User,4
JoepRoebroek,6129014,User,4
codeguy,31677,User,4
lucasff,4260591,User,4
Manuel1948,17245982,User,4
moberemk,2866757,User,4
mdlouhy,6324059,User,4
mouyang,652585,User,4
maurymmarques,338086,User,4
NickBeeuwsaert,491083,User,4
okinaka,120861,User,4
psaintjust,5437057,User,4
robmcvey,222958,User,4
ross-chater,12892831,User,4
scottharwell,805434,User,4
krolow,46822,User,4
Xety,8210023,User,4
ichikaway,91244,User,4
alysson-azevedo,2701975,User,4
ch0c4,1642874,User,4
frederikweber,688175,User,4
gold1,3151883,User,4
invalid-email-address,148100,User,4
pummra,6343118,User,4
tobias-urdin,14872193,User,4
bfanger,207248,User,4
fquffio,7108146,User,4
Ali1,218558,User,3
farhadi,102497,User,3
alecho,1035853,User,3
angelxmoreno,363479,User,3
berarma,162766,User,3
clns,687922,User,3
cdvrooman,61364,User,3
challet,67459,User,3
daVinciWanaB,736962,User,3
DiegoMax,97486,User,3
FrankFFFF,1327038,User,3
gilleswittenberg,173288,User,3
kminek,373962,User,3
Elektordi,1229473,User,3
harikt,120454,User,3
cincodenada,479715,User,3
jfanjoy-inetu,5951365,User,3
justinyost,85320,User,3
karmicdice,3824371,User,3
jhawkwind,5790556,User,3
larryb82,980675,User,3
leighmackay,10221,User,3
kamui545,356978,User,3
nrother,6770775,User,3
paddythenerd,16281,User,3
pjosephson,61176,User,3
raul338,7199046,User,3
rhelms,815879,User,3
roberto-maldonado,25929797,User,3
stefanozoffoli,1004488,User,3
young-steveo,497048,User,3
StewEucen,12193670,User,3
tmacwill,88533,User,3
trichins,1372388,User,3
ujwaltrivedi,619770,User,3
wnasich,104184,User,3
huoxito,245662,User,3
basuke,42601,User,3
akiyan,18811,User,3
aread22,5360918,User,3
eryw,2015638,User,3
Zuluru,514172,User,3
mstra001,5507169,User,3
segy,1355459,User,3
shin1x1,88324,User,3
spiliot,1238092,User,3
suzuki86,6505720,User,3
teddyzeenny,1061742,User,3
cyberbehoerde,6460074,User,3
watermark,1056975,User,3
oyas,1549228,User,3
curtisgibby,1086964,User,3
ptica,169873,User,3
adamroyle,25002779,User,2
agarzon,339828,User,2
aceat64,348675,User,2
afilina,199835,User,2
ltunc,1363969,User,2
AshleyPinner,6331215,User,2
aymericderbois,822466,User,2
kakuzu,757570,User,2
bradygp,8356967,User,2
TehTreag,128136,User,2
cdburgess,216284,User,2
voycey,1065098,User,2
dangerdan,3135215,User,2
daniel-lang,6500514,User,2
fullybaked,527122,User,2
derekperkins,3588778,User,2
sdustinh,2855100,User,2
gemal,69105,User,2
JD-Robbs,5319760,User,2
h4ck3rm1k3,34903,User,2
oldskool,567664,User,2
josbeir,26058,User,2
greew,189321,User,2
joebeeson,25078,User,2
JoeBiellik,43646,User,2
reinink,882133,User,2
sutt0n,1116426,User,2
h4cc,2981491,User,2
lesllc,159679,User,2
LiquidityC,164039,User,2
luissquall,28030,User,2
mradosta,33546,User,2
advisory-board-company,8183996,User,2
rintaun,82698,User,2
michaelhagedon,645924,User,2
openam,419983,User,2
mikeu,605493,User,2
michaelze,673902,User,2
webtechnick,26438,User,2
alaxos,1056290,User,2
neterslandreau,204680,User,2
pedro-stanaka,2609731,User,2
perrywky,456070,User,2
real34,75968,User,2
ramiroaraujo,46276,User,2
torifat,208544,User,2
Antoniossss,7877627,User,2
sarce,625175,User,2
tenebrousedge,616105,User,2
SplicePHP,4450898,User,2
stevetauber,1258342,User,2
thomseddon,747138,User,2
eagerterrier,91352,User,2
vesln,330048,User,2
vekakela,165419,User,2
vitorpacheco,246771,User,2
williamn,27722,User,2
Xymanek,2865341,User,2
cake17,1652972,User,2
chav170,792985,User,2
erichowey,4033313,User,2
fuga,694687,User,2
h-moriya,19790425,User,2
rapsspider,8452428,User,2
junichi11,738383,User,2
macnie,405544,User,2
podliy16,5547419,User,2
sdoney,42208,User,2
slimus,478249,User,2
wbkostan,1851754,User,2
yutmr,1977135,User,2
zoydsan,1029490,User,2
tuffz,2077427,User,2
adam1010,3019544,User,1
ifunk,30913,User,1
adayth,1223929,User,1
albertoleal,15064,User,1
siran,180129,User,1
amneacsu,1915322,User,1
arnold-almeida,53209,User,1
btaens,9314728,User,1
beeman,36491,User,1
busgurlu,1284742,User,1
jc-vogel,12329293,User,1
hencohen,1008595,User,1
jerzflow,991699,User,1
chrisatsc,3899751,User,1
cvandeplas,1073662,User,1
DaVinciEngineer,21226800,User,1
damien-biasotto,430633,User,1
cakebaker,26196,User,1
odan,781074,User,1
Baffos,1607352,User,1
davalb,1079822,User,1
d1rk,30408,User,1
korotovsky,104727,User,1
DnSu,8069391,User,1
DIDoS,5557268,User,1
fahad19,20046,User,1
highstrike,2379538,User,1
daywalker313,8827828,User,1
styxit,1370548,User,1
felixgirault,1544510,User,1
freedomfflow,1050740,User,1
GiampaoloFalqui,4460702,User,1
gjm,77360,User,1
graemetait,64014,User,1
chronon,57735,User,1
chadrien,1788218,User,1
hamidre13,2216126,User,1
hiltongoncalves,137075,User,1
hyaza,11070256,User,1
mauermann,5954089,User,1
HughbertD,1580021,User,1
iliepandia,1885906,User,1
jameslarking,408075,User,1
jpirkey,801500,User,1
j15e,143380,User,1
phishy,26844,User,1
jimmymadon,1721319,User,1
CalvinMcGee,36564,User,1
OverFlow636,451548,User,1
johannesnagl,610811,User,1
adduc,44527,User,1
