Seldaek,183678,User,3902
naderman,154844,User,520
alcohol,21414,User,272
igorw,88061,User,117
curry684,1455673,User,90
till,27003,User,81
hason,288535,User,59
cs278,17377,User,56
digitalkaoz,293591,User,55
simensen,191200,User,54
stof,439401,User,52
francoispluchino,567393,User,44
everzet,30813,User,40
padraic,19780,User,38
matt-whittom,5032514,User,30
stefangr,957244,User,29
GromNaN,400034,User,26
donquixote,150032,User,25
fabpot,47313,User,22
clarkstuth,1616268,User,21
johnstevenson,881777,User,21
beberlei,26936,User,20
perprogramming,1206230,User,18
adragus-inviqa,13104649,User,18
bamarni,1205386,User,18
henriquemoody,154023,User,17
justinrainbow,86520,User,17
mpdude,1202333,User,17
nicolas-grekas,243674,User,16
weaverryan,121003,User,16
sbuzonas,1659267,User,16
chEbba,558042,User,15
dzuelke,27900,User,15
DennisBirkholz,600655,User,14
schmittjoh,197017,User,14
nfx,259697,User,14
localheinz,605483,User,14
kocsismate,6057627,User,13
MattKetmo,334996,User,13
sroze,804625,User,12
xelaris,2466932,User,11
SofHad,1835430,User,11
wilmoore,51953,User,11
Soullivaneuh,1698357,User,10
edorian,247397,User,10
jakoch,85608,User,10
bashofmann,243056,User,10
chx,193045,User,9
miklosm,3753326,User,9
sandermarechal,145240,User,9
schmunk42,649031,User,9
vlakoff,544424,User,9
ntoniazzi,849271,User,9
bd808,6469,User,9
henrikbjorn,19725,User,9
rk3rn3r,1249289,User,9
phansys,1231441,User,9
xrstf,127499,User,8
gena01,312125,User,8
jeskew,705500,User,8
cordoval,328359,User,8
MakiCode,2280405,User,8
sminnee,59968,User,8
pborreli,77759,User,8
shochdoerfer,596449,User,8
CupOfTea696,7327050,User,8
remicollet,270445,User,8
fvdb,25526,User,7
johnkary,135607,User,7
stloyd,67402,User,7
legoktm,81392,User,7
marvil07,73675,User,7
maximcherny,975556,User,7
pierredup,144858,User,7
roshangautam,978347,User,7
ktomk,352517,User,7
vicb,248818,User,7
hakre,378849,User,7
msiebeneicher,5821183,User,7
frederikbosch,1552577,User,7
balbuf,3887845,User,7
zczapran,586247,User,7
CHH,16783,User,6
Danack,1505719,User,6
gza,878724,User,6
honzabrecka,1021827,User,6
jalliot,387904,User,6
lcobucci,201963,User,6
staabm,120441,User,6
kler,966132,User,6
neoascetic,725836,User,6
szeber,1102330,User,6
voroks,2647075,User,6
Fleshgrinder,1059453,User,6
fredemmott,360927,User,6
berlinger-rarents,22027226,User,6
derrabus,1506493,User,5
trompette,181746,User,5
ChristianRiesen,1446701,User,5
Petah,134799,User,5
fabiang,348344,User,5
Slamdunk,152236,User,5
lyrixx,408368,User,5
hannesvdvreken,1410358,User,5
hkdobrev,506129,User,5
JamesRezo,6839893,User,5
HuffAndPuff,3001764,User,5
l3l0,209405,User,5
MaxGfeller,361435,User,5
mvriel,193704,User,5
RobLoach,25086,User,5
romainneutron,137574,User,5
sascha-egerer,1651414,User,5
KingCrunch,90388,User,5
tflori,4855611,User,5
1stvamp,35831,User,5
WilHall,342826,User,5
xfornesa,690069,User,5
paladox,5727000,User,5
xaav,732630,User,5
tot-ra,445122,User,5
fonsecas72,1098293,User,5
chr0n1x,1102319,User,5
cebe,189796,User,4
deweller,51414,User,4
redcapital,393062,User,4
javiereguiluz,73419,User,4
donatj,133747,User,4
joeholdcroft,2511043,User,4
adduc,44527,User,4
joshdifabio,5609851,User,4
kael-shipman,3475586,User,4
shama,99604,User,4
machee,65867,User,4
markingman,5990868,User,4
mattsah,586346,User,4
IchHabRecht,1453345,User,4
olaurendeau,1516110,User,4
Pawka,2011,User,4
rdohms,94331,User,4
renanbr,350222,User,4
robertboloc,507871,User,4
shanethehat,604650,User,4
tjamet,6061440,User,4
fixe,484559,User,4
TomasVotruba,924196,User,4
wouterj,749025,User,4
gajdaw,676675,User,4
Toflar,481937,User,4
bohwaz,584819,User,4
cinamo,7139230,User,4
deguif,993399,User,4
radnan,758244,User,4
AnrDaemon,6532485,User,4
SpacePossum,10462973,User,4
frosas,50098,User,4
NAYZO,1272883,User,3
xi-ao,1862773,User,3
metaturso,30650,User,3
spaun,4230341,User,3
Strate,392644,User,3
Taluu,239685,User,3
benja-M-1,212269,User,3
bclozel,103264,User,3
xabbuh,1957048,User,3
colinfrei,752836,User,3
drrcknlsn,2717358,User,3
glensc,199095,User,3
gerryvdm,626145,User,3
Wirone,600668,User,3
iambrosi,297102,User,3
asgrim,496145,User,3
jeffersoncarpenter,1197615,User,3
compwright,138688,User,3
kostiklv,620982,User,3
Minishlink,82368,User,3
SongoQ,521940,User,3
michaelcullum,211740,User,3
mishak87,276500,User,3
mlocati,928116,User,3
firoxer,5222805,User,3
olvlvl,155998,User,3
wenkepaul,26366953,User,3
getjump,1342807,User,3
pjedrzejewski,614970,User,3
Rudloff,840125,User,3
ricardclau,613725,User,3
s-e,444502,User,3
taylorotwell,463230,User,3
tqmz,121209,User,3
wookieb,542596,User,3
bboer,2079578,User,3
bozerkins,5130614,User,3
jsor,55574,User,3
lrcg,2688472,User,3
nevvermind,834932,User,3
zeke,2289,User,3
bmax,158370,User,3
jimmykane,1268723,User,3
liuggio,530406,User,3
greg0ire,657779,User,3
jeremyFreeAgent,176363,User,3
luisfaceira,362512,User,3
Maks3w,1301698,User,3
bragento,4529135,User,3
mikey179,190475,User,3
bugalot,4217431,User,2
ajiyakin,7039123,User,2
chorry,699112,User,2
astehlik,956513,User,2
deviantintegral,255023,User,2
ifdattic,966877,User,2
athieriot,661901,User,2
barryvdh,973269,User,2
Potherca,195757,User,2
calin-marian,4013741,User,2
discordier,940331,User,2
Cinderella-Man,1019893,User,2
duncan3dc,546811,User,2
emulienfou,84061,User,2
Flyingmana,237319,User,2
Gisleburt,2369524,User,2
dpb587,207601,User,2
davedevelopment,61351,User,2
davidbarratt,868364,User,2
DavidPrevot,3936728,User,2
DavidMikeSimon,350396,User,2
unn,78317,User,2
denis-sokolov,113721,User,2
shieldo,97280,User,2
driesvints,594614,User,2
edas,15271,User,2
aaemnnosttv,1621608,User,2
fabian,13346,User,2
felixkiss,256075,User,2
fernandomantoan,210359,User,2
fprochazka,158625,User,2
francisbesset,471525,User,2
FraGoTe,1095778,User,2
franzliedke,249125,User,2
giosh94mhz,5219975,User,2
jaapio,1060433,User,2
jakzal,190447,User,2
waddedMeat,838190,User,2
jaspernbrouwer,738933,User,2
jeffturcotte,65089,User,2
gammamatrix,524724,User,2
john-whitley,7869527,User,2
jyggen,264300,User,2
reinink,882133,User,2
twoixter,88262,User,2
Shelob9,1994311,User,2
giggsey,305730,User,2
JJK801,2821990,User,2
jeromemacias,582446,User,2
kamranahmedse,4921183,User,2
dunglas,57224,User,2
laurisb,2082155,User,2
MalteWunsch,2504942,User,2
marc-mabe,302689,User,2
mbrodala,5037116,User,2
emeraldinspirations,20853049,User,2
njbooher,533823,User,2
nickl-,1404606,User,2
nicolas-bastien,1446466,User,2
swumao,8593876,User,2
petk,1614009,User,2
kassner,301255,User,2
njam,360800,User,2
RichardHeelin,5013532,User,2
richardkmiller,563438,User,2
ronnylt,24546,User,2
sashman,905730,User,2
sebbrandt87,793580,User,2
skurfuerst,190777,User,2
smasty,218524,User,2
stanlemon,86314,User,2
Tehem,7945197,User,2
tobiasbueschel,13087421,User,2
Tobion,610090,User,2
markatom,5060034,User,2
tristanlins,343404,User,2
vkartaviy,648039,User,2
zomberg,3898982,User,2
webberwu,617034,User,2
metric152,213562,User,2
gmsantos,1991286,User,2
Golodnyi,3991696,User,2
hanovruslan,1153520,User,2
janczer,13544213,User,2
jos101,4417780,User,2
moolex,1132321,User,2
rubenrua,195745,User,2
snipe,197404,User,2
thewilkybarkid,1784740,User,2
xelan,5080535,User,2
adrienbrault,611271,User,2
Jean85,6729988,User,2
Great-Antique,1128310,User,2
Firehed,354842,User,2
3onyc,5650650,User,1
Adel-E,285700,User,1
adanlobato,626645,User,1
sp-adan-lobato,6850295,User,1
schlessera,83631,User,1
acasademont,825021,User,1
acelaya,2719332,User,1
Xerkus,725842,User,1
alebiavati,832191,User,1
alexbowers,842974,User,1
asm89,657357,User,1
AlexeyKupershtokh,499778,User,1
amyboyd,398210,User,1
pulzarraider,960844,User,1
acoulton,416566,User,1
onewheelskyward,314750,User,1
ajshort,31570,User,1
Rarst,737584,User,1
andrerom,289757,User,1
hiqsol,11820365,User,1
watermanio,772373,User,1
prodigitalson,472815,User,1
robocoder,922051,User,1
antriver,251159,User,1
ajpevers,1489129,User,1
muftiarfan,6321623,User,1
arnaud-lb,365207,User,1
biozshock,169384,User,1
Arul-,2255137,User,1
AydinHassan,2817002,User,1
baptistedonaux,3277332,User,1
wwwdata,818880,User,1
benji07,166890,User,1
benjisg,308887,User,1
decke,2777995,User,1
lovett,474805,User,1
Bob4ever,545671,User,1
kornrunner,725986,User,1
bradp,66798,User,1
wogsland,3073735,User,1
bcash-parchment,2745115,User,1
bdusell,5336190,User,1
brikou,383212,User,1
bryanagee,290124,User,1
cweagans,101590,User,1
carlcraig,919781,User,1
WyriHaximus,147145,User,1
joy2fun,7264066,User,1
arcturial,1466729,User,1
chrisnharvey,619298,User,1
Leftbrained,1720071,User,1
christeredvartsen,25402,User,1
christianjul,1423227,User,1
craue,800119,User,1
Crizz0,1311778,User,1
cherbst,632391,User,1
NamelessCoder,2228052,User,1
cmodijk,771041,User,1
ClementGautier,660091,User,1
colinodell,202034,User,1
ckwalsh,68822,User,1
tractorcow,936064,User,1
dbojdo,1272416,User,1
desarrolla2,661529,User,1
danielholmes,349833,User,1
dciancu,7402536,User,1
cloakedninjas,1395013,User,1
karptonite,132278,User,1
dlondero,209782,User,1
dmecke,1172148,User,1
nrk,17923,User,1
daum,52372,User,1
dshafik,58074,User,1
davidfuhr,446054,User,1
dg,194960,User,1
davidolrik,1990,User,1
davidverholen,2813693,User,1
Vedrillan,2758851,User,1
papayasoft,302433,User,1
MacDada,136261,User,1
DerManoMann,47783,User,1
derekmarcotte,12298521,User,1
diegoholiveira,93187,User,1
Dinduks,504977,User,1
djordje,1223357,User,1
DonMartio,1439649,User,1
uberhacker,387945,User,1
edhgoose,1108173,User,1
e1en0r,196027,User,1
epeay,1848850,User,1
ercanozkaya,90382,User,1
Evan-R,2487675,User,1
eymengunay,242627,User,1
fbourigault,1116116,User,1
fabschurt,8007715,User,1
felixfbecker,10532611,User,1
toastedghost,1383073,User,1
webflo,123946,User,1
blacksun,21370,User,1
garoevans,1016708,User,1
garthkerr,274925,User,1
gsdevme,319498,User,1
geo4orce,4029417,User,1
gergoerdosi,371149,User,1
sky-glenjamin,10033465,User,1
glennpratt,202230,User,1
gimler,200904,User,1
GordonSchmidt,1773347,User,1
GrahamCampbell,2829600,User,1
greydnls,1276798,User,1
guillaumelecerf,2005706,User,1
nkt,3505878,User,1
1ed,162986,User,1
snc,216730,User,1
hmic,876917,User,1
SG5,3931761,User,1
helhum,904370,User,1
hirak,835251,User,1
holger,5686,User,1
hhamon,235550,User,1
issei-m,1135118,User,1
Hywan,946104,User,1
ikr,55146,User,1
jadb,33527,User,1
JakubOnderka,163343,User,1
jbrooksuk,246103,User,1
jmalloc,761536,User,1
