danielmiessler,50654,User,186
jhaddix,3488554,User,48
shipcod3,3483615,User,20
mcjon3z,6471785,User,13
g0tmi1k,535942,User,12
semprix,208085,User,10
alexlauerman,5740946,User,6
leesoh,1276654,User,6
kurobeats,4091936,User,6
Rbcafe,2713634,User,4
whoot,8066322,User,3
ethicalhack3r,323113,User,3
PaulSec,4060683,User,3
jebentier,571077,User,2
albinowax,1502856,User,2
michenriksen,304361,User,2
henshin,7304307,User,2
charliecampbell-zz,5198839,User,2
j0hnf,1561073,User,2
acaetano,4494413,User,1
radarhere,3112309,User,1
DarrenRainey,6136439,User,1
ilyaglow,1165242,User,1
vortexau,859420,User,1
patrickmollohan,14967142,User,1
upgoingstar,3412841,User,1
VitalySalnikov,505214,User,1
ajazevedo,23340214,User,1
api0cradle,12997471,User,1
espreto,1926764,User,1
lukebeer,856417,User,1
0x6c7862,8407292,User,1
0x90shell,2480809,User,1
