antonmedv,141232,User,950
oanhnn,1757120,User,72
mbrodala,5037116,User,17
lucasmichot,513603,User,15
mkuznetsov4xxi,26814492,User,15
barryvdh,973269,User,13
ZeeCoder,3679506,User,13
ZhukV,2256109,User,11
lucasmezencio,472412,User,11
muxx,461614,User,8
staabm,120441,User,8
tomzx,188960,User,8
KennedyTedesco,999232,User,7
ccristescu-reol,17127300,User,6
mikeymike,2174476,User,6
nicodmf,173332,User,6
dudu84,11246141,User,6
jelte,799841,User,6
vinpel,1699839,User,6
vanquang9387,7125810,User,6
nemoinho,1471697,User,5
julienj,193469,User,5
mficzel,1309380,User,5
crosma,1904675,User,5
zupolgec,161318,User,5
sergiocarracedo,1263666,User,5
gordalina,787913,User,5
whyte624,1901054,User,4
torinaki,1269372,User,4
kszymukowicz,1453553,User,4
yejune,3735511,User,4
michaelmoussa,183833,User,4
ad3n,7464920,User,4
TheRatG,1580318,User,4
AlexStansfield,4319443,User,3
henriquebremenkanp,3855603,User,3
johanmeiring,1214876,User,3
lasselehtinen,1290186,User,3
oisvidi,7523046,User,3
jadb,33527,User,3
peschee,63866,User,3
cedricziel,418970,User,2
cjsewell,1856199,User,2
cronfy,762954,User,2
acorncom,802505,User,2
davidjeddy,6232455,User,2
davidkudera,1174072,User,2
dimsav,1785686,User,2
dirx,795259,User,2
gulios,14802005,User,2
MrHash,390925,User,2
johnny-bit,10687765,User,2
jordisala1991,1137485,User,2
lewactwo,9286521,User,2
x3ro,243719,User,2
mabrahamde,1302147,User,2
mathbr,534301,User,2
matks,3830050,User,2
Addvilz,1390347,User,2
Mikulas,192200,User,2
piotrantosik,154553,User,2
rlacerda83,9198556,User,2
Putr,616239,User,2
torvitas,4253100,User,2
snebes,666333,User,2
taka-oyama,748854,User,2
vicdelfant,312664,User,2
rvitaliy,1823711,User,2
ahfeel,43286,User,2
kenjis,87955,User,2
miziomon,1394782,User,2
oscarotero,377873,User,2
snowiow,3718461,User,2
willem-daems,1344616,User,2
jverdeyen,117409,User,2
leandrogehlen,1750751,User,2
lsv,20708,User,2
arogachev,8326201,User,1
Kleinast,2306947,User,1
BenjaminPaap,396685,User,1
carlalexander,654684,User,1
spotman,1298838,User,1
Exotherme,29332749,User,1
fran6co,726088,User,1
NeoBlack,1128085,User,1
GrahamCampbell,2829600,User,1
irfan,196202,User,1
jzdunek,2212209,User,1
jrean,5646128,User,1
kevinkhill,266076,User,1
Lynnworld,4974920,User,1
zajca,180148,User,1
pluseg,669896,User,1
stucki,320916,User,1
m038,164319,User,1
pdbreen,1670907,User,1
pbudzon,1087886,User,1
pniederlag,85458,User,1
pierredup,144858,User,1
Whyounes,1175548,User,1
robfrawley,3967713,User,1
slimus,478249,User,1
virm,3028998,User,1
khromov,1207507,User,1
czettnersandor,263174,User,1
tinogo,3515498,User,1
tomaj,446736,User,1
TomasVotruba,924196,User,1
Rockstar04,641721,User,1
vpx,3257094,User,1
arvatis,423917,User,1
clphillips,682986,User,1
daFish,150416,User,1
gperdomor,371939,User,1
gurudigital,8206306,User,1
prosalov,5410552,User,1
qtsd,10633476,User,1
rzb,1957166,User,1
alexdw,625943,User,1
Max-Might,119780,User,1
