tommcfarlin,132166,User,360
grappler,1785641,User,23
DevinVinson,2940124,User,9
barryceelen,4179791,User,9
bluehiveinteractive,2881651,User,6
GeertDD,38326,User,4
anabelle,445690,User,3
LeeRobertsMe,15031339,User,3
emeraldjava,229760,User,3
dmtrmrv,5512633,User,2
jameswlane,794161,User,2
Japh,237905,User,2
michaelbeil,4752949,User,2
pippinsplugins,1034109,User,2
rob,503,User,2
neverything,368120,User,2
akshayraje,5327602,User,2
thuijssoon,4426512,User,2
andrejcremoznik,761287,User,1
afragen,1296790,User,1
bradp,66798,User,1
slushman,2255645,User,1
cudazi,996941,User,1
danielantunes,642444,User,1
davidshq,8009774,User,1
douglsmith,2446310,User,1
gosukiwi,161972,User,1
GaryJones,88371,User,1
innerbot,439607,User,1
hareesh-pillai,12608148,User,1
jancbeck,865311,User,1
Shelob9,1994311,User,1
JustinSainton,1168754,User,1
Tintazul,6369451,User,1
leewillis77,1097338,User,1
manovotny,446260,User,1
tylerdigital,232096,User,1
NikV,5368857,User,1
persand,63389,User,1
pieroit,6328377,User,1
defries,411524,User,1
robertharm,158669,User,1
swalkinshaw,295605,User,1
oobites,6400557,User,1
BlueTeck,1961634,User,1
feskehau,3867842,User,1
tnorthcutt,796639,User,1
wesbos,176013,User,1
ewoutkleinsmann,1263280,User,1
haleeben,629232,User,1
javy-,9340778,User,1
j-r-t,2971832,User,1
i4web,3537028,User,1
mAAdhaTTah,4371429,User,1
nextgenthemes,1780826,User,1
rockaut,453368,User,1
tokkonopapa,828814,User,1
will83,804476,User,1
