jasonlewis,829059,User,866
hskrasek,787487,User,62
lucasmichot,513603,User,58
vinkla,499192,User,19
GrahamCampbell,2829600,User,17
pulkitjalan,4124930,User,7
arnold-almeida,53209,User,5
ipalaus,248183,User,5
tymondesigns,1801923,User,5
Andreyco,829963,User,4
HipsterJazzbo,231361,User,4
mbacodes,20956322,User,4
thomasvanlankveld,5240626,User,4
assembledadam,729240,User,3
bweston92,1764057,User,3
denpamusic,16575433,User,3
jeffberry,3323635,User,3
pespantelis,9113554,User,3
rhwilr,4346833,User,3
aejnsn,5347897,User,2
low-res,8588747,User,2
Christoph-Harms,17005834,User,2
driesvints,594614,User,2
ingro,879431,User,2
enjoy2000,3882619,User,2
jonsa,807381,User,2
joshuajabbour,66879,User,2
mohitmamoria,2756694,User,2
crynobone,172966,User,2
theHarvester,2120124,User,2
Kaukov,20661820,User,2
evsign,7965780,User,1
ellisio,127468,User,1
eduacostam,53499,User,1
Ifnot,1242308,User,1
ghprod,1922652,User,1
gabrielkoerich,1981726,User,1
joecohens,1803556,User,1
joao-machado-diamond,8344370,User,1
jlien-calwater,3473846,User,1
kevindierkx,2406615,User,1
v-six,3017033,User,1
Luddinus,7340521,User,1
lukasoppermann,813754,User,1
yuters,801718,User,1
mcharytoniuk,1286785,User,1
matula,429870,User,1
i906,866735,User,1
Propaganistas,6680176,User,1
rokde,4946056,User,1
roquie,3214290,User,1
Sunnepah,4489551,User,1
irazasyed,1915268,User,1
Grisou13,8183656,User,1
tomschlick,70184,User,1
wesrice,397711,User,1
kirkbushell,65171,User,1
rap2hpoutre,1575946,User,1
ryanwinchester,2897340,User,1
buk4130,17778200,User,1
vanbrabantf,12281411,User,1
overtrue,1472352,User,1
