beberlei,26936,User,1677
Ocramius,154256,User,1208
guilhermeblanco,208883,User,585
FabioBatSilva,588172,User,314
jwage,97422,User,116
romanb,177309,User,108
asm89,657357,User,104
goetas,776743,User,82
lcobucci,201963,User,74
deeky666,1411514,User,50
bakura10,1198915,User,45
schmittjoh,197017,User,35
mnapoli,720328,User,27
ReenExe,10358615,User,25
Shurakai,265444,User,24
sandermarechal,145240,User,22
BenMorel,1952838,User,20
flip111,2244480,User,20
encoder32,2362210,User,19
mikeSimonson,907613,User,19
stof,439401,User,18
phansys,1231441,User,18
velovint,184136,User,18
holtkamp,776405,User,18
malukenho,3275172,User,17
mridgway,191142,User,15
Strate,392644,User,14
ThomasLandauer,1054469,User,14
ThePixelDeveloper,47728,User,14
Padam87,776488,User,13
TomasVotruba,924196,User,13
jsor,55574,User,13
flack,425166,User,12
guiwoda,1625545,User,11
stefankleff,1052988,User,10
jaspernbrouwer,738933,User,10
photodude,10253980,User,10
gedrox,1073612,User,10
adrianolek,886304,User,9
CentaurWarchief,967317,User,9
chEbba,558042,User,9
DHager,505957,User,9
hobodave,12404,User,9
jankramer,1487934,User,9
austinsmorris,1616868,User,8
cordoval,328359,User,8
weaverryan,121003,User,8
raziel057,652505,User,8
moroine,4658821,User,8
shieldo,97280,User,8
PowerKiKi,72603,User,8
adrienbrault,611271,User,8
c960657,111346,User,7
mfdj,1110910,User,7
mathieudz,9510946,User,7
Sam-Burns,6594039,User,7
kwiateusz,924979,User,7
birko,1064302,User,7
Ma27,6025220,User,7
jaimz22,5921193,User,7
armetiz,1119250,User,7
michaelperrin,344445,User,7
cvuorinen,1764167,User,6
chriswoodford,249055,User,6
caponica,203801,User,6
Josiah,77621,User,6
ralfas,342611,User,6
rrehbeindoi,140358,User,6
stefanotorresi,2952427,User,6
mmoreram,521409,User,6
shustrik,1706297,User,6
brikou,383212,User,6
aaronmu,529445,User,5
ericclemmons,15182,User,5
lstrojny,79707,User,5
chives,1170578,User,5
hason,288535,User,5
mpdude,1202333,User,5
merixstudio,1384858,User,5
michalpipa,373275,User,5
Metabor,2135064,User,5
o,179912,User,5
pborreli,77759,User,5
peter-gribanov,1954436,User,5
Lumbendil,184785,User,5
beregond,956019,User,5
carlos-granados,1383106,User,5
chihiro-adachi,8196725,User,5
dantleech,530801,User,5
fabpot,47313,User,5
j0k3r,62333,User,5
mrmkrs,1309440,User,5
Trainmaster,2514421,User,5
kalimatas,449551,User,4
kamazee,231518,User,4
astepin,297617,User,4
craue,800119,User,4
leonex-cs1,10447971,User,4
dagio,74581,User,4
51systems,658883,User,4
egeloen,737992,User,4
frosas,50098,User,4
fran6co,726088,User,4
gwagner,648065,User,4
guilliamxavier,7404452,User,4
HarmenM,2419043,User,4
jacksleight,126740,User,4
jeanCarloMachado,2252355,User,4
juokaz,157597,User,4
kieljohn,1641880,User,4
mbeccati,282388,User,4
Majkl578,144181,User,4
mkurzeja,1044032,User,4
mweimerskirch,362092,User,4
NicholasHazen,1823879,User,4
nmpolo,1206982,User,4
pcraum,3695449,User,4
pkruithof,330828,User,4
ronanguilloux,313677,User,4
simonharris,385725,User,4
stefanklug,442044,User,4
Powerhamster,651726,User,4
Wilt,2419627,User,4
JoshyPHP,317712,User,4
catalinux,2072712,User,4
comfortablynumb,556188,User,4
everzet,30813,User,4
jeremygiberson,487411,User,4
bmichotte,235510,User,4
greg0ire,657779,User,4
docteurklein,109846,User,4
rivaros,1242369,User,4
jbruni,69181,User,4
meandmymonkey,632025,User,3
bamarni,1205386,User,3
mdpatrick,788554,User,3
dbu,76576,User,3
Dinduks,504977,User,3
Fedik,1568198,User,3
deguif,993399,User,3
GeeH,613376,User,3
giosh94mhz,5219975,User,3
javiereguiluz,73419,User,3
enumag,539462,User,3
tkleinhakisa,1912952,User,3
mrkrstphr,164472,User,3
baileylo,145345,User,3
mschroeder,188470,User,3
eventhorizonpl,566953,User,3
shesek,877904,User,3
nicolas-grekas,243674,User,3
odolbeau,680206,User,3
pantelm,8126109,User,3
scaytrase,6578413,User,3
md2perpe,543239,User,3
raykolbe,800727,User,3
iampersistent,16964,User,3
SimonHeimberg,16302148,User,3
elmariachi111,1344649,User,3
timdev,513999,User,3
wouterj,749025,User,3
nemekzg,2473535,User,3
patrick-mcdougle,1392496,User,3
ptarjan,40143,User,3
ajessu,334919,User,3
Jean85,6729988,User,3
asprega,2210656,User,3
calumbrodie,459459,User,3
danielholmes,349833,User,3
renan,28046,User,3
SofHad,1835430,User,3
lenar,281544,User,3
aivus,1021703,User,3
Adel-E,285700,User,2
NAYZO,1272883,User,2
alOneh,758625,User,2
albertvolkman,315328,User,2
alex88,436888,User,2
alcaeus,383198,User,2
deviantintegral,255023,User,2
andrewmackrodt,831182,User,2
ehimen,4663771,User,2
vilartoni,6759538,User,2
fulopattila122,1162360,User,2
benlumley,194052,User,2
webmozart,176399,User,2
Garfield-fr,48578,User,2
Bilge,470626,User,2
bsahlhof,2029539,User,2
carnage,846596,User,2
dave1010,50682,User,2
DavidPrevot,3936728,User,2
terite,44259,User,2
meeuw,773800,User,2
dustinmoorman,2163727,User,2
Erikvv,1748197,User,2
eugene-dounar,193521,User,2
EvanDotPro,5607,User,2
fprochazka,158625,User,2
franmomu,720690,User,2
ostrolucky,496233,User,2
garoevans,1016708,User,2
liuggio,530406,User,2
gimler,200904,User,2
HermanPeeren,298799,User,2
ilyar,761285,User,2
issei-m,1135118,User,2
ivarne,131616,User,2
janlanger,415695,User,2
jeremymarc,410677,User,2
acrobat,1374857,User,2
jonathaningram,626664,User,2
Seldaek,183678,User,2
josemalonsom,6292439,User,2
pepakriz,383294,User,2
zimmermanj42,1596795,User,2
shiroyuki,226612,User,2
kcassam,150823,User,2
krixon,559165,User,2
kdambekalns,95873,User,2
kimhemsoe,568787,User,2
KonstantinKuklin,573586,User,2
lsolesen,148026,User,2
lennerd,1609692,User,2
TrkiSF2,3595242,User,2
maartendekeizer,1061334,User,2
mkosiedowski,17232873,User,2
marco-jantke,4903245,User,2
crybat,1271442,User,2
Michal-sk,2051648,User,2
mikemeier,776406,User,2
munkie,102297,User,2
Remper,451747,User,2
NicolasBadey,639268,User,2
PSchwisow,1644414,User,2
pscheit,488189,User,2
rdohms,94331,User,2
neobyteUK,6770417,User,2
rbroen,8131,User,2
hallabro,2978237,User,2
umpirsky,208957,User,2
sensorario,820248,User,2
SpacePossum,10462973,User,2
ThomasLomas,859217,User,2
rande,14672,User,2
merk,278097,User,2
Tobion,610090,User,2
kormik,1304076,User,2
tonynelson19,210409,User,2
ureimers,1671217,User,2
kalessil,1577185,User,2
vlastv,535506,User,2
vvh-empora,5236105,User,2
gadelkareem,1441127,User,2
gitname,7143133,User,2
jakoch,85608,User,2
steffkes,325361,User,2
stoccc,24807203,User,2
yktd26,879067,User,2
aitboudad,1753742,User,2
aqnouch,3692812,User,1
amerryma,6307371,User,1
gander,421597,User,1
afoeder,1125168,User,1
adiq,2352677,User,1
adanlobato,626645,User,1
alanbem,320410,User,1
acasademont,825021,User,1
AlphaStream,8634548,User,1
alexcarol,1713440,User,1
drdev,829373,User,1
alexryderwhytewaters,11827564,User,1
mente,391997,User,1
oleksandr-torosh,624964,User,1
drealecs,209984,User,1
alexislefebvre,2071331,User,1
alireza-m,36147,User,1
amirbehzad,1307711,User,1
andersonamuller,1681800,User,1
localheinz,605483,User,1
aschempp,1073273,User,1
whyte624,1901054,User,1
AngelFQC,1697880,User,1
abackstrom,67821,User,1
robocoder,922051,User,1
bksunday,341152,User,1
AntonStoeckl,776322,User,1
ajgarlag,388184,User,1
arjank,457006,User,1
krevindiou,650852,User,1
nanocom,667482,User,1
r1pp3rj4ck,765236,User,1
magnetik,345029,User,1
Burgov,417674,User,1
bobvandevijver,1835343,User,1
bocharsky-bw,3317635,User,1
bschaeffer,74099,User,1
saltybeagle,92284,User,1
biggianteye,1482649,User,1
BlueM,1493457,User,1
invalid-email-address,148100,User,1
cezarykluczynski,798827,User,1
chriscollinsboxuk,783292,User,1
madebyherzblut,97274,User,1
mantiz,838666,User,1
Chrisp1tv,8688493,User,1
XitasoChris,8290918,User,1
SenseException,859964,User,1
coolmic,946415,User,1
pitiflautico,403275,User,1
hawkeye0203,3418885,User,1
dannykopping,373762,User,1
davidfuhr,446054,User,1
rawkode,145816,User,1
bauffman,312824,User,1
taavit,754920,User,1
spiechu,673912,User,1
yethee,559488,User,1
DennisBirkholz,600655,User,1
diego-mazzaro,5569723,User,1
WhiteEagle88,6298617,User,1
NoUseFreak,879864,User,1
edhgoose,1108173,User,1
coma,76395,User,1
egulias,791806,User,1
egidijusj,5106211,User,1
emiel-silverstreet,8201874,User,1
erikdubbelboer,522870,User,1
ethanresnick,471894,User,1
thealjey,2216553,User,1
morganprecision,377314,User,1
EvanK,84145,User,1
ftdebugger,170282,User,1
FabienPennequin,176389,User,1
Slamdunk,152236,User,1
francisbesset,471525,User,1
fmagnan,589090,User,1
mageekguy,457534,User,1
damour,881794,User,1
gennadiylitvinyuk,674894,User,1
gws,111252,User,1
Gregwar,367022,User,1
guillaumerobin,9698474,User,1
1ed,162986,User,1
Halleck45,1076296,User,1
harikt,120454,User,1
haroldb,281782,User,1
icambridge,196942,User,1
igorw,88061,User,1
da-eto-ya,145482,User,1
eibt,5503784,User,1
zinovyev,1627048,User,1
