domnikl,603116,User,244
NikitaStrelkov,4972235,User,21
tonicospinelli,966337,User,19
bocharsky-bw,3317635,User,17
axelitus,732441,User,16
jtwebb,1922539,User,16
leonampd,1620107,User,11
localheinz,605483,User,9
eddiejaoude,624760,User,9
Trismegiste,1260026,User,9
sbine,1902973,User,6
Hyunk3l,754861,User,6
ftwbzhao,492682,User,5
KIVagant,517501,User,5
kbariotis,605742,User,5
desarrolla2,661529,User,4
honzabrecka,1021827,User,4
maximkou,2118695,User,4
x25,1135607,User,4
brettsantore,1906462,User,3
dave1010,50682,User,3
eloipoch,159255,User,3
filisko,8798694,User,3
pjurasek,3997347,User,3
atans,2189764,User,2
andrewnester,2969996,User,2
krizalys,1499352,User,2
garrus,2200430,User,2
HassanAlthaf,8446504,User,2
FatBoyXPC,744962,User,2
r4j4h,703007,User,2
lesterlpena,4934926,User,2
mayurvandra,3233087,User,2
mechanicious,8450319,User,2
CoeusCC,2218833,User,2
TomasVotruba,924196,User,2
swappio,16499212,User,2
dan-lyn,3244222,User,2
SephVelut,4496783,User,2
janukobytsch,304356,User,2
ko22009,11016041,User,2
tafax,2297991,User,2
yplam,1532177,User,2
Ulbrec87,4225140,User,2
raro28,1030532,User,1
adamquaile,69929,User,1
alexandrunastase,2458807,User,1
AlexBaitov,4568053,User,1
inglobal,2969876,User,1
anestor-sugar,16239270,User,1
AnewG,1912339,User,1
mintobit,1149370,User,1
atlance,1748500,User,1
ostretsov,229966,User,1
gbecchio,4582574,User,1
Bilge,470626,User,1
chey,152618,User,1
b3nkos,4530553,User,1
Danielss89,632956,User,1
darcymiranda,609992,User,1
diogocavilha,1109283,User,1
ovr,572096,User,1
DreamAndDead,5028822,User,1
eugenedan,1713167,User,1
gabrielbull,671923,User,1
garoevans,1016708,User,1
greg0ire,657779,User,1
GuidoBR,1057287,User,1
RndFooBar,19311502,User,1
HassanCehef,2001212,User,1
ihor,490943,User,1
Romashka,2758995,User,1
Jeloo,5669640,User,1
jessiesiat,1209970,User,1
scoumbourdis,758515,User,1
jongotlin,165154,User,1
juuuuuu,1769769,User,1
jhuet,372409,User,1
aik84from,7345024,User,1
grachevko,8628465,User,1
Koc,191082,User,1
lleitep3,690548,User,1
lguima,1562097,User,1
marcusesa,1117674,User,1
mtdavidson,201792,User,1
mcampbell508,5833339,User,1
Ivoz,199266,User,1
nandeeshmp,2911535,User,1
olekhy,422148,User,1
panakour,12927166,User,1
petehouston,9006720,User,1
Philiphil,7517734,User,1
kedrap,228109,User,1
shangguokan,1543951,User,1
sergeyklay,1256298,User,1
Shaked,960015,User,1
bartko-s,675883,User,1
marliotto,770613,User,1
idr0id,524901,User,1
phybros,1985132,User,1
zackkatz,870979,User,1
brslv,8961719,User,1
diwipl,3406741,User,1
dongww,2416934,User,1
fitzel,8887654,User,1
gmsantos,1991286,User,1
harrisonpage,755359,User,1
ibandominguez,3205919,User,1
kibernetique,1426914,User,1
memsb,1275738,User,1
michaelachrisco,398491,User,1
vuurball,24684026,User,1
will-b,1074708,User,1
irfanevrens,166640,User,1
chapay,230958,User,1
lcdss,6903590,User,1
