bsweeney,485897,User,314
PhenX,42170,User,232
gabrielbull,671923,User,38
barryvdh,973269,User,17
scotteh,255294,User,16
flaviencrochard,564388,User,13
indreka,5718209,User,9
shadowhand,38203,User,7
tomlankhorst,675432,User,6
simonberger,7163526,User,4
amacneil,637671,User,4
nappa85,7566389,User,3
ThomasLandauer,1054469,User,3
alxndrmlr,579553,User,3
jandreasn,1712334,User,3
themao,6419039,User,2
insightfuls,635085,User,2
0b10011,1123348,User,2
BrunoDeBarros,5393,User,2
eddturtle,902607,User,2
marijnvdwerf,737603,User,2
zimmski,1847950,User,2
samuelvogel,710188,User,2
doubleslash,1533784,User,2
godrar,1152802,User,2
akshayagarwal,1273012,User,1
asterixcapri,374856,User,1
alreece45,464982,User,1
anton-tiptyuk,17047530,User,1
arnolem,2263103,User,1
bcremer,55820,User,1
CaporalDead,1705597,User,1
c42759,11203357,User,1
mechjagger,470742,User,1
danielecr,2484638,User,1
denis-sokolov,113721,User,1
dsampaolo,1384803,User,1
Dolondro,1678803,User,1
douglasmiguel,299119,User,1
thePanz,226021,User,1
easybe,594536,User,1
IceReaper,1322277,User,1
GaletskyIvan,12133362,User,1
ivarsju,4513623,User,1
jayralencar,7529265,User,1
donatj,133747,User,1
kirugan,775020,User,1
lsolesen,148026,User,1
luissquall,28030,User,1
tyxla,8436925,User,1
mattleff,120155,User,1
MatthiasKuehneEllerhold,19988979,User,1
webaction,2551285,User,1
mozmorris,156303,User,1
nathanntg,194728,User,1
olivier-weka,5610785,User,1
pancakeapp,414860,User,1
pauln,574359,User,1
12hys,4165861,User,1
skotos,1259908,User,1
stefanheppenheimer,833300,User,1
tmountjr,1203675,User,1
merlinus1,7201882,User,1
anyb1s,788796,User,1
AppChecker,15096165,User,1
core23,3440437,User,1
derekdreery,1392222,User,1
frenzelSL,5311134,User,1
itsgoingd,821582,User,1
reyko99,6137348,User,1
satmaelstorm,22241574,User,1
vkeranov,1285986,User,1
