electerious,499088,User,1479
qligier,3299399,User,30
mhp,5925,User,5
cdauth,1801792,User,4
hrniels,185603,User,4
HoffmannP,432592,User,4
cternes,928198,User,4
bb-Ricardo,771836,User,3
rhurling,840655,User,3
djdallmann,7385812,User,3
powentan,168433,User,2
renfredxh,3800339,User,2
dixy,1023798,User,2
Klikini,1693960,User,2
stupergenius,57701,User,1
karlak,591411,User,1
Cronos87,1923206,User,1
tribut,719105,User,1
jimmcslim,285469,User,1
LudovicRousseau,398496,User,1
leplatrem,546692,User,1
mattsches,68414,User,1
Bramas,835068,User,1
reneluria,1652160,User,1
birdwing,6484397,User,1
nilswindisch,914680,User,1
pyro2927,39943,User,1
