erusev,184170,User,449
aidantwoods,3288888,User,20
hkdobrev,506129,User,20
rhukster,1084697,User,6
wkpark,232347,User,6
jamesevickery,14852491,User,3
KaneCohen,578455,User,3
naNuke,4591126,User,3
cebe,189796,User,2
PhrozenByte,920356,User,2
grogy,1322983,User,2
adrilo,7086917,User,1
garoevans,1016708,User,1
henriquemoody,154023,User,1
apfelbox,1032411,User,1
jstanden,63288,User,1
donatj,133747,User,1
pjona,170732,User,1
kelunik,2743004,User,1
scarwu,616443,User,1
tbreuss,1334161,User,1
greut,1388,User,1
gene-sis,23010567,User,1
josephok,5212375,User,1
C9HDN,583418,User,1
malorisdead,2583176,User,1
