filp,382538,User,306
denis-sokolov,113721,User,306
GrahamCampbell,2829600,User,42
staabm,120441,User,39
jonasdt,1201842,User,22
zonuexe,822086,User,10
prisis,2716058,User,10
franzliedke,249125,User,7
Geolim4,1332071,User,7
acidjazz,967369,User,7
vinkla,499192,User,6
cs278,17377,User,5
bobdenotter,1833361,User,5
adduc,44527,User,5
hannesvdvreken,1410358,User,4
hugomrdias,314190,User,4
synchrone,528545,User,3
localheinz,605483,User,3
flaviocopes,11783388,User,3
freost,773958,User,3
theofidry,5175937,User,3
ExplodingCabbage,2358339,User,3
funkjedi,9314,User,3
ragtek,135755,User,3
Vmak11,5679707,User,2
adrian-budau,1350273,User,2
andrejguran,1847466,User,2
daylerees,207870,User,2
kminek,373962,User,2
igorsantos07,532299,User,2
jacobbednarz,283234,User,2
pborreli,77759,User,2
richardhinkamp,1423180,User,2
TomasVotruba,924196,User,2
fanno,63506,User,2
ghislainf,892972,User,2
funivan,425208,User,2
oldskool,567664,User,2
sergeyklay,1256298,User,2
killgt,343407,User,1
AndreasKl,1105899,User,1
firstrow,66944,User,1
andrey-helldar,10347617,User,1
Rarst,737584,User,1
shakhraj,3780763,User,1
zsilbi,3886658,User,1
bitdeli-chef,3092978,User,1
pinepain,2185793,User,1
websiteduck,252247,User,1
camcima,1918601,User,1
colin-kiegel,7691186,User,1
moufmouf,1290952,User,1
dmyers,207171,User,1
davispuh,651800,User,1
ymc-geha,790697,User,1
gharlan,330436,User,1
guiwoda,1625545,User,1
softius,586121,User,1
deadbeef84,961178,User,1
byjg,981924,User,1
reinink,882133,User,1
jgmullor,1301633,User,1
Itrulia,1131901,User,1
luismulinari,33168,User,1
PHPCraftdream,14233546,User,1
maug,300952,User,1
JayBizzle,340752,User,1
mahagr,854915,User,1
yuloh,9440455,User,1
elazar,15487,User,1
Anahkiasen,1321596,User,1
ottnorml,2350859,User,1
landure,1490071,User,1
RickWong,40102,User,1
studioromeo,846587,User,1
stephan-v,2384912,User,1
stephandesouza,159077,User,1
toopay,534245,User,1
tscheepers,44893,User,1
trvrnrth,367121,User,1
youssefhad,10350147,User,1
inssein,882228,User,1
kenjis,87955,User,1
msheakoski,4156,User,1
steffkes,325361,User,1
