keradus,2716794,User,2490
fabpot,47313,User,321
SpacePossum,10462973,User,233
GrahamCampbell,2829600,User,88
gharlan,330436,User,49
julienfalque,1736542,User,43
localheinz,605483,User,42
Seldaek,183678,User,30
ceeram,111448,User,16
Slamdunk,152236,User,15
stof,439401,User,14
sstok,904790,User,12
Maks3w,1301698,User,11
Soullivaneuh,1698357,User,11
ucirello,138827,User,9
kalessil,1577185,User,8
umpirsky,208957,User,7
mbeccati,282388,User,6
ntzm,3888578,User,6
phansys,1231441,User,5
ajgarlag,388184,User,5
danez,231804,User,4
lyrixx,408368,User,4
junichi11,738383,User,4
drAlberT,1442700,User,3
benmatselby,178634,User,3
ekho,374426,User,3
bgotink,821510,User,3
brunochalopin,29792242,User,3
greg0ire,657779,User,3
jtojnar,705123,User,3
jian-wu,1561024,User,3
kubawerlos,9282069,User,3
pschultz,607733,User,3
Nyholm,1275206,User,3
adrienbrault,611271,User,2
aidantwoods,3288888,User,2
andrewtch,925330,User,2
fritz-c,4413963,User,2
p-h-p,771624,User,2
EvanDotPro,5607,User,2
fisharebest,2306088,User,2
jaydiablo,136907,User,2
KOLANICH,240344,User,2
kbsali,53676,User,2
cordoval,328359,User,2
matthiasmullie,312776,User,2
fivestar,30999,User,2
raphinesse,1006620,User,2
ro0NL,1047696,User,2
ridcully,8261,User,2
kix,345754,User,2
stephpy,232744,User,2
xavierlacot,177293,User,2
bmitch,4009957,User,2
SamBurns-awin,6714367,User,2
gimler,200904,User,2
lmanzke,7486693,User,2
staabm,120441,User,2
marcaube,1478986,User,2
adawolfa,3169646,User,1
Adel-E,285700,User,1
kalimatas,449551,User,1
ikari7789,1041215,User,1
EspadaV8,115825,User,1
Taluu,239685,User,1
bendavies,625392,User,1
bcremer,55820,User,1
benja-M-1,212269,User,1
blaugueux,767963,User,1
chadburrus,221522,User,1
chrismcmacken,445683,User,1
hlubek,33351,User,1
cmodijk,771041,User,1
mleko,2631527,User,1
DarkaOnLine,1171698,User,1
davividal,25622,User,1
dg,194960,User,1
gyndav,61255,User,1
denis-sokolov,113721,User,1
edhgoose,1108173,User,1
glensc,199095,User,1
elliot,9938,User,1
GuilhemN,6871899,User,1
Falkirks,5827558,User,1
felixgomez,3040555,User,1
fkooman,616885,User,1
ossinkine,2588533,User,1
g105b,358014,User,1
oschwald,278835,User,1
hannesvdvreken,1410358,User,1
henriquemoody,154023,User,1
fonsecas72,1098293,User,1
sp-ian-monge,6849052,User,1
issei-m,1135118,User,1
ivan1986,156418,User,1
funivan,425208,User,1
jakzal,190447,User,1
jmalloc,761536,User,1
JanJakes,141436,User,1
jaredh159,7050938,User,1
jmfontaine,174728,User,1
j0k3r,62333,User,1
jeroenvisser101,1941348,User,1
postalservice14,46067,User,1
jonathaningram,626664,User,1
HeahDude,10107633,User,1
juliendufresne,1397529,User,1
Kanti,471387,User,1
kriswallsmith,33886,User,1
krymen,439196,User,1
lucasmichot,513603,User,1
lsmith77,300279,User,1
mnabialek,7656807,User,1
marekkalnik,548629,User,1
mhitza,273079,User,1
mrmark,634657,User,1
malengrin,216432,User,1
mattleff,120155,User,1
mnapoli,720328,User,1
max-voloshin,1312824,User,1
michaelsauter,215455,User,1
mykehsd,195844,User,1
networkscraper,10283036,User,1
nicktacular,810546,User,1
tovrleaf,170369,User,1
36degrees,121939,User,1
keksa,7985651,User,1
oscargala,1231556,User,1
pborreli,77759,User,1
pascal-hofmann,2102878,User,1
PedroTroller,1766827,User,1
pilgerone,14227063,User,1
kibao,1156678,User,1
romulodl,922624,User,1
ronanguilloux,313677,User,1
valeryan,1508761,User,1
1emming,1867655,User,1
sebastianbergmann,25218,User,1
tommygnr,929392,User,1
TomasVotruba,924196,User,1
vbence,3601108,User,1
vinkla,499192,User,1
boekkooi,399895,User,1
wjaspers,598148,User,1
snapshotpl,312655,User,1
amarczuk,14880335,User,1
alquerci,2987860,User,1
dantleech,530801,User,1
ericj,69696,User,1
fturmel,4009209,User,1
gonzaloserrano,349328,User,1
jakejohns,174708,User,1
l3l0,209405,User,1
s7b4,5158891,User,1
seferov,1233843,User,1
tgabi333,187022,User,1
trilopin,4096774,User,1
webchick,332535,User,1
