fabpot,47313,User,166
everzet,30813,User,23
larowlan,555254,User,6
mtdowling,190930,User,5
hnw,27699,User,5
brunochalopin,29792242,User,4
hason,288535,User,3
christianchristensen,65640,User,3
jakoch,85608,User,3
tiger-seo,398720,User,3
thewilkybarkid,1784740,User,3
robo47,110477,User,2
stof,439401,User,2
keradus,2716794,User,2
davedevelopment,61351,User,2
igorw,88061,User,2
zeopix,688434,User,2
arithmetric,280997,User,2
BRMatt,20394,User,2
zachbadgett,916274,User,2
csarrazi,465798,User,2
aqnouch,3692812,User,1
abhinavkumar940,1189133,User,1
Herzult,177588,User,1
benja-M-1,212269,User,1
benji07,166890,User,1
benoitMariaux,716856,User,1
camcima,1918601,User,1
clemherreman,272812,User,1
taavit,754920,User,1
fabian,13346,User,1
fabioelizandro,5096470,User,1
georaldcamposano,4389091,User,1
ossinkine,2588533,User,1
gimler,200904,User,1
lyrixx,408368,User,1
jakuza,456276,User,1
jcroll,1441013,User,1
jeremeamia,107867,User,1
Seldaek,183678,User,1
h4cc,2981491,User,1
lgrz,158654,User,1
marijn,65233,User,1
staabm,120441,User,1
mdhooge,426441,User,1
Nek-,972456,User,1
pborreli,77759,User,1
spolischook,1978331,User,1
siwinski,1034024,User,1
ganchiku,149973,User,1
tombevers,145226,User,1
TomasVotruba,924196,User,1
havvg,126898,User,1
tony-co,1277285,User,1
tonydub,722056,User,1
tuxayo,2678215,User,1
bocharsky-bw,3317635,User,1
vincentchalamon,407859,User,1
xavierlacot,177293,User,1
arturo-c,344643,User,1
elazar,15487,User,1
jdohuutin,1324077,User,1
kengos,968151,User,1
ornicar,140370,User,1
