fzaninotto,99944,User,824
Newman101,4118513,User,37
igorsantos07,532299,User,27
YerlenZhubangaliyev,1582996,User,24
okj579,40447,User,22
nineinchnick,795177,User,21
zrashwani,5447528,User,20
fonsecas72,1098293,User,20
tharoldD,5029799,User,19
vlakoff,544424,User,19
ankitpokhrel,2364546,User,19
tzhuan,556870,User,17
bessl,914431,User,17
geoffrey-brier,1224811,User,17
pomaxa,426649,User,17
Dynom,39014,User,16
TimWolla,209270,User,16
simkimsia,245021,User,13
applestump,463420,User,13
bazo,181588,User,13
ronanguilloux,313677,User,12
oittaa,8972248,User,12
FooBarQuaxx,2607178,User,11
softius,586121,User,11
georgeharito,167681,User,10
lsv,20708,User,10
terite,44259,User,9
goatherd,1812203,User,9
rsvasilyev,1588011,User,9
elchroy,17028608,User,9
localheinz,605483,User,9
inlineLt,8105706,User,8
EmanueleMinotto,417201,User,8
Seldaek,183678,User,8
avataru,209354,User,8
r3h6,4550541,User,8
anroots,469120,User,7
jadb,33527,User,7
zoli,3286303,User,7
thomasfdm,16035354,User,7
kielabokkie,1221750,User,7
z-song,1479100,User,7
gulaandrij,2658746,User,6
Mikulas,192200,User,6
matteosister,212723,User,6
ognjenm,609541,User,6
ruden,447125,User,6
yohang,608984,User,6
blaugueux,767963,User,6
daniel-mueller,3153932,User,5
DIOHz0r,1426313,User,5
faridmovsumov,1541412,User,5
GrahamCampbell,2829600,User,5
ibrasho,188776,User,5
Garbee,868301,User,5
lperto,9009544,User,5
rmrevin,803507,User,5
balping,5840038,User,5
the-noob,541531,User,5
driade,5692232,User,5
ulrikjohansson,387677,User,5
toin0u,672421,User,5
gietos,490653,User,5
actuallymab,4995979,User,5
masnun,191543,User,4
pwsdotru,740937,User,4
beberlei,26936,User,4
cvschaefer,1102923,User,4
cviebrock,166810,User,4
Dagolin,15082118,User,4
daveblake,283275,User,4
hasandz,531878,User,4
JasonMortonNZ,2790269,User,4
ravage84,625761,User,4
rcuddy,4494839,User,4
svrnm,1519757,User,4
tomasbedrich,4974343,User,4
willdurand,217628,User,4
brainrepo,1851362,User,4
cinan,1828134,User,4
thisissorna,10170296,User,4
veisis,4570512,User,4
anvanza,2848347,User,4
celisflen-bers,3954161,User,4
csanquer,372677,User,4
hertzg,1886698,User,4
acfreitas,5501934,User,4
Max13,531249,User,3
andrey-helldar,10347617,User,3
alhoqbani,17808656,User,3
ivanmirson,1483621,User,3
gibbonweb,320300,User,3
lexicalbits,4474307,User,3
LauLaman,8283992,User,3
eusonlito,644551,User,3
garak,179866,User,3
MatissJanis,886567,User,3
mertcanesen,3678778,User,3
mikk150,4953629,User,3
nenadalm,1227933,User,3
Nicals,2552707,User,3
pborreli,77759,User,3
paulvalla,707400,User,3
phaza,4553,User,3
phoenixgao,853338,User,3
weotch,77567,User,3
xfxf,138684,User,3
wizardjedi,36065,User,3
terion-name,1060205,User,3
Ultim4T0m,4682556,User,3
theofidry,5175937,User,3
kumamidori,384567,User,3
kletellier,8279846,User,3
mhamlet,1281731,User,3
z38,3948085,User,3
bishopb,6844145,User,3
iTechDhaval,1398635,User,3
vinkla,499192,User,3
AlexCutts,8549772,User,2
andysnell,7006523,User,2
stoutZero,491718,User,2
apsylone,2072877,User,2
birkir,180773,User,2
Rebegin,11927240,User,2
cslucano,107065,User,2
stof,439401,User,2
cbourgois,56223,User,2
dciancu,7402536,User,2
JustBlackBird,1167086,User,2
ZAYEC77,4509483,User,2
cryode,563886,User,2
EvanLovely,569699,User,2
oliveiraev,320460,User,2
schmengler,367320,User,2
feridmovsumov,2485826,User,2
gido,101859,User,2
gregoryduckworth,2647926,User,2
zhanghuanchong,3062319,User,2
ivannis,754477,User,2
jpuck,15305396,User,2
joshuajabbour,66879,User,2
kzykhys,1751547,User,2
SpaceK33z,533616,User,2
akalongman,423050,User,2
LagunaJavier,9575992,User,2
Stichoza,1139050,User,2
endelwar,28512,User,2
god107,493736,User,2
miclf,3188746,User,2
miguelgf,3419188,User,2
vjnrv,99794,User,2
kamote,3262664,User,2
remicollet,270445,User,2
simoheinonen,3840367,User,2
kix,345754,User,2
sebdesign,667144,User,2
tael,1206713,User,2
thallisphp,754918,User,2
Kurre,1389199,User,2
TomasVotruba,924196,User,2
ysramirez,5892242,User,2
drodil,1178319,User,2
guidocella,11783568,User,2
iget-master,9434959,User,2
itigoppo,1428989,User,2
killerog,1665411,User,2
spaghettimaster,2176398,User,2
marcaube,1478986,User,2
piotrooo,2005054,User,2
raphaeldealmeida,235028,User,2
selmonal,1409958,User,2
umpirsky,208957,User,2
zhwei,1446459,User,2
BePsvPT,8221099,User,2
aivus,1021703,User,2
markuspoerschke,1222377,User,2
PedroTroller,1766827,User,2
siwinski,1034024,User,2
urisavka,10547501,User,2
adriantombu,383297,User,1
akramfares,1431503,User,1
alexshadow007,647552,User,1
alexsegura,1162230,User,1
mmf-amarcos,907480,User,1
andrewnicols,370047,User,1
semanser,4020045,User,1
toonevdb,2579951,User,1
czogori,892292,User,1
arthur-olafsson,5605156,User,1
Thinkscape,270528,User,1
amcsi,116494,User,1
baldurrensch,871417,User,1
behram,4572080,User,1
belendel,2668214,User,1
benja-M-1,212269,User,1
lysenkobv,1250142,User,1
bruceheller,3966713,User,1
deerawan,1243921,User,1
camilopayan,104237,User,1
vchabot,715331,User,1
christianbartels,15922483,User,1
ikwattro,1222009,User,1
dbojdo,1272416,User,1
vworldat,650955,User,1
tolnem,5370,User,1
davidyell,49889,User,1
denheck,235116,User,1
rumpl,99933,User,1
drakakisgeo,1863506,User,1
sdustinh,2855100,User,1
tifabien,705356,User,1
halaxa,2226505,User,1
hyperized,827954,User,1
chanmix51,81580,User,1
gpressutto5,12385501,User,1
gunnarlium,207556,User,1
gkhno,1487670,User,1
hboomsma,1465009,User,1
eidng8,787265,User,1
jgwong,1305361,User,1
ecentinela,13818,User,1
jejung,13054871,User,1
totophe,7233,User,1
jflefebvre,296334,User,1
johannesnagl,610811,User,1
jonwurtzler,7083084,User,1
jaschweder,6409113,User,1
jpetitcolas,688373,User,1
yonirom,328709,User,1
JonathanKryza,3247900,User,1
ncuesta,95592,User,1
jtreminio,589398,User,1
julien-c,326577,User,1
sanis,3956177,User,1
kartiksomani,2529843,User,1
KeithYeh,956727,User,1
KennedyTedesco,999232,User,1
komapa,577,User,1
klj613,911636,User,1
krymen,439196,User,1
dunglas,57224,User,1
leepownall,757140,User,1
leihog,385317,User,1
pjona,170732,User,1
mgiustiniani,1478947,User,1
Ragazzo,1748844,User,1
mhanson01,1247572,User,1
MatthieuMota,2427947,User,1
Powerhead13,3453540,User,1
doenietzomoeilijk,648663,User,1
mikehaertl,675062,User,1
sustmi,885946,User,1
ad3n,7464920,User,1
nazar-pc,928965,User,1
netcarver,16049,User,1
nicodmf,173332,User,1
curry684,1455673,User,1
spawn-guy,1442562,User,1
pavelkovar,19745438,User,1
pgscandeias,582388,User,1
pschultz,607733,User,1
petrkle,545514,User,1
piotrantosik,154553,User,1
radmen,1190255,User,1
raulfraile,595160,User,1
stelgenhof,529544,User,1
sebklaus,3457255,User,1
w1zardhead,3667416,User,1
asika32764,1639206,User,1
Konafets,363363,User,1
taylankasap,4192479,User,1
thiagotalma,612578,User,1
Powerhamster,651726,User,1
fixe,484559,User,1
TomK,299656,User,1
tomasklapka,370171,User,1
tonynelson19,210409,User,1
telkins,53731,User,1
alchy58,923072,User,1
nurolopher,1384060,User,1
tuwannu,921194,User,1
wouterj,749025,User,1
byan,383327,User,1
ishenkoyv,665562,User,1
vistart,864657,User,1
aRn0D,3585922,User,1
benglass,1964631,User,1
aidenscott2016,22168899,User,1
ajbdev,572055,User,1
hootlex,6147968,User,1
bateller,5016178,User,1
bogdanpet,24220803,User,1
borgogelli,7045594,User,1
cedriclombardot,651484,User,1
coozplz,7045159,User,1
emir,1097170,User,1
endroid,537253,User,1
glagola,1319301,User,1
jasir,115066,User,1
jdssem,978944,User,1
JeroenDeDauw,146040,User,1
jpauli,72415,User,1
tlikai,1356974,User,1
lintaba,375078,User,1
lozadaOmr,2493327,User,1
mijgame,8114544,User,1
neutralrockets,6303071,User,1
nickwebcouk,3358250,User,1
pablodip,98504,User,1
pdaether,1213181,User,1
rogamoore,5249624,User,1
rudkjobing,7032667,User,1
tkawaji,12975072,User,1
toniperic,5714104,User,1
vladbuk,17079972,User,1
wecerny,9440846,User,1
WMeldon,1877401,User,1
xelan,5080535,User,1
