afollestad,1820165,User,1239
hzsweers,1361086,User,43
plusCubed,6379975,User,39
andrewlord1990,11318675,User,19
kevinslashslash,29992624,User,10
marchold,552770,User,10
jrgonzalezg,4630806,User,7
friederbluemle,743291,User,6
Phascinate,6421610,User,5
adennie,1521215,User,4
egor-n,378493,User,4
JasperG,6399986,User,4
Tolriq,932609,User,4
timusus,4422616,User,3
zateo,11051511,User,3
jlelse,8822316,User,3
TheFinestArtist,3123741,User,3
ashughes,295214,User,2
BetterXP,21240523,User,2
DVDAndroid,6277172,User,2
DavidMont,9759317,User,2
emartynov,295424,User,2
johnwatsondev,12760754,User,2
athornz,848767,User,2
msutherland4807,5905483,User,2
PaulWoitaschek,743462,User,2
DreaminginCodeZH,4469895,User,2
askfor,113444,User,2
smartjinyu,13204485,User,2
AEFeinstein,231180,User,1
ajalt,1109214,User,1
AkshayChordiya,3120052,User,1
agatti,235740,User,1
AliMehrpour,4621284,User,1
acappelli,1911447,User,1
Tezkerek,12715035,User,1
andrey-blak,2982270,User,1
AChep,990982,User,1
balysv,6113842,User,1
auchri,5092164,User,1
suvjunmd,11020536,User,1
wideawake,763474,User,1
garretyoder,2999146,User,1
GavinPacini,1523414,User,1
skatset,3938769,User,1
tir38,1980553,User,1
javiersantos,2229658,User,1
jdrider,1666649,User,1
Kuitsi,1301906,User,1
MaciejCiemiega,6815900,User,1
madlymad,656323,User,1
intrications,1798519,User,1
Morocat,12086569,User,1
nateisner,8662843,User,1
BedrockDev,13298429,User,1
yaa110,3187511,User,1
Fleker,3291635,User,1
DaGenix,2101211,User,1
PattaFeuFeu,9012887,User,1
plinehan,38609,User,1
pra85,829526,User,1
vyscond,1111387,User,1
rndstr,32963,User,1
kritrus,6697855,User,1
varanasisaigithub,3856415,User,1
blinkseb,386274,User,1
Unpublished,4938650,User,1
Alexandre-Nut,25433030,User,1
ankitagrawal2411,20318104,User,1
ciskeboekelo,482803,User,1
darktiny,1983249,User,1
erva,14440541,User,1
jmartingit,10224766,User,1
pylerSM,3438489,User,1
