gpeal,1307745,User,625
felipecsl,190648,User,9
ngsilverman,1723212,User,4
ramonaharrison,9170966,User,3
seanfchan,461890,User,3
bmc08gt,1652321,User,2
elihart,2739242,User,2
howard0020,704491,User,2
Jawnnypoo,1459320,User,2
cgathergood,3513340,User,2
imliujun,9779970,User,2
alexbirkett,530659,User,1
aaboyd,859286,User,1
azchohfi,527713,User,1
AOrobator,4106884,User,1
daose,15278132,User,1
dustin-graham,959931,User,1
monxalo,429295,User,1
the-dagger,6565270,User,1
Bhullnatik,2040807,User,1
kaushikgopal,1042037,User,1
martijn00,6221156,User,1
m1ga,4334997,User,1
kudanai,141772,User,1
0legg,2427681,User,1
opayen,1071174,User,1
rmtheis,943135,User,1
saketkumar95,21558765,User,1
waltaro,73211,User,1
k0shk0sh,960767,User,1
rberghegger,15942289,User,1
