wenshao,1166785,User,168
VictorZeng,9109915,User,99
kimmking,807508,User,46
yakolee,6767054,User,14
axmanwang,1586503,User,10
niaoge,12741755,User,9
wuwen5,5037807,User,8
ptma,1761883,User,7
CodePlayer,3793502,User,7
bingoko,6131965,User,5
azy2,6697407,User,4
imknown,5681447,User,4
qifanyang,2858765,User,4
yanquanyu,6947841,User,4
invalid-email-address,148100,User,4
oldratlee,1063891,User,3
neil4dong,16929939,User,3
lihengming,17757549,User,3
shibenli,7353956,User,3
rmfish,1287895,User,3
ianate,18230879,User,3
bohrqiu,1333657,User,3
abop,2064065,User,2
myoss,6986459,User,2
LQZYC,8571129,User,2
kangkona,3626881,User,2
sundy-li,3325189,User,2
tenwx,3733304,User,2
wuminorb,10877837,User,2
pentiumao,284615,User,1
stepinto,159071,User,1
CharkeyQK,5127583,User,1
felixonmars,1006477,User,1
hellyguo,1480942,User,1
MountainBlanc,23260919,User,1
mortonfox,495892,User,1
paulvi,1614482,User,1
pra85,829526,User,1
RaghavaDhanya,13164365,User,1
ronnin,100691,User,1
Slahser,3760744,User,1
stevenspasbo,863398,User,1
vbauer,578021,User,1
ttoommbb,2705505,User,1
gaozone-talend,3336208,User,1
danieldingzju,1768553,User,1
flym,2046979,User,1
zhaolong,1897198,User,1
LaughXP,1949127,User,1
lh4111,11894906,User,1
mrkcsc,658964,User,1
myshzzx,2025090,User,1
ilaipi,1689135,User,1
pepov,682440,User,1
WaTer9527,12228402,User,1
xladykiller,1160622,User,1
eoss1990,21993844,User,1
yixblog,5029713,User,1
yuankui,236535,User,1
dyc87112,3391170,User,1
