pyricau,557033,User,782
WonderCsabo,480485,User,567
yDelouis,1778105,User,323
DayS,675407,User,272
dodgex,204013,User,236
mathieuboniface,739192,User,163
shiraji,3675458,User,35
simopete,1461419,User,34
JoanZapata,675408,User,23
rom1v,543275,User,20
dhleong,816150,User,19
a-thomas,524769,User,18
ened,269860,User,17
rockytriton,1591521,User,17
tbruyelle,92280,User,8
rsertelon,294333,User,8
DDRBoxman,207897,User,6
johanpoirier,142127,User,5
johncarl81,167081,User,5
naixx,1759282,User,5
ThomasFondrillon,2411918,User,4
simonz,1118551,User,4
maltzj,1245354,User,3
nhachicha,1793238,User,3
nbelikov,1493871,User,3
nycholas,298350,User,3
jiongxuan,4717125,User,3
Francis0121,3794501,User,2
JessThrysoee,238102,User,2
deathlord87,825765,User,2
Brimstedt,233858,User,2
lukesleeman,902252,User,2
vwmattr,416658,User,2
pvardanega,467314,User,2
royclarkson,20805,User,2
smaugho,6622086,User,2
adrianroos,1585674,User,1
ath0mas,217720,User,1
tidbeck,209901,User,1
arnaudruffin,2727108,User,1
Bananeweizen,406876,User,1
erwan,16061,User,1
federicoiosue,487104,User,1
gebing,242804,User,1
Honghe,1092722,User,1
ironjan,1698836,User,1
mthmulders,430114,User,1
Manabu-GT,3354329,User,1
amatsegor,1627127,User,1
matthewmichihara,79073,User,1
mikegr,47275,User,1
Lochnair,954926,User,1
PerfectCarl,772196,User,1
Ryn830,5760959,User,1
sonytricoire,1332076,User,1
toshe,1636022,User,1
tomreay,1550389,User,1
WeaponMan,4890020,User,1
chvndb,2583918,User,1
guitcastro,1149991,User,1
