sjudd,1627211,User,1100
TWiStErRob,2906988,User,54
jnlopar,1297988,User,12
savvasdalkitsis,873077,User,8
nanaze,1475312,User,7
DavidWiesner,243115,User,6
antondaubert,16554836,User,5
jongerrish,6314616,User,4
vanniktech,5759366,User,3
xian,40298,User,3
Teovald,1502975,User,3
aam,381137,User,3
hegazy,2749269,User,2
Dimous,283939,User,2
Tolriq,932609,User,2
conanoc,11764352,User,2
kojilin,863983,User,2
alashow,5840013,User,1
nemphys,739270,User,1
kanelbulle,294755,User,1
JektonLuo,7709976,User,1
josemontiel,7999856,User,1
mrhether,1207642,User,1
iontech,2011105,User,1
omaflak,6695348,User,1
pavlospt,1070871,User,1
RiteshChandnani,13303038,User,1
ened,269860,User,1
toyama-sumio,22065848,User,1
kunny,1596824,User,1
Undin,2539310,User,1
vickychijwani,439616,User,1
vbauer,578021,User,1
walmyrcarvalho,1761436,User,1
luxiaoyu,1438904,User,1
b95505017,320815,User,1
AlanCheen,6982439,User,1
dorireuv,1017142,User,1
falhassen,10853912,User,1
floating-cat,6748077,User,1
frannois,573046,User,1
johnheroy,5909572,User,1
jisung,1684081,User,1
swankjesse,133019,User,1
kojiashida,8174628,User,1
lawlu,18728881,User,1
minas90,1729739,User,1
paulduffin,4938819,User,1
start141,6055764,User,1
