chrisbanes,227486,User,127
smarek,384824,User,125
Jawnnypoo,1459320,User,92
veyndan,6900601,User,11
tbsandee,1088116,User,5
atifniyaz,8301926,User,4
HIPERCUBE,7427370,User,4
mickamy,11856337,User,4
yangshiliang,6004608,User,4
phil-brown,1235059,User,3
ChristianBecker,1763815,User,3
ToxicBakery,1614281,User,2
JWBadoo,9249739,User,2
Rexee,8672252,User,2
bherbst,3267925,User,1
dgmltn,698270,User,1
httpdispatch,2315223,User,1
xiphirx,993832,User,1
Bhullnatik,2040807,User,1
juleZZZ,4419601,User,1
laurencedawson,534059,User,1
dalinaum,145585,User,1
matoso,11668718,User,1
mazzonem,4722201,User,1
SaikoRobot,2151087,User,1
libtastic,16965724,User,1
tanglie1993,8639024,User,1
tonyjs,8830704,User,1
xeodou,914595,User,1
