CymChad,7698209,User,335
ChadCym,15854418,User,195
AllenCoder,8213915,User,104
elfman,948001,User,36
1109993488,4213541,User,25
githubzaibao,18572669,User,15
baoyachi,10433001,User,13
FrankKwok,26732392,User,9
beiliubei,1127875,User,5
shichaohui,10704756,User,4
QtyearLin,5450710,User,3
dreamlivemeng,18185775,User,2
benoitf,436777,User,1
iagocanalejas,7596352,User,1
JakeWoki,6948411,User,1
Ludejin,10751355,User,1
mark-dlc,9111546,User,1
Pyuming,18375787,User,1
ravidsrk,529352,User,1
bryant1410,3905501,User,1
tysheng,11910987,User,1
rednels,2978417,User,1
