kimchy,41300,User,4779
s1monw,973334,User,2805
javanna,832460,User,1542
jasontedor,4744941,User,1473
dadoonet,274222,User,1403
rjernst,289412,User,1285
martijnvg,580421,User,1234
rmuir,504194,User,1115
nik9000,215970,User,1069
jpountz,299848,User,1063
clintongormley,56599,User,1042
bleskes,1006375,User,935
cbuescher,10398885,User,628
dakrone,19060,User,526
colings86,236731,User,518
imotov,655851,User,419
brwe,4320215,User,404
mikemccand,796508,User,384
spinscale,667544,User,339
ywelsch,3718355,User,336
tlrx,642733,User,313
jimczi,15977469,User,276
abeyad,1631297,User,249
areek,753679,User,214
karmi,4790,User,167
jdconrad,2126764,User,152
talevy,388837,User,144
nknize,830187,User,119
danielmitterdorfer,1699576,User,118
HonzaKral,32132,User,111
jaymode,4339958,User,107
polyfractal,1224228,User,102
drewr,6202,User,93
uboness,211019,User,92
johtani,1142449,User,86
alexksikes,43475,User,80
uschindler,1005388,User,72
pickypg,1501235,User,71
markharwood,170925,User,57
tbrooks8,862472,User,47
Paikan,822586,User,43
GaelTadh,5190064,User,38
Mpdreamz,245275,User,34
gmarz,1594777,User,34
costin,76245,User,32
mrsolo,96771,User,31
lukas-vlcek,205174,User,29
debadair,362578,User,27
alexshadow007,647552,User,22
chilling,2590333,User,22
kzwang,2177991,User,22
mattweber,173955,User,20
spalger,1329312,User,19
nlalevee,282823,User,18
kiryam,146705,User,15
dliappis,1754575,User,15
andrestc,2944739,User,14
masaruh,572174,User,14
eskibars,2246002,User,14
KoenDG,1440619,User,13
xuzha,1799964,User,13
ankon,1210641,User,12
dedemorton,14206422,User,12
beiske,98256,User,12
gfyoung,9273653,User,12
a2lin,1472550,User,11
GlenRSmith,1327920,User,11
karussell,129644,User,11
synhershko,212252,User,11
brusic,354105,User,11
jprante,635745,User,11
aleph-zero,452273,User,11
hhoffstaette,499973,User,10
russcam,208231,User,10
obourgain,975826,User,10
cwurm,694597,User,10
ppf2,7216393,User,10
markwalkom,3184718,User,10
chrismale,1080664,User,9
dongjoon-hyun,9700541,User,9
jbaiera,875779,User,9
nkvoll,391931,User,9
golubev,951364,User,9
adrinjalali,1663864,User,8
fhopf,470589,User,8
ycombinator,51061,User,8
szroland,10174523,User,8
droberts195,7405510,User,7
dweiss,199470,User,7
fforbeck,708579,User,7
gpstathis,365914,User,7
lcawl,26471269,User,7
mfussenegger,38700,User,7
makeyang,13898618,User,7
qwerty4030,874677,User,7
jasonodonnell,2160810,User,6
lmenezes,750074,User,6
ofavre,95129,User,6
geekpete,2070843,User,6
robin13,174291,User,6
tsouza,122435,User,6
gabriel-tessier,283765,User,6
olcbean,26058559,User,6
glefloch,1827790,User,6
thefourtheye,696611,User,6
aureq,1161681,User,5
bly2k,3187614,User,5
peschlowp,1713347,User,5
reuben-sutton,1413206,User,5
simonmorley,309336,User,5
stephlag,1696639,User,5
camilojd,527878,User,5
dimitris-athanasiou,9351617,User,5
joshuar,7401,User,5
missinglink,738069,User,5
chengpohi,5118048,User,5
awislowski,783205,User,4
gmoskovicz,1675411,User,4
jbertouch,1263434,User,4
jmluy,369852,User,4
konradkonrad,3705643,User,4
rollick,4430,User,4
hub-cap,613352,User,4
electrical,271677,User,4
seut,219690,User,4
justahero,1305185,User,4
sudo-suhas,22251956,User,4
tylerjl,1733846,User,4
ericamick,18483548,User,4
ruflin,244900,User,4
smayzak,718567,User,4
apatrida,182340,User,4
shubham391,8007928,User,4
ebuildy,1219817,User,4
kalimatas,449551,User,3
AndrewO,550,User,3
kubum,169803,User,3
nellicus,8770097,User,3
benmccann,322311,User,3
brutasse,31269,User,3
cfontes,507924,User,3
hc,94355,User,3
damienalexandre,225704,User,3
metadave,58244,User,3
david-cho-lerat-HL2,19814268,User,3
dpursehouse,836426,User,3
centic9,548322,User,3
elijahdjmarshall,8819486,User,3
erickt,84711,User,3
skade,47542,User,3
itsadok,142512,User,3
inqueue,6099128,User,3
suzuken,491428,User,3
kunal642,11694130,User,3
lfrancke,122850,User,3
wikka,2437214,User,3
loekvangool,7300472,User,3
goyalmunish,1061118,User,3
ofir123,4647811,User,3
vertexcite,3136161,User,3
rboulton,73564,User,3
robertlyson,2392583,User,3
djschny,129643,User,3
sarwarbhuiyan,658557,User,3
fred84,208023,User,3
s12v,1462574,User,3
t-lo,71888,User,3
tcucchietti,5711873,User,3
wewebber,6174028,User,3
xyu,373804,User,3
PnPie,7472431,User,3
biyuhao,1197310,User,3
joachimdraeger,17912690,User,3
oyiadom,8238349,User,3
violuke,6420347,User,3
matarrese,1400984,User,3
eliasah,2973143,User,3
LeeDr,13542669,User,3
NDevox,6662648,User,3
andrejserafim,13505986,User,3
gameldar,345220,User,3
salyh,3762447,User,3
shaie,3469932,User,3
wittyameta,6800782,User,3
untergeek,1020383,User,2
Nomadzy,23081223,User,2
atecle,3269331,User,2
alexbrasetvik,43624,User,2
alexwlchan,301220,User,2
AlexNodex,17162626,User,2
alexclare,659479,User,2
andrei-kolosok,3539971,User,2
andriusj,526246,User,2
andy-elastic,29205940,User,2
ncdc,354,User,2
Asimov4,897911,User,2
audreyrsc,2867271,User,2
mrkamel,165645,User,2
bdelbosc,589079,User,2
tsuna,128281,User,2
bojdell,3486165,User,2
cebe,189796,User,2
chrismattmann,395887,User,2
c4urself,391030,User,2
clement-tourriere,4599746,User,2
dantuffery,2255436,User,2
nomoa,5939211,User,2
haneytron,5252983,User,2
Jyro117,495704,User,2
scompt,277576,User,2
wenpos,20151865,User,2
Maviza101,10248833,User,2
XescuGC,1532900,User,2
gauravarora,1357988,User,2
gibrown,820871,User,2
gskema,5542423,User,2
ozlerhakan,1964927,User,2
Henac,1491391,User,2
lindstromhenrik,866643,User,2
henrikno,147660,User,2
igal-getrailo,2496343,User,2
iulia-pasov,4490163,User,2
jinxcat,988026,User,2
swekaj,3137856,User,2
jpcarey,5118470,User,2
veatch,334448,User,2
jeff303,3521562,User,2
ahfeel,43286,User,2
jeesim2,1100831,User,2
jimhooker2002,298054,User,2
jsvd,31809,User,2
izeye,1059363,User,2
jrhe,4038905,User,2
wwken,3743589,User,2
kkirsche,947110,User,2
kevinkluge,468073,User,2
reachkrishnaraj,5241226,User,2
kurtado,1161427,User,2
LucaWintergerst,11661400,User,2
breml,6205217,User,2
dieswaytoofast,266028,User,2
mschirmacher,298151,User,2
mfn,87493,User,2
maddin2016,19551763,User,2
mdaniel,22526,User,2
mfelsche,1152667,User,2
daschl,29086,User,2
speedplane,671052,User,2
schonfeld,130491,User,2
mstockerl,10283674,User,2
kmike,107893,User,2
mallamanis,443771,User,2
charkost,895410,User,2
mpereira,112426,User,2
nickcanz,153020,User,2
nhuray,958983,User,2
nilabhsagar,20436609,User,2
thanodnl,273145,User,2
nirmalc,3236895,User,2
olivere,134848,User,2
pborreli,77759,User,2
pkoenig10,5273164,User,2
nodkz,1946920,User,2
bogensberger,1038966,User,2
radu-gheorghe,1482088,User,2
rwstauner,142719,User,2
robinhughes,1805645,User,2
imacube,7749091,User,2
snuffkin,1450711,User,2
sckott,577668,User,2
smflorentino,3495150,User,2
scottsom,23276852,User,2
geidies,754332,User,2
suyograo,1595958,User,2
sylvinus,410452,User,2
slachiewicz,6705942,User,2
Irvyne,1851751,User,2
tmacam,93761,User,2
dysinger,447,User,2
timschlechter,2721613,User,2
tvernum,2244393,User,2
wbowling,1418260,User,2
YousefED,368857,User,2
AngusDavis,945722,User,2
barsk,621994,User,2
bbgordonn,952080,User,2
belevian,274320,User,2
bndixit,12811582,User,2
caldwecr,5562142,User,2
cmpich,4295385,User,2
corochoone,7943194,User,2
dw,2315,User,2
eratio08,5063643,User,2
gseng,6201111,User,2
iksnalybok,3304227,User,2
kakakakakku,1573290,User,2
kingrhoton,18227764,User,2
mdzor,7092335,User,2
melix,316357,User,2
sabi0,11509875,User,2
simaov,2878846,User,2
socurites,261011,User,2
tristanbob,8879811,User,2
deverton,287143,User,2
winterstein,255664,User,2
anatekar,22387293,User,1
akx,58669,User,1
atdixon,340950,User,1
spiegela,3212,User,1
abdonpijpelink,9715543,User,1
adammenges,817438,User,1
amollenkopf,4580532,User,1
nezirus,2706114,User,1
AdityaJNair,13092045,User,1
akdh,88553,User,1
ASRagab,1041016,User,1
Akshaykapoor,2920022,User,1
hartfordfive,3722736,User,1
A21z,1644168,User,1
PoOoZaQ,7362875,User,1
asjp,10208992,User,1
bumbu,171178,User,1
achow,1609236,User,1
alambert,69652,User,1
a-lattas,9087275,User,1
amarandon,101934,User,1
sk1p,5778,User,1
akahn,26099,User,1
apepper,86275,User,1
seralf,88188,User,1
alibozorgkhan,1771669,User,1
atorres757,1197016,User,1
tmm1,2567,User,1
AnatoliiStepaniuk,11556624,User,1
andreascreten,4200,User,1
agebhar1,2443866,User,1
a-roussos,25583206,User,1
andrewvc,131427,User,1
andrewgross,370118,User,1
aochsner,222713,User,1
greenx,2979727,User,1
aeryaguzov,410611,User,1
gakhov,929775,User,1
AndreKR,1188538,User,1
cavvia,64404,User,1
arey,838318,User,1
antjori,8490141,User,1
gitanupam,10434719,User,1
toadjaune,12686813,User,1
arthurbragaa,595251,User,1
arcz,4679721,User,1
artnowo,551748,User,1
ashrafsarhan,2588256,User,1
abh,16861,User,1
askehansen,895373,User,1
amckinley,54160,User,1
ayumi,521861,User,1
ayushsangani,5571792,User,1
gingerhot,1658618,User,1
BUPTAnderson,13449703,User,1
bt5e,2256898,User,1
Benoss,1436055,User,1
bkw,60910,User,1
niemyjski,1020579,User,1
blakesmith,44368,User,1
bterm,169180,User,1
bfritz,70307,User,1
bradvido,884611,User,1
mrwulf,2494769,User,1
bdargan,424432,User,1
VeggieMeat,1105455,User,1
double73,24813909,User,1
openbl,599260,User,1
bkarlovitz,13155371,User,1
byronvoorbach,4427161,User,1
cubicwork,9900088,User,1
willingc,2680980,User,1
catherinesnow,1418059,User,1
ChelseaLura,6790013,User,1
acdha,46565,User,1
bitemyapp,320177,User,1
cbonoz,2351087,User,1
fritz-c,4413963,User,1
chrisivens,401928,User,1
tebriel,821688,User,1
rodaine,1268580,User,1
simplechris,520892,User,1
netshade,3809,User,1
chaudum,281260,User,1
zeha,26175,User,1
crohling,744041,User,1
taidan19,1542439,User,1
cy,1314446,User,1
christoph-frick,1788100,User,1
webpatser,25720,User,1
sirctseb,51333,User,1
ccmtaylor,425325,User,1
altitude,1770991,User,1
deoxxa,479055,User,1
gphat,45159,User,1
csquire,677724,User,1
oillio,205051,User,1
DanielMuller,1829555,User,1
detouched,1497429,User,1
daniloakamine,537936,User,1
danilovaz,1218337,User,1
chytreg,142751,User,1
mebigfatguy,170161,User,1
