Dmitry-Me,1277095,User,30
Mikkeren,1513410,User,29
emiln,1078925,User,27
joezeng,1137253,User,7
commonquail,603326,User,7
krasa,1160875,User,7
cameronxm,22325204,User,6
bstempi,1283840,User,6
mattn,10111,User,5
freeeve,882560,User,3
voter101,2883685,User,3
askogvold,566364,User,3
alexfernandez,876570,User,2
Sannis,77367,User,2
avl93,3246613,User,2
dimas1,5820618,User,2
stevepeak,2041757,User,2
denmojo,287231,User,1
georgekankava,16732352,User,1
julianwachholz,519966,User,1
kristianperkins,1023780,User,1
DziNeIT,1496060,User,1
PeteOfRepublic,19489080,User,1
ryanhaining,1141593,User,1
deadok22,1259620,User,1
sbeitzel,1561740,User,1
14mRh4X0r,518535,User,1
cmccall,329958,User,1
rheber,7068967,User,1
rr-,1045476,User,1
torazuka,498838,User,1
