oprisnik,2699634,User,230
massimocarli,235695,User,213
tyronen,958570,User,195
kirwan,3764367,User,180
lambdapioneer,908387,User,102
lukkm,780446,User,62
plamenko,3705123,User,61
aagnes,6855858,User,52
foghina,412054,User,44
michalgr,632455,User,37
IanChilds,3882853,User,33
erikandre,4519148,User,21
sblackshear,3513142,User,8
mkonicek,346214,User,7
korDen,432491,User,5
JoelMarcey,3757713,User,5
pasqualeanatriello,432352,User,5
s1rius,3580391,User,4
eldk,11083657,User,4
amirlivneh,724254,User,3
PiotrWpl,1515300,User,3
dcolascione,331322,User,2
gsaraf,5310467,User,2
xiphirx,993832,User,2
bestander,2121048,User,2
nesterov-n,4812960,User,2
robert-wallis,145938,User,2
sriramramani,442420,User,2
WaseemTheDream,2018226,User,2
rigdern,199935,User,1
ahmedre,47771,User,1
andreidiaconu,1402046,User,1
yongjhih,213736,User,1
AndrewJack,798942,User,1
astreet,594924,User,1
rvndbalaji,8604656,User,1
arturhoo,119276,User,1
balazsbalazs,879166,User,1
VEINHORN,3595400,User,1
0mok,644230,User,1
bthood,1911841,User,1
cjhopman,943596,User,1
dsyang,529969,User,1
Daniel15,91933,User,1
illicitonion,1131704,User,1
dalves,478271,User,1
desmond1121,11497762,User,1
dshatrov,404296,User,1
edormanfacebook,10507848,User,1
FrankChung,16792711,User,1
Ribesg,1339686,User,1
aunyks,15711233,User,1
ghassett,478959,User,1
josephlam1984,13739766,User,1
pizza,1456331,User,1
KoMinkyu,4559516,User,1
kukuhyoniatmoko,7775332,User,1
lucas34,7482647,User,1
mburman,525110,User,1
mihaelao,3944214,User,1
nathanma2,8250280,User,1
dozencrows,4528018,User,1
nborodikhin,1527671,User,1
nlutsenko,606991,User,1
pborreli,77759,User,1
peterogithub,8641721,User,1
paour,90963,User,1
Rexee,8672252,User,1
sachins,622499,User,1
sagartrehan,3183438,User,1
droidekas,6491284,User,1
ened,269860,User,1
kunny,1596824,User,1
cosmin1123,1837708,User,1
timwr,684924,User,1
vbauer,578021,User,1
angarron,8857134,User,1
cazador4,867465,User,1
chthai64,16104207,User,1
dmitrychistyakov,2329931,User,1
swankjesse,133019,User,1
szpnygo,3326788,User,1
orenklein,21295634,User,1
sailaway,1886872,User,1
sdqhzhm,2092939,User,1
voiddog,5676706,User,1
froxCZ,3979716,User,1
caojianfeng,11853564,User,1
FtheGFW,8196770,User,1
