jasta,83791,User,259
rickbrew,10873410,User,84
longinoa,3724320,User,51
emilsjolander,1525924,User,13
friederbluemle,743291,User,13
potyl,56197,User,10
sromku,583039,User,8
frett,47818,User,7
felipecsl,190648,User,6
mengdilin,2306593,User,5
ichub,2636237,User,4
jferlisi,63950,User,3
VEINHORN,3595400,User,3
paour,90963,User,3
fourlastor,1263058,User,2
paulirish,39191,User,2
duanbouber,11507690,User,1
chroman,461021,User,1
dougsparling,3143990,User,1
hzsweers,1361086,User,1
JakeWharton,66577,User,1
JoeDailey,3579057,User,1
mc10,1146876,User,1
mariotaku,830358,User,1
matthewmichihara,79073,User,1
mirhoseini,5135535,User,1
colriot,944361,User,1
timdorr,17882,User,1
tyronen,958570,User,1
ypresto,400558,User,1
dezfx,4706469,User,1
swankjesse,133019,User,1
kikuchy,600512,User,1
viviwen123,4272147,User,1
