ojw28,7881572,User,1981
andrewlewis,107897,User,222
AquilesCanta,8539544,User,169
erdemguven,16116340,User,129
cdrolle,990269,User,28
RikHeijdens,7520719,User,25
vigneshvg,9002240,User,17
andudo,8864567,User,15
tresvecesseis,10452415,User,15
jeoliva,7904247,User,14
drhill,878790,User,13
tonihei,26897506,User,8
IanDBird,165482,User,7
martinbonnin,3974977,User,7
gauravmishra,1448938,User,6
Ood-Tsen,7362564,User,6
dessatel,11378662,User,5
talklittle,87961,User,5
devint1,4097541,User,4
koral--,3340954,User,4
ened,269860,User,4
rejasupotaro,883148,User,4
pakerfeldt,195860,User,3
geekygecko,308331,User,3
WeiChungChang,14846473,User,3
twisstosin,12116352,User,3
mofneko,7688185,User,3
cbfiddle,6628505,User,2
EE-GSlomin,17729185,User,2
jonasl,182089,User,2
mine260309,717009,User,2
miquelbeltran,2494376,User,2
Nezz,431167,User,2
rkrishnan2012,1313767,User,2
tylerjroach,634763,User,2
marcbaechinger,584321,User,2
kul3r4,820891,User,2
wuchangchang,17916350,User,2
falhassen,10853912,User,2
meteoorkip,8937903,User,2
wasabeef,1833474,User,2
b95505017,320815,User,2
alexbirkett,530659,User,1
alexandrite,319221,User,1
pipelka,584386,User,1
AOrobator,4106884,User,1
benwilber,165319,User,1
colinrtwhite,5580160,User,1
canatella,42759,User,1
dmveygo,26113603,User,1
danysantiago,1844995,User,1
gpinigin,2851178,User,1
hassanabidpk,554255,User,1
IhorZak,3836359,User,1
sakuna63,2648453,User,1
kellyschrock,3776973,User,1
luoser,4934046,User,1
supercairos,720675,User,1
ryanseys,163873,User,1
kaorimatz,1951519,User,1
purpleblues,1586333,User,1
gitanuj,693092,User,1
T-Pham,1930855,User,1
alex3d,712898,User,1
cushon,478458,User,1
Bastian35022,14124625,User,1
hori-ryota,2936501,User,1
astinus-1,17789191,User,1
RileyA,622643,User,1
sillywab8,5941324,User,1
souji1103,6924293,User,1
vitekn,9378269,User,1
emakar,7767193,User,1
