cpovirk,1703908,User,1189
kluever,2036304,User,499
cgdecker,101568,User,430
lowasser,544569,User,240
Bezier89,6324883,User,220
cgruber,331234,User,167
kevinb9n,934551,User,86
lukesandberg,210140,User,74
gk5885,2279476,User,41
jrtom,11969894,User,33
dimo414,1885701,User,22
ronshapiro,792797,User,21
cushon,478458,User,19
eamonnmcmanus,5246810,User,14
PeteGillinGoogle,7769557,User,14
nymanjens,2151059,User,12
dorireuv,1017142,User,11
kstanger,6548109,User,11
jbduncan,2482228,User,8
sumitbhagwani,995649,User,6
15characterlimi,2462356,User,6
netdpb,4306377,User,5
haxorz,843410,User,5
marceljuenemann,2447596,User,5
nordligulv,610906,User,5
Vladlis,9678372,User,4
eaftan,4733401,User,4
nglorioso,565601,User,4
gkdn,4112632,User,4
sameb,2145042,User,4
shicks,143899,User,4
acr31,1011466,User,3
craigdberry,18039697,User,3
nfelt,710113,User,3
pmarks-net,4578188,User,3
yiuyuho,3433824,User,3
albertogoffi,7849335,User,2
Xaerxess,121382,User,2
joschi,43951,User,2
sebkur,1633488,User,2
erikvanderpoel,342384,User,2
jgiles,904993,User,2
michajlo,455643,User,2
arend-von-reinersdorff,4946561,User,1
bhdrkn,1141102,User,1
ben-manes,378614,User,1
bdworth,13633550,User,1
codylerum,217262,User,1
davidsheldon,37772,User,1
ddebree,396348,User,1
FRedEnergy,8457835,User,1
dlazerka,592184,User,1
leksak,11559809,User,1
freddyboucher,695120,User,1
jct-amzn,23531771,User,1
kartoffelsup,1819197,User,1
kseo,2034762,User,1
maiph,19533051,User,1
manonthemat,5065940,User,1
TheRealHaui,6312834,User,1
mkordas,5467276,User,1
mbarbero,452625,User,1
MohandAndel,2527943,User,1
eljobe,679924,User,1
findepi,144328,User,1
smurphy333,17974150,User,1
hand515,2704276,User,1
harningt,3589,User,1
TimvdLippe,5948271,User,1
vijaykcm,651475,User,1
acdvorak,409245,User,1
awturner,9278052,User,1
brad4d,1115235,User,1
clawr,5894447,User,1
codewiz,1184492,User,1
disc99,5003722,User,1
dankurka,540913,User,1
hagbard,867170,User,1
dborowitz,194927,User,1
dfarrow0,20584512,User,1
dkagedal,60530,User,1
eatnumber1,17551,User,1
elharo,1005544,User,1
iflan,7514156,User,1
goderbauer,1227763,User,1
captain5050,15951310,User,1
jameslyon,20239749,User,1
jart,49262,User,1
wiarlawd,8528546,User,1
mardibiase,5766743,User,1
misterbeegee,5049152,User,1
mmoffitt,1065825,User,1
Dominator008,1403453,User,1
mritche,7833332,User,1
carl-mastrangelo,8943572,User,1
nrook-google,7051448,User,1
vaskevich,1815707,User,1
paulduffin,4938819,User,1
perceptron8,6061749,User,1
lindner,96715,User,1
plumpy,359265,User,1
honkentuber,19861701,User,1
ryankennedy,37302,User,1
ringw,1391644,User,1
rjamet,10632216,User,1
rossjudson,504260,User,1
seabass-google,17713578,User,1
sorensenjs,8582676,User,1
zhangsu,743034,User,1
tomball,2991279,User,1
turbanoff,741251,User,1
vijaykakadiya,2235482,User,1
wodomierz,15085958,User,1
zhouyanggao,20624740,User,1
