PaulRashidi,437242,User,145
freewheelnat,4062052,User,129
tjohns,9989,User,52
nickbutcher,352556,User,48
shailen,170296,User,47
romannurik,100155,User,35
kroikie,2370200,User,29
jfschmakeit,8895424,User,29
yaraki,1237536,User,14
btco,4420556,User,10
mangini,852626,User,10
eyecatchup,845131,User,9
naokigoogle,5133459,User,7
ardock,1142360,User,5
amardeshbd,99822,User,3
rock3r,153802,User,3
wmora,2448046,User,3
AlexJeng,4458931,User,2
MaTriXy,3080139,User,2
AjkP,6978905,User,1
cstew,42011,User,1
daftano,1671122,User,1
jacek-marchwicki,689211,User,1
Lukas-Stuehrk,245433,User,1
minas90,1729739,User,1
eeVoskos,505321,User,1
VipSaran,995948,User,1
doobix,7928977,User,1
WonShaw,2600573,User,1
ph0b,827051,User,1
yelinaung,275120,User,1
amilcar-andrade,802308,User,1
zergtmn,119192,User,1
