iluwatar,582346,User,885
npathai,1792515,User,111
mikulucky,4526195,User,61
fluxw42,1545460,User,58
thomasoss,22516154,User,42
markusmo3,3317416,User,31
inbravo,5253764,User,24
Crossy147,7272996,User,24
joshzambales,8704552,User,23
kemitix,1147749,User,18
genericmethod,4405235,User,18
TylerMcConville,4946449,User,17
colinbut,10725674,User,16
JuhoKang,4745294,User,15
zafarella,660742,User,14
m-ezzat,16510076,User,13
ruslanpa,1503411,User,13
4lexis,19871727,User,13
iamrichardjones,14842151,User,11
gwildor28,16000365,User,11
SrdjanPaunovic,22815104,User,11
mafagafogigante,8271090,User,11
yusufaytas,1049483,User,11
qpi,1001491,User,10
kapinuss,17639945,User,10
ankurkaushal,2236616,User,9
robertt240,9137432,User,9
sideris,5484694,User,9
amit2103,7566692,User,9
trautonen,1641063,User,8
hoswey,3689445,User,8
llitfkitfk,2404785,User,8
qza,233149,User,8
pitsios-s,6773603,User,8
igeligel,12736734,User,7
vehpsr,3133265,User,6
christofferh,767643,User,5
hannespernpeintner,1679437,User,5
leogtzr,1211969,User,5
waisuan,10975700,User,5
Alwayswithme,3234786,User,4
MSaifAsif,6280554,User,4
dmitraver,1798156,User,3
joningiwork,6115148,User,3
Rzeposlaw,18425745,User,3
kirill-vlasov,16112495,User,3
LuigiCortese,9956006,User,3
ytian90,12756582,User,3
alexsomai,5720977,User,2
Amarnath510,4599623,User,2
dmitz,3962723,User,2
Harshrajsinh,22811531,User,2
Valdar-Soft,17962817,User,2
pnowy,3254609,User,2
annemsujan,5688644,User,2
sumityadav6541,13032242,User,2
tomroy,6628057,User,2
dzmitryh,5390492,User,2
mbirkenkamp,11313712,User,2
mortezaadi,1329687,User,2
prafful1,14350274,User,2
protopapa,707181,User,2
intfloat,3329806,User,2
lordmat0,4976353,User,2
slawiko,10272192,User,2
noragami,9654603,User,2
amitbhoraniya,4617600,User,1
mingliangfeng,2775574,User,1
brandon-d-mckay,25052651,User,1
Deses,1654959,User,1
fluency03,7440735,User,1
bellingard,548725,User,1
JaXt0r,1017301,User,1
mattbdean,5074326,User,1
mgalushka,619982,User,1
mkobit,1447148,User,1
muditporwal,9289168,User,1
legka,13992627,User,1
saifulazad,4578058,User,1
simon04,782446,User,1
sunilmogadati,8284672,User,1
gitter-badger,8518239,User,1
VarunVats9,2538815,User,1
azhuzhu,3872006,User,1
neonds,2397243,User,1
tainarareis,4117764,User,1
