JakeWharton,66577,User,1343
chrisbanes,227486,User,21
SimonVT,549365,User,15
Vandalko,1898060,User,7
googolmo,470128,User,5
zhen9ao,703196,User,5
gabrielittner,1358105,User,4
scottkennedy,881690,User,3
casidiablo,144458,User,3
yanchenko,783598,User,2
ChrisSmith,680966,User,2
mernen,6412,User,2
Digipom,2005192,User,2
jgilfelt,175697,User,2
mrenouf,52987,User,2
matthewmichihara,79073,User,2
xperimental,125773,User,2
UweTrottmann,888674,User,2
veeti,124223,User,2
zachlipton,918245,User,2
alexander-mironov,1929058,User,2
olekp,1716144,User,1
CoatedMoose,713361,User,1
avram,224208,User,1
ChristianBecker,1763815,User,1
orrc,138615,User,1
imminent,833939,User,1
wuman,247559,User,1
scompt,277576,User,1
felixb,192135,User,1
franklinharper,445126,User,1
iontech,2011105,User,1
PR3x,692983,User,1
ksperling,794414,User,1
kevinsawicki,671378,User,1
wellsie1116,427117,User,1
aectann,371907,User,1
loganj,18877,User,1
mkonecny,813453,User,1
2m,422086,User,1
mattkranzler5,401535,User,1
appamatto,95459,User,1
hameno,365084,User,1
pierrre,131535,User,1
cuu508,661859,User,1
tarkeshwar,667641,User,1
androidmoney,1687707,User,1
gentlecat,460525,User,1
arusahni,139487,User,1
bbcallen,835728,User,1
hahnjo,1613332,User,1
nacitar,1252549,User,1
wlowe,351134,User,1
