JakeWharton,66577,User,584
jaredsburrows,1739848,User,13
ChristianBecker,1763815,User,12
imminent,833939,User,10
kageiit,291148,User,7
tomxor,1352945,User,6
JayNewstrom,713288,User,4
vanniktech,5759366,User,4
hzsweers,1361086,User,4
alexnixon,121612,User,2
Bananeweizen,406876,User,2
ersin-ertan,4809853,User,2
felipecsl,190648,User,2
holmes,59162,User,2
lukaciko,3155827,User,2
MichaelEvans,1211302,User,2
f2prateek,843979,User,2
nguyentruongtho,1457567,User,2
wuseal,9211902,User,2
lexs,191973,User,1
AndrewKochura,5936429,User,1
aried3r,1301152,User,1
arjan,24722,User,1
artem-zinnatullin,967132,User,1
BraisGabin,721244,User,1
nikitin-da,7294857,User,1
egor-n,378493,User,1
emilsjolander,1525924,User,1
farzanegan,1160251,User,1
Pitel,113248,User,1
jrodbx,1868149,User,1
jonreeve,1180469,User,1
kbsriram,1495065,User,1
kevinmost,3058312,User,1
TheFinestArtist,3123741,User,1
madisp,1147723,User,1
brainail,941942,User,1
aurae,3897705,User,1
mnonnenmacher,2741977,User,1
esteluk,219826,User,1
ngsilverman,1723212,User,1
NikoYuwono,1751188,User,1
Orbar,5354131,User,1
pyricau,557033,User,1
black-snow,579733,User,1
bryant1410,3905501,User,1
solcott,547325,User,1
tonsV2,46254,User,1
SimonVT,549365,User,1
realdeadfish,208234,User,1
tonycosentini,23467,User,1
VEINHORN,3595400,User,1
veerenmandalia,14988305,User,1
xirt4m,12171187,User,1
naturalwarren,1113225,User,1
willgryan,8594969,User,1
frankiesardo,1476561,User,1
ligi,111600,User,1
swanson,56947,User,1
mlc,1211,User,1
sindyoke,805711,User,1
yaming116,2171071,User,1
ytRino,1487505,User,1
yyaammaa,767859,User,1
