udalov,292714,User,3719
valentinkip,3007027,User,2962
abreslav,888318,User,2858
pTalanov,442640,User,2629
goodwinnk,908958,User,2404
asedunov,2734357,User,2010
yole,46553,User,1838
ilya-g,4257577,User,1417
dzharkov,863207,User,1397
svtk,1447386,User,1273
NataliaUkhorskaya,968879,User,1259
mglukhikh,1127631,User,1231
max-kammerer,1205032,User,1226
dnpetrov,544563,User,919
stepancheg,28969,User,853
alexey-tsvetkov,654232,User,846
yanex,95996,User,821
bashor,485321,User,808
konsoletyper,5521903,User,685
jstrachan,30140,User,650
alextkachman,181448,User,624
erokhins,1935285,User,615
ligee,329565,User,426
zarechenskiy,3757088,User,215
cy6erGn0m,762598,User,213
ignatov,426890,User,204
shafirov,121982,User,183
shalupov,1244223,User,165
orangy,616841,User,164
semoro,1918780,User,134
develar,350686,User,113
cypressious,1191816,User,90
univerio,1037172,User,75
mutcianm,1345782,User,73
4u7,2778283,User,72
nskvortsov,539027,User,70
evgeny-goldin,117124,User,66
anton-bannykh,1115872,User,60
lopekpl,3184741,User,54
h0tk3y,1888526,User,54
shiraji,3675458,User,49
ChShersh,4276606,User,42
Frostman,134872,User,33
nd,38202,User,32
Alefas,94064,User,31
developwebsite,24310462,User,25
t-kameyama,1121855,User,23
crazyproger,360080,User,21
sapal,3184249,User,20
chashnikov,978014,User,20
maxmanuylov,1440368,User,18
zgrannan,1141948,User,17
snrostov,2010355,User,16
baratynskiy,14249891,User,16
detouched,1497429,User,14
elizarov,478679,User,14
ezhaka,978295,User,14
Stebalien,310393,User,12
sashakir,4244832,User,11
sergeyQx,419195,User,11
dezgeg,579369,User,11
ponomandr,1173842,User,10
chirino,103255,User,10
SvyatoslavScherbina,22007028,User,10
fitermay,9850165,User,10
zolotov,140920,User,9
Hilzu,969840,User,9
dmekhanikov,2530542,User,8
pechlambda,706503,User,8
RossHanson,1097234,User,8
lina2002,3181306,User,7
homuroll,11329620,User,7
ilmat192,7298542,User,7
kareez,521174,User,7
voddan,5666566,User,7
neworld,38703,User,6
kfc35,1429658,User,6
qwwdfsad,2780116,User,6
sayon,2575074,User,6
franckrasolo,94347,User,5
jrenner,1393288,User,5
nbilyk,589193,User,5
Wampie,1231920,User,4
ilya-klyuchnikov,273180,User,4
geralt-encore,1260752,User,4
K0zka,3160079,User,4
kuity,3043153,User,4
prybin,577481,User,4
Dimach,1918858,User,4
eterverda,410419,User,3
geevee,145855,User,3
JakeWharton,66577,User,3
petertseng,346181,User,3
kharvd,466920,User,3
vasily-kirichenko,873919,User,3
gavinkeusch,6087642,User,3
takahirom,1386930,User,3
amal,423417,User,2
christian-laakmann,379279,User,2
ikegam,9870,User,2
JLLeitschuh,1323708,User,2
manas-chaudhari,4344796,User,2
martinlau,103081,User,2
MichaelNedzelsky,4004176,User,2
mithunsasidharan,1067818,User,2
tomhal,720560,User,2
ensirius,29861653,User,2
yarulan,17928463,User,2
saltnlight5,280250,User,2
abesto,59982,User,2
chocolateboy,31533,User,2
hansenji,5604897,User,2
olegkunov,1488213,User,2
apatrida,182340,User,2
ajalt,1109214,User,1
xpoft,1384114,User,1
artem-zinnatullin,967132,User,1
cbruegg,175421,User,1
chris-horner,1245751,User,1
calexHG,17525307,User,1
drothmaler,129952,User,1
DanielThomas,1479220,User,1
alexanderdr,6620559,User,1
rusmonster,1186549,User,1
flire,2495367,User,1
borgesgabriel,4276766,User,1
gzoritchak,1110254,User,1
Hozum,435310,User,1
Spasi,1545420,User,1
isakkarlsson,167128,User,1
jsyeo,1090020,User,1
jdkaplan,3269483,User,1
karol-depka,958486,User,1
KevinGreene,320528,User,1
Knize,9881948,User,1
bulenkov,4202603,User,1
Ladicek,480590,User,1
langara,324320,User,1
ae6rt,392176,User,1
akkatracker,2032746,User,1
tryge,106314,User,1
Miha-x64,14016119,User,1
mortonfox,495892,User,1
nphumbert,8948906,User,1
NitroG42,1549495,User,1
pebrc,697790,User,1
codecop,830028,User,1
notpeter,145113,User,1
marschall,471021,User,1
rafacm,340450,User,1
ReadmeCritic,15367484,User,1
RodrigoQuesadaDev,5355932,User,1
ronshapiro,792797,User,1
SanketDG,8980971,User,1
sreich,1508497,User,1
stkent,6463980,User,1
ntaro,885672,User,1
NeQuissimus,628342,User,1
vedun-z,1244051,User,1
sigito,1129082,User,1
Pozo,194902,User,1
belovrv,7994178,User,1
igorini,23338697,User,1
imknown,5681447,User,1
kisenka,2714771,User,1
lalyos,464122,User,1
spikefu,71828,User,1
khud,2196015,User,1
xiexed,5621892,User,1
lukaszwojtow,7825540,User,1
