jfeinstein10,1269143,User,85
donnfelker,91827,User,11
hwrdprkns,120890,User,10
chrisjenx,1167793,User,7
CmoaToto,2572941,User,3
Arne517,1201495,User,2
DDRBoxman,207897,User,2
linuxmotion,490928,User,2
liruqi,244492,User,2
aiwilliams,2571,User,1
atermenji,1188140,User,1
ConAntonakos,1504302,User,1
JoshSGman,5226301,User,1
iPaulPro,354227,User,1
RockoDev,1805221,User,1
robUx4,657717,User,1
yccheok,308276,User,1
alfthomas,606341,User,1
huahang,351370,User,1
matthewlim,555963,User,1
michaelcspeed,4272338,User,1
