NathanSweet,434010,User,2449
badlogic,514052,User,1918
xoppa,2349087,User,1060
MobiDevelop,1095464,User,711
Tom-Ski,4346114,User,338
davebaol,2366334,User,185
acoppes,591852,User,121
jrenner,1393288,User,109
johnnyapol,5902494,User,94
nooone,5896510,User,90
hneuer,1545118,User,81
code-disaster,4644167,User,78
saltares,570314,User,74
realitix,6367936,User,65
semtiko,496349,User,63
noblemaster,2363626,User,50
manuelbua,819314,User,45
intrigus,10353467,User,41
ttencate,90930,User,40
cypherdare,1843131,User,40
robertmassaioli,149178,User,33
stbachmann,1745239,User,32
vbousquet,2796036,User,32
kotcrab,4594081,User,30
Darkyenus,5280068,User,27
vmilea,278476,User,25
anserran,1515738,User,24
moly,184491,User,21
lordjone,6410722,User,20
blackbluegl,2989196,User,19
tavomaciel,1661000,User,18
VinceAngel,3493075,User,18
jwisniewski,3899440,User,17
JesseTG,1175189,User,16
bitiotic,3292475,User,16
lioncash,712067,User,14
Zomby2D,5513720,User,14
mrgame64,5879873,User,13
ntherning,135765,User,13
veger,171827,User,12
alex55i,3694019,User,12
GreenLightning,1459067,User,11
jtakakura,640587,User,11
jsjolund,174467,User,10
ollipekka,203520,User,10
rolandvigh,18005418,User,10
barkholt,16083107,User,9
BlueRiverInteractive,5451631,User,9
czyzby,11707612,User,9
antag99,7714919,User,9
sluglit,4399117,User,8
bacca87,6023494,User,8
TomGrill,9935213,User,8
avianey,1625652,User,8
aspic,788059,User,8
florianf,396450,User,7
JonECG,5000135,User,7
Robbiedobbie,4340484,User,7
tamdinh,2469248,User,7
tommycli,157358,User,7
seroperson,3791221,User,7
tmclif,2135612,User,7
xYaW,1942149,User,7
rinold,2253795,User,7
broken-e,2888439,User,7
Danny02,722582,User,6
florianbaethge,5558920,User,6
jamiltron,374204,User,6
dieend,1404443,User,6
g-pechorin,956075,User,6
TheInventionist,2940009,User,6
jberberick,1994382,User,6
xpenatan,6472084,User,6
SG57,4238696,User,6
Lestat,4444557,User,6
junkdog,804039,User,5
talklittle,87961,User,5
sinistersnare,2153833,User,5
Doccrazy,5091018,User,5
gjroelofs,398630,User,5
UprightPath,6393271,User,5
jjurach,1076637,User,5
jericbryledy,4703120,User,5
Kerai,5302664,User,5
kreymerman,2137163,User,5
mallamanis,443771,User,5
Ncl8,409828,User,5
OlegTheCat,1105265,User,5
Thotep,2419317,User,5
sarkanyi,1218556,User,5
greek1979,6195437,User,5
tescott,2178386,User,5
AldousP,9387019,User,5
bornskilled200,2602658,User,5
FredGithub,1611174,User,5
Rosthouse,3259696,User,5
namrog84,1614040,User,4
metaphore,6159734,User,4
AurelienRibon,1777005,User,4
dylanetaft,4467742,User,4
fwolff,527445,User,4
JFixby,1580663,User,4
kushsharma,3647166,User,4
voidburn,1438321,User,4
samskivert,196340,User,4
pedronveloso,416941,User,4
pkamenarsky,1443550,User,4
MadcowD,719535,User,4
frustaci,2227895,User,4
hyvas,2769000,User,4
karan1213,5412693,User,4
karlstrings,6596294,User,4
mikemee,550990,User,4
azakhary,2115888,User,4
indiumindeed,2879645,User,4
flawyte,1585006,User,4
dermetfan,4956158,User,4
3xp0n3nt,1281275,User,4
guillaume-alvarez,7364145,User,4
liliomk,1080033,User,4
titovmaxim,1524918,User,4
guoguo12,1940729,User,3
kichik,1156773,User,3
collinsmith,4914327,User,3
CreamyCookie,3063858,User,3
CwaniAK,1612265,User,3
piotr-j,2499728,User,3
Fr0sk,5650342,User,3
haedri,1549712,User,3
htynkn,659135,User,3
kerberjg,16939117,User,3
jonascarpay,3593851,User,3
JonasDann,3090315,User,3
JoJpeg,9414172,User,3
ksclarke,106238,User,3
mattbdean,5074326,User,3
mpr90,1548943,User,3
psiegel,2452274,User,3
Regiden,1666633,User,3
coverslide,416432,User,3
stefanhaustein,4282319,User,3
sehugg,84127,User,3
fivevsthree,3931598,User,3
UgoRaffaele,1210314,User,3
WillemMali,4689687,User,3
wmora,2448046,User,3
Yonsh,3953982,User,3
ayberkozgur,1974284,User,3
dphang,3221524,User,3
kilida,17075998,User,3
lefay1982,5716884,User,3
mattdesl,1383811,User,3
nfantone,476069,User,3
obigu,1794492,User,3
olmartinATexpedia,13677646,User,3
serpent7776,3284364,User,3
surya89,6997128,User,3
alexander-mironov,1929058,User,3
andgeno,2432608,User,3
BuddyB,2473955,User,3
jksiezni,5984059,User,3
johlo,890327,User,3
xSke,16242158,User,3
aegamesi,552502,User,3
mgsx-dev,8074238,User,3
bangles,1914592,User,2
alex-dorokhov,788340,User,2
amcolash,8282413,User,2
apotapov,131698,User,2
aginiewicz,141273,User,2
Arcnor,28616,User,2
antionio,1909565,User,2
HedgehogCode,6631116,User,2
witnessmenow,1562562,User,2
baptr,1522777,User,2
burakkurkcu,5931039,User,2
ClaasJG,5501081,User,2
CypherEA,10416581,User,2
ddpwnage,10794181,User,2
dackerman,30749,User,2
dimsuz,42920,User,2
dounan,1095431,User,2
ictrobot,3834887,User,2
GerritK,1891558,User,2
henu,3167494,User,2
JarmoKukkola,17123332,User,2
purelogiq,7828780,User,2
Gaibhne,24731712,User,2
karl-run,1507032,User,2
btd-f-lago,6994255,User,2
manuel-freire,2271676,User,2
mbrlabs,8750135,User,2
Jadems,4105125,User,2
ngdelamo,4471465,User,2
Opotech,3305650,User,2
pferreir,2699,User,2
RenrokB,2769172,User,2
RotaruDan,5658058,User,2
shasait,2214159,User,2
viridia,1166135,User,2
tjunnone,923483,User,2
tuslatom,5530407,User,2
tube42,1971317,User,2
JavadocMD,6167443,User,2
wiverson,873850,User,2
xranby,1233011,User,2
xiaochuanyu,1718745,User,2
acr21,2885554,User,2
newtzgames,2800708,User,2
cwjenkins,1335199,User,2
cortobass,5509329,User,2
david99world,1357675,User,2
mithril-claw,1992384,User,2
felipefcm,7122990,User,2
fogone,998781,User,2
josephknight,121225,User,2
dajos7,6862356,User,2
newmanne,1175060,User,2
niyaro,4030770,User,2
oakes,216147,User,2
oddlydrawn,3712667,User,2
bladecoder,6229260,User,2
sridharsundaram,200954,User,2
zeromancer,4752111,User,2
Flet,360233,User,2
Getterac7,3600185,User,2
skunktrading,6710255,User,2
Mikeywalsh,8602405,User,2
4gFizzBuzz,6144205,User,1
stevensona,431691,User,1
advayDev1,11729521,User,1
AlbertoCejas,4955150,User,1
alexcrist,11337548,User,1
WinterGuardian,8527540,User,1
alessiocali,7502952,User,1
av-elier,3632999,User,1
prophile,35525,User,1
anael-seghezzi,5167079,User,1
andresaraujo,2661696,User,1
athenacadence,21048928,User,1
bhamodi,7663987,User,1
bartolkaruza,1605731,User,1
benjamin-heasly,1950775,User,1
BenMcLean,1747250,User,1
Ranzdo,1057291,User,1
Bolt-Head,19981350,User,1
clebs,1059661,User,1
bgroenks96,841306,User,1
bryanwagner,4308569,User,1
byron-conroy,9834063,User,1
charactory,29691,User,1
C-Alexander,847406,User,1
floralvikings,2981766,User,1
ideasman42,1869379,User,1
ChetRippo,1483832,User,1
ccbrown,1731074,User,1
andzdroid,525795,User,1
CoderBaron,20406457,User,1
cdomville,1194767,User,1
Damnae,1622683,User,1
danirod,1568690,User,1
danielheim,3598949,User,1
domsu,4222441,User,1
Lemmmy,858456,User,1
ericnondahl,1621682,User,1
flaiker,5270359,User,1
Frotty,1486037,User,1
FyiurAmron,11016998,User,1
garsue,814284,User,1
Konijnendijk,5391162,User,1
Gekk0r,7045394,User,1
Lamabada,5111635,User,1
Radnap,4049590,User,1
Guy-kun,1477129,User,1
hjanetzek,1747,User,1
Herjanz,3253205,User,1
IonAgorria,1096830,User,1
ip,1111008,User,1
CompuIves,587016,User,1
Juude,2675838,User,1
duriej,8235184,User,1
jpilfold,7389241,User,1
StrongJoshua,6654606,User,1
jallen720,11153264,User,1
JoelFilho,3315319,User,1
pharan,1911082,User,1
JohnLambe,3781850,User,1
JackSullivan,674325,User,1
jaxrtech,1095869,User,1
Hulzenga,4464825,User,1
julienvillegas,12996613,User,1
justinbowes,35697,User,1
Kjos,6412041,User,1
NTARelix,1240214,User,1
KyuBlade,7126657,User,1
Lemoncog,1854981,User,1
aphex-,1402364,User,1
malobre,1368457,User,1
sonirico,9306588,User,1
xXMarkuski,3299429,User,1
psde,186267,User,1
maximiliancsuk,3506131,User,1
mbforbes,1170062,User,1
michalboska,7025930,User,1
mickmuzac,1824241,User,1
Microbius,566803,User,1
mikijov,1459154,User,1
zeladada,7935434,User,1
lolnate,746166,User,1
NateAustin,6526816,User,1
nbadal,394812,User,1
NICooper,17492809,User,1
NilsFagerburg,6000481,User,1
NimbusBP1729,2457956,User,1
Pahasz,5950525,User,1
volley-se,5891974,User,1
Phibedy,1841954,User,1
Maescool,197110,User,1
Psyfire,4589436,User,1
RUSshy,18348637,User,1
rafaskb,2331058,User,1
rdamiano,2300869,User,1
regnarock,4267223,User,1
rcdvl,343967,User,1
pennypop-android,11318267,User,1
stickyd,1387845,User,1
cloudydev,845194,User,1
rgarat,488894,User,1
SaeedMasoumi,6934577,User,1
saschagehlich,119684,User,1
likeanowl,10586429,User,1
sreich,1508497,User,1
snordgren,15676565,User,1
Caresilabs,2615228,User,1
SpexGuy,2281818,User,1
QiXi,1622824,User,1
Tekkerue,10715911,User,1
tentone,9158354,User,1
TomSmeets,6740669,User,1
schleinzer,3717927,User,1
tdionizio,13252863,User,1
TimeToPlay,4012124,User,1
Turbo87,141300,User,1
loadstar81,725137,User,1
tbveralrud,1694668,User,1
Trurl101,1546629,User,1
vanlim,2288421,User,1
Vazkii,1794735,User,1
haxpor,673757,User,1
WillCalderwood,6973062,User,1
WilliamHayward,13954460,User,1
zbarnett,4530237,User,1
afomins,7146780,User,1
alek-sandr,4676696,User,1
andrejp88,7419746,User,1
apautrot,4578723,User,1
based2,601854,User,1
olibye,264912,User,1
caniep,2878850,User,1
caryoscelus,1758893,User,1
cjuillard,2320281,User,1
creativitRy,3344728,User,1
dario111cro,1379734,User,1
didum,5704525,User,1
eggheadgames,1059024,User,1
aisouard,1811939,User,1
firefly2442,531175,User,1
ifcaro,398133,User,1
jameslfc19,2249693,User,1
jampot5000,932691,User,1
jeremygillespiecloutier,22174095,User,1
k00p,6538605,User,1
kevglass,3787210,User,1
lagebr,14178318,User,1
lclement57,10388564,User,1
leeho0108,10900736,User,1
madpew,527850,User,1
mbazos,1580583,User,1
mdsimmo,6169305,User,1
