smarek,384824,User,456
loopj,104009,User,125
fineswap,3791064,User,73
sweetlilmre,152217,User,24
xAnubiSx,315429,User,12
zxw1962,1560302,User,7
rustybox,2056399,User,7
scottanderson,662325,User,6
condda,4544242,User,4
jlopez,64746,User,4
coreform,349139,User,4
clayallsopp,153704,User,3
ldiqual,941453,User,3
liangxiaofei1100,3401967,User,2
apersaud,127068,User,2
beartung,129518,User,2
cbliu,270127,User,2
montdidier,1673628,User,2
EugenePogrebnoy,430187,User,2
grumoon,3120262,User,2
krschultz,6264,User,2
AndroidMarv,3783977,User,2
mkuprionis,254352,User,2
saurabytes,1922590,User,2
cherez,792372,User,2
sayadyan,2221381,User,2
geminiwen,1413056,User,2
ebuildy,1219817,User,2
lucamac,3789335,User,2
alain57,316413,User,1
alashow,5840013,User,1
khomenko,638968,User,1
ankushsachdeva,1755087,User,1
avram,224208,User,1
bitdeli-chef,3092978,User,1
chengc03,652290,User,1
zhangchaoxu,2672164,User,1
sillydong,1894696,User,1
crino,224396,User,1
OnlyInAmerica,458510,User,1
davidwen,1238665,User,1
erikghonyan,1503303,User,1
felipesabino,700480,User,1
f-barth,2833600,User,1
gdaniels,45807,User,1
hamedh,16157,User,1
my519820363,1789647,User,1
jjwchoy,735213,User,1
braebot,3358986,User,1
fixedd,13170,User,1
jlsuttles,95995,User,1
juangomezc,7404925,User,1
jvergeldedios,505744,User,1
krishnakumarp,1849485,User,1
lelemm,15043428,User,1
nullEuro,2165291,User,1
mdelaneyaz,1815188,User,1
mikejohnstn,515035,User,1
rishabhmhjn,1336602,User,1
MasterXval,1426513,User,1
ScottFrank,1444245,User,1
Shalzz,3907269,User,1
tompesman,116475,User,1
vieux,1032519,User,1
vinc3m1,498852,User,1
dvdrlee,1951755,User,1
dupengtao,3929814,User,1
gaobq,2870006,User,1
zuoa,1201244,User,1
kimiyash,276311,User,1
realxu,1110032,User,1
superdry,535590,User,1
wada811,1378923,User,1
whitequark,54771,User,1
