mikepenz,1476232,User,1613
spbisya,13161250,User,6
alorma,887462,User,5
caipivara,76348,User,5
wKovacs64,1288694,User,5
timoschwarzer,8849554,User,5
GreaseMonk,1354802,User,4
herau,2950666,User,3
bharatraichur,8191063,User,3
davidcesarino,1624159,User,3
tajchert,2962633,User,3
NateShoffner,1712163,User,3
wimbervoets,3189013,User,3
zsmb13,12054216,User,3
meness,7955356,User,2
talklittle,87961,User,2
danielocampo2,7469647,User,2
darvid7,11433468,User,2
FWest98,1918658,User,2
IgorGanapolsky,201209,User,2
vanniktech,5759366,User,2
chteuchteu,1551971,User,2
rocboronat,456499,User,2
davcpas1234,3764587,User,2
gpulido,1540727,User,2
ontherunvaro,8677743,User,2
auchri,5092164,User,2
fttx,5663423,User,1
adamgrieger,9660282,User,1
adithya321,3854934,User,1
postacik,3977227,User,1
AngleV,7430985,User,1
ANPez,380056,User,1
amoizard,29795269,User,1
chris54721,3685659,User,1
schaal,1056362,User,1
edesdan,5745049,User,1
debo1994,16916934,User,1
intari,131208,User,1
DominikAngerer,7952803,User,1
edvaldeysteinsson,608698,User,1
eginhard,5216613,User,1
vandyshev,4127205,User,1
FlorentAnders,6442140,User,1
fdorssers,5364280,User,1
FriesischScott,6382176,User,1
papageorgiouk,11551584,User,1
tilal6991,679100,User,1
mddanishansari,11080523,User,1
marcogenovese,27960197,User,1
msneujink,9695536,User,1
kiwiandroiddev,5158190,User,1
intrications,1798519,User,1
gmikhail,4838367,User,1
dasmikko,4254869,User,1
mpost,73655,User,1
icoolguy1995,5654672,User,1
mychaelgo,4651658,User,1
Rexee,8672252,User,1
Fuhrmann,1160365,User,1
androideveloper,1249919,User,1
roshakorost,2326845,User,1
rubenmayayo,5132765,User,1
RumataEstorish,7760631,User,1
Ks89,6057207,User,1
srodenberg,2380639,User,1
gitter-badger,8518239,User,1
yunarta,8254829,User,1
FabianTerhorst,3597376,User,1
fmeneuhe,8604933,User,1
jeshurun,1282613,User,1
nicolausYes,865548,User,1
sashatinkoff,1849084,User,1
yoavst,3912269,User,1
