nathanmarz,131416,User,1271
anfeng,2708344,User,87
xumingming,379733,User,59
ptgoetz,260896,User,40
d2r,905298,User,34
schleyfox,4259,User,15
ankitoshniwal,3344813,User,14
revans2,3441321,User,13
Frostman,134872,User,13
tomjack,13118,User,9
strongh,147630,User,8
xiaokang,680838,User,8
ept,27544,User,7
sjoerdmulder,235745,User,7
haitaoyao,566300,User,7
jaked,56439,User,4
gsilk,732858,User,3
sorenmacbeth,130043,User,3
killme2008,14142,User,3
brndnmtthws,3129093,User,2
danharvey,249298,User,2
KasperMadsen,1511051,User,2
git2samus,146392,User,2
rnfein,174240,User,2
sritchie,69635,User,2
vinodc,616742,User,2
smelody,1012058,User,2
Lazyshot,729910,User,2
kachayev,485647,User,1
miofthena,24657,User,1
ddutta,877050,User,1
hellp,32779,User,1
gabrielgrant,493968,User,1
jasonjckn,550839,User,1
tjun,270291,User,1
kb,6320,User,1
knusbaum,1819836,User,1
lorcan,401983,User,1
twpayne,6942,User,1
trevorsummerssmith,923724,User,1
ashleywbrown,1194135,User,1
danehammer,1444435,User,1
engineerdev,435350,User,1
minghan,529425,User,1
okapies,657642,User,1
