mattrjacobs,205579,User,1061
benjchristensen,813492,User,519
dmgcodevil,1413873,User,99
quidryan,360255,User,52
mebigfatguy,170161,User,13
daveray,51405,User,12
caarlos0,245435,User,9
agentgt,567706,User,8
fkjellberg,1991279,User,8
neerajrj,3136835,User,8
robertroeser,11323054,User,8
rspieldenner,782102,User,7
chrisgray,1031436,User,6
michaelcowan,5904178,User,5
nurkiewicz,164045,User,5
ahus1,3957921,User,4
bltb,825803,User,4
gdenning,964823,User,4
zsoltm,707038,User,4
cplee,2239057,User,3
SiIrving,7974687,User,3
anuragw,17554313,User,3
tine2k,1391197,User,3
opuneet,2856701,User,3
atoulme,16758,User,2
sawano,724479,User,2
eunmin,1837478,User,2
jboyd01,4184708,User,2
kennedyoliveira,7723330,User,2
kevinvandervlist,833325,User,2
KoltonAndrus,5360751,User,2
monkey-mas,5261677,User,2
ruhkopf,558375,User,2
dinedal,606028,User,2
Psynbiotik,3616596,User,2
sasrin,9708004,User,2
wlsc,1244792,User,2
daniilguit,231284,User,2
tootedom,211070,User,2
eirslett,1872593,User,2
fcalderonnearsoft,17256207,User,2
lasselasse,37585,User,2
ptab,516602,User,2
fhopeman,2686442,User,2
LuboVarga,17848321,User,2
tanob,5013,User,1
gagoman,1894766,User,1
AndreasKl,1105899,User,1
bramp,160627,User,1
aspyker,260750,User,1
BGehrels,1008320,User,1
thesmith,27687,User,1
UnquietCode,146995,User,1
wblakecaldwell,327741,User,1
C-Otto,344948,User,1
schmitch,1641401,User,1
csabapalfi,181959,User,1
dmuino,101209,User,1
davidkarlsen,18299,User,1
jack-kerouac,1331981,User,1
gerrit-hntschl,544241,User,1
jbojar,855348,User,1
beckje01,232059,User,1
jeremybull,231186,User,1
Randgalt,264818,User,1
josephwilk,9792,User,1
joshmoore,88113,User,1
jmirc,50304,User,1
kmkr,242216,User,1
yanglifan,11075372,User,1
lholmquist,1037138,User,1
ManishMaheshwari,1227565,User,1
manuelbernhardt,459669,User,1
szpak,148013,User,1
velo,136590,User,1
mwhipple,957536,User,1
mkavanagh,2299086,User,1
starlight36,1694921,User,1
axiak,110029,User,1
michele-mancioppi,23720698,User,1
jewzaam,480388,User,1
piperchester,1530684,User,1
rocketraman,53049,User,1
ricardoletgo,22148155,User,1
crimeminister,29072,User,1
sps,18499,User,1
spencergibb,594085,User,1
tbak,728768,User,1
vstepchik,2264737,User,1
Thunderforge,6200170,User,1
yanwork,1057784,User,1
dysmento,9027674,User,1
akarnokd,1269832,User,1
killme2008,14142,User,1
dpaferov,9693388,User,1
exys666,941497,User,1
krrrr38,915731,User,1
mhawthorne,690586,User,1
mrhooray,2237317,User,1
nyango,3069291,User,1
pequnio3,1223946,User,1
rikdpp,4930716,User,1
ianynchen,3954920,User,1
