trustin,173918,User,4135
normanmaurer,439362,User,2365
Scottmitch,7562868,User,420
fredericBregier,477131,User,83
jestan,739450,User,72
veebs,367073,User,71
nmittler,6493296,User,63
windie,4434300,User,41
buchgr,1388179,User,41
fenik17,20779569,User,30
idelpivnitskiy,3968288,User,26
danbev,432351,User,24
doom369,1536494,User,24
daschl,29086,User,24
slandelle,849197,User,24
CruzBishop,639417,User,24
jasontedor,4744941,User,22
motlin,244258,User,21
lw346,1682001,User,17
carl-mastrangelo,8943572,User,12
ejona86,2811396,User,12
louiscryan,9046588,User,11
alepar,235553,User,10
CodingFabian,176132,User,9
Matthias247,6330334,User,9
ifesdjeen,12669,User,9
Andrei-Pozolotin,1622151,User,9
andytaylor,752050,User,8
Spikhalskiy,532108,User,8
johnou,323497,User,8
leogomes,84847,User,8
mosesn,156562,User,7
ngocdaothanh,10095,User,7
jamel,117298,User,7
jfallows,2099911,User,6
jongyeol,23586,User,6
vkostyukov,1098539,User,6
varming,2847419,User,5
d-t-w,2832467,User,5
evnm,110020,User,5
vietj,225674,User,5
chhsiao90,10794200,User,5
jchambers,31352,User,5
lime62,1748568,User,5
guidomedina,1789197,User,4
merlimat,62500,User,4
infynyxx,40234,User,4
dantran,705836,User,4
iainmcgin,309153,User,4
hepin1989,501740,User,4
louxiu,925154,User,4
ursaj,3481450,User,4
zcourts,692396,User,4
jiafu1115,5654180,User,4
sunng87,221942,User,4
aaronriekenberg,991901,User,3
bryce-anderson,2948506,User,3
hyangtack,8417787,User,3
mcobrien,128154,User,3
tbrooks8,862472,User,3
alexlehm,156144,User,3
fengjiachun,3860496,User,3
kxbmap,409709,User,3
radai-rosenblatt,1042632,User,3
Apache9,4958168,User,3
ddossot,119028,User,3
NiteshKant,820005,User,3
ysammy,925677,User,3
tbcs,1509229,User,3
earthling,747660,User,3
Alwayswithme,3234786,User,2
waywardmonkeys,178582,User,2
otoolec,1630589,User,2
casidiablo,144458,User,2
siteware,242948,User,2
dduyoung,240068,User,2
TcLjmt,6686512,User,2
palmerabollo,673420,User,2
ibahdanau,26827106,User,2
jabley,16205,User,2
jasobrown,1398849,User,2
heinousjay,1009206,User,2
jedesah,1780116,User,2
sprsquish,206,User,2
monkey-mas,5261677,User,2
mkw,451208,User,2
mheath,9087,User,2
goaway,585080,User,2
mcaserta,91727,User,2
nhnFreespirit,241549,User,2
pavanka,5722064,User,2
serioussam,931957,User,2
sunrenjie,2578274,User,2
naude-r,1931708,User,2
gamlerhart,201876,User,2
syucream,191684,User,2
zsxwing,1000778,User,2
skyao,1582369,User,2
zpencer,2819812,User,2
slachiewicz,6705942,User,2
tomer,50206,User,2
violetagg,696661,User,2
develar,350686,User,2
vschafer,1320076,User,2
profer,899756,User,2
alainw,1951960,User,2
fratboy,349984,User,2
izstas,436789,User,2
kennylbj,6435874,User,2
liuzhengyang,7070174,User,2
isdom,2010691,User,2
radimch,531751,User,2
zhen9ao,703196,User,2
zhoucen,3734307,User,2
fbarberamzn,8750994,User,2
tea-dragon,2219887,User,2
tjake,44456,User,2
jroper,105833,User,2
Karry,309458,User,2
zhihuij,883232,User,2
Adam-,309739,User,1
adamv,3566,User,1
asajim,25775543,User,1
adriancole,64215,User,1
adrianluisgonzalez,1521539,User,1
xhumanoid,646993,User,1
technocoreai,206269,User,1
kichik,1156773,User,1
golovnin,1384195,User,1
andrewcox,1720094,User,1
andrewmccall,85874,User,1
wilkinsona,914682,User,1
anuraaga,198344,User,1
eun-ice,17766811,User,1
ming13,200401,User,1
ymnk,24110,User,1
benevans,443101,User,1
tsuna,128281,User,1
boazavital,90740,User,1
bfritz,70307,User,1
blucas,1743698,User,1
harbulot,80994,User,1
cgbystrom,39149,User,1
cconroy,3344240,User,1
m0wfo,9886,User,1
chrisprobst,976784,User,1
cdancy,7871459,User,1
ChuntaoLu,5065819,User,1
clebertsuconic,750514,User,1
u2032,8464769,User,1
darabos,1268018,User,1
danielnorberg,393289,User,1
dschobel,58369,User,1
boldt,750793,User,1
derbylock,8512589,User,1
dhanaraj0,1426626,User,1
echarles,226720,User,1
ichaki5748,1524220,User,1
ferrybig,1576684,User,1
flozano,1159291,User,1
frouleau,8104870,User,1
ktonga,1324947,User,1
s-gheldd,10121608,User,1
g-eorge,440006,User,1
czzhi,1426704,User,1
notz,697251,User,1
grahamedgecombe,231932,User,1
gdgib-bina,17131486,User,1
gsoltis,418301,User,1
herberteuler,1401179,User,1
Hanson1129,4310631,User,1
JackOfMostTrades,1009310,User,1
eincs,1712410,User,1
yuzawa-san,1082334,User,1
reines,349402,User,1
jakubjanecek,901231,User,1
JatinderSingh,1743078,User,1
beckje01,232059,User,1
jeff303,3521562,User,1
ctron,202474,User,1
jkeys089,1695857,User,1
xkr47,1488474,User,1
yawkat,2395297,User,1
j3h,200659,User,1
jwils,656696,User,1
justinsb,100893,User,1
kevinoliver,347229,User,1
kiril-me,1607432,User,1
zhangkun83,9053690,User,1
lukaszx0,11562,User,1
ldaley,17825,User,1
lukehutch,811305,User,1
mahdix,9294049,User,1
maliqq,29834,User,1
mcraveiro,180654,User,1
marekjelen,156068,User,1
mkrueger92,7305571,User,1
mleventi,16961,User,1
matzew,157646,User,1
lowka,375515,User,1
mrb-twx,14061408,User,1
mhgrove,178622,User,1
MiddleBen,6505190,User,1
kerumai,1029838,User,1
JungMinu,5035902,User,1
mousom,2389115,User,1
obergner,58751,User,1
olix0r,240738,User,1
opinali,3017776,User,1
Sammers21,16746106,User,1
schulzp,11048,User,1
philbaxter,7878404,User,1
pdalpra,1514127,User,1
RobertBorg,1288566,User,1
robertpanzer,1163662,User,1
robinst,16778,User,1
RoganDawes,159883,User,1
Rogiel,755798,User,1
rtimush,831307,User,1
ruslansennov,1582377,User,1
rshelley,495438,User,1
planerist,213089,User,1
silvaran,436957,User,1
sskachkov,5385731,User,1
sbtourist,103671,User,1
SinaTadayon,13288884,User,1
MediumOne,12625980,User,1
smaldini,76718,User,1
snicoll,490484,User,1
TheCycoONE,823433,User,1
sbcd90,617607,User,1
timboudreau,1901175,User,1
tomasol,492226,User,1
TonyRice,1211376,User,1
travishaagen,4029798,User,1
stIncMale,6304193,User,1
victornoel,160975,User,1
grgvineet,6297036,User,1
Gordiychuk,10699594,User,1
wg,94529,User,1
WillemJiang,219644,User,1
wouterhund,976667,User,1
xsir,1182445,User,1
yetisno,1824214,User,1
yschimke,231923,User,1
artgon,918430,User,1
andsel,1038545,User,1
bk1te,1233456,User,1
cmcmaugh,1773330,User,1
cnapagoda,5191315,User,1
coltnz,99617,User,1
eantaev,466074,User,1
floragunncom,11678154,User,1
garretwu,841331,User,1
sammychen105,10752975,User,1
houdejun214,3813881,User,1
irelandKen,2049898,User,1
joymufeng,2126539,User,1
swankjesse,133019,User,1
kashike,5474071,User,1
knoyrok,22708119,User,1
ericbbcc,3231042,User,1
mariusae,32104,User,1
MartyIX,203266,User,1
md-5,1007849,User,1
milenkovicm,956287,User,1
nibin,519723,User,1
nitsanw,2692655,User,1
olim7t,259423,User,1
pfisterer,302635,User,1
pieteradejong,1856262,User,1
plucury,159480,User,1
ppatierno,5842311,User,1
qiaodaimadelaowang,22536400,User,1
rdhabalia,2898254,User,1
shreyharia,1267746,User,1
tonyshenkk,5182654,User,1
tsingxu,1390445,User,1
yaroot,42634,User,1
mulinnuha,12130499,User,1
xmxsuperstar,980224,User,1
