nickbutcher,352556,User,302
amilcar-andrade,802308,User,10
mattprecious,333672,User,3
jonathan-caryl,2290987,User,2
eneim,1776230,User,2
romannurik,100155,User,2
alexjlockwood,1380747,User,1
andreban,1733592,User,1
andremion,12762356,User,1
gabrielittner,1358105,User,1
gokhanbarisaker,914990,User,1
sockeqwe,583598,User,1
jbaginski,201855,User,1
JediBurrell,9306469,User,1
wasdennnoch,10065021,User,1
piotrek1543,11292212,User,1
prempalsingh,9432975,User,1
ravikumar-n,250998,User,1
thomaspaulmann,12066405,User,1
konifar,1269214,User,1
ogapants,11440952,User,1
marcinkunert,2963232,User,1
start141,6055764,User,1
takahirom,1386930,User,1
utsavoza,13735475,User,1
