nostra13,1223348,User,953
vivekkiran,5557539,User,17
johanols,738622,User,6
googolmo,470128,User,5
mente,391997,User,2
xiphirx,993832,User,2
mrleolink,991367,User,2
Qualtagh,9422761,User,2
ncoolz,3197984,User,2
fatkun,226237,User,2
mkhan07,7643538,User,2
aporat,415576,User,1
aiurlano,353288,User,1
yanchenko,783598,User,1
akurni,1082715,User,1
talklittle,87961,User,1
chrisjenx,1167793,User,1
mvdan,3576549,User,1
ericeche,4226151,User,1
LukeStClair,1281464,User,1
paulvi,1614482,User,1
Ray-Ni,4618833,User,1
benelog,910151,User,1
sherifelkhatib,971350,User,1
sangkwon,2689564,User,1
johnjohndoe,144518,User,1
Chogos,5013687,User,1
Vitaly-Olshevsky,1244275,User,1
carlonzo,2102422,User,1
jitpack-io,11161622,User,1
lolevsky,4951086,User,1
ligi,111600,User,1
mlc,1211,User,1
stormzhang,2267900,User,1
wangwang4git,2929001,User,1
