PhilJay,6759734,User,1440
danielgindi,366926,User,291
tonypatino-monoclesociety,13628883,User,26
ph1lb4,6817230,User,14
wajdichamakhi,4020238,User,8
AngelOfMors,13793037,User,4
dexterbg,2706753,User,4
mesropd,8722637,User,4
jitpack-io,11161622,User,3
robertschmid,1617276,User,3
thadeubatista,10009422,User,3
redwarp,1741661,User,2
CTNCardoso,431215,User,2
cdeange,3208823,User,2
almilli,7537226,User,2
emmaguy,1143801,User,2
farfromrefug,655344,User,2
mikemonteith,227467,User,2
aint,3179252,User,2
patrick-iv,1384547,User,2
invalid-email-address,148100,User,2
CoryCharlton,10094287,User,2
SilverFoxA,6983070,User,1
adric,1448796,User,1
Evisceration,2779871,User,1
itvdonsk,3325618,User,1
anant-dev,13196029,User,1
ulcica,3826065,User,1
barnhill,3878158,User,1
NasaGeek,474937,User,1
dakotasanchez,6089474,User,1
Doddophonique,11172422,User,1
yocaba,4586094,User,1
Ewg777,4364379,User,1
gburca,359995,User,1
monotonique,5253741,User,1
Pitel,113248,User,1
dodocat,2086714,User,1
joshfriend,885137,User,1
KonstantinSchubert,1711464,User,1
leoMehlig,9119485,User,1
LiJohnson,2616788,User,1
maheshgaya,11140545,User,1
relair,13729116,User,1
mikedream89,11469375,User,1
matiash,357354,User,1
fmt-Println-MKO,4195507,User,1
MPieter,5703745,User,1
pingany,1259095,User,1
Praveen2106,8241455,User,1
androideveloper,1249919,User,1
romangromov,1655573,User,1
vicktor,382114,User,1
vbauer,578021,User,1
wching,6641413,User,1
xizzhu,563223,User,1
nielsz,105541,User,1
