kevinsawicki,671378,User,1992
Meisolsson,3757908,User,214
fadils,6204776,User,199
rtyley,52038,User,140
hzsweers,1361086,User,95
larsgrefer,6069961,User,83
atermenji,1188140,User,67
veyndan,6900601,User,51
jonan,1110193,User,29
StefMa,10229883,User,22
jojosch,327488,User,21
wubin28,3380498,User,18
Adman,865063,User,12
justinmuller,258634,User,10
crazymaster,1528093,User,9
rk4an,322320,User,8
xen0n,1175567,User,7
XhmikosR,349621,User,7
gustavobite,1097753,User,5
joaocsousa,1117022,User,5
jmchuma,273500,User,5
Bananeweizen,406876,User,5
Dajo90,6544585,User,4
EzraBrooks,1959658,User,4
vovayatsyuk,306080,User,4
aandis,4983347,User,4
kubaspatny,6375298,User,4
equalsdanny,1928726,User,3
karllindmark,979152,User,3
hkliya,735708,User,3
markzhai,1106500,User,3
Chiara-De-Liberato,2227780,User,3
lacrosse,2676594,User,2
danielferecatu,10303486,User,2
geeteshk,8271476,User,2
HunkD,3632276,User,2
JavaCakess,4682771,User,2
kostaskoukouvis,14778599,User,2
Kernald,296840,User,2
Parker8283,5672271,User,2
Blei,52674,User,2
chteuchteu,1551971,User,2
rodrigoargumedo,7613139,User,2
sigee,6528240,User,2
TheMolkaPL,4578571,User,2
TomasValenta,4901251,User,2
Xyaren,5864045,User,2
anirudh-mehta,4177515,User,2
minsOne,4429361,User,2
tiago-fonseca-da-silva,6186087,User,2
char16t,5310476,User,1
kappa7194,1249988,User,1
lexs,191973,User,1
AmauryEsparza,1747694,User,1
anupcowkur,1691740,User,1
arthurzam,1664927,User,1
gutobenn,607762,User,1
iambmelt,990063,User,1
imcaspar,1015922,User,1
condda,4544242,User,1
davidarnarsson,371932,User,1
feliperuhland,1179500,User,1
francisrath,197670,User,1
gjtorikian,64050,User,1
guhemama,1319184,User,1
gyszalai,1856456,User,1
hidroh,1978015,User,1
HLandstrom,2023552,User,1
HolgerJeromin,2410353,User,1
peff,45925,User,1
joelchen,6938607,User,1
maltzj,1245354,User,1
kaloyan-raev,468091,User,1
codebykat,52152,User,1
krishnakumarp,1849485,User,1
leereilly,121322,User,1
frankFic,3822220,User,1
vikev,1381659,User,1
babineaum,9685860,User,1
MaximLoguncov,3838734,User,1
mortonfox,495892,User,1
adammunoz,1261683,User,1
INGBI,1502342,User,1
ozandeniz,4047369,User,1
pavlospt,1070871,User,1
pfn,512197,User,1
PetiPandaRou,323248,User,1
dobau,126471,User,1
ricciardelli,691508,User,1
robertboloc,507871,User,1
anemator,220029,User,1
Scoutman,1726423,User,1
semihyagcioglu,2097684,User,1
sbennett18,1417401,User,1
gautsson,6088657,User,1
TrevorBasinger,639117,User,1
Unpublished,4938650,User,1
VladRassokhin,552079,User,1
Yuliya-Kaleda,10750398,User,1
yuvalabou,3170485,User,1
bazilio91,380542,User,1
grivos,3115882,User,1
jzzhen,2298222,User,1
kmav,3893463,User,1
liveasx,5513843,User,1
vampelf,1669968,User,1
Chaoba,8577318,User,1
nordberg,3635062,User,1
oneill,516991,User,1
ozlemkiziltug,9059996,User,1
phstudy,2286805,User,1
RamolaWeb,12547818,User,1
wbmrcb,2141905,User,1
weitsai,1283491,User,1
