benjchristensen,813492,User,2019
akarnokd,1269832,User,956
zsxwing,1000778,User,295
DavidMGross,4491168,User,187
samuelgruetter,2394355,User,167
jmhofer,130957,User,146
AppliedDuality,3971612,User,108
davidmoten,318187,User,100
mairbek,549048,User,77
JakeWharton,66577,User,72
vanniktech,5759366,User,67
quidryan,360255,User,49
mattrjacobs,205579,User,47
mttkay,102802,User,42
daveray,51405,User,40
abersnaze,406038,User,23
michaeldejong,794529,User,21
MarioAriasC,4005377,User,17
jbripley,39431,User,16
johngmyers,1760720,User,16
pron,1273445,User,16
johnhmarks,1358210,User,13
abliss,215283,User,11
gliptak,50109,User,11
jnlopar,1297988,User,11
billyy,3268652,User,10
jloisel,3208716,User,9
artem-zinnatullin,967132,User,8
ragalie,19682,User,8
prabirshrestha,287744,User,8
landonf,18884,User,6
jcacciatore,417961,User,6
dpsm,42935,User,5
jschneider,45393,User,5
daschl,29086,User,5
petermd,1470002,User,5
thegeez,503956,User,5
Acardiac,6412527,User,4
jacek-marchwicki,689211,User,4
Mauin,6169809,User,4
neerajrj,3136835,User,4
rspieldenner,782102,User,4
nullstyle,366,User,4
simonbasle,6986166,User,4
devisnik,1219911,User,4
hzsweers,1361086,User,4
Yarikx,184247,User,4
stevegury,376195,User,4
GeorgiKhomeriki,3199233,User,3
ggikko,9915862,User,3
ansman,102883,User,3
ronshapiro,792797,User,3
tomrozb,4646706,User,3
vadims,140439,User,3
VictorAlbertos,2614726,User,3
headinthebox,1073054,User,3
suncelesta,3384412,User,3
vigdorchik,707755,User,3
nsk-mironov,750374,User,3
matgabriel,6783734,User,3
DmitriyZaitsev,2178331,User,2
srvaroa,346110,User,2
Treora,4191409,User,2
gvsmirnov,1493464,User,2
myfreeweb,208340,User,2
johanhaleby,187029,User,2
leonardortlima,6715387,User,2
loganj,18877,User,2
pwittchen,695319,User,2
reactivexadmin,8496555,User,2
rickbw,6218498,User,2
samueltardieu,44656,User,2
everpeace,608782,User,2
SleimanJneidi,2910665,User,2
sopel,545193,User,2
ikesyo,909674,User,2
TimvdLippe,5948271,User,2
veyndan,6900601,User,2
zsiegel,304495,User,2
ashleyj,2102570,User,2
jraska,6277721,User,2
ylecaillez,1265146,User,2
adi1133,1521321,User,1
qwert2603,10666225,User,1
amazari,417666,User,1
ming13,200401,User,1
avram,224208,User,1
bcorne,8577305,User,1
bloderxd,11695175,User,1
bobvanderlinden,6375609,User,1
dalewking,346062,User,1
brucezz,15318754,User,1
cypressf,443397,User,1
ddeaguiar,5809,User,1
davgross,5952946,User,1
dimitar-asenov,1152976,User,1
duncani,688725,User,1
DDesideria,725008,User,1
Ganapathi004,10571964,User,1
hmrm,1593612,User,1
hvesalai,861035,User,1
hkurokawa,6446183,User,1
jaceklaskowski,62313,User,1
jacek-rzrz,10931771,User,1
jalandip,8422256,User,1
jbarr21,3178606,User,1
jtulach,1842422,User,1
wehjin,92849,User,1
jemaystermind,4848376,User,1
gengjiawen,3759816,User,1
Jawnnypoo,1459320,User,1
jparise,10311,User,1
Randgalt,264818,User,1
kirkshoop,982716,User,1
kojilin,863983,User,1
tilal6991,679100,User,1
loganlinn,207988,User,1
ldaley,17825,User,1
mg6maciej,1316369,User,1
ImangazalievM,15188126,User,1
langara,324320,User,1
MarkVanDerVoort,1939867,User,1
EmteZogaf,1272656,User,1
matthewmichihara,79073,User,1
mibac138,5672750,User,1
mkobit,1447148,User,1
mithunsasidharan,1067818,User,1
nmorioka,730921,User,1
NorthNick,1299353,User,1
passsy,1096485,User,1
plackemacher,1130517,User,1
paulblessing,2530991,User,1
PaulWoitaschek,743462,User,1
peter-tackage,1025059,User,1
pyrtsa,212795,User,1
ragunathjawahar,1141970,User,1
roman-mazur,307707,User,1
iSDP,6475387,User,1
sadegh,657684,User,1
zsavely,5822417,User,1
SeanPONeil,486201,User,1
serj-lotutovici,1552206,User,1
spodila,6413812,User,1
hotchemi,471318,User,1
soulkeykim,345432,User,1
Sroka,2983710,User,1
Stephan202,513280,User,1
stevepeak,2041757,User,1
sergiomarquesmoura,6534384,User,1
tnine,249532,User,1
tonycosentini,23467,User,1
VeskoI,4089934,User,1
ypresto,400558,User,1
rzsombor,1446651,User,1
adam-arold,1253248,User,1
alexandre-dubois,1461886,User,1
brad-uk,2276679,User,1
dmgd,183554,User,1
falcon71,3109174,User,1
gaemi,4934986,User,1
garethbowles,1441647,User,1
hura,671872,User,1
josephwilk,9792,User,1
mlc,1211,User,1
nathankooij,23452451,User,1
nitsanw,2692655,User,1
nj4x,2019243,User,1
smartbeng,22091836,User,1
tbcs,1509229,User,1
y-p,1820866,User,1
youngam,9135237,User,1
