JakeWharton,66577,User,176
mttkay,102802,User,69
benjchristensen,813492,User,34
dlew,514850,User,28
omo,20232,User,13
ronshapiro,792797,User,9
vanniktech,5759366,User,9
dpsm,42935,User,8
kboyarshinov,1917615,User,7
Yarikx,184247,User,6
nsk-mironov,750374,User,4
EddieRingle,32543,User,3
xfumihiro,12194969,User,3
hamidp,308864,User,3
quidryan,360255,User,3
akarnokd,1269832,User,3
artem-zinnatullin,967132,User,2
austynmahoney,1133292,User,2
wuman,247559,User,2
friederbluemle,743291,User,2
manijshrestha,440234,User,2
PaulWoitaschek,743462,User,2
hzsweers,1361086,User,2
zsxwing,1000778,User,2
egor-n,378493,User,2
Kusand,573270,User,2
Acardiac,6412527,User,1
amincheloh,1217397,User,1
aried3r,1301152,User,1
Dorvaryn,610924,User,1
greg7gkb,290993,User,1
gliptak,50109,User,1
jdreesen,424602,User,1
jameswald,875535,User,1
wehjin,92849,User,1
mattrjacobs,205579,User,1
digitalbuddha,4528092,User,1
peter-tackage,1025059,User,1
pt2121,616399,User,1
f2prateek,843979,User,1
samueltardieu,44656,User,1
shaunkawano,920911,User,1
dagezi,47011,User,1
johnjohndoe,144518,User,1
viniciussoares,12788847,User,1
devisnik,1219911,User,1
aaronhe42,641157,User,1
homer-jay,5468827,User,1
jmhofer,130957,User,1
mTwTm,6755074,User,1
