cmelchior,406066,User,1325
emanuelez,473050,User,810
beeender,449296,User,760
kneth,1225363,User,749
bmunkholm,1215687,User,679
zaki50,406660,User,442
nmihajlovski,1658876,User,341
realm-ci,7657856,User,282
kspangsege,180705,User,249
nhachicha,1793238,User,195
dalinaum,145585,User,152
hovoere,4368455,User,126
benjaminprakash88,8693019,User,116
LarsFrid,8300124,User,56
stk1m1,16395854,User,44
bmeike,277848,User,30
timanglade,9924,User,18
donnfelker,91827,User,16
tgoyne,408944,User,16
bjchrist,70653,User,14
alazier,250144,User,11
cypressious,1191816,User,9
yoshyosh,775056,User,7
alebsack,137382,User,6
maxfurman,6634694,User,6
jpsim,474794,User,5
leonardoxh,1267788,User,4
CDRussell,1336281,User,4
skyisle,71561,User,3
bkromhout,4447359,User,3
caipivara,76348,User,3
danielpovlsen,77737,User,3
PavelSynek,11048800,User,3
abennsir,18702649,User,3
kishikawakatsumi,40610,User,3
thesurix,16985323,User,3
aviwarner,6796301,User,2
kboyarshinov,1917615,User,2
larsgrefer,6069961,User,2
chibatching,7804631,User,2
Halyna,902019,User,2
tebica,1404067,User,2
marukami,1644094,User,2
svetlyak40wt,24827,User,1
anas-ambri,1691388,User,1
erichkleung,1387762,User,1
micronax,1337823,User,1
rmekdma,11677992,User,1
JcMinarro,4047514,User,1
Jawnnypoo,1459320,User,1
kayvannj,2337268,User,1
LateralKevin,14988991,User,1
corbt,176426,User,1
maciejwitowski,3134766,User,1
mettke,15814071,User,1
bdash,54825,User,1
Fuhrmann,1160365,User,1
devholic,6194958,User,1
darkares2,1648523,User,1
vbauer,578021,User,1
diegomontoya,417764,User,1
yuuki1224,1756640,User,1
horie1024,1620566,User,1
ZherebtsovAlexandr,3095952,User,1
octarino,22935424,User,1
rlwaldrop,3790399,User,1
y-yagi,987638,User,1
daimajia,2503423,User,1
