wilkinsona,914682,User,3708
philwebb,519772,User,2904
snicoll,490484,User,2863
dsyer,124075,User,1648
izeye,1059363,User,216
mbhave,1761408,User,175
cdupuis,206707,User,127
eddumelendez,1810547,User,81
vpavic,1149230,User,76
bclozel,103264,User,71
spring-buildmaster,1134463,User,63
garyrussell,483832,User,30
kazuki43zoo,5616270,User,24
rwinch,362503,User,23
gregturn,311040,User,22
olivergierke,128577,User,22
artembilan,1071590,User,19
htynkn,659135,User,17
mbenson,487462,User,15
isopov,462800,User,15
michael-simons,526383,User,13
mp911de,1035015,User,12
sdeleuze,141109,User,12
BigMichi1,91786,User,10
tsachev,142505,User,10
maciejwalkowiak,1357927,User,9
dreis2211,6304496,User,9
shakuzen,8924140,User,9
liujiong1982,7462724,User,8
royclarkson,20805,User,8
Shredder121,4105066,User,7
venilnoronha,1722758,User,7
joshiste,8779225,User,7
johnktims,65892,User,7
candrews,194713,User,6
emacampolo,1101540,User,6
ericdahl,4712580,User,6
joshlong,54473,User,6
joshthornhill,11985007,User,6
marceloverdijk,197004,User,6
mdeinum,606761,User,6
oscr,1570691,User,6
rajadileepkolli,5047901,User,6
bijukunjummen,390605,User,6
rajadilipkolli,24761580,User,6
zhanhb,6323014,User,6
nebhale,60754,User,6
hekonsek,822903,User,5
jvalkeal,50398,User,5
jadekler,3584893,User,5
lucassaldanha,1766440,User,5
kryger,1566028,User,5
Dichotomia,5593198,User,5
matsev,234505,User,5
drumonii,3681440,User,5
herau,2950666,User,5
anandshah123,2705430,User,4
hengyunabc,1683936,User,4
jxblum,5247119,User,4
mmoayyed,1205228,User,4
Stummi,2583254,User,4
andypiper,552452,User,3
akonczak,1786346,User,3
qerub,636,User,3
ewolff,529318,User,3
ericbottard,313494,User,3
fabriziocucci,8156463,User,3
gytis,196395,User,3
jkubrynski,794206,User,3
kdvolder,1002156,User,3
persapiens,261952,User,3
mkopylec,11982847,User,3
martinlippert,107705,User,3
tan9,638068,User,3
veryangryant,157940,User,3
rob-baily,8356916,User,3
uvpoblotzki,112644,User,3
arghya88,6818500,User,3
ggerard,679277,User,3
christophstrobl,2317257,User,3
szpak,148013,User,3
making,106908,User,3
d10xa,10722234,User,3
adambro,649233,User,2
akihyro,7358375,User,2
AlexFalappa,1875690,User,2
aahlenst,198908,User,2
Quantas,1270482,User,2
ihrigb,3423161,User,2
brettwooldridge,1538661,User,2
cbeams,301810,User,2
christoph-frick,1788100,User,2
chrylis,2394512,User,2
linead,194961,User,2
dfa1,5798698,User,2
domix,21805,User,2
graemerocher,66626,User,2
henrikerola,884655,User,2
jhrishikesh,1982287,User,2
fireshort,3040091,User,2
kamilszymanski,3243993,User,2
kdombeck,1714978,User,2
kirill-vlasov,16112495,User,2
lhotari,66864,User,2
alvarezmario,834969,User,2
mbogoevici,159684,User,2
mikfreedman,1176640,User,2
nvoxland,438312,User,2
56quarters,1127373,User,2
helpermethod,1562019,User,2
ramnivas,137002,User,2
scottfrederick,60661,User,2
stephane-deraco,1025340,User,2
twicksell,301239,User,2
Riggs333,787481,User,2
thombergs,1363578,User,2
tomaslin,74310,User,2
tjf,133022,User,2
VasylTretiakov,3999712,User,2
arthur-noseda,24794929,User,2
bep,394382,User,2
hoserdude,746667,User,2
dubu,2464016,User,2
nitram509,1189394,User,2
sebastiankirsch,1285210,User,2
madorb,823868,User,2
dgomesbr,433971,User,2
ilayaperumalg,151690,User,2
mxab,1607547,User,2
walterjs,7666714,User,2
asarkar,1302775,User,1
adriancole,64215,User,1
adrianpillinger,535597,User,1
alebar,1387361,User,1
aantono,22290,User,1
panchenko,440271,User,1
agrueneberg,527708,User,1
aheusingfeld,534272,User,1
alexandertokarev,10973319,User,1
torakiki,3884479,User,1
AndreasKl,1105899,User,1
akhikhl,4534412,User,1
aclement,226298,User,1
ArloL,195367,User,1
gavlyukovskiy,15277543,User,1
kaliy,756639,User,1
arturmkrtchyan,601646,User,1
axelfontaine,684824,User,1
blagerweij,2910084,User,1
bendh,5381915,User,1
britter,1327662,User,1
bohuslav-burghardt,6019875,User,1
brendankirby,3248787,User,1
spilth,13157,User,1
bedge,499317,User,1
xenoterracide,5517,User,1
caseyscarborough,3237612,User,1
chadluo,3235854,User,1
chanwit,10666,User,1
chaodhib,6612710,User,1
charlie-harvey,1242531,User,1
chelseatroy,5744164,User,1
chris-bailey,6155365,User,1
csavory,2187083,User,1
chrisjs,539358,User,1
lathspell,603223,User,1
koopsc,20813198,User,1
ColinHarrington,61847,User,1
craigburke,793574,User,1
habuma,167926,User,1
cristiangreco,316923,User,1
dstine,634688,User,1
dling,541984,User,1
DanielThomas,1479220,User,1
dturanski,886859,User,1
davinkevin,1970922,User,1
g00glen00b,4865705,User,1
dustinschultz,1161240,User,1
zeldan,8355979,User,1
ultraq,1686920,User,1
espiegelberg,2649592,User,1
fabriciocolombo,842859,User,1
rotilho,950510,User,1
fegalo,5670825,User,1
galderz,50187,User,1
gauravbrills,364907,User,1
sailorgeoffrey,117215,User,1
gerjantd,1206974,User,1
gillarramendi,503110,User,1
gdpotter,364612,User,1
PostalBear,10079765,User,1
mrduguo,370188,User,1
ceefour,24123,User,1
boostrack,7299740,User,1
icha024,1731854,User,1
stepio,5202414,User,1
ilopmar,559192,User,1
jackstevenson,7378117,User,1
jacob-swanson,721505,User,1
jebeaudet,3722096,User,1
jmnarloch,1581045,User,1
JamieFarrelly,12645106,User,1
jangalinski,814032,User,1
jgayoso,3855256,User,1
jayarampradhan,2883420,User,1
jeroenheijmans,1590536,User,1
jloisel,3208716,User,1
joaoevangelista,5256711,User,1
jkutner,1589,User,1
166MMX,322554,User,1
jotomo,1732305,User,1
jonbe242,359849,User,1
jlong-pivotal,5489399,User,1
jdubois,316835,User,1
julien-may,4319662,User,1
justingarrick,714181,User,1
kamwo,854608,User,1
karolrynio,586536,User,1
ksperling,794414,User,1
gavvvr,1719646,User,1
andersonkyle,7154425,User,1
larsgrefer,6069961,User,1
lcardito,5428750,User,1
luispollo,1323478,User,1
lukashinsch,6161017,User,1
mkanev,1626567,User,1
marcingrzejszczak,3297437,User,1
maust,7556728,User,1
marc0der,144390,User,1
MarkIngramTrafigura,10268977,User,1
martinlau,103081,User,1
metcox,1324569,User,1
mouellet,6408576,User,1
mmacaulay,56595,User,1
mafr,197857,User,1
mouminoux,676024,User,1
hexelon,1055785,User,1
mat013,12953497,User,1
meowy,1369222,User,1
jexp,67427,User,1
mkw,451208,User,1
daschl,29086,User,1
mvitz,563587,User,1
michitomo,456182,User,1
mihhail-lapushkin,2752700,User,1
mikegehard,128210,User,1
youngm,438661,User,1
gazal-k,8210299,User,1
neiljain,1669532,User,1
magiccrafter,1208518,User,1
NersesAM,1935500,User,1
nicholashagen,623413,User,1
nicklasholm,1647519,User,1
nicoglp,1688882,User,1
breun,102921,User,1
odin-delrio,9112748,User,1
akaGelo,1370173,User,1
okohub,4178365,User,1
ptamarit,2046893,User,1
pradtke,932934,User,1
plesiecki,770675,User,1
pscosta,3649563,User,1
kuhnroyal,1260818,User,1
szantopeter,69414,User,1
parker0phil,434412,User,1
phillipjohnson,1959996,User,1
phillipuniverse,684275,User,1
Loki-Afro,4738445,User,1
plamentotev,12773485,User,1
psinghcredify,22459228,User,1
Qkyrie,2153990,User,1
radeshrao,1417267,User,1
rafael-rollo,13206745,User,1
ralscha,372512,User,1
rtack,5379,User,1
raphinesse,1006620,User,1
RemonSinnema,3496035,User,1
richardcssantana,29285784,User,1
robfletcher,95210,User,1
rpozarickij,1958718,User,1
thorntonrp,4071143,User,1
rweisleder,1654369,User,1
rstoyanchev,401908,User,1
ethanrubinson,5170747,User,1
Russell-Allen,5134288,User,1
sotuzun,335067,User,1
sbrannen,104798,User,1
slaskawi,8417158,User,1
bsideup,1050762,User,1
kuptservol,5114047,User,1
spauk,16967291,User,1
ShawnTuatara,326589,User,1
emalock3,4936401,User,1
shubham391,8007928,User,1
sbuettner,1607241,User,1
sjoerdmulder,235745,User,1
SolaKun,3632663,User,1
spencergibb,594085,User,1
StevenGeens,4822317,User,1
sslavic,176382,User,1
stephlag,1696639,User,1
Nowheresly,916109,User,1
ttddyy,459116,User,1
tbadie,1281881,User,1
raehalme,3288306,User,1
trecloux,111842,User,1
TimmyStorms,2527050,User,1
gesellix,432791,User,1
bsodzik,1439356,User,1
uweschaefer,546815,User,1
wwadge,152416,User,1
strattonw,664174,User,1
yogeshlonkar,10169201,User,1
ZakarFin,2210335,User,1
ZhijunZhao,6251704,User,1
altfatterz,1025546,User,1
ajayk,1015125,User,1
awgtek,4248975,User,1
ivan-yin,459216,User,1
boriswaguia,1632187,User,1
bquintanaj,5670316,User,1
stringy05,6992320,User,1
bstick12,1146861,User,1
ceilfors,1336981,User,1
cemo,44156,User,1
checketts,416063,User,1
cjstehno,183338,User,1
creactiviti,3052806,User,1
cornelcreanga,1181071,User,1
david-noel,595391,User,1
DylianBEGO,5576875,User,1
ddbullfrog,8954314,User,1
ddebree,396348,User,1
poznachowski,1326077,User,1
ractive,783861,User,1
josefhernandez,12999452,User,1
jnizet,1608223,User,1
johnou,323497,User,1
joschs,6746925,User,1
juzer,666211,User,1
jvmlet,6664858,User,1
kakawait,275609,User,1
kylinsoong,1314027,User,1
lecaros,796697,User,1
lexandro,146177,User,1
mackeprm,10158210,User,1
matzschmanski,3313785,User,1
Kwaq,2842124,User,1
mrumpf,1191530,User,1
nagarajasr,7237012,User,1
lejeunen,1515528,User,1
obourgain,975826,User,1
olamy,19728,User,1
pasali,630249,User,1
pauldub,1413158,User,1
r11runner,8597439,User,1
sangwook,123514,User,1
satamas,5521317,User,1
shanman190,1707798,User,1
tfeiner,3070512,User,1
tinexw,7386945,User,1
yinheli,235094,User,1
jrrickard,1725016,User,1
nysd,958174,User,1
bohrqiu,1333657,User,1
