jhoeller,1263688,User,4640
rstoyanchev,401908,User,2348
sbrannen,104798,User,1756
cbeams,301810,User,1049
poutsma,330665,User,1011
snicoll,490484,User,559
philwebb,519772,User,500
sdeleuze,141109,User,464
bclozel,103264,User,379
aclement,226298,User,253
trisberg,78614,User,158
smaldini,76718,User,103
dsyer,124075,User,96
markfisher,140784,User,72
rwinch,362503,User,72
nebhale,60754,User,48
violetagg,696661,User,42
spring-buildmaster,1134463,User,36
wilkinsona,914682,User,36
olivergierke,128577,User,35
ramnivas,137002,User,25
cdupuis,206707,User,24
kazuki43zoo,5616270,User,21
marschall,471021,User,21
tekul,191720,User,16
sslavic,176382,User,16
jeremyg484,386978,User,15
nkjackzhang,2102078,User,14
garyrussell,483832,User,11
izeye,1059363,User,9
diguage,2121467,User,8
dreis2211,6304496,User,7
beamerblvd,2373900,User,7
candrews,194713,User,5
dmak,366965,User,5
mdeinum,606761,User,5
neetkee,7801927,User,4
bijukunjummen,390605,User,4
carsonmcdonald,76552,User,4
kamilszymanski,3243993,User,4
fisache,15536270,User,4
soldierkam,774583,User,4
stonio,19952825,User,4
royclarkson,20805,User,4
Youmoo,2532886,User,4
EzequielB,2707745,User,3
KingBuzzer,546041,User,3
Xaerxess,121382,User,3
jmnarloch,1581045,User,3
mhawrylczak,705315,User,3
mp911de,1035015,User,3
mikesir87,746837,User,3
QBNemo,23292215,User,3
venilnoronha,1722758,User,3
gregturn,311040,User,3
kosmaty,2435979,User,3
michael-simons,526383,User,3
aemruli,326488,User,2
aantono,22290,User,2
panchenko,440271,User,2
AlexYursha,4990557,User,2
acogoluegnes,514737,User,2
danielfernandez,1492299,User,2
eddumelendez,1810547,User,2
grimreaper,433817,User,2
ericbottard,313494,User,2
janm399,85886,User,2
kicktipp,2265253,User,2
MarioAriasC,4005377,User,2
malkusch,1623984,User,2
matsev,234505,User,2
uthark,176118,User,2
phanikandula,631159,User,2
Shredder121,4105066,User,2
ttddyy,459116,User,2
VasylTretiakov,3999712,User,2
hengyunabc,1683936,User,2
clemp6r,4757677,User,2
akarnokd,1269832,User,2
johnktims,65892,User,2
making,106908,User,2
hackerwins,2059311,User,1
echoAlexey,3122131,User,1
ameyjadiye,2662046,User,1
AndersDJohnson,615381,User,1
andreykaipov,9457739,User,1
englishman,1883572,User,1
antonio-marrero,3987991,User,1
avbentem,1497002,User,1
aviskarBasnet,17920395,User,1
baot,7361967,User,1
ben-manes,378614,User,1
bwestrich,457162,User,1
xyloman,910329,User,1
Chexpir,4041868,User,1
pukkaone,412071,User,1
linbaiye,3480155,User,1
verydapeng,2149970,User,1
mebigfatguy,170161,User,1
dbrimley,1588244,User,1
dharaburda,8314503,User,1
dharkness,341319,User,1
DavidBiesack,545944,User,1
dgtombs,5116096,User,1
deline,541367,User,1
deki,858827,User,1
donhuvy,1328316,User,1
Dridi,891744,User,1
drumonii,3681440,User,1
eiiches,230747,User,1
khannedy,70091,User,1
echatman,596222,User,1
ericdahl,4712580,User,1
ejain,1323903,User,1
evpaassen,3531885,User,1
orfjackal,42678,User,1
felixbarny,2163464,User,1
GabiAxel,968212,User,1
tempredirect,165240,User,1
gcuisinier,135300,User,1
GrahamLea,754403,User,1
nertzy,2488,User,1
haisi,5666773,User,1
HejiaHo,1995958,User,1
Hronom,429993,User,1
ianbrandt,709570,User,1
icha024,1731854,User,1
igormukhin,618760,User,1
bedla,457542,User,1
JanespenCerpus,8626879,User,1
litpho,5185114,User,1
fj,57813,User,1
jtigger,470176,User,1
pivotaljohn,12101915,User,1
jonathanborenstein,16280010,User,1
jking-roar,1766298,User,1
joshlong,54473,User,1
joaoevangelista,5256711,User,1
ksokol,4950282,User,1
overmindx,7599368,User,1
kmiya,1256980,User,1
gavvvr,1719646,User,1
petrukhnov,661882,User,1
kdvolder,1002156,User,1
lfarmer,1280776,User,1
zhoulifu,16236265,User,1
lonre,181109,User,1
lukas-krecan,815787,User,1
kryger,1566028,User,1
MaciejZiarko,4418640,User,1
platan,1526000,User,1
mariusneo,232854,User,1
cloudmark,1745830,User,1
markhobson,178443,User,1
martinlippert,107705,User,1
LinkedList,1116349,User,1
svorcmar,7260898,User,1
msysyamamoto,491754,User,1
jvz,791275,User,1
maxcom,69385,User,1
mjkrumlauf,1005088,User,1
luckybomb,6845515,User,1
nicklasholm,1647519,User,1
dukehoops,764345,User,1
ok2c,235972,User,1
olomix,518068,User,1
olegz,172397,User,1
obecker,197628,User,1
paulvi,1614482,User,1
JanecekPetr,1746404,User,1
rjozwik,4487593,User,1
ralscha,372512,User,1
rocketraman,53049,User,1
simplicii,15103131,User,1
rcrathore,1100132,User,1
pistriak,25277539,User,1
Enigo,15067216,User,1
romeara,1018131,User,1
hdpe,1238667,User,1
ryanskow,7295057,User,1
sammyhk,1185214,User,1
RyuSangGi,8085123,User,1
benelog,910151,User,1
satyapalreddy,1828911,User,1
fdesu,5709644,User,1
sivaprasadvalluru,5005638,User,1
svolsky,10659642,User,1
ferstl,1487727,User,1
sniewczas,172363,User,1
tmeighen,595261,User,1
tobiasmh,3994372,User,1
stoeckmann,8529893,User,1
tokuhirom,21084,User,1
tommack,653508,User,1
nurkiewicz,164045,User,1
vpavic,1149230,User,1
rand0m86,5267663,User,1
darklynx,2606140,User,1
xiaolongzuo,5348137,User,1
quaff,143040,User,1
bedrin,4654384,User,1
cbaldwin74,6810377,User,1
eujungkim,7552395,User,1
freeman0432,4216442,User,1
giovannidalloglio,1504988,User,1
holub,58155,User,1
hupfis,106848,User,1
ractive,783861,User,1
leizhiyuan,2684384,User,1
logicg8,339066,User,1
madorb,823868,User,1
matthew-pearson,11576564,User,1
md42,857448,User,1
mgooty,7974315,User,1
mhartsock,15931156,User,1
moores-expedia,24299862,User,1
ndebeiss,652283,User,1
lc-nyovchev,1153009,User,1
schjan79,15332482,User,1
Skarafaz,1884345,User,1
sylvainlaurent,718370,User,1
IAMTJW,5380488,User,1
twhitmorenz,4240308,User,1
unpush,5234,User,1
