pyricau,557033,User,210
jrodbx,1868149,User,74
JakeWharton,66577,User,18
pepyakin,2205845,User,7
swankjesse,133019,User,6
NightlyNexus,4032667,User,5
romainguy,869684,User,4
dandc87,1239288,User,2
dlew,514850,User,2
jankovd,406189,User,2
SimonMarquis,1921278,User,2
truebit,754906,User,2
ToxicBakery,1614281,User,2
korniltsev,331773,User,1
andaag,826023,User,1
bwang95,5152488,User,1
dmarcato,749308,User,1
edenman,1063557,User,1
Goddchen,673051,User,1
jimmithy,1126762,User,1
chalup,518902,User,1
JordyLangen,418977,User,1
cypressious,1191816,User,1
matthewmichihara,79073,User,1
matpag,4432213,User,1
digitalbuddha,4528092,User,1
mortonfox,495892,User,1
nhachicha,1793238,User,1
K0bin,1131720,User,1
rogerhu,326857,User,1
satoshun,1389835,User,1
Serchinastico,3116415,User,1
shaybarak,1696482,User,1
shubhamchaudhary,3508878,User,1
agrieve,1369484,User,1
jferlisi,63950,User,1
liaohuqiu,4088573,User,1
