JakeWharton,66577,User,488
dnkoutso,310370,User,104
pyricau,557033,User,22
swankjesse,133019,User,12
eveliotc,400641,User,9
f2prateek,843979,User,8
hzsweers,1361086,User,8
copolii,285343,User,7
lucasr,730395,User,6
rjrjr,1884445,User,6
NightlyNexus,4032667,User,5
kkocel,454412,User,4
JayH5,1748643,User,4
jonan,1110193,User,4
pforhan,331925,User,4
aldenml,143813,User,3
dlew,514850,User,3
drbild,1329694,User,3
JohnWowUs,12441592,User,3
kuhnroyal,1260818,User,3
lexs,191973,User,3
ChristianBecker,1763815,User,2
condda,4544242,User,2
emilsjolander,1525924,User,2
eburke,63761,User,2
jobi,2103,User,2
jtuchek,5649524,User,2
loganj,18877,User,2
ncornette,1224924,User,2
Ponyets,1740582,User,2
sneuberger-amazon,913615,User,2
UglyTroLL,1897266,User,2
jacobtabak,1854831,User,2
nsk-mironov,750374,User,2
aravance,558869,User,1
agap,1746473,User,1
atermenji,1188140,User,1
Stampede10343,5996253,User,1
iamstuffed,592238,User,1
scompt,277576,User,1
egor-n,378493,User,1
Gillespie59,555768,User,1
GuillaumeDelente,447889,User,1
mblcdr,3671190,User,1
dzeikei,377477,User,1
eincs,1712410,User,1
cartierjf,2409861,User,1
jfsso,409515,User,1
jonasfa,21069,User,1
jraska,6277721,User,1
kevelbreh,4168041,User,1
kryali,174889,User,1
krzysiekbielicki,541805,User,1
lukaciko,3155827,User,1
Macarse,24915,User,1
martinbonnin,3974977,User,1
mcharmas,57128,User,1
digitalbuddha,4528092,User,1
uudashr,166053,User,1
PeggsDev,9034289,User,1
PeterAttardo,2229094,User,1
SalvatoreT,1223008,User,1
kaorimatz,1951519,User,1
SimonVT,549365,User,1
suau,2596700,User,1
tomrozb,4646706,User,1
UweTrottmann,888674,User,1
amatellanes,3790425,User,1
csshuai,1501906,User,1
howsunjow,28405370,User,1
losogithub,1956086,User,1
meisterfuu,1564453,User,1
tttzof351,692328,User,1
t7costa,1589032,User,1
shuhuaxie,3965102,User,1
