swankjesse,133019,User,1619
JakeWharton,66577,User,694
adriancole,64215,User,230
nfuller,6388721,User,56
dave-r12,1520761,User,37
mescortes,1553664,User,30
yschimke,231923,User,20
15characterlimi,2462356,User,11
pforhan,331925,User,11
narayank,3646811,User,10
lingmingyb,4425913,User,10
NightlyNexus,4032667,User,7
artem-zinnatullin,967132,User,6
edenman,1063557,User,6
ChristianBecker,1763815,User,6
ericaschulz,19670778,User,5
klyubin,6598762,User,3
iagreen,4998678,User,3
rjrjr,1884445,User,3
rbygrave,208973,User,3
rtyley,52038,User,3
aahlenst,198908,User,3
aried3r,1301152,User,2
0xced,51363,User,2
electrum,9230,User,2
felipecsl,190648,User,2
franmontiel,9967103,User,2
jgilfelt,175697,User,2
joschi,43951,User,2
Jawnnypoo,1459320,User,2
moltak,1638639,User,2
lcolitti,8198336,User,2
mgp,489948,User,2
vanniktech,5759366,User,2
nfukuzaki,1865615,User,2
raskasa,1843059,User,2
romkavt,5063381,User,2
venilnoronha,1722758,User,2
mostleg,3806200,User,2
boxme,2226903,User,2
cketti,218061,User,2
candrews,194713,User,2
unguiculus,925412,User,2
rupertbates,181371,User,2
a-k-g,1619162,User,1
adamsp,1720800,User,1
adstro,462906,User,1
alexrwegener,1536939,User,1
lexer,108267,User,1
alokmenghrajani,441307,User,1
amincheloh,1217397,User,1
andrewgaul,848247,User,1
talklittle,87961,User,1
adennie,1521215,User,1
ajwhite,656630,User,1
baldur,759,User,1
brennantaylor,2840772,User,1
chadbrubaker,9422938,User,1
ccunniff,1513329,User,1
kkocel,454412,User,1
danielgindi,366926,User,1
Wopple,111152,User,1
reisub,992835,User,1
Egorand,1186186,User,1
grimreaper,433817,User,1
EricEdens,575626,User,1
ericgribkoff,5067076,User,1
erikghonyan,1503303,User,1
everett-toews,634901,User,1
framiere,505565,User,1
friederbluemle,743291,User,1
goncalossilva,102931,User,1
desseim,2656595,User,1
hermanliang,2359159,User,1
HugoGresse,662377,User,1
nacx,446705,User,1
raggi,348,User,1
jbornemann,4540994,User,1
JemarJones,6874590,User,1
jrodbx,1868149,User,1
jonan,1110193,User,1
JonWatson,2737021,User,1
iNoles,49764,User,1
jwendell,125759,User,1
kruton,50407,User,1
kboyarshinov,1917615,User,1
chaitanyajun12,956509,User,1
lalbuquerque,2593625,User,1
drlue,951297,User,1
mreichelt,400322,User,1
szpak,148013,User,1
markhobson,178443,User,1
Mauin,6169809,User,1
shafirov,121982,User,1
marenzo,1208453,User,1
intrications,1798519,User,1
MichaelEvans,1211302,User,1
MiguelLavigne,1631006,User,1
nashira,757096,User,1
ansman,102883,User,1
normanmaurer,439362,User,1
snodnipper,576719,User,1
kilink,835139,User,1
peknudsen,6980492,User,1
positron,7272,User,1
quinnjn,1859215,User,1
the4thfloor,1191649,User,1
seato,581155,User,1
rfc2822,156167,User,1
tasomaniac,763339,User,1
bryant1410,3905501,User,1
sebkur,1633488,User,1
robUx4,657717,User,1
hwrdprkns,120890,User,1
teresakrause,2067822,User,1
Tolriq,932609,User,1
tomrozb,4646706,User,1
mikevoyt,1169132,User,1
wezley,17055932,User,1
whenSunSet,16758988,User,1
WhiskeyBravo,29103,User,1
yelinaung,275120,User,1
sunyal,4483842,User,1
anderius,917734,User,1
austynmahoney,1133292,User,1
chhsiao90,10794200,User,1
circlespainter,6113296,User,1
gkimbwala,4975190,User,1
lburgazzoli,1868933,User,1
inorichi,3521738,User,1
longbai,1204301,User,1
mattlogan,4635072,User,1
mlc,1211,User,1
mruddy,6440430,User,1
nmittler,6493296,User,1
nxtstep,550169,User,1
Ponyets,1740582,User,1
shaunkawano,920911,User,1
