JakeWharton,66577,User,855
swankjesse,133019,User,208
pforhan,331925,User,48
eburke,63761,User,36
dnkoutso,310370,User,26
edenman,1063557,User,24
loganj,18877,User,17
rcdickerson,63143,User,14
rjrjr,1884445,User,13
NightlyNexus,4032667,User,11
kryali,174889,User,9
adriancole,64215,User,8
holmes,59162,User,7
swanson,56947,User,7
JayNewstrom,713288,User,6
crazybob,170788,User,6
Jawnnypoo,1459320,User,6
danrice-square,1952897,User,5
Turbo87,141300,User,5
ransombriggs,62452,User,4
guptasourabh04,27951986,User,4
artem-zinnatullin,967132,User,3
codebutler,3827,User,3
icastell,1678605,User,3
jjNford,965425,User,3
f2prateek,843979,User,3
koalahamlet,2353874,User,3
vanniktech,5759366,User,3
alexgyori,1882366,User,2
benoitdion,573574,User,2
xian,40298,User,2
dlew,514850,User,2
jaredsburrows,1739848,User,2
kaiwaldron,789273,User,2
larsgrefer,6069961,User,2
lukaciko,3155827,User,2
matthewmichihara,79073,User,2
commonquail,603326,User,2
nbauernfeind,1030443,User,2
hongrich,11243,User,2
PromanSEW,5219866,User,2
SimonScholz,7559962,User,2
thuss,20224,User,2
nsk-mironov,750374,User,2
fabienric,1979968,User,2
jacobtabak,1854831,User,2
avbk,1562438,User,1
alokmenghrajani,441307,User,1
amincheloh,1217397,User,1
CaptnBlubber,878307,User,1
adavis,141404,User,1
ArazAbishov,4133693,User,1
atermenji,1188140,User,1
ataulm,2678555,User,1
austynmahoney,1133292,User,1
hastebrot,496255,User,1
BlueRiverInteractive,5451631,User,1
bleege,989928,User,1
cnvandev,756096,User,1
chrisjenx,1167793,User,1
imminent,833939,User,1
danielchristopher1,7663198,User,1
dm77,129133,User,1
dlam,831038,User,1
EddieRingle,32543,User,1
ersin-ertan,4809853,User,1
felipecsl,190648,User,1
MGaetan89,1009664,User,1
desseim,2656595,User,1
hekar,16354,User,1
1zaman,4244109,User,1
jdreesen,424602,User,1
oakesja,2292766,User,1
jpotts18,2466729,User,1
jschmid,574168,User,1
shekibobo,293858,User,1
jjshanks,62661,User,1
joaopedronardari,4443263,User,1
BugsBunnyBR,70573,User,1
lucastsantos,8331460,User,1
okmanideep,5300499,User,1
marcin-kozinski,2088582,User,1
dashorst,46626,User,1
inktomi,74583,User,1
campnic,616716,User,1
niqo01,1121251,User,1
pa314159,1311372,User,1
phajduk,7792417,User,1
RobertoArtiles,846820,User,1
roman-mazur,307707,User,1
rzimmer,1107682,User,1
Shredder121,4105066,User,1
sparty02,1483538,User,1
vml-rmott,4692363,User,1
sberan,100066,User,1
SeanPONeil,486201,User,1
Sharabaddin,10178672,User,1
tomrozb,4646706,User,1
tonycosentini,23467,User,1
autonomousapps,5402301,User,1
venilnoronha,1722758,User,1
vinc3m1,498852,User,1
vpratfr,2526465,User,1
ypresto,400558,User,1
hzsweers,1361086,User,1
alexxv,640666,User,1
devshorts,1799346,User,1
fhur,6452323,User,1
joaham,2966296,User,1
setheclark,2073653,User,1
