moxie0,512439,User,1781
mcginty,373823,User,528
agrajaghh,5296073,User,71
rhodey,3441581,User,54
FeuRenard,16167751,User,37
cascheberg,3845150,User,36
veeti,124223,User,33
unrulygnu,11031903,User,30
McLoo,5326916,User,29
haffenloher,264472,User,27
thoughtbox,1976213,User,19
RiseT,12624674,User,16
mateoeh,17954071,User,15
meskio,475542,User,12
samlanning,3319932,User,10
2-4601,174176,User,8
tinloaf,442687,User,8
phenx-de,1475672,User,7
turtlekiosk,1096636,User,6
nrizzio,13669330,User,6
AsamK,2340865,User,6
backspace,43280,User,6
passy,9906,User,6
Trolldemorted,10261186,User,5
joeykrim,208641,User,5
wsot,601518,User,5
benalbrecht,3979281,User,4
paride,7614669,User,4
3xo,6799012,User,3
eosrei,195061,User,3
chr1shaefn3r,11996484,User,3
janimo,50138,User,3
kyleconroy,34893,User,3
snaggen,6420639,User,3
pprucia,959552,User,3
SamWhited,512573,User,3
jkdf2,2641739,User,3
rymdhund,7973243,User,3
mammuth,3121306,User,3
AaronMBrown,860048,User,2
amire80,346271,User,2
AndHell,11991279,User,2
fehnomenal,9959940,User,2
irv,390869,User,2
pR0Ps,466941,User,2
DorianScholz,1461297,User,2
fwalch,339435,User,2
heartsucker,3998464,User,2
Jabro,1765251,User,2
jlund,144984,User,2
Hellmy,2045678,User,2
wickedshimmy,32249,User,2
herbig,384559,User,2
patheticpat,16046,User,2
pejakm,913292,User,2
nikwen,3309657,User,2
Stuie,389169,User,2
talhacohen,9082871,User,2
char32,13737621,User,2
relyt29,4326714,User,2
heyimgay,13614912,User,2
kaladivo,11568934,User,2
Wikinaut,1151915,User,2
aqnouch,3692812,User,1
iadmir,23726384,User,1
adrianchifor,6370064,User,1
alimakki,920624,User,1
hankarun,1771025,User,1
angryoctet,524514,User,1
Bastelbursche,3374409,User,1
bkchr,5718007,User,1
bbodenmiller,1192780,User,1
breser,542406,User,1
brinlyau,4727785,User,1
cem-,1312562,User,1
charlesmunger,1119316,User,1
chrisglass,25211,User,1
AuspeXeu,2115696,User,1
cjuner,4528060,User,1
Clam-,985835,User,1
csnover,229244,User,1
corbins,2288236,User,1
Oishikatta,5713489,User,1
danbartram,4541238,User,1
darrenfoong,5250961,User,1
adhintz,455883,User,1
DustinLim,1187477,User,1
offby1,3145,User,1
gavinhoward,3172687,User,1
eighthave,143465,User,1
jarteaga,8122741,User,1
jmontane,339645,User,1
jocelynthode,3967312,User,1
jodson,1359668,User,1
shenki,207355,User,1
JonasVautherin,2606672,User,1
jonboulle,2601015,User,1
jonathancross,5115470,User,1
jtracey,2998852,User,1
wlritchi,4163128,User,1
lxgr,873316,User,1
mangei,1218033,User,1
Ofenhed,780644,User,1
d7415,1611702,User,1
xmatthias,5024695,User,1
mgbennett,462162,User,1
jollheef,1749762,User,1
nthomsn,8507561,User,1
nikolai-r,1975980,User,1
ogasser,2095178,User,1
Owen66,2132529,User,1
psm14,934660,User,1
hissingpanda,7660115,User,1
plafer,5769562,User,1
0xPoly,2194999,User,1
purpleplatypus,3969963,User,1
richo,476418,User,1
santa4nt,152710,User,1
sebkur,1633488,User,1
armata,16504541,User,1
blinry,81277,User,1
scw,1314,User,1
Shenkaa,25299821,User,1
siloportem,3867856,User,1
shilch,11890358,User,1
svramusi,1368539,User,1
thejeshgn,76114,User,1
tserong,754700,User,1
tecknicaltom,310024,User,1
vmesh,5604109,User,1
WhiteHatTux,1330544,User,1
morrica,3835373,User,1
cmock,2141141,User,1
cketti,218061,User,1
clashman,339762,User,1
greenjoe,6075325,User,1
guiweber,7825368,User,1
jhertel,2607200,User,1
jgravois,3011734,User,1
jcs,9888,User,1
junitas,9994880,User,1
liliakai,1039940,User,1
martinstingl,1312947,User,1
mimi89999,8530546,User,1
niktrix,1260902,User,1
ping133,9964820,User,1
rafael81,36774,User,1
theroflcoptr,8517214,User,1
eschaefer,547148,User,1
xrazvan,7124896,User,1
zaprice,1790368,User,1
zipperle,11430511,User,1
oezgueremir,5089754,User,1
