srowen,822522,User,524
medicalwei,74481,User,22
slepmog,7415007,User,21
dsanders11,5820654,User,6
tanelihuuskonen,19185280,User,6
mhcuervo,8988213,User,4
burunduk,912818,User,4
yoshi389111,15214393,User,4
strguntbr,4062126,User,4
MicheleMas,10667397,User,3
UniQP,1321557,User,3
Yahoe001,6452274,User,3
az-ericso,15348044,User,3
QingfengLee,3244825,User,3
t123yh,8972552,User,3
mechkg,819194,User,2
Matrix44,1388744,User,2
mertemin,597707,User,2
t-8ch,717901,User,2
fgrieu,7809433,User,2
mikejkjr,6655431,User,2
tgibson11,3578666,User,2
rospus,3520858,User,1
ahatzz11,6256032,User,1
awenger,5434587,User,1
Coeur,839992,User,1
noplanman,9423417,User,1
aldatsa,4741986,User,1
Benjamin-Dobell,482276,User,1
shifucun,5951856,User,1
BrunoMioto,10459392,User,1
chriskeyring,3630377,User,1
ChristianBecker,1763815,User,1
gredler,178883,User,1
DarrellDuane,228417,User,1
Manouchehri,7232674,User,1
Spelt,12660181,User,1
facundofarias,2700564,User,1
graug,4060134,User,1
Kbhredsox,7457579,User,1
kmark,1046198,User,1
KrasnayaPloshchad,10364351,User,1
jjYBdx4IL,491220,User,1
mscheel,654527,User,1
mmhelm,6762369,User,1
Flitskikker,3516155,User,1
nathbenjwolf,8649588,User,1
nayuki,672172,User,1
ftylitak,550020,User,1
paulpv,1393897,User,1
PedPak,20594555,User,1
PeterDaveHello,3691490,User,1
PhilLab,1710255,User,1
RX1226,12790681,User,1
rkistner,94081,User,1
rocboronat,456499,User,1
sebkur,1633488,User,1
TomTasche,128734,User,1
Veve2,9213728,User,1
Zavael,5740576,User,1
codewell4,3656820,User,1
eliovir,1446942,User,1
fakhri626,10796327,User,1
germinator,2507606,User,1
lskocik,9319735,User,1
mmagician,8402446,User,1
omodai,3085944,User,1
loikki,14158679,User,1
steelman,77683,User,1
stevepeak,2041757,User,1
tacsipacsi,14368924,User,1
