ec9fc97681ad6758b0c6fb0468d08e2c9a953324,0676cabe1811903936a2e41b7a84b5bf1f69e222,8,7,1,#,NULL,NULL,8,NULL,1
2dce26f149bdd74672e75d1b9595f7ecd505a714,0676cabe1811903936a2e41b7a84b5bf1f69e222,8,7,1,Normal,NULL,NULL,8,NULL,1
0676cabe1811903936a2e41b7a84b5bf1f69e222,6e544076ef074b2c1a2d6e8a7c2b49e910ac281b,4,4,0,Document,NULL,NULL,0,NULL,0
7fbcd5a400ab8eaafded3f2f2f829d2d2846f7df,6e544076ef074b2c1a2d6e8a7c2b49e910ac281b,4,4,0,Document,NULL,NULL,0,NULL,0
6e544076ef074b2c1a2d6e8a7c2b49e910ac281b,6cf76d4b4a4122966e58c6a76f2a30fe225a4937,23,17,6,#,NULL,NULL,23,NULL,6
7e34bdd5bff92f85b4045384e1f1909f6ed73457,6cf76d4b4a4122966e58c6a76f2a30fe225a4937,23,17,6,Normal,NULL,NULL,23,NULL,6
6cf76d4b4a4122966e58c6a76f2a30fe225a4937,3179fd3b26b5d318cae7d82343322d608a5b1d3b,33711,24797,8914,Document,NULL,NULL,12422,NULL,105
3179fd3b26b5d318cae7d82343322d608a5b1d3b,5e5351c749ceb85f8a006d7bf04008ab6a639553,28,22,6,Normal,NULL,NULL,0,NULL,0
5e5351c749ceb85f8a006d7bf04008ab6a639553,936a0b82cb6ca19b584461f8b0c344b4dc77d366,2,1,1,Document,NULL,NULL,0,NULL,0
41d8470c501115c837394750ca1a186cc44f1b6e,936a0b82cb6ca19b584461f8b0c344b4dc77d366,2,1,1,Document,NULL,NULL,0,NULL,0
936a0b82cb6ca19b584461f8b0c344b4dc77d366,e99007c497cf70a276773e91beb2dd245130c6d6,8,4,4,Document,NULL,NULL,0,NULL,0
e99007c497cf70a276773e91beb2dd245130c6d6,fe3e7b3fb55b9cae53eb4cfbb0a5178b8103a8eb,2,1,1,Document,NULL,NULL,0,NULL,0
169529199d3c145e646f692cdf05852ef4410b23,fe3e7b3fb55b9cae53eb4cfbb0a5178b8103a8eb,2,1,1,Document,NULL,NULL,0,NULL,0
fe3e7b3fb55b9cae53eb4cfbb0a5178b8103a8eb,42e6dbc42333d13c5be329bb0c6d733bf6eeea3a,31,30,1,Normal,NULL,NULL,31,NULL,1
42e6dbc42333d13c5be329bb0c6d733bf6eeea3a,9d8ac0b1b28f5925752b36b83a6cdf55c36c8a23,141,86,55,Normal,NULL,NULL,141,NULL,3
9d8ac0b1b28f5925752b36b83a6cdf55c36c8a23,93261dd412963da9ea33187a8d95013b0fd220d8,118,77,41,Normal,NULL,NULL,118,NULL,2
93261dd412963da9ea33187a8d95013b0fd220d8,a8d186e9552f296b4482c78fba9adbd31a623e23,42,26,16,Normal,NULL,NULL,42,NULL,1
a8d186e9552f296b4482c78fba9adbd31a623e23,2a372054de2626d22a786de9ac3993aa29b0ea54,2,0,2,fix,ISSUE,BUG,2,NULL,1
2a372054de2626d22a786de9ac3993aa29b0ea54,64ff076a8a39ba76d200476896d78973e3e13ead,95,86,9,Normal,NULL,NULL,95,NULL,1
64ff076a8a39ba76d200476896d78973e3e13ead,5e840b7896ecbe2af1b1baaba7e67de99081a350,96,61,35,Normal,NULL,NULL,96,NULL,3
5e840b7896ecbe2af1b1baaba7e67de99081a350,c98550edbf979958766ca39b41bdded0b4105300,105,70,35,Normal,NULL,NULL,105,NULL,1
c98550edbf979958766ca39b41bdded0b4105300,4191f2e187052bcef088d5178b0b3bfeccc0bd36,48,24,24,Normal,NULL,NULL,48,NULL,1
4191f2e187052bcef088d5178b0b3bfeccc0bd36,d8012b91bad36e4fcdf724cc2f362b5afcf3872a,113,76,37,Normal,NULL,NULL,113,NULL,1
d8012b91bad36e4fcdf724cc2f362b5afcf3872a,da2d060c17e26b0237db7d2b4bad0cbadfa3f8b5,5,0,5,Normal,NULL,NULL,5,NULL,2
da2d060c17e26b0237db7d2b4bad0cbadfa3f8b5,89e3606714f202ad8c36065e0a2d85eaba9cf027,9,8,1,Normal,NULL,NULL,9,NULL,1
89e3606714f202ad8c36065e0a2d85eaba9cf027,1c843b2218bc917c3c6ee545f05502c2fed3713c,28,16,12,Normal,NULL,NULL,28,NULL,1
1c843b2218bc917c3c6ee545f05502c2fed3713c,e6c1820ef4642492a721fc474fc5b602971539f7,5,4,1,fix,ISSUE,BUG,5,NULL,1
e6c1820ef4642492a721fc474fc5b602971539f7,bd3535292fd1bc55ef9466570925a60362896ab5,12,5,7,fix,NULL,NULL,12,NULL,1
bd3535292fd1bc55ef9466570925a60362896ab5,433f60f01931e16fb487a9bafdecffc639439a9b,19,16,3,Normal,NULL,NULL,19,NULL,1
433f60f01931e16fb487a9bafdecffc639439a9b,fa2eda1e0e39f976d4ba202a8d52b0e2adba9c06,3,3,0,Normal,NULL,NULL,3,NULL,1
fa2eda1e0e39f976d4ba202a8d52b0e2adba9c06,a66ffc1cd7fc181a2a3fe845c79365728dbbccdb,2,1,1,Normal,NULL,NULL,2,NULL,1
a66ffc1cd7fc181a2a3fe845c79365728dbbccdb,b7ae85375e0e8889e59ed205aca431c37f159b60,2,1,1,fix,ISSUE,BUG,2,NULL,1
b7ae85375e0e8889e59ed205aca431c37f159b60,2fb4f80362d2969f2e3f743f3696f12fbb7b3777,5,3,2,Normal,NULL,NULL,5,NULL,1
2fb4f80362d2969f2e3f743f3696f12fbb7b3777,ba4cf5f904a5a515294c49c21440da1337d5f560,6,3,3,Normal,NULL,NULL,4,NULL,2
ba4cf5f904a5a515294c49c21440da1337d5f560,fca7d9c3e0b8ad9d88d130dc4ddc99df8e04065d,4,3,1,fix,ISSUE,BUG,4,NULL,1
fca7d9c3e0b8ad9d88d130dc4ddc99df8e04065d,da0ad5f0d8ffe4846656b569278a14f19d3e264a,2,1,1,fix,ISSUE,BUG,2,NULL,1
da0ad5f0d8ffe4846656b569278a14f19d3e264a,20b4acadd3222b19657e33074099f299a32ce286,31,12,19,Normal,NULL,NULL,24,NULL,1
20b4acadd3222b19657e33074099f299a32ce286,397cc28068e24b10030b4a00307b0b5e428f23c8,24,21,3,Normal,NULL,NULL,18,NULL,1
397cc28068e24b10030b4a00307b0b5e428f23c8,2e2ca717961725190cbc4f8a71efae0357e5efcb,30,18,12,Normal,NULL,NULL,30,NULL,2
2e2ca717961725190cbc4f8a71efae0357e5efcb,a5f8baeccd385272ac5d1e4c699ed8a604786620,94,52,42,Normal,NULL,NULL,94,NULL,3
a5f8baeccd385272ac5d1e4c699ed8a604786620,7375532f2d599785eda39a4445719bf16a4ed226,2,1,1,Normal,NULL,NULL,0,NULL,0
7375532f2d599785eda39a4445719bf16a4ed226,c9dbfb28a151817396368f61a1039c5726f35aad,84,83,1,Normal,NULL,NULL,28,NULL,3
c9dbfb28a151817396368f61a1039c5726f35aad,2c5837cc972af9e219c61c286a4ba987ca1a30d3,37,24,13,Normal,NULL,NULL,37,NULL,1
2c5837cc972af9e219c61c286a4ba987ca1a30d3,482094b639e5b8cf7139480411c66c66ebb054fc,118,99,19,Normal,NULL,NULL,118,NULL,5
482094b639e5b8cf7139480411c66c66ebb054fc,aa009977ce624aa7fdaaf18646fccd7df7d70d87,47,31,16,Normal,NULL,NULL,47,NULL,1
aa009977ce624aa7fdaaf18646fccd7df7d70d87,e67fc13bac67c4607df64ef37983b4d5c8fde3bd,10,5,5,Normal,NULL,NULL,10,NULL,3
e67fc13bac67c4607df64ef37983b4d5c8fde3bd,fe230ab351336796e68896485500723f54838354,9,3,6,Normal,NULL,NULL,7,NULL,1
fe230ab351336796e68896485500723f54838354,f99f7379e3090966d2e30e79fc36ff37c872a2cd,18,16,2,Normal,NULL,NULL,18,NULL,1
f99f7379e3090966d2e30e79fc36ff37c872a2cd,089cd364766dab71d9c44d5602773d19471073a7,95,54,41,Normal,NULL,NULL,92,NULL,1
089cd364766dab71d9c44d5602773d19471073a7,3de17f7ce304b512e94d53c6af0f069918f7d8c2,108,68,40,Normal,NULL,NULL,108,NULL,1
3de17f7ce304b512e94d53c6af0f069918f7d8c2,d041faf550ae3434b622c4370215728e201496b9,17,9,8,Normal,NULL,NULL,17,NULL,1
d041faf550ae3434b622c4370215728e201496b9,85f4b2e73a9357afe3c92bc5bbc83666ad1a0d08,5,3,2,Normal,NULL,NULL,2,NULL,1
85f4b2e73a9357afe3c92bc5bbc83666ad1a0d08,14ec9d8908c3845f8d564f7c34ef0b1169912d5c,119,66,53,Normal,NULL,NULL,109,NULL,3
14ec9d8908c3845f8d564f7c34ef0b1169912d5c,2030edf6464ce18255602f2f9cf22af1b53e46b1,81,73,8,Normal,NULL,NULL,81,NULL,1
2030edf6464ce18255602f2f9cf22af1b53e46b1,7b2d227d03a87ace43a86c4878b7e46ce37d91fa,73,54,19,Normal,NULL,NULL,71,NULL,1
7b2d227d03a87ace43a86c4878b7e46ce37d91fa,7a6fce887d4cdf8247c1b157bb9322746afebbef,42,21,21,Normal,NULL,NULL,42,REFACTOR,1
7a6fce887d4cdf8247c1b157bb9322746afebbef,ac41fa2e6999ce88933249f505f5865e5b4f8b95,6,4,2,Normal,NULL,NULL,0,NULL,0
ac41fa2e6999ce88933249f505f5865e5b4f8b95,9cc0cc457a837302f3ed669a53a28c4d53883ee4,6,5,1,Normal,NULL,NULL,0,NULL,0
9cc0cc457a837302f3ed669a53a28c4d53883ee4,75d3639290b88ff5eb953140a162ad97a2f1dc88,10,7,3,Normal,NULL,NULL,0,NULL,0
75d3639290b88ff5eb953140a162ad97a2f1dc88,d087cbb9dab5ceac6e391cf47fb13c2b4276ce68,23,16,7,Normal,NULL,NULL,0,NULL,0
d087cbb9dab5ceac6e391cf47fb13c2b4276ce68,7a2d30ca07dacc127e2bc1da6a2e098629c2f122,34,23,11,Normal,NULL,NULL,18,NULL,1
7a2d30ca07dacc127e2bc1da6a2e098629c2f122,5ec5f7f6ae80e068a9efe6a9973199fa0786f00a,36,36,0,Normal,NULL,NULL,36,NULL,2
5ec5f7f6ae80e068a9efe6a9973199fa0786f00a,dd32b4d040ce10fa953590157b6bdca3f0000887,5,3,2,fix,NULL,NULL,5,NULL,1
dd32b4d040ce10fa953590157b6bdca3f0000887,b3c37c3e515f4ed20bf7ed6911dd5f0c5a0c4ea6,51,33,18,fix,NULL,NULL,51,NULL,1
b3c37c3e515f4ed20bf7ed6911dd5f0c5a0c4ea6,da254b64f692af333b46e1f831c369d09e4c3e38,24,24,0,Normal,NULL,NULL,24,NULL,1
da254b64f692af333b46e1f831c369d09e4c3e38,1afdbf693273a67ed948da03214c1e06bdd9a7c9,167,167,0,Normal,NULL,NULL,167,NULL,1
1afdbf693273a67ed948da03214c1e06bdd9a7c9,a75c04439192169794b577278f0df5e785ae7632,98,60,38,Normal,NULL,NULL,98,NULL,1
a75c04439192169794b577278f0df5e785ae7632,ec7e3241d5c6594e00487550b353201a99efea47,12,11,1,Normal,NULL,NULL,0,NULL,0
ec7e3241d5c6594e00487550b353201a99efea47,35b1634f51c36b5d2d5a1ceb473569f360559d0a,2,1,1,fix,NULL,NULL,2,NULL,1
35b1634f51c36b5d2d5a1ceb473569f360559d0a,77f65a0b2c82d25ed6d502e72608d423dbf0eabe,81,53,28,Normal,NULL,NULL,76,NULL,4
77f65a0b2c82d25ed6d502e72608d423dbf0eabe,e24c1d207a03a51ac633b046639a1774d71a7c01,5,0,5,Normal,NULL,NULL,5,NULL,1
e24c1d207a03a51ac633b046639a1774d71a7c01,7f8d880e91a7dcb9fedfc7630f76ad07cb085e4e,5,1,4,Normal,NULL,NULL,1,NULL,1
7f8d880e91a7dcb9fedfc7630f76ad07cb085e4e,da87f675c9042058f39514fe3a756a7828a92ad8,23,15,8,Normal,NULL,NULL,6,NULL,1
da87f675c9042058f39514fe3a756a7828a92ad8,4eaf3dcb5ff48870db4fc3fd94225f4a52456c79,38,38,0,Document,NULL,NULL,0,NULL,0
4eaf3dcb5ff48870db4fc3fd94225f4a52456c79,37bd985181ee9c7aa104fad88dee96dd9367e581,14,9,5,Document,NULL,NULL,0,NULL,0
37bd985181ee9c7aa104fad88dee96dd9367e581,30dc1fbe3ac176194b04d732a7a7dabab5034daa,11,9,2,Normal,NULL,NULL,0,NULL,0
30dc1fbe3ac176194b04d732a7a7dabab5034daa,ae1a3a76d6bbb6d68a997d650274e56f5efb140c,4,4,0,Normal,NULL,NULL,4,NULL,1
ae1a3a76d6bbb6d68a997d650274e56f5efb140c,e429583b118660cc0a333cebb0d1379ce0ea78cc,464,265,199,Normal,NULL,NULL,464,NULL,1
e429583b118660cc0a333cebb0d1379ce0ea78cc,6c2a56408213f644750fc53577537951ca801456,3,3,0,Normal,NULL,NULL,3,NULL,1
6c2a56408213f644750fc53577537951ca801456,ad7de802b5c7ecca5f3459d822aa5aed7e25d3df,19,19,0,Normal,NULL,NULL,19,NULL,1
ad7de802b5c7ecca5f3459d822aa5aed7e25d3df,c0524dc02a2d7190a8eaf862ea326e5e628916fe,2,1,1,fix,NULL,NULL,2,NULL,1
c0524dc02a2d7190a8eaf862ea326e5e628916fe,735261d573cc6c2d366b28649f58e20fd1afc0f4,118,57,61,Normal,NULL,NULL,118,NULL,1
735261d573cc6c2d366b28649f58e20fd1afc0f4,6d10bcf5a76242b28f25e5e65a306a93a18ff94f,440,226,214,Normal,NULL,NULL,440,NULL,1
6d10bcf5a76242b28f25e5e65a306a93a18ff94f,ce4e5f4869924d8e7edbfb86e6ee2c3240f0b749,4,4,0,Document,NULL,NULL,0,NULL,0
ce4e5f4869924d8e7edbfb86e6ee2c3240f0b749,8903acd453ad66a2ee9e05d5e17e9c2177fddd9b,1,1,0,Normal,NULL,NULL,0,NULL,0
8903acd453ad66a2ee9e05d5e17e9c2177fddd9b,b0ddd841ebf00d4de85ad4be33c0587dd9de6240,3,2,1,Normal,NULL,NULL,0,NULL,0
b0ddd841ebf00d4de85ad4be33c0587dd9de6240,4cdc8de910a25b52c046f0b2ceffc4291cd96669,2,1,1,Normal,NULL,NULL,0,NULL,0
4cdc8de910a25b52c046f0b2ceffc4291cd96669,7c121aa7138a6c8ba62ab56c138c9e7d8e26a957,2,1,1,Normal,NULL,NULL,0,NULL,0
7c121aa7138a6c8ba62ab56c138c9e7d8e26a957,9d9dda73246e0fbeb8fa66fc83e38b9bb75d9565,2,1,1,fix,NULL,NULL,0,NULL,0
9d9dda73246e0fbeb8fa66fc83e38b9bb75d9565,fef90483a0ed32ac375273d174953dbdda574e1a,1,0,1,Normal,NULL,NULL,0,NULL,0
fef90483a0ed32ac375273d174953dbdda574e1a,df1c5226e3cecafb2bf3330dd3bc29067728c516,32,32,0,Normal,NULL,NULL,0,NULL,0
df1c5226e3cecafb2bf3330dd3bc29067728c516,1408abd0f745a4b56c4ff0b25db07d00a5abb062,15,15,0,Normal,NULL,NULL,0,NULL,0
1408abd0f745a4b56c4ff0b25db07d00a5abb062,1c056327fc21ae3be166bc2b2b9b67008eaa207f,14,7,7,fix,ISSUE,BUG,0,NULL,0
1c056327fc21ae3be166bc2b2b9b67008eaa207f,8971e1df54c454fdf2497ac8f113891335015141,8,6,2,Document,NULL,NULL,0,NULL,0
8971e1df54c454fdf2497ac8f113891335015141,af66c86a738502cfc5fd407d65aed8667fcbb0bc,6,2,4,Normal,NULL,NULL,4,NULL,1
af66c86a738502cfc5fd407d65aed8667fcbb0bc,11e143b07e02532e56a9b6155afadb45b5ebd2dc,7,7,0,Normal,NULL,NULL,0,NULL,0
faee5788c03c502ba72d446b20af84760b91f16a,817f7391befbf55a7067a49209b6bb6837306ea6,4,0,4,Normal,NULL,NULL,4,NULL,1
817f7391befbf55a7067a49209b6bb6837306ea6,11e143b07e02532e56a9b6155afadb45b5ebd2dc,2,2,0,Normal,NULL,NULL,0,NULL,0
11e143b07e02532e56a9b6155afadb45b5ebd2dc,51c4f080cf6553792c514b248dbedc06af677c61,3,0,3,Normal,NULL,NULL,0,NULL,0
51c4f080cf6553792c514b248dbedc06af677c61,456bbb3e8a654031860500d651ac4179b25001e1,7,3,4,Format,NULL,NULL,0,NULL,0
456bbb3e8a654031860500d651ac4179b25001e1,ab01191dec7e40b01a6e85cbb9a46293d8606423,9,6,3,Normal,NULL,NULL,0,NULL,0
ab01191dec7e40b01a6e85cbb9a46293d8606423,d4cd591598f1db5cf0e9ed6d96047fe927bb4d71,5,4,1,Normal,NULL,NULL,0,NULL,0
d4cd591598f1db5cf0e9ed6d96047fe927bb4d71,7b080e514f56d85cf8d588da555a47bbabfcbac8,15,9,6,Normal,NULL,NULL,0,NULL,0
7b080e514f56d85cf8d588da555a47bbabfcbac8,b9b2cb1191dc5dd63e4b925e50a11e6b42609021,35,28,7,Normal,NULL,NULL,0,NULL,0
b9b2cb1191dc5dd63e4b925e50a11e6b42609021,4caabb3e2c9e3eff8b000f8da57648973f6f2096,1,1,0,Normal,NULL,NULL,1,NULL,1
4caabb3e2c9e3eff8b000f8da57648973f6f2096,6f87854ea886be50eddd998ed88ca825c596a96d,7,0,7,Normal,NULL,NULL,0,NULL,0
6f87854ea886be50eddd998ed88ca825c596a96d,558bade53579591ac2e2b08e77db214b2ed93e94,8,7,1,Normal,NULL,NULL,0,NULL,0
558bade53579591ac2e2b08e77db214b2ed93e94,09d0fdb1096d635bb8532b17a111c9f0f546cb70,33,27,6,Normal,NULL,NULL,0,NULL,0
09d0fdb1096d635bb8532b17a111c9f0f546cb70,c6937fd7a3b79a9799d44fc2ed396c6a88506160,5,5,0,Normal,NULL,NULL,0,NULL,0
c6937fd7a3b79a9799d44fc2ed396c6a88506160,fa9df31fa4672612de88fb307cbc565d1a7a3b44,39,31,8,Normal,NULL,NULL,4,NULL,1
fa9df31fa4672612de88fb307cbc565d1a7a3b44,65036d640495bb4ee864109bdbb1365d821e99d2,2,1,1,fix,NULL,NULL,0,NULL,0
65036d640495bb4ee864109bdbb1365d821e99d2,76ff42d25e9abfaf0ec8e8e46b9c0a7e9cf62364,45,35,10,Normal,NULL,NULL,25,NULL,3
76ff42d25e9abfaf0ec8e8e46b9c0a7e9cf62364,2870376a76c5e3e71adf5dcd92777bec0aeabc2f,35,31,4,Normal,NULL,NULL,0,NULL,0
2870376a76c5e3e71adf5dcd92777bec0aeabc2f,e268ff84369eb5df4127680a4a70f99b3280d47d,7,7,0,Document,NULL,NULL,0,NULL,0
e268ff84369eb5df4127680a4a70f99b3280d47d,f76b198ccaf3f06ced137f63aefcfd0824498717,8,4,4,Normal,NULL,NULL,8,NULL,1
f76b198ccaf3f06ced137f63aefcfd0824498717,03fdbf3f83c1204eb99e5d5eecdf67e981df1d89,72,42,30,Normal,NULL,NULL,72,NULL,1
03fdbf3f83c1204eb99e5d5eecdf67e981df1d89,fcc28bf445ed1a94eb620d8333256b4db5da23b6,6,5,1,Document,NULL,NULL,0,NULL,0
fcc28bf445ed1a94eb620d8333256b4db5da23b6,4589f6f1027c2695a28658f65d0a99370c2130d6,2,1,1,Normal,NULL,NULL,0,NULL,0
4589f6f1027c2695a28658f65d0a99370c2130d6,c39394db3186f5a1625aa151753458204e7403cd,15,11,4,Normal,NULL,NULL,5,NULL,3
c39394db3186f5a1625aa151753458204e7403cd,086029f6f536d53a0cd882d2cf8b550aaf98fced,1,1,0,Normal,NULL,NULL,0,NULL,0
086029f6f536d53a0cd882d2cf8b550aaf98fced,5e49aa8224a4b7bdd5d0859baa0c8955de3a49d8,2,1,1,Normal,NULL,NULL,0,NULL,0
5e49aa8224a4b7bdd5d0859baa0c8955de3a49d8,926b6e1ad3e8b61593383cd80f8a33076df8f871,10,5,5,Normal,NULL,NULL,10,NULL,2
926b6e1ad3e8b61593383cd80f8a33076df8f871,59f57f14f4d0a0093c1662920e455e3f9312e986,2,1,1,fix,NULL,NULL,0,NULL,0
59f57f14f4d0a0093c1662920e455e3f9312e986,95682998723d0e94302b6e552bc3f29c03659efe,2,1,1,Normal,NULL,NULL,2,NULL,1
95682998723d0e94302b6e552bc3f29c03659efe,a6baaac57474314b3de7278c5e90684704c91408,103,76,27,Normal,NULL,NULL,103,NULL,3
a6baaac57474314b3de7278c5e90684704c91408,27eae8d6d6f6d28d665ce81cdc804e464c57b071,45,37,8,Normal,NULL,NULL,4,NULL,1
27eae8d6d6f6d28d665ce81cdc804e464c57b071,18961ed0de7f76270f3e2ddf358a528acfd0b5de,66,52,14,Normal,NULL,NULL,62,NULL,4
18961ed0de7f76270f3e2ddf358a528acfd0b5de,3feba5a051a8d075beced9636a36277ebbb66209,37,11,26,Normal,NULL,NULL,37,NULL,2
3feba5a051a8d075beced9636a36277ebbb66209,836cf1da07119d2a98a6f49d59f1b47905a83837,82,82,0,Normal,NULL,NULL,82,NULL,2
836cf1da07119d2a98a6f49d59f1b47905a83837,961907c06ecb371626a15642e0cb02752f76fbca,69,64,5,Normal,NULL,NULL,54,NULL,3
961907c06ecb371626a15642e0cb02752f76fbca,d4a68da300c3db3a27f8f441e283a8a7d71e1b7e,19,12,7,Normal,NULL,NULL,11,NULL,1
d4a68da300c3db3a27f8f441e283a8a7d71e1b7e,6968359d75c8bd18e455db9b2ecf67ea4398bc2a,3,3,0,fix,NULL,NULL,3,NULL,1
6968359d75c8bd18e455db9b2ecf67ea4398bc2a,13e26dc7bdbd06450fdca22ff3b5083aeb780af7,8,8,0,Normal,NULL,NULL,8,NULL,2
13e26dc7bdbd06450fdca22ff3b5083aeb780af7,396a8af80dac4ce16007f3d0bd731533c25d6136,11,10,1,Normal,NULL,NULL,0,NULL,0
396a8af80dac4ce16007f3d0bd731533c25d6136,e00cbad1e56ecfcbe42c918c96da18b19403f1bd,2,1,1,fix,ISSUE,BUG,0,NULL,0
e00cbad1e56ecfcbe42c918c96da18b19403f1bd,339abb5ef93ce4eceda3c979b57c3064ad4601f2,101,58,43,Normal,NULL,NULL,101,NULL,1
339abb5ef93ce4eceda3c979b57c3064ad4601f2,eeaa5e8da1f98eeedb097f14220d66a71c8f2bf2,26,15,11,Normal,NULL,NULL,6,NULL,2
eeaa5e8da1f98eeedb097f14220d66a71c8f2bf2,29c653cc720f318938fbb891e13c191d82271f33,6,6,0,Normal,NULL,NULL,6,NULL,1
29c653cc720f318938fbb891e13c191d82271f33,e16cfbd3fc303f8bcafbb2f04d8e62d9becabd10,168,44,124,Normal,NULL,NULL,168,REFACTOR,3
e16cfbd3fc303f8bcafbb2f04d8e62d9becabd10,9c5340a4888d1c7dabe4b616b077e1179dbe03dd,73,23,50,Normal,NULL,NULL,73,REFACTOR,2
9c5340a4888d1c7dabe4b616b077e1179dbe03dd,3c8991eb5a811b2cd58ac28fb402ed7a8ada4b3a,146,40,106,Normal,NULL,NULL,146,REFACTOR,1
3c8991eb5a811b2cd58ac28fb402ed7a8ada4b3a,14c384e4e14f76245f675e299630fd4ecf6868ce,57,13,44,Normal,NULL,NULL,57,NULL,2
14c384e4e14f76245f675e299630fd4ecf6868ce,56139405d9a8b08181fb6436229f959582eda157,235,64,171,Normal,NULL,NULL,235,NULL,2
56139405d9a8b08181fb6436229f959582eda157,e15cb0b49afd04122d8c65b481b339b734963291,6,2,4,fix,NULL,NULL,6,NULL,1
e15cb0b49afd04122d8c65b481b339b734963291,782f0874d664fac4ddd83d9e91e39a28e746be90,24,16,8,Normal,NULL,NULL,24,NULL,1
782f0874d664fac4ddd83d9e91e39a28e746be90,1006970af222fedb564b93d1689838a677514ada,4,2,2,Normal,NULL,NULL,4,NULL,2
1006970af222fedb564b93d1689838a677514ada,51663bd1c8ea1a0ce8f72dfb1e347f0b0da3f902,2,1,1,fix,NULL,NULL,2,NULL,1
51663bd1c8ea1a0ce8f72dfb1e347f0b0da3f902,2e3a60b3fa382758f37aa5d3d05df87e182c015a,509,271,238,fix,ISSUE,BUG,509,NULL,1
2e3a60b3fa382758f37aa5d3d05df87e182c015a,8ea4af011d96bda7219482dd08d1dcdadb2b42fb,507,238,269,Normal,NULL,NULL,507,NULL,1
8ea4af011d96bda7219482dd08d1dcdadb2b42fb,4a59a06d8e9d0239137d67fcc3297be9c178a515,507,269,238,Normal,NULL,NULL,507,REFACTOR,1
4a59a06d8e9d0239137d67fcc3297be9c178a515,c32009748cfaa23bea87f52497425e8718e0944d,10,10,0,Normal,NULL,NULL,10,NULL,3
c32009748cfaa23bea87f52497425e8718e0944d,740b6d381638a858d9d731f8e0a2df6f86c24471,3,3,0,Normal,NULL,NULL,3,NULL,1
740b6d381638a858d9d731f8e0a2df6f86c24471,9f7fe7cef4a2f4c79ba74cd950cc116b392f7972,19,13,6,Normal,NULL,NULL,19,NULL,3
9f7fe7cef4a2f4c79ba74cd950cc116b392f7972,c893c0c2ab38ad6e1436483b0f1526fef1c48046,29,18,11,Normal,NULL,NULL,18,NULL,1
c893c0c2ab38ad6e1436483b0f1526fef1c48046,0978de8b67110b9aab1e6f666710155f84adbe4c,4,2,2,Normal,NULL,NULL,4,NULL,1
0978de8b67110b9aab1e6f666710155f84adbe4c,7b1aba2a0d40fb7f33c229be67586ff0ceb7fcdf,168,87,81,Normal,NULL,NULL,168,REFACTOR,3
7b1aba2a0d40fb7f33c229be67586ff0ceb7fcdf,7296729f352913db950d1081addc2d6b60e6ec9e,64,45,19,Normal,NULL,NULL,64,NULL,4
7296729f352913db950d1081addc2d6b60e6ec9e,2db6a19fb2d8ea38f55f2bc680883b37cc0cf345,10,10,0,Normal,NULL,NULL,0,NULL,0
2db6a19fb2d8ea38f55f2bc680883b37cc0cf345,619efe25cd19d871632a8e63b035e8f0d3019754,4,2,2,Normal,NULL,NULL,4,NULL,1
619efe25cd19d871632a8e63b035e8f0d3019754,e20ed198d506b6f71cf3b0524ea1eee6bbda641a,0,0,0,Normal,NULL,NULL,0,NULL,0
e20ed198d506b6f71cf3b0524ea1eee6bbda641a,dc1aac988d9d06e7aa1958d5dee9b5f572c12198,4,2,2,Document,NULL,NULL,0,NULL,0
dc1aac988d9d06e7aa1958d5dee9b5f572c12198,3e3056a5ebdd4323602559156f0aa45c7c0aea35,0,0,0,Normal,NULL,NULL,0,NULL,0
3e3056a5ebdd4323602559156f0aa45c7c0aea35,2af44739a766316f858a6c505f695eeba12992f4,4,3,1,Normal,NULL,NULL,0,NULL,0
2af44739a766316f858a6c505f695eeba12992f4,ba2944677b8b6e61f57a1736fcfec03020afe21e,194,116,78,Normal,NULL,NULL,194,NULL,2
ba2944677b8b6e61f57a1736fcfec03020afe21e,0fffc3c1a19443ebada159707d9254a34fe07649,7,3,4,Normal,NULL,NULL,6,NULL,1
0fffc3c1a19443ebada159707d9254a34fe07649,3e894238ad1162f274547aee09d5325368091e4d,6,3,3,Normal,NULL,NULL,6,NULL,1
3e894238ad1162f274547aee09d5325368091e4d,39aedf5dd1937824569b6ec0be0f37ebb04c3ce4,8,7,1,fix #,ISSUE,NULL,8,NULL,2
39aedf5dd1937824569b6ec0be0f37ebb04c3ce4,cd91b57b167e554455302f650dc3029cb90e0376,4,3,1,fix #,ISSUE,NULL,4,NULL,1
cd91b57b167e554455302f650dc3029cb90e0376,052818e08a49cdb33a45f86c27bb4be0b18799d7,6,5,1,fix #,ISSUE,NULL,6,NULL,1
052818e08a49cdb33a45f86c27bb4be0b18799d7,2e384463c2eb157f8292286e1d966ecc180aeffb,12,10,2,Normal,NULL,NULL,12,NULL,1
2e384463c2eb157f8292286e1d966ecc180aeffb,7fc4d493433fe431875889d31ce379de808f67bc,4,2,2,Normal,NULL,NULL,0,NULL,0
7fc4d493433fe431875889d31ce379de808f67bc,f228d7f34d9c347780307cbdfea9a08cfb66a3a4,3,3,0,Normal,NULL,NULL,3,NULL,1
f228d7f34d9c347780307cbdfea9a08cfb66a3a4,3f3a6efbaddf9b92f590a8ca9f822a6c6c94b359,1,0,1,fix,ISSUE,BUG,1,NULL,1
3f3a6efbaddf9b92f590a8ca9f822a6c6c94b359,5cbb73f4245513a4081e828cca242b66225b2111,23,23,0,Normal,NULL,NULL,11,NULL,3
5cbb73f4245513a4081e828cca242b66225b2111,ed63f5e9ff79ba57fa24ee34b8067d6336c3e173,2,1,1,Normal,NULL,NULL,2,NULL,1
ed63f5e9ff79ba57fa24ee34b8067d6336c3e173,cc9ac6f456cf4896f8aa3658e4b080312653d333,3,1,2,Normal,NULL,NULL,3,NULL,1
cc9ac6f456cf4896f8aa3658e4b080312653d333,9c06c147d71b3512661a473314f8c5f65c8b9bed,4,2,2,Normal,NULL,NULL,4,NULL,1
9c06c147d71b3512661a473314f8c5f65c8b9bed,640acce23310dd99f44044f400d1ff17afa48959,5,4,1,Normal,NULL,NULL,3,NULL,1
640acce23310dd99f44044f400d1ff17afa48959,8432ca02872385761a8c2567254e67731439f7d6,40,26,14,Normal,NULL,NULL,40,NULL,1
8432ca02872385761a8c2567254e67731439f7d6,f2d3e7abe8d9ad7f52fd6310f12c296d1061a0c6,49,47,2,Normal,NULL,NULL,49,NULL,2
f2d3e7abe8d9ad7f52fd6310f12c296d1061a0c6,c63db431fc918b3b051154f7447c919d4074745c,27,25,2,Normal,NULL,NULL,27,NULL,2
c63db431fc918b3b051154f7447c919d4074745c,965bb3427daec1e21072b2e342d0821f678bb4a5,24,14,10,Document,NULL,NULL,0,NULL,98
965bb3427daec1e21072b2e342d0821f678bb4a5,ca7a7463d6e48d25d0cacbeb848853c37457fe43,4,2,2,Document,NULL,NULL,0,NULL,0
ca7a7463d6e48d25d0cacbeb848853c37457fe43,774c1e2ed3666490d769b3f6db091bb6280199ef,0,0,0,Normal,NULL,NULL,0,NULL,0
774c1e2ed3666490d769b3f6db091bb6280199ef,aad343a37941ff04b0dfce821ec44ff7751e5225,6,4,2,Normal,NULL,NULL,0,NULL,22
aad343a37941ff04b0dfce821ec44ff7751e5225,e4c3531c8085e4c48f106127030c0a5dc032469d,8,4,4,Normal,NULL,NULL,8,NULL,1
e4c3531c8085e4c48f106127030c0a5dc032469d,7d20e5b179cba768485638a3d54249fb17fbf6e7,0,0,0,Normal,NULL,NULL,0,NULL,0
7d20e5b179cba768485638a3d54249fb17fbf6e7,da5d9c49608b3286c46c169d21060d630d4088a6,31,25,6,Normal,NULL,NULL,31,NULL,3
da5d9c49608b3286c46c169d21060d630d4088a6,11b545bf23b81c6a4c25f20e3f76ba31cd30e2e5,14,7,7,Normal,NULL,NULL,14,NULL,1
11b545bf23b81c6a4c25f20e3f76ba31cd30e2e5,1f6c9ac2e6ffdce494c25a99c86b3bbb5dd3b8e2,4,2,2,Normal,NULL,NULL,4,NULL,1
1f6c9ac2e6ffdce494c25a99c86b3bbb5dd3b8e2,05c2d139b6beec8f8c7170cf0e28c5208ca66191,23,12,11,fix,ISSUE,BUG,23,NULL,1
05c2d139b6beec8f8c7170cf0e28c5208ca66191,83b646ae8f377e2458721384d241e24314c2f89c,23,16,7,Normal,NULL,NULL,23,NULL,1
83b646ae8f377e2458721384d241e24314c2f89c,276814ac5b2bd5e1a6656fbe0d74cc4599bd5b3a,4,2,2,Normal,NULL,NULL,4,NULL,1
276814ac5b2bd5e1a6656fbe0d74cc4599bd5b3a,49249cfd4e2525b800dd96180f2d1aab98592eb6,9,9,0,Normal,NULL,NULL,9,NULL,1
49249cfd4e2525b800dd96180f2d1aab98592eb6,2914c9758be7f8440feaae8a690b3e821282de65,89,31,58,Normal,NULL,NULL,89,NULL,3
2914c9758be7f8440feaae8a690b3e821282de65,b40ecfc9e8b01194af02b1497a678b9f798c14a3,57,56,1,Normal,NULL,NULL,57,NULL,3
b40ecfc9e8b01194af02b1497a678b9f798c14a3,b69a5dbe801cfb28635286914a3ea36a17810ad1,84,57,27,Normal,NULL,NULL,84,NULL,1
b69a5dbe801cfb28635286914a3ea36a17810ad1,71407226a301db4e45fb9da2d9495d181e27961c,2,1,1,Normal,NULL,NULL,2,NULL,1
71407226a301db4e45fb9da2d9495d181e27961c,4f9335413fa2d788e0389f453885a29c2844c730,8,7,1,Normal,NULL,NULL,8,NULL,2
4f9335413fa2d788e0389f453885a29c2844c730,3ad594449295f5ecae269a87b7315195436fb6b3,34,32,2,Normal,NULL,NULL,34,NULL,1
3ad594449295f5ecae269a87b7315195436fb6b3,516a781425bf70330964035f7891e14b5ba8c9be,86,50,36,Normal,NULL,NULL,77,NULL,2
516a781425bf70330964035f7891e14b5ba8c9be,72a99ad52272ab0bc92c2675a7540e86049711b0,17,0,17,Normal,NULL,NULL,17,NULL,1
72a99ad52272ab0bc92c2675a7540e86049711b0,5fd22a7df7ac3fc60e8ad0dc316b9c0d1151f155,35,35,0,Normal,NULL,NULL,0,NULL,0
5fd22a7df7ac3fc60e8ad0dc316b9c0d1151f155,7bd0437a49d91f7ed7fb3a43e5391b4a8fdaa09b,3,2,1,Normal,NULL,NULL,0,NULL,0
7bd0437a49d91f7ed7fb3a43e5391b4a8fdaa09b,be33b0fc55412ef43138b55e4b395996efac04cf,2,1,1,fix,ISSUE,BUG,2,NULL,1
be33b0fc55412ef43138b55e4b395996efac04cf,d8bdafadab01baf864644ef30e21bdb6d998ca81,2,1,1,Document,NULL,NULL,0,NULL,0
d8bdafadab01baf864644ef30e21bdb6d998ca81,1fe41e04774fdcf938408b63d6b01b4af5cc4486,2,1,1,fix,NULL,NULL,0,NULL,0
1fe41e04774fdcf938408b63d6b01b4af5cc4486,798528ded358dd78d8b3654b6d6ae92af52fa8f0,26,20,6,Normal,NULL,NULL,0,NULL,0
798528ded358dd78d8b3654b6d6ae92af52fa8f0,3501b6f6b86bae52b31a226d863c8be8d18b1329,4,2,2,Normal,NULL,NULL,4,NULL,1
3501b6f6b86bae52b31a226d863c8be8d18b1329,1fc87886805427c40c01ecec033b58af0e8eb5c1,58,47,11,Normal,NULL,NULL,58,NULL,3
1fc87886805427c40c01ecec033b58af0e8eb5c1,afdd3d53a446e169eb9cc0ed41a0a9f872d7eb53,2,2,0,fix,ISSUE,BUG,2,NULL,1
afdd3d53a446e169eb9cc0ed41a0a9f872d7eb53,f7f9a6686026182853ded7357a9d477685d88434,6,3,3,fix,NULL,NULL,6,NULL,1
f7f9a6686026182853ded7357a9d477685d88434,2cb4905df795e0cc029f4a0745f7b925f162f7dc,52,51,1,Normal,NULL,NULL,12,NULL,1
2cb4905df795e0cc029f4a0745f7b925f162f7dc,900f52a1b3991b6de2a4e782ec6e746c4a69347e,58,42,16,Normal,NULL,NULL,57,NULL,3
900f52a1b3991b6de2a4e782ec6e746c4a69347e,038c1bdaed568cabaf52044258b1495d2209b7b5,58,55,3,Normal,NULL,NULL,58,NULL,4
038c1bdaed568cabaf52044258b1495d2209b7b5,cb2e7510e2e45ca99679d183b8f861c4ea421016,69,35,34,Normal,NULL,NULL,69,NULL,1
cb2e7510e2e45ca99679d183b8f861c4ea421016,4d01e22d6dfe347bbbee8dff6f5fd76975d64d07,29,23,6,Normal,NULL,NULL,29,NULL,1
4d01e22d6dfe347bbbee8dff6f5fd76975d64d07,a5670ea21e2ed0aae2058cc2fcc56816f5df0846,16,8,8,Normal,NULL,NULL,16,REFACTOR,1
a5670ea21e2ed0aae2058cc2fcc56816f5df0846,61e09e1535ae437b8f5e84fd30f896057e2c27bc,159,98,61,Normal,NULL,NULL,159,NULL,1
61e09e1535ae437b8f5e84fd30f896057e2c27bc,396dd8486e91dd163281ae1bebae30bcfe3b5ecf,35,30,5,Normal,NULL,NULL,35,NULL,3
396dd8486e91dd163281ae1bebae30bcfe3b5ecf,6c22d3f77323364fc40c85bae48dffd728b40abd,161,155,6,Normal,NULL,NULL,157,NULL,5
6c22d3f77323364fc40c85bae48dffd728b40abd,8786194102ef21abc292ab5dc09bb1ac9329230f,8,4,4,Normal,NULL,NULL,8,NULL,1
8786194102ef21abc292ab5dc09bb1ac9329230f,31ab4d2eb60d9ad3ad599373844ccd0e2358fa1d,8,8,0,Normal,NULL,NULL,8,NULL,1
31ab4d2eb60d9ad3ad599373844ccd0e2358fa1d,ca28e9f8ed8d85313d84706f861b21d4bf87763b,29,20,9,Normal,NULL,NULL,29,NULL,1
ca28e9f8ed8d85313d84706f861b21d4bf87763b,48b025c3b04a096412548374a2483fc9585a0da8,29,14,15,Normal,NULL,NULL,29,NULL,1
48b025c3b04a096412548374a2483fc9585a0da8,c6a6e078150f4bc1a7031cb05e4d2be9ff1fb01e,77,62,15,fix,NULL,NULL,77,NULL,2
c6a6e078150f4bc1a7031cb05e4d2be9ff1fb01e,ecd8c14985f82ca51874e354c3c486de4f8668df,34,16,18,Normal,NULL,NULL,34,NULL,3
ecd8c14985f82ca51874e354c3c486de4f8668df,5bf4d3f5efefbe3b9cd46468632d7ed6c4770a2a,109,108,1,Normal,NULL,NULL,104,NULL,3
5bf4d3f5efefbe3b9cd46468632d7ed6c4770a2a,18910f49c4041228b19d2db8db7c0a2b11b1cc15,10,4,6,Normal,NULL,NULL,10,NULL,2
18910f49c4041228b19d2db8db7c0a2b11b1cc15,88ac2fcff1e64af00d4f9e85832d8b4086b97a9a,5,2,3,Normal,NULL,NULL,5,NULL,2
88ac2fcff1e64af00d4f9e85832d8b4086b97a9a,a5be594ffac4bd13ab40d34ea7b0d0aed8b81a62,94,68,26,Normal,NULL,NULL,94,NULL,3
a5be594ffac4bd13ab40d34ea7b0d0aed8b81a62,926cd2b75b411b856e2e2553b49b498a3f68ab9a,58,58,0,Document,NULL,NULL,0,NULL,0
926cd2b75b411b856e2e2553b49b498a3f68ab9a,043cd2e917c258a761a839eaf127c6e1373b9f6a,1,1,0,fix,ISSUE,BUG,1,NULL,1
043cd2e917c258a761a839eaf127c6e1373b9f6a,9622adc7aa6ccb18dea317b68eac447ee2665d8d,307,233,74,Normal,NULL,NULL,304,NULL,4
9622adc7aa6ccb18dea317b68eac447ee2665d8d,7cbc47d2b6dd6b422c99083ccc12f3ecacd6f378,10,5,5,Normal,NULL,NULL,10,NULL,2
7cbc47d2b6dd6b422c99083ccc12f3ecacd6f378,38d4b350f28fc8b05a3cfac187194f39db843745,7,4,3,Normal,NULL,NULL,7,NULL,2
38d4b350f28fc8b05a3cfac187194f39db843745,bad103a9c8e87abee677197f643a472c60cea5e3,15,11,4,Normal,NULL,NULL,0,NULL,0
bad103a9c8e87abee677197f643a472c60cea5e3,eddbf375692d7ba89b58bb351b8a63b3a62e3366,71,39,32,Normal,NULL,NULL,71,NULL,3
eddbf375692d7ba89b58bb351b8a63b3a62e3366,1fc6bd4b5c866b03d05f87ebb881040db2e99981,63,56,7,Normal,NULL,NULL,63,NULL,1
1fc6bd4b5c866b03d05f87ebb881040db2e99981,254975d358ab96cc7582ff75c2187f33eb5a6ce2,11,9,2,Normal,NULL,NULL,7,NULL,2
254975d358ab96cc7582ff75c2187f33eb5a6ce2,4b34a8bb38c347a6705ed9191cb31fdfab160e6e,4,2,2,fix,ISSUE,BUG,4,NULL,1
4b34a8bb38c347a6705ed9191cb31fdfab160e6e,7f2fbc831f3e72998b6aa408a9e3ec7be797f58a,20,20,0,Normal,NULL,NULL,20,NULL,1
7f2fbc831f3e72998b6aa408a9e3ec7be797f58a,a060122e2863b1a8f7b472454216f5ba155f4f14,3,1,2,fix,NULL,NULL,3,NULL,2
a060122e2863b1a8f7b472454216f5ba155f4f14,8a7073bdafc94cbe4c88405c218445fdea9d63bc,8,4,4,Normal,NULL,NULL,0,NULL,0
8a7073bdafc94cbe4c88405c218445fdea9d63bc,e0ce61072828aa362ebe05314b7b772caf82df56,72,44,28,Normal,NULL,NULL,72,NULL,1
e0ce61072828aa362ebe05314b7b772caf82df56,1a1c2e3e8546846af05f2ea96c24a70d9cd36f7a,13,9,4,fix,NULL,NULL,0,NULL,0
1a1c2e3e8546846af05f2ea96c24a70d9cd36f7a,126893a317cf1c0178cc5282635297451ab2cfda,11,9,2,fix,ISSUE,BUG,11,NULL,1
126893a317cf1c0178cc5282635297451ab2cfda,355e97085717cc17ed2f75d5f6810ab16df46407,15,4,11,Normal,NULL,NULL,8,NULL,1
355e97085717cc17ed2f75d5f6810ab16df46407,f284a5e7de317d201c4f3b88c0deea4a90841ea7,3,3,0,fix,ISSUE,BUG,3,NULL,1
f284a5e7de317d201c4f3b88c0deea4a90841ea7,f898b4557931b135a4cd8b6eb675fa7ed4f41b6c,2,1,1,Normal,NULL,NULL,2,NULL,1
f898b4557931b135a4cd8b6eb675fa7ed4f41b6c,5c01f3f37f5cf0e73f0ee40599d69f2a765d66bb,20,19,1,Normal,NULL,NULL,20,NULL,2
5c01f3f37f5cf0e73f0ee40599d69f2a765d66bb,e1ef42c93081fdc55d216eac953c4ee583a188ff,13,7,6,Normal,NULL,NULL,0,NULL,0
e1ef42c93081fdc55d216eac953c4ee583a188ff,df9a37daba52aa6f5bb6177fd0977c22e0dc15d6,51,20,31,fix,ISSUE,BUG,33,NULL,2
df9a37daba52aa6f5bb6177fd0977c22e0dc15d6,7969ec16d1f4b4c93612df031d12217b23838b6e,24,12,12,Normal,NULL,NULL,18,NULL,3
7969ec16d1f4b4c93612df031d12217b23838b6e,0d8df398622f6b53f7ff5bd0baee557d8e9de5cf,9,5,4,Normal,NULL,NULL,4,NULL,1
0d8df398622f6b53f7ff5bd0baee557d8e9de5cf,a933574ca47268a21379e57116ccc58abb4c929d,4,2,2,Normal,NULL,NULL,0,NULL,0
a933574ca47268a21379e57116ccc58abb4c929d,7bbd2c15f388b61973913c549e85c2f7c9ae8ee9,138,115,23,Normal,NULL,NULL,132,NULL,3
7bbd2c15f388b61973913c549e85c2f7c9ae8ee9,06babbabc7fa35eaf32ab99b8b0b88909317bc7e,49,12,37,Normal,NULL,NULL,29,NULL,2
06babbabc7fa35eaf32ab99b8b0b88909317bc7e,9e0d05f99a5b4dcd4145a0ef42a7f087e53890f6,61,61,0,Normal,NULL,NULL,61,NULL,1
9e0d05f99a5b4dcd4145a0ef42a7f087e53890f6,42e875e736ac75ad3a3de70eaab7a45e42b08b30,0,0,0,Normal,NULL,NULL,0,NULL,0
42e875e736ac75ad3a3de70eaab7a45e42b08b30,42273640714cef9f0afd4f5bb9d71e374f41015a,0,0,0,Normal,NULL,NULL,0,NULL,0
42273640714cef9f0afd4f5bb9d71e374f41015a,451712b20d759e87feb9fdc7c2d784f9931a3a89,13,12,1,Document,NULL,NULL,0,NULL,0
451712b20d759e87feb9fdc7c2d784f9931a3a89,11945d959c883226c83768856f8784ba4b57a7c7,8,5,3,Normal,NULL,NULL,8,NULL,1
11945d959c883226c83768856f8784ba4b57a7c7,bc7a5ee60039adb7fae7f3c95c5f8c4677f76e61,2,1,1,fix,NULL,NULL,2,NULL,1
bc7a5ee60039adb7fae7f3c95c5f8c4677f76e61,40674b9940a255523f4bbeb189f05ae2462b212b,45,30,15,Normal,NULL,NULL,45,NULL,1
40674b9940a255523f4bbeb189f05ae2462b212b,4d23e94ac7f52109ba53ff6e105f6659e9c41fef,2,1,1,Normal,NULL,NULL,2,NULL,1
4d23e94ac7f52109ba53ff6e105f6659e9c41fef,9c2d5e9ad049f18498260e58b33efea54480bbd1,0,0,0,Normal,NULL,NULL,0,NULL,0
9c2d5e9ad049f18498260e58b33efea54480bbd1,856a8c94802030e615fe8f19739c529f7187d680,37,25,12,Normal,NULL,NULL,35,NULL,2
856a8c94802030e615fe8f19739c529f7187d680,c7d4f4507e6384f26f5098908f29fd69635e568d,193,116,77,Normal,NULL,NULL,193,REFACTOR,4
c7d4f4507e6384f26f5098908f29fd69635e568d,f46a0a77d7bf9907b3baedb58b0cacb9e11cf2b6,3,2,1,Normal,NULL,NULL,3,NULL,1
f46a0a77d7bf9907b3baedb58b0cacb9e11cf2b6,a5c3391d74a54125277d7f96003b3b2c97b68aa3,8,7,1,Normal,NULL,NULL,0,NULL,0
a5c3391d74a54125277d7f96003b3b2c97b68aa3,2fb349d7b6552cfb6f2412ff381ac4f2ee4df2a0,1,1,0,Normal,NULL,NULL,0,NULL,0
2fb349d7b6552cfb6f2412ff381ac4f2ee4df2a0,3c9855d8197755cc52ceb177b8ff208fd028674f,11,6,5,Normal,NULL,NULL,0,NULL,2
3c9855d8197755cc52ceb177b8ff208fd028674f,4eadcd9c247f0e03bd627073c3b20ef46113d308,20,14,6,Normal,NULL,NULL,11,NULL,1
4eadcd9c247f0e03bd627073c3b20ef46113d308,baba8df2cba6881f2c27679dbe31cbc6aa832161,1,0,1,Normal,NULL,NULL,1,NULL,1
baba8df2cba6881f2c27679dbe31cbc6aa832161,159c636d145b0d32a98f67e594bb1c0f33aef64c,9,3,6,Normal,NULL,NULL,9,NULL,1
159c636d145b0d32a98f67e594bb1c0f33aef64c,1944bb060d11f6ffc8781f2f92b2767c1cd1b371,10,5,5,Normal,NULL,NULL,10,NULL,1
1944bb060d11f6ffc8781f2f92b2767c1cd1b371,a69a49683cb282269a07c8d8f9c6e176dd3a1d14,98,47,51,Normal,NULL,NULL,98,NULL,3
a69a49683cb282269a07c8d8f9c6e176dd3a1d14,0ec6361d3c19d15398eb15672e0e46b47eaa84d6,163,111,52,Normal,NULL,NULL,145,NULL,4
d22b609121a1b05dc68716bf77f6c7e2e69fa15a,efec313904b89a3d8298ef32555939207de263ed,11,9,2,Normal,NULL,NULL,8,NULL,2
efec313904b89a3d8298ef32555939207de263ed,bb25446536514d45c3d2d7cb1a2b318b24d7e17f,7,4,3,#,NULL,NULL,7,NULL,2
bb25446536514d45c3d2d7cb1a2b318b24d7e17f,a2cbbf62f80d88ec8d391a15e074fbaf0da6d3bd,145,98,47,Normal,NULL,NULL,130,NULL,3
a2cbbf62f80d88ec8d391a15e074fbaf0da6d3bd,6d1dd84217a5c8bb39c6513eb8484eff95b1a4d1,0,0,0,Normal,NULL,NULL,0,NULL,0
0ec6361d3c19d15398eb15672e0e46b47eaa84d6,dd1622f78f2473ac52969ca30c7432247fa5af50,0,0,0,Normal,NULL,NULL,0,NULL,0
dd1622f78f2473ac52969ca30c7432247fa5af50,ae6e46f57e2a3e5e5a0df135ac01faa81f256dbd,1,0,1,Normal,NULL,NULL,1,NULL,1
ae6e46f57e2a3e5e5a0df135ac01faa81f256dbd,54023aada4f97e21e86034af6e28641afe8e690d,92,32,60,fix,NULL,NULL,92,NULL,3
54023aada4f97e21e86034af6e28641afe8e690d,b231e62391f805608b167079ce96910975680fa9,117,61,56,fix,NULL,NULL,117,NULL,2
b231e62391f805608b167079ce96910975680fa9,2657fb063187bf18b3b4cdad1c73e43995f73103,47,27,20,Normal,NULL,NULL,24,NULL,2
2657fb063187bf18b3b4cdad1c73e43995f73103,889e263e205e2399534e19ebb4a13146f09252b5,6,3,3,fix,NULL,NULL,6,NULL,1
889e263e205e2399534e19ebb4a13146f09252b5,a807dc5d004bcb06b7a157b18ea40ef53794b0d5,43,27,16,Normal,NULL,NULL,43,NULL,4
6d1dd84217a5c8bb39c6513eb8484eff95b1a4d1,7b89b5b40d43af2a865332319901d4028a2fbca5,44,27,17,Normal,NULL,NULL,21,NULL,1
7b89b5b40d43af2a865332319901d4028a2fbca5,9eb222398f99ae83a77a730efa176795b2fab6cd,3,0,3,Normal,NULL,NULL,3,NULL,1
a807dc5d004bcb06b7a157b18ea40ef53794b0d5,9eb222398f99ae83a77a730efa176795b2fab6cd,263,222,41,Normal,NULL,NULL,259,NULL,6
9eb222398f99ae83a77a730efa176795b2fab6cd,a6b851071c2576d84952e242665a3d2b489575ba,0,0,0,Normal,NULL,NULL,0,NULL,0
a6b851071c2576d84952e242665a3d2b489575ba,b1e46b4786073e8a8836f4b178fc9c740fd69086,26,2,24,Normal,NULL,NULL,26,NULL,1
b1e46b4786073e8a8836f4b178fc9c740fd69086,ad0bde7db774c1a13ef33168146db8cf63db3d11,26,24,2,Normal,NULL,NULL,26,NULL,1
ad0bde7db774c1a13ef33168146db8cf63db3d11,1d47c64b2b71c92a73c9c156abc31f733a748209,0,0,0,Normal,NULL,NULL,0,NULL,0
1d47c64b2b71c92a73c9c156abc31f733a748209,21eaf89503d5d8d2d385ae2b31af7069660264d1,0,0,0,Normal,NULL,NULL,0,NULL,0
21eaf89503d5d8d2d385ae2b31af7069660264d1,a1d98a02eb14853e77f78966bafd5aa08aa4d417,4,2,2,fix,NULL,NULL,4,NULL,1
a1d98a02eb14853e77f78966bafd5aa08aa4d417,75f8ad9db55686b960c908f072f95dbe3502ca49,36,25,11,fix,NULL,NULL,36,NULL,3
75f8ad9db55686b960c908f072f95dbe3502ca49,ab441c107a2bb8aba1a012c5ac5f039573b37c46,3,2,1,Document,NULL,NULL,0,NULL,0
ab441c107a2bb8aba1a012c5ac5f039573b37c46,31260495a0e76556b552430f71e4e2de805fac9d,4,2,2,Normal,NULL,NULL,0,NULL,0
31260495a0e76556b552430f71e4e2de805fac9d,fb4851ddf40d906cf329c639b25a4c356f1f4de7,12,8,4,fix,NULL,NULL,12,NULL,2
fb4851ddf40d906cf329c639b25a4c356f1f4de7,7c07a78092f7cdd228cab2a7f27e75cf202f26bb,18,5,13,Normal,NULL,NULL,18,NULL,2
7c07a78092f7cdd228cab2a7f27e75cf202f26bb,a711cc662d8b9df55fa9ae18e5a27090c0eb5274,2,1,1,Normal,NULL,NULL,0,NULL,0
a711cc662d8b9df55fa9ae18e5a27090c0eb5274,dd744c4ab10ea8a74a4a6dc333a7534200aadf95,2,1,1,Normal,NULL,NULL,0,NULL,0
dd744c4ab10ea8a74a4a6dc333a7534200aadf95,7a0d499aa553dd7183889f1af03b36133f0f9157,54,27,27,Document,NULL,NULL,36,NULL,2
7a0d499aa553dd7183889f1af03b36133f0f9157,e2b7d4b9a8c3b630d53de2b48663964c5502f2c2,7,3,4,Normal,NULL,NULL,0,NULL,0
e2b7d4b9a8c3b630d53de2b48663964c5502f2c2,4cab221cd217d433796102998c1824f20beb6a4d,3782,0,3782,Document,NULL,NULL,3343,NULL,11
4cab221cd217d433796102998c1824f20beb6a4d,9b03137136b450fdb9a218e71ae12380061d66f2,52200,52192,8,Document,NULL,NULL,51672,NULL,19
121613dfbcf661c014e6b5123aac91dc194b9bcd,9b03137136b450fdb9a218e71ae12380061d66f2,0,0,0,Normal,NULL,NULL,0,NULL,0
9b03137136b450fdb9a218e71ae12380061d66f2,7329234680b4802b599e6bd0c386a9da5ffab8ad,13,8,5,#,NULL,NULL,13,NULL,1
7329234680b4802b599e6bd0c386a9da5ffab8ad,7e8c765d844d1fa250f1ed3fbe7018b7e7f1765b,16,7,9,Normal,NULL,NULL,13,NULL,1
7e8c765d844d1fa250f1ed3fbe7018b7e7f1765b,eeacf049a216e52a2bda666d32061c7ef98cd42d,0,0,0,Normal,NULL,NULL,0,NULL,0
eeacf049a216e52a2bda666d32061c7ef98cd42d,c162ea1581fd24573352820f92a681288a5a71a8,0,0,0,Normal,NULL,NULL,0,NULL,0
e5c6423cb1d4bf08439a157c994f7959f9781f4c,352833e78d4ea80d7e5cb5e96eb4045ce79cfdc3,0,0,0,Normal,NULL,NULL,0,NULL,0
c162ea1581fd24573352820f92a681288a5a71a8,955dd8d939a35e30b50fae97a8f03358aea54616,3,3,0,Normal,NULL,NULL,3,NULL,1
955dd8d939a35e30b50fae97a8f03358aea54616,352833e78d4ea80d7e5cb5e96eb4045ce79cfdc3,24,8,16,Normal,NULL,NULL,24,REFACTOR,3
352833e78d4ea80d7e5cb5e96eb4045ce79cfdc3,a1881177cb657f69a5d4d98a9019bfab5c1d1133,2,1,1,fix,NULL,NULL,2,NULL,1
a1881177cb657f69a5d4d98a9019bfab5c1d1133,616c15fb2d80720186bf416c7ac7a29431d69168,0,0,0,Normal,NULL,NULL,0,NULL,0
447c9d1fbd5c5a9ddee6ec6bcda2ad330045b374,487aabcddf24ab1d55173a6deb59d56bb5f30db7,0,0,0,Normal,NULL,NULL,0,NULL,0
616c15fb2d80720186bf416c7ac7a29431d69168,c367de7b74574e9ce4369d91187f9634efb8bd53,2,2,0,Normal,NULL,NULL,2,NULL,1
c367de7b74574e9ce4369d91187f9634efb8bd53,ca0735d230b2c7ebb3377effd555886118d8515e,6,3,3,Normal,NULL,NULL,6,NULL,2
ca0735d230b2c7ebb3377effd555886118d8515e,487aabcddf24ab1d55173a6deb59d56bb5f30db7,22,11,11,Normal,NULL,NULL,22,NULL,2
487aabcddf24ab1d55173a6deb59d56bb5f30db7,435cfdef3be941f8751787d5c847fe5b48f6e8b1,0,0,0,Normal,NULL,NULL,0,NULL,0
435cfdef3be941f8751787d5c847fe5b48f6e8b1,b9b7e63a2996f9aa4af2bfb0640271184b94de76,5,4,1,fix,NULL,NULL,0,NULL,0
b9b7e63a2996f9aa4af2bfb0640271184b94de76,eb6ee7067befda48b2de186c08579262d7762347,2,1,1,fix,NULL,NULL,2,NULL,1
eb6ee7067befda48b2de186c08579262d7762347,a8ffb2bf1e3cf59238585b8756716bde8db1acc3,0,0,0,Normal,NULL,NULL,0,NULL,0
a8ffb2bf1e3cf59238585b8756716bde8db1acc3,5332a07197987445ff78311575350a68a16b99e2,3,2,1,Normal,NULL,NULL,0,NULL,0
5332a07197987445ff78311575350a68a16b99e2,4524409a252b0cfcfda80e8ac93c1497dbf1d60d,8,6,2,Normal,NULL,NULL,8,NULL,1
4524409a252b0cfcfda80e8ac93c1497dbf1d60d,8e1a1eecb69c5266790836432524bca50cec0636,4,2,2,Normal,NULL,NULL,4,NULL,2
8e1a1eecb69c5266790836432524bca50cec0636,6298c85e4f6d5cdd5787b0794e923f4cd97f5506,62,36,26,Normal,NULL,NULL,58,NULL,5
6298c85e4f6d5cdd5787b0794e923f4cd97f5506,cf50ce4f0302dd249c7a7f7d774551abcf45b049,40,29,11,Normal,NULL,NULL,21,NULL,2
cf50ce4f0302dd249c7a7f7d774551abcf45b049,fc88d373f817ed212f07ef79799075d054840c97,45,20,25,fix,NULL,NULL,43,NULL,2
fc88d373f817ed212f07ef79799075d054840c97,84ae2089a0c4fafd8d817c2513e2090fcf76c3c1,23,16,7,Normal,NULL,NULL,20,NULL,2
84ae2089a0c4fafd8d817c2513e2090fcf76c3c1,24e70af3c0d5ba0e58eb81fa8f90c50a13bb5bdc,53,45,8,fix,NULL,NULL,29,NULL,1
24e70af3c0d5ba0e58eb81fa8f90c50a13bb5bdc,27184a9f3ee54fa67e21ddab3387aa3c6c519d1c,113,113,0,Normal,NULL,NULL,113,NULL,3
27184a9f3ee54fa67e21ddab3387aa3c6c519d1c,91abdd38beedc13e669c9023becd862bf712450d,19,11,8,Normal,NULL,NULL,19,NULL,1
91abdd38beedc13e669c9023becd862bf712450d,7668517a8fa1e43b1a3d9f075f0ec817f3a9bf36,50,50,0,Normal,NULL,NULL,50,NULL,1
7668517a8fa1e43b1a3d9f075f0ec817f3a9bf36,c18a0f27601af8c38af5ad62f3b0f4acf8b21d57,14,7,7,Normal,NULL,NULL,12,NULL,1
c18a0f27601af8c38af5ad62f3b0f4acf8b21d57,3a41bb8ca6a2804415f8c23eb9119c31c3ab4145,4,2,2,Document,NULL,NULL,0,NULL,0
3a41bb8ca6a2804415f8c23eb9119c31c3ab4145,d3bf1c94eedf2c93608d235d2891cb7683f5dc84,22,12,10,Normal,NULL,NULL,22,REFACTOR,1
d3bf1c94eedf2c93608d235d2891cb7683f5dc84,19866a4dfab57739d23cef4108b7b25f2d91b946,63,31,32,Normal,NULL,NULL,63,NULL,1
19866a4dfab57739d23cef4108b7b25f2d91b946,c08c999da7ff61c8060cff804c855927f994e1db,76,32,44,Normal,NULL,NULL,76,NULL,2
c08c999da7ff61c8060cff804c855927f994e1db,faf7926a6c6d0ea173afcf1100a266d4deec234d,2,1,1,fix,NULL,NULL,2,NULL,1
faf7926a6c6d0ea173afcf1100a266d4deec234d,156d200f6b46f4bffdaac1ebec470bbe63f0a19d,4,4,0,Normal,NULL,NULL,4,NULL,1
156d200f6b46f4bffdaac1ebec470bbe63f0a19d,305da4a93cea89650a46e9171c73eaaed46eb1ad,4,4,0,Normal,NULL,NULL,4,NULL,1
305da4a93cea89650a46e9171c73eaaed46eb1ad,68644aa64d8327844b7084bc7677480229e4cf7b,27,26,1,Normal,NULL,NULL,13,NULL,1
68644aa64d8327844b7084bc7677480229e4cf7b,6028bf6bd510d4c76031f853627e7b2fc5beb2bd,7,4,3,Normal,NULL,NULL,7,NULL,1
6028bf6bd510d4c76031f853627e7b2fc5beb2bd,a0a1a37147635001efec4bba41080f6c5db19ac9,6,4,2,Normal,NULL,NULL,6,NULL,1
a0a1a37147635001efec4bba41080f6c5db19ac9,bbce35d84d3a25c15fcf7cb44f068266e0170bfc,10,4,6,Normal,NULL,NULL,10,NULL,1
bbce35d84d3a25c15fcf7cb44f068266e0170bfc,f7006be5a427bd5458c6d20db50e7391376d0205,3,2,1,Document,NULL,NULL,0,NULL,0
f7006be5a427bd5458c6d20db50e7391376d0205,34f29ac661433c29cc0bb696b49f609059f9b557,66,40,26,Normal,NULL,NULL,66,NULL,2
34f29ac661433c29cc0bb696b49f609059f9b557,dd1aa547aa0eb2ee309bae85b1dc194ac05c15bc,470,217,253,Normal,NULL,NULL,470,REFACTOR,1
dd1aa547aa0eb2ee309bae85b1dc194ac05c15bc,42b2e776165c1e30e35fc1e8ee8fed1c33f60eaa,92,50,42,Normal,NULL,NULL,92,NULL,1
42b2e776165c1e30e35fc1e8ee8fed1c33f60eaa,3f27ab859c69895e055f23c1c6653b12e857b62d,14,9,5,fix,NULL,NULL,14,NULL,1
3f27ab859c69895e055f23c1c6653b12e857b62d,91715bb29bd3cc51d19a4d386b488701aeaa3711,21,13,8,fix,NULL,NULL,21,NULL,1
91715bb29bd3cc51d19a4d386b488701aeaa3711,5d1e10f2050aac133567bd33fb196d3fc6bbed8d,57,42,15,Normal,NULL,NULL,57,NULL,2
5d1e10f2050aac133567bd33fb196d3fc6bbed8d,b631a4c747309a844c8135c7d82b9a9f47ff7249,98,73,25,Normal,NULL,NULL,98,NULL,2
db7b24947c4b1fa1ce4f5026332abfb51217a52b,4f02c2ba445ee3e1ec4bc191db02dd238c5cd7a4,19,16,3,Normal,NULL,NULL,19,NULL,2
4f02c2ba445ee3e1ec4bc191db02dd238c5cd7a4,b4497d454390bf4fa78ce91cf155585306794f9d,5,4,1,Normal,NULL,NULL,5,NULL,1
b4497d454390bf4fa78ce91cf155585306794f9d,03d0c23423f87b135483fac93cae4ad5d8bc5fb5,73,33,40,Normal,NULL,NULL,73,NULL,1
1b9e018e6aa2062531c9c30fb971898217297d24,7a1987b78dae06785ec350484cd719d178ca0278,5,4,1,Normal,NULL,NULL,5,NULL,1
03d0c23423f87b135483fac93cae4ad5d8bc5fb5,1244b2fcdc3ab316e731cacb9ae8c2adf9580d51,6,3,3,Normal,NULL,NULL,6,NULL,1
e6f1b068b6ea6c0d26b19ed563725fef13e7ebf3,fd68ba9f2026c4863bd00267cbe17790e52e8bcc,2,1,1,Normal,NULL,NULL,2,NULL,1
7a1987b78dae06785ec350484cd719d178ca0278,5b20021631af7b73aaa6df346c9830b3492b140f,1730,1000,730,Document,NULL,NULL,1287,NULL,14
fd68ba9f2026c4863bd00267cbe17790e52e8bcc,c76945d6829ae528f062e765227446a3b02796d2,4,2,2,fix #,ISSUE,NULL,4,NULL,1
3ea657ae55c7246d9f91418929f702b515288c45,c76945d6829ae528f062e765227446a3b02796d2,4,2,2,Normal,NULL,NULL,4,NULL,1
1244b2fcdc3ab316e731cacb9ae8c2adf9580d51,c76945d6829ae528f062e765227446a3b02796d2,57,48,9,Normal,NULL,NULL,57,NULL,1
b631a4c747309a844c8135c7d82b9a9f47ff7249,de3ef28d056ed168214ded248f871a8e462cccf7,1335,705,630,Document,NULL,NULL,950,NULL,11
c76945d6829ae528f062e765227446a3b02796d2,92effbb74af7c11ccd17e1785de2c8b5c60eba8c,3,3,0,Normal,NULL,NULL,3,NULL,1
92effbb74af7c11ccd17e1785de2c8b5c60eba8c,0f5d9d9f34baa2f45f948fc53e250a571ff5d19c,163,74,89,Normal,NULL,NULL,163,NULL,1
0f5d9d9f34baa2f45f948fc53e250a571ff5d19c,701a3d67ec2dc7a34b01c232b95c35f32b2002bd,23,14,9,Normal,NULL,NULL,23,NULL,3
701a3d67ec2dc7a34b01c232b95c35f32b2002bd,cc78af182c77a13880ec1319d9340f65de45ff28,16,8,8,Normal,NULL,NULL,16,REFACTOR,3
cc78af182c77a13880ec1319d9340f65de45ff28,6a69899394e26648c4df5e91b46794c23015bdf8,6,3,3,Normal,NULL,NULL,6,REFACTOR,1
6a69899394e26648c4df5e91b46794c23015bdf8,ad8b5de46604aebfddbf98fd8cf45be79f5f3cde,9,6,3,Normal,NULL,NULL,7,NULL,1
ad8b5de46604aebfddbf98fd8cf45be79f5f3cde,e1b1bc5811b81166875d33e1b7e2fed6d1c1c335,0,0,0,Normal,NULL,NULL,0,NULL,0
e1b1bc5811b81166875d33e1b7e2fed6d1c1c335,5875ab1b64387aace378befe4b3278461ebe5296,19,8,11,Normal,NULL,NULL,19,NULL,4
f6c3e6b7b689129718b660d5139cb7a376c8817a,42d948ffa82e8adbb38104581d01837afed1f589,0,0,0,Normal,NULL,NULL,0,NULL,0
5875ab1b64387aace378befe4b3278461ebe5296,0bb11c59994aaf4949f336340a5bbe205e86275c,10,7,3,#,NULL,NULL,0,NULL,0
0bb11c59994aaf4949f336340a5bbe205e86275c,497dbaf7ab75b1a66d435dd7aea7abac91900ffd,23,9,14,#,NULL,NULL,0,NULL,0
497dbaf7ab75b1a66d435dd7aea7abac91900ffd,3001838c4ffcd76dbe3e3a0308a014ddcd292c0f,6,2,4,fix,NULL,NULL,6,NULL,1
3001838c4ffcd76dbe3e3a0308a014ddcd292c0f,397765ed304eaa867291b66529cc51b8136aec23,78,35,43,Normal,NULL,NULL,78,REFACTOR,3
397765ed304eaa867291b66529cc51b8136aec23,706e1edf2d4bc839f2ef80137c2cef7f0204ac08,28,11,17,Normal,NULL,NULL,28,REFACTOR,3
706e1edf2d4bc839f2ef80137c2cef7f0204ac08,df8097f2f098a5d4c5463f5a2796671bf1f7eced,268,79,189,Normal,NULL,NULL,268,REFACTOR,5
df8097f2f098a5d4c5463f5a2796671bf1f7eced,42d948ffa82e8adbb38104581d01837afed1f589,417,205,212,Normal,NULL,NULL,417,REFACTOR,4
42d948ffa82e8adbb38104581d01837afed1f589,2f7ac205b273ca3ec15b385d67f5bc28a1fdfeba,2,1,1,Normal,NULL,NULL,2,NULL,1
2f7ac205b273ca3ec15b385d67f5bc28a1fdfeba,87ea366d7971eae81240d9f4b6316923edf125d4,1,0,1,Normal,NULL,NULL,1,NULL,1
87ea366d7971eae81240d9f4b6316923edf125d4,352a6bbb3e98e00bc984d274daefff9a0d202410,17,11,6,Normal,NULL,NULL,17,NULL,1
352a6bbb3e98e00bc984d274daefff9a0d202410,b71a97f5e20bf14f62ba45db6de3970fa0365ade,8,4,4,Format,NULL,NULL,0,NULL,0
b71a97f5e20bf14f62ba45db6de3970fa0365ade,773328d30a9c72acd96f0711d9d95ef256d1ea1a,4,4,0,Normal,NULL,NULL,0,NULL,0
773328d30a9c72acd96f0711d9d95ef256d1ea1a,69476ef33645bd7e6b9dfdcce1786d3d1142d1d8,1,0,1,Document,NULL,NULL,0,NULL,0
69476ef33645bd7e6b9dfdcce1786d3d1142d1d8,0efb3982320fa0b2479c9fefd015100ffe7f9870,2,1,1,fix,NULL,NULL,0,NULL,0
0efb3982320fa0b2479c9fefd015100ffe7f9870,3b9f7319856941ad28bf16d75dfad0728f953603,1,1,0,Normal,NULL,NULL,0,NULL,0
3b9f7319856941ad28bf16d75dfad0728f953603,d27a5e9f970e928ccb093a95ac6ccf84a608bcab,77,61,16,Normal,NULL,NULL,0,NULL,0
d27a5e9f970e928ccb093a95ac6ccf84a608bcab,6f57c3e6e6e6f614fed6bba4bd62d339c9086e0a,179,101,78,Normal,NULL,NULL,0,NULL,0
6f57c3e6e6e6f614fed6bba4bd62d339c9086e0a,150a2dc9a35fdeb69d3582212284f2072afc994f,8,8,0,Normal,NULL,NULL,0,NULL,0
150a2dc9a35fdeb69d3582212284f2072afc994f,0161c6076c12acac86b5a8545b1578f0a9acae2f,125,125,0,Normal,NULL,NULL,0,NULL,0
0161c6076c12acac86b5a8545b1578f0a9acae2f,746f482c21610c48d5e7b0fd89147c57d243271c,15,10,5,Normal,NULL,NULL,15,NULL,3
746f482c21610c48d5e7b0fd89147c57d243271c,281ba2ea400993813f8e0896246440ad21f61e54,2,1,1,Normal,NULL,NULL,2,NULL,1
281ba2ea400993813f8e0896246440ad21f61e54,e5753536201f83a282659ef6e0d7dfe5b276da94,4,2,2,Normal,NULL,NULL,2,NULL,1
e5753536201f83a282659ef6e0d7dfe5b276da94,3710823f677ff4c3bdbac9e8f8e5f019a5985ea7,2,1,1,Normal,NULL,NULL,2,NULL,1
3710823f677ff4c3bdbac9e8f8e5f019a5985ea7,795c384f48d013bb4b983570eab9f1653667c33d,42,29,13,Normal,NULL,NULL,33,NULL,4
795c384f48d013bb4b983570eab9f1653667c33d,37f94d12ca63e3103e26f91cbce9636ec0e4db4a,131,64,67,Normal,NULL,NULL,1,NULL,1
37f94d12ca63e3103e26f91cbce9636ec0e4db4a,5cf517cbd82e7efe5adb2be42e374654c0dea398,2,1,1,Normal,NULL,NULL,2,NULL,1
5cf517cbd82e7efe5adb2be42e374654c0dea398,8bf801aadbab1fc8756984e123d0464a32066e77,18,3,15,Normal,NULL,NULL,0,NULL,0
4d209b0bea4c9c5ec9596581884b3f17b72c3683,8bf801aadbab1fc8756984e123d0464a32066e77,4,4,0,Normal,NULL,NULL,0,NULL,0
8bf801aadbab1fc8756984e123d0464a32066e77,9ee344520429bcda553c115ef8cab26f43298239,0,0,0,Normal,NULL,NULL,0,NULL,0
de3ef28d056ed168214ded248f871a8e462cccf7,ab15933a1100820096ec857ed34c108cce55a785,12,6,6,fix,NULL,NULL,12,NULL,1
ab15933a1100820096ec857ed34c108cce55a785,9ee344520429bcda553c115ef8cab26f43298239,76,62,14,Normal,NULL,NULL,76,NULL,1
9ee344520429bcda553c115ef8cab26f43298239,370aaabe747e1d506181d01767b52f9df67e37b0,1,0,1,Normal,NULL,NULL,1,NULL,1
370aaabe747e1d506181d01767b52f9df67e37b0,98e469ffc273a3d00a9ff05589b791f45e8c352b,113,96,17,Normal,NULL,NULL,95,NULL,5
98e469ffc273a3d00a9ff05589b791f45e8c352b,31b84547789901f2d0d270ec1c5945e12c5c2311,8,4,4,Normal,NULL,NULL,4,NULL,1
31b84547789901f2d0d270ec1c5945e12c5c2311,c4106cd0008885b45481d7aa41ac1fdf9d8ba1d6,4,2,2,Normal,NULL,NULL,4,NULL,1
c4106cd0008885b45481d7aa41ac1fdf9d8ba1d6,94ea9e8333a6af2bc7e242e8f8fa8d76f3cf215a,2,1,1,Normal,NULL,NULL,0,NULL,0
94ea9e8333a6af2bc7e242e8f8fa8d76f3cf215a,6467a28daa24b45ffd47c28aeceee42c9896568f,31,15,16,Normal,NULL,NULL,31,NULL,7
6467a28daa24b45ffd47c28aeceee42c9896568f,02a714a36bf4eeb19af89b9356fca9f32e56bad2,13,6,7,Normal,NULL,NULL,13,NULL,4
02a714a36bf4eeb19af89b9356fca9f32e56bad2,efccb9db8d59b4ece838665d93223b3424be4ce8,6,4,2,Normal,NULL,NULL,6,NULL,1
efccb9db8d59b4ece838665d93223b3424be4ce8,f5066991f8a6619d05764888ccc697d4edb70e08,24,18,6,Normal,NULL,NULL,0,NULL,0
f5066991f8a6619d05764888ccc697d4edb70e08,69dbefd858f5c23d1b593fcb6800f4c65ed1fcae,86,50,36,fix #,ISSUE,NULL,59,NULL,3
69dbefd858f5c23d1b593fcb6800f4c65ed1fcae,e98f585358b4e28bf9df6ccf91f61fc083dccb4d,3,2,1,Normal,NULL,NULL,0,NULL,0
e98f585358b4e28bf9df6ccf91f61fc083dccb4d,1f7f28059bc5faf605341a2661436c77f31f3f37,84,58,26,Normal,NULL,NULL,84,NULL,2
1f7f28059bc5faf605341a2661436c77f31f3f37,d81fa1dce936a2cfa5ed65486e4d7a2368f61c60,6,4,2,Format,NULL,NULL,0,NULL,0
d81fa1dce936a2cfa5ed65486e4d7a2368f61c60,ce333c41d1e412338314bcef1982fef005d62ce2,5,4,1,Normal,NULL,NULL,0,NULL,0
ce333c41d1e412338314bcef1982fef005d62ce2,2a45dc7abc06642dad415482e57a712944548faf,78,40,38,Normal,NULL,NULL,78,NULL,2
a6dea63bb45140f4c160ff6fac3afb1c11964aaa,0e7cde5182c78b8dbc5359389a4a839b59b1e929,5,4,1,Normal,NULL,NULL,0,NULL,0
2a45dc7abc06642dad415482e57a712944548faf,0e7cde5182c78b8dbc5359389a4a839b59b1e929,5,5,0,Normal,NULL,NULL,0,NULL,0
0e7cde5182c78b8dbc5359389a4a839b59b1e929,a875fcf841e9b502565a1ea9e2114590da1651b8,29,22,7,Normal,NULL,NULL,0,NULL,0
a875fcf841e9b502565a1ea9e2114590da1651b8,27499df4732e5d3b5cdf516f0af19211b0a2d07c,12,10,2,Normal,NULL,NULL,0,NULL,0
27499df4732e5d3b5cdf516f0af19211b0a2d07c,1d39b662662d751cc2d29df11898f397caea1471,23,14,9,fix #,ISSUE,NULL,21,NULL,1
1d39b662662d751cc2d29df11898f397caea1471,cca77d915ef92e039235c7214c4a4dd1f927f198,18,17,1,Normal,NULL,NULL,0,NULL,0
5b20021631af7b73aaa6df346c9830b3492b140f,2d8e044b70856e109496fa5cdd2484b70f0aa9c3,52197,52189,8,Document,NULL,NULL,51669,NULL,19
cca77d915ef92e039235c7214c4a4dd1f927f198,dea38d9dec126ea0840c147f396ff3fee4368761,31,18,13,Normal,NULL,NULL,0,NULL,0
dea38d9dec126ea0840c147f396ff3fee4368761,d734f4e721532043b4c6d14c03dd58ba927b30d7,7,6,1,Normal,NULL,NULL,7,NULL,1
d734f4e721532043b4c6d14c03dd58ba927b30d7,3f8fe3469fc8fe8d57bc045d3666b99be09546c5,14,8,6,Normal,NULL,NULL,14,NULL,1
3f8fe3469fc8fe8d57bc045d3666b99be09546c5,3c0e9bd0704bd3671f56511de12199f3ba07774b,18,9,9,Normal,NULL,NULL,18,REFACTOR,1
3c0e9bd0704bd3671f56511de12199f3ba07774b,2506e1a82b35b3a8c1f15f33d4e5426b905d20b0,14,7,7,Normal,NULL,NULL,14,NULL,1
2506e1a82b35b3a8c1f15f33d4e5426b905d20b0,bd8fbe5cc11e0b5260c38f68a6b3cbff270b8d3a,9,0,9,Normal,NULL,NULL,9,NULL,1
bd8fbe5cc11e0b5260c38f68a6b3cbff270b8d3a,2d8e044b70856e109496fa5cdd2484b70f0aa9c3,4,2,2,Normal,NULL,NULL,4,NULL,1
2d8e044b70856e109496fa5cdd2484b70f0aa9c3,d272672ca0f5dd5fe0637aa742025fac330ec4ba,19,15,4,Normal,NULL,NULL,19,NULL,1
d272672ca0f5dd5fe0637aa742025fac330ec4ba,cb85f1f63e1f867e53e0f0c702fe166a3f80b176,38,25,13,Normal,NULL,NULL,34,NULL,2
cb85f1f63e1f867e53e0f0c702fe166a3f80b176,f6a27189d76f7773644c7a12fdc3636aa8fb1490,225,184,41,Normal,NULL,NULL,203,NULL,5
f6a27189d76f7773644c7a12fdc3636aa8fb1490,ea723deb9384bd1d6d78a89fbc15585fc5b6c591,5,4,1,Normal,NULL,NULL,5,NULL,1
ea723deb9384bd1d6d78a89fbc15585fc5b6c591,9f753b8eff7ae4decfbe3a283493496d222de6b9,0,0,0,Normal,NULL,NULL,0,NULL,0
9f753b8eff7ae4decfbe3a283493496d222de6b9,dfbf5acfb0401bac30e373ca8c76f5d234316bb5,2,1,1,fix #,ISSUE,NULL,2,NULL,1
dfbf5acfb0401bac30e373ca8c76f5d234316bb5,2d9d02d63d1384d4a7870984a0f2754c21ec1fe5,6,3,3,Normal,NULL,NULL,6,NULL,2
2d9d02d63d1384d4a7870984a0f2754c21ec1fe5,c35aa8cc389e8a07e9259e621f076700f265a7ec,168,65,103,Normal,NULL,NULL,168,REFACTOR,3
c35aa8cc389e8a07e9259e621f076700f265a7ec,7a0df2057a703710b0d4a5ae0f59eda7210356bf,58,35,23,Normal,NULL,NULL,58,REFACTOR,1
7a0df2057a703710b0d4a5ae0f59eda7210356bf,d5251e96e4513756ec04f783ac95df6384884c8f,65,60,5,Normal,NULL,NULL,65,NULL,1
e78dc82248292415a24b198b4264fe289501039a,754b3aa960b236690e3b4e1cd53c01b57a5652b2,10,10,0,Normal,NULL,NULL,10,NULL,1
754b3aa960b236690e3b4e1cd53c01b57a5652b2,475be4e2fdf9a65a3fa5444eb09e1652272b98f4,80,57,23,Normal,NULL,NULL,80,NULL,2
d5251e96e4513756ec04f783ac95df6384884c8f,475be4e2fdf9a65a3fa5444eb09e1652272b98f4,10,10,0,Normal,NULL,NULL,10,NULL,1
475be4e2fdf9a65a3fa5444eb09e1652272b98f4,bc1ae9d446423fb1c0ddcd1dbb6a28ea458de66d,6,4,2,Normal,NULL,NULL,6,NULL,1
bc1ae9d446423fb1c0ddcd1dbb6a28ea458de66d,1079ac83a2a4c9e2f6f049d20490a3d82bb00aec,152,104,48,Normal,NULL,NULL,152,NULL,3
55267f92adcb7e8254ff94f126156a7f5d68cd85,1079ac83a2a4c9e2f6f049d20490a3d82bb00aec,6,4,2,Normal,NULL,NULL,6,NULL,1
1079ac83a2a4c9e2f6f049d20490a3d82bb00aec,214a26b92f741df367ba20758c273eb9a45b6bbb,4,2,2,fix,NULL,NULL,4,NULL,1
214a26b92f741df367ba20758c273eb9a45b6bbb,1d2c6b61c54f782c03a78e6a33b9dc374bf1e1e6,14,14,0,Normal,NULL,NULL,4,NULL,1
1d2c6b61c54f782c03a78e6a33b9dc374bf1e1e6,479d81b328b3be4047f3cad8353e38c3c7c84da1,2,1,1,fix,NULL,NULL,2,NULL,1
479d81b328b3be4047f3cad8353e38c3c7c84da1,681749e67f7a30849e11c771f0f0e0ba2235b48b,0,0,0,#,NULL,NULL,0,NULL,0
c35aeb48a3a00a2f59a5142f354d2bc367ba27ae,681749e67f7a30849e11c771f0f0e0ba2235b48b,0,0,0,Normal,NULL,NULL,0,NULL,0
681749e67f7a30849e11c771f0f0e0ba2235b48b,ae301008a4ff7ef58ac104757eec16732b43eced,64,29,35,Normal,NULL,NULL,64,NULL,2
ae301008a4ff7ef58ac104757eec16732b43eced,8616787f5a5074bc336802091affefdb669f1f7e,2,2,0,Normal,NULL,NULL,0,NULL,0
8616787f5a5074bc336802091affefdb669f1f7e,cfd94ce0157aff10d33aaaadf605d6355e46cfdd,25,11,14,Normal,NULL,NULL,25,NULL,1
cfd94ce0157aff10d33aaaadf605d6355e46cfdd,39b7526698dc38195797504f654480ae87cb8033,2,1,1,Normal,NULL,NULL,2,NULL,1
39b7526698dc38195797504f654480ae87cb8033,a4b97f7b29789aeac555e546be037581937804c3,20,12,8,Normal,NULL,NULL,0,NULL,0
a4b97f7b29789aeac555e546be037581937804c3,883672bb2246a3e12f350d4af5f5f96ab5c7f761,26,22,4,Normal,NULL,NULL,0,NULL,0
883672bb2246a3e12f350d4af5f5f96ab5c7f761,3afe338548a31e0999c6d75d937a7e7c5a47df6b,14,8,6,Normal,NULL,NULL,14,NULL,1
3afe338548a31e0999c6d75d937a7e7c5a47df6b,a0804041138be5bf04c3014d490b6270a7d55c40,2,0,2,Normal,NULL,NULL,1,NULL,1
a0804041138be5bf04c3014d490b6270a7d55c40,8d62034218aa083f21edd2d338bfd27e328b7bc8,4,2,2,Normal,NULL,NULL,0,NULL,0
8d62034218aa083f21edd2d338bfd27e328b7bc8,c7d3294b98ff3f84d14ea3c836e9824ffc34bb20,10,8,2,fix,NULL,NULL,10,NULL,1
c7d3294b98ff3f84d14ea3c836e9824ffc34bb20,b0b5155a8050787512b683732cf9406a8eb7ccf9,81,36,45,Normal,NULL,NULL,81,NULL,4
b0b5155a8050787512b683732cf9406a8eb7ccf9,9aa3ea67b4bd1e568a36662133d00bdc23dac791,2,1,1,Normal,NULL,NULL,2,NULL,1
9aa3ea67b4bd1e568a36662133d00bdc23dac791,8e25479cb69ce766a88485c182e462c1eb71ce17,80,39,41,Normal,NULL,NULL,80,NULL,1
8e25479cb69ce766a88485c182e462c1eb71ce17,5adbb15c4fabba14399aad43508b3f01640b1b6c,303,158,145,Normal,NULL,NULL,301,REFACTOR,8
5adbb15c4fabba14399aad43508b3f01640b1b6c,74bb7eedd11886e2897245294929086489e1187c,779,397,382,Normal,NULL,NULL,777,NULL,5
74bb7eedd11886e2897245294929086489e1187c,620e81fbb0a7fd9f37ca9a9a61e1f4d124cbc4c6,363,186,177,Normal,NULL,NULL,361,NULL,5
620e81fbb0a7fd9f37ca9a9a61e1f4d124cbc4c6,be155eb3d079b3388a661599f716f19430486486,24,0,24,Normal,NULL,NULL,24,NULL,2
be155eb3d079b3388a661599f716f19430486486,26bf5f29d1fa201258aa47ad528ad122b84137a3,241,121,120,Normal,NULL,NULL,241,REFACTOR,5
26bf5f29d1fa201258aa47ad528ad122b84137a3,4051dbfc24ac99094fa2591a7fd6c247a2a666f6,2,2,0,Normal,NULL,NULL,2,NULL,1
4051dbfc24ac99094fa2591a7fd6c247a2a666f6,eb6b8a70e06ece96e2191eeb7176c9f954e6fd69,52,52,0,fix #,ISSUE,NULL,52,NULL,2
eb6b8a70e06ece96e2191eeb7176c9f954e6fd69,3d3ed09be3833e03ec7a22390ed3b11c167cff46,4,1,3,Format,NULL,NULL,4,NULL,1
3d3ed09be3833e03ec7a22390ed3b11c167cff46,dca0ff48c898ce25bbe05fb5fd2a7602deb194da,13,4,9,Format,NULL,NULL,13,NULL,1
dca0ff48c898ce25bbe05fb5fd2a7602deb194da,ba2e7ef4d144d50af6037d2fc1241a0c9f1a6ab2,34,28,6,Normal,NULL,NULL,34,NULL,2
ba2e7ef4d144d50af6037d2fc1241a0c9f1a6ab2,66a4277b9c6d053711748e59200bbb0acfb6c3f9,129,95,34,Normal,NULL,NULL,129,NULL,3
66a4277b9c6d053711748e59200bbb0acfb6c3f9,deeea75e19e2476ae1daaf7c1918956ee970552c,46,40,6,Normal,NULL,NULL,46,NULL,3
30dd429acc6d712a8dc6d2fff6b33491b4f89767,51b2de03cb8ce92cdaf34bed421b6ef1f90252fa,23,23,0,Normal,NULL,NULL,23,NULL,1
51b2de03cb8ce92cdaf34bed421b6ef1f90252fa,deeea75e19e2476ae1daaf7c1918956ee970552c,11,5,6,Normal,NULL,NULL,11,NULL,1
deeea75e19e2476ae1daaf7c1918956ee970552c,2e24821714568c911d0112a3300855ad79c64005,64,53,11,Document,NULL,NULL,63,NULL,1
2e24821714568c911d0112a3300855ad79c64005,6e53d4eaa3328389e6ae29b86374879b29d3bead,1,1,0,fix,NULL,NULL,0,NULL,0
6e53d4eaa3328389e6ae29b86374879b29d3bead,95d0afb9fe46267754061002d5098551f022f6a9,11,8,3,#,NULL,NULL,11,NULL,1
d554cfec13d99d0d8f138fbf3021d111b67df39a,0a550ab0ec601053a35f96c6a137c2d4ca62ae4e,11,8,3,Normal,NULL,NULL,11,NULL,1
95d0afb9fe46267754061002d5098551f022f6a9,6c3462b0b0e8041424305d92243a80e81c815674,7,7,0,Normal,NULL,NULL,0,NULL,0
6c3462b0b0e8041424305d92243a80e81c815674,0a550ab0ec601053a35f96c6a137c2d4ca62ae4e,10,7,3,Normal,NULL,NULL,10,NULL,1
0a550ab0ec601053a35f96c6a137c2d4ca62ae4e,2048622b9e8effe9162643f9f58e462f392b6d7b,8,3,5,Normal,NULL,NULL,8,NULL,1
2048622b9e8effe9162643f9f58e462f392b6d7b,098ac86b30880270cc2bb8639971219c501ff6e3,12,7,5,Normal,NULL,NULL,12,NULL,3
098ac86b30880270cc2bb8639971219c501ff6e3,a9a575fa153c879af4fb4e602038752b5d59960e,3,1,2,Normal,NULL,NULL,3,NULL,2
a9a575fa153c879af4fb4e602038752b5d59960e,f05d873fd1296a866b93796e82ab08bc94712cd4,5,1,4,Document,NULL,NULL,0,NULL,0
f05d873fd1296a866b93796e82ab08bc94712cd4,f27374ff8c6e6075150577ea140eb1c668e0a5fc,5,5,0,Document,NULL,NULL,0,NULL,0
f27374ff8c6e6075150577ea140eb1c668e0a5fc,d804cef2e6c9e25e75dcec56a51861b89dcf68ca,0,0,0,Normal,NULL,NULL,0,NULL,0
95fad09efa2362a0d3dfde3f9a9f7febf7fb9e50,83d58306ee32d9b900ca75f4eab72c2c01b1618f,0,0,0,Normal,NULL,NULL,0,NULL,0
d804cef2e6c9e25e75dcec56a51861b89dcf68ca,367fbd83acfbafdbae68f8fbc61d8b841ee4e07e,24,22,2,Normal,NULL,NULL,24,NULL,1
367fbd83acfbafdbae68f8fbc61d8b841ee4e07e,af5f3aedb1e34a39852496397d80812335224fb2,32,12,20,Normal,NULL,NULL,32,NULL,1
ef1e48cdef53067dd0a23945c5cc4203bfcdcaac,7e2497d87440ffd3a914076b842f972a2117771b,24,22,2,Normal,NULL,NULL,24,NULL,1
83d58306ee32d9b900ca75f4eab72c2c01b1618f,97dea8779f4f309c605ccf96d658dd83b2647b58,0,0,0,Normal,NULL,NULL,0,NULL,0
97dea8779f4f309c605ccf96d658dd83b2647b58,7e2497d87440ffd3a914076b842f972a2117771b,0,0,0,Normal,NULL,NULL,0,NULL,0
af5f3aedb1e34a39852496397d80812335224fb2,7e2497d87440ffd3a914076b842f972a2117771b,29,29,0,Normal,NULL,NULL,29,NULL,1
138d611768e80bfd6db29f67b7944e9b837680ea,7e2497d87440ffd3a914076b842f972a2117771b,5,5,0,Document,NULL,NULL,0,NULL,0
7c2cbf692b3f4844c7cc5ed01005fa6783c9afc8,7e2497d87440ffd3a914076b842f972a2117771b,3,1,2,Normal,NULL,NULL,3,NULL,2
7e2497d87440ffd3a914076b842f972a2117771b,80d090a5be6273a53d89d62f5b0fec16e6e8a030,19,19,0,Normal,NULL,NULL,0,NULL,0
80d090a5be6273a53d89d62f5b0fec16e6e8a030,fade2df78d3420c56fb08d1ad59d29c01fa08caf,8,4,4,fix,NULL,NULL,8,NULL,1
fade2df78d3420c56fb08d1ad59d29c01fa08caf,26fbee7a837e1eade36783abcaa30dc8b81cc9e8,7,4,3,Document,NULL,NULL,0,NULL,0
26fbee7a837e1eade36783abcaa30dc8b81cc9e8,dd902f2ae9802e903c94bff626fbb924cb6d6bb4,21,17,4,Document,NULL,NULL,0,NULL,0
dd902f2ae9802e903c94bff626fbb924cb6d6bb4,2f606f6c9d6d01b60a7db3e7a65164300eb0850d,7,6,1,Normal,NULL,NULL,0,NULL,0
2f606f6c9d6d01b60a7db3e7a65164300eb0850d,93e42fa23ab580197c463da04227193b31fbe431,8,8,0,Normal,NULL,NULL,8,NULL,2
93e42fa23ab580197c463da04227193b31fbe431,4233ab5cedd2b80a2a73071cd03afcfab10417d5,5,2,3,Normal,NULL,NULL,5,NULL,1
4233ab5cedd2b80a2a73071cd03afcfab10417d5,a1ca16817ab48b26eab74e5bc1191e2a30b8191f,1115,1065,50,Normal,NULL,NULL,1080,NULL,5
3156ca8e64bb77a4021a8d72aba9be4f373c9b8c,08af1a2516f5f28ce4d87491f198f919c5d37e14,75,27,48,Normal,NULL,NULL,18,NULL,2
08af1a2516f5f28ce4d87491f198f919c5d37e14,a6e39418674899fdd280d9b67d55ba5e0472e8c5,1067,1051,16,Normal,NULL,NULL,1062,NULL,3
a1ca16817ab48b26eab74e5bc1191e2a30b8191f,a6e39418674899fdd280d9b67d55ba5e0472e8c5,72,37,35,fix,NULL,NULL,19,NULL,3
a6e39418674899fdd280d9b67d55ba5e0472e8c5,a544898f878bd915d3088fe4f73c3fef32644e59,8,2,6,Document,NULL,NULL,0,NULL,0
a544898f878bd915d3088fe4f73c3fef32644e59,99b1ee458e139c740596b89dbc90a5e84944769b,13,13,0,Normal,NULL,NULL,13,NULL,1
99b1ee458e139c740596b89dbc90a5e84944769b,2d506917a50d39c703dbeedcc95eccc245d7d5d3,30,12,18,Normal,NULL,NULL,30,NULL,1
2d506917a50d39c703dbeedcc95eccc245d7d5d3,ba6a7ac38a27c39443281d48aba71d86f4a717ac,6,5,1,Normal,NULL,NULL,0,NULL,0
ba6a7ac38a27c39443281d48aba71d86f4a717ac,2a160032e338a4d50db338fcc30123ce21bc7d60,27,14,13,fix,NULL,NULL,0,NULL,0
2a160032e338a4d50db338fcc30123ce21bc7d60,6faf13e5076d129cb2d4359a5e6389a3c36b86f8,1,1,0,fix,NULL,NULL,0,NULL,0
6faf13e5076d129cb2d4359a5e6389a3c36b86f8,1f62fce279d35bc718a38d2f0720f195caede396,30,25,5,fix,NULL,NULL,0,NULL,0
1f62fce279d35bc718a38d2f0720f195caede396,fc7c6aaebaaf0f96a7003cb449a2f92af8a24637,12,10,2,Normal,NULL,NULL,0,NULL,0
fc7c6aaebaaf0f96a7003cb449a2f92af8a24637,b644403ec79fe603d5d896113fb2a8659006fc11,15,10,5,Document,NULL,NULL,0,NULL,0
f636373bdf746b9482f2c8bf21c3f90b61d5859a,649faa20edc3b235a6f2dde18518ddc7f2a4df65,2,1,1,Document,NULL,NULL,0,NULL,0
649faa20edc3b235a6f2dde18518ddc7f2a4df65,800a33759241721f22a501152f756cbd4178bf91,7,4,3,Document,NULL,NULL,0,NULL,0
800a33759241721f22a501152f756cbd4178bf91,c2d218c33b34b620fe5fd769e53fcbfea8e46d77,0,0,0,Normal,NULL,NULL,0,NULL,0
c2d218c33b34b620fe5fd769e53fcbfea8e46d77,3e3b460ce8f593df3cc4527d7dcc8d7582345238,6,5,1,Document,NULL,NULL,0,NULL,0
b644403ec79fe603d5d896113fb2a8659006fc11,756222e01fda2fe4d420cce2e78b7ddf73bad55e,29,28,1,Normal,NULL,NULL,29,NULL,1
3e3b460ce8f593df3cc4527d7dcc8d7582345238,befac07758027bf9e31dfad21d63c0c5df6b75c4,29,28,1,Normal,NULL,NULL,29,NULL,1
756222e01fda2fe4d420cce2e78b7ddf73bad55e,d6d936c468f6973ef1a6af7fc48927a2ca48b7db,2,1,1,Normal,NULL,NULL,2,NULL,1
befac07758027bf9e31dfad21d63c0c5df6b75c4,30d0a1202fefbe68570e4d1c43a5986eaa473830,2,1,1,Normal,NULL,NULL,2,NULL,1
d6d936c468f6973ef1a6af7fc48927a2ca48b7db,cd7e385aff7938bc1399d61dd6e09d6b1e7cdaf6,0,0,0,Normal,NULL,NULL,0,NULL,0
30d0a1202fefbe68570e4d1c43a5986eaa473830,9643215539b4ca6590cf4c00233103c8ea46fcc3,0,0,0,Normal,NULL,NULL,0,NULL,0
cd7e385aff7938bc1399d61dd6e09d6b1e7cdaf6,aefdbcf1085da53a614603937ee4171eafc31df6,2,1,1,Normal,NULL,NULL,2,NULL,1
aefdbcf1085da53a614603937ee4171eafc31df6,1017df0bdb6bfee91eaf60558c24e814aca57af2,6,2,4,Document,NULL,NULL,0,NULL,0
9643215539b4ca6590cf4c00233103c8ea46fcc3,57dc8f8d5c914e96b2c054a37e1cb0b7c089b7ca,6,2,4,Document,NULL,NULL,0,NULL,0
1017df0bdb6bfee91eaf60558c24e814aca57af2,37054e6ad13c7e04e38c9bdc78f45d9a0a4ce5e4,13,13,0,Document,NULL,NULL,0,NULL,0
57dc8f8d5c914e96b2c054a37e1cb0b7c089b7ca,0bf5145712e812e253f771412102371e267420b7,13,13,0,Document,NULL,NULL,0,NULL,0
37054e6ad13c7e04e38c9bdc78f45d9a0a4ce5e4,1b4086c935b9f4358c558440a1662f9d39e3f65f,17,17,0,Document,NULL,NULL,0,NULL,0
0bf5145712e812e253f771412102371e267420b7,0c3d57bc8eecc1b3d3584f58adc4b5fc579117ad,17,17,0,Document,NULL,NULL,0,NULL,0
1b4086c935b9f4358c558440a1662f9d39e3f65f,87631e2fbc36a01a111e00d6774683b3eab2f7cc,12,12,0,Normal,NULL,NULL,12,NULL,1
87631e2fbc36a01a111e00d6774683b3eab2f7cc,f83a70dcd637e1b6a319152284c97fd53b315b29,6,5,1,Normal,NULL,NULL,6,NULL,1
f83a70dcd637e1b6a319152284c97fd53b315b29,74f5e44df992b49a18486a2007c89a4a1c19310e,2,1,1,fix,ISSUE,BUG,0,NULL,0
74f5e44df992b49a18486a2007c89a4a1c19310e,1e3918c7c50bae62d6880133b8e8cb1ca95c142a,225,158,67,Normal,NULL,NULL,214,NULL,3
1e3918c7c50bae62d6880133b8e8cb1ca95c142a,e4ebdfbd32bcf0c9122ac71a681159516714486f,13,9,4,Normal,NULL,NULL,13,NULL,1
e4ebdfbd32bcf0c9122ac71a681159516714486f,26da8ad815460b2f8a286de9b721362a6d1e784a,157,59,98,Normal,NULL,NULL,157,NULL,3
26da8ad815460b2f8a286de9b721362a6d1e784a,b77b0df9b6e9e36badced6291543628dbe1832e0,5,3,2,Document,NULL,NULL,0,NULL,0
0c3d57bc8eecc1b3d3584f58adc4b5fc579117ad,6124534e84d93607047a5fd78e80a7489887c8be,4,2,2,Document,NULL,NULL,0,NULL,0
6124534e84d93607047a5fd78e80a7489887c8be,117d8dfe39397088fddebca1cbff54ab9c4cc83c,1,1,0,Normal,NULL,NULL,0,NULL,0
b77b0df9b6e9e36badced6291543628dbe1832e0,ebcf1e0855765b30f767ae80b08c5562615fba32,202780,202647,133,Document,NULL,NULL,23111,NULL,89
ebcf1e0855765b30f767ae80b08c5562615fba32,53e89f019a9359c98830e5009c075be80f54a0da,4,0,4,Normal,NULL,NULL,0,NULL,0
117d8dfe39397088fddebca1cbff54ab9c4cc83c,224aff10d9f6db46e7ebe534c0c1a925550cf7a6,4,2,2,Normal,NULL,NULL,0,NULL,0
224aff10d9f6db46e7ebe534c0c1a925550cf7a6,5d289a17f5a36cd92e5fe67a6632132cd99b0010,202784,202647,137,Document,NULL,NULL,23111,NULL,89
53e89f019a9359c98830e5009c075be80f54a0da,e12e34f153ec4abe441a93a5747764a44293b53c,3,3,0,fix,NULL,NULL,0,NULL,0
e12e34f153ec4abe441a93a5747764a44293b53c,eeb2d7e30e2d4787745f4478ef7c52a631aa02c6,9,7,2,fix,NULL,NULL,0,NULL,0
5d289a17f5a36cd92e5fe67a6632132cd99b0010,5b4f04554401f09ad9270afc141b9e2af5a70963,5,4,1,Normal,NULL,NULL,0,NULL,0
eeb2d7e30e2d4787745f4478ef7c52a631aa02c6,b82f60261a3b5950a5d0ed72345fba51865ad366,5,4,1,Normal,NULL,NULL,0,NULL,0
b82f60261a3b5950a5d0ed72345fba51865ad366,85e0941b4a0ee7cd0756d979fe903b48ed8d01ed,1,1,0,Normal,NULL,NULL,1,NULL,1
85e0941b4a0ee7cd0756d979fe903b48ed8d01ed,a1ed4b60b245ad9369feee7d2b050cabbe469317,63,35,28,fix,ISSUE,BUG,63,NULL,1
a1ed4b60b245ad9369feee7d2b050cabbe469317,0a1e6f80f9a543478c542665f35c0f672ab1db9a,19,11,8,fix,NULL,NULL,19,NULL,1
0a1e6f80f9a543478c542665f35c0f672ab1db9a,79a682ba24a0a3a4a7298fcb56b26ed5b60cfb3a,76,51,25,fix,NULL,NULL,71,NULL,2
79a682ba24a0a3a4a7298fcb56b26ed5b60cfb3a,98f0f258ce300e23d51a24d5d434086d7d1edb64,4,3,1,Normal,NULL,NULL,0,NULL,0
98f0f258ce300e23d51a24d5d434086d7d1edb64,1607cac2dc1a8142220094fb48ff12b43a091447,8,7,1,Normal,NULL,NULL,0,NULL,0
1607cac2dc1a8142220094fb48ff12b43a091447,b6b88c4291770236dbbb7fb7639906da3fb7d753,12,7,5,Normal,NULL,NULL,6,NULL,3
b6b88c4291770236dbbb7fb7639906da3fb7d753,5b4f04554401f09ad9270afc141b9e2af5a70963,426,413,13,Normal,NULL,NULL,287,NULL,5
5b4f04554401f09ad9270afc141b9e2af5a70963,dc189849f150b1e946acd924817864ea9aa3bec7,151,8,143,Normal,NULL,NULL,14,NULL,1
dc189849f150b1e946acd924817864ea9aa3bec7,d4a90d5e1fbbe9bbe2848d3e75be493fc9601307,301,18,283,Normal,NULL,NULL,299,NULL,5
d4a90d5e1fbbe9bbe2848d3e75be493fc9601307,a775be705f623238d49e8b9b24babfa8c8fa2344,30,20,10,Normal,NULL,NULL,26,NULL,2
a775be705f623238d49e8b9b24babfa8c8fa2344,67db708565c18ed6eced26f5ec04d8adc4b1a787,264,245,19,Normal,NULL,NULL,239,NULL,5
67db708565c18ed6eced26f5ec04d8adc4b1a787,0686bfc61d614b3071c7b8237f92cf8cb8ebd031,17,17,0,Normal,NULL,NULL,0,NULL,0
0686bfc61d614b3071c7b8237f92cf8cb8ebd031,b138341ef2f237510555e1326828985c14c6eca0,32,32,0,Normal,NULL,NULL,32,NULL,2
b138341ef2f237510555e1326828985c14c6eca0,bbf4696205a4b2fe4c57297c0d2392892e5cc485,1,0,1,Normal,NULL,NULL,0,NULL,0
bbf4696205a4b2fe4c57297c0d2392892e5cc485,da70de6c976bd4b4ab9709302767eefa9a65d5f6,14,8,6,Normal,NULL,NULL,14,NULL,1
da70de6c976bd4b4ab9709302767eefa9a65d5f6,523f6e7f6da6d0e942daa301bd9da19113272ae8,116,116,0,Normal,NULL,NULL,0,NULL,0
523f6e7f6da6d0e942daa301bd9da19113272ae8,73f7e9db0ba07cb4c369fab7311b5f8a1f7779a4,7,4,3,Normal,NULL,NULL,7,NULL,1
73f7e9db0ba07cb4c369fab7311b5f8a1f7779a4,27680f1ea017841a587b0cfe62ee65e27735144f,4,3,1,Document,NULL,NULL,0,NULL,0
27680f1ea017841a587b0cfe62ee65e27735144f,a87e2328fdad4894c8627cf35336395e7d757087,0,0,0,Normal,NULL,NULL,0,NULL,0
a87e2328fdad4894c8627cf35336395e7d757087,df067decfe94b041e79ad48b2e97e3b775020089,2,1,1,fix,ISSUE,BUG,2,NULL,1
df067decfe94b041e79ad48b2e97e3b775020089,973dca3a0629cb35efafbabe7ea849e8794cdb78,9,6,3,Normal,NULL,NULL,0,NULL,0
973dca3a0629cb35efafbabe7ea849e8794cdb78,582093a229d0a478fa79953f855c858023f70536,26,13,13,fix,ISSUE,BUG,26,NULL,1
582093a229d0a478fa79953f855c858023f70536,47c9e97a21701abc872a01fba3da69267a875059,2,1,1,Normal,NULL,NULL,2,NULL,1
47c9e97a21701abc872a01fba3da69267a875059,ca76110fc7b91834d17ae68fe168d0093a07fbee,7,6,1,Normal,NULL,NULL,7,NULL,1
ca76110fc7b91834d17ae68fe168d0093a07fbee,d340d3955a3a5dcb6ad2732fbe386dd32b79fb9d,29,24,5,Normal,NULL,NULL,29,NULL,3
d340d3955a3a5dcb6ad2732fbe386dd32b79fb9d,f7d52a5384ed2a6549e200f4ea46d0ad26a56ce3,6,3,3,Normal,NULL,NULL,6,NULL,1
f7d52a5384ed2a6549e200f4ea46d0ad26a56ce3,450118e36bcbfb85102afe35d72ef7d31d0f4fc1,9,7,2,Normal,NULL,NULL,9,NULL,1
450118e36bcbfb85102afe35d72ef7d31d0f4fc1,535ad4c198f2cdced74872e9ed34261a7541e91a,55,26,29,Normal,NULL,NULL,55,NULL,3
535ad4c198f2cdced74872e9ed34261a7541e91a,4f4d7cc18bb09365947c27b209f79fa84bcdc6cc,183,158,25,Normal,NULL,NULL,180,NULL,3
4f4d7cc18bb09365947c27b209f79fa84bcdc6cc,18c8b32452e55f9f0b0a0172537fabab8e03dfbd,21,12,9,Normal,NULL,NULL,21,NULL,2
18c8b32452e55f9f0b0a0172537fabab8e03dfbd,57183b4e1ce3e27d9c69c7b385c920ecf8d33081,6,1,5,Normal,NULL,NULL,6,NULL,1
57183b4e1ce3e27d9c69c7b385c920ecf8d33081,2cc996e9431ed82428c361e6013f99c3039ac4f7,0,0,0,Normal,NULL,NULL,0,NULL,0
2cc996e9431ed82428c361e6013f99c3039ac4f7,889c41ae2138780fb89a76e8cc64b6ab8105b872,2,1,1,Normal,NULL,NULL,2,NULL,1
889c41ae2138780fb89a76e8cc64b6ab8105b872,1958e206341aa9d57cf1cd0f6fb3095ab1437b60,1,1,0,Normal,NULL,NULL,0,NULL,0
1958e206341aa9d57cf1cd0f6fb3095ab1437b60,a775becbf7cc470fbca9e3bf1c0563611932108f,15,10,5,Document,NULL,NULL,0,NULL,0
a775becbf7cc470fbca9e3bf1c0563611932108f,427c57a315fb0cb0190b76e86af2c2ae1b666de8,32,0,32,Normal,NULL,NULL,0,NULL,0
427c57a315fb0cb0190b76e86af2c2ae1b666de8,4f4e5e7796ace74f34312ea542d89fec54829018,60,22,38,Normal,NULL,NULL,0,NULL,0
4f4e5e7796ace74f34312ea542d89fec54829018,cee92585b8d7f99dc19b3b8057c7571abe9e5b39,29,22,7,Normal,NULL,NULL,29,NULL,1
cee92585b8d7f99dc19b3b8057c7571abe9e5b39,42dd7bc32fd051fd2805fcf03aa755786b8cec7a,24,22,2,Normal,NULL,NULL,24,NULL,1
42dd7bc32fd051fd2805fcf03aa755786b8cec7a,e2142f9f3264efb0931ffcbf1207c35b517e240e,3,3,0,Normal,NULL,NULL,3,NULL,1
e2142f9f3264efb0931ffcbf1207c35b517e240e,e83f51a2b52a8198b9c5dfb29450e89ec3fe2932,12,3,9,Normal,NULL,NULL,12,NULL,1
b8eba2be9f92c0eadecd49c9d7f006d50c9298d0,e83f51a2b52a8198b9c5dfb29450e89ec3fe2932,3,3,0,Normal,NULL,NULL,3,NULL,1
e83f51a2b52a8198b9c5dfb29450e89ec3fe2932,dfa0e23fdf57266e6906333b5a801afca8c7f6c0,118,114,4,Normal,NULL,NULL,118,NULL,1
dfa0e23fdf57266e6906333b5a801afca8c7f6c0,4a990b6d049dc8e3e468ce18cbc751e8b3096398,1,1,0,Document,NULL,NULL,0,NULL,0
4a990b6d049dc8e3e468ce18cbc751e8b3096398,c75aecf5a8373ac4c9a04b157d133095c01fec9d,2,1,1,Normal,NULL,NULL,2,NULL,1
c75aecf5a8373ac4c9a04b157d133095c01fec9d,272b69145e0c19eb0a5123aa73143ed1d6e7ee27,2,1,1,Document,NULL,NULL,0,NULL,0
272b69145e0c19eb0a5123aa73143ed1d6e7ee27,c73276ba3bff31979ab2a8cb9495014e11b73e59,2,1,1,fix,NULL,NULL,2,NULL,1
c73276ba3bff31979ab2a8cb9495014e11b73e59,fb58f74b96a0e923c8cf10639a204052b75287ac,86,44,42,Normal,NULL,NULL,84,NULL,2
fb58f74b96a0e923c8cf10639a204052b75287ac,66354d66ee44d6c5d2da4c0cb8fc4f468e67c90c,142,138,4,Normal,NULL,NULL,136,NULL,3
66354d66ee44d6c5d2da4c0cb8fc4f468e67c90c,719b0fbb7d918b3c7902f37a1d4d9e668cf7b882,7,6,1,Normal,NULL,NULL,7,NULL,1
719b0fbb7d918b3c7902f37a1d4d9e668cf7b882,e53232f824389a9284642bfcb4832f5633a8ed4d,4,4,0,Document,NULL,NULL,0,NULL,0
e53232f824389a9284642bfcb4832f5633a8ed4d,75c3ad99cc580d69c790e37b7f10d71b5eb4e50a,1,1,0,Document,NULL,NULL,0,NULL,0
75c3ad99cc580d69c790e37b7f10d71b5eb4e50a,cc376a62f07cb405a95ff0c3277c20e6aebee7be,0,0,0,Normal,NULL,NULL,0,NULL,0
dc89679a29d12320648c45b8882afabd4461e213,cc376a62f07cb405a95ff0c3277c20e6aebee7be,1,1,0,Document,NULL,NULL,0,NULL,0
cc376a62f07cb405a95ff0c3277c20e6aebee7be,d6dc0d369ef104c81815762667febf93a9a3366f,2,1,1,Normal,NULL,NULL,2,NULL,1
d6dc0d369ef104c81815762667febf93a9a3366f,49b946579996c94567639402c2b63afe47e12320,20,13,7,Document,NULL,NULL,0,NULL,0
49b946579996c94567639402c2b63afe47e12320,04aebafc6f7a3ca2024a5864efae37c20a42e5af,4,2,2,Normal,NULL,NULL,4,NULL,1
04aebafc6f7a3ca2024a5864efae37c20a42e5af,49d1b666b201d5906d61c10a56a64fcd0c1ab9c2,2,1,1,Normal,NULL,NULL,2,NULL,1
49d1b666b201d5906d61c10a56a64fcd0c1ab9c2,e1f19d106e26b5c1bb0d72e06f248b630bf4d21d,6,3,3,Normal,NULL,NULL,6,NULL,1
e1f19d106e26b5c1bb0d72e06f248b630bf4d21d,030de17aed5b2fbf4273cb9f6877f4593570a09a,6,4,2,Normal,NULL,NULL,6,NULL,1
030de17aed5b2fbf4273cb9f6877f4593570a09a,078a3960d6819070c520681e3125dff72f50ccb0,48,25,23,Normal,NULL,NULL,27,NULL,1
078a3960d6819070c520681e3125dff72f50ccb0,dca0a8c0387008511b15e72b961fdd31b0d53be3,7,5,2,Normal,NULL,NULL,2,NULL,1
dca0a8c0387008511b15e72b961fdd31b0d53be3,59fd87fd1e54008cfd4386f77cb6548b7faf698d,12,10,2,Normal,NULL,NULL,12,NULL,1
59fd87fd1e54008cfd4386f77cb6548b7faf698d,45b26fde92aabf2f78cd0b3ec57eaabba2bb5068,3,0,3,Normal,NULL,NULL,2,NULL,1
45b26fde92aabf2f78cd0b3ec57eaabba2bb5068,0a8204444925d64806b3c1b18eb201ea517d0fa2,16,9,7,Normal,NULL,NULL,16,NULL,1
0a8204444925d64806b3c1b18eb201ea517d0fa2,11ca3afb049059127b3a4b008c33c5181528161b,24,11,13,Normal,NULL,NULL,24,NULL,1
11ca3afb049059127b3a4b008c33c5181528161b,f99ccb683162c5a08a1b76bd597b54af17d2617a,13,8,5,Normal,NULL,NULL,0,NULL,0
f99ccb683162c5a08a1b76bd597b54af17d2617a,407d70fa7e3a465e572d8dc0bf7f3b824434e853,19,10,9,Normal,NULL,NULL,0,NULL,0
407d70fa7e3a465e572d8dc0bf7f3b824434e853,b76fded9b960db097ee7351d574426c08c06af47,8,4,4,Normal,NULL,NULL,0,NULL,0
b76fded9b960db097ee7351d574426c08c06af47,a05bdb0c54d8fc1492dfc2beb0839d7fecb2d618,22,15,7,fix,NULL,NULL,14,NULL,1
a05bdb0c54d8fc1492dfc2beb0839d7fecb2d618,f9162ebc53f81a9eab0c591109baccf1de8e1c97,2,1,1,Normal,NULL,NULL,2,NULL,1
f9162ebc53f81a9eab0c591109baccf1de8e1c97,85746f6d0b0170d10ccc6fbc81325a9e883a86f9,12,8,4,Normal,NULL,NULL,12,NULL,1
85746f6d0b0170d10ccc6fbc81325a9e883a86f9,d846ab1cbdc4b3d006f7bd1c459e5a10cb4987f5,11,7,4,Normal,NULL,NULL,11,NULL,3
d846ab1cbdc4b3d006f7bd1c459e5a10cb4987f5,33e195021000e582117853bb3879cc5767d24822,95,86,9,Normal,NULL,NULL,95,NULL,3
33e195021000e582117853bb3879cc5767d24822,fec969d96eb7ad58ff367ad5a7439ccbe767ee93,60,55,5,Normal,NULL,NULL,44,NULL,1
fec969d96eb7ad58ff367ad5a7439ccbe767ee93,63eb225ce5811fdcc6199cf664c02b1e30908ee0,28,18,10,fix,NULL,NULL,28,NULL,1
63eb225ce5811fdcc6199cf664c02b1e30908ee0,529f60d0db39ed896e09cea97a20dbbbaacde51d,4,4,0,Normal,NULL,NULL,4,NULL,1
529f60d0db39ed896e09cea97a20dbbbaacde51d,a5ad57bcaa603dc2b6207e4a5d047477c9e2bd16,48,37,11,Normal,NULL,NULL,48,NULL,3
a5ad57bcaa603dc2b6207e4a5d047477c9e2bd16,f202749191dfaf5ed20a21ea4883873a7f44c0f7,40,20,20,Normal,NULL,NULL,40,REFACTOR,3
f202749191dfaf5ed20a21ea4883873a7f44c0f7,843d35860485d9c3e275034c9b4e4817450644b0,53,37,16,Normal,NULL,NULL,53,REFACTOR,1
843d35860485d9c3e275034c9b4e4817450644b0,ac8731667b746a0c85fec068e476d4346753b447,13,9,4,Normal,NULL,NULL,13,NULL,1
ac8731667b746a0c85fec068e476d4346753b447,8879066d79911e44f7206f355045e637e3f0b67a,19,17,2,Normal,NULL,NULL,19,NULL,3
8879066d79911e44f7206f355045e637e3f0b67a,14670da84013cf2bb75c23665ea3e7857f0bd252,46,27,19,fix,ISSUE,BUG,46,REFACTOR,3
14670da84013cf2bb75c23665ea3e7857f0bd252,913962c80562141a91793775f607827e492d8bc6,68,34,34,Normal,NULL,NULL,68,REFACTOR,1
913962c80562141a91793775f607827e492d8bc6,356d1307654d57faf596d3f7074d57600e1c9140,83,62,21,Normal,NULL,NULL,83,NULL,3
356d1307654d57faf596d3f7074d57600e1c9140,4220a224c7027c9ee77b0a2a20694bb9bbb0e72d,40,13,27,Normal,NULL,NULL,40,NULL,1
4220a224c7027c9ee77b0a2a20694bb9bbb0e72d,c0e7a406bc0856d7b42b80441f87744610383260,91,57,34,Normal,NULL,NULL,91,NULL,3
c0e7a406bc0856d7b42b80441f87744610383260,6b532757ca30a2694768e5fe013f63e7b2019d3e,14,10,4,Normal,NULL,NULL,0,NULL,0
6b532757ca30a2694768e5fe013f63e7b2019d3e,d5576f6ab13750752a82dfe564d7db6f51d768a5,37,29,8,Normal,NULL,NULL,37,NULL,2
d5576f6ab13750752a82dfe564d7db6f51d768a5,b9ed6ea72cc5dd30c5656a2cd54838bb0f42b609,6,4,2,Normal,NULL,NULL,0,NULL,0
b9ed6ea72cc5dd30c5656a2cd54838bb0f42b609,c57395b67f590934d19506b3c7daecbff967c0c4,127,123,4,Normal,NULL,NULL,114,NULL,6
c57395b67f590934d19506b3c7daecbff967c0c4,8c91b2aa7ed001457905de0cdaa70ea672a24f50,40,22,18,Normal,NULL,NULL,40,NULL,1
8c91b2aa7ed001457905de0cdaa70ea672a24f50,a86534943ef0c4261fe61bb252db3d03d0e4fb09,24,15,9,Normal,NULL,NULL,24,NULL,1
a86534943ef0c4261fe61bb252db3d03d0e4fb09,cefa2382bf8bf0b31886e81fec1ea4eb76410af5,20,19,1,Normal,NULL,NULL,20,NULL,1
cefa2382bf8bf0b31886e81fec1ea4eb76410af5,f4ede79121ccbbcf285556f8eb55a465b91f6194,39,19,20,Normal,NULL,NULL,39,NULL,1
f4ede79121ccbbcf285556f8eb55a465b91f6194,be1f2de281f6efc239d40a5eaf1ff426d6b2dc58,2,1,1,fix,ISSUE,BUG,2,NULL,1
be1f2de281f6efc239d40a5eaf1ff426d6b2dc58,c604fb1d0b843e946681ea8bf00a3a5ee2b992a7,63,28,35,Normal,NULL,NULL,63,NULL,3
c604fb1d0b843e946681ea8bf00a3a5ee2b992a7,5557211baf0e300eacfc7364847cab353700c322,24,10,14,Normal,NULL,NULL,24,NULL,1
5557211baf0e300eacfc7364847cab353700c322,1a53fe75e408a9064ad8499c4d397b213152bbc9,53,26,27,Normal,NULL,NULL,53,NULL,1
1a53fe75e408a9064ad8499c4d397b213152bbc9,ad399d0419e59da1d2f3f175f00638e209fdf028,60,30,30,Normal,NULL,NULL,60,REFACTOR,1
ad399d0419e59da1d2f3f175f00638e209fdf028,53d7ed633dec9d77ce7aaead6f166b6b9c2286c9,15,9,6,Normal,NULL,NULL,15,NULL,2
53d7ed633dec9d77ce7aaead6f166b6b9c2286c9,1055923ac64c266653c3b828c52a14f1a30d754d,10,5,5,Normal,NULL,NULL,8,NULL,1
1055923ac64c266653c3b828c52a14f1a30d754d,27f8fe68454dfef112553caa1fb34a7d47886a2c,24,12,12,fix,NULL,NULL,24,NULL,1
27f8fe68454dfef112553caa1fb34a7d47886a2c,5f3e9b9bb35934bea4dcaa7396b483b188f2b088,47,39,8,fix,NULL,NULL,47,NULL,1
5f3e9b9bb35934bea4dcaa7396b483b188f2b088,d84a2c991511702220e229e067e4a49d2f5f4144,113,75,38,Normal,NULL,NULL,113,NULL,1
d84a2c991511702220e229e067e4a49d2f5f4144,785c4c2d44ac108d3558d92e7ed2ef2ed91986ab,24,15,9,fix,NULL,NULL,24,NULL,1
785c4c2d44ac108d3558d92e7ed2ef2ed91986ab,f340666eba8f171a02c280e127f381740b428478,14,7,7,Normal,NULL,NULL,14,NULL,1
f340666eba8f171a02c280e127f381740b428478,357831979a0e3c09f833646c1f8798baedfae1b1,26,26,0,Normal,NULL,NULL,0,NULL,0
357831979a0e3c09f833646c1f8798baedfae1b1,e51bcc30bfa650a6db126f4b67f7d643e44c1eb3,65,47,18,Normal,NULL,NULL,65,NULL,3
e51bcc30bfa650a6db126f4b67f7d643e44c1eb3,620109ae09a315a7e7da25192b3df4fab6dc0671,23,16,7,Normal,NULL,NULL,19,NULL,3
620109ae09a315a7e7da25192b3df4fab6dc0671,61ff0141b20ebd606a5eec95a20761cef5835cce,176,115,61,Normal,NULL,NULL,123,NULL,3
61ff0141b20ebd606a5eec95a20761cef5835cce,35001de05357f14fc25a345b5356d221b9b640d0,22,19,3,Normal,NULL,NULL,16,NULL,2
35001de05357f14fc25a345b5356d221b9b640d0,6a4c94f275ad4e0fad877e78cbe08e69c945e9e7,49,36,13,Normal,NULL,NULL,49,NULL,1
6a4c94f275ad4e0fad877e78cbe08e69c945e9e7,4d52b03784f2d0779675ffd1537603a6957a19d4,10,1,9,Comment,NULL,NULL,10,NULL,1
4d52b03784f2d0779675ffd1537603a6957a19d4,eb00747099ee2cfb90b9b6820b3617141c0b9c01,32,21,11,Normal,NULL,NULL,32,REFACTOR,1
eb00747099ee2cfb90b9b6820b3617141c0b9c01,430889f4a1f6f10c957d0ca7eede2b3c5f25c79c,78,67,11,Normal,NULL,NULL,78,NULL,1
430889f4a1f6f10c957d0ca7eede2b3c5f25c79c,58c44ffcf7bdb7e61de027d42841e75a52b564bb,13,10,3,Normal,NULL,NULL,13,NULL,1
58c44ffcf7bdb7e61de027d42841e75a52b564bb,103b014ba42fa1e400687cfe77dee6e9849c99a4,7,4,3,Normal,NULL,NULL,7,NULL,1
103b014ba42fa1e400687cfe77dee6e9849c99a4,2e399d83390b4efbcc5eaa8c76ba9a93ea78b6ac,14,11,3,Normal,NULL,NULL,14,NULL,1
2e399d83390b4efbcc5eaa8c76ba9a93ea78b6ac,70bcd8bf2f7a6d8bc48cb0e6cdc221565e87ae9e,43,27,16,Normal,NULL,NULL,43,NULL,2
70bcd8bf2f7a6d8bc48cb0e6cdc221565e87ae9e,3ce03645f9d7dde0e557d0f816a014083a259ada,18,13,5,Normal,NULL,NULL,18,NULL,1
3ce03645f9d7dde0e557d0f816a014083a259ada,0ec299c9958cb0bf78d4c4550878e174108c4e75,185,128,57,Normal,NULL,NULL,185,NULL,2
0ec299c9958cb0bf78d4c4550878e174108c4e75,f4be530a03c897c72011844abcb9baf58a4b2b47,11,10,1,Normal,NULL,NULL,8,NULL,1
f4be530a03c897c72011844abcb9baf58a4b2b47,748e10464dbe0aa114183d62cfb03c1f68f3f0b0,62,40,22,Normal,NULL,NULL,62,NULL,1
748e10464dbe0aa114183d62cfb03c1f68f3f0b0,ed7531d762f3f9edd046c907141b405bfc95337b,8,0,8,Normal,NULL,NULL,8,NULL,1
ed7531d762f3f9edd046c907141b405bfc95337b,345dbce855474d74f3616f5a51a0a0e1f6e7e2bf,8,4,4,fix,NULL,NULL,8,NULL,1
345dbce855474d74f3616f5a51a0a0e1f6e7e2bf,907e2afaf02b8c0b99ccf3ff4cd780a951783aa2,26,4,22,Normal,NULL,NULL,26,NULL,2
907e2afaf02b8c0b99ccf3ff4cd780a951783aa2,264cd701920394b36d4341a2296357c8156c1f0e,94,42,52,Normal,NULL,NULL,94,REFACTOR,1
264cd701920394b36d4341a2296357c8156c1f0e,eca819e5ecbcfa92662d712e75a3ad654dd701a7,45,30,15,Normal,NULL,NULL,45,NULL,1
eca819e5ecbcfa92662d712e75a3ad654dd701a7,fb86aa62dec35db1bd6b7efebba56812b7881a83,82,75,7,Normal,NULL,NULL,80,NULL,1
fb86aa62dec35db1bd6b7efebba56812b7881a83,a193dace02cfd555b290f99f22b4d3470ba0370d,104,91,13,Normal,NULL,NULL,56,NULL,3
a193dace02cfd555b290f99f22b4d3470ba0370d,507aa2eb05bd69b24eda88dce23fb23bade10eec,23,13,10,Normal,NULL,NULL,15,REFACTOR,3
507aa2eb05bd69b24eda88dce23fb23bade10eec,ff89774560564726629d25d2f596fb6b5b469c9d,75,40,35,Normal,NULL,NULL,75,NULL,1
ff89774560564726629d25d2f596fb6b5b469c9d,352b1865c947fcc37520fcbf05992334986cf4c0,16,8,8,fix,NULL,NULL,14,NULL,1
352b1865c947fcc37520fcbf05992334986cf4c0,1d90a30cec1ccd6aea9ee49a430d3be426e16669,9,1,8,Normal,NULL,NULL,9,NULL,1
1d90a30cec1ccd6aea9ee49a430d3be426e16669,e53152f8d46467a19dda03ebe8196ea09e3bba27,15,8,7,Normal,NULL,NULL,15,NULL,3
e53152f8d46467a19dda03ebe8196ea09e3bba27,ad2af84c9017dc05eae6010c9724531ca8643c73,35,17,18,Normal,NULL,NULL,35,NULL,1
ad2af84c9017dc05eae6010c9724531ca8643c73,6aed6882a87daea40a20ba2f298edf03a6005034,217,114,103,Normal,NULL,NULL,210,NULL,4
6aed6882a87daea40a20ba2f298edf03a6005034,f2f3a270b43f25563f888516ad455172ea826fde,7,6,1,Normal,NULL,NULL,7,NULL,1
f2f3a270b43f25563f888516ad455172ea826fde,cd52ff54f8b2eca40264bfdb157d82288ba7ec6c,13,8,5,Normal,NULL,NULL,13,NULL,2
cd52ff54f8b2eca40264bfdb157d82288ba7ec6c,fed25e54b2a25930de5db9d9589b416a63764c31,8,4,4,Normal,NULL,NULL,8,NULL,1
fed25e54b2a25930de5db9d9589b416a63764c31,64e09cb33ee70818c6e72bd095fd6893d11d59bd,165,149,16,Normal,NULL,NULL,156,NULL,3
64e09cb33ee70818c6e72bd095fd6893d11d59bd,d36c06f425d3073d046e34cded4915208897b8c5,5,5,0,Normal,NULL,NULL,0,NULL,0
d36c06f425d3073d046e34cded4915208897b8c5,ba4c66da7d3b1909c07268844505c095c3c73d1e,321,245,76,Normal,NULL,NULL,313,NULL,6
ba4c66da7d3b1909c07268844505c095c3c73d1e,37731e70f16454f851ef6602ae4c4f486e7cb327,10,1,9,fix,NULL,NULL,8,NULL,1
37731e70f16454f851ef6602ae4c4f486e7cb327,c67bd9531484f2116719513609c908840a4f09e8,173,133,40,Normal,NULL,NULL,157,NULL,4
dc441f37a5e3e4eaa51c407b77d3717e66f761bd,4f9a844828f887517712d049718db95f6f55e66b,12,7,5,Normal,NULL,NULL,10,NULL,1
4f9a844828f887517712d049718db95f6f55e66b,4c885f14220405b37236b0e0ce225a815c7e6279,5,1,4,Normal,NULL,NULL,5,NULL,1
4c885f14220405b37236b0e0ce225a815c7e6279,ae64843304f4d3d554bcbdb425b7b0177a8a8d99,34,18,16,Normal,NULL,NULL,34,NULL,2
ae64843304f4d3d554bcbdb425b7b0177a8a8d99,b937f8b27da75fa742a0ae939f2f48003421d6f8,144,114,30,Normal,NULL,NULL,128,NULL,4
b937f8b27da75fa742a0ae939f2f48003421d6f8,26c30f6725c866242f9f6392277caf9ac6dde74d,5,5,0,Normal,NULL,NULL,5,NULL,1
26c30f6725c866242f9f6392277caf9ac6dde74d,bc3e06212332ed51e6c37f91507836c8ef588ce3,11,9,2,Normal,NULL,NULL,11,NULL,1
bc3e06212332ed51e6c37f91507836c8ef588ce3,fc99eee6c4925f4adeea4131dc006c263a228cf4,39,28,11,Normal,NULL,NULL,34,NULL,1
fc99eee6c4925f4adeea4131dc006c263a228cf4,1735d11b40492c5474d49f904fa0ae97b1a96642,45,32,13,Normal,NULL,NULL,43,NULL,1
1735d11b40492c5474d49f904fa0ae97b1a96642,c119f1a3f0977396aef8818765d4c1842a009ad5,32,25,7,Normal,NULL,NULL,22,NULL,1
c119f1a3f0977396aef8818765d4c1842a009ad5,eafa562641c48decc85e8c4338b3f9697b5e3d52,4,4,0,Normal,NULL,NULL,0,NULL,0
eafa562641c48decc85e8c4338b3f9697b5e3d52,cb07a813667b7bb66353df50e91cd27d6be6e223,6,3,3,Normal,NULL,NULL,4,NULL,1
cb07a813667b7bb66353df50e91cd27d6be6e223,e35d3034a187352ce241ab28e10a26c6b0a2c970,22,11,11,Normal,NULL,NULL,18,NULL,1
c67bd9531484f2116719513609c908840a4f09e8,6506b107966ccbd582feb8525f94c914cff706d2,11,9,2,Normal,NULL,NULL,11,NULL,1
6506b107966ccbd582feb8525f94c914cff706d2,2b5c21b97324d60be2a382d63022aca3f590562c,39,28,11,Normal,NULL,NULL,34,NULL,1
2b5c21b97324d60be2a382d63022aca3f590562c,8428b59532e4a3d6f77784db04d56afb434e2a5e,36,27,9,Normal,NULL,NULL,34,NULL,1
8428b59532e4a3d6f77784db04d56afb434e2a5e,2cae1b5fdb1001a90faf69b73fae86fe6072df62,32,25,7,Normal,NULL,NULL,22,NULL,1
2cae1b5fdb1001a90faf69b73fae86fe6072df62,ca90c4cad64c485bfe223a4cf5b44d1d319edf9c,4,4,0,Normal,NULL,NULL,0,NULL,0
ca90c4cad64c485bfe223a4cf5b44d1d319edf9c,02f8367bbfd4c126ac89485014d1e6893d1dc235,6,3,3,Normal,NULL,NULL,4,NULL,1
02f8367bbfd4c126ac89485014d1e6893d1dc235,1ab58058fa5a6c5055caa21345b07934911d4834,22,11,11,Normal,NULL,NULL,18,NULL,1
1ab58058fa5a6c5055caa21345b07934911d4834,5107530d5c2b52cdf2892a3d3760e1361552a844,358,219,139,Normal,NULL,NULL,306,NULL,3
e35d3034a187352ce241ab28e10a26c6b0a2c970,0493645ab9ed783ab9af161a8061712ccac5a579,50,48,2,Normal,NULL,NULL,48,NULL,1
0493645ab9ed783ab9af161a8061712ccac5a579,8865f70906325ceb6e25ee1c97fc1714adb916e0,11,1,10,Normal,NULL,NULL,0,NULL,0
8865f70906325ceb6e25ee1c97fc1714adb916e0,63254e2f04c42304c60aed3b7cd532f52c33d008,6,3,3,Normal,NULL,NULL,2,NULL,1
63254e2f04c42304c60aed3b7cd532f52c33d008,590ffdf41d31115dbd80a89c75c20b9ce092cd04,28,22,6,Normal,NULL,NULL,16,NULL,1
590ffdf41d31115dbd80a89c75c20b9ce092cd04,9dea5b802993fc68affac2d452fac61e726d6d7c,48,27,21,Normal,NULL,NULL,34,NULL,1
9dea5b802993fc68affac2d452fac61e726d6d7c,f048b1f36ac8e4e4c79ed120ab8a23510f4e6dc6,15,10,5,Normal,NULL,NULL,3,NULL,1
f048b1f36ac8e4e4c79ed120ab8a23510f4e6dc6,df70f8e5718f8d8115fc3d33446b78c4e819a5d0,98,49,49,Normal,NULL,NULL,98,NULL,3
df70f8e5718f8d8115fc3d33446b78c4e819a5d0,d1ad793c78401298b0558b6230408019731e4904,252,129,123,Normal,NULL,NULL,219,NULL,3
5107530d5c2b52cdf2892a3d3760e1361552a844,d510f5a4ad6bb1dbb7ab77731ca51512b35a5177,186,130,56,Normal,NULL,NULL,87,NULL,1
d1ad793c78401298b0558b6230408019731e4904,5e4f3751be392ded00a534d0d7ba7405da235c3f,0,0,0,Normal,NULL,NULL,0,NULL,0
5e4f3751be392ded00a534d0d7ba7405da235c3f,59b45cc654e354dba14605462e18f47ac8750f02,57,50,7,Normal,NULL,NULL,42,NULL,1
59b45cc654e354dba14605462e18f47ac8750f02,d112df5f27d228d365662f66ced78d482f8d9b81,51,31,20,Normal,NULL,NULL,25,NULL,1
d112df5f27d228d365662f66ced78d482f8d9b81,05d015c06be9280d98959c1b173da5a8c95c3a2d,129,75,54,Normal,NULL,NULL,23,NULL,1
d510f5a4ad6bb1dbb7ab77731ca51512b35a5177,05d015c06be9280d98959c1b173da5a8c95c3a2d,18,8,10,Normal,NULL,NULL,12,NULL,2
05d015c06be9280d98959c1b173da5a8c95c3a2d,cff809537e53c1de913c7f68fddea73ebe44b81b,8,4,4,Normal,NULL,NULL,6,NULL,1
cff809537e53c1de913c7f68fddea73ebe44b81b,e2099e3944ec62dede9c4dd04088b37a97b51566,8,6,2,Normal,NULL,NULL,8,NULL,1
e2099e3944ec62dede9c4dd04088b37a97b51566,5321768c1a2de37067e37dfef42f15ae443046b5,62,44,18,Normal,NULL,NULL,62,NULL,3
5321768c1a2de37067e37dfef42f15ae443046b5,632d31ed35698f82279d9a820e2f780d791b5001,9,9,0,Document,NULL,NULL,0,NULL,0
632d31ed35698f82279d9a820e2f780d791b5001,e3fd09b13f3e134fe76c679902503d76484d86c1,54,47,7,Normal,NULL,NULL,24,NULL,2
e3fd09b13f3e134fe76c679902503d76484d86c1,null,249,249,0,Normal,NULL,NULL,215,NULL,3
