projectname,ploc
opserver-Opserver,2
opserver-Opserver,2
opserver-Opserver,199
opserver-Opserver,190
opserver-Opserver,22
opserver-Opserver,2
opserver-Opserver,4
opserver-Opserver,2
opserver-Opserver,8
opserver-Opserver,2
opserver-Opserver,168
aspnetboilerplate-aspnetboilerplate,38
aspnetboilerplate-aspnetboilerplate,47
aspnetboilerplate-aspnetboilerplate,1
aspnetboilerplate-aspnetboilerplate,1
aspnetboilerplate-aspnetboilerplate,22
aspnetboilerplate-aspnetboilerplate,2
aspnetboilerplate-aspnetboilerplate,3
aspnetboilerplate-aspnetboilerplate,4
aspnetboilerplate-aspnetboilerplate,11
aspnetboilerplate-aspnetboilerplate,24
aspnetboilerplate-aspnetboilerplate,4
aspnetboilerplate-aspnetboilerplate,2
aspnetboilerplate-aspnetboilerplate,157
aspnetboilerplate-aspnetboilerplate,4
aspnetboilerplate-aspnetboilerplate,70
01org-acat,8
ServiceStack-ServiceStack,25
ServiceStack-ServiceStack,2
ServiceStack-ServiceStack,108
ServiceStack-ServiceStack,2
ServiceStack-ServiceStack,9
ServiceStack-ServiceStack,2
ServiceStack-ServiceStack,53
ServiceStack-ServiceStack,53
ServiceStack-ServiceStack,2
ServiceStack-ServiceStack,15
ServiceStack-ServiceStack,21
ServiceStack-ServiceStack,2
ServiceStack-ServiceStack,3
ShareX-ShareX,3
ShareX-ShareX,9
ShareX-ShareX,2403
ShareX-ShareX,19
ShareX-ShareX,14
ShareX-ShareX,69
ShareX-ShareX,6
ShareX-ShareX,10
ShareX-ShareX,66
ShareX-ShareX,4
ShareX-ShareX,2
ShareX-ShareX,4
ShareX-ShareX,2
ShareX-ShareX,2
ShareX-ShareX,55
ShareX-ShareX,55
ShareX-ShareX,2
ShareX-ShareX,2
ShareX-ShareX,84
ShareX-ShareX,84
ShareX-ShareX,2
ShareX-ShareX,13
Redth-PushSharp,16
Redth-PushSharp,16
Redth-PushSharp,2
Redth-PushSharp,15
Redth-PushSharp,2
Redth-PushSharp,15
Redth-PushSharp,2
Redth-PushSharp,4
Wox-launcher-Wox,2
Wox-launcher-Wox,10
Wox-launcher-Wox,360
Wox-launcher-Wox,35
Wox-launcher-Wox,1
Wox-launcher-Wox,2
Wox-launcher-Wox,5
Wox-launcher-Wox,60
Wox-launcher-Wox,2
Wox-launcher-Wox,355
Wox-launcher-Wox,316
Wox-launcher-Wox,217
Wox-launcher-Wox,13
Wox-launcher-Wox,14
Wox-launcher-Wox,879
Wox-launcher-Wox,882
Wox-launcher-Wox,490
Wox-launcher-Wox,44
Wox-launcher-Wox,483
Wox-launcher-Wox,44
Wox-launcher-Wox,1
Wox-launcher-Wox,29
Wox-launcher-Wox,328
Wox-launcher-Wox,115
Wox-launcher-Wox,1
Wox-launcher-Wox,2
Wox-launcher-Wox,75
Wox-launcher-Wox,99
Wox-launcher-Wox,50
Wox-launcher-Wox,7
Wox-launcher-Wox,7
Wox-launcher-Wox,4
Wox-launcher-Wox,40
Wox-launcher-Wox,42
Wox-launcher-Wox,1
Wox-launcher-Wox,20
Wox-launcher-Wox,2
Wox-launcher-Wox,2
Wox-launcher-Wox,35
Wox-launcher-Wox,23
Wox-launcher-Wox,6
Wox-launcher-Wox,9
Wox-launcher-Wox,608
Wox-launcher-Wox,2
Wox-launcher-Wox,4
Wox-launcher-Wox,2
Wox-launcher-Wox,7
Wox-launcher-Wox,50
Wox-launcher-Wox,166
Wox-launcher-Wox,2
Wox-launcher-Wox,2
Wox-launcher-Wox,5
Wox-launcher-Wox,7
Wox-launcher-Wox,7
Wox-launcher-Wox,7
Wox-launcher-Wox,2
Wox-launcher-Wox,16
Wox-launcher-Wox,8
Wox-launcher-Wox,2
OpenRA-OpenRA,42
OpenRA-OpenRA,4
OpenRA-OpenRA,8
OpenRA-OpenRA,2
OpenRA-OpenRA,10
OpenRA-OpenRA,18
OpenRA-OpenRA,2
OpenRA-OpenRA,2
OpenRA-OpenRA,3
OpenRA-OpenRA,27
OpenRA-OpenRA,27
OpenRA-OpenRA,10
OpenRA-OpenRA,4
OpenRA-OpenRA,37
OpenRA-OpenRA,4
OpenRA-OpenRA,4
OpenRA-OpenRA,10
OpenRA-OpenRA,10
OpenRA-OpenRA,8
OpenRA-OpenRA,2
OpenRA-OpenRA,2
OpenRA-OpenRA,12
OpenRA-OpenRA,12
OpenRA-OpenRA,5
OpenRA-OpenRA,2
OpenRA-OpenRA,2
OpenRA-OpenRA,4
OpenRA-OpenRA,48
OpenRA-OpenRA,10
OpenRA-OpenRA,23
OpenRA-OpenRA,12
OpenRA-OpenRA,23
OpenRA-OpenRA,26
OpenRA-OpenRA,25
OpenRA-OpenRA,10
OpenRA-OpenRA,43
OpenRA-OpenRA,4
OpenRA-OpenRA,8
OpenRA-OpenRA,8
OpenRA-OpenRA,4
OpenRA-OpenRA,4
OpenRA-OpenRA,103
OpenRA-OpenRA,103
OpenRA-OpenRA,3
OpenRA-OpenRA,1
OpenRA-OpenRA,4
OpenRA-OpenRA,5
OpenRA-OpenRA,18
OpenRA-OpenRA,3
OpenRA-OpenRA,14
OpenRA-OpenRA,6
OpenRA-OpenRA,2
OpenRA-OpenRA,5
OpenRA-OpenRA,2
OpenRA-OpenRA,239
OpenRA-OpenRA,1002
OpenRA-OpenRA,4
OpenRA-OpenRA,4
OpenRA-OpenRA,3
OpenRA-OpenRA,35
OpenRA-OpenRA,6
OpenRA-OpenRA,2
OpenRA-OpenRA,2
OpenRA-OpenRA,15
OpenRA-OpenRA,269
OpenRA-OpenRA,40
OpenRA-OpenRA,5
OpenRA-OpenRA,7
OpenRA-OpenRA,10
OpenRA-OpenRA,3
OpenRA-OpenRA,67
OpenRA-OpenRA,67
OpenRA-OpenRA,56
OpenRA-OpenRA,180
OpenRA-OpenRA,2
OpenRA-OpenRA,2
OpenRA-OpenRA,2
OpenRA-OpenRA,6
OpenRA-OpenRA,37
OpenRA-OpenRA,4
OpenRA-OpenRA,2
OpenRA-OpenRA,19
OpenRA-OpenRA,16
OpenRA-OpenRA,5
OpenRA-OpenRA,1
OpenRA-OpenRA,14
OpenRA-OpenRA,41
OpenRA-OpenRA,2
OpenRA-OpenRA,5
OpenRA-OpenRA,10
OpenRA-OpenRA,7
OpenRA-OpenRA,25
OpenRA-OpenRA,2
OpenRA-OpenRA,80
OpenRA-OpenRA,25
OpenRA-OpenRA,82
OpenRA-OpenRA,2
OpenRA-OpenRA,59
OpenRA-OpenRA,30
OpenRA-OpenRA,6
OpenRA-OpenRA,1
OpenRA-OpenRA,20
OpenRA-OpenRA,19
OpenRA-OpenRA,6
OpenRA-OpenRA,83
OpenRA-OpenRA,6
OpenRA-OpenRA,22
OpenRA-OpenRA,56
OpenRA-OpenRA,5
OpenRA-OpenRA,28
OpenRA-OpenRA,32
OpenRA-OpenRA,4
OpenRA-OpenRA,2
OpenRA-OpenRA,192
OpenRA-OpenRA,35
OpenRA-OpenRA,2
OpenRA-OpenRA,28
OpenRA-OpenRA,11
OpenRA-OpenRA,91
OpenRA-OpenRA,2
OpenRA-OpenRA,5
OpenRA-OpenRA,2
OpenRA-OpenRA,45
OpenRA-OpenRA,38
OpenRA-OpenRA,40
OpenRA-OpenRA,29
OpenRA-OpenRA,102
OpenRA-OpenRA,40
OpenRA-OpenRA,4
OpenRA-OpenRA,1
OpenRA-OpenRA,7
OpenRA-OpenRA,3
OpenRA-OpenRA,13
OpenRA-OpenRA,244
OpenRA-OpenRA,309
OpenRA-OpenRA,2
OpenRA-OpenRA,54
OpenRA-OpenRA,82
OpenRA-OpenRA,2
OpenRA-OpenRA,13
OpenRA-OpenRA,2
OpenRA-OpenRA,66
OpenRA-OpenRA,2
OpenRA-OpenRA,2
OpenRA-OpenRA,1
OpenRA-OpenRA,22
OpenRA-OpenRA,6
OpenRA-OpenRA,158
OpenRA-OpenRA,4
OpenRA-OpenRA,2
OpenRA-OpenRA,4
OpenRA-OpenRA,53
OpenRA-OpenRA,12
OpenRA-OpenRA,3
OpenRA-OpenRA,3
OpenRA-OpenRA,6
OpenRA-OpenRA,30
OpenRA-OpenRA,15
OpenRA-OpenRA,77
OpenRA-OpenRA,7
OpenRA-OpenRA,2
OpenRA-OpenRA,25
OpenRA-OpenRA,3
OpenRA-OpenRA,2
OpenRA-OpenRA,14
OpenRA-OpenRA,47
OpenRA-OpenRA,85
OpenRA-OpenRA,14
OpenRA-OpenRA,7
OpenRA-OpenRA,2
OpenRA-OpenRA,10
OpenRA-OpenRA,12
OpenRA-OpenRA,2
OpenRA-OpenRA,4
OpenRA-OpenRA,8
OpenRA-OpenRA,13
OpenRA-OpenRA,8
OpenRA-OpenRA,11
OpenRA-OpenRA,14
OpenRA-OpenRA,2
OpenRA-OpenRA,7
OpenRA-OpenRA,22
OpenRA-OpenRA,16
OpenRA-OpenRA,19
OpenRA-OpenRA,2
OpenRA-OpenRA,39
OpenRA-OpenRA,63
OpenRA-OpenRA,34
OpenRA-OpenRA,48
OpenRA-OpenRA,2
OpenRA-OpenRA,24
OpenRA-OpenRA,33
OpenRA-OpenRA,2
OpenRA-OpenRA,2
OpenRA-OpenRA,38
OpenRA-OpenRA,36
OpenRA-OpenRA,36
OpenRA-OpenRA,8
OpenRA-OpenRA,25
OpenRA-OpenRA,232
OpenRA-OpenRA,11
OpenRA-OpenRA,536
OpenRA-OpenRA,2
OpenRA-OpenRA,386
OpenRA-OpenRA,2
OpenRA-OpenRA,3
OpenRA-OpenRA,48
OpenRA-OpenRA,23
OpenRA-OpenRA,83
OpenRA-OpenRA,272
OpenRA-OpenRA,14
OpenRA-OpenRA,3
OpenRA-OpenRA,100
OpenRA-OpenRA,4
OpenRA-OpenRA,8
OpenRA-OpenRA,2
OpenRA-OpenRA,1032
OpenRA-OpenRA,137
OpenRA-OpenRA,34
OpenRA-OpenRA,95
OpenRA-OpenRA,424
OpenRA-OpenRA,9
OpenRA-OpenRA,28
OpenRA-OpenRA,5
OpenRA-OpenRA,390
reactiveui-ReactiveUI,6
reactiveui-ReactiveUI,6
reactiveui-ReactiveUI,1
reactiveui-ReactiveUI,33
reactiveui-ReactiveUI,11
reactiveui-ReactiveUI,50
reactiveui-ReactiveUI,17
reactiveui-ReactiveUI,17
reactiveui-ReactiveUI,6
reactiveui-ReactiveUI,25
reactiveui-ReactiveUI,730
reactiveui-ReactiveUI,4
reactiveui-ReactiveUI,730
reactiveui-ReactiveUI,4
reactiveui-ReactiveUI,23
reactiveui-ReactiveUI,17
reactiveui-ReactiveUI,135
reactiveui-ReactiveUI,2
reactiveui-ReactiveUI,39
reactiveui-ReactiveUI,16
reactiveui-ReactiveUI,17
reactiveui-ReactiveUI,2
reactiveui-ReactiveUI,9
reactiveui-ReactiveUI,3
reactiveui-ReactiveUI,16
reactiveui-ReactiveUI,5
reactiveui-ReactiveUI,7
reactiveui-ReactiveUI,98
reactiveui-ReactiveUI,3
reactiveui-ReactiveUI,9
reactiveui-ReactiveUI,2
reactiveui-ReactiveUI,4
reactiveui-ReactiveUI,8
reactiveui-ReactiveUI,6
reactiveui-ReactiveUI,2
reactiveui-ReactiveUI,2
reactiveui-ReactiveUI,2
reactiveui-ReactiveUI,2
reactiveui-ReactiveUI,38
reactiveui-ReactiveUI,16
reactiveui-ReactiveUI,48
reactiveui-ReactiveUI,28
reactiveui-ReactiveUI,277
reactiveui-ReactiveUI,31
MahApps-MahApps.Metro,38
MahApps-MahApps.Metro,2
MahApps-MahApps.Metro,68
MahApps-MahApps.Metro,3
MahApps-MahApps.Metro,11
MahApps-MahApps.Metro,11
MahApps-MahApps.Metro,11
MahApps-MahApps.Metro,380
MahApps-MahApps.Metro,21
MahApps-MahApps.Metro,18
MahApps-MahApps.Metro,5
MahApps-MahApps.Metro,83
MahApps-MahApps.Metro,39
MahApps-MahApps.Metro,49
MahApps-MahApps.Metro,15
MahApps-MahApps.Metro,15
MahApps-MahApps.Metro,1
MahApps-MahApps.Metro,15
MahApps-MahApps.Metro,4
MahApps-MahApps.Metro,56
MahApps-MahApps.Metro,5
MahApps-MahApps.Metro,60
MahApps-MahApps.Metro,10
MahApps-MahApps.Metro,10
MahApps-MahApps.Metro,7
MahApps-MahApps.Metro,25
MahApps-MahApps.Metro,55
MahApps-MahApps.Metro,5
MahApps-MahApps.Metro,18
MahApps-MahApps.Metro,17
MahApps-MahApps.Metro,6
MahApps-MahApps.Metro,7
MahApps-MahApps.Metro,2
MahApps-MahApps.Metro,8
MahApps-MahApps.Metro,12
MahApps-MahApps.Metro,28
MahApps-MahApps.Metro,2
MahApps-MahApps.Metro,10
MahApps-MahApps.Metro,64
MahApps-MahApps.Metro,13
MahApps-MahApps.Metro,8
MahApps-MahApps.Metro,6
MahApps-MahApps.Metro,6
MahApps-MahApps.Metro,6
MahApps-MahApps.Metro,40
MahApps-MahApps.Metro,2
MahApps-MahApps.Metro,23
MahApps-MahApps.Metro,417
MahApps-MahApps.Metro,417
MahApps-MahApps.Metro,3
MahApps-MahApps.Metro,2
MahApps-MahApps.Metro,13
MahApps-MahApps.Metro,7
MahApps-MahApps.Metro,17
MahApps-MahApps.Metro,5
MahApps-MahApps.Metro,7
MahApps-MahApps.Metro,31
MahApps-MahApps.Metro,31
Microsoft-msbuild,263
Microsoft-msbuild,9
Microsoft-msbuild,6
Microsoft-msbuild,14
KeenSoftwareHouse-SpaceEngineers,4
KeenSoftwareHouse-SpaceEngineers,22
KeenSoftwareHouse-SpaceEngineers,5
KeenSoftwareHouse-SpaceEngineers,13
KeenSoftwareHouse-SpaceEngineers,2
KeenSoftwareHouse-SpaceEngineers,11
KeenSoftwareHouse-SpaceEngineers,319
KeenSoftwareHouse-SpaceEngineers,393
KeenSoftwareHouse-SpaceEngineers,25
KeenSoftwareHouse-SpaceEngineers,5
KeenSoftwareHouse-SpaceEngineers,2
KeenSoftwareHouse-SpaceEngineers,52
App-vNext-Polly,12
JeremySkinner-FluentValidation,41
JeremySkinner-FluentValidation,9
JeremySkinner-FluentValidation,17
JeremySkinner-FluentValidation,43
JeremySkinner-FluentValidation,12
JeremySkinner-FluentValidation,9
JeremySkinner-FluentValidation,9
JeremySkinner-FluentValidation,2
JeremySkinner-FluentValidation,87
OptiKey-OptiKey,26
OptiKey-OptiKey,9
OptiKey-OptiKey,31
OptiKey-OptiKey,50
OptiKey-OptiKey,13
OptiKey-OptiKey,14
OptiKey-OptiKey,14
OptiKey-OptiKey,2
OptiKey-OptiKey,14
OptiKey-OptiKey,8
OptiKey-OptiKey,6
OptiKey-OptiKey,113
OptiKey-OptiKey,113
OptiKey-OptiKey,3
OptiKey-OptiKey,1
OptiKey-OptiKey,2
OptiKey-OptiKey,1
OptiKey-OptiKey,2
OptiKey-OptiKey,72
OptiKey-OptiKey,72
OptiKey-OptiKey,72
OptiKey-OptiKey,2
OptiKey-OptiKey,12
gitextensions-gitextensions,11
gitextensions-gitextensions,2
gitextensions-gitextensions,2252
gitextensions-gitextensions,12
gitextensions-gitextensions,5
gitextensions-gitextensions,5
gitextensions-gitextensions,58
gitextensions-gitextensions,29
gitextensions-gitextensions,3
gitextensions-gitextensions,3
gitextensions-gitextensions,3
gitextensions-gitextensions,57
gitextensions-gitextensions,13
gitextensions-gitextensions,13
gitextensions-gitextensions,29
gitextensions-gitextensions,27
gitextensions-gitextensions,7
gitextensions-gitextensions,26
gitextensions-gitextensions,3
gitextensions-gitextensions,2
gitextensions-gitextensions,71
gitextensions-gitextensions,102
gitextensions-gitextensions,34
gitextensions-gitextensions,7
gitextensions-gitextensions,2
gitextensions-gitextensions,3
gitextensions-gitextensions,102
gitextensions-gitextensions,50
gitextensions-gitextensions,56
gitextensions-gitextensions,2
gitextensions-gitextensions,5
gitextensions-gitextensions,23
gitextensions-gitextensions,785
gitextensions-gitextensions,49
gitextensions-gitextensions,2
gitextensions-gitextensions,2
gitextensions-gitextensions,7
gitextensions-gitextensions,44
gitextensions-gitextensions,8
gitextensions-gitextensions,8
gitextensions-gitextensions,8
gitextensions-gitextensions,40
gitextensions-gitextensions,6
gitextensions-gitextensions,6
gitextensions-gitextensions,2
gitextensions-gitextensions,3
gitextensions-gitextensions,11
gitextensions-gitextensions,2
gitextensions-gitextensions,10057
gitextensions-gitextensions,406
gitextensions-gitextensions,2
gitextensions-gitextensions,11
gitextensions-gitextensions,2098
gitextensions-gitextensions,8
gitextensions-gitextensions,182
gitextensions-gitextensions,13
gitextensions-gitextensions,3
gitextensions-gitextensions,304
gitextensions-gitextensions,71
gitextensions-gitextensions,20
gitextensions-gitextensions,23
gitextensions-gitextensions,113
gitextensions-gitextensions,2
gitextensions-gitextensions,27
gitextensions-gitextensions,274
gitextensions-gitextensions,28
gitextensions-gitextensions,7
gitextensions-gitextensions,44
gitextensions-gitextensions,2
gitextensions-gitextensions,3
gitextensions-gitextensions,15
gitextensions-gitextensions,4
gitextensions-gitextensions,610
gitextensions-gitextensions,7
gitextensions-gitextensions,202
gitextensions-gitextensions,378
gitextensions-gitextensions,12
gitextensions-gitextensions,68
gitextensions-gitextensions,5
gitextensions-gitextensions,194
gitextensions-gitextensions,115
gitextensions-gitextensions,17
gitextensions-gitextensions,1
gitextensions-gitextensions,8
gitextensions-gitextensions,2
gitextensions-gitextensions,4
gitextensions-gitextensions,8
gitextensions-gitextensions,153
gitextensions-gitextensions,7
gitextensions-gitextensions,3048
gitextensions-gitextensions,68
gitextensions-gitextensions,2
gitextensions-gitextensions,12
gitextensions-gitextensions,90
gitextensions-gitextensions,96
gitextensions-gitextensions,11
gitextensions-gitextensions,51
gitextensions-gitextensions,7
gitextensions-gitextensions,9
gitextensions-gitextensions,3
gitextensions-gitextensions,4
gitextensions-gitextensions,22
gitextensions-gitextensions,41
gitextensions-gitextensions,3
gitextensions-gitextensions,44
gitextensions-gitextensions,6
gitextensions-gitextensions,74
gitextensions-gitextensions,7
gitextensions-gitextensions,19
gitextensions-gitextensions,1942
gitextensions-gitextensions,2
gitextensions-gitextensions,9
gitextensions-gitextensions,30
gitextensions-gitextensions,5
gitextensions-gitextensions,4
gitextensions-gitextensions,81
gitextensions-gitextensions,9
gitextensions-gitextensions,104
gitextensions-gitextensions,7
gitextensions-gitextensions,37
gitextensions-gitextensions,88
gitextensions-gitextensions,126
gitextensions-gitextensions,15
gitextensions-gitextensions,2
gitextensions-gitextensions,4318
gitextensions-gitextensions,10
gitextensions-gitextensions,173
gitextensions-gitextensions,6
gitextensions-gitextensions,8
gitextensions-gitextensions,12
gitextensions-gitextensions,188
gitextensions-gitextensions,170
gitextensions-gitextensions,78
gitextensions-gitextensions,337
gitextensions-gitextensions,482
gitextensions-gitextensions,421
gitextensions-gitextensions,388
gitextensions-gitextensions,15
gitextensions-gitextensions,224
gitextensions-gitextensions,286
shadowsocks-shadowsocks-windows,10
shadowsocks-shadowsocks-windows,3
shadowsocks-shadowsocks-windows,2
shadowsocks-shadowsocks-windows,139
shadowsocks-shadowsocks-windows,2
shadowsocks-shadowsocks-windows,29
shadowsocks-shadowsocks-windows,20
shadowsocks-shadowsocks-windows,4
shadowsocks-shadowsocks-windows,2
shadowsocks-shadowsocks-windows,22
shadowsocks-shadowsocks-windows,45
shadowsocks-shadowsocks-windows,61
AvaloniaUI-Avalonia,2
AvaloniaUI-Avalonia,13
AvaloniaUI-Avalonia,116
AvaloniaUI-Avalonia,553
AvaloniaUI-Avalonia,121
AvaloniaUI-Avalonia,52
AvaloniaUI-Avalonia,2
AvaloniaUI-Avalonia,2
AvaloniaUI-Avalonia,46
AvaloniaUI-Avalonia,19
AvaloniaUI-Avalonia,4
AvaloniaUI-Avalonia,33
AvaloniaUI-Avalonia,128
AvaloniaUI-Avalonia,17
AvaloniaUI-Avalonia,5
AvaloniaUI-Avalonia,7
AvaloniaUI-Avalonia,228
AvaloniaUI-Avalonia,2
AvaloniaUI-Avalonia,33
AvaloniaUI-Avalonia,44
AvaloniaUI-Avalonia,1
AvaloniaUI-Avalonia,15
AvaloniaUI-Avalonia,15
AvaloniaUI-Avalonia,2
AvaloniaUI-Avalonia,2
AvaloniaUI-Avalonia,2
AvaloniaUI-Avalonia,43
AvaloniaUI-Avalonia,7
AvaloniaUI-Avalonia,11
AvaloniaUI-Avalonia,3
AvaloniaUI-Avalonia,2
AvaloniaUI-Avalonia,33
AvaloniaUI-Avalonia,7
AvaloniaUI-Avalonia,15
AvaloniaUI-Avalonia,64
AvaloniaUI-Avalonia,4
AvaloniaUI-Avalonia,8
AvaloniaUI-Avalonia,24
AvaloniaUI-Avalonia,111
AvaloniaUI-Avalonia,34
NancyFx-Nancy,4
NancyFx-Nancy,25
NancyFx-Nancy,5
NancyFx-Nancy,102
NancyFx-Nancy,4
NancyFx-Nancy,2
NancyFx-Nancy,2
NancyFx-Nancy,41
NancyFx-Nancy,41
NancyFx-Nancy,32
NancyFx-Nancy,15
NancyFx-Nancy,12
NancyFx-Nancy,32
NancyFx-Nancy,3
NancyFx-Nancy,2
NancyFx-Nancy,3
NancyFx-Nancy,6
NancyFx-Nancy,2
NancyFx-Nancy,2
NancyFx-Nancy,6
NancyFx-Nancy,55
NancyFx-Nancy,2
NancyFx-Nancy,12
NancyFx-Nancy,91
NancyFx-Nancy,8
NancyFx-Nancy,16
NancyFx-Nancy,30
NancyFx-Nancy,13
NancyFx-Nancy,2
NancyFx-Nancy,7
NancyFx-Nancy,53
NancyFx-Nancy,2
NancyFx-Nancy,34
NancyFx-Nancy,10
NancyFx-Nancy,10
NancyFx-Nancy,251
NancyFx-Nancy,92
NancyFx-Nancy,117
NancyFx-Nancy,38
NancyFx-Nancy,200
NancyFx-Nancy,3
NancyFx-Nancy,50
NancyFx-Nancy,159
NancyFx-Nancy,2
NancyFx-Nancy,2
NancyFx-Nancy,2
NancyFx-Nancy,52
NancyFx-Nancy,52
NancyFx-Nancy,34
NancyFx-Nancy,74
NancyFx-Nancy,10
NancyFx-Nancy,41
NancyFx-Nancy,2
NancyFx-Nancy,11
NancyFx-Nancy,65
NancyFx-Nancy,50
NancyFx-Nancy,741
NancyFx-Nancy,2
NancyFx-Nancy,32
NancyFx-Nancy,24
NancyFx-Nancy,241
NancyFx-Nancy,8
NancyFx-Nancy,13
NancyFx-Nancy,78
NancyFx-Nancy,12
NancyFx-Nancy,11
NancyFx-Nancy,3
NancyFx-Nancy,275
NancyFx-Nancy,329
NancyFx-Nancy,7
NancyFx-Nancy,25
NancyFx-Nancy,23
NancyFx-Nancy,23
NancyFx-Nancy,68
MonoGame-MonoGame,204
MonoGame-MonoGame,485
MonoGame-MonoGame,181
MonoGame-MonoGame,28
MonoGame-MonoGame,179
MonoGame-MonoGame,20
MonoGame-MonoGame,15
MonoGame-MonoGame,100
MonoGame-MonoGame,2
MonoGame-MonoGame,50
MonoGame-MonoGame,22
MonoGame-MonoGame,8
MonoGame-MonoGame,1707
MonoGame-MonoGame,2
MonoGame-MonoGame,2
MonoGame-MonoGame,4
MonoGame-MonoGame,4
MonoGame-MonoGame,72
MonoGame-MonoGame,2
MonoGame-MonoGame,2
MonoGame-MonoGame,38
MonoGame-MonoGame,667
MonoGame-MonoGame,6
MonoGame-MonoGame,2384
MonoGame-MonoGame,4
MonoGame-MonoGame,31
MonoGame-MonoGame,1
MonoGame-MonoGame,45
MonoGame-MonoGame,42
MonoGame-MonoGame,12
MonoGame-MonoGame,85
MonoGame-MonoGame,34
MonoGame-MonoGame,5
MonoGame-MonoGame,18
MonoGame-MonoGame,2
MonoGame-MonoGame,254
MonoGame-MonoGame,33
MonoGame-MonoGame,23
MonoGame-MonoGame,28
MonoGame-MonoGame,4
MonoGame-MonoGame,368
MonoGame-MonoGame,10
MonoGame-MonoGame,61
MonoGame-MonoGame,13
MonoGame-MonoGame,3
MonoGame-MonoGame,16
MonoGame-MonoGame,10
MonoGame-MonoGame,3
MonoGame-MonoGame,3
MonoGame-MonoGame,93
MonoGame-MonoGame,250
MonoGame-MonoGame,152
MonoGame-MonoGame,25
MonoGame-MonoGame,3
MonoGame-MonoGame,12
MonoGame-MonoGame,12
MonoGame-MonoGame,12
MonoGame-MonoGame,9
MonoGame-MonoGame,2
MonoGame-MonoGame,2
MonoGame-MonoGame,9
MonoGame-MonoGame,260
MonoGame-MonoGame,1312
MonoGame-MonoGame,182
MonoGame-MonoGame,182
MonoGame-MonoGame,3914
MonoGame-MonoGame,29
MonoGame-MonoGame,2
MonoGame-MonoGame,6
MonoGame-MonoGame,5
MonoGame-MonoGame,11
MonoGame-MonoGame,102
MonoGame-MonoGame,226
MonoGame-MonoGame,6
MonoGame-MonoGame,102
MonoGame-MonoGame,71
MonoGame-MonoGame,2
MonoGame-MonoGame,2
MonoGame-MonoGame,2
MonoGame-MonoGame,791
MonoGame-MonoGame,6
MonoGame-MonoGame,6
MonoGame-MonoGame,32
MonoGame-MonoGame,12
MonoGame-MonoGame,21
MonoGame-MonoGame,2
MonoGame-MonoGame,2
MonoGame-MonoGame,26
MonoGame-MonoGame,12
MonoGame-MonoGame,4
MonoGame-MonoGame,44
MonoGame-MonoGame,6
MonoGame-MonoGame,8
MonoGame-MonoGame,44
MonoGame-MonoGame,6
MonoGame-MonoGame,6
MonoGame-MonoGame,6
MonoGame-MonoGame,14
MonoGame-MonoGame,8
MonoGame-MonoGame,6
MonoGame-MonoGame,37
MonoGame-MonoGame,10
MonoGame-MonoGame,7
MonoGame-MonoGame,7
MonoGame-MonoGame,7
MonoGame-MonoGame,374
MonoGame-MonoGame,16
MonoGame-MonoGame,21
MonoGame-MonoGame,19
MonoGame-MonoGame,30
MonoGame-MonoGame,6
MonoGame-MonoGame,2
MonoGame-MonoGame,5
MonoGame-MonoGame,5
MonoGame-MonoGame,70
MonoGame-MonoGame,1
MonoGame-MonoGame,14
MonoGame-MonoGame,7
MonoGame-MonoGame,17
MonoGame-MonoGame,11
MonoGame-MonoGame,16
MonoGame-MonoGame,61
MonoGame-MonoGame,64
MonoGame-MonoGame,20
MonoGame-MonoGame,45
MonoGame-MonoGame,19
MonoGame-MonoGame,7
MonoGame-MonoGame,17
MonoGame-MonoGame,5
MonoGame-MonoGame,18
MonoGame-MonoGame,18
MonoGame-MonoGame,2
MonoGame-MonoGame,2
MonoGame-MonoGame,4
MonoGame-MonoGame,10
MonoGame-MonoGame,2
MonoGame-MonoGame,17
MonoGame-MonoGame,17
MonoGame-MonoGame,14
MonoGame-MonoGame,954
MonoGame-MonoGame,954
MonoGame-MonoGame,15
MonoGame-MonoGame,3
MonoGame-MonoGame,58
MonoGame-MonoGame,2
MonoGame-MonoGame,2
MonoGame-MonoGame,6
MonoGame-MonoGame,2
MonoGame-MonoGame,15
MonoGame-MonoGame,26
MonoGame-MonoGame,130
MonoGame-MonoGame,130
MonoGame-MonoGame,77
MonoGame-MonoGame,10
MonoGame-MonoGame,474
MonoGame-MonoGame,4
MonoGame-MonoGame,4
MonoGame-MonoGame,8
MonoGame-MonoGame,216
MonoGame-MonoGame,32
MonoGame-MonoGame,32
MonoGame-MonoGame,67
MonoGame-MonoGame,31
MonoGame-MonoGame,96
MonoGame-MonoGame,129
MonoGame-MonoGame,338
MonoGame-MonoGame,3
MonoGame-MonoGame,3
MonoGame-MonoGame,1
MonoGame-MonoGame,1
MonoGame-MonoGame,10
MonoGame-MonoGame,33
MonoGame-MonoGame,252
MonoGame-MonoGame,74
MonoGame-MonoGame,103
MonoGame-MonoGame,154
MonoGame-MonoGame,9
MonoGame-MonoGame,4
MonoGame-MonoGame,4
MonoGame-MonoGame,2
MonoGame-MonoGame,10
MonoGame-MonoGame,2182
MonoGame-MonoGame,2937
MonoGame-MonoGame,10
MonoGame-MonoGame,25
MonoGame-MonoGame,262
MonoGame-MonoGame,381
MonoGame-MonoGame,5
MonoGame-MonoGame,2
MonoGame-MonoGame,327
MonoGame-MonoGame,20
MonoGame-MonoGame,4
MonoGame-MonoGame,9
MonoGame-MonoGame,157
MonoGame-MonoGame,244
MonoGame-MonoGame,21
MonoGame-MonoGame,1299
MonoGame-MonoGame,25
MonoGame-MonoGame,14
MonoGame-MonoGame,73
MonoGame-MonoGame,131
MonoGame-MonoGame,742
MonoGame-MonoGame,2422
MonoGame-MonoGame,2962
MonoGame-MonoGame,2906
dotnet-orleans,17
dotnet-orleans,182
dotnet-orleans,768
dotnet-orleans,2
dotnet-orleans,2
dotnet-orleans,1
dotnet-orleans,2
dotnet-orleans,15
dotnet-orleans,13
dotnet-orleans,77
dotnet-orleans,166
dotnet-orleans,32
dotnet-orleans,23
dotnet-orleans,9
dotnet-orleans,9
dotnet-orleans,52
dotnet-orleans,52
dotnet-orleans,105
dotnet-orleans,96
dotnet-orleans,4
dotnet-orleans,4
dotnet-orleans,33
dotnet-orleans,33
dotnet-orleans,103
dotnet-orleans,103
dotnet-orleans,11
dotnet-orleans,8
dotnet-orleans,2
dotnet-orleans,133
dotnet-orleans,4
dotnet-orleans,4
dotnet-orleans,217
dotnet-orleans,217
dotnet-orleans,29
dotnet-orleans,13
dotnet-orleans,100
dotnet-orleans,17
dotnet-orleans,10
dotnet-orleans,50
dotnet-orleans,50
dotnet-orleans,43
dotnet-orleans,13
dotnet-orleans,1
dotnet-orleans,1
dotnet-orleans,2
dotnet-orleans,2
dotnet-orleans,113
dotnet-orleans,1
dotnet-orleans,1
dotnet-orleans,2
dotnet-orleans,2
dotnet-orleans,2
dotnet-orleans,2
dotnet-orleans,31
dotnet-orleans,31
dotnet-orleans,125
dotnet-orleans,122
dotnet-orleans,59
dotnet-orleans,50
dotnet-orleans,7
dotnet-orleans,43
dotnet-orleans,8
dotnet-orleans,2
dotnet-orleans,11
dotnet-orleans,4
dotnet-orleans,285
Humanizr-Humanizer,3
Humanizr-Humanizer,19
Humanizr-Humanizer,21
PowerShell-PowerShell,10
PowerShell-PowerShell,8
PowerShell-PowerShell,20
PowerShell-PowerShell,4
PowerShell-PowerShell,110
PowerShell-PowerShell,49
PowerShell-PowerShell,166
PowerShell-PowerShell,9
PowerShell-PowerShell,334
PowerShell-PowerShell,13364
PowerShell-PowerShell,17
PowerShell-PowerShell,2
PowerShell-PowerShell,4
PowerShell-PowerShell,189
PowerShell-PowerShell,14110
PowerShell-PowerShell,19
PowerShell-PowerShell,19
PowerShell-PowerShell,104
PowerShell-PowerShell,8
PowerShell-PowerShell,36
hbons-SparkleShare,85
hbons-SparkleShare,23
hbons-SparkleShare,18
hbons-SparkleShare,2
dotnet-corefx,116
dotnet-corefx,1218
dotnet-corefx,554
dotnet-corefx,160
dotnet-corefx,2
dotnet-corefx,2275
dotnet-corefx,15
dotnet-corefx,2
dotnet-corefx,18
dotnet-corefx,23
dotnet-corefx,18
dotnet-corefx,106
dotnet-corefx,162
dotnet-corefx,49
dotnet-corefx,5
dotnet-corefx,5
dotnet-corefx,10
dotnet-corefx,12
dotnet-corefx,10
dotnet-corefx,12
dotnet-corefx,20
dotnet-corefx,102
dotnet-corefx,1318
dotnet-corefx,83
akkadotnet-akka.net,4412
akkadotnet-akka.net,2960
akkadotnet-akka.net,693
akkadotnet-akka.net,1757
akkadotnet-akka.net,65
akkadotnet-akka.net,2282
akkadotnet-akka.net,5
akkadotnet-akka.net,5
akkadotnet-akka.net,12
akkadotnet-akka.net,12
akkadotnet-akka.net,8
akkadotnet-akka.net,56
akkadotnet-akka.net,9
akkadotnet-akka.net,5
akkadotnet-akka.net,1851
akkadotnet-akka.net,2
akkadotnet-akka.net,2
akkadotnet-akka.net,304
akkadotnet-akka.net,112
akkadotnet-akka.net,1553
akkadotnet-akka.net,283
akkadotnet-akka.net,109
akkadotnet-akka.net,8
akkadotnet-akka.net,566
akkadotnet-akka.net,624
akkadotnet-akka.net,624
akkadotnet-akka.net,261
akkadotnet-akka.net,13545
akkadotnet-akka.net,22
akkadotnet-akka.net,396
akkadotnet-akka.net,4
akkadotnet-akka.net,4
akkadotnet-akka.net,26
akkadotnet-akka.net,26
akkadotnet-akka.net,2
akkadotnet-akka.net,2
akkadotnet-akka.net,103
akkadotnet-akka.net,2
akkadotnet-akka.net,188
akkadotnet-akka.net,188
akkadotnet-akka.net,19
akkadotnet-akka.net,19
akkadotnet-akka.net,7
akkadotnet-akka.net,1
akkadotnet-akka.net,1
akkadotnet-akka.net,32
akkadotnet-akka.net,21
akkadotnet-akka.net,21
akkadotnet-akka.net,32
akkadotnet-akka.net,2
akkadotnet-akka.net,2
akkadotnet-akka.net,797
akkadotnet-akka.net,2
akkadotnet-akka.net,42
akkadotnet-akka.net,4
akkadotnet-akka.net,4
akkadotnet-akka.net,4
akkadotnet-akka.net,42
akkadotnet-akka.net,54
akkadotnet-akka.net,5
akkadotnet-akka.net,5
akkadotnet-akka.net,18
akkadotnet-akka.net,18
akkadotnet-akka.net,554
akkadotnet-akka.net,158
akkadotnet-akka.net,3081
akkadotnet-akka.net,160
akkadotnet-akka.net,1030
akkadotnet-akka.net,4
akkadotnet-akka.net,2
akkadotnet-akka.net,2
akkadotnet-akka.net,4
akkadotnet-akka.net,4
akkadotnet-akka.net,146
akkadotnet-akka.net,170
akkadotnet-akka.net,4
akkadotnet-akka.net,533
akkadotnet-akka.net,32
akkadotnet-akka.net,177
akkadotnet-akka.net,1100
akkadotnet-akka.net,2
akkadotnet-akka.net,8
akkadotnet-akka.net,48
akkadotnet-akka.net,20
akkadotnet-akka.net,4
akkadotnet-akka.net,4
akkadotnet-akka.net,75
akkadotnet-akka.net,10
akkadotnet-akka.net,2
akkadotnet-akka.net,2
akkadotnet-akka.net,29
akkadotnet-akka.net,41
akkadotnet-akka.net,21
akkadotnet-akka.net,21
akkadotnet-akka.net,4
akkadotnet-akka.net,2
akkadotnet-akka.net,370
akkadotnet-akka.net,16
akkadotnet-akka.net,104
akkadotnet-akka.net,26
akkadotnet-akka.net,2542
akkadotnet-akka.net,27
akkadotnet-akka.net,56
akkadotnet-akka.net,56
akkadotnet-akka.net,518
akkadotnet-akka.net,17
akkadotnet-akka.net,17
akkadotnet-akka.net,28
akkadotnet-akka.net,33
akkadotnet-akka.net,2
akkadotnet-akka.net,2
akkadotnet-akka.net,4
akkadotnet-akka.net,8
akkadotnet-akka.net,65
akkadotnet-akka.net,23
akkadotnet-akka.net,3
akkadotnet-akka.net,130
akkadotnet-akka.net,98
akkadotnet-akka.net,101
akkadotnet-akka.net,97
akkadotnet-akka.net,118
akkadotnet-akka.net,119
akkadotnet-akka.net,747
akkadotnet-akka.net,64
akkadotnet-akka.net,18
akkadotnet-akka.net,34
akkadotnet-akka.net,34
akkadotnet-akka.net,16
akkadotnet-akka.net,7
akkadotnet-akka.net,7
akkadotnet-akka.net,14
akkadotnet-akka.net,2
akkadotnet-akka.net,123
akkadotnet-akka.net,251
akkadotnet-akka.net,6
Microsoft-react-native-windows,4
Microsoft-react-native-windows,4
Microsoft-react-native-windows,21
Microsoft-react-native-windows,39
Microsoft-react-native-windows,24
Microsoft-react-native-windows,1476
Microsoft-react-native-windows,2
Microsoft-react-native-windows,16
Microsoft-react-native-windows,9
Microsoft-react-native-windows,46
Microsoft-react-native-windows,26
Microsoft-react-native-windows,5
Microsoft-react-native-windows,8
Microsoft-react-native-windows,7
Microsoft-react-native-windows,14
Microsoft-react-native-windows,237
Microsoft-react-native-windows,36
Microsoft-react-native-windows,596
Microsoft-react-native-windows,307
Microsoft-react-native-windows,9
Microsoft-react-native-windows,31
Microsoft-react-native-windows,52
Microsoft-react-native-windows,18
Microsoft-react-native-windows,421
Microsoft-react-native-windows,2
Microsoft-react-native-windows,203
Microsoft-react-native-windows,40
Microsoft-react-native-windows,99
Microsoft-react-native-windows,22
Microsoft-react-native-windows,103
Microsoft-react-native-windows,471
Microsoft-react-native-windows,8
Microsoft-react-native-windows,5
Microsoft-react-native-windows,112
Microsoft-react-native-windows,22
Microsoft-react-native-windows,18
Microsoft-react-native-windows,9
Microsoft-react-native-windows,15
Microsoft-react-native-windows,280
Microsoft-react-native-windows,41
Microsoft-react-native-windows,62
Microsoft-react-native-windows,1724
Microsoft-react-native-windows,478
Microsoft-react-native-windows,104
restsharp-RestSharp,6
restsharp-RestSharp,18
restsharp-RestSharp,30
restsharp-RestSharp,30
restsharp-RestSharp,52
restsharp-RestSharp,52
restsharp-RestSharp,57
restsharp-RestSharp,2
restsharp-RestSharp,6
restsharp-RestSharp,91
restsharp-RestSharp,91
restsharp-RestSharp,2
restsharp-RestSharp,4
restsharp-RestSharp,10
restsharp-RestSharp,73
restsharp-RestSharp,7
restsharp-RestSharp,8
restsharp-RestSharp,109
restsharp-RestSharp,39
restsharp-RestSharp,2
restsharp-RestSharp,30
restsharp-RestSharp,1415
restsharp-RestSharp,638
SignalR-SignalR,31
SignalR-SignalR,95
SignalR-SignalR,2
SignalR-SignalR,61
SignalR-SignalR,292
SignalR-SignalR,74
SignalR-SignalR,52
SignalR-SignalR,10
SignalR-SignalR,10
SignalR-SignalR,2
SignalR-SignalR,84
SignalR-SignalR,13
SignalR-SignalR,62
SignalR-SignalR,517
SignalR-SignalR,69
SignalR-SignalR,37
SignalR-SignalR,90
SignalR-SignalR,104
SignalR-SignalR,12
SignalR-SignalR,5
SignalR-SignalR,2
SignalR-SignalR,2
SignalR-SignalR,2
SignalR-SignalR,2
SignalR-SignalR,31
SignalR-SignalR,18
SignalR-SignalR,18
SignalR-SignalR,19
SignalR-SignalR,61
SignalR-SignalR,161
SignalR-SignalR,4
SignalR-SignalR,68
dotnet-coreclr,83
dotnet-coreclr,2
dotnet-coreclr,34
dotnet-coreclr,300
dotnet-coreclr,3424
dotnet-coreclr,21
dotnet-coreclr,906
dotnet-coreclr,8
dotnet-coreclr,16
dotnet-coreclr,215
dotnet-coreclr,4
dotnet-coreclr,1273
dotnet-coreclr,96
dotnet-coreclr,136
dotnet-coreclr,8962
dotnet-coreclr,25
dotnet-coreclr,2
dotnet-coreclr,99
dotnet-coreclr,2
dotnet-coreclr,2
dotnet-coreclr,98
dotnet-coreclr,14
dotnet-coreclr,31
dotnet-coreclr,172
dotnet-coreclr,19
dotnet-coreclr,4
dotnet-coreclr,18
dotnet-coreclr,18
dotnet-coreclr,9
dotnet-coreclr,2
dotnet-coreclr,131
dotnet-coreclr,43
dotnet-coreclr,43
dotnet-coreclr,93
dotnet-coreclr,93
dotnet-coreclr,17
dotnet-coreclr,10
dotnet-coreclr,128
dotnet-coreclr,186
dotnet-coreclr,186
dotnet-coreclr,610
dotnet-coreclr,41
dotnet-coreclr,672
dotnet-coreclr,16
dotnet-coreclr,16
dotnet-coreclr,5
dotnet-coreclr,6
Sonarr-Sonarr,14
Sonarr-Sonarr,10
Sonarr-Sonarr,18
Sonarr-Sonarr,54
Sonarr-Sonarr,8
Sonarr-Sonarr,208
Sonarr-Sonarr,53
Sonarr-Sonarr,14
Sonarr-Sonarr,2
Sonarr-Sonarr,2
Sonarr-Sonarr,2
Sonarr-Sonarr,48
Sonarr-Sonarr,511
Sonarr-Sonarr,2
Sonarr-Sonarr,304
Sonarr-Sonarr,5
Sonarr-Sonarr,15
Sonarr-Sonarr,216
Sonarr-Sonarr,216
Sonarr-Sonarr,26
Sonarr-Sonarr,60
Sonarr-Sonarr,129
Sonarr-Sonarr,4
Sonarr-Sonarr,2
Sonarr-Sonarr,6
Sonarr-Sonarr,39
Sonarr-Sonarr,3
Sonarr-Sonarr,274
Sonarr-Sonarr,17
Sonarr-Sonarr,4
Sonarr-Sonarr,71
Sonarr-Sonarr,27
Sonarr-Sonarr,7
Sonarr-Sonarr,63
Sonarr-Sonarr,82
Sonarr-Sonarr,25
Sonarr-Sonarr,2
Sonarr-Sonarr,89
Sonarr-Sonarr,4
Sonarr-Sonarr,8
Sonarr-Sonarr,167
Sonarr-Sonarr,14
Sonarr-Sonarr,569
Sonarr-Sonarr,105
Sonarr-Sonarr,38
Sonarr-Sonarr,57
Sonarr-Sonarr,52
Sonarr-Sonarr,65
Sonarr-Sonarr,156
Sonarr-Sonarr,201
Sonarr-Sonarr,8
Sonarr-Sonarr,99
Sonarr-Sonarr,3
Sonarr-Sonarr,124
Sonarr-Sonarr,47
StackExchange-Dapper,13
StackExchange-Dapper,98
StackExchange-Dapper,2
StackExchange-Dapper,20
StackExchange-Dapper,19
StackExchange-Dapper,11
StackExchange-Dapper,21
StackExchange-Dapper,2
StackExchange-Dapper,24
StackExchange-Dapper,40
StackExchange-Dapper,40
StackExchange-Dapper,78
StackExchange-Dapper,78
StackExchange-Dapper,43
StackExchange-Dapper,43
StackExchange-Dapper,105
StackExchange-Dapper,105
StackExchange-Dapper,79
StackExchange-Dapper,79
StackExchange-Dapper,30
jaredpar-VsVim,380
jaredpar-VsVim,3
jaredpar-VsVim,3
jaredpar-VsVim,30
jaredpar-VsVim,3
jaredpar-VsVim,12
jaredpar-VsVim,3
jaredpar-VsVim,57
jaredpar-VsVim,22
jaredpar-VsVim,7
jaredpar-VsVim,42
jaredpar-VsVim,60
jaredpar-VsVim,12
jaredpar-VsVim,31
jaredpar-VsVim,225
jaredpar-VsVim,1
jaredpar-VsVim,29
jaredpar-VsVim,27
jaredpar-VsVim,27
jaredpar-VsVim,34
jaredpar-VsVim,33
jaredpar-VsVim,58
jaredpar-VsVim,47
jaredpar-VsVim,5
jaredpar-VsVim,66
jaredpar-VsVim,23
jaredpar-VsVim,72
jaredpar-VsVim,87
jaredpar-VsVim,368
jaredpar-VsVim,219
jaredpar-VsVim,58
jaredpar-VsVim,273
jaredpar-VsVim,1901
jaredpar-VsVim,169
jaredpar-VsVim,49
jaredpar-VsVim,54
jaredpar-VsVim,251
jaredpar-VsVim,107
jaredpar-VsVim,5
jaredpar-VsVim,74
jaredpar-VsVim,84
jaredpar-VsVim,310
jaredpar-VsVim,233
jaredpar-VsVim,74
jaredpar-VsVim,74
jaredpar-VsVim,697
jaredpar-VsVim,198
jaredpar-VsVim,25
jaredpar-VsVim,8
jaredpar-VsVim,683
jaredpar-VsVim,124
jaredpar-VsVim,163
jaredpar-VsVim,11
jaredpar-VsVim,27
jaredpar-VsVim,3
jaredpar-VsVim,24
jaredpar-VsVim,12
jaredpar-VsVim,17
jaredpar-VsVim,24
jaredpar-VsVim,35
jaredpar-VsVim,48
jaredpar-VsVim,1695
jaredpar-VsVim,108
jaredpar-VsVim,76
jaredpar-VsVim,319
jaredpar-VsVim,42
jaredpar-VsVim,24
jaredpar-VsVim,26
jaredpar-VsVim,32
jaredpar-VsVim,114
jaredpar-VsVim,26
jaredpar-VsVim,32
jaredpar-VsVim,1
jaredpar-VsVim,65
jaredpar-VsVim,278
jaredpar-VsVim,38
jaredpar-VsVim,32
jaredpar-VsVim,130
jaredpar-VsVim,45
jaredpar-VsVim,17
jaredpar-VsVim,45
jaredpar-VsVim,611
jaredpar-VsVim,25
jaredpar-VsVim,244
jaredpar-VsVim,1318
jaredpar-VsVim,60
jaredpar-VsVim,419
jaredpar-VsVim,266
jaredpar-VsVim,110
jaredpar-VsVim,59
jaredpar-VsVim,82
jaredpar-VsVim,105
jaredpar-VsVim,126
jaredpar-VsVim,138
jaredpar-VsVim,98
jaredpar-VsVim,28
jaredpar-VsVim,181
jaredpar-VsVim,54
jaredpar-VsVim,155
jaredpar-VsVim,35
jaredpar-VsVim,60
jaredpar-VsVim,36
jaredpar-VsVim,22
jaredpar-VsVim,47
jaredpar-VsVim,316
jaredpar-VsVim,41
jaredpar-VsVim,48
jaredpar-VsVim,352
jaredpar-VsVim,128
jaredpar-VsVim,47
jaredpar-VsVim,91
jaredpar-VsVim,25
jaredpar-VsVim,2
jaredpar-VsVim,56
jaredpar-VsVim,29
jaredpar-VsVim,10
jaredpar-VsVim,9
jaredpar-VsVim,2
jaredpar-VsVim,9
jaredpar-VsVim,252
jaredpar-VsVim,54
jaredpar-VsVim,143
jaredpar-VsVim,17
jaredpar-VsVim,55
jaredpar-VsVim,28
jaredpar-VsVim,18
jaredpar-VsVim,39
jaredpar-VsVim,1
dotnet-roslyn,7
dotnet-roslyn,81
dotnet-roslyn,102
dotnet-roslyn,230
dotnet-roslyn,8
dotnet-roslyn,58
dotnet-roslyn,8
dotnet-roslyn,13
dotnet-roslyn,4354
dotnet-roslyn,126
dotnet-roslyn,101
dotnet-roslyn,142
dotnet-roslyn,132
dotnet-roslyn,126
dotnet-roslyn,109
dotnet-roslyn,21
dotnet-roslyn,26
dotnet-roslyn,102
dotnet-roslyn,12
dotnet-roslyn,92
dotnet-roslyn,1
dotnet-roslyn,12
dotnet-roslyn,73
dotnet-roslyn,302
dotnet-roslyn,64
dotnet-roslyn,99
dotnet-roslyn,99
dotnet-roslyn,9
dotnet-roslyn,8
dotnet-roslyn,211
dotnet-roslyn,8
dotnet-roslyn,4
dotnet-roslyn,180
dotnet-roslyn,1
dotnet-roslyn,154
dotnet-roslyn,37
dotnet-roslyn,4
dotnet-roslyn,152
dotnet-roslyn,310
dotnet-roslyn,9
dotnet-roslyn,2
dotnet-roslyn,2
dotnet-roslyn,88
dotnet-roslyn,12
dotnet-roslyn,44
dotnet-roslyn,356
dotnet-roslyn,6
dotnet-roslyn,18
dotnet-roslyn,16
dotnet-roslyn,14
dotnet-roslyn,113
dotnet-roslyn,671
dotnet-roslyn,27
dotnet-roslyn,2
dotnet-roslyn,39
dotnet-roslyn,67
dotnet-roslyn,31
dotnet-roslyn,50
dotnet-roslyn,94
dotnet-roslyn,13
dotnet-roslyn,231
dotnet-roslyn,507
dotnet-roslyn,98
dotnet-roslyn,239
dotnet-roslyn,2
dotnet-roslyn,257
dotnet-roslyn,450
dotnet-roslyn,12
dotnet-roslyn,83
dotnet-roslyn,2
dotnet-roslyn,370
dotnet-roslyn,23
dotnet-roslyn,57
dotnet-roslyn,184
dotnet-roslyn,2218
dotnet-roslyn,1380
dotnet-roslyn,11
dotnet-roslyn,2
dotnet-roslyn,12
dotnet-roslyn,364
dotnet-roslyn,428
dotnet-roslyn,57
dotnet-roslyn,435
dotnet-roslyn,8
dotnet-roslyn,146
dotnet-roslyn,87
dotnet-roslyn,65
dotnet-roslyn,86
dotnet-roslyn,25
dotnet-roslyn,35
dotnet-roslyn,2
dotnet-roslyn,2
dotnet-roslyn,876
dotnet-roslyn,12
dotnet-roslyn,8
dotnet-roslyn,33
dotnet-roslyn,49
dotnet-roslyn,168
dotnet-roslyn,14
dotnet-roslyn,154
dotnet-roslyn,9
dotnet-roslyn,18
dotnet-roslyn,9
dotnet-roslyn,9
dotnet-roslyn,2
dotnet-roslyn,68
dotnet-roslyn,1408
dotnet-roslyn,122
dotnet-roslyn,29
dotnet-roslyn,103
dotnet-roslyn,7
dotnet-roslyn,7
dotnet-roslyn,62
dotnet-roslyn,4
dotnet-roslyn,92
dotnet-roslyn,213
dotnet-roslyn,69
dotnet-roslyn,2
dotnet-roslyn,29
dotnet-roslyn,56
dotnet-roslyn,6
dotnet-roslyn,6
dotnet-roslyn,142
dotnet-roslyn,8
dotnet-roslyn,8
dotnet-roslyn,9
dotnet-roslyn,2
dotnet-roslyn,22
dotnet-roslyn,48
dotnet-roslyn,42
dotnet-roslyn,23
dotnet-roslyn,2
dotnet-roslyn,2
dotnet-roslyn,159
dotnet-roslyn,66
dotnet-roslyn,50
dotnet-roslyn,7
dotnet-roslyn,9
dotnet-roslyn,27
dotnet-roslyn,112
dotnet-roslyn,711
dotnet-roslyn,2
dotnet-roslyn,115
dotnet-roslyn,65
dotnet-roslyn,49
dotnet-roslyn,49
dotnet-roslyn,45
dotnet-roslyn,45
dotnet-roslyn,9
dotnet-roslyn,26
dotnet-roslyn,2
dotnet-roslyn,6
dotnet-roslyn,183
dotnet-roslyn,17
dotnet-roslyn,17
dotnet-roslyn,157
dotnet-roslyn,11
dotnet-roslyn,7
dotnet-roslyn,176
dotnet-roslyn,2
dotnet-roslyn,283
dotnet-roslyn,4
dotnet-roslyn,222
dotnet-roslyn,7
dotnet-roslyn,880
dotnet-roslyn,14
dotnet-roslyn,3
dotnet-roslyn,39
dotnet-roslyn,39
dotnet-roslyn,4
dotnet-roslyn,18
dotnet-roslyn,32
dotnet-roslyn,8
dotnet-roslyn,603
dotnet-roslyn,42
dotnet-roslyn,119
dotnet-roslyn,119
dotnet-roslyn,159
dotnet-roslyn,149
dotnet-roslyn,97
dotnet-roslyn,29
dotnet-roslyn,584
dotnet-roslyn,10
dotnet-roslyn,138
dotnet-roslyn,373
dotnet-roslyn,1177
dotnet-roslyn,29
dotnet-roslyn,123
dotnet-roslyn,80
dotnet-roslyn,161
dotnet-roslyn,213
dotnet-roslyn,215
dotnet-roslyn,1061
dotnet-roslyn,59
dotnet-roslyn,87
dotnet-roslyn,55
dotnet-roslyn,30
dotnet-roslyn,17
dotnet-roslyn,114
dotnet-roslyn,24
dotnet-roslyn,193
dotnet-roslyn,193
dotnet-roslyn,157
dotnet-roslyn,303
dotnet-roslyn,205
dotnet-roslyn,99
dotnet-roslyn,72
dotnet-roslyn,57
dotnet-roslyn,135
dotnet-roslyn,135
dotnet-roslyn,10
dotnet-roslyn,37
dotnet-roslyn,3
dotnet-roslyn,3
dotnet-roslyn,541
dotnet-roslyn,210
dotnet-roslyn,86
dotnet-roslyn,39
dotnet-roslyn,21
dotnet-roslyn,373
dotnet-roslyn,343
dotnet-roslyn,306
dotnet-roslyn,52
dotnet-roslyn,29
dotnet-roslyn,816
dotnet-roslyn,71
dotnet-roslyn,20
dotnet-roslyn,53
dotnet-roslyn,20
dotnet-roslyn,283
dotnet-roslyn,24
dotnet-roslyn,72
dotnet-roslyn,137
dotnet-roslyn,196
dotnet-roslyn,204
dotnet-roslyn,94
dotnet-roslyn,94
dotnet-roslyn,196
dotnet-roslyn,2
dotnet-roslyn,112
dotnet-roslyn,124
dotnet-roslyn,501
dotnet-roslyn,80
dotnet-roslyn,80
dotnet-roslyn,8
dotnet-roslyn,208
dotnet-roslyn,208
dotnet-roslyn,122
dotnet-roslyn,84
dotnet-roslyn,28
dotnet-roslyn,81
dotnet-roslyn,81
dotnet-roslyn,124
dotnet-roslyn,131
dotnet-roslyn,103
dotnet-roslyn,186
dotnet-roslyn,186
dotnet-roslyn,131
dotnet-roslyn,103
dotnet-roslyn,186
dotnet-roslyn,8
dotnet-roslyn,7207
dotnet-roslyn,77
dotnet-roslyn,3
dotnet-roslyn,41
dotnet-roslyn,6
dotnet-roslyn,304
dotnet-roslyn,6
dotnet-roslyn,36
dotnet-roslyn,58
dotnet-roslyn,17
dotnet-roslyn,20
dotnet-roslyn,33
dotnet-roslyn,24
dotnet-roslyn,91
dotnet-roslyn,19
dotnet-roslyn,21
dotnet-roslyn,30
dotnet-roslyn,30
dotnet-roslyn,38
dotnet-roslyn,38
dotnet-roslyn,1309
dotnet-roslyn,48
dotnet-roslyn,130
dotnet-roslyn,27
dotnet-roslyn,117
dotnet-roslyn,34
dotnet-roslyn,27
dotnet-roslyn,27
dotnet-roslyn,34
dotnet-roslyn,88
dotnet-roslyn,88
dotnet-roslyn,138
dotnet-roslyn,54
dotnet-roslyn,40
dotnet-roslyn,428
dotnet-roslyn,18
dotnet-roslyn,21
dotnet-roslyn,40
dotnet-roslyn,212
dotnet-roslyn,18
dotnet-roslyn,428
dotnet-roslyn,16
dotnet-roslyn,4
dotnet-roslyn,48
dotnet-roslyn,241
dotnet-roslyn,53
dotnet-roslyn,1135
dotnet-roslyn,2
dotnet-roslyn,21
dotnet-roslyn,140
dotnet-roslyn,21
dotnet-roslyn,37
dotnet-roslyn,74
dotnet-roslyn,297
dotnet-roslyn,55
dotnet-roslyn,2
dotnet-roslyn,106
dotnet-roslyn,12
dotnet-roslyn,1
dotnet-roslyn,11
dotnet-roslyn,15
dotnet-roslyn,39
dotnet-roslyn,39
dotnet-roslyn,78
dotnet-roslyn,501
dotnet-roslyn,501
dotnet-roslyn,81
dotnet-roslyn,81
dotnet-roslyn,12
dotnet-roslyn,55
dotnet-roslyn,1023
dotnet-roslyn,463
dotnet-roslyn,13
dotnet-roslyn,11
dotnet-roslyn,50
dotnet-roslyn,10
dotnet-roslyn,2
dotnet-roslyn,33
dotnet-roslyn,19
dotnet-roslyn,71
dotnet-roslyn,246
dotnet-roslyn,627
dotnet-roslyn,12
dotnet-roslyn,12
dotnet-roslyn,31
dotnet-roslyn,31
dotnet-roslyn,1
dotnet-roslyn,104
dotnet-roslyn,136
dotnet-roslyn,18
dotnet-roslyn,165
dotnet-roslyn,468
dotnet-roslyn,9
dotnet-roslyn,21
dotnet-roslyn,21
dotnet-roslyn,116
dotnet-roslyn,10
dotnet-roslyn,36
dotnet-roslyn,104
dotnet-roslyn,633
dotnet-roslyn,10
dotnet-roslyn,131
dotnet-roslyn,2
dotnet-roslyn,4
dotnet-roslyn,13
dotnet-roslyn,895
dotnet-roslyn,181
dotnet-roslyn,1128
dotnet-roslyn,944
dotnet-roslyn,524
dotnet-roslyn,527
dotnet-roslyn,54
dotnet-roslyn,156
dotnet-roslyn,268
dotnet-roslyn,2
dotnet-roslyn,83
dotnet-roslyn,1816
dotnet-roslyn,20
dotnet-roslyn,1019
dotnet-roslyn,177
dotnet-roslyn,464
dotnet-roslyn,44
dotnet-roslyn,4
dotnet-roslyn,403
dotnet-roslyn,104
dotnet-roslyn,32
dotnet-roslyn,580
dotnet-roslyn,32
dotnet-roslyn,67
dotnet-roslyn,4
dotnet-roslyn,1085
dotnet-roslyn,15
dotnet-roslyn,8
dotnet-roslyn,32
dotnet-roslyn,54
dotnet-roslyn,26
dotnet-roslyn,101
dotnet-roslyn,55
dotnet-roslyn,549
dotnet-roslyn,11
dotnet-roslyn,159
dotnet-roslyn,25
dotnet-roslyn,37
dotnet-roslyn,9
dotnet-roslyn,23
dotnet-roslyn,69
dotnet-roslyn,531
dotnet-roslyn,2
dotnet-roslyn,198
dotnet-roslyn,54
dotnet-roslyn,7
dotnet-roslyn,13
dotnet-roslyn,13
dotnet-roslyn,6
dotnet-roslyn,97
dotnet-roslyn,336
dotnet-roslyn,61
dotnet-roslyn,322
dotnet-roslyn,173
dotnet-roslyn,6
dotnet-roslyn,42
dotnet-roslyn,1023
dotnet-roslyn,29
dotnet-roslyn,2
dotnet-roslyn,11
dotnet-roslyn,49
dotnet-roslyn,10
dotnet-roslyn,320
dotnet-roslyn,201
dotnet-roslyn,7
dotnet-roslyn,466
dotnet-roslyn,467
dotnet-roslyn,93
dotnet-roslyn,27
dotnet-roslyn,2
dotnet-roslyn,49
dotnet-roslyn,279
dotnet-roslyn,3
dotnet-roslyn,33
dotnet-roslyn,44
dotnet-roslyn,24
dotnet-roslyn,101
dotnet-roslyn,4
dotnet-roslyn,17
dotnet-roslyn,108
dotnet-roslyn,299
dotnet-roslyn,162
dotnet-roslyn,131
dotnet-roslyn,6
dotnet-roslyn,52
dotnet-roslyn,113
dotnet-roslyn,50
dotnet-roslyn,32
dotnet-roslyn,20
dotnet-roslyn,169
dotnet-roslyn,61
dotnet-roslyn,375
dotnet-roslyn,20
dotnet-roslyn,229
dotnet-roslyn,73
dotnet-roslyn,22
dotnet-roslyn,17
dotnet-roslyn,177
dotnet-roslyn,67
dotnet-roslyn,106
dotnet-roslyn,150
dotnet-roslyn,146
dotnet-roslyn,81
dotnet-roslyn,11
dotnet-roslyn,215
dotnet-roslyn,226
dotnet-roslyn,4
dotnet-roslyn,13
dotnet-roslyn,30
dotnet-roslyn,265
dotnet-roslyn,275
dotnet-roslyn,3582
dotnet-roslyn,156033
dotnet-roslyn,131
dotnet-roslyn,3
dotnet-roslyn,7
dotnet-roslyn,4
dotnet-roslyn,38
dotnet-roslyn,75
dotnet-roslyn,40
dotnet-roslyn,33
dotnet-roslyn,10
dotnet-roslyn,15
dotnet-roslyn,7
dotnet-roslyn,2
dotnet-roslyn,105
dotnet-roslyn,58
dotnet-roslyn,37
dotnet-roslyn,220
dotnet-roslyn,86
dotnet-roslyn,16
dotnet-roslyn,4
dotnet-roslyn,52
dotnet-roslyn,67
dotnet-roslyn,4
dotnet-roslyn,583
dotnet-roslyn,16
dotnet-roslyn,7
dotnet-roslyn,7
dotnet-roslyn,209
dotnet-roslyn,25
dotnet-roslyn,155
dotnet-roslyn,1032
dotnet-roslyn,95
dotnet-roslyn,24
dotnet-roslyn,237
dotnet-roslyn,11
dotnet-roslyn,10193
dotnet-roslyn,152
dotnet-roslyn,44
dotnet-roslyn,126
dotnet-roslyn,34
dotnet-roslyn,115
dotnet-roslyn,70
dotnet-roslyn,7
dotnet-roslyn,4
dotnet-roslyn,46
dotnet-roslyn,56
dotnet-roslyn,6
dotnet-roslyn,14
dotnet-roslyn,2
dotnet-roslyn,44
dotnet-roslyn,289
dotnet-roslyn,18
dotnet-roslyn,34
dotnet-roslyn,43
dotnet-roslyn,102
dotnet-roslyn,21
dotnet-roslyn,45
dotnet-roslyn,8
dotnet-roslyn,18
dotnet-roslyn,50
dotnet-roslyn,268
dotnet-roslyn,15
dotnet-roslyn,2
dotnet-roslyn,23
dotnet-roslyn,41
dotnet-roslyn,317
dotnet-roslyn,28
dotnet-roslyn,14
dotnet-roslyn,76
dotnet-roslyn,12
dotnet-roslyn,633
dotnet-roslyn,20
dotnet-roslyn,19
dotnet-roslyn,5
dotnet-roslyn,8
dotnet-roslyn,8
dotnet-roslyn,10
dotnet-roslyn,48
dotnet-roslyn,11
dotnet-roslyn,132
dotnet-roslyn,140
dotnet-roslyn,284
dotnet-roslyn,204
dotnet-roslyn,66
dotnet-roslyn,384
dotnet-roslyn,14
dotnet-roslyn,2
dotnet-roslyn,29
dotnet-roslyn,2
dotnet-roslyn,70
dotnet-roslyn,18
dotnet-roslyn,7
dotnet-roslyn,1534
dotnet-roslyn,50
dotnet-roslyn,10
dotnet-roslyn,43
dotnet-roslyn,92
dotnet-roslyn,864
dotnet-roslyn,2
dotnet-roslyn,80
dotnet-roslyn,432
dotnet-roslyn,16
dotnet-roslyn,23
dotnet-roslyn,239
dotnet-roslyn,43
JamesNK-Newtonsoft.Json,18
JamesNK-Newtonsoft.Json,54
JamesNK-Newtonsoft.Json,24
JamesNK-Newtonsoft.Json,13
JamesNK-Newtonsoft.Json,46
JamesNK-Newtonsoft.Json,44
JamesNK-Newtonsoft.Json,1703
JamesNK-Newtonsoft.Json,51
JamesNK-Newtonsoft.Json,14
JamesNK-Newtonsoft.Json,169
JamesNK-Newtonsoft.Json,44
JamesNK-Newtonsoft.Json,13
JamesNK-Newtonsoft.Json,13
JamesNK-Newtonsoft.Json,429
JamesNK-Newtonsoft.Json,27
JamesNK-Newtonsoft.Json,8
JamesNK-Newtonsoft.Json,499
JamesNK-Newtonsoft.Json,247
JamesNK-Newtonsoft.Json,30
JamesNK-Newtonsoft.Json,116
JamesNK-Newtonsoft.Json,463
JamesNK-Newtonsoft.Json,134
JamesNK-Newtonsoft.Json,2476
JamesNK-Newtonsoft.Json,235
JamesNK-Newtonsoft.Json,374
JamesNK-Newtonsoft.Json,1080
JamesNK-Newtonsoft.Json,43
JamesNK-Newtonsoft.Json,1799
JamesNK-Newtonsoft.Json,38
JamesNK-Newtonsoft.Json,43
JamesNK-Newtonsoft.Json,1025
JamesNK-Newtonsoft.Json,1366
JamesNK-Newtonsoft.Json,2758
thedillonb-CodeHub,29
thedillonb-CodeHub,82
thedillonb-CodeHub,284
thedillonb-CodeHub,1
thedillonb-CodeHub,1
thedillonb-CodeHub,38
thedillonb-CodeHub,50
thedillonb-CodeHub,8
thedillonb-CodeHub,78
thedillonb-CodeHub,207
thedillonb-CodeHub,80
thedillonb-CodeHub,62
thedillonb-CodeHub,58
thedillonb-CodeHub,193
NLog-NLog,50
NLog-NLog,76
NLog-NLog,76
NLog-NLog,285
NLog-NLog,58
NLog-NLog,143
NLog-NLog,36
NLog-NLog,77
NLog-NLog,7
NLog-NLog,182
NLog-NLog,49
NLog-NLog,27
NLog-NLog,125
NLog-NLog,151
NLog-NLog,151
NLog-NLog,11
NLog-NLog,49
NLog-NLog,909
NLog-NLog,203
NLog-NLog,5
NLog-NLog,90
NLog-NLog,321
NLog-NLog,278
NLog-NLog,14
NLog-NLog,9
NLog-NLog,255
NLog-NLog,400
NLog-NLog,57
NLog-NLog,156
NLog-NLog,225
NLog-NLog,2
NLog-NLog,63
NLog-NLog,132
NLog-NLog,38
NLog-NLog,38
NLog-NLog,67
NLog-NLog,4
NLog-NLog,61
NLog-NLog,23
NLog-NLog,17
NLog-NLog,5
NLog-NLog,49
NLog-NLog,28
NLog-NLog,10
NLog-NLog,372
NLog-NLog,4
NLog-NLog,289
NLog-NLog,12
NLog-NLog,372
NLog-NLog,2
NLog-NLog,71
NLog-NLog,177
NLog-NLog,200
NLog-NLog,19
NLog-NLog,7
NLog-NLog,60
NLog-NLog,36
NLog-NLog,43
NLog-NLog,68
NLog-NLog,8
NLog-NLog,2465
NLog-NLog,516
NLog-NLog,1
NLog-NLog,639
NLog-NLog,4756
NLog-NLog,83
NLog-NLog,44
NLog-NLog,666
NLog-NLog,666
NLog-NLog,2
NLog-NLog,254
NLog-NLog,254
NLog-NLog,4
NLog-NLog,4
NLog-NLog,97
NLog-NLog,97
NLog-NLog,1549
NLog-NLog,1549
NLog-NLog,1251
NLog-NLog,1251
NLog-NLog,17
NLog-NLog,17
NLog-NLog,2
NLog-NLog,2
NLog-NLog,284
NLog-NLog,284
NLog-NLog,4
NLog-NLog,4
AutoMapper-AutoMapper,1942
AutoMapper-AutoMapper,30
AutoMapper-AutoMapper,30
AutoMapper-AutoMapper,36
AutoMapper-AutoMapper,15
AutoMapper-AutoMapper,51
AutoMapper-AutoMapper,160
AutoMapper-AutoMapper,23
AutoMapper-AutoMapper,48
AutoMapper-AutoMapper,1118
AutoMapper-AutoMapper,45
AutoMapper-AutoMapper,184
AutoMapper-AutoMapper,458
AutoMapper-AutoMapper,50
AutoMapper-AutoMapper,129
AutoMapper-AutoMapper,139
AutoMapper-AutoMapper,57
AutoMapper-AutoMapper,55
AutoMapper-AutoMapper,20
AutoMapper-AutoMapper,19
AutoMapper-AutoMapper,2
AutoMapper-AutoMapper,2029
AutoMapper-AutoMapper,76
AutoMapper-AutoMapper,29
AutoMapper-AutoMapper,74
AutoMapper-AutoMapper,879
AutoMapper-AutoMapper,1
AutoMapper-AutoMapper,496
AutoMapper-AutoMapper,442
AutoMapper-AutoMapper,102
AutoMapper-AutoMapper,64
AutoMapper-AutoMapper,78
AutoMapper-AutoMapper,69
AutoMapper-AutoMapper,67
AutoMapper-AutoMapper,45
AutoMapper-AutoMapper,116
AutoMapper-AutoMapper,40
AutoMapper-AutoMapper,1845
AutoMapper-AutoMapper,2
AutoMapper-AutoMapper,1607
AutoMapper-AutoMapper,71
AutoMapper-AutoMapper,181
AutoMapper-AutoMapper,136
AutoMapper-AutoMapper,154
AutoMapper-AutoMapper,83
AutoMapper-AutoMapper,79
AutoMapper-AutoMapper,73
AutoMapper-AutoMapper,98
AutoMapper-AutoMapper,52
AutoMapper-AutoMapper,116
AutoMapper-AutoMapper,98
AutoMapper-AutoMapper,345
AutoMapper-AutoMapper,444
AutoMapper-AutoMapper,68
AutoMapper-AutoMapper,109
AutoMapper-AutoMapper,99
AutoMapper-AutoMapper,211
AutoMapper-AutoMapper,48
AutoMapper-AutoMapper,12
Microsoft-BotBuilder,3909
Microsoft-BotBuilder,59
Microsoft-BotBuilder,633
Microsoft-BotBuilder,8
Microsoft-BotBuilder,93
Microsoft-BotBuilder,35
Microsoft-BotBuilder,7
Microsoft-BotBuilder,138
Microsoft-BotBuilder,244
Microsoft-BotBuilder,95
Microsoft-BotBuilder,551
Microsoft-BotBuilder,6
Microsoft-BotBuilder,122
Microsoft-BotBuilder,4
Microsoft-BotBuilder,6
Microsoft-BotBuilder,29
Microsoft-BotBuilder,1089
Microsoft-BotBuilder,4
Microsoft-BotBuilder,206
Microsoft-BotBuilder,29
Microsoft-BotBuilder,144
Microsoft-BotBuilder,26
Microsoft-BotBuilder,1571
Microsoft-BotBuilder,2750
Microsoft-BotBuilder,51
Microsoft-BotBuilder,2
Microsoft-BotBuilder,23
Microsoft-BotBuilder,496
Nummer-Destroy-Windows-10-Spying,32
Nummer-Destroy-Windows-10-Spying,148
HangfireIO-Hangfire,106
HangfireIO-Hangfire,17
HangfireIO-Hangfire,76
HangfireIO-Hangfire,4
HangfireIO-Hangfire,39
HangfireIO-Hangfire,117
HangfireIO-Hangfire,181
HangfireIO-Hangfire,138
aspnet-Mvc,281
aspnet-Mvc,123
aspnet-Mvc,353
aspnet-Mvc,16
aspnet-Mvc,22
aspnet-Mvc,64
aspnet-Mvc,1512
aspnet-Mvc,3361
aspnet-Mvc,53
aspnet-Mvc,693
aspnet-Mvc,1413
aspnet-Mvc,250
aspnet-Mvc,295
aspnet-Mvc,467
aspnet-Mvc,772
aspnet-Mvc,1257
aspnet-Mvc,9
aspnet-Mvc,34
aspnet-Mvc,343
aspnet-Mvc,90
aspnet-Mvc,110
aspnet-Mvc,79
aspnet-Mvc,20
aspnet-Mvc,37
aspnet-Mvc,5
chocolatey-choco,39
chocolatey-choco,269
ResourceHunter-BaiduPanDownloadWinform,163
ResourceHunter-BaiduPanDownloadWinform,163
aspnet-EntityFramework,6
aspnet-EntityFramework,1454
aspnet-EntityFramework,19
aspnet-EntityFramework,67
aspnet-EntityFramework,35
aspnet-EntityFramework,717
aspnet-EntityFramework,717
aspnet-EntityFramework,1278
aspnet-EntityFramework,224
aspnet-EntityFramework,248
aspnet-EntityFramework,48
aspnet-EntityFramework,36
aspnet-EntityFramework,19
aspnet-EntityFramework,396
aspnet-EntityFramework,585
aspnet-EntityFramework,116
aspnet-EntityFramework,28
aspnet-EntityFramework,9022
aspnet-EntityFramework,365
aspnet-EntityFramework,9024
aspnet-EntityFramework,53
aspnet-EntityFramework,18
aspnet-EntityFramework,2
aspnet-EntityFramework,658
aspnet-EntityFramework,1133
aspnet-EntityFramework,4
aspnet-EntityFramework,1976
aspnet-EntityFramework,11
aspnet-EntityFramework,9
aspnet-EntityFramework,382
aspnet-EntityFramework,37
aspnet-EntityFramework,252
aspnet-EntityFramework,407
aspnet-EntityFramework,3635
aspnet-EntityFramework,102
aspnet-EntityFramework,493
aspnet-EntityFramework,159
aspnet-EntityFramework,4
aspnet-EntityFramework,621
aspnet-EntityFramework,3
aspnet-EntityFramework,1161
aspnet-EntityFramework,66
aspnet-EntityFramework,12
aspnet-EntityFramework,403
aspnet-EntityFramework,933
aspnet-EntityFramework,345
aspnet-EntityFramework,36
aspnet-EntityFramework,5579
aspnet-EntityFramework,466
aspnet-EntityFramework,1534
aspnet-EntityFramework,258
aspnet-EntityFramework,561
aspnet-EntityFramework,295
aspnet-EntityFramework,153
aspnet-EntityFramework,153
aspnet-EntityFramework,73
aspnet-EntityFramework,174
aspnet-EntityFramework,96
aspnet-EntityFramework,5
aspnet-EntityFramework,116
aspnet-EntityFramework,1180
aspnet-EntityFramework,386
aspnet-EntityFramework,546
aspnet-EntityFramework,8
aspnet-EntityFramework,47
aspnet-EntityFramework,12
aspnet-EntityFramework,573
aspnet-EntityFramework,138
aspnet-EntityFramework,1040
aspnet-EntityFramework,82
aspnet-EntityFramework,370
aspnet-EntityFramework,60
aspnet-EntityFramework,853
aspnet-EntityFramework,373
aspnet-EntityFramework,2747
aspnet-EntityFramework,46
aspnet-EntityFramework,6
aspnet-EntityFramework,138
aspnet-EntityFramework,154
aspnet-EntityFramework,917
aspnet-EntityFramework,279
aspnet-EntityFramework,125
aspnet-EntityFramework,65
aspnet-EntityFramework,2068
aspnet-EntityFramework,424
aspnet-EntityFramework,263
aspnet-EntityFramework,4998
Microsoft-GVFS,11841
