projectname,ploc
containous-traefik,55
containous-traefik,2
containous-traefik,18
containous-traefik,1
containous-traefik,2
containous-traefik,2
yudai-gotty,2
yudai-gotty,2
urfave-cli,2
urfave-cli,2
grafana-grafana,12
grafana-grafana,1
grafana-grafana,20
grafana-grafana,43
grafana-grafana,4
grafana-grafana,4
grafana-grafana,2
grafana-grafana,34
grafana-grafana,5
grafana-grafana,116
grafana-grafana,38
grafana-grafana,3
grafana-grafana,17
grafana-grafana,2
grafana-grafana,3
grafana-grafana,3
grafana-grafana,2
grafana-grafana,62
grafana-grafana,84
grafana-grafana,3
grafana-grafana,6
grafana-grafana,2
grafana-grafana,3
grafana-grafana,7
grafana-grafana,2
grafana-grafana,2
fogleman-primitive,4
fogleman-primitive,4
fogleman-primitive,2
fogleman-primitive,8
gin-gonic-gin,8
gin-gonic-gin,4
gin-gonic-gin,4
gin-gonic-gin,2
gin-gonic-gin,2
gin-gonic-gin,2
gin-gonic-gin,13
gin-gonic-gin,2
gin-gonic-gin,6
gin-gonic-gin,6
gin-gonic-gin,146
gin-gonic-gin,7
gin-gonic-gin,4
gin-gonic-gin,2
gin-gonic-gin,2
gin-gonic-gin,36
gin-gonic-gin,36
gin-gonic-gin,2
gin-gonic-gin,30
gin-gonic-gin,75
junegunn-fzf,1
junegunn-fzf,10
astaxie-beego,2
astaxie-beego,2
astaxie-beego,27
astaxie-beego,2
astaxie-beego,2
astaxie-beego,27
astaxie-beego,2
astaxie-beego,1
astaxie-beego,1
astaxie-beego,2
astaxie-beego,4
astaxie-beego,15
astaxie-beego,15
astaxie-beego,141
astaxie-beego,3
astaxie-beego,83
astaxie-beego,82
astaxie-beego,38
astaxie-beego,39
astaxie-beego,27
astaxie-beego,2
astaxie-beego,1
astaxie-beego,118
astaxie-beego,2
astaxie-beego,17
astaxie-beego,3
astaxie-beego,45
astaxie-beego,8
astaxie-beego,2
astaxie-beego,24
astaxie-beego,24
astaxie-beego,3
astaxie-beego,4
astaxie-beego,4
astaxie-beego,3
astaxie-beego,8
astaxie-beego,10
astaxie-beego,59
astaxie-beego,98
astaxie-beego,93
astaxie-beego,48
astaxie-beego,4
astaxie-beego,1
astaxie-beego,2
astaxie-beego,91
astaxie-beego,37
astaxie-beego,6
astaxie-beego,3
astaxie-beego,3
astaxie-beego,7
astaxie-beego,7
astaxie-beego,5
astaxie-beego,2
astaxie-beego,28
astaxie-beego,23
astaxie-beego,2
astaxie-beego,249
astaxie-beego,201
astaxie-beego,13
astaxie-beego,10
astaxie-beego,13
astaxie-beego,7
astaxie-beego,108
astaxie-beego,31
astaxie-beego,18
astaxie-beego,4
astaxie-beego,10
astaxie-beego,4
astaxie-beego,2
astaxie-beego,218
astaxie-beego,2
astaxie-beego,2
astaxie-beego,2
astaxie-beego,2
astaxie-beego,12
astaxie-beego,10
astaxie-beego,16
astaxie-beego,71
astaxie-beego,3
astaxie-beego,15
astaxie-beego,14
astaxie-beego,6
astaxie-beego,2
astaxie-beego,2
astaxie-beego,2
astaxie-beego,2
astaxie-beego,2
astaxie-beego,2
astaxie-beego,11
astaxie-beego,3
astaxie-beego,2
astaxie-beego,2
astaxie-beego,47
astaxie-beego,7
astaxie-beego,7
astaxie-beego,18
astaxie-beego,6
astaxie-beego,31
astaxie-beego,15
astaxie-beego,15
astaxie-beego,1077
astaxie-beego,6
astaxie-beego,508
astaxie-beego,2
astaxie-beego,3
astaxie-beego,6
astaxie-beego,6
astaxie-beego,48
astaxie-beego,1
astaxie-beego,2
astaxie-beego,2
astaxie-beego,15
astaxie-beego,15
astaxie-beego,4
astaxie-beego,4
astaxie-beego,11
astaxie-beego,2
astaxie-beego,2
astaxie-beego,4
astaxie-beego,4
astaxie-beego,2
astaxie-beego,2
astaxie-beego,2
astaxie-beego,567
hashicorp-packer,2
hashicorp-packer,2
hashicorp-packer,7
hashicorp-packer,9
hashicorp-packer,10
hashicorp-packer,63
hashicorp-packer,166
hashicorp-packer,16
hashicorp-packer,11
hashicorp-packer,2
hashicorp-packer,2
hashicorp-packer,6
hashicorp-packer,5
hashicorp-packer,5
hashicorp-packer,13
hashicorp-packer,2
hashicorp-packer,6
hashicorp-packer,9
hashicorp-packer,52
hashicorp-packer,2
hashicorp-packer,6
hashicorp-packer,82
hashicorp-packer,8
hashicorp-packer,2
hashicorp-packer,73
hashicorp-packer,2
hashicorp-packer,2
hashicorp-packer,80
hashicorp-packer,9
hashicorp-packer,54
hashicorp-packer,4
hashicorp-packer,4
hashicorp-packer,5
hashicorp-packer,20
hashicorp-packer,1
hashicorp-packer,2
hashicorp-packer,2
hashicorp-packer,14
hashicorp-packer,5
hashicorp-packer,6
revel-revel,7
revel-revel,7
revel-revel,5
revel-revel,24
revel-revel,5
revel-revel,12
revel-revel,13
revel-revel,100
revel-revel,7
revel-revel,22
revel-revel,15
revel-revel,3
revel-revel,2
revel-revel,1
revel-revel,41
revel-revel,2
revel-revel,4
revel-revel,7
revel-revel,17
revel-revel,64
revel-revel,5
revel-revel,4
revel-revel,2
revel-revel,3
revel-revel,14
revel-revel,2
drone-drone,2
drone-drone,10
drone-drone,21
drone-drone,12
drone-drone,11
drone-drone,4
drone-drone,58
drone-drone,8
drone-drone,13
drone-drone,3
drone-drone,2
drone-drone,2
drone-drone,20
drone-drone,33
drone-drone,2
drone-drone,2
drone-drone,12
drone-drone,4
drone-drone,7
drone-drone,144
drone-drone,7
drone-drone,93
drone-drone,4
go-kit-kit,2
go-kit-kit,8
go-kit-kit,4
go-kit-kit,10
go-kit-kit,6
go-kit-kit,113
go-kit-kit,22
go-kit-kit,99
go-kit-kit,3
go-kit-kit,3
go-kit-kit,2
go-kit-kit,19
go-kit-kit,363
gogits-gogs,2
gogits-gogs,4
gogits-gogs,24
gogits-gogs,10
gogits-gogs,20
gogits-gogs,62
gogits-gogs,1448
gogits-gogs,8
gogits-gogs,4
gogits-gogs,23
gogits-gogs,6
gogits-gogs,21
gogits-gogs,22
gogits-gogs,41
gogits-gogs,2
gogits-gogs,4
gogits-gogs,18
gogits-gogs,4
gogits-gogs,7
gogits-gogs,10
gogits-gogs,10
gogits-gogs,3
gogits-gogs,57
gogits-gogs,1
gogits-gogs,8
gogits-gogs,10
gogits-gogs,28
gogits-gogs,13
gogits-gogs,193
gogits-gogs,16
gogits-gogs,9
gogits-gogs,23
gogits-gogs,48
gogits-gogs,6
gogits-gogs,50
gogits-gogs,140
gogits-gogs,2
gogits-gogs,92
gogits-gogs,28
gogits-gogs,2
gogits-gogs,4
gogits-gogs,29
gogits-gogs,11
gogits-gogs,4
gogits-gogs,4
gogits-gogs,17
gogits-gogs,8
gogits-gogs,41
gogits-gogs,2
gogits-gogs,4
gogits-gogs,6
gogits-gogs,18
gogits-gogs,4
gogits-gogs,13
gogits-gogs,4
gogits-gogs,9
gogits-gogs,9
gogits-gogs,2
gogits-gogs,4
gogits-gogs,6
gogits-gogs,1
gogits-gogs,24
gogits-gogs,9
gogits-gogs,15
gogits-gogs,18
gogits-gogs,19
gogits-gogs,7
gogits-gogs,2
gogits-gogs,78
gogits-gogs,609
gogits-gogs,2
gogits-gogs,5
gogits-gogs,8
gogits-gogs,63
gogits-gogs,101
gogits-gogs,74
gogits-gogs,5
gogits-gogs,43
gogits-gogs,19
gogits-gogs,38
gogits-gogs,49
gogits-gogs,2
gogits-gogs,54
gogits-gogs,10
gogits-gogs,10
gogits-gogs,25
gogits-gogs,11
gogits-gogs,2
gogits-gogs,55
gogits-gogs,11
gogits-gogs,2
gogits-gogs,2
gogits-gogs,1
gogits-gogs,8
gogits-gogs,3
gogits-gogs,2
gogits-gogs,151
gogits-gogs,129
gogits-gogs,2
gogits-gogs,2
gogits-gogs,22
gogits-gogs,51
gogits-gogs,55
gogits-gogs,4
gogits-gogs,2
gogits-gogs,14
gogits-gogs,2
gogits-gogs,11
gogits-gogs,6
gogits-gogs,2
gogits-gogs,183
gogits-gogs,64
gogits-gogs,27
gogits-gogs,6
gogits-gogs,4
gogits-gogs,13
gogits-gogs,6
gogits-gogs,4
gogits-gogs,10
gogits-gogs,5
gogits-gogs,6
gogits-gogs,50
gogits-gogs,26
gogits-gogs,80
gogits-gogs,7
gogits-gogs,33
gogits-gogs,3
gogits-gogs,26
gogits-gogs,115
gogits-gogs,4
gogits-gogs,29
gogits-gogs,13
gogits-gogs,6
gogits-gogs,4
gogits-gogs,2
gogits-gogs,7
gogits-gogs,17
gogits-gogs,2
gogits-gogs,3
gogits-gogs,29
spf13-hugo,47
spf13-hugo,60
spf13-hugo,11
spf13-hugo,6
spf13-hugo,2
spf13-hugo,19
spf13-hugo,60
spf13-hugo,15
spf13-hugo,32
spf13-hugo,2
spf13-hugo,7
spf13-hugo,115
spf13-hugo,11
spf13-hugo,2
spf13-hugo,26
spf13-hugo,10
spf13-hugo,2
spf13-hugo,23
spf13-hugo,28
spf13-hugo,6
spf13-hugo,11
spf13-hugo,2
spf13-hugo,22
spf13-hugo,2
spf13-hugo,2
gizak-termui,7
gizak-termui,12
gizak-termui,2
gizak-termui,2
gizak-termui,39
gizak-termui,125
gizak-termui,6
gizak-termui,302
gizak-termui,270
inconshreveable-ngrok,65
inconshreveable-ngrok,6
inconshreveable-ngrok,290
inconshreveable-ngrok,15
inconshreveable-ngrok,3
inconshreveable-ngrok,49
inconshreveable-ngrok,19
inconshreveable-ngrok,2
inconshreveable-ngrok,5
inconshreveable-ngrok,2
inconshreveable-ngrok,10
inconshreveable-ngrok,59
CodisLabs-codis,2
CodisLabs-codis,34
CodisLabs-codis,7
CodisLabs-codis,115
CodisLabs-codis,4
CodisLabs-codis,165
CodisLabs-codis,16
CodisLabs-codis,1
CodisLabs-codis,23
CodisLabs-codis,5
CodisLabs-codis,9
CodisLabs-codis,2
CodisLabs-codis,7
CodisLabs-codis,7
CodisLabs-codis,97
CodisLabs-codis,97
CodisLabs-codis,7
CodisLabs-codis,14
CodisLabs-codis,72
CodisLabs-codis,10
CodisLabs-codis,9
CodisLabs-codis,2
CodisLabs-codis,8
CodisLabs-codis,16
CodisLabs-codis,20
CodisLabs-codis,38
CodisLabs-codis,38
CodisLabs-codis,89
CodisLabs-codis,87
coreos-etcd,24
coreos-etcd,22187
coreos-etcd,15
coreos-etcd,15
coreos-etcd,116
coreos-etcd,3
coreos-etcd,28
coreos-etcd,8
coreos-etcd,32
coreos-etcd,32
coreos-etcd,4
coreos-etcd,31
coreos-etcd,6
coreos-etcd,6
coreos-etcd,31
coreos-etcd,6
coreos-etcd,6
coreos-etcd,4
coreos-etcd,8
coreos-etcd,13
coreos-etcd,43
coreos-etcd,43
coreos-etcd,506
coreos-etcd,311
coreos-etcd,45
coreos-etcd,5
coreos-etcd,61
coreos-etcd,30
coreos-etcd,13
coreos-etcd,8
coreos-etcd,85
coreos-etcd,45
coreos-etcd,18
coreos-etcd,6
coreos-etcd,6
coreos-etcd,5
coreos-etcd,9
coreos-etcd,628
coreos-etcd,2
coreos-etcd,6
coreos-etcd,6
coreos-etcd,2
coreos-etcd,2
coreos-etcd,12
coreos-etcd,12
coreos-etcd,3
coreos-etcd,3
coreos-etcd,28
coreos-etcd,64
coreos-etcd,2
coreos-etcd,587
coreos-etcd,52
coreos-etcd,38
coreos-etcd,23
coreos-etcd,15
coreos-etcd,2
coreos-etcd,2
coreos-etcd,2
coreos-etcd,53
coreos-etcd,20
coreos-etcd,37
coreos-etcd,124
coreos-etcd,4
coreos-etcd,4
coreos-etcd,38
coreos-etcd,44
coreos-etcd,166
coreos-etcd,175
coreos-etcd,8
coreos-etcd,2
coreos-etcd,14
coreos-etcd,74
coreos-etcd,102
github-hub,7
github-hub,195
github-hub,3367
github-hub,42
github-hub,13
github-hub,20
github-hub,12
github-hub,111
github-hub,11
github-hub,2
github-hub,74
github-hub,19
github-hub,12
github-hub,10
github-hub,93
github-hub,2
github-hub,128
github-hub,13
flynn-flynn,7
flynn-flynn,4
flynn-flynn,4
flynn-flynn,4
flynn-flynn,25
flynn-flynn,38
flynn-flynn,134
flynn-flynn,15561
flynn-flynn,10
flynn-flynn,14
flynn-flynn,2
flynn-flynn,16
flynn-flynn,16
flynn-flynn,16
flynn-flynn,2
flynn-flynn,2
flynn-flynn,1418
flynn-flynn,326
flynn-flynn,836
flynn-flynn,86
flynn-flynn,183
flynn-flynn,1866
flynn-flynn,1
flynn-flynn,9
flynn-flynn,119
flynn-flynn,78
flynn-flynn,2
flynn-flynn,17
flynn-flynn,67
flynn-flynn,2785
flynn-flynn,75
flynn-flynn,33
flynn-flynn,8
flynn-flynn,5
flynn-flynn,5
flynn-flynn,71
flynn-flynn,1
flynn-flynn,135
flynn-flynn,10
flynn-flynn,18
flynn-flynn,6
flynn-flynn,29
moby-moby,308
moby-moby,17
moby-moby,168
moby-moby,2
moby-moby,2
moby-moby,83
moby-moby,2
moby-moby,9
moby-moby,28
moby-moby,2
moby-moby,2
moby-moby,4
moby-moby,29
moby-moby,25
moby-moby,25
moby-moby,65
moby-moby,73
moby-moby,30
moby-moby,45
moby-moby,45
moby-moby,54
moby-moby,6
moby-moby,175
moby-moby,38
moby-moby,7
moby-moby,7
moby-moby,38
moby-moby,38
moby-moby,21
moby-moby,21
moby-moby,3
moby-moby,7
moby-moby,23
moby-moby,23
moby-moby,6
moby-moby,6
moby-moby,111
moby-moby,86
moby-moby,3
moby-moby,17
moby-moby,15
moby-moby,15
moby-moby,17
moby-moby,44
moby-moby,4
moby-moby,84
moby-moby,6
moby-moby,44
moby-moby,285
moby-moby,21
moby-moby,24
moby-moby,17
moby-moby,5
moby-moby,1
moby-moby,1
moby-moby,127
moby-moby,4
moby-moby,4
moby-moby,114
moby-moby,17
moby-moby,44
moby-moby,44
moby-moby,6
moby-moby,6
moby-moby,93
moby-moby,215
moby-moby,32
moby-moby,2
moby-moby,5
moby-moby,96
moby-moby,96
moby-moby,2
moby-moby,11
moby-moby,18
moby-moby,226
moby-moby,74
moby-moby,126
moby-moby,2
moby-moby,2
moby-moby,11
moby-moby,1628
moby-moby,11
moby-moby,130
moby-moby,8
moby-moby,8
moby-moby,9
moby-moby,157
moby-moby,20
moby-moby,20
moby-moby,98
moby-moby,55
moby-moby,1
moby-moby,106
moby-moby,254
moby-moby,268
moby-moby,8
moby-moby,29
moby-moby,4
moby-moby,129
moby-moby,4
moby-moby,16
moby-moby,16
moby-moby,25
moby-moby,3
moby-moby,3
moby-moby,755
moby-moby,45
moby-moby,45
moby-moby,129
moby-moby,179
moby-moby,252
moby-moby,252
moby-moby,1
moby-moby,20
moby-moby,16
moby-moby,5361
moby-moby,13
moby-moby,1165
moby-moby,31
moby-moby,5
moby-moby,208
moby-moby,21
moby-moby,21
moby-moby,786
moby-moby,4
moby-moby,9
moby-moby,1
moby-moby,1
moby-moby,282
moby-moby,55
moby-moby,55
moby-moby,1
moby-moby,1
moby-moby,4440
moby-moby,7
moby-moby,7
moby-moby,84
moby-moby,2
moby-moby,2
moby-moby,34
moby-moby,27
moby-moby,44
moby-moby,8
moby-moby,8
moby-moby,8
moby-moby,46
moby-moby,16
moby-moby,16
moby-moby,14
moby-moby,118
moby-moby,110
moby-moby,14
moby-moby,3
moby-moby,4
moby-moby,4
moby-moby,144
moby-moby,10
moby-moby,6
moby-moby,100
moby-moby,37
moby-moby,8
moby-moby,40
moby-moby,40
moby-moby,98
moby-moby,65
moby-moby,65
moby-moby,65
moby-moby,8
moby-moby,6
moby-moby,184
moby-moby,14
moby-moby,2
moby-moby,20
moby-moby,142
moby-moby,7
moby-moby,3
moby-moby,50
moby-moby,50
moby-moby,61
moby-moby,9
moby-moby,11
moby-moby,8
moby-moby,44
moby-moby,18
moby-moby,126
moby-moby,44
moby-moby,240
moby-moby,5
moby-moby,14
moby-moby,14
moby-moby,150
moby-moby,75
moby-moby,4
moby-moby,5
moby-moby,42
moby-moby,5
moby-moby,34
moby-moby,9
moby-moby,9
moby-moby,56
moby-moby,5
moby-moby,2
moby-moby,23
moby-moby,17
moby-moby,24
moby-moby,100
moby-moby,5
moby-moby,6
moby-moby,19
moby-moby,26
moby-moby,17
moby-moby,22
moby-moby,22
moby-moby,77
moby-moby,77
moby-moby,128
moby-moby,4
moby-moby,4
moby-moby,2
moby-moby,15
moby-moby,9
moby-moby,31
moby-moby,4
moby-moby,17
moby-moby,12
moby-moby,10
moby-moby,36
moby-moby,12
moby-moby,22
moby-moby,2
moby-moby,10
moby-moby,2
moby-moby,2
moby-moby,5
moby-moby,51
moby-moby,5
moby-moby,8
moby-moby,1
moby-moby,2
moby-moby,5
moby-moby,4
moby-moby,6
moby-moby,21
moby-moby,54
moby-moby,5
moby-moby,11
moby-moby,5
moby-moby,81
moby-moby,4
moby-moby,3
moby-moby,5
moby-moby,2
moby-moby,2
moby-moby,36
nsqio-nsq,6
nsqio-nsq,6
nsqio-nsq,2
nsqio-nsq,4
nsqio-nsq,53
nsqio-nsq,10
nsqio-nsq,43
nsqio-nsq,194
nsqio-nsq,6
nsqio-nsq,6
nsqio-nsq,13
nsqio-nsq,3
nsqio-nsq,271
nsqio-nsq,271
nsqio-nsq,5
nsqio-nsq,21
nsqio-nsq,62
nsqio-nsq,67
nsqio-nsq,7
nsqio-nsq,75
nsqio-nsq,134
nsqio-nsq,155
nsqio-nsq,9
nsqio-nsq,53
ncw-rclone,2
ncw-rclone,117
ncw-rclone,28
ncw-rclone,10
kubernetes-kubernetes,36
kubernetes-kubernetes,79
kubernetes-kubernetes,2
kubernetes-kubernetes,8
kubernetes-kubernetes,2
kubernetes-kubernetes,7
kubernetes-kubernetes,7
kubernetes-kubernetes,8
kubernetes-kubernetes,390
kubernetes-kubernetes,8
kubernetes-kubernetes,2
kubernetes-kubernetes,2
kubernetes-kubernetes,3
kubernetes-kubernetes,2
kubernetes-kubernetes,9
kubernetes-kubernetes,56
kubernetes-kubernetes,130
kubernetes-kubernetes,2
kubernetes-kubernetes,103
kubernetes-kubernetes,70
kubernetes-kubernetes,70
kubernetes-kubernetes,229
kubernetes-kubernetes,75
kubernetes-kubernetes,7
kubernetes-kubernetes,7
kubernetes-kubernetes,24
kubernetes-kubernetes,4
kubernetes-kubernetes,18
kubernetes-kubernetes,18
kubernetes-kubernetes,269
kubernetes-kubernetes,13
kubernetes-kubernetes,55
kubernetes-kubernetes,18
kubernetes-kubernetes,24
kubernetes-kubernetes,1695
kubernetes-kubernetes,4
kubernetes-kubernetes,62
kubernetes-kubernetes,8
kubernetes-kubernetes,316
kubernetes-kubernetes,6
kubernetes-kubernetes,188
kubernetes-kubernetes,10
kubernetes-kubernetes,8
kubernetes-kubernetes,141
kubernetes-kubernetes,16
kubernetes-kubernetes,47
kubernetes-kubernetes,378
kubernetes-kubernetes,33
kubernetes-kubernetes,176
kubernetes-kubernetes,14
kubernetes-kubernetes,11
kubernetes-kubernetes,4
kubernetes-kubernetes,4
kubernetes-kubernetes,14
kubernetes-kubernetes,2
kubernetes-kubernetes,186
kubernetes-kubernetes,10
kubernetes-kubernetes,15
kubernetes-kubernetes,12
kubernetes-kubernetes,23
kubernetes-kubernetes,65
kubernetes-kubernetes,2
kubernetes-kubernetes,43
kubernetes-kubernetes,19
kubernetes-kubernetes,623
kubernetes-kubernetes,13
kubernetes-kubernetes,141
kubernetes-kubernetes,4
kubernetes-kubernetes,162
kubernetes-kubernetes,269
kubernetes-kubernetes,67
kubernetes-kubernetes,16605
kubernetes-kubernetes,18
kubernetes-kubernetes,424
kubernetes-kubernetes,13
kubernetes-kubernetes,70
kubernetes-kubernetes,18
kubernetes-kubernetes,44
kubernetes-kubernetes,1
kubernetes-kubernetes,1
kubernetes-kubernetes,81
kubernetes-kubernetes,98
kubernetes-kubernetes,151
kubernetes-kubernetes,9
kubernetes-kubernetes,9
kubernetes-kubernetes,1
kubernetes-kubernetes,9
kubernetes-kubernetes,35
kubernetes-kubernetes,21
kubernetes-kubernetes,2
kubernetes-kubernetes,2
kubernetes-kubernetes,8
kubernetes-kubernetes,487
kubernetes-kubernetes,3
kubernetes-kubernetes,3
kubernetes-kubernetes,4
kubernetes-kubernetes,4
kubernetes-kubernetes,102
kubernetes-kubernetes,2
kubernetes-kubernetes,57
kubernetes-kubernetes,11
kubernetes-kubernetes,7
kubernetes-kubernetes,2
kubernetes-kubernetes,2
kubernetes-kubernetes,95
kubernetes-kubernetes,20
kubernetes-kubernetes,2
kubernetes-kubernetes,154
kubernetes-kubernetes,16
kubernetes-kubernetes,34
kubernetes-kubernetes,95
kubernetes-kubernetes,49
kubernetes-kubernetes,77997
kubernetes-kubernetes,32
kubernetes-kubernetes,91
kubernetes-kubernetes,91
kubernetes-kubernetes,2
kubernetes-kubernetes,2
kubernetes-kubernetes,7
kubernetes-kubernetes,7
kubernetes-kubernetes,241
kubernetes-kubernetes,4
kubernetes-kubernetes,232
kubernetes-kubernetes,34
kubernetes-kubernetes,158
kubernetes-kubernetes,32
kubernetes-kubernetes,2020
kubernetes-kubernetes,14
kubernetes-kubernetes,14
kubernetes-kubernetes,2
kubernetes-kubernetes,2
kubernetes-kubernetes,1338
kubernetes-kubernetes,4
kubernetes-kubernetes,4
kubernetes-kubernetes,2
kubernetes-kubernetes,61
kubernetes-kubernetes,246
kubernetes-kubernetes,61
kubernetes-kubernetes,76
kubernetes-kubernetes,2
kubernetes-kubernetes,6
kubernetes-kubernetes,43
kubernetes-kubernetes,13
kubernetes-kubernetes,154
kubernetes-kubernetes,30
kubernetes-kubernetes,36
kubernetes-kubernetes,61
kubernetes-kubernetes,104
kubernetes-kubernetes,21
kubernetes-kubernetes,52
kubernetes-kubernetes,21
kubernetes-kubernetes,169
kubernetes-kubernetes,21
kubernetes-kubernetes,9
kubernetes-kubernetes,2
kubernetes-kubernetes,5
kubernetes-kubernetes,2
kubernetes-kubernetes,7
kubernetes-kubernetes,2
kubernetes-kubernetes,2
kubernetes-kubernetes,5
kubernetes-kubernetes,8
kubernetes-kubernetes,29
kubernetes-kubernetes,1337
kubernetes-kubernetes,8
kubernetes-kubernetes,22
kubernetes-kubernetes,29
kubernetes-kubernetes,55
kubernetes-kubernetes,43
kubernetes-kubernetes,9
kubernetes-kubernetes,36
kubernetes-kubernetes,2
kubernetes-kubernetes,2
kubernetes-kubernetes,6
kubernetes-kubernetes,29
kubernetes-kubernetes,24
kubernetes-kubernetes,10
kubernetes-kubernetes,3
kubernetes-kubernetes,200
kubernetes-kubernetes,2
kubernetes-kubernetes,205
kubernetes-kubernetes,14
kubernetes-kubernetes,2356
kubernetes-kubernetes,10
kubernetes-kubernetes,39
kubernetes-kubernetes,26
kubernetes-kubernetes,43
kubernetes-kubernetes,4
kubernetes-kubernetes,41
kubernetes-kubernetes,11
kubernetes-kubernetes,2
kubernetes-kubernetes,8
kubernetes-kubernetes,89
kubernetes-kubernetes,13
kubernetes-kubernetes,3238
kubernetes-kubernetes,1
kubernetes-kubernetes,12
kubernetes-kubernetes,201
kubernetes-kubernetes,89
kubernetes-kubernetes,14
kubernetes-kubernetes,2
kubernetes-kubernetes,9
kubernetes-kubernetes,2
kubernetes-kubernetes,67
kubernetes-kubernetes,14
kubernetes-kubernetes,94
kubernetes-kubernetes,31
kubernetes-kubernetes,31
kubernetes-kubernetes,360
kubernetes-kubernetes,4
kubernetes-kubernetes,1082
kubernetes-kubernetes,7097
kubernetes-kubernetes,29
kubernetes-kubernetes,8
kubernetes-kubernetes,4
kubernetes-kubernetes,116
kubernetes-kubernetes,8
kubernetes-kubernetes,24
kubernetes-kubernetes,1226
kubernetes-kubernetes,3
kubernetes-kubernetes,20
kubernetes-kubernetes,41
kubernetes-kubernetes,21
kubernetes-kubernetes,21
kubernetes-kubernetes,8
kubernetes-kubernetes,22
kubernetes-kubernetes,17
kubernetes-kubernetes,3
kubernetes-kubernetes,8
kubernetes-kubernetes,351
kubernetes-kubernetes,133
kubernetes-kubernetes,20176
kubernetes-kubernetes,499
kubernetes-kubernetes,1764
kubernetes-kubernetes,540
kubernetes-kubernetes,87
kubernetes-kubernetes,17
kubernetes-kubernetes,344
kubernetes-kubernetes,9
kubernetes-kubernetes,9
kubernetes-kubernetes,133
kubernetes-kubernetes,78
kubernetes-kubernetes,63
kubernetes-kubernetes,352
kubernetes-kubernetes,136
kubernetes-kubernetes,37
kubernetes-kubernetes,2
kubernetes-kubernetes,2
kubernetes-kubernetes,8
kubernetes-kubernetes,4
kubernetes-kubernetes,3
kubernetes-kubernetes,3
kubernetes-kubernetes,2
kubernetes-kubernetes,3
kubernetes-kubernetes,72
kubernetes-kubernetes,53
kubernetes-kubernetes,9
kubernetes-kubernetes,16
kubernetes-kubernetes,12
kubernetes-kubernetes,8
kubernetes-kubernetes,107
kubernetes-kubernetes,113
kubernetes-kubernetes,17
kubernetes-kubernetes,42
kubernetes-kubernetes,11
kubernetes-kubernetes,4
kubernetes-kubernetes,42
kubernetes-kubernetes,263
kubernetes-kubernetes,16
kubernetes-kubernetes,54
kubernetes-kubernetes,41
kubernetes-kubernetes,206
kubernetes-kubernetes,33
kubernetes-kubernetes,14
kubernetes-kubernetes,25
kubernetes-kubernetes,126479
kubernetes-kubernetes,12
kubernetes-kubernetes,2
kubernetes-kubernetes,2
kubernetes-kubernetes,118
kubernetes-kubernetes,22
kubernetes-kubernetes,145
kubernetes-kubernetes,45
kubernetes-kubernetes,48
kubernetes-kubernetes,41
kubernetes-kubernetes,17848
kubernetes-kubernetes,32
kubernetes-kubernetes,54
kubernetes-kubernetes,28
kubernetes-kubernetes,2
kubernetes-kubernetes,94
kubernetes-kubernetes,26
kubernetes-kubernetes,18
kubernetes-kubernetes,35
kubernetes-kubernetes,93
kubernetes-kubernetes,384
kubernetes-kubernetes,6
kubernetes-kubernetes,384
kubernetes-kubernetes,3
kubernetes-kubernetes,5588
kubernetes-kubernetes,1134
kubernetes-kubernetes,3
kubernetes-kubernetes,61
kubernetes-kubernetes,30
kubernetes-kubernetes,116
kubernetes-kubernetes,6
kubernetes-kubernetes,30
kubernetes-kubernetes,42
kubernetes-kubernetes,450
kubernetes-kubernetes,9
kubernetes-kubernetes,2
kubernetes-kubernetes,85
kubernetes-kubernetes,150
kubernetes-kubernetes,14
kubernetes-kubernetes,14
kubernetes-kubernetes,150
kubernetes-kubernetes,6
kubernetes-kubernetes,3
kubernetes-kubernetes,3
kubernetes-kubernetes,99
kubernetes-kubernetes,17
kubernetes-kubernetes,397
kubernetes-kubernetes,44
kubernetes-kubernetes,40
kubernetes-kubernetes,99
kubernetes-kubernetes,99
kubernetes-kubernetes,2
kubernetes-kubernetes,226
kubernetes-kubernetes,100
kubernetes-kubernetes,17
kubernetes-kubernetes,99
kubernetes-kubernetes,9
kubernetes-kubernetes,12
kubernetes-kubernetes,140
kubernetes-kubernetes,6
kubernetes-kubernetes,6
kubernetes-kubernetes,6
kubernetes-kubernetes,6
kubernetes-kubernetes,3536
kubernetes-kubernetes,3536
kubernetes-kubernetes,11
kubernetes-kubernetes,85
kubernetes-kubernetes,11
kubernetes-kubernetes,6
kubernetes-kubernetes,4
kubernetes-kubernetes,202
kubernetes-kubernetes,4
kubernetes-kubernetes,91
kubernetes-kubernetes,2
kubernetes-kubernetes,2
kubernetes-kubernetes,220
kubernetes-kubernetes,220
kubernetes-kubernetes,16
kubernetes-kubernetes,18
kubernetes-kubernetes,28
kubernetes-kubernetes,45
kubernetes-kubernetes,85
kubernetes-kubernetes,4
kubernetes-kubernetes,10
kubernetes-kubernetes,2
kubernetes-kubernetes,3
kubernetes-kubernetes,4
kubernetes-kubernetes,8
kubernetes-kubernetes,200
kubernetes-kubernetes,38
kubernetes-kubernetes,200
kubernetes-kubernetes,38
kubernetes-kubernetes,134
kubernetes-kubernetes,58
kubernetes-kubernetes,33
kubernetes-kubernetes,91
kubernetes-kubernetes,96
kubernetes-kubernetes,38
kubernetes-kubernetes,117
kubernetes-kubernetes,243
kubernetes-kubernetes,243
kubernetes-kubernetes,212
kubernetes-kubernetes,300
kubernetes-kubernetes,209
kubernetes-kubernetes,20
kubernetes-kubernetes,11
kubernetes-kubernetes,11
kubernetes-kubernetes,3
kubernetes-kubernetes,8
kubernetes-kubernetes,45
kubernetes-kubernetes,2
kubernetes-kubernetes,2
kubernetes-kubernetes,174
kubernetes-kubernetes,7
kubernetes-kubernetes,7
kubernetes-kubernetes,2
kubernetes-kubernetes,16
kubernetes-kubernetes,11
kubernetes-kubernetes,176
kubernetes-kubernetes,284
kubernetes-kubernetes,86
kubernetes-kubernetes,10
kubernetes-kubernetes,94
kubernetes-kubernetes,191
kubernetes-kubernetes,3
kubernetes-kubernetes,3
kubernetes-kubernetes,6
kubernetes-kubernetes,28
kubernetes-kubernetes,11
kubernetes-kubernetes,11
kubernetes-kubernetes,13604
kubernetes-kubernetes,47
kubernetes-kubernetes,13604
kubernetes-kubernetes,1000
kubernetes-kubernetes,6
kubernetes-kubernetes,6
kubernetes-kubernetes,6
kubernetes-kubernetes,6
kubernetes-kubernetes,2
kubernetes-kubernetes,1
kubernetes-kubernetes,131
kubernetes-kubernetes,20
kubernetes-kubernetes,616
kubernetes-kubernetes,176
kubernetes-kubernetes,9
kubernetes-kubernetes,121
kubernetes-kubernetes,74
kubernetes-kubernetes,1
kubernetes-kubernetes,8
kubernetes-kubernetes,140
kubernetes-kubernetes,8
kubernetes-kubernetes,2193
kubernetes-kubernetes,25
kubernetes-kubernetes,8
kubernetes-kubernetes,165
kubernetes-kubernetes,11
kubernetes-kubernetes,165
kubernetes-kubernetes,71
kubernetes-kubernetes,25
kubernetes-kubernetes,19
kubernetes-kubernetes,279
kubernetes-kubernetes,11
kubernetes-kubernetes,46
kubernetes-kubernetes,6
kubernetes-kubernetes,2
kubernetes-kubernetes,32
kubernetes-kubernetes,5
kubernetes-kubernetes,16
kubernetes-kubernetes,746
kubernetes-kubernetes,16
kubernetes-kubernetes,16
kubernetes-kubernetes,11
kubernetes-kubernetes,11
kubernetes-kubernetes,6
kubernetes-kubernetes,6
kubernetes-kubernetes,9
kubernetes-kubernetes,22
kubernetes-kubernetes,225
kubernetes-kubernetes,225
kubernetes-kubernetes,2
kubernetes-kubernetes,78
kubernetes-kubernetes,78
kubernetes-kubernetes,10
kubernetes-kubernetes,10
kubernetes-kubernetes,2
kubernetes-kubernetes,37
kubernetes-kubernetes,1
kubernetes-kubernetes,1
kubernetes-kubernetes,271
kubernetes-kubernetes,2
kubernetes-kubernetes,2
kubernetes-kubernetes,5
kubernetes-kubernetes,20
kubernetes-kubernetes,75
kubernetes-kubernetes,4
kubernetes-kubernetes,4
kubernetes-kubernetes,75
kubernetes-kubernetes,25
kubernetes-kubernetes,25
kubernetes-kubernetes,51
kubernetes-kubernetes,2
kubernetes-kubernetes,25
kubernetes-kubernetes,231
kubernetes-kubernetes,44
kubernetes-kubernetes,61
kubernetes-kubernetes,6
kubernetes-kubernetes,62
kubernetes-kubernetes,62
kubernetes-kubernetes,62
kubernetes-kubernetes,6
kubernetes-kubernetes,120
kubernetes-kubernetes,120
kubernetes-kubernetes,110
kubernetes-kubernetes,12
kubernetes-kubernetes,12
kubernetes-kubernetes,9
kubernetes-kubernetes,9
kubernetes-kubernetes,10
kubernetes-kubernetes,10
kubernetes-kubernetes,132
kubernetes-kubernetes,260
kubernetes-kubernetes,14
kubernetes-kubernetes,10
kubernetes-kubernetes,2
kubernetes-kubernetes,8
kubernetes-kubernetes,2
kubernetes-kubernetes,2
kubernetes-kubernetes,6
kubernetes-kubernetes,6
kubernetes-kubernetes,44
kubernetes-kubernetes,44
kubernetes-kubernetes,76
kubernetes-kubernetes,6
kubernetes-kubernetes,6
kubernetes-kubernetes,10
kubernetes-kubernetes,10
kubernetes-kubernetes,25
kubernetes-kubernetes,25
kubernetes-kubernetes,54
kubernetes-kubernetes,276
kubernetes-kubernetes,88
kubernetes-kubernetes,813
kubernetes-kubernetes,3
kubernetes-kubernetes,19
kubernetes-kubernetes,3
kubernetes-kubernetes,19
kubernetes-kubernetes,811
kubernetes-kubernetes,33
kubernetes-kubernetes,3
kubernetes-kubernetes,69
kubernetes-kubernetes,69
kubernetes-kubernetes,9
kubernetes-kubernetes,2
kubernetes-kubernetes,2
kubernetes-kubernetes,26
kubernetes-kubernetes,37
kubernetes-kubernetes,16
kubernetes-kubernetes,48
kubernetes-kubernetes,48
kubernetes-kubernetes,2
kubernetes-kubernetes,2
kubernetes-kubernetes,2
kubernetes-kubernetes,2
kubernetes-kubernetes,11
kubernetes-kubernetes,6
kubernetes-kubernetes,6
kubernetes-kubernetes,15
kubernetes-kubernetes,22
kubernetes-kubernetes,22
kubernetes-kubernetes,1
kubernetes-kubernetes,50
kubernetes-kubernetes,119
kubernetes-kubernetes,5
kubernetes-kubernetes,5
kubernetes-kubernetes,21
kubernetes-kubernetes,21
kubernetes-kubernetes,29
pingcap-tidb,8
pingcap-tidb,14
pingcap-tidb,21
pingcap-tidb,16
pingcap-tidb,13
pingcap-tidb,7
pingcap-tidb,8
pingcap-tidb,24
pingcap-tidb,165
pingcap-tidb,29
pingcap-tidb,2
pingcap-tidb,21
pingcap-tidb,72
pingcap-tidb,25
pingcap-tidb,12
pingcap-tidb,13
pingcap-tidb,7
pingcap-tidb,46
pingcap-tidb,12
pingcap-tidb,6
pingcap-tidb,6
pingcap-tidb,79
pingcap-tidb,56
pingcap-tidb,20
pingcap-tidb,60
pingcap-tidb,14
pingcap-tidb,16
pingcap-tidb,14
pingcap-tidb,6
pingcap-tidb,26
pingcap-tidb,255
pingcap-tidb,105
pingcap-tidb,2
pingcap-tidb,9
pingcap-tidb,12
pingcap-tidb,35
pingcap-tidb,102
pingcap-tidb,180
pingcap-tidb,31
pingcap-tidb,3
pingcap-tidb,13
pingcap-tidb,36
pingcap-tidb,22
pingcap-tidb,47
pingcap-tidb,14
pingcap-tidb,8
pingcap-tidb,12
pingcap-tidb,22
pingcap-tidb,149
pingcap-tidb,71
pingcap-tidb,22
pingcap-tidb,10
pingcap-tidb,13
pingcap-tidb,2
pingcap-tidb,15
pingcap-tidb,1146
pingcap-tidb,6
pingcap-tidb,5
pingcap-tidb,81
pingcap-tidb,9
pingcap-tidb,7
pingcap-tidb,7
pingcap-tidb,7
pingcap-tidb,18
pingcap-tidb,2
pingcap-tidb,460
pingcap-tidb,10
pingcap-tidb,9
pingcap-tidb,188
pingcap-tidb,17
pingcap-tidb,25
pingcap-tidb,14
pingcap-tidb,14
pingcap-tidb,39
pingcap-tidb,6
pingcap-tidb,19
pingcap-tidb,59
pingcap-tidb,25
pingcap-tidb,10
pingcap-tidb,15
pingcap-tidb,70
pingcap-tidb,35
pingcap-tidb,2
pingcap-tidb,9
pingcap-tidb,42
pingcap-tidb,14
pingcap-tidb,47
pingcap-tidb,2
pingcap-tidb,2
pingcap-tidb,2
pingcap-tidb,6
pingcap-tidb,25
pingcap-tidb,9
pingcap-tidb,7
pingcap-tidb,284
pingcap-tidb,164
pingcap-tidb,159
pingcap-tidb,801
pingcap-tidb,20
pingcap-tidb,5
pingcap-tidb,56
pingcap-tidb,19
pingcap-tidb,53
pingcap-tidb,1241
pingcap-tidb,70
pingcap-tidb,69
pingcap-tidb,227
pingcap-tidb,5
pingcap-tidb,63
pingcap-tidb,67
pingcap-tidb,18
pingcap-tidb,26
pingcap-tidb,27
pingcap-tidb,31
pingcap-tidb,120
pingcap-tidb,12998
pingcap-tidb,182
pingcap-tidb,182
pingcap-tidb,5
pingcap-tidb,5
pingcap-tidb,44
pingcap-tidb,44
pingcap-tidb,59
pingcap-tidb,59
pingcap-tidb,16
pingcap-tidb,16
pingcap-tidb,12
pingcap-tidb,12
pingcap-tidb,2
pingcap-tidb,2
pingcap-tidb,2
pingcap-tidb,2
pingcap-tidb,14
pingcap-tidb,14
pingcap-tidb,34
pingcap-tidb,30
pingcap-tidb,33
pingcap-tidb,34
pingcap-tidb,19
pingcap-tidb,7
pingcap-tidb,13
pingcap-tidb,13
pingcap-tidb,25
pingcap-tidb,920
pingcap-tidb,920
pingcap-tidb,5
pingcap-tidb,8
pingcap-tidb,14
pingcap-tidb,323
pingcap-tidb,8
pingcap-tidb,40
pingcap-tidb,140
pingcap-tidb,26
pingcap-tidb,20
pingcap-tidb,22
pingcap-tidb,35
pingcap-tidb,26
pingcap-tidb,4
pingcap-tidb,21
pingcap-tidb,52
pingcap-tidb,52
pingcap-tidb,5
pingcap-tidb,5
pingcap-tidb,2
pingcap-tidb,20
pingcap-tidb,20
pingcap-tidb,132
pingcap-tidb,133
pingcap-tidb,8
pingcap-tidb,12
pingcap-tidb,40
pingcap-tidb,33
pingcap-tidb,244
pingcap-tidb,131
pingcap-tidb,77
pingcap-tidb,12
pingcap-tidb,12
pingcap-tidb,39
pingcap-tidb,63
pingcap-tidb,42
pingcap-tidb,198
pingcap-tidb,198
pingcap-tidb,65
pingcap-tidb,3
pingcap-tidb,21
pingcap-tidb,5
pingcap-tidb,30
pingcap-tidb,30
pingcap-tidb,119
pingcap-tidb,697
pingcap-tidb,252
pingcap-tidb,9
pingcap-tidb,5
pingcap-tidb,91
pingcap-tidb,3
pingcap-tidb,9
pingcap-tidb,2
pingcap-tidb,2
pingcap-tidb,16
pingcap-tidb,9
pingcap-tidb,17
pingcap-tidb,88
pingcap-tidb,390
pingcap-tidb,23
pingcap-tidb,85
pingcap-tidb,83
pingcap-tidb,638
pingcap-tidb,17
pingcap-tidb,4
pingcap-tidb,32
pingcap-tidb,170
pingcap-tidb,24
pingcap-tidb,5
pingcap-tidb,24
pingcap-tidb,12
pingcap-tidb,47
pingcap-tidb,46
pingcap-tidb,36
pingcap-tidb,43
pingcap-tidb,47
pingcap-tidb,7
pingcap-tidb,2
pingcap-tidb,2
pingcap-tidb,45
pingcap-tidb,40
pingcap-tidb,9
pingcap-tidb,3
pingcap-tidb,16
pingcap-tidb,49
pingcap-tidb,22
pingcap-tidb,22
asciimoo-wuzz,25
getlantern-lantern,9
getlantern-lantern,220
getlantern-lantern,143245
getlantern-lantern,85
getlantern-lantern,2
getlantern-lantern,47
getlantern-lantern,117
getlantern-lantern,52
getlantern-lantern,19
getlantern-lantern,200
getlantern-lantern,4
getlantern-lantern,4
getlantern-lantern,7
getlantern-lantern,9
getlantern-lantern,188
getlantern-lantern,2
getlantern-lantern,8
getlantern-lantern,21
getlantern-lantern,127
getlantern-lantern,13
getlantern-lantern,21
getlantern-lantern,5
getlantern-lantern,28
getlantern-lantern,15
getlantern-lantern,30
getlantern-lantern,99283
getlantern-lantern,8272
getlantern-lantern,44
getlantern-lantern,356
getlantern-lantern,3637
getlantern-lantern,13
getlantern-lantern,74
getlantern-lantern,110
golang-go,5
golang-go,182
golang-go,60
golang-go,39
golang-go,45
golang-go,36
golang-go,771
golang-go,22
golang-go,2
golang-go,64
golang-go,108
golang-go,229
golang-go,41
golang-go,67303
golang-go,20
golang-go,79
golang-go,6
golang-go,40
golang-go,50
golang-go,52
golang-go,36
golang-go,48
golang-go,10
golang-go,14
golang-go,206
golang-go,123
golang-go,134
golang-go,220
golang-go,28
golang-go,2
golang-go,203
golang-go,17
golang-go,75
golang-go,2
golang-go,294
golang-go,23
golang-go,570
golang-go,187
golang-go,122
golang-go,56
golang-go,18
golang-go,8
golang-go,6
golang-go,82
golang-go,9
golang-go,7
golang-go,53
golang-go,2
golang-go,69
golang-go,394
golang-go,17
golang-go,4
golang-go,2
golang-go,27
golang-go,45
golang-go,6
golang-go,24
golang-go,302
golang-go,59
golang-go,3
golang-go,79
golang-go,6
golang-go,2
golang-go,2
golang-go,6
golang-go,206
golang-go,1
golang-go,13
golang-go,7
golang-go,31
golang-go,47
golang-go,17
golang-go,40
golang-go,189
golang-go,9
golang-go,317
golang-go,181
golang-go,64
golang-go,33
golang-go,6
golang-go,56
golang-go,19
golang-go,1
golang-go,152
golang-go,5
golang-go,41
golang-go,444
golang-go,208
golang-go,32
golang-go,94
golang-go,86
golang-go,83
golang-go,3
golang-go,19
golang-go,38
golang-go,93
golang-go,122
golang-go,2
golang-go,29
golang-go,39
golang-go,4
golang-go,13
golang-go,130
golang-go,6
golang-go,1
golang-go,91
golang-go,12
golang-go,111
golang-go,14
golang-go,3
golang-go,2
golang-go,31
golang-go,395
golang-go,47
golang-go,240
golang-go,44
golang-go,6
golang-go,9
golang-go,28
golang-go,5
golang-go,109
golang-go,22
golang-go,2
golang-go,38
golang-go,19
golang-go,101
golang-go,23
golang-go,20
golang-go,110
golang-go,8
golang-go,62
golang-go,1246
golang-go,47
golang-go,32
golang-go,2
golang-go,4
golang-go,2
golang-go,37
golang-go,2
golang-go,32
golang-go,6
golang-go,240
golang-go,444
golang-go,1445
golang-go,11
golang-go,363
golang-go,34
golang-go,91
golang-go,2
golang-go,2
golang-go,6
golang-go,46
golang-go,26
golang-go,171
golang-go,1
golang-go,69
golang-go,39
golang-go,49
golang-go,135
golang-go,37
golang-go,29
golang-go,132
golang-go,125
golang-go,232
golang-go,453
golang-go,53
golang-go,2
golang-go,15
golang-go,45
golang-go,7
golang-go,2
golang-go,152
golang-go,3
golang-go,56
golang-go,11
golang-go,3
golang-go,117
golang-go,388
golang-go,2
golang-go,105
golang-go,44
golang-go,32
golang-go,159
golang-go,9
golang-go,15
golang-go,72
golang-go,42
golang-go,39
golang-go,6
golang-go,33
golang-go,93
golang-go,15
golang-go,46
golang-go,70
golang-go,19
golang-go,250
golang-go,88
golang-go,351
golang-go,23
golang-go,106
golang-go,1
golang-go,180
golang-go,19
golang-go,19
golang-go,23
golang-go,46
golang-go,56
golang-go,383
golang-go,55
golang-go,18
golang-go,522
golang-go,3
golang-go,34
golang-go,29
golang-go,88
golang-go,2
golang-go,526
golang-go,249
golang-go,3
golang-go,6
golang-go,501
golang-go,7
golang-go,16
golang-go,10
golang-go,15
golang-go,182
golang-go,48
golang-go,4
golang-go,1
golang-go,4
golang-go,5
golang-go,12
golang-go,4
golang-go,667
golang-go,9
golang-go,25
golang-go,152
golang-go,131
golang-go,8
golang-go,198
golang-go,157
golang-go,4
golang-go,6
golang-go,3181
golang-go,53
golang-go,56
golang-go,7
golang-go,94
golang-go,333
golang-go,16
golang-go,61
golang-go,35
golang-go,33
golang-go,12
golang-go,15
golang-go,120
golang-go,18
golang-go,43
golang-go,129
golang-go,12
golang-go,5
golang-go,6
golang-go,30
golang-go,6
golang-go,159
golang-go,105
golang-go,166
golang-go,2
golang-go,40
golang-go,87
golang-go,57
golang-go,1
golang-go,17
golang-go,106
golang-go,71
golang-go,20
golang-go,47
golang-go,2
golang-go,3
golang-go,15
golang-go,49
golang-go,27
golang-go,308
golang-go,896
golang-go,22
golang-go,2
golang-go,8
golang-go,6
golang-go,5
golang-go,119
golang-go,156
golang-go,87
golang-go,21
golang-go,8
golang-go,43
golang-go,5
golang-go,5
golang-go,340
golang-go,23
golang-go,427
golang-go,31
golang-go,2
golang-go,19
golang-go,10
golang-go,120
golang-go,180
golang-go,26
golang-go,209
golang-go,13
golang-go,180
golang-go,274
golang-go,53
golang-go,23
golang-go,87
golang-go,41
golang-go,20
golang-go,4
golang-go,11
golang-go,1740
golang-go,58
golang-go,1
golang-go,15
golang-go,1
golang-go,14
golang-go,4
golang-go,19
golang-go,8
golang-go,54
golang-go,113
golang-go,1572
golang-go,33
golang-go,4
golang-go,137
golang-go,10
golang-go,6
golang-go,283
golang-go,41
golang-go,57
golang-go,48
golang-go,2
golang-go,4
golang-go,4
golang-go,62
golang-go,1420
golang-go,38
golang-go,3
golang-go,18
golang-go,121
golang-go,40
golang-go,24
golang-go,104
golang-go,41
golang-go,60
golang-go,6
golang-go,77
golang-go,97
golang-go,352
golang-go,26
golang-go,59
golang-go,87
golang-go,43
golang-go,8
golang-go,6
golang-go,3
golang-go,4
golang-go,78
golang-go,42
golang-go,50
golang-go,22
golang-go,171
golang-go,9
golang-go,8
golang-go,36
golang-go,299
golang-go,86
golang-go,10
golang-go,8
golang-go,6
golang-go,32
golang-go,121
golang-go,2
golang-go,480
golang-go,70
golang-go,6
golang-go,16
golang-go,56
golang-go,8
golang-go,8
golang-go,14
golang-go,78
golang-go,3
golang-go,2
golang-go,76
golang-go,44
golang-go,113
golang-go,77
golang-go,6
golang-go,74
golang-go,324
golang-go,2
golang-go,130
golang-go,105
golang-go,21
golang-go,4
golang-go,394
golang-go,2
golang-go,115
golang-go,21
golang-go,165
golang-go,3
golang-go,2
golang-go,35
golang-go,2
golang-go,14
golang-go,5
golang-go,43
golang-go,51
golang-go,4
golang-go,2
golang-go,1318
golang-go,2
golang-go,7
golang-go,186
golang-go,57
golang-go,29
golang-go,31
golang-go,29
golang-go,102
golang-go,23
golang-go,174
golang-go,15
golang-go,399
golang-go,76
golang-go,2
golang-go,33
golang-go,37
golang-go,28
golang-go,3
golang-go,19
golang-go,329
golang-go,8
golang-go,19
golang-go,19
golang-go,157
golang-go,209
golang-go,55
golang-go,83
golang-go,17
golang-go,39
golang-go,47
golang-go,114
golang-go,287
golang-go,154
golang-go,112
golang-go,23
golang-go,70
golang-go,33
golang-go,3
golang-go,48
golang-go,82
golang-go,65
golang-go,888
golang-go,51
golang-go,38
golang-go,36
golang-go,40
golang-go,33
golang-go,32
golang-go,15
golang-go,10
golang-go,202
golang-go,18
golang-go,21
golang-go,6
golang-go,8
golang-go,56
golang-go,81
golang-go,6
golang-go,494
golang-go,2
golang-go,94
golang-go,19
golang-go,2
golang-go,212
golang-go,45
golang-go,25
golang-go,25
golang-go,25
golang-go,13
golang-go,28
golang-go,13
golang-go,16
golang-go,100
golang-go,65
golang-go,41
golang-go,9
golang-go,8
golang-go,4
golang-go,14
golang-go,4
golang-go,224
golang-go,227
golang-go,23
golang-go,138
golang-go,14
golang-go,24
golang-go,50
golang-go,20
golang-go,66
golang-go,4
golang-go,126
golang-go,8
golang-go,29
golang-go,2
golang-go,1
golang-go,2
golang-go,9
golang-go,4
golang-go,24
golang-go,23
golang-go,73
golang-go,100
golang-go,45
golang-go,8
golang-go,2
golang-go,47
golang-go,16
golang-go,6
golang-go,9
golang-go,87
golang-go,137
golang-go,332
golang-go,29
golang-go,29
golang-go,53
golang-go,2
golang-go,71
golang-go,78
golang-go,7
golang-go,237
golang-go,461
golang-go,150
golang-go,2
golang-go,52
golang-go,10
golang-go,368
golang-go,511
golang-go,207
golang-go,132
golang-go,1221
golang-go,211
golang-go,3
golang-go,48
golang-go,26
golang-go,204
golang-go,147
golang-go,332
golang-go,6
golang-go,2
golang-go,50
golang-go,16
golang-go,6
golang-go,175
golang-go,70
golang-go,40
golang-go,76
golang-go,771
golang-go,88965
golang-go,2
golang-go,7
golang-go,70
golang-go,66
golang-go,5
golang-go,485
golang-go,5
golang-go,56
golang-go,257
golang-go,11
golang-go,4
golang-go,68
golang-go,31
golang-go,25
golang-go,960
golang-go,31
golang-go,2
golang-go,88
golang-go,2
golang-go,78
golang-go,53
golang-go,34
golang-go,455
golang-go,80
golang-go,21
golang-go,2
golang-go,37
golang-go,36
golang-go,39
golang-go,18
golang-go,66
golang-go,84
golang-go,33
golang-go,40
golang-go,271
golang-go,26
golang-go,7
golang-go,14
golang-go,9
golang-go,31
golang-go,143
golang-go,4
golang-go,284
golang-go,32
golang-go,7
golang-go,8
golang-go,2
golang-go,4
golang-go,13508
golang-go,2
golang-go,156
golang-go,19
golang-go,4
golang-go,64
golang-go,23
golang-go,73
golang-go,162
golang-go,7
golang-go,113
golang-go,360
golang-go,402
golang-go,66
golang-go,15
golang-go,57
golang-go,16
golang-go,225
golang-go,8
golang-go,18
golang-go,15
golang-go,57
golang-go,17
golang-go,4
golang-go,21
golang-go,44
golang-go,3
golang-go,28
golang-go,203
golang-go,19
golang-go,21
golang-go,30
golang-go,213
golang-go,37
golang-go,18
golang-go,6
golang-go,31
golang-go,35
golang-go,4
golang-go,2
golang-go,146
golang-go,5
golang-go,13
golang-go,1
golang-go,790
golang-go,265
golang-go,28
golang-go,19
golang-go,24
golang-go,531
golang-go,23
golang-go,6
golang-go,2
golang-go,20
golang-go,6
golang-go,4
golang-go,1
golang-go,31
golang-go,124
golang-go,23
golang-go,73
golang-go,60
golang-go,8
golang-go,1117
golang-go,113
golang-go,12
golang-go,5
golang-go,6
golang-go,54
golang-go,1719
golang-go,8
golang-go,35
golang-go,6
golang-go,34
golang-go,82
golang-go,7
golang-go,2
golang-go,6
golang-go,20
golang-go,20
golang-go,651
golang-go,2
golang-go,2
golang-go,45
golang-go,17
golang-go,101
golang-go,22
golang-go,16
golang-go,25
golang-go,23
golang-go,7
golang-go,11
golang-go,2
golang-go,231
golang-go,143
golang-go,779
golang-go,107
golang-go,107
golang-go,23
golang-go,158
golang-go,12
golang-go,2
golang-go,237
golang-go,54
golang-go,2
golang-go,132
golang-go,151
golang-go,23
golang-go,29
golang-go,2
golang-go,219
golang-go,9
golang-go,72
golang-go,16
golang-go,40
golang-go,33
golang-go,547
golang-go,579
golang-go,12
golang-go,22
golang-go,302
golang-go,531
golang-go,32
golang-go,36
golang-go,387
golang-go,205
golang-go,37
golang-go,6
golang-go,18
golang-go,5
golang-go,1159
golang-go,185
golang-go,193
golang-go,29
golang-go,237
golang-go,25
golang-go,21
golang-go,18
golang-go,26
golang-go,179
golang-go,46
golang-go,2047
golang-go,7
golang-go,38
golang-go,6
golang-go,103
golang-go,29
golang-go,19
golang-go,84
golang-go,83
golang-go,37
golang-go,127
golang-go,752
golang-go,596
golang-go,538
golang-go,99
golang-go,55
golang-go,8
golang-go,6
golang-go,2
golang-go,254
golang-go,10
golang-go,348
golang-go,504
golang-go,67
golang-go,43
golang-go,176
golang-go,9
golang-go,68
golang-go,22
golang-go,83
golang-go,14
golang-go,30
golang-go,32
golang-go,57
golang-go,38
golang-go,50
golang-go,1
golang-go,134
golang-go,1700
golang-go,18
golang-go,11
golang-go,33
golang-go,32
golang-go,2
golang-go,364
golang-go,10
golang-go,35
golang-go,2
golang-go,8
golang-go,38
golang-go,52
golang-go,294
golang-go,133
golang-go,66
golang-go,1111
golang-go,40
golang-go,14
golang-go,71
golang-go,3
golang-go,61
golang-go,167
golang-go,38
golang-go,84
golang-go,33
golang-go,25
golang-go,45
golang-go,38
golang-go,27
golang-go,34
golang-go,1
golang-go,5
golang-go,44
golang-go,49
golang-go,4
golang-go,2
golang-go,309
golang-go,12
golang-go,81
golang-go,8
golang-go,33
golang-go,17
golang-go,43
golang-go,6
golang-go,118
golang-go,4
golang-go,12
golang-go,1423
golang-go,1
golang-go,34
golang-go,52
golang-go,5
golang-go,24
golang-go,181
golang-go,4
golang-go,57
golang-go,16
golang-go,12
golang-go,20
golang-go,39
golang-go,19
golang-go,4
golang-go,6
golang-go,15
golang-go,278
golang-go,3
golang-go,38
golang-go,2
golang-go,16
golang-go,7
golang-go,24
golang-go,67
golang-go,2
golang-go,67
golang-go,2
golang-go,3
golang-go,4
golang-go,23
golang-go,1024
golang-go,18
golang-go,32
golang-go,12
golang-go,30
golang-go,23
golang-go,9
golang-go,52
golang-go,79
golang-go,37
golang-go,22
golang-go,23
golang-go,1887
golang-go,4
golang-go,88
golang-go,199
golang-go,29
golang-go,131
golang-go,347
golang-go,37
golang-go,2
golang-go,2
golang-go,8
golang-go,223
golang-go,16
golang-go,412
golang-go,34
golang-go,19
golang-go,55
golang-go,13
golang-go,23
golang-go,18
golang-go,32
golang-go,9
golang-go,8
golang-go,70
golang-go,504
golang-go,5
golang-go,1093
golang-go,2
golang-go,141
golang-go,25
golang-go,20
golang-go,21
golang-go,53
golang-go,2
golang-go,668
golang-go,35
golang-go,14
golang-go,31
golang-go,8
golang-go,25
golang-go,47
golang-go,2
golang-go,5
golang-go,2
golang-go,2
golang-go,4
golang-go,68
golang-go,21
golang-go,21
golang-go,57
golang-go,2
golang-go,18
golang-go,10
golang-go,4
golang-go,30
golang-go,20
golang-go,2
golang-go,208
golang-go,2
golang-go,44
golang-go,3
golang-go,9
golang-go,24
golang-go,32
golang-go,3
golang-go,240
golang-go,16
golang-go,28
golang-go,14
golang-go,38
golang-go,5
golang-go,11
golang-go,118
golang-go,1
golang-go,18
golang-go,12
golang-go,18
golang-go,64
golang-go,4
golang-go,33
golang-go,3
golang-go,19
golang-go,10
golang-go,67
golang-go,131
golang-go,204
golang-go,63
golang-go,5
golang-go,28
golang-go,30
golang-go,4
golang-go,4
golang-go,4
golang-go,21
golang-go,14
golang-go,38
golang-go,26
golang-go,18
golang-go,239
golang-go,96
golang-go,11
golang-go,363
golang-go,11
golang-go,103
golang-go,59
golang-go,13
golang-go,6
golang-go,23
golang-go,21
golang-go,33
golang-go,7
golang-go,242
golang-go,69
golang-go,111
golang-go,91
golang-go,16
golang-go,69
golang-go,83
golang-go,6
golang-go,16
golang-go,94
golang-go,23
golang-go,23
golang-go,71
golang-go,1898
golang-go,5
golang-go,2
golang-go,13
golang-go,23
golang-go,36
golang-go,4
golang-go,8
golang-go,110
golang-go,6
golang-go,52
golang-go,58
golang-go,49
golang-go,31
golang-go,39
golang-go,6
golang-go,29
golang-go,5
golang-go,9
golang-go,2
golang-go,4
golang-go,16
golang-go,28
golang-go,88
golang-go,94
golang-go,438
golang-go,483
golang-go,18
golang-go,38
golang-go,64
golang-go,212
golang-go,46
golang-go,154
golang-go,2
golang-go,114
golang-go,47
golang-go,5
golang-go,48
golang-go,719
golang-go,24
golang-go,4
golang-go,2
golang-go,12
golang-go,28
golang-go,17
golang-go,39
golang-go,6
golang-go,175
golang-go,785
golang-go,2
golang-go,56
golang-go,6
golang-go,167
golang-go,566
golang-go,15
golang-go,7
golang-go,635
golang-go,12
golang-go,12
golang-go,2
golang-go,78
golang-go,94
golang-go,80
golang-go,197
golang-go,65
golang-go,204
golang-go,70
golang-go,26
golang-go,69
golang-go,6
golang-go,1
golang-go,47
golang-go,8
golang-go,59
golang-go,93
golang-go,9
golang-go,50
golang-go,276
golang-go,5
golang-go,136
golang-go,1652
golang-go,315
golang-go,8
golang-go,296
golang-go,99
golang-go,8
golang-go,320
golang-go,27
golang-go,398
golang-go,10
golang-go,2
golang-go,2
golang-go,25
golang-go,44
golang-go,43
golang-go,1
golang-go,60
golang-go,18
golang-go,152
golang-go,2
golang-go,12
golang-go,239
golang-go,28
golang-go,96
golang-go,110
golang-go,167
golang-go,2
golang-go,12
golang-go,63
golang-go,16
golang-go,185
golang-go,6
golang-go,4
golang-go,16
golang-go,62
golang-go,14
golang-go,6
golang-go,1
golang-go,57
golang-go,1
golang-go,72
golang-go,620
golang-go,121
golang-go,1
golang-go,10
golang-go,17
golang-go,474
golang-go,301
golang-go,1
golang-go,2
golang-go,70
golang-go,261
golang-go,476
golang-go,38
golang-go,13
golang-go,16
golang-go,2
golang-go,18
golang-go,77
golang-go,10
golang-go,4
golang-go,2
golang-go,627
golang-go,54
golang-go,42
prometheus-prometheus,2
prometheus-prometheus,665
prometheus-prometheus,27
prometheus-prometheus,22
prometheus-prometheus,97
prometheus-prometheus,97
prometheus-prometheus,9225
prometheus-prometheus,9225
prometheus-prometheus,9225
prometheus-prometheus,253
prometheus-prometheus,1299
prometheus-prometheus,9225
prometheus-prometheus,74
prometheus-prometheus,74
prometheus-prometheus,18
prometheus-prometheus,36
prometheus-prometheus,60
prometheus-prometheus,9
prometheus-prometheus,16
prometheus-prometheus,16
prometheus-prometheus,24
prometheus-prometheus,7
prometheus-prometheus,162
prometheus-prometheus,130
prometheus-prometheus,2
prometheus-prometheus,2
prometheus-prometheus,1
prometheus-prometheus,19
prometheus-prometheus,19
prometheus-prometheus,2
prometheus-prometheus,2
prometheus-prometheus,117
prometheus-prometheus,39
prometheus-prometheus,212
prometheus-prometheus,71
prometheus-prometheus,51
prometheus-prometheus,1696
prometheus-prometheus,23
prometheus-prometheus,212
prometheus-prometheus,212
prometheus-prometheus,96
prometheus-prometheus,61
prometheus-prometheus,3
prometheus-prometheus,3
prometheus-prometheus,316
prometheus-prometheus,549
prometheus-prometheus,34
prometheus-prometheus,3
prometheus-prometheus,2
prometheus-prometheus,20
prometheus-prometheus,11
prometheus-prometheus,20
prometheus-prometheus,11
prometheus-prometheus,69
prometheus-prometheus,37
prometheus-prometheus,88
prometheus-prometheus,365
prometheus-prometheus,103
prometheus-prometheus,103
prometheus-prometheus,1272
prometheus-prometheus,15
prometheus-prometheus,14
prometheus-prometheus,51
prometheus-prometheus,4
prometheus-prometheus,3
prometheus-prometheus,4
prometheus-prometheus,3
prometheus-prometheus,8
prometheus-prometheus,8
prometheus-prometheus,25
prometheus-prometheus,9
prometheus-prometheus,95
prometheus-prometheus,84
prometheus-prometheus,11
prometheus-prometheus,63
prometheus-prometheus,63
prometheus-prometheus,10
prometheus-prometheus,36
prometheus-prometheus,30
prometheus-prometheus,8
boltdb-bolt,33
boltdb-bolt,29
boltdb-bolt,29
boltdb-bolt,37
boltdb-bolt,37
boltdb-bolt,14
boltdb-bolt,46
boltdb-bolt,4
boltdb-bolt,2
boltdb-bolt,45
boltdb-bolt,2
boltdb-bolt,83
boltdb-bolt,49
boltdb-bolt,46
rkt-rkt,5
rkt-rkt,146
rkt-rkt,294
rkt-rkt,18
rkt-rkt,4
rkt-rkt,55
rkt-rkt,98
rkt-rkt,25
rkt-rkt,42
rkt-rkt,72
rkt-rkt,11
rkt-rkt,11
rkt-rkt,193
rkt-rkt,36
rkt-rkt,1044
rkt-rkt,135
rkt-rkt,325
rkt-rkt,2
rkt-rkt,2
rkt-rkt,14
rkt-rkt,14
rkt-rkt,455
rkt-rkt,5
rkt-rkt,15
rkt-rkt,9791
rkt-rkt,1
rkt-rkt,10
rkt-rkt,10
rkt-rkt,21
rkt-rkt,21
rkt-rkt,18
rkt-rkt,389
rkt-rkt,13
rkt-rkt,13
rkt-rkt,169
rkt-rkt,313
rkt-rkt,46
rkt-rkt,17
rkt-rkt,90
rkt-rkt,159
rkt-rkt,159
rkt-rkt,113
rkt-rkt,725
rkt-rkt,554
syncthing-syncthing,356
syncthing-syncthing,4
syncthing-syncthing,7
syncthing-syncthing,191
syncthing-syncthing,145
syncthing-syncthing,130
syncthing-syncthing,559
syncthing-syncthing,1223
syncthing-syncthing,1020
syncthing-syncthing,217
syncthing-syncthing,10
syncthing-syncthing,27
syncthing-syncthing,100
syncthing-syncthing,2
syncthing-syncthing,5
syncthing-syncthing,3
syncthing-syncthing,177
syncthing-syncthing,8
syncthing-syncthing,4
syncthing-syncthing,4
syncthing-syncthing,10
syncthing-syncthing,10
syncthing-syncthing,10
syncthing-syncthing,14
syncthing-syncthing,3
syncthing-syncthing,114
syncthing-syncthing,15
syncthing-syncthing,62
syncthing-syncthing,41
syncthing-syncthing,52
syncthing-syncthing,295
syncthing-syncthing,47
syncthing-syncthing,130
syncthing-syncthing,16
syncthing-syncthing,5
syncthing-syncthing,3922
syncthing-syncthing,50
cockroachdb-cockroach,175
cockroachdb-cockroach,5
cockroachdb-cockroach,437
cockroachdb-cockroach,694
cockroachdb-cockroach,58
cockroachdb-cockroach,35
cockroachdb-cockroach,35
cockroachdb-cockroach,92
cockroachdb-cockroach,18
cockroachdb-cockroach,373
cockroachdb-cockroach,93
cockroachdb-cockroach,192
cockroachdb-cockroach,571
cockroachdb-cockroach,15
cockroachdb-cockroach,48
cockroachdb-cockroach,48
cockroachdb-cockroach,31
cockroachdb-cockroach,20
cockroachdb-cockroach,10
cockroachdb-cockroach,10
cockroachdb-cockroach,775
cockroachdb-cockroach,189
cockroachdb-cockroach,305
cockroachdb-cockroach,2
cockroachdb-cockroach,2
cockroachdb-cockroach,5
cockroachdb-cockroach,2653
cockroachdb-cockroach,12
cockroachdb-cockroach,1278
cockroachdb-cockroach,40
cockroachdb-cockroach,104
cockroachdb-cockroach,55
cockroachdb-cockroach,109
cockroachdb-cockroach,229
cockroachdb-cockroach,1858
cockroachdb-cockroach,121
cockroachdb-cockroach,65
cockroachdb-cockroach,25
cockroachdb-cockroach,2
cockroachdb-cockroach,272
cockroachdb-cockroach,2
cockroachdb-cockroach,60
cockroachdb-cockroach,18
cockroachdb-cockroach,20
cockroachdb-cockroach,5
cockroachdb-cockroach,53
cockroachdb-cockroach,123
cockroachdb-cockroach,10
cockroachdb-cockroach,10
cockroachdb-cockroach,39
cockroachdb-cockroach,25
cockroachdb-cockroach,48
cockroachdb-cockroach,180
cockroachdb-cockroach,2
cockroachdb-cockroach,771
cockroachdb-cockroach,31
cockroachdb-cockroach,49
cockroachdb-cockroach,49
cockroachdb-cockroach,517
cockroachdb-cockroach,679
cockroachdb-cockroach,9
cockroachdb-cockroach,11
cockroachdb-cockroach,4
cockroachdb-cockroach,22
cockroachdb-cockroach,77
cockroachdb-cockroach,9
cockroachdb-cockroach,9
cockroachdb-cockroach,86
cockroachdb-cockroach,109
cockroachdb-cockroach,804
cockroachdb-cockroach,271
cockroachdb-cockroach,145
cockroachdb-cockroach,5
cockroachdb-cockroach,5
cockroachdb-cockroach,1
cockroachdb-cockroach,1
cockroachdb-cockroach,8911
cockroachdb-cockroach,3921
cockroachdb-cockroach,712
cockroachdb-cockroach,30
cockroachdb-cockroach,2
cockroachdb-cockroach,2
cockroachdb-cockroach,4
cockroachdb-cockroach,130
cockroachdb-cockroach,130
cockroachdb-cockroach,30
cockroachdb-cockroach,2
cockroachdb-cockroach,2
cockroachdb-cockroach,20
cockroachdb-cockroach,396
cockroachdb-cockroach,20
cockroachdb-cockroach,4
cockroachdb-cockroach,2
cockroachdb-cockroach,24
cockroachdb-cockroach,2
cockroachdb-cockroach,24
cockroachdb-cockroach,2
cockroachdb-cockroach,497
cockroachdb-cockroach,154
cockroachdb-cockroach,2
cockroachdb-cockroach,2
cockroachdb-cockroach,307
cockroachdb-cockroach,307
cockroachdb-cockroach,2
cockroachdb-cockroach,2
cockroachdb-cockroach,2
cockroachdb-cockroach,517
cockroachdb-cockroach,71
cockroachdb-cockroach,6
cockroachdb-cockroach,38
cockroachdb-cockroach,60
cockroachdb-cockroach,92
cockroachdb-cockroach,2
cockroachdb-cockroach,7352
cockroachdb-cockroach,603
cockroachdb-cockroach,125
cockroachdb-cockroach,73
cockroachdb-cockroach,28
cockroachdb-cockroach,31
cockroachdb-cockroach,107
cockroachdb-cockroach,7
cockroachdb-cockroach,107
cockroachdb-cockroach,10
cockroachdb-cockroach,428
cockroachdb-cockroach,106
cockroachdb-cockroach,35
cockroachdb-cockroach,148
cockroachdb-cockroach,148
cockroachdb-cockroach,2
cockroachdb-cockroach,2
cockroachdb-cockroach,545
cockroachdb-cockroach,25
cockroachdb-cockroach,458
cockroachdb-cockroach,10
cockroachdb-cockroach,2
cockroachdb-cockroach,2
cockroachdb-cockroach,6
cockroachdb-cockroach,6
cockroachdb-cockroach,93
cockroachdb-cockroach,268
cockroachdb-cockroach,13
cockroachdb-cockroach,9
cockroachdb-cockroach,17
cockroachdb-cockroach,3
cockroachdb-cockroach,3
cockroachdb-cockroach,808
cockroachdb-cockroach,4
cockroachdb-cockroach,4
cockroachdb-cockroach,45
cockroachdb-cockroach,42
cockroachdb-cockroach,10
cockroachdb-cockroach,2
cockroachdb-cockroach,40
cockroachdb-cockroach,77
cockroachdb-cockroach,77
cockroachdb-cockroach,80
cockroachdb-cockroach,80
cockroachdb-cockroach,28
cockroachdb-cockroach,28
cockroachdb-cockroach,496
cockroachdb-cockroach,230
cockroachdb-cockroach,230
cockroachdb-cockroach,2
cockroachdb-cockroach,2
cockroachdb-cockroach,4
cockroachdb-cockroach,48
cockroachdb-cockroach,19
cockroachdb-cockroach,2
cockroachdb-cockroach,60
cockroachdb-cockroach,62
cockroachdb-cockroach,62
cockroachdb-cockroach,9
cockroachdb-cockroach,140
cockroachdb-cockroach,75
cockroachdb-cockroach,79
cockroachdb-cockroach,276
cockroachdb-cockroach,38
cockroachdb-cockroach,19
cockroachdb-cockroach,62
cockroachdb-cockroach,51
cockroachdb-cockroach,2
cockroachdb-cockroach,2
cockroachdb-cockroach,81
cockroachdb-cockroach,81
cockroachdb-cockroach,31
cockroachdb-cockroach,31
cockroachdb-cockroach,651
cockroachdb-cockroach,15
cockroachdb-cockroach,66
cockroachdb-cockroach,78
cockroachdb-cockroach,17
cockroachdb-cockroach,7
cockroachdb-cockroach,2
cockroachdb-cockroach,2
cockroachdb-cockroach,3
cockroachdb-cockroach,3
cockroachdb-cockroach,8
cockroachdb-cockroach,14
cockroachdb-cockroach,8
cockroachdb-cockroach,8
cockroachdb-cockroach,375
cockroachdb-cockroach,142
cockroachdb-cockroach,19
cockroachdb-cockroach,19
cockroachdb-cockroach,34
cockroachdb-cockroach,180
cockroachdb-cockroach,95
cockroachdb-cockroach,37
cockroachdb-cockroach,30
cockroachdb-cockroach,22
cockroachdb-cockroach,22
cockroachdb-cockroach,29
cockroachdb-cockroach,174
cockroachdb-cockroach,400
cockroachdb-cockroach,103
cockroachdb-cockroach,103
cockroachdb-cockroach,34
cockroachdb-cockroach,417
cockroachdb-cockroach,417
cockroachdb-cockroach,384
cockroachdb-cockroach,384
cockroachdb-cockroach,114
cockroachdb-cockroach,622
cockroachdb-cockroach,10
cockroachdb-cockroach,100
cockroachdb-cockroach,6
cockroachdb-cockroach,6
cockroachdb-cockroach,2179
cockroachdb-cockroach,63
cockroachdb-cockroach,26
cockroachdb-cockroach,9
cockroachdb-cockroach,9
cockroachdb-cockroach,63
cockroachdb-cockroach,47
cockroachdb-cockroach,211
cockroachdb-cockroach,32
cockroachdb-cockroach,32
cockroachdb-cockroach,6
cockroachdb-cockroach,6
cockroachdb-cockroach,7
cockroachdb-cockroach,89
cockroachdb-cockroach,89
cockroachdb-cockroach,4
cockroachdb-cockroach,39
cockroachdb-cockroach,69
cockroachdb-cockroach,42
cockroachdb-cockroach,42
cockroachdb-cockroach,20
cockroachdb-cockroach,166
cockroachdb-cockroach,80
cockroachdb-cockroach,2
cockroachdb-cockroach,2
cockroachdb-cockroach,84
cockroachdb-cockroach,58
cockroachdb-cockroach,76
cockroachdb-cockroach,352
cockroachdb-cockroach,27
cockroachdb-cockroach,189
cockroachdb-cockroach,61
cockroachdb-cockroach,61
cockroachdb-cockroach,60
cockroachdb-cockroach,60
cockroachdb-cockroach,14
cockroachdb-cockroach,14
cockroachdb-cockroach,1193
cockroachdb-cockroach,1134
cockroachdb-cockroach,56
cockroachdb-cockroach,56
cockroachdb-cockroach,9
cockroachdb-cockroach,9
cockroachdb-cockroach,133
cockroachdb-cockroach,69
cockroachdb-cockroach,69
cockroachdb-cockroach,113
cockroachdb-cockroach,113
cockroachdb-cockroach,4
cockroachdb-cockroach,49
cockroachdb-cockroach,4
cockroachdb-cockroach,37
cockroachdb-cockroach,4
cockroachdb-cockroach,1
cockroachdb-cockroach,19
cockroachdb-cockroach,1130
cockroachdb-cockroach,66
cockroachdb-cockroach,45
cockroachdb-cockroach,139
cockroachdb-cockroach,475
cockroachdb-cockroach,475
cockroachdb-cockroach,2442
cockroachdb-cockroach,518
cockroachdb-cockroach,267
cockroachdb-cockroach,267
cockroachdb-cockroach,20
cockroachdb-cockroach,27
cockroachdb-cockroach,34
cockroachdb-cockroach,461
minio-minio,6
minio-minio,32
minio-minio,2868
minio-minio,6
minio-minio,36
minio-minio,16
minio-minio,138
minio-minio,3
minio-minio,35
minio-minio,174
minio-minio,10
minio-minio,448
minio-minio,24
minio-minio,163
minio-minio,194
minio-minio,18
minio-minio,36
minio-minio,3
minio-minio,281
minio-minio,27
minio-minio,7
minio-minio,62
minio-minio,43
minio-minio,96
minio-minio,306
minio-minio,301
minio-minio,199
minio-minio,22
minio-minio,98
minio-minio,51
minio-minio,221
minio-minio,134
minio-minio,5
minio-minio,336
minio-minio,296
minio-minio,71
minio-minio,734
minio-minio,90
minio-minio,14
minio-minio,27
minio-minio,200
minio-minio,200
minio-minio,39
minio-minio,22
minio-minio,178
minio-minio,4
minio-minio,4
minio-minio,88
minio-minio,88
minio-minio,29
minio-minio,29
minio-minio,47
minio-minio,47
minio-minio,2
minio-minio,38
minio-minio,38
minio-minio,118
minio-minio,118
minio-minio,658
minio-minio,51
minio-minio,51
minio-minio,18
minio-minio,18
minio-minio,101
minio-minio,16
minio-minio,16
minio-minio,38
minio-minio,38
cayleygraph-cayley,5
cayleygraph-cayley,43
cayleygraph-cayley,38
cayleygraph-cayley,86
cayleygraph-cayley,54
cayleygraph-cayley,5
cayleygraph-cayley,5
cayleygraph-cayley,54
cayleygraph-cayley,475
cayleygraph-cayley,50
cayleygraph-cayley,6
cayleygraph-cayley,70
cayleygraph-cayley,1588
cayleygraph-cayley,77
cayleygraph-cayley,2
cayleygraph-cayley,16
influxdata-influxdb,4
influxdata-influxdb,1194
influxdata-influxdb,171
influxdata-influxdb,171
influxdata-influxdb,220
influxdata-influxdb,513
influxdata-influxdb,270
influxdata-influxdb,139
influxdata-influxdb,122
influxdata-influxdb,128
influxdata-influxdb,173
influxdata-influxdb,2
influxdata-influxdb,2
influxdata-influxdb,11
influxdata-influxdb,34
influxdata-influxdb,230
influxdata-influxdb,189
influxdata-influxdb,78
influxdata-influxdb,78
influxdata-influxdb,12
influxdata-influxdb,8
influxdata-influxdb,2
influxdata-influxdb,496
influxdata-influxdb,74
influxdata-influxdb,314
influxdata-influxdb,10
influxdata-influxdb,10
influxdata-influxdb,16
influxdata-influxdb,386
influxdata-influxdb,122
influxdata-influxdb,749
influxdata-influxdb,282
influxdata-influxdb,10
influxdata-influxdb,215
influxdata-influxdb,10
influxdata-influxdb,46
influxdata-influxdb,47
influxdata-influxdb,9
influxdata-influxdb,76
influxdata-influxdb,319
influxdata-influxdb,282
influxdata-influxdb,7
influxdata-influxdb,319
influxdata-influxdb,282
influxdata-influxdb,50
influxdata-influxdb,66
influxdata-influxdb,66
influxdata-influxdb,176
influxdata-influxdb,14
influxdata-influxdb,65
influxdata-influxdb,6
influxdata-influxdb,98
influxdata-influxdb,98
influxdata-influxdb,60
influxdata-influxdb,4
influxdata-influxdb,196
influxdata-influxdb,73
influxdata-influxdb,91
influxdata-influxdb,2
influxdata-influxdb,19
influxdata-influxdb,74
influxdata-influxdb,26
influxdata-influxdb,46
influxdata-influxdb,364
influxdata-influxdb,22
influxdata-influxdb,45
influxdata-influxdb,130
influxdata-influxdb,60
influxdata-influxdb,2
influxdata-influxdb,2
influxdata-influxdb,2
influxdata-influxdb,20
influxdata-influxdb,16
influxdata-influxdb,84
influxdata-influxdb,108
influxdata-influxdb,4
influxdata-influxdb,69
influxdata-influxdb,4
influxdata-influxdb,69
influxdata-influxdb,6
influxdata-influxdb,22
influxdata-influxdb,22
influxdata-influxdb,80
influxdata-influxdb,42
influxdata-influxdb,31
influxdata-influxdb,48
influxdata-influxdb,3
influxdata-influxdb,9
influxdata-influxdb,59
influxdata-influxdb,100
influxdata-influxdb,2
influxdata-influxdb,113
influxdata-influxdb,64
influxdata-influxdb,66
influxdata-influxdb,2
influxdata-influxdb,2
influxdata-influxdb,61
influxdata-influxdb,8
influxdata-influxdb,37
influxdata-influxdb,21
influxdata-influxdb,55
influxdata-influxdb,1116
influxdata-influxdb,7
influxdata-influxdb,5
influxdata-influxdb,148
influxdata-influxdb,11
influxdata-influxdb,27
influxdata-influxdb,43
influxdata-influxdb,64
influxdata-influxdb,19
influxdata-influxdb,18
influxdata-influxdb,16
influxdata-influxdb,2
influxdata-influxdb,18
influxdata-influxdb,69
influxdata-influxdb,108
influxdata-influxdb,62
influxdata-influxdb,2
influxdata-influxdb,119
influxdata-influxdb,4
influxdata-influxdb,4
influxdata-influxdb,2
influxdata-influxdb,9
influxdata-influxdb,8
influxdata-influxdb,22
influxdata-influxdb,41
influxdata-influxdb,60
influxdata-influxdb,2
influxdata-influxdb,48
mholt-caddy,105
mholt-caddy,809
mholt-caddy,110
mholt-caddy,2
mholt-caddy,2
mholt-caddy,14
mholt-caddy,14
mholt-caddy,13
mholt-caddy,43
mholt-caddy,302
mholt-caddy,151
mholt-caddy,35
mholt-caddy,87
mholt-caddy,110
mholt-caddy,110
mholt-caddy,20
mholt-caddy,186
mholt-caddy,121
mholt-caddy,15
mholt-caddy,150
mholt-caddy,30
mholt-caddy,105
mholt-caddy,24
mholt-caddy,98
mholt-caddy,13
mholt-caddy,108
mholt-caddy,176
mholt-caddy,53
mholt-caddy,13
mholt-caddy,97
mholt-caddy,18
mholt-caddy,74
mholt-caddy,148
mholt-caddy,12
mholt-caddy,5
mholt-caddy,28
mholt-caddy,23
mholt-caddy,33
labstack-echo,48
labstack-echo,10
labstack-echo,2
labstack-echo,2
labstack-echo,60
labstack-echo,60
labstack-echo,56
labstack-echo,4
labstack-echo,185
buger-goreplay,5
buger-goreplay,36
buger-goreplay,11
buger-goreplay,212
buger-goreplay,192
buger-goreplay,530
buger-goreplay,581
buger-goreplay,6
buger-goreplay,496
buger-goreplay,15
buger-goreplay,133
buger-goreplay,36
buger-goreplay,20
buger-goreplay,57
buger-goreplay,56
buger-goreplay,44
buger-goreplay,93
buger-goreplay,255
buger-goreplay,23
buger-goreplay,14
buger-goreplay,111
buger-goreplay,94
buger-goreplay,45
buger-goreplay,2
hashicorp-consul,2
hashicorp-consul,40
hashicorp-consul,35
hashicorp-consul,487
hashicorp-consul,424
hashicorp-consul,4
hashicorp-consul,286
hashicorp-consul,370
hashicorp-consul,165
hashicorp-consul,142
hashicorp-consul,69
hashicorp-consul,130
hashicorp-consul,212
hashicorp-consul,14
hashicorp-consul,29
hashicorp-consul,3
hashicorp-consul,2
hashicorp-consul,22
hashicorp-consul,3
hashicorp-consul,64
hashicorp-vault,2795
hashicorp-vault,18
hashicorp-vault,350
hashicorp-vault,664
hashicorp-vault,10
hashicorp-vault,357
hashicorp-vault,2
hashicorp-vault,2
hashicorp-vault,65
hashicorp-vault,333
hashicorp-vault,229
hashicorp-vault,76
hashicorp-vault,39
hashicorp-vault,6
hashicorp-vault,4
hashicorp-vault,7
hashicorp-vault,83
hashicorp-vault,2
hashicorp-vault,183
hashicorp-vault,88
hashicorp-vault,154
hashicorp-vault,9
hashicorp-vault,50
hashicorp-vault,52
hashicorp-vault,2
hashicorp-vault,2731
hashicorp-vault,47
hashicorp-terraform,77
hashicorp-terraform,9
hashicorp-terraform,8
hashicorp-terraform,107
hashicorp-terraform,32
hashicorp-terraform,201
hashicorp-terraform,5630
hashicorp-terraform,3
hashicorp-terraform,5436
hashicorp-terraform,85
hashicorp-terraform,22
hashicorp-terraform,2929
hashicorp-terraform,93
hashicorp-terraform,15804
hashicorp-terraform,10
hashicorp-terraform,93
hashicorp-terraform,52
hashicorp-terraform,2
hashicorp-terraform,5855
hashicorp-terraform,13838
hashicorp-terraform,94
hashicorp-terraform,222
hashicorp-terraform,9
hashicorp-terraform,131
hashicorp-terraform,5
hashicorp-terraform,23
hashicorp-terraform,106
hashicorp-terraform,14
hashicorp-terraform,16
hashicorp-terraform,244
hashicorp-terraform,244
hashicorp-terraform,112
hashicorp-terraform,112
hashicorp-terraform,4
hashicorp-terraform,6356
hashicorp-terraform,30
hashicorp-terraform,100
hashicorp-terraform,33
hashicorp-terraform,93
hashicorp-terraform,62
hashicorp-terraform,17030
hashicorp-terraform,17030
hashicorp-terraform,3664
hashicorp-terraform,103
hashicorp-terraform,1503
hashicorp-terraform,175
hashicorp-terraform,103
hashicorp-terraform,110
hashicorp-terraform,5
hashicorp-terraform,84
hashicorp-terraform,31
hashicorp-terraform,20
hashicorp-terraform,352
hashicorp-terraform,37
hashicorp-terraform,55
hashicorp-terraform,985
hashicorp-terraform,80
hashicorp-terraform,13
hashicorp-terraform,227
hashicorp-terraform,74
hashicorp-terraform,27
hashicorp-terraform,65
hashicorp-terraform,64
hashicorp-terraform,12
hashicorp-terraform,71
hashicorp-terraform,22
hashicorp-terraform,31
hashicorp-terraform,8
hashicorp-terraform,41
hashicorp-terraform,192
hashicorp-terraform,392
hashicorp-terraform,4
hashicorp-terraform,1489
hashicorp-terraform,44
hashicorp-terraform,60
hashicorp-terraform,113
hashicorp-terraform,66
hashicorp-terraform,77
hashicorp-terraform,5
hashicorp-terraform,37
hashicorp-terraform,53
hashicorp-terraform,25
hashicorp-terraform,94
hashicorp-terraform,28
hashicorp-terraform,111
hashicorp-terraform,214
hashicorp-terraform,94
hashicorp-terraform,50
hashicorp-terraform,86
hashicorp-terraform,86
hashicorp-terraform,42
hashicorp-terraform,86
hashicorp-terraform,1
hashicorp-terraform,27
hashicorp-terraform,5
hashicorp-terraform,41
hashicorp-terraform,8
hashicorp-terraform,8
hashicorp-terraform,2
hashicorp-terraform,127
hashicorp-terraform,127
hashicorp-terraform,191
hashicorp-terraform,330
hashicorp-terraform,67
hashicorp-terraform,183
hashicorp-terraform,5
hashicorp-terraform,4
hashicorp-terraform,2
hashicorp-terraform,115
hashicorp-terraform,2
hashicorp-terraform,804
hashicorp-terraform,22
hashicorp-terraform,138
hashicorp-terraform,90
hashicorp-terraform,18
hashicorp-terraform,115
hashicorp-terraform,7
hashicorp-terraform,27
hashicorp-terraform,27
hashicorp-terraform,2
hashicorp-terraform,15
hashicorp-terraform,20
hashicorp-terraform,202
hashicorp-terraform,15
hashicorp-terraform,7
hashicorp-terraform,6
hashicorp-terraform,179
hashicorp-terraform,32
hashicorp-terraform,1828
hashicorp-terraform,8
hashicorp-terraform,46
hashicorp-terraform,9
hashicorp-terraform,174
hashicorp-terraform,93
hashicorp-terraform,17137
hashicorp-terraform,20
hashicorp-terraform,20
hashicorp-terraform,1291
hashicorp-terraform,75
hashicorp-terraform,26
hashicorp-terraform,14
hashicorp-terraform,14
hashicorp-terraform,4
hashicorp-terraform,4
hashicorp-terraform,7
hashicorp-terraform,7
hashicorp-terraform,7
hashicorp-terraform,22
hashicorp-terraform,1
hashicorp-terraform,15543
hashicorp-terraform,21
hashicorp-terraform,12
hashicorp-terraform,21
hashicorp-terraform,14506
hashicorp-terraform,9475
hashicorp-terraform,9366
hashicorp-terraform,9366
hashicorp-terraform,72
hashicorp-terraform,44
hashicorp-terraform,6
hashicorp-terraform,136
hashicorp-terraform,4
hashicorp-terraform,62
hashicorp-terraform,71
hashicorp-terraform,47
hashicorp-terraform,137
hashicorp-terraform,200
hashicorp-terraform,5
hashicorp-terraform,5
hashicorp-terraform,5355
hashicorp-terraform,6
hashicorp-terraform,1721
hashicorp-terraform,6
hashicorp-terraform,104
hashicorp-terraform,20
hashicorp-terraform,9
hashicorp-terraform,4
hashicorp-terraform,5
hashicorp-terraform,41
hashicorp-terraform,845
hashicorp-terraform,19
hashicorp-terraform,89
hashicorp-terraform,89
hashicorp-terraform,39
hashicorp-terraform,21
hashicorp-terraform,41
hashicorp-terraform,41
hashicorp-terraform,95
hashicorp-terraform,26
hashicorp-terraform,58
hashicorp-terraform,58
hashicorp-terraform,18
hashicorp-terraform,25
hashicorp-terraform,341
hashicorp-terraform,150
hashicorp-terraform,9
hashicorp-terraform,74
hashicorp-terraform,33
hashicorp-terraform,130
kataras-iris,75
go-martini-martini,77
attic-labs-noms,1553
attic-labs-noms,139
attic-labs-noms,4
attic-labs-noms,4
attic-labs-noms,6
attic-labs-noms,4
attic-labs-noms,579
attic-labs-noms,34
attic-labs-noms,163
attic-labs-noms,50
attic-labs-noms,91
attic-labs-noms,395
attic-labs-noms,5
attic-labs-noms,238
attic-labs-noms,98
attic-labs-noms,2
attic-labs-noms,1424
attic-labs-noms,1424
attic-labs-noms,47
attic-labs-noms,236
attic-labs-noms,339
attic-labs-noms,150
attic-labs-noms,94
attic-labs-noms,94
attic-labs-noms,516
attic-labs-noms,32
attic-labs-noms,140
attic-labs-noms,40
attic-labs-noms,4
attic-labs-noms,4
attic-labs-noms,69
attic-labs-noms,4
joewalnes-websocketd,140
joewalnes-websocketd,133
