projectname,ploc
greenrobot-EventBus,2
greenrobot-EventBus,1
greenrobot-EventBus,1
JakeWharton-ViewPagerIndicator,2
JakeWharton-ViewPagerIndicator,1
JakeWharton-ViewPagerIndicator,28
android10-Android-CleanArchitecture,4
android10-Android-CleanArchitecture,4
liaohuqiu-android-Ultra-Pull-To-Refresh,4
liaohuqiu-android-Ultra-Pull-To-Refresh,7
nostra13-Android-Universal-Image-Loader,9
nostra13-Android-Universal-Image-Loader,13
nostra13-Android-Universal-Image-Loader,13
nostra13-Android-Universal-Image-Loader,1017
nostra13-Android-Universal-Image-Loader,2
nostra13-Android-Universal-Image-Loader,2
nostra13-Android-Universal-Image-Loader,4
nostra13-Android-Universal-Image-Loader,2
nostra13-Android-Universal-Image-Loader,115
nostra13-Android-Universal-Image-Loader,2
nostra13-Android-Universal-Image-Loader,3
nostra13-Android-Universal-Image-Loader,2
nostra13-Android-Universal-Image-Loader,6
nostra13-Android-Universal-Image-Loader,6
nostra13-Android-Universal-Image-Loader,16
nostra13-Android-Universal-Image-Loader,6
airbnb-lottie-android,12
airbnb-lottie-android,4
airbnb-lottie-android,2
airbnb-lottie-android,4
airbnb-lottie-android,14
airbnb-lottie-android,5
airbnb-lottie-android,3
airbnb-lottie-android,29
airbnb-lottie-android,124
airbnb-lottie-android,11
airbnb-lottie-android,2
airbnb-lottie-android,7
daimajia-AndroidSwipeLayout,187
daimajia-AndroidSwipeLayout,36
daimajia-AndroidSwipeLayout,7
daimajia-AndroidSwipeLayout,2
daimajia-AndroidSwipeLayout,3
square-picasso,2
square-picasso,8
square-picasso,8
square-picasso,5
square-picasso,2
square-picasso,2
square-picasso,26
square-picasso,26
square-picasso,16
square-picasso,17
square-picasso,2
square-picasso,2
square-picasso,9
facebook-fresco,34
facebook-fresco,9
facebook-fresco,13
facebook-fresco,2
facebook-fresco,63
facebook-fresco,2
facebook-fresco,207
facebook-fresco,93
facebook-fresco,2
facebook-fresco,5
facebook-fresco,3
bumptech-glide,26
bumptech-glide,9
bumptech-glide,9
bumptech-glide,9
bumptech-glide,558
bumptech-glide,558
bumptech-glide,2
bumptech-glide,2
bumptech-glide,38
bumptech-glide,115
bumptech-glide,29
bumptech-glide,3
bumptech-glide,78
bumptech-glide,15
bumptech-glide,4
bumptech-glide,8
bumptech-glide,56
bumptech-glide,8
bumptech-glide,4
bumptech-glide,14
bumptech-glide,317
bumptech-glide,2
bumptech-glide,2
bumptech-glide,12
bumptech-glide,7
bumptech-glide,111
bumptech-glide,5
bumptech-glide,15
bumptech-glide,42
bumptech-glide,4
bumptech-glide,10
bumptech-glide,6
libgdx-libgdx,4
libgdx-libgdx,43
libgdx-libgdx,51
libgdx-libgdx,2
libgdx-libgdx,5
libgdx-libgdx,50
libgdx-libgdx,8
libgdx-libgdx,187
libgdx-libgdx,10
libgdx-libgdx,10
libgdx-libgdx,6
libgdx-libgdx,2
libgdx-libgdx,832
libgdx-libgdx,2
libgdx-libgdx,2
libgdx-libgdx,192
libgdx-libgdx,6
libgdx-libgdx,3
libgdx-libgdx,2
libgdx-libgdx,2
libgdx-libgdx,68
libgdx-libgdx,16
libgdx-libgdx,16
libgdx-libgdx,7
libgdx-libgdx,7
libgdx-libgdx,8
libgdx-libgdx,6
libgdx-libgdx,2
libgdx-libgdx,22
libgdx-libgdx,22
libgdx-libgdx,2
libgdx-libgdx,2
libgdx-libgdx,130
libgdx-libgdx,131
libgdx-libgdx,2
libgdx-libgdx,13
libgdx-libgdx,13
libgdx-libgdx,370
libgdx-libgdx,8
libgdx-libgdx,2
libgdx-libgdx,2
libgdx-libgdx,2
libgdx-libgdx,2
libgdx-libgdx,2
libgdx-libgdx,135
libgdx-libgdx,14
libgdx-libgdx,26
libgdx-libgdx,9
libgdx-libgdx,8
libgdx-libgdx,2
libgdx-libgdx,2
libgdx-libgdx,10
libgdx-libgdx,10
libgdx-libgdx,101
libgdx-libgdx,205
libgdx-libgdx,1
libgdx-libgdx,2
libgdx-libgdx,2
libgdx-libgdx,2
libgdx-libgdx,7
libgdx-libgdx,23
libgdx-libgdx,23
libgdx-libgdx,54
libgdx-libgdx,6
libgdx-libgdx,6
libgdx-libgdx,3
libgdx-libgdx,34
libgdx-libgdx,12
libgdx-libgdx,51
libgdx-libgdx,4
libgdx-libgdx,6
libgdx-libgdx,6
libgdx-libgdx,2
libgdx-libgdx,2
libgdx-libgdx,8
libgdx-libgdx,8
libgdx-libgdx,129
libgdx-libgdx,12
libgdx-libgdx,18
libgdx-libgdx,91
libgdx-libgdx,15
libgdx-libgdx,2
libgdx-libgdx,2
libgdx-libgdx,4
libgdx-libgdx,2
libgdx-libgdx,10
libgdx-libgdx,2
libgdx-libgdx,2
libgdx-libgdx,9
libgdx-libgdx,148
libgdx-libgdx,13
libgdx-libgdx,873
libgdx-libgdx,92
libgdx-libgdx,25
libgdx-libgdx,9
libgdx-libgdx,9
libgdx-libgdx,1
libgdx-libgdx,44
libgdx-libgdx,64
libgdx-libgdx,2
libgdx-libgdx,3
libgdx-libgdx,5
libgdx-libgdx,5
libgdx-libgdx,4
libgdx-libgdx,4
libgdx-libgdx,2
libgdx-libgdx,5
libgdx-libgdx,5
libgdx-libgdx,10
libgdx-libgdx,2
libgdx-libgdx,4
libgdx-libgdx,10
libgdx-libgdx,10
libgdx-libgdx,31
libgdx-libgdx,4
libgdx-libgdx,8
libgdx-libgdx,8
libgdx-libgdx,271
libgdx-libgdx,9
libgdx-libgdx,2
libgdx-libgdx,9
libgdx-libgdx,45
libgdx-libgdx,5
libgdx-libgdx,50
libgdx-libgdx,24
libgdx-libgdx,24
libgdx-libgdx,812
libgdx-libgdx,2
libgdx-libgdx,4
libgdx-libgdx,4
libgdx-libgdx,4
libgdx-libgdx,4
libgdx-libgdx,6
libgdx-libgdx,21
libgdx-libgdx,42
libgdx-libgdx,6
libgdx-libgdx,36
libgdx-libgdx,299
libgdx-libgdx,234
libgdx-libgdx,2
libgdx-libgdx,2
libgdx-libgdx,40
libgdx-libgdx,28
libgdx-libgdx,12
libgdx-libgdx,4
libgdx-libgdx,34
libgdx-libgdx,13
libgdx-libgdx,10
libgdx-libgdx,28
libgdx-libgdx,112
libgdx-libgdx,44
libgdx-libgdx,6
libgdx-libgdx,1
libgdx-libgdx,6
libgdx-libgdx,22
libgdx-libgdx,5
libgdx-libgdx,4
libgdx-libgdx,120
libgdx-libgdx,2
libgdx-libgdx,55
libgdx-libgdx,70
libgdx-libgdx,45
libgdx-libgdx,114
libgdx-libgdx,6
libgdx-libgdx,1170
libgdx-libgdx,13
libgdx-libgdx,5
libgdx-libgdx,5
libgdx-libgdx,5
libgdx-libgdx,162
libgdx-libgdx,2
libgdx-libgdx,591
libgdx-libgdx,832
libgdx-libgdx,70
libgdx-libgdx,262
libgdx-libgdx,41
libgdx-libgdx,28
libgdx-libgdx,58
libgdx-libgdx,6
libgdx-libgdx,2
libgdx-libgdx,142
libgdx-libgdx,1815
libgdx-libgdx,87
libgdx-libgdx,29
libgdx-libgdx,76
libgdx-libgdx,994
libgdx-libgdx,2
libgdx-libgdx,12
libgdx-libgdx,12
libgdx-libgdx,33
libgdx-libgdx,304
libgdx-libgdx,2
libgdx-libgdx,4
libgdx-libgdx,14
libgdx-libgdx,2
libgdx-libgdx,11
libgdx-libgdx,8
libgdx-libgdx,1
libgdx-libgdx,2
libgdx-libgdx,5
libgdx-libgdx,9
libgdx-libgdx,21
libgdx-libgdx,2
libgdx-libgdx,42
libgdx-libgdx,39
libgdx-libgdx,2
libgdx-libgdx,40
libgdx-libgdx,7
libgdx-libgdx,4
libgdx-libgdx,5
libgdx-libgdx,11
libgdx-libgdx,1
libgdx-libgdx,158
libgdx-libgdx,5
libgdx-libgdx,229
libgdx-libgdx,13
libgdx-libgdx,5
libgdx-libgdx,258
libgdx-libgdx,10
libgdx-libgdx,143
libgdx-libgdx,9
libgdx-libgdx,4
libgdx-libgdx,3
libgdx-libgdx,2
libgdx-libgdx,5
libgdx-libgdx,331
libgdx-libgdx,4
libgdx-libgdx,195
libgdx-libgdx,355
libgdx-libgdx,186
libgdx-libgdx,3
libgdx-libgdx,8
libgdx-libgdx,58
libgdx-libgdx,130
libgdx-libgdx,169
libgdx-libgdx,10
libgdx-libgdx,5399
libgdx-libgdx,34
libgdx-libgdx,6
libgdx-libgdx,1
libgdx-libgdx,74
libgdx-libgdx,4
libgdx-libgdx,49
libgdx-libgdx,144
libgdx-libgdx,1140
libgdx-libgdx,709
libgdx-libgdx,80
libgdx-libgdx,5090
libgdx-libgdx,1023
libgdx-libgdx,2
libgdx-libgdx,196
libgdx-libgdx,469
libgdx-libgdx,83
libgdx-libgdx,2
libgdx-libgdx,81
libgdx-libgdx,217
libgdx-libgdx,69
libgdx-libgdx,12
libgdx-libgdx,2
libgdx-libgdx,192
libgdx-libgdx,11
libgdx-libgdx,4
libgdx-libgdx,250
libgdx-libgdx,754
libgdx-libgdx,41
libgdx-libgdx,679
libgdx-libgdx,8
libgdx-libgdx,67
libgdx-libgdx,260
libgdx-libgdx,9
facebook-stetho,18
facebook-stetho,2
facebook-stetho,13
facebook-stetho,3
facebook-stetho,664
loopj-android-async-http,2
loopj-android-async-http,2
loopj-android-async-http,212
loopj-android-async-http,142
loopj-android-async-http,74
loopj-android-async-http,4
loopj-android-async-http,14
loopj-android-async-http,14
loopj-android-async-http,4
loopj-android-async-http,54
loopj-android-async-http,2
loopj-android-async-http,8
loopj-android-async-http,20
loopj-android-async-http,20
loopj-android-async-http,20
loopj-android-async-http,31
loopj-android-async-http,31
loopj-android-async-http,6
loopj-android-async-http,6
loopj-android-async-http,2
chrisbanes-PhotoView,16
chrisbanes-PhotoView,13
chrisbanes-PhotoView,34
chrisbanes-PhotoView,6
JetBrains-kotlin,286
JetBrains-kotlin,18
JetBrains-kotlin,12
JetBrains-kotlin,51
JetBrains-kotlin,2383
JetBrains-kotlin,330
JetBrains-kotlin,13
JetBrains-kotlin,12
JetBrains-kotlin,30
JetBrains-kotlin,6
JetBrains-kotlin,6
JetBrains-kotlin,6
JetBrains-kotlin,102
JetBrains-kotlin,6
JetBrains-kotlin,942
JetBrains-kotlin,14
JetBrains-kotlin,50
JetBrains-kotlin,14
JetBrains-kotlin,83
JetBrains-kotlin,6
JetBrains-kotlin,3
JetBrains-kotlin,6
JetBrains-kotlin,13
JetBrains-kotlin,90
JetBrains-kotlin,27
JetBrains-kotlin,4
JetBrains-kotlin,50
JetBrains-kotlin,118
JetBrains-kotlin,103
JetBrains-kotlin,10
JetBrains-kotlin,17
JetBrains-kotlin,6
JetBrains-kotlin,6
JetBrains-kotlin,6
JetBrains-kotlin,6
JetBrains-kotlin,24
JetBrains-kotlin,291
JetBrains-kotlin,38
JetBrains-kotlin,6
JetBrains-kotlin,13
JetBrains-kotlin,10
JetBrains-kotlin,6
JetBrains-kotlin,16
JetBrains-kotlin,34
JetBrains-kotlin,10
JetBrains-kotlin,6
JetBrains-kotlin,24
JetBrains-kotlin,6
JetBrains-kotlin,9
JetBrains-kotlin,6
JetBrains-kotlin,44
JetBrains-kotlin,18
JetBrains-kotlin,6
JetBrains-kotlin,16
JetBrains-kotlin,53
JetBrains-kotlin,19
JetBrains-kotlin,6
JetBrains-kotlin,6
JetBrains-kotlin,121
JetBrains-kotlin,6
JetBrains-kotlin,3
JetBrains-kotlin,32
JetBrains-kotlin,10
JetBrains-kotlin,196
JetBrains-kotlin,24
JetBrains-kotlin,31
JetBrains-kotlin,11
JetBrains-kotlin,6
JetBrains-kotlin,6
JetBrains-kotlin,12
JetBrains-kotlin,12
JetBrains-kotlin,6
JetBrains-kotlin,6
JetBrains-kotlin,10
JetBrains-kotlin,81
JetBrains-kotlin,6
JetBrains-kotlin,192
JetBrains-kotlin,28
JetBrains-kotlin,18
JetBrains-kotlin,26
JetBrains-kotlin,12
JetBrains-kotlin,12
JetBrains-kotlin,6
JetBrains-kotlin,6
JetBrains-kotlin,6
JetBrains-kotlin,6
JetBrains-kotlin,14
JetBrains-kotlin,18
JetBrains-kotlin,6
JetBrains-kotlin,7
JetBrains-kotlin,5
JetBrains-kotlin,78
JetBrains-kotlin,12
JetBrains-kotlin,6
JetBrains-kotlin,37
JetBrains-kotlin,6
JetBrains-kotlin,10
JetBrains-kotlin,74
JetBrains-kotlin,156
JetBrains-kotlin,6
JetBrains-kotlin,117
JetBrains-kotlin,86
JetBrains-kotlin,8
JetBrains-kotlin,25
JetBrains-kotlin,6
JetBrains-kotlin,16
JetBrains-kotlin,41
JetBrains-kotlin,68
JetBrains-kotlin,172
JetBrains-kotlin,3
JetBrains-kotlin,6
JetBrains-kotlin,2
JetBrains-kotlin,71
JetBrains-kotlin,72
JetBrains-kotlin,8
JetBrains-kotlin,21
JetBrains-kotlin,21
JetBrains-kotlin,71
JetBrains-kotlin,35
JetBrains-kotlin,43
JetBrains-kotlin,36
JetBrains-kotlin,13
JetBrains-kotlin,11
JetBrains-kotlin,11
JetBrains-kotlin,117
JetBrains-kotlin,355
JetBrains-kotlin,10
JetBrains-kotlin,27
JetBrains-kotlin,5
JetBrains-kotlin,15
JetBrains-kotlin,7
JetBrains-kotlin,12
JetBrains-kotlin,30
JetBrains-kotlin,49
JetBrains-kotlin,15
JetBrains-kotlin,12
JetBrains-kotlin,8
JetBrains-kotlin,13
JetBrains-kotlin,10
JetBrains-kotlin,5
JetBrains-kotlin,15
JetBrains-kotlin,5
JetBrains-kotlin,4
JetBrains-kotlin,15
JetBrains-kotlin,240
JetBrains-kotlin,5
JetBrains-kotlin,5
JetBrains-kotlin,285
JetBrains-kotlin,228
JetBrains-kotlin,164
JetBrains-kotlin,129
JetBrains-kotlin,15
JetBrains-kotlin,8
JetBrains-kotlin,14
JetBrains-kotlin,5
JetBrains-kotlin,12
JetBrains-kotlin,15
JetBrains-kotlin,5
JetBrains-kotlin,54
JetBrains-kotlin,18
JetBrains-kotlin,9
JetBrains-kotlin,88
JetBrains-kotlin,7
JetBrains-kotlin,10
JetBrains-kotlin,65
JetBrains-kotlin,20
JetBrains-kotlin,20
JetBrains-kotlin,27
JetBrains-kotlin,2
JetBrains-kotlin,47
JetBrains-kotlin,5
JetBrains-kotlin,125
JetBrains-kotlin,125
JetBrains-kotlin,4
JetBrains-kotlin,12
JetBrains-kotlin,27
JetBrains-kotlin,2
JetBrains-kotlin,9
JetBrains-kotlin,33
JetBrains-kotlin,28
JetBrains-kotlin,3
JetBrains-kotlin,63
JetBrains-kotlin,21
JetBrains-kotlin,2
JetBrains-kotlin,1
JetBrains-kotlin,13
JetBrains-kotlin,20
JetBrains-kotlin,2
JetBrains-kotlin,24
JetBrains-kotlin,20
JetBrains-kotlin,2
JetBrains-kotlin,7
JetBrains-kotlin,10
JetBrains-kotlin,9
JetBrains-kotlin,128
JetBrains-kotlin,36
JetBrains-kotlin,7
JetBrains-kotlin,42
JetBrains-kotlin,22
JetBrains-kotlin,2
JetBrains-kotlin,36
JetBrains-kotlin,7
JetBrains-kotlin,33
JetBrains-kotlin,2
JetBrains-kotlin,2
JetBrains-kotlin,13
JetBrains-kotlin,11
JetBrains-kotlin,525
JetBrains-kotlin,59
JetBrains-kotlin,94
JetBrains-kotlin,56
JetBrains-kotlin,29
JetBrains-kotlin,27
JetBrains-kotlin,9
JetBrains-kotlin,23
JetBrains-kotlin,2
JetBrains-kotlin,136
JetBrains-kotlin,10
JetBrains-kotlin,1090
JetBrains-kotlin,11
JetBrains-kotlin,111
JetBrains-kotlin,62
JetBrains-kotlin,128
JetBrains-kotlin,47
JetBrains-kotlin,139
JetBrains-kotlin,37
JetBrains-kotlin,9
JetBrains-kotlin,30
JetBrains-kotlin,67
JetBrains-kotlin,3
JetBrains-kotlin,22
JetBrains-kotlin,210
JetBrains-kotlin,252
JetBrains-kotlin,397
JetBrains-kotlin,175
JetBrains-kotlin,226
JetBrains-kotlin,18
JetBrains-kotlin,12
JetBrains-kotlin,17
JetBrains-kotlin,55
JetBrains-kotlin,12
JetBrains-kotlin,56
JetBrains-kotlin,12
JetBrains-kotlin,63
JetBrains-kotlin,2
JetBrains-kotlin,34
JetBrains-kotlin,13
JetBrains-kotlin,6
JetBrains-kotlin,84
JetBrains-kotlin,11
JetBrains-kotlin,67
JetBrains-kotlin,4
JetBrains-kotlin,6
JetBrains-kotlin,65
JetBrains-kotlin,377
JetBrains-kotlin,8
JetBrains-kotlin,2
JetBrains-kotlin,8
JetBrains-kotlin,5
nathanmarz-storm,4
nathanmarz-storm,4
nathanmarz-storm,16
nathanmarz-storm,22
nathanmarz-storm,2
nathanmarz-storm,7
nathanmarz-storm,19
nathanmarz-storm,129
nathanmarz-storm,17
nathanmarz-storm,131
nathanmarz-storm,187
nathanmarz-storm,2
nathanmarz-storm,6
nathanmarz-storm,11
nathanmarz-storm,41
nathanmarz-storm,48
nathanmarz-storm,16
nathanmarz-storm,22
nathanmarz-storm,45
nathanmarz-storm,10
nathanmarz-storm,9
nathanmarz-storm,66
nathanmarz-storm,16
nathanmarz-storm,11
nathanmarz-storm,90
nathanmarz-storm,23
zxing-zxing,8
zxing-zxing,129
zxing-zxing,69
zxing-zxing,110
zxing-zxing,59
zxing-zxing,2
zxing-zxing,8
zxing-zxing,22
zxing-zxing,17
zxing-zxing,2
zxing-zxing,6
zxing-zxing,6
zxing-zxing,2
zxing-zxing,2
zxing-zxing,30
zxing-zxing,18
zxing-zxing,4
zxing-zxing,3
zxing-zxing,136
zxing-zxing,42
zxing-zxing,2
zxing-zxing,41
zxing-zxing,10
zxing-zxing,6
zxing-zxing,289
zxing-zxing,6
zxing-zxing,3
zxing-zxing,48
zxing-zxing,8
zxing-zxing,399
zxing-zxing,2437
zxing-zxing,147
zxing-zxing,44
zxing-zxing,8
zxing-zxing,58
zxing-zxing,16
zxing-zxing,12
zxing-zxing,22
zxing-zxing,20
zxing-zxing,844
zxing-zxing,56
zxing-zxing,17
zxing-zxing,44
zxing-zxing,33
zxing-zxing,86
zxing-zxing,6
zxing-zxing,2
zxing-zxing,4
zxing-zxing,2
zxing-zxing,6
zxing-zxing,2
google-iosched,129
google-iosched,3
google-iosched,10
google-iosched,3
google-iosched,99
google-iosched,4
google-iosched,98
google-iosched,223
google-iosched,6
google-iosched,35
google-iosched,9
google-iosched,6
google-iosched,7
google-iosched,35
google-iosched,15
google-iosched,106
google-iosched,4
google-iosched,178
google-iosched,13
google-iosched,66
google-iosched,4
google-iosched,1
google-iosched,4
google-iosched,1
google-iosched,1
google-iosched,121
google-iosched,13
google-iosched,7
google-iosched,13
google-iosched,1
google-iosched,80
google-iosched,33
google-iosched,22
google-iosched,2
google-iosched,2
google-iosched,56
google-iosched,56
google-iosched,36
google-iosched,12
google-iosched,36
google-iosched,17
google-iosched,17
google-iosched,17
google-iosched,27
google-iosched,32
google-iosched,54
google-iosched,203
google-iosched,34
google-iosched,153
google-iosched,1
google-iosched,153
google-iosched,34
google-iosched,2
google-iosched,11
google-iosched,18
google-iosched,7
google-iosched,7
google-iosched,224
google-iosched,92
google-iosched,109
google-iosched,39
google-iosched,14
google-iosched,1432
google-iosched,898
google-iosched,898
androidannotations-androidannotations,18
androidannotations-androidannotations,6
androidannotations-androidannotations,4
androidannotations-androidannotations,11
androidannotations-androidannotations,6
androidannotations-androidannotations,79
androidannotations-androidannotations,79
androidannotations-androidannotations,2
androidannotations-androidannotations,79
androidannotations-androidannotations,3
androidannotations-androidannotations,16
androidannotations-androidannotations,32
androidannotations-androidannotations,32
androidannotations-androidannotations,9
androidannotations-androidannotations,6
androidannotations-androidannotations,51
androidannotations-androidannotations,9
androidannotations-androidannotations,9
androidannotations-androidannotations,171
androidannotations-androidannotations,27
androidannotations-androidannotations,26
androidannotations-androidannotations,5
androidannotations-androidannotations,29
androidannotations-androidannotations,55
androidannotations-androidannotations,195
androidannotations-androidannotations,50
androidannotations-androidannotations,50
androidannotations-androidannotations,2
androidannotations-androidannotations,294
androidannotations-androidannotations,294
androidannotations-androidannotations,2
androidannotations-androidannotations,8
androidannotations-androidannotations,44
androidannotations-androidannotations,64
androidannotations-androidannotations,20
androidannotations-androidannotations,1
androidannotations-androidannotations,108
androidannotations-androidannotations,2
androidannotations-androidannotations,9
androidannotations-androidannotations,14
androidannotations-androidannotations,15
androidannotations-androidannotations,2
androidannotations-androidannotations,48
androidannotations-androidannotations,51
androidannotations-androidannotations,8
chrisbanes-Android-PullToRefresh,7
chrisbanes-Android-PullToRefresh,186
chrisbanes-Android-PullToRefresh,18
chrisbanes-Android-PullToRefresh,99
chrisbanes-Android-PullToRefresh,4
pockethub-PocketHub,7
pockethub-PocketHub,65
pockethub-PocketHub,19
pockethub-PocketHub,19
pockethub-PocketHub,20
pockethub-PocketHub,13
pockethub-PocketHub,13
pockethub-PocketHub,81
pockethub-PocketHub,110
pockethub-PocketHub,59
pockethub-PocketHub,59
pockethub-PocketHub,966
pockethub-PocketHub,335
pockethub-PocketHub,7
pockethub-PocketHub,10
pockethub-PocketHub,6
pockethub-PocketHub,6
netty-netty,339
netty-netty,2
netty-netty,165
netty-netty,11
netty-netty,22
netty-netty,189
netty-netty,146
netty-netty,875
netty-netty,87
netty-netty,407
netty-netty,20
netty-netty,82
netty-netty,273
netty-netty,136
netty-netty,104
netty-netty,707
netty-netty,196
netty-netty,13
netty-netty,77
netty-netty,3
netty-netty,106
netty-netty,12
netty-netty,39
netty-netty,20
netty-netty,8
netty-netty,2
netty-netty,106
netty-netty,1
netty-netty,12
netty-netty,232
netty-netty,70
netty-netty,4
netty-netty,47
netty-netty,88
netty-netty,812
netty-netty,2
netty-netty,7
netty-netty,4
netty-netty,38
netty-netty,94
netty-netty,2
netty-netty,23
netty-netty,54
netty-netty,2
netty-netty,31
netty-netty,2
netty-netty,94
netty-netty,376
netty-netty,101
netty-netty,75
netty-netty,2
netty-netty,189
netty-netty,1
netty-netty,40
netty-netty,72
netty-netty,2
netty-netty,45
netty-netty,29
netty-netty,41
netty-netty,13
netty-netty,5
netty-netty,59
netty-netty,20
netty-netty,6
netty-netty,28
netty-netty,33
netty-netty,4
netty-netty,80
netty-netty,37
netty-netty,263
netty-netty,22
netty-netty,36
netty-netty,131
netty-netty,526
netty-netty,12
netty-netty,7
netty-netty,492
netty-netty,36
netty-netty,21
netty-netty,8
netty-netty,29
netty-netty,43
netty-netty,14
netty-netty,10
netty-netty,4
netty-netty,4
netty-netty,5
netty-netty,388
netty-netty,42
netty-netty,18
netty-netty,72
netty-netty,26
netty-netty,235
netty-netty,4
netty-netty,38
netty-netty,75
netty-netty,81
netty-netty,2
netty-netty,9
netty-netty,14
netty-netty,207
netty-netty,7
netty-netty,14
netty-netty,9
netty-netty,25
netty-netty,6
netty-netty,9
netty-netty,56
netty-netty,13
netty-netty,105
netty-netty,4
netty-netty,5
netty-netty,21
netty-netty,4
netty-netty,2
netty-netty,76
netty-netty,8
netty-netty,4
netty-netty,110
netty-netty,146
netty-netty,2281
netty-netty,14
netty-netty,2
netty-netty,40
netty-netty,2
netty-netty,386
netty-netty,6
netty-netty,11
netty-netty,102
netty-netty,99
netty-netty,134
netty-netty,150
netty-netty,6
netty-netty,27
netty-netty,150
netty-netty,11
netty-netty,12
netty-netty,96
netty-netty,72
netty-netty,93
netty-netty,27
netty-netty,2
netty-netty,14
netty-netty,141
netty-netty,22
netty-netty,15
netty-netty,14
netty-netty,4
netty-netty,14
netty-netty,7
netty-netty,245
netty-netty,29
netty-netty,8
netty-netty,9
netty-netty,14
netty-netty,20
netty-netty,6
netty-netty,42
netty-netty,40
netty-netty,22
netty-netty,33
netty-netty,238
netty-netty,44
netty-netty,16
netty-netty,75
netty-netty,95
netty-netty,21
netty-netty,254
netty-netty,8
netty-netty,6
netty-netty,30
netty-netty,60
netty-netty,64
netty-netty,139
netty-netty,520
netty-netty,10
netty-netty,58
netty-netty,6
netty-netty,211
netty-netty,2
netty-netty,19
netty-netty,43
netty-netty,63
netty-netty,195
netty-netty,8
netty-netty,22
netty-netty,2
netty-netty,49
netty-netty,22
netty-netty,2
netty-netty,53
netty-netty,49
netty-netty,2
netty-netty,73
netty-netty,109
netty-netty,4
netty-netty,4
netty-netty,68
netty-netty,305
netty-netty,8
netty-netty,2
netty-netty,2
netty-netty,13
netty-netty,100
netty-netty,121
netty-netty,2334
netty-netty,394
netty-netty,726
netty-netty,189
netty-netty,951
netty-netty,2673
netty-netty,2205
netty-netty,190
netty-netty,106
netty-netty,104
netty-netty,378
netty-netty,45
netty-netty,1282
netty-netty,29
netty-netty,29
netty-netty,52
netty-netty,26
netty-netty,13
netty-netty,13
netty-netty,73
netty-netty,10
netty-netty,7
netty-netty,77
netty-netty,69
netty-netty,5
netty-netty,2
netty-netty,17
netty-netty,19
netty-netty,12
netty-netty,7
netty-netty,6
netty-netty,12
netty-netty,1
netty-netty,149
netty-netty,1
netty-netty,26
netty-netty,8
netty-netty,14
netty-netty,10
netty-netty,6
netty-netty,13
netty-netty,25
netty-netty,18
netty-netty,3
netty-netty,68
netty-netty,7
netty-netty,30
netty-netty,2
netty-netty,1
netty-netty,73
netty-netty,4
netty-netty,2
netty-netty,15
netty-netty,18
netty-netty,56
netty-netty,36
netty-netty,2
netty-netty,59
netty-netty,22
netty-netty,4
netty-netty,166
netty-netty,8
netty-netty,2
netty-netty,2
netty-netty,4
netty-netty,6
netty-netty,6
netty-netty,3
netty-netty,136
netty-netty,47
netty-netty,213
netty-netty,10
netty-netty,2
netty-netty,4
netty-netty,9
netty-netty,10
netty-netty,10
netty-netty,81
netty-netty,13
netty-netty,3
netty-netty,6
netty-netty,6
netty-netty,2
netty-netty,2
netty-netty,2
netty-netty,12
netty-netty,258
netty-netty,4
netty-netty,263
netty-netty,1
netty-netty,59
netty-netty,6
netty-netty,32
netty-netty,3
netty-netty,6
netty-netty,2
netty-netty,15
netty-netty,10
netty-netty,6
netty-netty,19
netty-netty,5
netty-netty,10
netty-netty,42
netty-netty,4
netty-netty,29
netty-netty,2
netty-netty,53
netty-netty,5
netty-netty,18
netty-netty,16
netty-netty,38
netty-netty,18
netty-netty,4
netty-netty,268
netty-netty,2
netty-netty,78
netty-netty,357
netty-netty,2
Tencent-tinker,8
Tencent-tinker,38
Tencent-tinker,19
Tencent-tinker,464
Tencent-tinker,10
Tencent-tinker,68
Tencent-tinker,8
Tencent-tinker,5
Tencent-tinker,3
Tencent-tinker,2
Tencent-tinker,132
Tencent-tinker,636
Tencent-tinker,11
Tencent-tinker,57
Tencent-tinker,24
Tencent-tinker,22
Tencent-tinker,14
Tencent-tinker,19
Tencent-tinker,19
Tencent-tinker,98
Tencent-tinker,279
Tencent-tinker,45
Tencent-tinker,8
Tencent-tinker,18
Tencent-tinker,2
Tencent-tinker,121
Tencent-tinker,4
Tencent-tinker,164
Tencent-tinker,40
Tencent-tinker,143
Tencent-tinker,254
Tencent-tinker,117
alibaba-dubbo,4
alibaba-dubbo,2
alibaba-dubbo,15
alibaba-dubbo,26
alibaba-dubbo,42
alibaba-dubbo,27
alibaba-dubbo,2
alibaba-dubbo,45
alibaba-dubbo,17
alibaba-dubbo,74
alibaba-dubbo,31
alibaba-dubbo,9
alibaba-dubbo,23
WhisperSystems-Signal-Android,8
WhisperSystems-Signal-Android,47
WhisperSystems-Signal-Android,44
WhisperSystems-Signal-Android,3
WhisperSystems-Signal-Android,17
WhisperSystems-Signal-Android,1096
WhisperSystems-Signal-Android,73
WhisperSystems-Signal-Android,8
WhisperSystems-Signal-Android,1
WhisperSystems-Signal-Android,10
WhisperSystems-Signal-Android,158
WhisperSystems-Signal-Android,5
WhisperSystems-Signal-Android,3
WhisperSystems-Signal-Android,1
WhisperSystems-Signal-Android,297
WhisperSystems-Signal-Android,6
WhisperSystems-Signal-Android,47
WhisperSystems-Signal-Android,54
WhisperSystems-Signal-Android,1133
WhisperSystems-Signal-Android,47
WhisperSystems-Signal-Android,30
WhisperSystems-Signal-Android,7
WhisperSystems-Signal-Android,2
WhisperSystems-Signal-Android,34
WhisperSystems-Signal-Android,34
WhisperSystems-Signal-Android,29
WhisperSystems-Signal-Android,16
WhisperSystems-Signal-Android,212
WhisperSystems-Signal-Android,36
WhisperSystems-Signal-Android,171
WhisperSystems-Signal-Android,2
WhisperSystems-Signal-Android,13
WhisperSystems-Signal-Android,37
WhisperSystems-Signal-Android,2
WhisperSystems-Signal-Android,507
WhisperSystems-Signal-Android,2
WhisperSystems-Signal-Android,12
WhisperSystems-Signal-Android,157
WhisperSystems-Signal-Android,3
spring-projects-spring-boot,19
spring-projects-spring-boot,2
spring-projects-spring-boot,315
spring-projects-spring-boot,54
spring-projects-spring-boot,58
spring-projects-spring-boot,8
spring-projects-spring-boot,15
spring-projects-spring-boot,15
spring-projects-spring-boot,21
spring-projects-spring-boot,1671
spring-projects-spring-boot,2
spring-projects-spring-boot,22
spring-projects-spring-boot,10
spring-projects-spring-boot,24
spring-projects-spring-boot,60
spring-projects-spring-boot,16
spring-projects-spring-boot,51
spring-projects-spring-boot,11
spring-projects-spring-boot,2
spring-projects-spring-boot,75
spring-projects-spring-boot,1
spring-projects-spring-boot,64
spring-projects-spring-boot,19
spring-projects-spring-boot,76
spring-projects-spring-boot,70
spring-projects-spring-boot,155
spring-projects-spring-boot,5
spring-projects-spring-boot,3
spring-projects-spring-boot,9
spring-projects-spring-boot,2
spring-projects-spring-boot,148
spring-projects-spring-boot,33
spring-projects-spring-boot,34
spring-projects-spring-boot,173
spring-projects-spring-boot,9
spring-projects-spring-boot,304
spring-projects-spring-boot,85
spring-projects-spring-boot,31
spring-projects-spring-boot,17
spring-projects-spring-boot,71
spring-projects-spring-boot,73
spring-projects-spring-boot,32
spring-projects-spring-boot,20
spring-projects-spring-boot,118
spring-projects-spring-boot,32
spring-projects-spring-boot,5
spring-projects-spring-boot,56
spring-projects-spring-boot,55
spring-projects-spring-boot,345
spring-projects-spring-framework,33
spring-projects-spring-framework,2
spring-projects-spring-framework,2
spring-projects-spring-framework,6
spring-projects-spring-framework,279
spring-projects-spring-framework,6
spring-projects-spring-framework,34
spring-projects-spring-framework,17
spring-projects-spring-framework,86
spring-projects-spring-framework,143
spring-projects-spring-framework,30
spring-projects-spring-framework,95
spring-projects-spring-framework,45
spring-projects-spring-framework,8
spring-projects-spring-framework,2
spring-projects-spring-framework,22
spring-projects-spring-framework,29
spring-projects-spring-framework,11
spring-projects-spring-framework,60
spring-projects-spring-framework,31
spring-projects-spring-framework,22
spring-projects-spring-framework,8
spring-projects-spring-framework,6
spring-projects-spring-framework,80
spring-projects-spring-framework,15
spring-projects-spring-framework,87
spring-projects-spring-framework,38
spring-projects-spring-framework,37
spring-projects-spring-framework,240
spring-projects-spring-framework,7
spring-projects-spring-framework,34
spring-projects-spring-framework,35
spring-projects-spring-framework,18
spring-projects-spring-framework,24
spring-projects-spring-framework,25
spring-projects-spring-framework,57
spring-projects-spring-framework,24
spring-projects-spring-framework,220
spring-projects-spring-framework,126
spring-projects-spring-framework,840
spring-projects-spring-framework,117
spring-projects-spring-framework,4
spring-projects-spring-framework,58
spring-projects-spring-framework,62
spring-projects-spring-framework,5
spring-projects-spring-framework,93
spring-projects-spring-framework,252
spring-projects-spring-framework,850
spring-projects-spring-framework,4
spring-projects-spring-framework,45
spring-projects-spring-framework,10
spring-projects-spring-framework,7
spring-projects-spring-framework,83
spring-projects-spring-framework,781
spring-projects-spring-framework,245
spring-projects-spring-framework,15
spring-projects-spring-framework,737
spring-projects-spring-framework,239
spring-projects-spring-framework,1
spring-projects-spring-framework,49
spring-projects-spring-framework,6
spring-projects-spring-framework,27
spring-projects-spring-framework,19
spring-projects-spring-framework,1268
square-retrofit,34
afollestad-material-dialogs,37
afollestad-material-dialogs,1
afollestad-material-dialogs,181
afollestad-material-dialogs,1342
afollestad-material-dialogs,18
nickbutcher-plaid,83
nickbutcher-plaid,9
nickbutcher-plaid,80
nickbutcher-plaid,3
nickbutcher-plaid,280
nickbutcher-plaid,1034
nickbutcher-plaid,38
nickbutcher-plaid,45
nickbutcher-plaid,120
nickbutcher-plaid,4
nickbutcher-plaid,1
nickbutcher-plaid,6
nickbutcher-plaid,25
elastic-elasticsearch,4
elastic-elasticsearch,2
elastic-elasticsearch,161
elastic-elasticsearch,4
elastic-elasticsearch,3
elastic-elasticsearch,2
elastic-elasticsearch,4
elastic-elasticsearch,35
elastic-elasticsearch,11
elastic-elasticsearch,4
elastic-elasticsearch,85
elastic-elasticsearch,45
elastic-elasticsearch,955
elastic-elasticsearch,40
elastic-elasticsearch,2
elastic-elasticsearch,2
elastic-elasticsearch,8
elastic-elasticsearch,20
elastic-elasticsearch,71
elastic-elasticsearch,590
elastic-elasticsearch,51
elastic-elasticsearch,3
elastic-elasticsearch,3083
elastic-elasticsearch,29
elastic-elasticsearch,49
elastic-elasticsearch,32
elastic-elasticsearch,140
elastic-elasticsearch,3
elastic-elasticsearch,9
elastic-elasticsearch,198
elastic-elasticsearch,67
elastic-elasticsearch,4
elastic-elasticsearch,15
elastic-elasticsearch,44
elastic-elasticsearch,38
elastic-elasticsearch,987
elastic-elasticsearch,18
elastic-elasticsearch,16
elastic-elasticsearch,16
elastic-elasticsearch,54
elastic-elasticsearch,21
elastic-elasticsearch,21
elastic-elasticsearch,11
elastic-elasticsearch,53
elastic-elasticsearch,488
elastic-elasticsearch,1
elastic-elasticsearch,675
elastic-elasticsearch,11
elastic-elasticsearch,202
elastic-elasticsearch,36
elastic-elasticsearch,24
elastic-elasticsearch,159
elastic-elasticsearch,64
elastic-elasticsearch,2
elastic-elasticsearch,4
elastic-elasticsearch,6
elastic-elasticsearch,50
elastic-elasticsearch,192
elastic-elasticsearch,140
elastic-elasticsearch,8
elastic-elasticsearch,1618
elastic-elasticsearch,2
elastic-elasticsearch,708
elastic-elasticsearch,19
elastic-elasticsearch,76
elastic-elasticsearch,2
elastic-elasticsearch,7
elastic-elasticsearch,35
elastic-elasticsearch,9861
elastic-elasticsearch,54
elastic-elasticsearch,6
elastic-elasticsearch,8224
elastic-elasticsearch,38
elastic-elasticsearch,2
elastic-elasticsearch,593
elastic-elasticsearch,2712
elastic-elasticsearch,249
elastic-elasticsearch,12
elastic-elasticsearch,18
elastic-elasticsearch,24
elastic-elasticsearch,24
elastic-elasticsearch,1
elastic-elasticsearch,266
elastic-elasticsearch,19
elastic-elasticsearch,146
elastic-elasticsearch,95
elastic-elasticsearch,23
elastic-elasticsearch,8
elastic-elasticsearch,16
elastic-elasticsearch,5
elastic-elasticsearch,43
elastic-elasticsearch,9
elastic-elasticsearch,2
elastic-elasticsearch,167
elastic-elasticsearch,2624
elastic-elasticsearch,7
elastic-elasticsearch,82
elastic-elasticsearch,2
elastic-elasticsearch,15
elastic-elasticsearch,16
elastic-elasticsearch,15
elastic-elasticsearch,2
elastic-elasticsearch,3
elastic-elasticsearch,40
elastic-elasticsearch,2366
elastic-elasticsearch,42
elastic-elasticsearch,63
elastic-elasticsearch,6
elastic-elasticsearch,11
elastic-elasticsearch,79
elastic-elasticsearch,11
elastic-elasticsearch,15
elastic-elasticsearch,57
elastic-elasticsearch,2
elastic-elasticsearch,39
elastic-elasticsearch,3031
elastic-elasticsearch,50
elastic-elasticsearch,78
elastic-elasticsearch,991
elastic-elasticsearch,4
elastic-elasticsearch,113
elastic-elasticsearch,524
elastic-elasticsearch,4
elastic-elasticsearch,82
elastic-elasticsearch,2
elastic-elasticsearch,8
elastic-elasticsearch,9
elastic-elasticsearch,19
elastic-elasticsearch,422
elastic-elasticsearch,58
elastic-elasticsearch,13
elastic-elasticsearch,4
elastic-elasticsearch,294
elastic-elasticsearch,4
elastic-elasticsearch,124
elastic-elasticsearch,124
elastic-elasticsearch,64
elastic-elasticsearch,24
elastic-elasticsearch,5
elastic-elasticsearch,9
elastic-elasticsearch,43
elastic-elasticsearch,23
elastic-elasticsearch,23
elastic-elasticsearch,256
elastic-elasticsearch,6
elastic-elasticsearch,2
elastic-elasticsearch,177
elastic-elasticsearch,20
elastic-elasticsearch,753
elastic-elasticsearch,51
elastic-elasticsearch,120
elastic-elasticsearch,1096
elastic-elasticsearch,103
elastic-elasticsearch,798
elastic-elasticsearch,26
elastic-elasticsearch,2
elastic-elasticsearch,111
elastic-elasticsearch,60
elastic-elasticsearch,91
elastic-elasticsearch,2
elastic-elasticsearch,5
elastic-elasticsearch,619
elastic-elasticsearch,350
elastic-elasticsearch,140
elastic-elasticsearch,73
elastic-elasticsearch,220
elastic-elasticsearch,220
elastic-elasticsearch,10
elastic-elasticsearch,5
elastic-elasticsearch,99
elastic-elasticsearch,112
elastic-elasticsearch,4
elastic-elasticsearch,50
elastic-elasticsearch,26
elastic-elasticsearch,3
elastic-elasticsearch,8
elastic-elasticsearch,3
elastic-elasticsearch,348
elastic-elasticsearch,86
elastic-elasticsearch,2
elastic-elasticsearch,81
elastic-elasticsearch,173
elastic-elasticsearch,7
elastic-elasticsearch,7
elastic-elasticsearch,459
elastic-elasticsearch,7
elastic-elasticsearch,23
elastic-elasticsearch,64
elastic-elasticsearch,85
elastic-elasticsearch,4
elastic-elasticsearch,2
elastic-elasticsearch,158
elastic-elasticsearch,308
elastic-elasticsearch,65
elastic-elasticsearch,156
elastic-elasticsearch,147
elastic-elasticsearch,85
elastic-elasticsearch,27
elastic-elasticsearch,89
elastic-elasticsearch,116
elastic-elasticsearch,15
elastic-elasticsearch,209
elastic-elasticsearch,26
elastic-elasticsearch,118
elastic-elasticsearch,3
elastic-elasticsearch,15
elastic-elasticsearch,328
elastic-elasticsearch,25
elastic-elasticsearch,5229
elastic-elasticsearch,43
elastic-elasticsearch,77
elastic-elasticsearch,39
elastic-elasticsearch,59
elastic-elasticsearch,4
elastic-elasticsearch,64
elastic-elasticsearch,159
elastic-elasticsearch,17
elastic-elasticsearch,132
elastic-elasticsearch,51
elastic-elasticsearch,70
elastic-elasticsearch,12318
elastic-elasticsearch,106
elastic-elasticsearch,94
elastic-elasticsearch,67
elastic-elasticsearch,9
elastic-elasticsearch,418
elastic-elasticsearch,89
elastic-elasticsearch,2
elastic-elasticsearch,534
elastic-elasticsearch,10
elastic-elasticsearch,667
elastic-elasticsearch,148
elastic-elasticsearch,1039
elastic-elasticsearch,8
elastic-elasticsearch,278
elastic-elasticsearch,65
elastic-elasticsearch,2
elastic-elasticsearch,28
elastic-elasticsearch,2
elastic-elasticsearch,160
elastic-elasticsearch,2
elastic-elasticsearch,6
elastic-elasticsearch,3
elastic-elasticsearch,11
elastic-elasticsearch,217
elastic-elasticsearch,260
elastic-elasticsearch,169
elastic-elasticsearch,27
elastic-elasticsearch,38
elastic-elasticsearch,2
elastic-elasticsearch,206
elastic-elasticsearch,31
elastic-elasticsearch,223
elastic-elasticsearch,362
elastic-elasticsearch,119
elastic-elasticsearch,54
elastic-elasticsearch,30
elastic-elasticsearch,157
elastic-elasticsearch,4355
elastic-elasticsearch,4
elastic-elasticsearch,18
elastic-elasticsearch,229
elastic-elasticsearch,32
elastic-elasticsearch,188
elastic-elasticsearch,8
elastic-elasticsearch,5
elastic-elasticsearch,23
elastic-elasticsearch,36
elastic-elasticsearch,18
elastic-elasticsearch,11
elastic-elasticsearch,8
elastic-elasticsearch,2
elastic-elasticsearch,50
elastic-elasticsearch,300
elastic-elasticsearch,9
elastic-elasticsearch,74
elastic-elasticsearch,12
elastic-elasticsearch,146
elastic-elasticsearch,2
elastic-elasticsearch,158
elastic-elasticsearch,105
elastic-elasticsearch,40
elastic-elasticsearch,91
elastic-elasticsearch,465
elastic-elasticsearch,20
elastic-elasticsearch,4
elastic-elasticsearch,165
elastic-elasticsearch,5
elastic-elasticsearch,98
elastic-elasticsearch,7
elastic-elasticsearch,4
elastic-elasticsearch,29
elastic-elasticsearch,63
elastic-elasticsearch,469
elastic-elasticsearch,634
elastic-elasticsearch,14
elastic-elasticsearch,171
elastic-elasticsearch,27
elastic-elasticsearch,35
elastic-elasticsearch,16
elastic-elasticsearch,53
elastic-elasticsearch,69
elastic-elasticsearch,2
elastic-elasticsearch,8
elastic-elasticsearch,4
elastic-elasticsearch,2
elastic-elasticsearch,60
elastic-elasticsearch,903
elastic-elasticsearch,52
elastic-elasticsearch,384
elastic-elasticsearch,5
elastic-elasticsearch,20
elastic-elasticsearch,42
elastic-elasticsearch,5
elastic-elasticsearch,47
elastic-elasticsearch,2
elastic-elasticsearch,83
elastic-elasticsearch,971
elastic-elasticsearch,119
elastic-elasticsearch,10
jfeinstein10-SlidingMenu,533
jfeinstein10-SlidingMenu,20
jfeinstein10-SlidingMenu,39
jfeinstein10-SlidingMenu,39
jfeinstein10-SlidingMenu,14
jfeinstein10-SlidingMenu,99
jfeinstein10-SlidingMenu,801
jfeinstein10-SlidingMenu,4
jfeinstein10-SlidingMenu,20
square-okhttp,46
square-okhttp,41
square-okhttp,237
square-okhttp,237
square-okhttp,18
square-okhttp,10
square-okhttp,618
square-okhttp,2
square-okhttp,2
square-okhttp,154
square-okhttp,18
square-okhttp,18
square-okhttp,63
square-okhttp,63
square-okhttp,3
square-okhttp,4
square-okhttp,450
square-okhttp,2
square-okhttp,2
square-okhttp,3594
square-okhttp,3594
square-okhttp,136
square-okhttp,33
square-okhttp,61
square-okhttp,61
square-okhttp,8
square-okhttp,8
square-okhttp,19
square-okhttp,19
square-okhttp,47
square-okhttp,88
square-okhttp,88
square-okhttp,38
square-okhttp,38
square-okhttp,220
square-okhttp,98
square-okhttp,98
square-okhttp,481
square-okhttp,7
square-okhttp,7
square-okhttp,138
square-okhttp,138
square-okhttp,12
square-okhttp,12
square-okhttp,351
square-okhttp,29
square-okhttp,29
square-okhttp,15
square-okhttp,15
square-okhttp,60
square-okhttp,60
square-okhttp,60
square-okhttp,3
square-okhttp,3
square-okhttp,71
square-okhttp,71
square-okhttp,3
square-okhttp,75
square-okhttp,6
square-okhttp,6
square-okhttp,77
square-okhttp,158
square-okhttp,117
square-okhttp,26
square-okhttp,26
square-okhttp,58
square-okhttp,42
square-okhttp,42
square-okhttp,63
square-okhttp,63
square-okhttp,32
square-okhttp,32
square-okhttp,136
square-okhttp,53
square-okhttp,52
square-okhttp,6
square-okhttp,15
realm-realm-java,18
realm-realm-java,2525
realm-realm-java,5394
realm-realm-java,586
realm-realm-java,1000
realm-realm-java,12
realm-realm-java,14
realm-realm-java,186
realm-realm-java,14
realm-realm-java,7
realm-realm-java,114
realm-realm-java,149
realm-realm-java,1647
realm-realm-java,271
realm-realm-java,2660
realm-realm-java,343
realm-realm-java,220
realm-realm-java,1
realm-realm-java,36
realm-realm-java,306
realm-realm-java,30
realm-realm-java,35
realm-realm-java,73
realm-realm-java,50
realm-realm-java,98
realm-realm-java,37
realm-realm-java,378
realm-realm-java,1500
realm-realm-java,107
realm-realm-java,2
realm-realm-java,26
realm-realm-java,22
realm-realm-java,22
realm-realm-java,109
realm-realm-java,222
realm-realm-java,4
realm-realm-java,336
realm-realm-java,34
realm-realm-java,38
realm-realm-java,38
realm-realm-java,38
realm-realm-java,38
realm-realm-java,67
realm-realm-java,2
realm-realm-java,25
realm-realm-java,79
realm-realm-java,25
realm-realm-java,199
realm-realm-java,3
realm-realm-java,139
realm-realm-java,583
realm-realm-java,583
realm-realm-java,449
realm-realm-java,16
realm-realm-java,24
realm-realm-java,224
realm-realm-java,224
realm-realm-java,126
realm-realm-java,39
realm-realm-java,192
realm-realm-java,195
realm-realm-java,101
realm-realm-java,48
realm-realm-java,174
realm-realm-java,92
realm-realm-java,88
realm-realm-java,296
realm-realm-java,24
realm-realm-java,127
realm-realm-java,64
realm-realm-java,26
realm-realm-java,22
realm-realm-java,4
realm-realm-java,270
realm-realm-java,415
realm-realm-java,390
realm-realm-java,1005
realm-realm-java,88
realm-realm-java,62
realm-realm-java,46
realm-realm-java,422
realm-realm-java,400
realm-realm-java,3
realm-realm-java,45
realm-realm-java,43
realm-realm-java,7
realm-realm-java,2
realm-realm-java,29
realm-realm-java,785
realm-realm-java,42
realm-realm-java,62
realm-realm-java,3
realm-realm-java,16
realm-realm-java,18
realm-realm-java,577
realm-realm-java,2
realm-realm-java,7
realm-realm-java,7
realm-realm-java,24
realm-realm-java,331
realm-realm-java,46
realm-realm-java,12832
realm-realm-java,38
realm-realm-java,6
realm-realm-java,117
realm-realm-java,1
realm-realm-java,14
realm-realm-java,14
realm-realm-java,20
realm-realm-java,13
realm-realm-java,17
realm-realm-java,12
realm-realm-java,1
realm-realm-java,1
realm-realm-java,99
realm-realm-java,1
realm-realm-java,89
realm-realm-java,7
realm-realm-java,4
realm-realm-java,6
realm-realm-java,5
realm-realm-java,2
realm-realm-java,154
realm-realm-java,18
realm-realm-java,54
realm-realm-java,16
realm-realm-java,18
realm-realm-java,6
realm-realm-java,98
realm-realm-java,16
realm-realm-java,6
realm-realm-java,193
realm-realm-java,2
realm-realm-java,137
realm-realm-java,119
greenrobot-greenDAO,3
greenrobot-greenDAO,88
alibaba-fastjson,35
alibaba-fastjson,33
alibaba-fastjson,8
alibaba-fastjson,43
alibaba-fastjson,295
alibaba-fastjson,15
alibaba-fastjson,15
alibaba-fastjson,138
alibaba-fastjson,6
alibaba-fastjson,326
alibaba-fastjson,34
alibaba-fastjson,45
alibaba-fastjson,31
alibaba-fastjson,30
alibaba-fastjson,44
alibaba-fastjson,24
alibaba-fastjson,65
alibaba-fastjson,6
alibaba-fastjson,65
alibaba-fastjson,36
alibaba-fastjson,28
alibaba-fastjson,9
alibaba-fastjson,122
alibaba-fastjson,122
alibaba-fastjson,1242
alibaba-fastjson,27
alibaba-fastjson,19
alibaba-fastjson,19
alibaba-fastjson,156
alibaba-fastjson,39
alibaba-fastjson,31
alibaba-fastjson,34
alibaba-fastjson,13
alibaba-fastjson,9
alibaba-fastjson,96
alibaba-fastjson,72
alibaba-fastjson,25
alibaba-fastjson,115
alibaba-fastjson,43
alibaba-fastjson,25
alibaba-fastjson,38
alibaba-fastjson,54
alibaba-fastjson,91
alibaba-fastjson,7
alibaba-fastjson,7
alibaba-fastjson,2
alibaba-fastjson,5
alibaba-fastjson,2
alibaba-fastjson,4
alibaba-fastjson,9
alibaba-fastjson,73
alibaba-fastjson,52
alibaba-fastjson,69
alibaba-fastjson,34
alibaba-fastjson,32
alibaba-fastjson,84
alibaba-fastjson,102
alibaba-fastjson,24
alibaba-fastjson,31
alibaba-fastjson,110
alibaba-fastjson,335
alibaba-fastjson,51
alibaba-fastjson,157
alibaba-fastjson,254
alibaba-fastjson,52
alibaba-fastjson,27
alibaba-fastjson,41
alibaba-fastjson,12
alibaba-fastjson,20
alibaba-fastjson,2
alibaba-fastjson,94
alibaba-fastjson,49
alibaba-fastjson,68
alibaba-fastjson,22
alibaba-fastjson,24
alibaba-fastjson,7
alibaba-fastjson,6
alibaba-fastjson,8
alibaba-fastjson,6
alibaba-fastjson,6
alibaba-fastjson,84
alibaba-fastjson,40
alibaba-fastjson,6
alibaba-fastjson,6
alibaba-fastjson,34
alibaba-fastjson,30
alibaba-fastjson,28
alibaba-fastjson,2
alibaba-fastjson,137
alibaba-fastjson,54
alibaba-fastjson,2
alibaba-fastjson,6
alibaba-fastjson,85
alibaba-fastjson,127
alibaba-fastjson,112
alibaba-fastjson,21
alibaba-fastjson,22
alibaba-fastjson,2
alibaba-fastjson,2
alibaba-fastjson,161
alibaba-fastjson,39
alibaba-fastjson,2
alibaba-fastjson,82
alibaba-fastjson,4
alibaba-fastjson,64
alibaba-fastjson,37
alibaba-fastjson,43
alibaba-fastjson,2
alibaba-fastjson,21
alibaba-fastjson,56
alibaba-fastjson,7
alibaba-fastjson,8
alibaba-fastjson,29
alibaba-fastjson,3
alibaba-fastjson,241
alibaba-fastjson,230
alibaba-fastjson,96
alibaba-fastjson,166
alibaba-fastjson,266
alibaba-fastjson,182
alibaba-fastjson,211
alibaba-fastjson,219
alibaba-fastjson,16
alibaba-fastjson,331
alibaba-fastjson,297
alibaba-fastjson,506
alibaba-fastjson,9
alibaba-fastjson,9
alibaba-fastjson,259
alibaba-fastjson,126
alibaba-fastjson,2
alibaba-fastjson,93
alibaba-fastjson,68
alibaba-fastjson,95
alibaba-fastjson,2
alibaba-fastjson,267
alibaba-fastjson,30
alibaba-fastjson,30
alibaba-fastjson,31
alibaba-fastjson,6
alibaba-fastjson,22
alibaba-fastjson,28
alibaba-fastjson,62
alibaba-fastjson,82
alibaba-fastjson,31
alibaba-fastjson,139
alibaba-fastjson,3
alibaba-fastjson,19
alibaba-fastjson,3
alibaba-fastjson,78
alibaba-fastjson,55
alibaba-fastjson,90
alibaba-fastjson,11
alibaba-fastjson,77
alibaba-fastjson,53
alibaba-fastjson,17
alibaba-fastjson,75
alibaba-fastjson,106
alibaba-fastjson,37
alibaba-fastjson,10
alibaba-fastjson,4
alibaba-fastjson,127
alibaba-fastjson,80
alibaba-fastjson,3
alibaba-fastjson,9
alibaba-fastjson,51
alibaba-fastjson,86
alibaba-fastjson,21
alibaba-fastjson,32
alibaba-fastjson,37
alibaba-fastjson,86
alibaba-fastjson,108
alibaba-fastjson,22
alibaba-fastjson,30
alibaba-fastjson,52
alibaba-fastjson,37
alibaba-fastjson,355
alibaba-fastjson,103
alibaba-fastjson,44
alibaba-fastjson,69
alibaba-fastjson,69
alibaba-fastjson,20
alibaba-fastjson,2
alibaba-fastjson,25
alibaba-fastjson,57
alibaba-fastjson,5
alibaba-fastjson,4
alibaba-fastjson,154
alibaba-fastjson,132
alibaba-fastjson,40
alibaba-fastjson,40
alibaba-fastjson,285
alibaba-fastjson,285
alibaba-fastjson,8
alibaba-fastjson,65
alibaba-fastjson,8
alibaba-fastjson,63
alibaba-fastjson,8
alibaba-fastjson,6732
alibaba-fastjson,55
alibaba-fastjson,55
alibaba-fastjson,55
alibaba-fastjson,8
alibaba-fastjson,10
alibaba-fastjson,9
alibaba-fastjson,10
alibaba-fastjson,8
alibaba-fastjson,188
alibaba-fastjson,223
alibaba-fastjson,57
alibaba-fastjson,2
alibaba-fastjson,232
alibaba-fastjson,180
alibaba-fastjson,42
alibaba-fastjson,60
alibaba-fastjson,4
alibaba-fastjson,17
alibaba-fastjson,4
alibaba-fastjson,37
alibaba-fastjson,2
alibaba-fastjson,42
alibaba-fastjson,285
alibaba-fastjson,26
alibaba-fastjson,288
alibaba-fastjson,5
alibaba-fastjson,32
alibaba-fastjson,19
alibaba-fastjson,47
alibaba-fastjson,92
alibaba-fastjson,50
alibaba-fastjson,21
alibaba-fastjson,93
alibaba-fastjson,52
alibaba-fastjson,82
alibaba-fastjson,343
alibaba-fastjson,153
alibaba-fastjson,145
alibaba-fastjson,20
alibaba-fastjson,29
alibaba-fastjson,135
alibaba-fastjson,249
alibaba-fastjson,97
alibaba-fastjson,108
alibaba-fastjson,151
alibaba-fastjson,4
alibaba-fastjson,46
alibaba-fastjson,215
alibaba-fastjson,86
alibaba-fastjson,115
alibaba-fastjson,4
alibaba-fastjson,86
alibaba-fastjson,24
alibaba-fastjson,98
alibaba-fastjson,44
alibaba-fastjson,2
alibaba-fastjson,5
alibaba-fastjson,4
alibaba-fastjson,1167
alibaba-fastjson,80
alibaba-fastjson,20
alibaba-fastjson,5
alibaba-fastjson,23
alibaba-fastjson,295
alibaba-fastjson,46
alibaba-fastjson,66
alibaba-fastjson,79
alibaba-fastjson,116
alibaba-fastjson,504
alibaba-fastjson,795
alibaba-fastjson,603
alibaba-fastjson,2234
alibaba-fastjson,2177
alibaba-fastjson,19
alibaba-fastjson,5
alibaba-fastjson,149
alibaba-fastjson,1033
alibaba-fastjson,612
alibaba-fastjson,58
alibaba-fastjson,109
alibaba-fastjson,15
alibaba-fastjson,167
alibaba-fastjson,976
alibaba-fastjson,570
alibaba-fastjson,4
alibaba-fastjson,205
alibaba-fastjson,3
alibaba-fastjson,34
alibaba-fastjson,85
alibaba-fastjson,123
alibaba-fastjson,7991
alibaba-fastjson,5
alibaba-fastjson,28
alibaba-fastjson,21
alibaba-fastjson,4
alibaba-fastjson,201
alibaba-fastjson,2
alibaba-fastjson,18
alibaba-fastjson,15
alibaba-fastjson,82
alibaba-fastjson,184
alibaba-fastjson,94
alibaba-fastjson,710
alibaba-fastjson,12
alibaba-fastjson,67
alibaba-fastjson,18
alibaba-fastjson,10
alibaba-fastjson,59
alibaba-fastjson,237
alibaba-fastjson,4
alibaba-fastjson,51
alibaba-fastjson,157
alibaba-fastjson,14
alibaba-fastjson,44
alibaba-fastjson,13
alibaba-fastjson,22
alibaba-fastjson,362
alibaba-fastjson,111
alibaba-fastjson,67
alibaba-fastjson,21
alibaba-fastjson,197
alibaba-fastjson,96
alibaba-fastjson,28
alibaba-fastjson,235
alibaba-fastjson,374
alibaba-fastjson,115
alibaba-fastjson,231
alibaba-fastjson,130
alibaba-fastjson,130
alibaba-fastjson,44
alibaba-fastjson,856
alibaba-fastjson,1028
alibaba-fastjson,452
alibaba-fastjson,260
alibaba-fastjson,85
alibaba-fastjson,33
alibaba-fastjson,89
alibaba-fastjson,239
alibaba-fastjson,229
alibaba-fastjson,42
alibaba-fastjson,17
alibaba-fastjson,4
alibaba-fastjson,432
alibaba-fastjson,67
alibaba-fastjson,161
alibaba-fastjson,189
alibaba-fastjson,2
alibaba-fastjson,72
alibaba-fastjson,200
alibaba-fastjson,391
alibaba-fastjson,37
alibaba-fastjson,203
alibaba-fastjson,78
alibaba-fastjson,331
alibaba-fastjson,44
alibaba-fastjson,25
alibaba-fastjson,163
alibaba-fastjson,484
alibaba-fastjson,3
alibaba-fastjson,476
alibaba-fastjson,546
alibaba-fastjson,10
alibaba-fastjson,168
alibaba-fastjson,52
alibaba-fastjson,7
alibaba-fastjson,11
alibaba-fastjson,14
alibaba-fastjson,10
alibaba-fastjson,47
alibaba-fastjson,38
alibaba-fastjson,160
PhilJay-MPAndroidChart,12
PhilJay-MPAndroidChart,24
PhilJay-MPAndroidChart,2
PhilJay-MPAndroidChart,46
PhilJay-MPAndroidChart,4
PhilJay-MPAndroidChart,3259
PhilJay-MPAndroidChart,18
PhilJay-MPAndroidChart,16
PhilJay-MPAndroidChart,115
PhilJay-MPAndroidChart,7
PhilJay-MPAndroidChart,2
PhilJay-MPAndroidChart,157
PhilJay-MPAndroidChart,157
PhilJay-MPAndroidChart,15
PhilJay-MPAndroidChart,18
PhilJay-MPAndroidChart,10
PhilJay-MPAndroidChart,2
PhilJay-MPAndroidChart,806
PhilJay-MPAndroidChart,55
PhilJay-MPAndroidChart,29
PhilJay-MPAndroidChart,29
PhilJay-MPAndroidChart,16
PhilJay-MPAndroidChart,39
PhilJay-MPAndroidChart,61
PhilJay-MPAndroidChart,87
PhilJay-MPAndroidChart,1969
PhilJay-MPAndroidChart,67
PhilJay-MPAndroidChart,126
PhilJay-MPAndroidChart,50
PhilJay-MPAndroidChart,2
PhilJay-MPAndroidChart,48
PhilJay-MPAndroidChart,4
PhilJay-MPAndroidChart,18
PhilJay-MPAndroidChart,18
PhilJay-MPAndroidChart,17
PhilJay-MPAndroidChart,49
PhilJay-MPAndroidChart,199
PhilJay-MPAndroidChart,3
PhilJay-MPAndroidChart,3
PhilJay-MPAndroidChart,6
PhilJay-MPAndroidChart,10
PhilJay-MPAndroidChart,2
PhilJay-MPAndroidChart,4
PhilJay-MPAndroidChart,15
PhilJay-MPAndroidChart,2
PhilJay-MPAndroidChart,268
PhilJay-MPAndroidChart,237
PhilJay-MPAndroidChart,16
PhilJay-MPAndroidChart,24
PhilJay-MPAndroidChart,22
PhilJay-MPAndroidChart,4
PhilJay-MPAndroidChart,132
PhilJay-MPAndroidChart,110
PhilJay-MPAndroidChart,19
PhilJay-MPAndroidChart,156
PhilJay-MPAndroidChart,259
PhilJay-MPAndroidChart,7
PhilJay-MPAndroidChart,9
PhilJay-MPAndroidChart,30
PhilJay-MPAndroidChart,157
PhilJay-MPAndroidChart,140
PhilJay-MPAndroidChart,30
PhilJay-MPAndroidChart,158
PhilJay-MPAndroidChart,40
PhilJay-MPAndroidChart,660
PhilJay-MPAndroidChart,127
PhilJay-MPAndroidChart,122
PhilJay-MPAndroidChart,159
PhilJay-MPAndroidChart,41
PhilJay-MPAndroidChart,478
PhilJay-MPAndroidChart,82
PhilJay-MPAndroidChart,127
PhilJay-MPAndroidChart,88
PhilJay-MPAndroidChart,135
PhilJay-MPAndroidChart,177
PhilJay-MPAndroidChart,308
PhilJay-MPAndroidChart,520
PhilJay-MPAndroidChart,196
PhilJay-MPAndroidChart,3
PhilJay-MPAndroidChart,577
PhilJay-MPAndroidChart,172
PhilJay-MPAndroidChart,115
PhilJay-MPAndroidChart,142
PhilJay-MPAndroidChart,52
PhilJay-MPAndroidChart,58
PhilJay-MPAndroidChart,46
PhilJay-MPAndroidChart,74
PhilJay-MPAndroidChart,30
PhilJay-MPAndroidChart,114
PhilJay-MPAndroidChart,180
PhilJay-MPAndroidChart,195
PhilJay-MPAndroidChart,383
PhilJay-MPAndroidChart,223
PhilJay-MPAndroidChart,1104
PhilJay-MPAndroidChart,194
PhilJay-MPAndroidChart,1613
PhilJay-MPAndroidChart,67
PhilJay-MPAndroidChart,308
PhilJay-MPAndroidChart,1796
PhilJay-MPAndroidChart,58
PhilJay-MPAndroidChart,2
PhilJay-MPAndroidChart,818
PhilJay-MPAndroidChart,48
PhilJay-MPAndroidChart,263
PhilJay-MPAndroidChart,1930
PhilJay-MPAndroidChart,139
PhilJay-MPAndroidChart,471
PhilJay-MPAndroidChart,29
PhilJay-MPAndroidChart,31
PhilJay-MPAndroidChart,32
PhilJay-MPAndroidChart,760
google-guava,4
google-guava,15
google-guava,229
google-guava,6
google-guava,297
google-guava,129
google-guava,95
google-guava,114
google-guava,5
google-guava,5
google-guava,528
google-guava,493
google-guava,20
google-guava,21
google-guava,19
google-guava,91
google-guava,1595
google-guava,88
google-guava,92
google-guava,202
google-guava,13
google-guava,2
google-guava,4
google-guava,27
google-guava,154
google-guava,6
google-guava,25
google-guava,9
google-guava,4
google-guava,109
google-guava,194
google-guava,72
google-guava,9
google-guava,89
google-guava,62
google-guava,22
google-guava,9
google-guava,109
google-guava,1257
google-guava,203
google-guava,12
google-guava,7
google-guava,871
google-guava,16
google-guava,68
google-guava,1
google-guava,48
google-guava,26
google-guava,26
google-guava,13
google-guava,6
google-guava,1
google-guava,63
google-guava,4
google-guava,600
google-guava,167
google-guava,3
google-guava,4
google-guava,54
google-guava,410
google-guava,224
google-guava,8
google-guava,95
google-guava,79
google-guava,99
google-guava,22
google-guava,728
google-guava,189
google-guava,2
google-guava,3
google-guava,64
google-guava,391
google-guava,28
google-guava,553
google-guava,78
google-guava,92
google-guava,567
google-guava,686
google-guava,1355
google-guava,360
google-guava,231
google-guava,13
google-guava,13
google-guava,2
google-guava,130
google-guava,229
google-guava,194
google-guava,42
google-guava,110
google-guava,36
google-guava,10
google-guava,10
google-guava,2
google-guava,71
google-guava,7
google-guava,4
google-guava,2
google-guava,58
google-guava,1494
google-guava,180
google-guava,129
google-guava,159
google-guava,2
google-guava,419
google-guava,5480
googlesamples-android-UniversalMusicPlayer,5
googlesamples-android-UniversalMusicPlayer,35
googlesamples-android-UniversalMusicPlayer,35
googlesamples-android-UniversalMusicPlayer,1356
googlesamples-android-UniversalMusicPlayer,28
googlesamples-android-UniversalMusicPlayer,25
googlesamples-android-UniversalMusicPlayer,213
googlesamples-android-UniversalMusicPlayer,212
googlesamples-android-UniversalMusicPlayer,39
googlesamples-android-UniversalMusicPlayer,144
googlesamples-android-UniversalMusicPlayer,294
googlesamples-android-UniversalMusicPlayer,10
googlesamples-android-UniversalMusicPlayer,274
googlesamples-android-UniversalMusicPlayer,196
googlesamples-android-UniversalMusicPlayer,56
googlesamples-android-UniversalMusicPlayer,89
googlesamples-android-UniversalMusicPlayer,63
Netflix-Hystrix,389
Netflix-Hystrix,3233
Netflix-Hystrix,47
Netflix-Hystrix,6
Netflix-Hystrix,88
Netflix-Hystrix,475
Netflix-Hystrix,17
Netflix-Hystrix,24
Netflix-Hystrix,133
Netflix-Hystrix,212
Netflix-Hystrix,129
Netflix-Hystrix,85
Netflix-Hystrix,40
Netflix-Hystrix,67
Netflix-Hystrix,35
Netflix-Hystrix,67
Netflix-Hystrix,180
Netflix-Hystrix,180
Netflix-Hystrix,55
Netflix-Hystrix,55
Netflix-Hystrix,5
Netflix-Hystrix,5
Netflix-Hystrix,9
Netflix-Hystrix,88
Netflix-Hystrix,865
Netflix-Hystrix,7
JakeWharton-ActionBarSherlock,6
JakeWharton-ActionBarSherlock,242
JakeWharton-ActionBarSherlock,84
ReactiveX-RxJava,54
ReactiveX-RxJava,3985
ReactiveX-RxJava,3833
ReactiveX-RxJava,3641
ReactiveX-RxJava,75
ReactiveX-RxJava,2599
ReactiveX-RxJava,16031
ReactiveX-RxJava,16031
ReactiveX-RxJava,3766
ReactiveX-RxJava,3747
ReactiveX-RxJava,1185
ReactiveX-RxJava,1185
ReactiveX-RxJava,1299
ReactiveX-RxJava,1299
ReactiveX-RxJava,939
ReactiveX-RxJava,939
ReactiveX-RxJava,798
ReactiveX-RxJava,798
ReactiveX-RxJava,1465
ReactiveX-RxJava,837
ReactiveX-RxJava,1100
ReactiveX-RxJava,1100
ReactiveX-RxJava,477
ReactiveX-RxJava,477
ReactiveX-RxJava,832
ReactiveX-RxJava,814
ReactiveX-RxJava,3164
ReactiveX-RxJava,912
ReactiveX-RxJava,912
ReactiveX-RxJava,716
ReactiveX-RxJava,1211
ReactiveX-RxJava,1183
ReactiveX-RxJava,44
ReactiveX-RxJava,154
ReactiveX-RxJava,57
ReactiveX-RxJava,172
ReactiveX-RxJava,8
ReactiveX-RxJava,8
ReactiveX-RxJava,161
ReactiveX-RxJava,89
ReactiveX-RxJava,14
ReactiveX-RxJava,45
ReactiveX-RxJava,45
ReactiveX-RxJava,641
ReactiveX-RxJava,20
ReactiveX-RxJava,20
ReactiveX-RxJava,34
ReactiveX-RxJava,34
ReactiveX-RxJava,19
ReactiveX-RxJava,18
ReactiveX-RxJava,93
ReactiveX-RxJava,93
ReactiveX-RxJava,50
ReactiveX-RxJava,77
ReactiveX-RxJava,79
ReactiveX-RxJava,79
ReactiveX-RxJava,4
ReactiveX-RxJava,39
ReactiveX-RxJava,39
ReactiveX-RxJava,39
ReactiveX-RxJava,15
ReactiveX-RxJava,2
ReactiveX-RxJava,15
ReactiveX-RxJava,33
ReactiveX-RxJava,33
ReactiveX-RxJava,46
ReactiveX-RxJava,5
ReactiveX-RxJava,5
ReactiveX-RxJava,88
ReactiveX-RxJava,2
ReactiveX-RxJava,110
ReactiveX-RxJava,112
ReactiveX-RxJava,89
ReactiveX-RxJava,2
ReactiveX-RxJava,8
ReactiveX-RxJava,923
ReactiveX-RxJava,664
ReactiveX-RxJava,467
ReactiveX-RxJava,58
ReactiveX-RxJava,78
ReactiveX-RxJava,10
ReactiveX-RxJava,98
ReactiveX-RxJava,677
ReactiveX-RxJava,640
ReactiveX-RxJava,542
ReactiveX-RxJava,271
ReactiveX-RxJava,271
ReactiveX-RxJava,26
ReactiveX-RxJava,26
ReactiveX-RxJava,98
ReactiveX-RxJava,56
ReactiveX-RxJava,35
ReactiveX-RxJava,35
ReactiveX-RxJava,117
ReactiveX-RxJava,117
ReactiveX-RxJava,184
ReactiveX-RxJava,80
ReactiveX-RxJava,464
ReactiveX-RxJava,99
ReactiveX-RxJava,99
ReactiveX-RxJava,69
ReactiveX-RxJava,69
ReactiveX-RxJava,82
ReactiveX-RxJava,82
ReactiveX-RxJava,2
ReactiveX-RxJava,2
ReactiveX-RxJava,1
ReactiveX-RxJava,17
ReactiveX-RxJava,17
navasmdc-MaterialDesignLibrary,89
navasmdc-MaterialDesignLibrary,13
navasmdc-MaterialDesignLibrary,13
navasmdc-MaterialDesignLibrary,76
navasmdc-MaterialDesignLibrary,76
navasmdc-MaterialDesignLibrary,156
navasmdc-MaterialDesignLibrary,156
navasmdc-MaterialDesignLibrary,51
navasmdc-MaterialDesignLibrary,51
navasmdc-MaterialDesignLibrary,2607
navasmdc-MaterialDesignLibrary,2607
navasmdc-MaterialDesignLibrary,237
navasmdc-MaterialDesignLibrary,29
navasmdc-MaterialDesignLibrary,27
navasmdc-MaterialDesignLibrary,3244
navasmdc-MaterialDesignLibrary,1191
navasmdc-MaterialDesignLibrary,952
navasmdc-MaterialDesignLibrary,1209
navasmdc-MaterialDesignLibrary,752
navasmdc-MaterialDesignLibrary,256
navasmdc-MaterialDesignLibrary,12
navasmdc-MaterialDesignLibrary,1765
navasmdc-MaterialDesignLibrary,367
iluwatar-java-design-patterns,214
iluwatar-java-design-patterns,2
iluwatar-java-design-patterns,214
iluwatar-java-design-patterns,4
iluwatar-java-design-patterns,218
square-leakcanary,562
JakeWharton-butterknife,717
