projectname,ploc
airbnb-javascript,4
airbnb-javascript,1
airbnb-javascript,2
gulpjs-gulp,90
gulpjs-gulp,2
gulpjs-gulp,2
gulpjs-gulp,4
impress-impress.js,2
impress-impress.js,8
zurb-foundation-sites,2
zurb-foundation-sites,5
zurb-foundation-sites,5
zurb-foundation-sites,2
zurb-foundation-sites,2
zurb-foundation-sites,10
zurb-foundation-sites,10
zurb-foundation-sites,12
zurb-foundation-sites,7
zurb-foundation-sites,19
zurb-foundation-sites,19
zurb-foundation-sites,2
zurb-foundation-sites,2
zurb-foundation-sites,3
zurb-foundation-sites,3
zurb-foundation-sites,11
zurb-foundation-sites,2
zurb-foundation-sites,2
zurb-foundation-sites,5
zurb-foundation-sites,14
zurb-foundation-sites,136
zurb-foundation-sites,32
zurb-foundation-sites,26
zurb-foundation-sites,4
zurb-foundation-sites,11
zurb-foundation-sites,2
zurb-foundation-sites,34
zurb-foundation-sites,5
zurb-foundation-sites,9
zurb-foundation-sites,48
zurb-foundation-sites,10
zurb-foundation-sites,5
zurb-foundation-sites,34
zurb-foundation-sites,4
zurb-foundation-sites,11
zurb-foundation-sites,9
zurb-foundation-sites,4
zurb-foundation-sites,8
zurb-foundation-sites,8
zurb-foundation-sites,9
zurb-foundation-sites,3
zurb-foundation-sites,4
zurb-foundation-sites,4
zurb-foundation-sites,2
zurb-foundation-sites,10
zurb-foundation-sites,2
zurb-foundation-sites,2
zurb-foundation-sites,4
zurb-foundation-sites,4
zurb-foundation-sites,51
zurb-foundation-sites,2
zurb-foundation-sites,2
zurb-foundation-sites,4
zurb-foundation-sites,2
zurb-foundation-sites,318
zurb-foundation-sites,7
zurb-foundation-sites,2
zurb-foundation-sites,2
zurb-foundation-sites,193
zurb-foundation-sites,322
zurb-foundation-sites,4
zurb-foundation-sites,4
zurb-foundation-sites,3
zurb-foundation-sites,24
zurb-foundation-sites,62
zurb-foundation-sites,4
zurb-foundation-sites,1
zurb-foundation-sites,25
zurb-foundation-sites,4
zurb-foundation-sites,2
zurb-foundation-sites,2
zurb-foundation-sites,21
zurb-foundation-sites,21
zurb-foundation-sites,11
zurb-foundation-sites,2
zurb-foundation-sites,384
zurb-foundation-sites,2
zurb-foundation-sites,2
zurb-foundation-sites,2
zurb-foundation-sites,5
zurb-foundation-sites,5
zurb-foundation-sites,1
zurb-foundation-sites,12
zurb-foundation-sites,10
zurb-foundation-sites,171
zurb-foundation-sites,4
zurb-foundation-sites,30
zurb-foundation-sites,2
zurb-foundation-sites,2
zurb-foundation-sites,2
zurb-foundation-sites,2
zurb-foundation-sites,2
zurb-foundation-sites,23
zurb-foundation-sites,2
zurb-foundation-sites,4
zurb-foundation-sites,4
zurb-foundation-sites,4
zurb-foundation-sites,70
zurb-foundation-sites,2
zurb-foundation-sites,5
zurb-foundation-sites,2
zurb-foundation-sites,19
zurb-foundation-sites,19
zurb-foundation-sites,25
zurb-foundation-sites,25
zurb-foundation-sites,2
zurb-foundation-sites,22
zurb-foundation-sites,6
zurb-foundation-sites,2
zurb-foundation-sites,6
zurb-foundation-sites,54
zurb-foundation-sites,2
zurb-foundation-sites,3
caolan-async,61
caolan-async,1
caolan-async,35
caolan-async,4
caolan-async,4
caolan-async,5
caolan-async,38
caolan-async,38
caolan-async,2
caolan-async,72
caolan-async,1
caolan-async,2
caolan-async,56
select2-select2,2
select2-select2,2
select2-select2,5
select2-select2,4
select2-select2,5
select2-select2,90
select2-select2,230
select2-select2,163
select2-select2,2
select2-select2,2
select2-select2,44
select2-select2,39
select2-select2,55
select2-select2,2
select2-select2,40
select2-select2,33
select2-select2,4
select2-select2,4
select2-select2,4
select2-select2,13
select2-select2,4
select2-select2,10
select2-select2,2
select2-select2,2
select2-select2,9
select2-select2,9
select2-select2,8
select2-select2,10
select2-select2,16
select2-select2,1
select2-select2,11
select2-select2,47
select2-select2,4
select2-select2,13
select2-select2,16
select2-select2,16
select2-select2,2
select2-select2,2
select2-select2,2
select2-select2,2
select2-select2,2
select2-select2,13
select2-select2,2
select2-select2,3
select2-select2,6
select2-select2,7
select2-select2,2
jashkenas-backbone,19
jashkenas-backbone,6
jashkenas-backbone,2
jashkenas-backbone,2
jashkenas-backbone,5
jashkenas-backbone,21
jashkenas-backbone,9
jashkenas-backbone,9
jashkenas-backbone,2
jashkenas-backbone,2
jashkenas-backbone,2
jashkenas-backbone,27
jashkenas-backbone,3
jashkenas-backbone,48
typicode-json-server,9
typicode-json-server,2
freeCodeCamp-freeCodeCamp,16
freeCodeCamp-freeCodeCamp,714
freeCodeCamp-freeCodeCamp,18
freeCodeCamp-freeCodeCamp,18
freeCodeCamp-freeCodeCamp,5
freeCodeCamp-freeCodeCamp,5
freeCodeCamp-freeCodeCamp,5
freeCodeCamp-freeCodeCamp,4
freeCodeCamp-freeCodeCamp,2
freeCodeCamp-freeCodeCamp,4
freeCodeCamp-freeCodeCamp,2
freeCodeCamp-freeCodeCamp,2
freeCodeCamp-freeCodeCamp,2
freeCodeCamp-freeCodeCamp,9
freeCodeCamp-freeCodeCamp,9
freeCodeCamp-freeCodeCamp,30
freeCodeCamp-freeCodeCamp,12
freeCodeCamp-freeCodeCamp,2
freeCodeCamp-freeCodeCamp,7
freeCodeCamp-freeCodeCamp,2
freeCodeCamp-freeCodeCamp,22
freeCodeCamp-freeCodeCamp,27
freeCodeCamp-freeCodeCamp,27
freeCodeCamp-freeCodeCamp,3
freeCodeCamp-freeCodeCamp,3
freeCodeCamp-freeCodeCamp,1
freeCodeCamp-freeCodeCamp,2
freeCodeCamp-freeCodeCamp,10
freeCodeCamp-freeCodeCamp,8
freeCodeCamp-freeCodeCamp,54
freeCodeCamp-freeCodeCamp,2
freeCodeCamp-freeCodeCamp,14
freeCodeCamp-freeCodeCamp,14
freeCodeCamp-freeCodeCamp,124
freeCodeCamp-freeCodeCamp,142
freeCodeCamp-freeCodeCamp,2
freeCodeCamp-freeCodeCamp,2
freeCodeCamp-freeCodeCamp,6
freeCodeCamp-freeCodeCamp,18
freeCodeCamp-freeCodeCamp,2
freeCodeCamp-freeCodeCamp,16
freeCodeCamp-freeCodeCamp,143
freeCodeCamp-freeCodeCamp,23
freeCodeCamp-freeCodeCamp,24
freeCodeCamp-freeCodeCamp,8
freeCodeCamp-freeCodeCamp,16
freeCodeCamp-freeCodeCamp,9
freeCodeCamp-freeCodeCamp,19
freeCodeCamp-freeCodeCamp,8
freeCodeCamp-freeCodeCamp,9
freeCodeCamp-freeCodeCamp,41
freeCodeCamp-freeCodeCamp,2
freeCodeCamp-freeCodeCamp,2
freeCodeCamp-freeCodeCamp,5
freeCodeCamp-freeCodeCamp,14
freeCodeCamp-freeCodeCamp,20
freeCodeCamp-freeCodeCamp,9
freeCodeCamp-freeCodeCamp,3
freeCodeCamp-freeCodeCamp,34
freeCodeCamp-freeCodeCamp,44
freeCodeCamp-freeCodeCamp,3
freeCodeCamp-freeCodeCamp,34
freeCodeCamp-freeCodeCamp,44
freeCodeCamp-freeCodeCamp,10
freeCodeCamp-freeCodeCamp,10
freeCodeCamp-freeCodeCamp,18
freeCodeCamp-freeCodeCamp,2
freeCodeCamp-freeCodeCamp,6
freeCodeCamp-freeCodeCamp,10
freeCodeCamp-freeCodeCamp,6
freeCodeCamp-freeCodeCamp,1
freeCodeCamp-freeCodeCamp,2
freeCodeCamp-freeCodeCamp,14
freeCodeCamp-freeCodeCamp,2
freeCodeCamp-freeCodeCamp,2
freeCodeCamp-freeCodeCamp,2
freeCodeCamp-freeCodeCamp,5
freeCodeCamp-freeCodeCamp,1
freeCodeCamp-freeCodeCamp,5
freeCodeCamp-freeCodeCamp,8
freeCodeCamp-freeCodeCamp,8
freeCodeCamp-freeCodeCamp,86
freeCodeCamp-freeCodeCamp,2
freeCodeCamp-freeCodeCamp,64
freeCodeCamp-freeCodeCamp,2
freeCodeCamp-freeCodeCamp,9
freeCodeCamp-freeCodeCamp,9
freeCodeCamp-freeCodeCamp,2
freeCodeCamp-freeCodeCamp,2
freeCodeCamp-freeCodeCamp,75
freeCodeCamp-freeCodeCamp,119
freeCodeCamp-freeCodeCamp,2
freeCodeCamp-freeCodeCamp,2
freeCodeCamp-freeCodeCamp,2
freeCodeCamp-freeCodeCamp,4
freeCodeCamp-freeCodeCamp,4
freeCodeCamp-freeCodeCamp,2
freeCodeCamp-freeCodeCamp,6
freeCodeCamp-freeCodeCamp,99
freeCodeCamp-freeCodeCamp,68
freeCodeCamp-freeCodeCamp,62
freeCodeCamp-freeCodeCamp,62
freeCodeCamp-freeCodeCamp,33
freeCodeCamp-freeCodeCamp,5
freeCodeCamp-freeCodeCamp,30
freeCodeCamp-freeCodeCamp,12
freeCodeCamp-freeCodeCamp,2
freeCodeCamp-freeCodeCamp,62
freeCodeCamp-freeCodeCamp,2
freeCodeCamp-freeCodeCamp,2
freeCodeCamp-freeCodeCamp,2
freeCodeCamp-freeCodeCamp,2
freeCodeCamp-freeCodeCamp,2
freeCodeCamp-freeCodeCamp,11
freeCodeCamp-freeCodeCamp,8
freeCodeCamp-freeCodeCamp,2
freeCodeCamp-freeCodeCamp,2
freeCodeCamp-freeCodeCamp,16
freeCodeCamp-freeCodeCamp,6
freeCodeCamp-freeCodeCamp,2
freeCodeCamp-freeCodeCamp,2
freeCodeCamp-freeCodeCamp,2
freeCodeCamp-freeCodeCamp,2
freeCodeCamp-freeCodeCamp,1
freeCodeCamp-freeCodeCamp,66
freeCodeCamp-freeCodeCamp,155
freeCodeCamp-freeCodeCamp,14
freeCodeCamp-freeCodeCamp,1
freeCodeCamp-freeCodeCamp,2
freeCodeCamp-freeCodeCamp,1
freeCodeCamp-freeCodeCamp,10
freeCodeCamp-freeCodeCamp,42
freeCodeCamp-freeCodeCamp,783
freeCodeCamp-freeCodeCamp,39
freeCodeCamp-freeCodeCamp,2
freeCodeCamp-freeCodeCamp,2
freeCodeCamp-freeCodeCamp,2
freeCodeCamp-freeCodeCamp,2
freeCodeCamp-freeCodeCamp,1
freeCodeCamp-freeCodeCamp,44
freeCodeCamp-freeCodeCamp,78
freeCodeCamp-freeCodeCamp,29
freeCodeCamp-freeCodeCamp,2
freeCodeCamp-freeCodeCamp,2
freeCodeCamp-freeCodeCamp,21
freeCodeCamp-freeCodeCamp,11
freeCodeCamp-freeCodeCamp,3
freeCodeCamp-freeCodeCamp,3
freeCodeCamp-freeCodeCamp,17
freeCodeCamp-freeCodeCamp,12
freeCodeCamp-freeCodeCamp,99
freeCodeCamp-freeCodeCamp,2
freeCodeCamp-freeCodeCamp,2
freeCodeCamp-freeCodeCamp,4
freeCodeCamp-freeCodeCamp,4
freeCodeCamp-freeCodeCamp,2
freeCodeCamp-freeCodeCamp,4
freeCodeCamp-freeCodeCamp,34
freeCodeCamp-freeCodeCamp,6
freeCodeCamp-freeCodeCamp,8
freeCodeCamp-freeCodeCamp,2
freeCodeCamp-freeCodeCamp,14
freeCodeCamp-freeCodeCamp,13
freeCodeCamp-freeCodeCamp,260
twbs-bootstrap,33
twbs-bootstrap,34
twbs-bootstrap,25
twbs-bootstrap,25
twbs-bootstrap,7
twbs-bootstrap,2
twbs-bootstrap,5
twbs-bootstrap,14
twbs-bootstrap,5
twbs-bootstrap,3
twbs-bootstrap,4
twbs-bootstrap,2
twbs-bootstrap,31
twbs-bootstrap,2855
twbs-bootstrap,4647
twbs-bootstrap,4
twbs-bootstrap,2330
twbs-bootstrap,3656
twbs-bootstrap,1
twbs-bootstrap,63
twbs-bootstrap,63
twbs-bootstrap,11
twbs-bootstrap,14
twbs-bootstrap,158
twbs-bootstrap,4
twbs-bootstrap,4
twbs-bootstrap,2
twbs-bootstrap,6
twbs-bootstrap,4
twbs-bootstrap,4
twbs-bootstrap,5
h5bp-html5-boilerplate,7
h5bp-html5-boilerplate,7
h5bp-html5-boilerplate,2
h5bp-html5-boilerplate,294
h5bp-html5-boilerplate,14
Modernizr-Modernizr,9
Modernizr-Modernizr,11
Modernizr-Modernizr,9
Modernizr-Modernizr,10
Modernizr-Modernizr,4
Modernizr-Modernizr,38
Modernizr-Modernizr,7
Modernizr-Modernizr,3
Modernizr-Modernizr,3
Modernizr-Modernizr,40
Modernizr-Modernizr,7
Modernizr-Modernizr,7
Modernizr-Modernizr,21
Modernizr-Modernizr,21
Modernizr-Modernizr,306
Modernizr-Modernizr,2
Modernizr-Modernizr,6
Modernizr-Modernizr,326
Modernizr-Modernizr,6249
Modernizr-Modernizr,2
Modernizr-Modernizr,2
Modernizr-Modernizr,2865
Modernizr-Modernizr,6
Modernizr-Modernizr,6
Modernizr-Modernizr,2
Modernizr-Modernizr,8
Modernizr-Modernizr,5
Modernizr-Modernizr,56
Modernizr-Modernizr,3
Modernizr-Modernizr,4
Modernizr-Modernizr,8
Modernizr-Modernizr,33
Modernizr-Modernizr,2
Modernizr-Modernizr,7
Modernizr-Modernizr,3
Modernizr-Modernizr,51
Modernizr-Modernizr,41
Modernizr-Modernizr,2
blueimp-jQuery-File-Upload,5
blueimp-jQuery-File-Upload,6
blueimp-jQuery-File-Upload,6
blueimp-jQuery-File-Upload,29
blueimp-jQuery-File-Upload,29
blueimp-jQuery-File-Upload,6
blueimp-jQuery-File-Upload,6
blueimp-jQuery-File-Upload,6
blueimp-jQuery-File-Upload,9
blueimp-jQuery-File-Upload,6
blueimp-jQuery-File-Upload,14
blueimp-jQuery-File-Upload,4
blueimp-jQuery-File-Upload,9
blueimp-jQuery-File-Upload,34
blueimp-jQuery-File-Upload,44
blueimp-jQuery-File-Upload,2
blueimp-jQuery-File-Upload,35
blueimp-jQuery-File-Upload,25
blueimp-jQuery-File-Upload,20
blueimp-jQuery-File-Upload,36
blueimp-jQuery-File-Upload,4
blueimp-jQuery-File-Upload,4
hakimel-reveal.js,17
hakimel-reveal.js,13
hakimel-reveal.js,4
hakimel-reveal.js,6
hakimel-reveal.js,4
hakimel-reveal.js,15
hakimel-reveal.js,41
hakimel-reveal.js,19
hakimel-reveal.js,6
hakimel-reveal.js,16
hakimel-reveal.js,2
hakimel-reveal.js,2
hakimel-reveal.js,7
hakimel-reveal.js,8
hakimel-reveal.js,6
hakimel-reveal.js,9
hakimel-reveal.js,8
hakimel-reveal.js,45
expressjs-express,6
expressjs-express,7
expressjs-express,56
expressjs-express,2
expressjs-express,13
expressjs-express,2
expressjs-express,3
expressjs-express,16
expressjs-express,6
expressjs-express,11
expressjs-express,30
expressjs-express,3
expressjs-express,23
expressjs-express,6
expressjs-express,8
expressjs-express,4
expressjs-express,12
expressjs-express,17
expressjs-express,15
expressjs-express,2
expressjs-express,2
expressjs-express,48
expressjs-express,11
chartjs-Chart.js,13
chartjs-Chart.js,2
chartjs-Chart.js,2
chartjs-Chart.js,5
chartjs-Chart.js,8
chartjs-Chart.js,8
chartjs-Chart.js,8
chartjs-Chart.js,33197
chartjs-Chart.js,33281
chartjs-Chart.js,459
chartjs-Chart.js,17
chartjs-Chart.js,25
chartjs-Chart.js,2
chartjs-Chart.js,2
chartjs-Chart.js,29
chartjs-Chart.js,29
chartjs-Chart.js,3
chartjs-Chart.js,310
chartjs-Chart.js,6
chartjs-Chart.js,6
chartjs-Chart.js,2
chartjs-Chart.js,2
chartjs-Chart.js,2
chartjs-Chart.js,2
chartjs-Chart.js,2
chartjs-Chart.js,2
chartjs-Chart.js,8
chartjs-Chart.js,6
chartjs-Chart.js,6
chartjs-Chart.js,29
chartjs-Chart.js,19
chartjs-Chart.js,48
chartjs-Chart.js,484
chartjs-Chart.js,520
chartjs-Chart.js,8
chartjs-Chart.js,2
chartjs-Chart.js,10
chartjs-Chart.js,4
chartjs-Chart.js,4
callemall-material-ui,1
callemall-material-ui,2
callemall-material-ui,2
callemall-material-ui,30
callemall-material-ui,13
callemall-material-ui,8
callemall-material-ui,25
callemall-material-ui,25
callemall-material-ui,2
callemall-material-ui,15
callemall-material-ui,28
callemall-material-ui,28
callemall-material-ui,15
callemall-material-ui,560
callemall-material-ui,2
callemall-material-ui,53
callemall-material-ui,1
callemall-material-ui,2
callemall-material-ui,74
callemall-material-ui,1
callemall-material-ui,7
callemall-material-ui,7
callemall-material-ui,1
callemall-material-ui,1
callemall-material-ui,1
callemall-material-ui,1
callemall-material-ui,14
callemall-material-ui,14
callemall-material-ui,10
callemall-material-ui,4
callemall-material-ui,3
callemall-material-ui,5
callemall-material-ui,2
callemall-material-ui,2
callemall-material-ui,4
callemall-material-ui,14
callemall-material-ui,2
callemall-material-ui,5
callemall-material-ui,3
callemall-material-ui,3
callemall-material-ui,19
callemall-material-ui,12
callemall-material-ui,5
callemall-material-ui,2
callemall-material-ui,53
callemall-material-ui,53
callemall-material-ui,17
callemall-material-ui,24
callemall-material-ui,7
callemall-material-ui,7
callemall-material-ui,3
callemall-material-ui,2
callemall-material-ui,9
callemall-material-ui,11
callemall-material-ui,11
callemall-material-ui,3
callemall-material-ui,38
callemall-material-ui,71
callemall-material-ui,5
callemall-material-ui,2
callemall-material-ui,15
callemall-material-ui,8
callemall-material-ui,34
callemall-material-ui,2
callemall-material-ui,33
callemall-material-ui,5
callemall-material-ui,348
callemall-material-ui,239
callemall-material-ui,239
callemall-material-ui,100
callemall-material-ui,42
callemall-material-ui,4
callemall-material-ui,4
callemall-material-ui,2
callemall-material-ui,2
callemall-material-ui,15
callemall-material-ui,15
callemall-material-ui,2
callemall-material-ui,65
callemall-material-ui,65
callemall-material-ui,78
callemall-material-ui,28
callemall-material-ui,58
callemall-material-ui,47
callemall-material-ui,4
callemall-material-ui,12
callemall-material-ui,56
callemall-material-ui,2
callemall-material-ui,6
callemall-material-ui,2
callemall-material-ui,3
callemall-material-ui,68
callemall-material-ui,8
jashkenas-underscore,16
jashkenas-underscore,20
jashkenas-underscore,41
jashkenas-underscore,41
jashkenas-underscore,3
jashkenas-underscore,9
jashkenas-underscore,4
jashkenas-underscore,14
jashkenas-underscore,3
jashkenas-underscore,12
jashkenas-underscore,8
jashkenas-underscore,4
jashkenas-underscore,4
jashkenas-underscore,9
jashkenas-underscore,19
jashkenas-underscore,11
jashkenas-underscore,24
jashkenas-underscore,2
jashkenas-underscore,4
webpack-webpack,2
webpack-webpack,23
webpack-webpack,70
webpack-webpack,70
webpack-webpack,10
webpack-webpack,3
webpack-webpack,48
webpack-webpack,2
webpack-webpack,2
webpack-webpack,2
webpack-webpack,6
webpack-webpack,31
webpack-webpack,31
webpack-webpack,8
webpack-webpack,55
webpack-webpack,2
webpack-webpack,73
webpack-webpack,4
webpack-webpack,6
webpack-webpack,15
webpack-webpack,2
webpack-webpack,2
webpack-webpack,2
webpack-webpack,51
webpack-webpack,2
webpack-webpack,381
webpack-webpack,17
webpack-webpack,4
webpack-webpack,43
webpack-webpack,16
webpack-webpack,16
webpack-webpack,136
webpack-webpack,18
webpack-webpack,9
webpack-webpack,2
webpack-webpack,357
webpack-webpack,183
webpack-webpack,32
webpack-webpack,16922
webpack-webpack,259
webpack-webpack,75
webpack-webpack,10
webpack-webpack,1772
webpack-webpack,2
webpack-webpack,27
webpack-webpack,19
webpack-webpack,10
webpack-webpack,178
webpack-webpack,28
webpack-webpack,6
webpack-webpack,105
webpack-webpack,95
webpack-webpack,55
webpack-webpack,39
webpack-webpack,5
webpack-webpack,46
webpack-webpack,8
webpack-webpack,64
webpack-webpack,19
webpack-webpack,47
webpack-webpack,37
webpack-webpack,114
webpack-webpack,2
webpack-webpack,70
webpack-webpack,70
webpack-webpack,44
webpack-webpack,12
webpack-webpack,13
webpack-webpack,3
webpack-webpack,79
webpack-webpack,571
webpack-webpack,28
webpack-webpack,22
webpack-webpack,2
webpack-webpack,3
webpack-webpack,2
webpack-webpack,4
webpack-webpack,2
webpack-webpack,2
webpack-webpack,5
webpack-webpack,5
webpack-webpack,13
webpack-webpack,38
webpack-webpack,4
webpack-webpack,2
webpack-webpack,31
webpack-webpack,10
webpack-webpack,22
webpack-webpack,2
webpack-webpack,1
webpack-webpack,4
webpack-webpack,218
webpack-webpack,181
webpack-webpack,6
webpack-webpack,5
webpack-webpack,89
webpack-webpack,8
webpack-webpack,2
webpack-webpack,2
webpack-webpack,27
webpack-webpack,6
webpack-webpack,79
webpack-webpack,2
webpack-webpack,7
webpack-webpack,4
webpack-webpack,4
webpack-webpack,13
webpack-webpack,2
webpack-webpack,19
webpack-webpack,2
webpack-webpack,8
webpack-webpack,2
webpack-webpack,4
webpack-webpack,150
webpack-webpack,2
webpack-webpack,6
webpack-webpack,4
webpack-webpack,2
webpack-webpack,7
webpack-webpack,2
webpack-webpack,2
webpack-webpack,6
webpack-webpack,4
webpack-webpack,85
webpack-webpack,226
webpack-webpack,2
webpack-webpack,18
webpack-webpack,43
webpack-webpack,1
webpack-webpack,2
webpack-webpack,1
webpack-webpack,1
webpack-webpack,2
webpack-webpack,69
webpack-webpack,11
webpack-webpack,4
webpack-webpack,26
webpack-webpack,63
webpack-webpack,63
webpack-webpack,21
webpack-webpack,35
webpack-webpack,5
webpack-webpack,26
webpack-webpack,2
webpack-webpack,18
webpack-webpack,4
webpack-webpack,4
webpack-webpack,4
webpack-webpack,17
webpack-webpack,2
webpack-webpack,7
webpack-webpack,4
webpack-webpack,9
webpack-webpack,123
webpack-webpack,36
webpack-webpack,4
webpack-webpack,8
webpack-webpack,4
webpack-webpack,90
webpack-webpack,4
webpack-webpack,692
webpack-webpack,383
webpack-webpack,18
webpack-webpack,135
webpack-webpack,4
webpack-webpack,23
webpack-webpack,62
webpack-webpack,8
webpack-webpack,27
webpack-webpack,4
Unitech-pm2,3
Unitech-pm2,8
Unitech-pm2,109
Unitech-pm2,22
Unitech-pm2,2
Unitech-pm2,2
Unitech-pm2,17
Unitech-pm2,3
Unitech-pm2,2
Unitech-pm2,3
Unitech-pm2,150
Unitech-pm2,6
Unitech-pm2,42
Unitech-pm2,18
Unitech-pm2,10
Unitech-pm2,3
Unitech-pm2,47
Unitech-pm2,45
Unitech-pm2,29
Unitech-pm2,224
Unitech-pm2,4
Unitech-pm2,12
Unitech-pm2,13
Unitech-pm2,166
Unitech-pm2,6
Unitech-pm2,11
Unitech-pm2,8
Unitech-pm2,8
Unitech-pm2,8
facebook-react-native,6
facebook-react-native,375
facebook-react-native,421
facebook-react-native,28
facebook-react-native,2
facebook-react-native,11
facebook-react-native,10
facebook-react-native,5
facebook-react-native,285
facebook-react-native,74
facebook-react-native,12
facebook-react-native,12
facebook-react-native,40
facebook-react-native,8
facebook-react-native,31
facebook-react-native,20
facebook-react-native,16
facebook-react-native,94
facebook-react-native,13
facebook-react-native,198
facebook-react-native,20
facebook-react-native,8
facebook-react-native,4
facebook-react-native,2
facebook-react-native,50
facebook-react-native,2
facebook-react-native,7
facebook-react-native,1
facebook-react-native,3
facebook-react-native,15
facebook-react-native,10
facebook-react-native,1
facebook-react-native,9
facebook-react-native,5
facebook-react-native,92
facebook-react-native,2
facebook-react-native,2
facebook-react-native,2
facebook-react-native,2
facebook-react-native,14
facebook-react-native,2
facebook-react-native,1
facebook-react-native,11
facebook-react-native,108
facebook-react-native,4
facebook-react-native,2
facebook-react-native,2
facebook-react-native,14
facebook-react-native,14
facebook-react-native,8
facebook-react-native,24
facebook-react-native,2
facebook-react-native,4
facebook-react-native,99
facebook-react-native,238
facebook-react-native,193
facebook-react-native,10
facebook-react-native,139
facebook-react-native,49
facebook-react-native,6
facebook-react-native,6
facebook-react-native,46
facebook-react-native,7
facebook-react-native,53
facebook-react-native,1
facebook-react-native,32
facebook-react-native,9
facebook-react-native,9
facebook-react-native,2
facebook-react-native,4
facebook-react-native,13
facebook-react-native,10
facebook-react-native,1
facebook-react-native,3
facebook-react-native,1
facebook-react-native,6
facebook-react-native,10
facebook-react-native,9
facebook-react-native,700
facebook-react-native,8
facebook-react-native,72
facebook-react-native,19
facebook-react-native,22
facebook-react-native,36
facebook-react-native,19
facebook-react-native,25
facebook-react-native,96
facebook-react-native,14
facebook-react-native,6
facebook-react-native,29
facebook-react-native,19
facebook-react-native,19
facebook-react-native,2
facebook-react-native,6
facebook-react-native,17
facebook-react-native,1
facebook-react-native,99
facebook-react-native,34
facebook-react-native,2
facebook-react-native,8
facebook-react-native,14
facebook-react-native,6
facebook-react-native,8
facebook-react-native,22
facebook-react-native,9
facebook-react-native,19
facebook-react-native,1
facebook-react-native,231
facebook-react-native,52
facebook-react-native,75
facebook-react-native,2
facebook-react-native,171
facebook-react-native,4
facebook-react-native,17
facebook-react-native,12
facebook-react-native,215
facebook-react-native,62
facebook-react-native,53
facebook-react-native,2
facebook-react-native,55
facebook-react-native,71
facebook-react-native,26
facebook-react-native,2
facebook-react-native,7755
facebook-react-native,2
facebook-react-native,2
facebook-react-native,4
facebook-react-native,75
facebook-react-native,350
facebook-react-native,2
facebook-react-native,5
facebook-react-native,10
facebook-react-native,5
facebook-react-native,387
facebook-react-native,9
facebook-react-native,7
facebook-react-native,5
facebook-react-native,523
facebook-react-native,2
facebook-react-native,182
facebook-react-native,59
facebook-react-native,153
facebook-react-native,37
facebook-react-native,12
facebook-react-native,1246
facebook-react-native,3
facebook-react-native,529
facebook-react-native,11
facebook-react-native,174
facebook-react-native,592
facebook-react-native,385
facebook-react-native,1286
facebook-react-native,73
facebook-react-native,825
mrdoob-three.js,2
mrdoob-three.js,2
mrdoob-three.js,2
mrdoob-three.js,2
mrdoob-three.js,2
mrdoob-three.js,2
mrdoob-three.js,82
mrdoob-three.js,2
mrdoob-three.js,2
mrdoob-three.js,4
mrdoob-three.js,4
mrdoob-three.js,8
mrdoob-three.js,5
mrdoob-three.js,7
mrdoob-three.js,8
mrdoob-three.js,12
mrdoob-three.js,8
mrdoob-three.js,8
mrdoob-three.js,8
mrdoob-three.js,42
mrdoob-three.js,197
mrdoob-three.js,75
mrdoob-three.js,2
mrdoob-three.js,2
mrdoob-three.js,39
mrdoob-three.js,5
mrdoob-three.js,5
mrdoob-three.js,2
mrdoob-three.js,5
mrdoob-three.js,5
mrdoob-three.js,2
mrdoob-three.js,18
mrdoob-three.js,18
mrdoob-three.js,2
mrdoob-three.js,4777
mrdoob-three.js,19
mrdoob-three.js,12
mrdoob-three.js,1752
mrdoob-three.js,24
mrdoob-three.js,5
mrdoob-three.js,29
mrdoob-three.js,2
mrdoob-three.js,10
mrdoob-three.js,2
mrdoob-three.js,2
mrdoob-three.js,394
mrdoob-three.js,14
mrdoob-three.js,27
mrdoob-three.js,19
mrdoob-three.js,19
mrdoob-three.js,2
mrdoob-three.js,2
mrdoob-three.js,592
mrdoob-three.js,12
mrdoob-three.js,47
mrdoob-three.js,36
mrdoob-three.js,213
mrdoob-three.js,2
mrdoob-three.js,25
mrdoob-three.js,2
mrdoob-three.js,110
mrdoob-three.js,80
mrdoob-three.js,80
mrdoob-three.js,12
mrdoob-three.js,12
mrdoob-three.js,11
mrdoob-three.js,2
mrdoob-three.js,2
mrdoob-three.js,4
mrdoob-three.js,24
mrdoob-three.js,24
mrdoob-three.js,2
mrdoob-three.js,2
mrdoob-three.js,12
mrdoob-three.js,12
mrdoob-three.js,6
mrdoob-three.js,9
mrdoob-three.js,5
mrdoob-three.js,13
mrdoob-three.js,44
mrdoob-three.js,4
mrdoob-three.js,94
mrdoob-three.js,2
mrdoob-three.js,2
mrdoob-three.js,4
mrdoob-three.js,5
mrdoob-three.js,27
mrdoob-three.js,3
mrdoob-three.js,290
mrdoob-three.js,290
mrdoob-three.js,3
mrdoob-three.js,3
mrdoob-three.js,8
mrdoob-three.js,8
mrdoob-three.js,10
mrdoob-three.js,2
mrdoob-three.js,2
mrdoob-three.js,3
mrdoob-three.js,3
mrdoob-three.js,4
mrdoob-three.js,4
mrdoob-three.js,8
mrdoob-three.js,8
mrdoob-three.js,34
mrdoob-three.js,34
mrdoob-three.js,10
mrdoob-three.js,25
mrdoob-three.js,13
mrdoob-three.js,3
mrdoob-three.js,2
mrdoob-three.js,65
mrdoob-three.js,5
mrdoob-three.js,10
mrdoob-three.js,2
mrdoob-three.js,30
mrdoob-three.js,9
mrdoob-three.js,2
mrdoob-three.js,2
mrdoob-three.js,4
mrdoob-three.js,6
mrdoob-three.js,55
mrdoob-three.js,9
mrdoob-three.js,4
mrdoob-three.js,4
mrdoob-three.js,4
mrdoob-three.js,4
mrdoob-three.js,1
mrdoob-three.js,4
mrdoob-three.js,4
mrdoob-three.js,4
mrdoob-three.js,9
mrdoob-three.js,8
mrdoob-three.js,4
mrdoob-three.js,8
mrdoob-three.js,6
mrdoob-three.js,18
mrdoob-three.js,4
mrdoob-three.js,16
mrdoob-three.js,14
mrdoob-three.js,183
mrdoob-three.js,36
mrdoob-three.js,17
mrdoob-three.js,8
mrdoob-three.js,2
mrdoob-three.js,2
mrdoob-three.js,2
mrdoob-three.js,2
mrdoob-three.js,59
mrdoob-three.js,2
mrdoob-three.js,4
mrdoob-three.js,41
mrdoob-three.js,527
mrdoob-three.js,12
mrdoob-three.js,118
mrdoob-three.js,12
mrdoob-three.js,118
mrdoob-three.js,2
mrdoob-three.js,2
mrdoob-three.js,2
mrdoob-three.js,12
mrdoob-three.js,12
mrdoob-three.js,2
mrdoob-three.js,58
mrdoob-three.js,289
mrdoob-three.js,4
mrdoob-three.js,2
mrdoob-three.js,2
mrdoob-three.js,2
mrdoob-three.js,15
mrdoob-three.js,4
mrdoob-three.js,2
mrdoob-three.js,114
mrdoob-three.js,3
mrdoob-three.js,89
mrdoob-three.js,2
mrdoob-three.js,4
mrdoob-three.js,15
mrdoob-three.js,29
mrdoob-three.js,1236
mrdoob-three.js,7
mrdoob-three.js,28
mrdoob-three.js,2
mrdoob-three.js,19
mrdoob-three.js,2
mrdoob-three.js,2
mrdoob-three.js,715
mrdoob-three.js,184
mrdoob-three.js,106
mrdoob-three.js,924
mrdoob-three.js,9
mrdoob-three.js,2
mrdoob-three.js,4
mrdoob-three.js,5
mrdoob-three.js,4
mrdoob-three.js,18
mrdoob-three.js,9
mrdoob-three.js,4
mrdoob-three.js,3
mrdoob-three.js,75
mrdoob-three.js,21
mrdoob-three.js,24
mrdoob-three.js,24
mrdoob-three.js,35
mrdoob-three.js,162
mrdoob-three.js,122
mrdoob-three.js,105
mrdoob-three.js,192
mrdoob-three.js,12
mrdoob-three.js,6
mrdoob-three.js,6
mrdoob-three.js,5
mrdoob-three.js,23
mrdoob-three.js,322
mrdoob-three.js,25
mrdoob-three.js,60
mrdoob-three.js,120
mrdoob-three.js,10
mrdoob-three.js,4
mrdoob-three.js,4
mrdoob-three.js,254
mrdoob-three.js,2
mrdoob-three.js,2
mrdoob-three.js,78
mrdoob-three.js,109
mrdoob-three.js,10
mrdoob-three.js,70
mrdoob-three.js,58
mrdoob-three.js,177
mrdoob-three.js,14
mrdoob-three.js,167
mrdoob-three.js,487
mrdoob-three.js,55
mrdoob-three.js,8
mrdoob-three.js,1584
mrdoob-three.js,118
mrdoob-three.js,37
mrdoob-three.js,5
mrdoob-three.js,14
mrdoob-three.js,586
mrdoob-three.js,9
mrdoob-three.js,24
mrdoob-three.js,1614
mrdoob-three.js,233
mrdoob-three.js,28
mrdoob-three.js,310
mrdoob-three.js,12
mrdoob-three.js,64
mrdoob-three.js,1313
mrdoob-three.js,647
mrdoob-three.js,9
mrdoob-three.js,1615
mrdoob-three.js,16
mrdoob-three.js,513
mrdoob-three.js,15
mrdoob-three.js,1044
mrdoob-three.js,438
mrdoob-three.js,34
mrdoob-three.js,137
mrdoob-three.js,10
mrdoob-three.js,5
mrdoob-three.js,24526
mrdoob-three.js,112
mrdoob-three.js,33
mrdoob-three.js,1029
mrdoob-three.js,1976
mrdoob-three.js,726
mrdoob-three.js,1356
mrdoob-three.js,1356
mrdoob-three.js,21
mrdoob-three.js,29
mrdoob-three.js,6
mrdoob-three.js,15
mrdoob-three.js,24
mrdoob-three.js,6
mrdoob-three.js,57
mrdoob-three.js,72
mrdoob-three.js,225
mrdoob-three.js,113
mrdoob-three.js,138
mrdoob-three.js,401
mrdoob-three.js,234
mrdoob-three.js,543
mrdoob-three.js,38
mrdoob-three.js,82
mrdoob-three.js,7
mrdoob-three.js,7
mrdoob-three.js,47
mrdoob-three.js,732
mrdoob-three.js,120
mrdoob-three.js,314
mrdoob-three.js,191
mrdoob-three.js,6
mrdoob-three.js,1807
mrdoob-three.js,4
mrdoob-three.js,10
mrdoob-three.js,98
mrdoob-three.js,1574
mrdoob-three.js,6
mrdoob-three.js,1856
mrdoob-three.js,487
mrdoob-three.js,1352
mrdoob-three.js,1045
mrdoob-three.js,1059
mrdoob-three.js,1620
mrdoob-three.js,50
mrdoob-three.js,2
mrdoob-three.js,49
mrdoob-three.js,828
mrdoob-three.js,690
mrdoob-three.js,345
mrdoob-three.js,234
mrdoob-three.js,831
mrdoob-three.js,2
mrdoob-three.js,53
mrdoob-three.js,37
mrdoob-three.js,28
mrdoob-three.js,151
lodash-lodash,4
lodash-lodash,242
lodash-lodash,2
lodash-lodash,11
lodash-lodash,30
lodash-lodash,17
lodash-lodash,20
lodash-lodash,27
lodash-lodash,75
lodash-lodash,84
lodash-lodash,2
lodash-lodash,28
lodash-lodash,10
lodash-lodash,47
lodash-lodash,62
lodash-lodash,12
lodash-lodash,8
lodash-lodash,4
lodash-lodash,4
lodash-lodash,9
lodash-lodash,19
lodash-lodash,11
lodash-lodash,24
lodash-lodash,2
lodash-lodash,4
nylas-nylas-mail,85
nylas-nylas-mail,663
nylas-nylas-mail,16
nylas-nylas-mail,2
nylas-nylas-mail,4
nylas-nylas-mail,21
nylas-nylas-mail,7
nylas-nylas-mail,22
nylas-nylas-mail,96
nylas-nylas-mail,158
nylas-nylas-mail,6
nylas-nylas-mail,42
nylas-nylas-mail,210
nylas-nylas-mail,1
nylas-nylas-mail,109
nylas-nylas-mail,84
nylas-nylas-mail,13
nylas-nylas-mail,1
nylas-nylas-mail,47
nylas-nylas-mail,14
nylas-nylas-mail,4
nylas-nylas-mail,182
nylas-nylas-mail,369
nylas-nylas-mail,2
nylas-nylas-mail,2
nylas-nylas-mail,1
nylas-nylas-mail,36
nylas-nylas-mail,2
nylas-nylas-mail,99
nylas-nylas-mail,227
nylas-nylas-mail,3
nylas-nylas-mail,4
nylas-nylas-mail,175
nylas-nylas-mail,733
nylas-nylas-mail,22
nylas-nylas-mail,105
nylas-nylas-mail,46
nylas-nylas-mail,4
nylas-nylas-mail,8
nylas-nylas-mail,2
nylas-nylas-mail,2
nylas-nylas-mail,22
nylas-nylas-mail,8
nylas-nylas-mail,2
nylas-nylas-mail,1699
nylas-nylas-mail,218
nylas-nylas-mail,195
nylas-nylas-mail,17
nylas-nylas-mail,29
nylas-nylas-mail,2
nylas-nylas-mail,20
nylas-nylas-mail,11
nylas-nylas-mail,226
nylas-nylas-mail,7
nylas-nylas-mail,4
nylas-nylas-mail,11
nylas-nylas-mail,19
nylas-nylas-mail,707
nylas-nylas-mail,89
nylas-nylas-mail,51
nylas-nylas-mail,82
nylas-nylas-mail,2
nylas-nylas-mail,6
nylas-nylas-mail,2
nylas-nylas-mail,183
nylas-nylas-mail,92
nylas-nylas-mail,12
nylas-nylas-mail,98
nylas-nylas-mail,192
nylas-nylas-mail,190
nylas-nylas-mail,18
nylas-nylas-mail,13
nylas-nylas-mail,4
nylas-nylas-mail,2
nylas-nylas-mail,46
nylas-nylas-mail,291
nylas-nylas-mail,2
nylas-nylas-mail,354
nylas-nylas-mail,2
nylas-nylas-mail,1
nylas-nylas-mail,110
nylas-nylas-mail,2
nylas-nylas-mail,2
nylas-nylas-mail,2
nylas-nylas-mail,2
nylas-nylas-mail,2
nylas-nylas-mail,2
nylas-nylas-mail,2
nylas-nylas-mail,16
nylas-nylas-mail,2
nylas-nylas-mail,4
nylas-nylas-mail,14
nylas-nylas-mail,10
nylas-nylas-mail,11
jquery-jquery,7
jquery-jquery,221
jquery-jquery,6
jquery-jquery,11
jquery-jquery,19
jquery-jquery,2
jquery-jquery,18
jquery-jquery,8
jquery-jquery,18
jquery-jquery,56
jquery-jquery,21
jquery-jquery,10
jquery-jquery,45
jquery-jquery,41
jquery-jquery,30
jquery-jquery,17
jquery-jquery,46
jquery-jquery,8
jquery-jquery,16
jquery-jquery,9
jquery-jquery,10
jquery-jquery,58
jquery-jquery,2
jquery-jquery,54
jquery-jquery,9
jquery-jquery,28
jquery-jquery,2
jquery-jquery,44
jquery-jquery,2
jquery-jquery,19
jquery-jquery,2
jquery-jquery,17
jquery-jquery,17
jquery-jquery,79
jquery-jquery,48
jquery-jquery,180
jquery-jquery,7
jquery-jquery,138
jquery-jquery,51
jquery-jquery,67
jquery-jquery,48
jquery-jquery,97
jquery-jquery,58
jquery-jquery,34
jquery-jquery,31
jquery-jquery,139
jquery-jquery,45
jquery-jquery,21
jquery-jquery,2
jquery-jquery,880
jquery-jquery,415
jquery-jquery,174
jquery-jquery,28
jquery-jquery,9
jquery-jquery,2
jquery-jquery,18
jquery-jquery,16
jquery-jquery,2
jquery-jquery,4
jquery-jquery,21
jquery-jquery,19
jquery-jquery,66
jquery-jquery,5
jquery-jquery,2
jquery-jquery,22
jquery-jquery,3
jquery-jquery,2
jquery-jquery,39
jquery-jquery,14
jquery-jquery,32
jquery-jquery,22
jquery-jquery,31
jquery-jquery,56
jquery-jquery,2
jquery-jquery,8
jquery-jquery,9
jquery-jquery,30
jquery-jquery,139
jquery-jquery,23
jquery-jquery,49
jquery-jquery,49
jquery-jquery,127
jquery-jquery,21
jquery-jquery,39
jquery-jquery,36
jquery-jquery,7
jquery-jquery,16
jquery-jquery,5
jquery-jquery,4
jquery-jquery,45
jquery-jquery,4
jquery-jquery,14
jquery-jquery,3
jquery-jquery,21
jquery-jquery,24
jquery-jquery,65
jquery-jquery,63
jquery-jquery,36
jquery-jquery,104
jquery-jquery,259
jquery-jquery,98
jquery-jquery,19
jquery-jquery,20
jquery-jquery,18
jquery-jquery,6
jquery-jquery,2
jquery-jquery,7
jquery-jquery,2
jquery-jquery,17
jquery-jquery,4
jquery-jquery,33
jquery-jquery,2
jquery-jquery,16
jquery-jquery,2
jquery-jquery,2
jquery-jquery,11
jquery-jquery,4
jquery-jquery,31
jquery-jquery,21
jquery-jquery,11
jquery-jquery,4
jquery-jquery,2
jquery-jquery,2
jquery-jquery,4
jquery-jquery,8
jquery-jquery,50
jquery-jquery,5
jquery-jquery,14
jquery-jquery,15
jquery-jquery,24
jquery-jquery,40
jquery-jquery,3
jquery-jquery,24
jquery-jquery,39
jquery-jquery,32
jquery-jquery,7
jquery-jquery,14
jquery-jquery,59
jquery-jquery,29
jquery-jquery,7
jquery-jquery,16
jquery-jquery,46
jquery-jquery,30
jquery-jquery,43
jquery-jquery,17
jquery-jquery,32
jquery-jquery,6
jquery-jquery,22
jquery-jquery,9
jquery-jquery,3
jquery-jquery,45
jquery-jquery,71
jquery-jquery,7
jquery-jquery,5
jquery-jquery,32
jquery-jquery,2
jquery-jquery,3
jquery-jquery,24
jquery-jquery,40
jquery-jquery,5
jquery-jquery,12
jquery-jquery,13
jquery-jquery,2
jquery-jquery,30
jquery-jquery,2
jquery-jquery,4
jquery-jquery,7
jquery-jquery,236
jquery-jquery,106
jquery-jquery,33
jquery-jquery,6
jquery-jquery,2
jquery-jquery,2
jquery-jquery,2
jquery-jquery,6
jquery-jquery,4
jquery-jquery,8
jquery-jquery,14
jquery-jquery,31
jquery-jquery,74
jquery-jquery,16
jquery-jquery,4
jquery-jquery,13
jquery-jquery,23
jquery-jquery,2
jquery-jquery,88
jquery-jquery,11
jquery-jquery,42
jquery-jquery,23
jquery-jquery,26
jquery-jquery,6
jquery-jquery,4
jquery-jquery,11
jquery-jquery,2
jquery-jquery,56
jquery-jquery,31
jquery-jquery,49
jquery-jquery,2
jquery-jquery,4
jquery-jquery,2
jquery-jquery,11
jquery-jquery,39
jquery-jquery,33
jquery-jquery,10
jquery-jquery,4
jquery-jquery,38
jquery-jquery,9
jquery-jquery,3
jquery-jquery,15
jquery-jquery,4
jquery-jquery,14
jquery-jquery,85
jquery-jquery,6
jquery-jquery,15
jquery-jquery,2
jquery-jquery,2
jquery-jquery,16
jquery-jquery,4
jquery-jquery,596
jquery-jquery,20
jquery-jquery,2
jquery-jquery,21
jquery-jquery,8
jquery-jquery,19
jquery-jquery,2
jquery-jquery,55
jquery-jquery,5
jquery-jquery,5
jquery-jquery,6
jquery-jquery,2
jquery-jquery,3
jquery-jquery,2
jquery-jquery,67
jquery-jquery,4
jquery-jquery,2
jquery-jquery,2
jquery-jquery,23
jquery-jquery,2
jquery-jquery,120
jquery-jquery,151
jquery-jquery,2
jquery-jquery,2
jquery-jquery,4
jquery-jquery,2
jquery-jquery,2
jquery-jquery,4
jquery-jquery,2
jquery-jquery,25
jquery-jquery,5
jquery-jquery,107
jquery-jquery,1733
jquery-jquery,4
jquery-jquery,31
jquery-jquery,103
jquery-jquery,37
jquery-jquery,36
jquery-jquery,8
jquery-jquery,78
jquery-jquery,10
jquery-jquery,59
jquery-jquery,24
jquery-jquery,8
jquery-jquery,2
jquery-jquery,2
jquery-jquery,4
jquery-jquery,8
jquery-jquery,4
jquery-jquery,12
jquery-jquery,78
jquery-jquery,18
jquery-jquery,57
jquery-jquery,2
jquery-jquery,20
jquery-jquery,9
jquery-jquery,7305
jquery-jquery,35
jquery-jquery,10
jquery-jquery,20
jquery-jquery,29
jquery-jquery,8
jquery-jquery,617
jquery-jquery,9
jquery-jquery,4
jquery-jquery,2
jquery-jquery,7964
jquery-jquery,5
jquery-jquery,2
jquery-jquery,4
jquery-jquery,51
jquery-jquery,6
jquery-jquery,49
jquery-jquery,3324
jquery-jquery,3
jquery-jquery,14
jquery-jquery,14
jquery-jquery,8
jquery-jquery,4
jquery-jquery,2
jquery-jquery,20
jquery-jquery,17
jquery-jquery,26
jquery-jquery,11
jquery-jquery,27
jquery-jquery,7
jquery-jquery,2
jquery-jquery,3
jquery-jquery,9
jquery-jquery,106
jquery-jquery,319
jquery-jquery,38
jquery-jquery,74
jquery-jquery,13
jquery-jquery,125
jquery-jquery,154
jquery-jquery,30
jquery-jquery,10
jquery-jquery,22
jquery-jquery,847
jquery-jquery,2
jquery-jquery,4
jquery-jquery,22
jquery-jquery,1081
jquery-jquery,7
jquery-jquery,6
jquery-jquery,6
jquery-jquery,28
jquery-jquery,2
jquery-jquery,2
jquery-jquery,2
jquery-jquery,265
jquery-jquery,485
jquery-jquery,14
jquery-jquery,146
jquery-jquery,3
jquery-jquery,302
jquery-jquery,23
jquery-jquery,2
jquery-jquery,40
jquery-jquery,4
jquery-jquery,106
jquery-jquery,4
jquery-jquery,4
adam-p-markdown-here,4
adam-p-markdown-here,4
adam-p-markdown-here,173
adam-p-markdown-here,41
adam-p-markdown-here,118
adam-p-markdown-here,19
adam-p-markdown-here,31
adam-p-markdown-here,44
adam-p-markdown-here,2
adam-p-markdown-here,64
adam-p-markdown-here,18
adam-p-markdown-here,21
adam-p-markdown-here,164
adam-p-markdown-here,8
adam-p-markdown-here,22
adam-p-markdown-here,127
adam-p-markdown-here,2
adam-p-markdown-here,4
adam-p-markdown-here,19148
adam-p-markdown-here,6
adam-p-markdown-here,10
adam-p-markdown-here,2
adam-p-markdown-here,7
adam-p-markdown-here,10
adam-p-markdown-here,45
adam-p-markdown-here,2
adam-p-markdown-here,58
adam-p-markdown-here,26
adam-p-markdown-here,13
adam-p-markdown-here,9
adam-p-markdown-here,13
adam-p-markdown-here,9
adam-p-markdown-here,7
adam-p-markdown-here,129
adam-p-markdown-here,2
adam-p-markdown-here,123
Semantic-Org-Semantic-UI,4
Semantic-Org-Semantic-UI,70
Semantic-Org-Semantic-UI,9
Semantic-Org-Semantic-UI,18
Semantic-Org-Semantic-UI,4
Semantic-Org-Semantic-UI,4
Semantic-Org-Semantic-UI,2
Semantic-Org-Semantic-UI,13
Semantic-Org-Semantic-UI,18
Semantic-Org-Semantic-UI,3
Semantic-Org-Semantic-UI,3
Semantic-Org-Semantic-UI,20
Semantic-Org-Semantic-UI,25
Semantic-Org-Semantic-UI,25
Semantic-Org-Semantic-UI,1
Semantic-Org-Semantic-UI,2
Semantic-Org-Semantic-UI,2
Semantic-Org-Semantic-UI,5
Semantic-Org-Semantic-UI,23
Semantic-Org-Semantic-UI,7
Semantic-Org-Semantic-UI,1
Semantic-Org-Semantic-UI,3
Semantic-Org-Semantic-UI,17
Semantic-Org-Semantic-UI,25
Semantic-Org-Semantic-UI,2
Semantic-Org-Semantic-UI,17
Semantic-Org-Semantic-UI,88
Semantic-Org-Semantic-UI,10
Semantic-Org-Semantic-UI,5
Semantic-Org-Semantic-UI,12
Semantic-Org-Semantic-UI,16
Semantic-Org-Semantic-UI,10
Semantic-Org-Semantic-UI,7
Semantic-Org-Semantic-UI,12
Semantic-Org-Semantic-UI,2
Semantic-Org-Semantic-UI,53
Semantic-Org-Semantic-UI,75
Semantic-Org-Semantic-UI,18
Semantic-Org-Semantic-UI,106
Semantic-Org-Semantic-UI,8
Semantic-Org-Semantic-UI,41
Semantic-Org-Semantic-UI,32
Semantic-Org-Semantic-UI,25
Semantic-Org-Semantic-UI,78
Semantic-Org-Semantic-UI,215
Semantic-Org-Semantic-UI,2
Semantic-Org-Semantic-UI,521
Semantic-Org-Semantic-UI,4
Semantic-Org-Semantic-UI,3
Semantic-Org-Semantic-UI,1
Semantic-Org-Semantic-UI,53
Semantic-Org-Semantic-UI,30
Semantic-Org-Semantic-UI,47
Semantic-Org-Semantic-UI,24
Semantic-Org-Semantic-UI,10
Semantic-Org-Semantic-UI,15
Semantic-Org-Semantic-UI,70
Semantic-Org-Semantic-UI,70
Semantic-Org-Semantic-UI,1357
Semantic-Org-Semantic-UI,829
Semantic-Org-Semantic-UI,89
Semantic-Org-Semantic-UI,119
Semantic-Org-Semantic-UI,4
moment-moment,55
moment-moment,9
moment-moment,15
moment-moment,23
moment-moment,19
moment-moment,10
moment-moment,9
moment-moment,2
moment-moment,2
moment-moment,21
moment-moment,28
moment-moment,38
moment-moment,8
moment-moment,4
moment-moment,25
moment-moment,18
moment-moment,36
moment-moment,67
moment-moment,35
moment-moment,12
moment-moment,12
moment-moment,6
moment-moment,2
moment-moment,374
moment-moment,30
moment-moment,12
moment-moment,14
moment-moment,3150
moment-moment,25
moment-moment,30
moment-moment,13
moment-moment,22
moment-moment,39
moment-moment,18
moment-moment,12
moment-moment,24
moment-moment,152
moment-moment,2349
moment-moment,4
moment-moment,6
moment-moment,7
moment-moment,24
moment-moment,14
moment-moment,108
moment-moment,9
moment-moment,2
moment-moment,284
moment-moment,8
moment-moment,46
moment-moment,90
moment-moment,19
moment-moment,21
moment-moment,14
moment-moment,12
moment-moment,18
moment-moment,18
moment-moment,24
moment-moment,7
moment-moment,50
moment-moment,4
moment-moment,27
moment-moment,105
moment-moment,9
moment-moment,39
moment-moment,76
moment-moment,14
moment-moment,12
moment-moment,21
moment-moment,23
moment-moment,17
moment-moment,15
moment-moment,24
moment-moment,13
moment-moment,1
moment-moment,45
moment-moment,15
moment-moment,24
moment-moment,2
moment-moment,11
moment-moment,3
moment-moment,6
moment-moment,30
moment-moment,3
moment-moment,4
moment-moment,5
moment-moment,4
moment-moment,18
moment-moment,973
moment-moment,16
moment-moment,18
moment-moment,3
moment-moment,8
moment-moment,3
moment-moment,22
moment-moment,10
moment-moment,9
moment-moment,35
moment-moment,10
moment-moment,24
moment-moment,39
moment-moment,22
moment-moment,4
moment-moment,2
moment-moment,17
moment-moment,148
moment-moment,1203
moment-moment,1532
moment-moment,111
moment-moment,81
moment-moment,462
moment-moment,108
moment-moment,13
moment-moment,18
moment-moment,6
moment-moment,15
moment-moment,15
moment-moment,4
moment-moment,80
moment-moment,4
moment-moment,4
moment-moment,2
moment-moment,2
moment-moment,6
moment-moment,6
moment-moment,9
moment-moment,60
moment-moment,2
Dogfalo-materialize,25
Dogfalo-materialize,40
Dogfalo-materialize,25
Dogfalo-materialize,19
Dogfalo-materialize,40
Dogfalo-materialize,47
Dogfalo-materialize,44
Dogfalo-materialize,12
Dogfalo-materialize,4
Dogfalo-materialize,11
Dogfalo-materialize,5
Dogfalo-materialize,116
Dogfalo-materialize,87
Dogfalo-materialize,74
Dogfalo-materialize,75
Dogfalo-materialize,56
Dogfalo-materialize,20
Dogfalo-materialize,21
Dogfalo-materialize,16
Dogfalo-materialize,6
Dogfalo-materialize,4
Dogfalo-materialize,42
Dogfalo-materialize,4
Dogfalo-materialize,7
Dogfalo-materialize,23
Dogfalo-materialize,4
Dogfalo-materialize,4
Dogfalo-materialize,25
Dogfalo-materialize,7
Dogfalo-materialize,352
Dogfalo-materialize,135
Dogfalo-materialize,5
Dogfalo-materialize,2
Dogfalo-materialize,2
Dogfalo-materialize,38
Dogfalo-materialize,11
Dogfalo-materialize,8
Dogfalo-materialize,21
Dogfalo-materialize,36
Dogfalo-materialize,235
Dogfalo-materialize,10
Dogfalo-materialize,4
Dogfalo-materialize,6
Dogfalo-materialize,31
Dogfalo-materialize,20
Dogfalo-materialize,18
Dogfalo-materialize,23
Dogfalo-materialize,24
Dogfalo-materialize,16
Dogfalo-materialize,16
Dogfalo-materialize,73
Dogfalo-materialize,20
Dogfalo-materialize,8
Dogfalo-materialize,4
Dogfalo-materialize,8
Dogfalo-materialize,7
Dogfalo-materialize,6
Dogfalo-materialize,10
Dogfalo-materialize,6
Dogfalo-materialize,4
Dogfalo-materialize,4
Dogfalo-materialize,3
Dogfalo-materialize,13
Dogfalo-materialize,8
Dogfalo-materialize,9
Dogfalo-materialize,8
Dogfalo-materialize,32
Dogfalo-materialize,32
Dogfalo-materialize,36
Dogfalo-materialize,28
Dogfalo-materialize,86
Dogfalo-materialize,32
Dogfalo-materialize,25
Dogfalo-materialize,2
Dogfalo-materialize,54
Dogfalo-materialize,16
Dogfalo-materialize,74
Dogfalo-materialize,434
Dogfalo-materialize,14
Dogfalo-materialize,6
Dogfalo-materialize,50
Dogfalo-materialize,4
Dogfalo-materialize,50
Dogfalo-materialize,14
Dogfalo-materialize,35
Dogfalo-materialize,15
Dogfalo-materialize,4
Dogfalo-materialize,4
Dogfalo-materialize,10
Dogfalo-materialize,7
Dogfalo-materialize,12
Dogfalo-materialize,46
Dogfalo-materialize,15
Dogfalo-materialize,8
Dogfalo-materialize,229
facebookincubator-create-react-app,968
facebookincubator-create-react-app,579
facebookincubator-create-react-app,2
facebookincubator-create-react-app,16
facebookincubator-create-react-app,16
socketio-socket.io,2
socketio-socket.io,17
socketio-socket.io,17
socketio-socket.io,4
socketio-socket.io,2
socketio-socket.io,2
socketio-socket.io,17
socketio-socket.io,8
socketio-socket.io,80
socketio-socket.io,739
socketio-socket.io,3
socketio-socket.io,12
socketio-socket.io,17
socketio-socket.io,16
socketio-socket.io,1345
socketio-socket.io,27
socketio-socket.io,29
socketio-socket.io,22
socketio-socket.io,29
socketio-socket.io,22
socketio-socket.io,39
socketio-socket.io,59
socketio-socket.io,59
socketio-socket.io,3
socketio-socket.io,15
socketio-socket.io,4
ReactTraining-react-router,17
ReactTraining-react-router,162
ReactTraining-react-router,2
ReactTraining-react-router,10
ReactTraining-react-router,24
ReactTraining-react-router,24
ReactTraining-react-router,8
TryGhost-Ghost,73
TryGhost-Ghost,489
TryGhost-Ghost,490
TryGhost-Ghost,1799
TryGhost-Ghost,2
TryGhost-Ghost,543
TryGhost-Ghost,16
TryGhost-Ghost,1084
TryGhost-Ghost,12
TryGhost-Ghost,485
TryGhost-Ghost,126
TryGhost-Ghost,37
TryGhost-Ghost,2
TryGhost-Ghost,51
TryGhost-Ghost,275
TryGhost-Ghost,736
TryGhost-Ghost,6
TryGhost-Ghost,73
TryGhost-Ghost,91
TryGhost-Ghost,91
TryGhost-Ghost,1815
TryGhost-Ghost,10
TryGhost-Ghost,109
TryGhost-Ghost,6
TryGhost-Ghost,119
TryGhost-Ghost,119
TryGhost-Ghost,3
TryGhost-Ghost,2
TryGhost-Ghost,22
TryGhost-Ghost,132
TryGhost-Ghost,132
TryGhost-Ghost,8
TryGhost-Ghost,8
TryGhost-Ghost,2
TryGhost-Ghost,4
TryGhost-Ghost,22
TryGhost-Ghost,7
TryGhost-Ghost,51
TryGhost-Ghost,2
TryGhost-Ghost,25
TryGhost-Ghost,25
TryGhost-Ghost,3
TryGhost-Ghost,2
TryGhost-Ghost,94
TryGhost-Ghost,22
TryGhost-Ghost,8
TryGhost-Ghost,11
TryGhost-Ghost,11
TryGhost-Ghost,56
TryGhost-Ghost,149
TryGhost-Ghost,36
TryGhost-Ghost,36
TryGhost-Ghost,36
TryGhost-Ghost,2
TryGhost-Ghost,2
TryGhost-Ghost,2
TryGhost-Ghost,2
TryGhost-Ghost,24
TryGhost-Ghost,38
TryGhost-Ghost,38
TryGhost-Ghost,751
TryGhost-Ghost,15
TryGhost-Ghost,2254
TryGhost-Ghost,1546
TryGhost-Ghost,49
TryGhost-Ghost,49
TryGhost-Ghost,3
TryGhost-Ghost,163
TryGhost-Ghost,3
TryGhost-Ghost,11
TryGhost-Ghost,6
TryGhost-Ghost,75
TryGhost-Ghost,75
TryGhost-Ghost,8
TryGhost-Ghost,4
TryGhost-Ghost,3
TryGhost-Ghost,3
TryGhost-Ghost,131
TryGhost-Ghost,76
TryGhost-Ghost,149
TryGhost-Ghost,2
TryGhost-Ghost,2
TryGhost-Ghost,6
TryGhost-Ghost,6
TryGhost-Ghost,6
TryGhost-Ghost,133
TryGhost-Ghost,593
TryGhost-Ghost,2
TryGhost-Ghost,36
TryGhost-Ghost,12
TryGhost-Ghost,2
TryGhost-Ghost,2
TryGhost-Ghost,49
TryGhost-Ghost,4
TryGhost-Ghost,419
TryGhost-Ghost,419
TryGhost-Ghost,143
TryGhost-Ghost,4
TryGhost-Ghost,40
TryGhost-Ghost,3
TryGhost-Ghost,35
TryGhost-Ghost,35
TryGhost-Ghost,91
TryGhost-Ghost,2
TryGhost-Ghost,2
TryGhost-Ghost,4
TryGhost-Ghost,4
TryGhost-Ghost,40
TryGhost-Ghost,2
TryGhost-Ghost,2
TryGhost-Ghost,24
TryGhost-Ghost,131
TryGhost-Ghost,15
TryGhost-Ghost,2
TryGhost-Ghost,2
TryGhost-Ghost,29
TryGhost-Ghost,29
TryGhost-Ghost,17
TryGhost-Ghost,17
TryGhost-Ghost,2
TryGhost-Ghost,2
TryGhost-Ghost,8
TryGhost-Ghost,4
TryGhost-Ghost,8
TryGhost-Ghost,8
TryGhost-Ghost,37
TryGhost-Ghost,37
TryGhost-Ghost,7
TryGhost-Ghost,7
TryGhost-Ghost,620
TryGhost-Ghost,88
TryGhost-Ghost,52
TryGhost-Ghost,2
TryGhost-Ghost,7
TryGhost-Ghost,8
TryGhost-Ghost,44
TryGhost-Ghost,20
TryGhost-Ghost,6
TryGhost-Ghost,47
TryGhost-Ghost,3
TryGhost-Ghost,3
TryGhost-Ghost,1
TryGhost-Ghost,54
TryGhost-Ghost,14
babel-babel,61
babel-babel,2
babel-babel,6070
babel-babel,2
babel-babel,97
babel-babel,24
babel-babel,20
babel-babel,74
babel-babel,20
babel-babel,7
babel-babel,40
babel-babel,160
babel-babel,9
babel-babel,20
babel-babel,28
babel-babel,39
babel-babel,39
babel-babel,101
babel-babel,82
babel-babel,82
babel-babel,68
babel-babel,60
babel-babel,16
babel-babel,4
babel-babel,23
babel-babel,22
babel-babel,28
babel-babel,4
babel-babel,126
babel-babel,4
babel-babel,2
babel-babel,1407
babel-babel,18951
babel-babel,4
babel-babel,64
babel-babel,2
babel-babel,2
babel-babel,13
babel-babel,102
babel-babel,6
babel-babel,6
babel-babel,21
babel-babel,4
babel-babel,4
babel-babel,195
babel-babel,2
babel-babel,2
babel-babel,2
babel-babel,2
babel-babel,13
babel-babel,12
babel-babel,9
babel-babel,2
babel-babel,629
babel-babel,57
babel-babel,17
babel-babel,30
babel-babel,1
babel-babel,2
babel-babel,11
babel-babel,25
babel-babel,16
babel-babel,5
babel-babel,9
babel-babel,25
babel-babel,3
meteor-meteor,346
meteor-meteor,346
meteor-meteor,355
meteor-meteor,10
meteor-meteor,25
meteor-meteor,16
meteor-meteor,21
meteor-meteor,52
meteor-meteor,14
meteor-meteor,16
meteor-meteor,14
meteor-meteor,16
meteor-meteor,8
meteor-meteor,26
meteor-meteor,1053
meteor-meteor,37
meteor-meteor,60
meteor-meteor,2
meteor-meteor,2
meteor-meteor,2
meteor-meteor,2
meteor-meteor,9
meteor-meteor,7
meteor-meteor,34
meteor-meteor,34
meteor-meteor,1
meteor-meteor,13
meteor-meteor,2
meteor-meteor,6
meteor-meteor,20
meteor-meteor,13
meteor-meteor,37
meteor-meteor,2
meteor-meteor,2
meteor-meteor,104
meteor-meteor,2
meteor-meteor,2
meteor-meteor,2
meteor-meteor,2
meteor-meteor,91
meteor-meteor,43
meteor-meteor,12
meteor-meteor,84
meteor-meteor,8
meteor-meteor,4
meteor-meteor,276
meteor-meteor,32
meteor-meteor,2
meteor-meteor,38
meteor-meteor,23
meteor-meteor,33
meteor-meteor,8
meteor-meteor,5
meteor-meteor,73
meteor-meteor,8
meteor-meteor,17
meteor-meteor,28
meteor-meteor,28
meteor-meteor,3
meteor-meteor,8
meteor-meteor,8
meteor-meteor,2
meteor-meteor,143
meteor-meteor,14
meteor-meteor,50
meteor-meteor,21
meteor-meteor,21
meteor-meteor,21
meteor-meteor,30
meteor-meteor,43
meteor-meteor,1339
meteor-meteor,5
meteor-meteor,33
meteor-meteor,12
meteor-meteor,8
meteor-meteor,40
meteor-meteor,12
meteor-meteor,58
meteor-meteor,19
meteor-meteor,5
meteor-meteor,7
meteor-meteor,1296
meteor-meteor,14
meteor-meteor,70
meteor-meteor,70
meteor-meteor,9
meteor-meteor,1788
meteor-meteor,9
meteor-meteor,258
meteor-meteor,2259
meteor-meteor,11824
meteor-meteor,42
meteor-meteor,33
meteor-meteor,2
meteor-meteor,11
meteor-meteor,11
meteor-meteor,16
meteor-meteor,2
meteor-meteor,15
meteor-meteor,15
meteor-meteor,2
meteor-meteor,2
meteor-meteor,30
meteor-meteor,5
meteor-meteor,7
meteor-meteor,1
meteor-meteor,5
meteor-meteor,35
meteor-meteor,35
meteor-meteor,21
meteor-meteor,14
meteor-meteor,14
meteor-meteor,6
meteor-meteor,15
meteor-meteor,57
meteor-meteor,6
meteor-meteor,27
meteor-meteor,38
meteor-meteor,89
meteor-meteor,67
meteor-meteor,2
meteor-meteor,4
meteor-meteor,1
meteor-meteor,2
meteor-meteor,2
meteor-meteor,92
meteor-meteor,66
meteor-meteor,851
meteor-meteor,21
meteor-meteor,8
meteor-meteor,21
meteor-meteor,109
meteor-meteor,2
meteor-meteor,2
meteor-meteor,10
meteor-meteor,20
meteor-meteor,200
meteor-meteor,3
meteor-meteor,79
meteor-meteor,39
meteor-meteor,39
meteor-meteor,57
meteor-meteor,57
meteor-meteor,64
meteor-meteor,2
meteor-meteor,21
meteor-meteor,43
meteor-meteor,52
meteor-meteor,260
meteor-meteor,4
meteor-meteor,18
meteor-meteor,118
meteor-meteor,80
meteor-meteor,3
meteor-meteor,35
meteor-meteor,70
meteor-meteor,240
meteor-meteor,174
meteor-meteor,8
meteor-meteor,8
meteor-meteor,34
meteor-meteor,15
meteor-meteor,25
meteor-meteor,13
meteor-meteor,15
meteor-meteor,54
meteor-meteor,2
meteor-meteor,58
meteor-meteor,15
meteor-meteor,50
meteor-meteor,77
meteor-meteor,6
meteor-meteor,206
meteor-meteor,155
meteor-meteor,39
meteor-meteor,96
meteor-meteor,130
meteor-meteor,47
meteor-meteor,4
meteor-meteor,47
meteor-meteor,4
meteor-meteor,15
meteor-meteor,4
meteor-meteor,64
meteor-meteor,23
meteor-meteor,456
meteor-meteor,3
meteor-meteor,25
meteor-meteor,1
meteor-meteor,1
meteor-meteor,31
meteor-meteor,13
meteor-meteor,20
meteor-meteor,5
meteor-meteor,5
meteor-meteor,24
meteor-meteor,15
meteor-meteor,16
meteor-meteor,29
meteor-meteor,29
meteor-meteor,3
meteor-meteor,16
meteor-meteor,5
meteor-meteor,9
meteor-meteor,68
meteor-meteor,7
meteor-meteor,18
meteor-meteor,38
meteor-meteor,22
meteor-meteor,43
meteor-meteor,31
meteor-meteor,5
meteor-meteor,31
meteor-meteor,92
meteor-meteor,10
meteor-meteor,13
meteor-meteor,6
meteor-meteor,1
meteor-meteor,4
meteor-meteor,11
meteor-meteor,4
meteor-meteor,102
meteor-meteor,74
meteor-meteor,53
meteor-meteor,44
meteor-meteor,24
meteor-meteor,2
meteor-meteor,4
meteor-meteor,380
meteor-meteor,17
meteor-meteor,64
meteor-meteor,101
meteor-meteor,32
meteor-meteor,106
meteor-meteor,1240
meteor-meteor,23
meteor-meteor,2
meteor-meteor,4
meteor-meteor,9
meteor-meteor,4
meteor-meteor,16
meteor-meteor,41
meteor-meteor,15
meteor-meteor,31
meteor-meteor,320
meteor-meteor,2
meteor-meteor,88
meteor-meteor,13
meteor-meteor,45
nodejs-node,14
nodejs-node,113
nodejs-node,9
nodejs-node,201
nodejs-node,58
nodejs-node,49
nodejs-node,28
nodejs-node,603
nodejs-node,178
nodejs-node,4
nodejs-node,4
nodejs-node,31
nodejs-node,16
nodejs-node,18044
nodejs-node,10
nodejs-node,26
nodejs-node,52
nodejs-node,20
nodejs-node,25
nodejs-node,13
nodejs-node,15
nodejs-node,2
nodejs-node,24
nodejs-node,10
nodejs-node,45
nodejs-node,11
nodejs-node,76
nodejs-node,2
nodejs-node,70
nodejs-node,78
nodejs-node,13
nodejs-node,6
nodejs-node,4
nodejs-node,241
nodejs-node,66
nodejs-node,6
nodejs-node,59
nodejs-node,5
nodejs-node,8197
nodejs-node,68
nodejs-node,102
nodejs-node,82
nodejs-node,12
nodejs-node,8
nodejs-node,28
nodejs-node,95
nodejs-node,4
nodejs-node,6
nodejs-node,21
nodejs-node,45
nodejs-node,2
nodejs-node,16
nodejs-node,2
nodejs-node,86
nodejs-node,17225
nodejs-node,8
nodejs-node,8
nodejs-node,20
nodejs-node,57
nodejs-node,262
nodejs-node,102
nodejs-node,5
nodejs-node,3
nodejs-node,2
nodejs-node,182
nodejs-node,13
nodejs-node,2
nodejs-node,15
nodejs-node,9
nodejs-node,6
nodejs-node,73
nodejs-node,9
nodejs-node,4
nodejs-node,14
nodejs-node,34
nodejs-node,6
nodejs-node,41
nodejs-node,46
nodejs-node,53
nodejs-node,4
nodejs-node,18
nodejs-node,24
nodejs-node,28
nodejs-node,42
nodejs-node,8
nodejs-node,8
nodejs-node,30
nodejs-node,36
nodejs-node,3
nodejs-node,34
nodejs-node,24
nodejs-node,48
nodejs-node,10
nodejs-node,8
nodejs-node,10
nodejs-node,28
nodejs-node,20
nodejs-node,63
nodejs-node,14
nodejs-node,5
nodejs-node,5
nodejs-node,126
nodejs-node,117
nodejs-node,6
nodejs-node,150
nodejs-node,22
nodejs-node,23
nodejs-node,16
nodejs-node,55
nodejs-node,18
nodejs-node,44
nodejs-node,12
nodejs-node,41
nodejs-node,11
nodejs-node,14
nodejs-node,4
nodejs-node,59
nodejs-node,85
nodejs-node,22
nodejs-node,8
nodejs-node,27
nodejs-node,48
nodejs-node,59
nodejs-node,6
nodejs-node,25
nodejs-node,1
nodejs-node,89
nodejs-node,2
nodejs-node,18
nodejs-node,4
nodejs-node,84
nodejs-node,92
nodejs-node,25
nodejs-node,37
nodejs-node,6
nodejs-node,93
nodejs-node,24
nodejs-node,35
nodejs-node,27
nodejs-node,13
nodejs-node,12
nodejs-node,53
nodejs-node,6
nodejs-node,38
nodejs-node,60
nodejs-node,57
nodejs-node,2
nodejs-node,14
nodejs-node,10
nodejs-node,13
nodejs-node,10
nodejs-node,2
nodejs-node,19
nodejs-node,6
nodejs-node,12
nodejs-node,108
nodejs-node,63
nodejs-node,7
nodejs-node,31
nodejs-node,6
nodejs-node,21
nodejs-node,91
nodejs-node,36
nodejs-node,36
nodejs-node,47
nodejs-node,52
nodejs-node,50
nodejs-node,4
nodejs-node,45
nodejs-node,20
nodejs-node,48
nodejs-node,75
nodejs-node,11
nodejs-node,72
nodejs-node,998
nodejs-node,3
nodejs-node,16
nodejs-node,2337
nodejs-node,5
nodejs-node,22
nodejs-node,98
nodejs-node,27
nodejs-node,4
nodejs-node,60
nodejs-node,16
nodejs-node,41
nodejs-node,48
nodejs-node,9
nodejs-node,9
nodejs-node,7
nodejs-node,3
nodejs-node,27
nodejs-node,409
nodejs-node,5
nodejs-node,61
nodejs-node,61
nodejs-node,2
nodejs-node,165
nodejs-node,83
nodejs-node,94
nodejs-node,354
nodejs-node,14
nodejs-node,292
nodejs-node,292
nodejs-node,742
nodejs-node,23
nodejs-node,20
nodejs-node,5
nodejs-node,682
nodejs-node,139
nodejs-node,260
nodejs-node,3
nodejs-node,5
nodejs-node,173
nodejs-node,33
nodejs-node,903
nodejs-node,796
nodejs-node,19
nodejs-node,19
nodejs-node,10
nodejs-node,4
nodejs-node,5
nodejs-node,65
nodejs-node,2
nodejs-node,34
nodejs-node,33
nodejs-node,2
nodejs-node,95
nodejs-node,40
nodejs-node,44
nodejs-node,2652
nodejs-node,10
nodejs-node,4
nodejs-node,258
nodejs-node,39
nodejs-node,2
nodejs-node,4913
nodejs-node,77
nodejs-node,19
nodejs-node,220
nodejs-node,35
nodejs-node,510
nodejs-node,86
nodejs-node,14
nodejs-node,23
nodejs-node,290
nodejs-node,842
nodejs-node,6
nodejs-node,10
nodejs-node,139
nodejs-node,65
nodejs-node,21
nodejs-node,2
nodejs-node,13
nodejs-node,100
nodejs-node,16
nodejs-node,16
nodejs-node,6
nodejs-node,2
nodejs-node,9
nodejs-node,4
nodejs-node,6
nodejs-node,64
nodejs-node,16
nodejs-node,1
nodejs-node,8
nodejs-node,4
nodejs-node,98
nodejs-node,76
nodejs-node,229
nodejs-node,68
nodejs-node,4
nodejs-node,105
nodejs-node,26
nodejs-node,47
nodejs-node,3
nodejs-node,68
nodejs-node,1
nodejs-node,40
nodejs-node,131
nodejs-node,1305
nodejs-node,15
nodejs-node,86
nodejs-node,2
nodejs-node,6
nodejs-node,21
nodejs-node,2
nodejs-node,1
nodejs-node,4
nodejs-node,30
nodejs-node,5
nodejs-node,2
nodejs-node,5
nodejs-node,4
nodejs-node,11
nodejs-node,18
nodejs-node,60
nodejs-node,57
nodejs-node,5
nodejs-node,33
nodejs-node,14
nodejs-node,20
nodejs-node,2
nodejs-node,137
nodejs-node,2
nodejs-node,42
nodejs-node,38
nodejs-node,32
nodejs-node,39
nodejs-node,4
nodejs-node,3
nodejs-node,12
nodejs-node,50
nodejs-node,28
nodejs-node,3
nodejs-node,73
nodejs-node,75
nodejs-node,53
nodejs-node,6
nodejs-node,85
nodejs-node,43
nodejs-node,19
nodejs-node,6
nodejs-node,14
nodejs-node,16
nodejs-node,8
nodejs-node,99
nodejs-node,8
nodejs-node,1
nodejs-node,21
nodejs-node,19
nodejs-node,28
nodejs-node,57
nodejs-node,51
nodejs-node,134
nodejs-node,7
nodejs-node,11
nodejs-node,6
nodejs-node,2
nodejs-node,13
nodejs-node,22
nodejs-node,13
nodejs-node,2
nodejs-node,104
nodejs-node,6
nodejs-node,13
nodejs-node,12
nodejs-node,47
nodejs-node,18
nodejs-node,9
nodejs-node,42
nodejs-node,14
nodejs-node,19
nodejs-node,28
nodejs-node,16
nodejs-node,20
nodejs-node,97
nodejs-node,96
nodejs-node,63
nodejs-node,10
nodejs-node,13
nodejs-node,20
nodejs-node,52
nodejs-node,26
nodejs-node,8
nodejs-node,24
nodejs-node,2
nodejs-node,37
nodejs-node,66
nodejs-node,3
nodejs-node,16
nodejs-node,39
nodejs-node,2
nodejs-node,2
nodejs-node,35
nodejs-node,47
nodejs-node,69
nodejs-node,92
nodejs-node,2
nodejs-node,29
nodejs-node,22
nodejs-node,2
nodejs-node,2
nodejs-node,59
nodejs-node,23
nodejs-node,31
nodejs-node,95
nodejs-node,1
nodejs-node,3
nodejs-node,26
nodejs-node,15
vuejs-vue,97
vuejs-vue,10
vuejs-vue,9
vuejs-vue,175
vuejs-vue,7
vuejs-vue,14
vuejs-vue,2
vuejs-vue,16
vuejs-vue,2
vuejs-vue,10
vuejs-vue,211
vuejs-vue,102
vuejs-vue,329
vuejs-vue,31
vuejs-vue,144
vuejs-vue,68
angular-angular.js,1155
angular-angular.js,8
angular-angular.js,131
angular-angular.js,35
angular-angular.js,48
angular-angular.js,14
angular-angular.js,36
angular-angular.js,134
angular-angular.js,20
angular-angular.js,27
angular-angular.js,61
angular-angular.js,11
angular-angular.js,1127
angular-angular.js,129
angular-angular.js,121
angular-angular.js,138
angular-angular.js,11
angular-angular.js,339
angular-angular.js,7
angular-angular.js,11
angular-angular.js,6
angular-angular.js,71
angular-angular.js,8
angular-angular.js,2
angular-angular.js,2
angular-angular.js,4
angular-angular.js,72
angular-angular.js,163
angular-angular.js,4
angular-angular.js,184
angular-angular.js,2
angular-angular.js,11
angular-angular.js,72
angular-angular.js,80
angular-angular.js,9
angular-angular.js,709
angular-angular.js,4
angular-angular.js,2
angular-angular.js,324
angular-angular.js,29
angular-angular.js,2
angular-angular.js,183
angular-angular.js,2
angular-angular.js,38
angular-angular.js,51
angular-angular.js,2
angular-angular.js,83
angular-angular.js,59
angular-angular.js,19
angular-angular.js,6
angular-angular.js,28
angular-angular.js,4325
angular-angular.js,63
angular-angular.js,15
angular-angular.js,17
angular-angular.js,21
angular-angular.js,11
angular-angular.js,4
angular-angular.js,25
angular-angular.js,12
angular-angular.js,22
angular-angular.js,7
angular-angular.js,2
angular-angular.js,26
angular-angular.js,60
angular-angular.js,32
angular-angular.js,53
angular-angular.js,18
angular-angular.js,3
angular-angular.js,41
angular-angular.js,62
angular-angular.js,49
angular-angular.js,22
angular-angular.js,27
angular-angular.js,43
angular-angular.js,44
angular-angular.js,125
angular-angular.js,2
angular-angular.js,19
angular-angular.js,5
angular-angular.js,22
angular-angular.js,61
angular-angular.js,9
angular-angular.js,32
angular-angular.js,1150
angular-angular.js,56
angular-angular.js,11
angular-angular.js,19
angular-angular.js,14
angular-angular.js,17
angular-angular.js,11
angular-angular.js,63
angular-angular.js,24
angular-angular.js,57
angular-angular.js,233
angular-angular.js,1942
angular-angular.js,53
angular-angular.js,8
angular-angular.js,27
angular-angular.js,39
angular-angular.js,3
angular-angular.js,20
angular-angular.js,33
angular-angular.js,4
angular-angular.js,33
angular-angular.js,4
angular-angular.js,89
angular-angular.js,488
angular-angular.js,133
angular-angular.js,297
angular-angular.js,347
angular-angular.js,54
angular-angular.js,36
alvarotrigo-fullPage.js,4
alvarotrigo-fullPage.js,7
alvarotrigo-fullPage.js,31
alvarotrigo-fullPage.js,6
alvarotrigo-fullPage.js,6
alvarotrigo-fullPage.js,7
alvarotrigo-fullPage.js,4
alvarotrigo-fullPage.js,4
alvarotrigo-fullPage.js,4
alvarotrigo-fullPage.js,16
alvarotrigo-fullPage.js,6
alvarotrigo-fullPage.js,6
alvarotrigo-fullPage.js,52
alvarotrigo-fullPage.js,26
alvarotrigo-fullPage.js,2
alvarotrigo-fullPage.js,54
alvarotrigo-fullPage.js,15
alvarotrigo-fullPage.js,6
alvarotrigo-fullPage.js,4
alvarotrigo-fullPage.js,3
alvarotrigo-fullPage.js,8
alvarotrigo-fullPage.js,10
alvarotrigo-fullPage.js,10
alvarotrigo-fullPage.js,10
alvarotrigo-fullPage.js,2
alvarotrigo-fullPage.js,4
alvarotrigo-fullPage.js,12
alvarotrigo-fullPage.js,25
alvarotrigo-fullPage.js,1
alvarotrigo-fullPage.js,8
alvarotrigo-fullPage.js,15
alvarotrigo-fullPage.js,3
alvarotrigo-fullPage.js,3
alvarotrigo-fullPage.js,36
alvarotrigo-fullPage.js,63
alvarotrigo-fullPage.js,58
alvarotrigo-fullPage.js,3
alvarotrigo-fullPage.js,9
alvarotrigo-fullPage.js,10
alvarotrigo-fullPage.js,10
alvarotrigo-fullPage.js,5
alvarotrigo-fullPage.js,20
alvarotrigo-fullPage.js,141
alvarotrigo-fullPage.js,4
alvarotrigo-fullPage.js,2
alvarotrigo-fullPage.js,36
alvarotrigo-fullPage.js,6
alvarotrigo-fullPage.js,81
alvarotrigo-fullPage.js,42
alvarotrigo-fullPage.js,2
alvarotrigo-fullPage.js,115
alvarotrigo-fullPage.js,11
alvarotrigo-fullPage.js,107
alvarotrigo-fullPage.js,197
alvarotrigo-fullPage.js,101
alvarotrigo-fullPage.js,7
alvarotrigo-fullPage.js,159
alvarotrigo-fullPage.js,6
alvarotrigo-fullPage.js,210
alvarotrigo-fullPage.js,133
alvarotrigo-fullPage.js,357
alvarotrigo-fullPage.js,302
alvarotrigo-fullPage.js,136
alvarotrigo-fullPage.js,144
alvarotrigo-fullPage.js,3042
alvarotrigo-fullPage.js,82
alvarotrigo-fullPage.js,212
alvarotrigo-fullPage.js,194
alvarotrigo-fullPage.js,221
alvarotrigo-fullPage.js,349
alvarotrigo-fullPage.js,192
alvarotrigo-fullPage.js,90
alvarotrigo-fullPage.js,196
alvarotrigo-fullPage.js,22
alvarotrigo-fullPage.js,30
alvarotrigo-fullPage.js,60
alvarotrigo-fullPage.js,12
alvarotrigo-fullPage.js,45
alvarotrigo-fullPage.js,32
alvarotrigo-fullPage.js,147
alvarotrigo-fullPage.js,30
alvarotrigo-fullPage.js,232
alvarotrigo-fullPage.js,46
alvarotrigo-fullPage.js,86
alvarotrigo-fullPage.js,10
alvarotrigo-fullPage.js,26
alvarotrigo-fullPage.js,85
alvarotrigo-fullPage.js,25
alvarotrigo-fullPage.js,48
alvarotrigo-fullPage.js,10
alvarotrigo-fullPage.js,60
alvarotrigo-fullPage.js,6
alvarotrigo-fullPage.js,15
alvarotrigo-fullPage.js,71
alvarotrigo-fullPage.js,91
alvarotrigo-fullPage.js,23
alvarotrigo-fullPage.js,49
alvarotrigo-fullPage.js,33
alvarotrigo-fullPage.js,17
alvarotrigo-fullPage.js,128
alvarotrigo-fullPage.js,39
alvarotrigo-fullPage.js,62
alvarotrigo-fullPage.js,81
alvarotrigo-fullPage.js,61
alvarotrigo-fullPage.js,4
alvarotrigo-fullPage.js,10
alvarotrigo-fullPage.js,12
alvarotrigo-fullPage.js,10
alvarotrigo-fullPage.js,99
alvarotrigo-fullPage.js,37
alvarotrigo-fullPage.js,22
alvarotrigo-fullPage.js,105
alvarotrigo-fullPage.js,50
alvarotrigo-fullPage.js,40
alvarotrigo-fullPage.js,55
alvarotrigo-fullPage.js,44
alvarotrigo-fullPage.js,103
alvarotrigo-fullPage.js,69
alvarotrigo-fullPage.js,54
alvarotrigo-fullPage.js,10
alvarotrigo-fullPage.js,108
alvarotrigo-fullPage.js,20
alvarotrigo-fullPage.js,19
alvarotrigo-fullPage.js,29
alvarotrigo-fullPage.js,123
reactjs-redux,56
reactjs-redux,21
reactjs-redux,18
reactjs-redux,31
reactjs-redux,111
facebook-react,17
facebook-react,34
facebook-react,263
facebook-react,5
facebook-react,146
facebook-react,49
facebook-react,43
facebook-react,103
facebook-react,341
facebook-react,27
facebook-react,6
facebook-react,47
facebook-react,35
facebook-react,250
facebook-react,396
facebook-react,21
facebook-react,988
facebook-react,124
facebook-react,1818
facebook-react,108
facebook-react,107
facebook-react,125
facebook-react,165
facebook-react,5
facebook-react,59
facebook-react,208
facebook-react,24
facebook-react,35
facebook-react,7
facebook-react,109
facebook-react,103
facebook-react,4
facebook-react,12
facebook-react,482
facebook-react,284
facebook-react,134
facebook-react,138
facebook-react,160
facebook-react,129
facebook-react,35
facebook-react,35
facebook-react,35
facebook-react,26
facebook-react,35
facebook-react,131
facebook-react,18
facebook-react,2
facebook-react,28
facebook-react,17
facebook-react,28
facebook-react,6
facebook-react,10
facebook-react,10
facebook-react,6
facebook-react,6
facebook-react,10
facebook-react,31
facebook-react,27
facebook-react,309
facebook-react,73
facebook-react,2
facebook-react,6
facebook-react,4
facebook-react,19
facebook-react,5
facebook-react,1393
facebook-react,20
facebook-react,52
facebook-react,17
facebook-react,2
facebook-react,9
facebook-react,47
facebook-react,30
facebook-react,11
facebook-react,12
facebook-react,3
facebook-react,39
facebook-react,173
facebook-react,173
facebook-react,114
facebook-react,19
facebook-react,84
facebook-react,70
facebook-react,173
facebook-react,12
facebook-react,18
facebook-react,3
facebook-react,25
facebook-react,2
facebook-react,2
facebook-react,305
facebook-react,39
facebook-react,17
facebook-react,35
adobe-brackets,331
adobe-brackets,36
adobe-brackets,39
adobe-brackets,27
adobe-brackets,31
adobe-brackets,31
adobe-brackets,31
adobe-brackets,2
adobe-brackets,9
adobe-brackets,73
adobe-brackets,3
adobe-brackets,594
adobe-brackets,25
adobe-brackets,736
adobe-brackets,144
adobe-brackets,120
adobe-brackets,24
adobe-brackets,49
adobe-brackets,6
adobe-brackets,3
adobe-brackets,172
adobe-brackets,19
adobe-brackets,33
adobe-brackets,1
adobe-brackets,1
adobe-brackets,6
adobe-brackets,746
adobe-brackets,2
adobe-brackets,20
adobe-brackets,20
adobe-brackets,28
adobe-brackets,28
adobe-brackets,107
adobe-brackets,147
adobe-brackets,37391
adobe-brackets,100
adobe-brackets,85
adobe-brackets,100
adobe-brackets,4
adobe-brackets,45
adobe-brackets,2304
adobe-brackets,14
adobe-brackets,14
adobe-brackets,20
adobe-brackets,20
adobe-brackets,125
adobe-brackets,5
adobe-brackets,124
adobe-brackets,5058
adobe-brackets,36
adobe-brackets,86
adobe-brackets,158
adobe-brackets,159
adobe-brackets,91
adobe-brackets,91
adobe-brackets,1004
adobe-brackets,259
adobe-brackets,309
adobe-brackets,3858
adobe-brackets,13
adobe-brackets,13
adobe-brackets,3
adobe-brackets,15
adobe-brackets,10
adobe-brackets,93
adobe-brackets,3
adobe-brackets,25272
adobe-brackets,5
adobe-brackets,5
adobe-brackets,60
adobe-brackets,47
adobe-brackets,36
adobe-brackets,36
adobe-brackets,2
adobe-brackets,68
adobe-brackets,11
adobe-brackets,68
adobe-brackets,2
adobe-brackets,2
adobe-brackets,11
adobe-brackets,11
adobe-brackets,129
adobe-brackets,89
adobe-brackets,6
adobe-brackets,6
adobe-brackets,591
adobe-brackets,29
adobe-brackets,82
adobe-brackets,232
adobe-brackets,840
adobe-brackets,61
adobe-brackets,232
adobe-brackets,2
adobe-brackets,46
adobe-brackets,45
adobe-brackets,8
adobe-brackets,8
adobe-brackets,65
adobe-brackets,65
adobe-brackets,50
adobe-brackets,56
adobe-brackets,56
adobe-brackets,4474
adobe-brackets,85
adobe-brackets,26
adobe-brackets,79
adobe-brackets,76
adobe-brackets,194
adobe-brackets,4
adobe-brackets,4
adobe-brackets,111
adobe-brackets,191
adobe-brackets,143
adobe-brackets,2
adobe-brackets,2
adobe-brackets,66
adobe-brackets,13
adobe-brackets,19
adobe-brackets,109
adobe-brackets,83
adobe-brackets,2
adobe-brackets,76
adobe-brackets,65
adobe-brackets,7
adobe-brackets,9
adobe-brackets,9
adobe-brackets,54
adobe-brackets,2
adobe-brackets,12
adobe-brackets,10
adobe-brackets,77
adobe-brackets,58
adobe-brackets,82
adobe-brackets,159
adobe-brackets,152
adobe-brackets,800
adobe-brackets,2
adobe-brackets,7
adobe-brackets,70
adobe-brackets,46
adobe-brackets,274
adobe-brackets,4
adobe-brackets,21
adobe-brackets,21
adobe-brackets,141
adobe-brackets,251
adobe-brackets,56
adobe-brackets,69
adobe-brackets,9
adobe-brackets,9
adobe-brackets,56
adobe-brackets,2
adobe-brackets,50
adobe-brackets,98
adobe-brackets,2
adobe-brackets,102
adobe-brackets,100
adobe-brackets,15
adobe-brackets,178
adobe-brackets,66
adobe-brackets,15
adobe-brackets,202
adobe-brackets,17
adobe-brackets,4
adobe-brackets,40
adobe-brackets,1
adobe-brackets,1
adobe-brackets,22
adobe-brackets,11
adobe-brackets,200
adobe-brackets,4
adobe-brackets,144
adobe-brackets,188
adobe-brackets,5727
adobe-brackets,2
adobe-brackets,1604
adobe-brackets,6
adobe-brackets,207
adobe-brackets,23
adobe-brackets,200
adobe-brackets,59
adobe-brackets,67
adobe-brackets,2
adobe-brackets,141
adobe-brackets,2
adobe-brackets,645
adobe-brackets,2
adobe-brackets,2
adobe-brackets,889
adobe-brackets,645
adobe-brackets,38
adobe-brackets,92
adobe-brackets,27
adobe-brackets,18223
adobe-brackets,45
adobe-brackets,44
adobe-brackets,43
adobe-brackets,3
adobe-brackets,403
adobe-brackets,125
adobe-brackets,125
adobe-brackets,716
adobe-brackets,8
adobe-brackets,48
adobe-brackets,34
adobe-brackets,36
adobe-brackets,9
adobe-brackets,363
adobe-brackets,41
adobe-brackets,126
adobe-brackets,5
adobe-brackets,208
adobe-brackets,208
adobe-brackets,4
adobe-brackets,5
adobe-brackets,165
adobe-brackets,165
adobe-brackets,26
adobe-brackets,7
adobe-brackets,79
adobe-brackets,2
adobe-brackets,10
adobe-brackets,10
adobe-brackets,8
adobe-brackets,107
adobe-brackets,73
adobe-brackets,2
adobe-brackets,4
adobe-brackets,174
adobe-brackets,134
adobe-brackets,4
adobe-brackets,2
adobe-brackets,4
adobe-brackets,12
adobe-brackets,4
adobe-brackets,2
adobe-brackets,2
adobe-brackets,26
adobe-brackets,26
adobe-brackets,113
adobe-brackets,148
adobe-brackets,71
adobe-brackets,14
adobe-brackets,12
adobe-brackets,157
adobe-brackets,31
adobe-brackets,14
adobe-brackets,56
adobe-brackets,56
adobe-brackets,8
adobe-brackets,19
adobe-brackets,6
adobe-brackets,6
adobe-brackets,19
adobe-brackets,287
adobe-brackets,5
adobe-brackets,33
adobe-brackets,4
adobe-brackets,2
adobe-brackets,20
adobe-brackets,555
adobe-brackets,33
adobe-brackets,4
adobe-brackets,42
adobe-brackets,273
adobe-brackets,6
adobe-brackets,3
adobe-brackets,66
adobe-brackets,124
adobe-brackets,167
adobe-brackets,171
adobe-brackets,13
adobe-brackets,27
adobe-brackets,171
adobe-brackets,2
adobe-brackets,46
adobe-brackets,2
adobe-brackets,955
adobe-brackets,14
adobe-brackets,3
adobe-brackets,3
adobe-brackets,105
adobe-brackets,105
adobe-brackets,55
adobe-brackets,40
adobe-brackets,40
adobe-brackets,291
adobe-brackets,6
adobe-brackets,41
adobe-brackets,9
adobe-brackets,9
adobe-brackets,387
adobe-brackets,4
adobe-brackets,178
adobe-brackets,8
adobe-brackets,134
adobe-brackets,34
adobe-brackets,34
adobe-brackets,5
adobe-brackets,120
adobe-brackets,5411
adobe-brackets,52
adobe-brackets,107
adobe-brackets,26
adobe-brackets,20
adobe-brackets,4
adobe-brackets,6
adobe-brackets,33
adobe-brackets,5
adobe-brackets,7
adobe-brackets,14
adobe-brackets,7
adobe-brackets,33
adobe-brackets,4
adobe-brackets,15
adobe-brackets,4
adobe-brackets,68
adobe-brackets,46
adobe-brackets,15
adobe-brackets,17
adobe-brackets,17
adobe-brackets,141
adobe-brackets,127
adobe-brackets,7
adobe-brackets,2
adobe-brackets,7
adobe-brackets,2
adobe-brackets,112
adobe-brackets,139
adobe-brackets,11
adobe-brackets,11
adobe-brackets,112
adobe-brackets,2
adobe-brackets,89
adobe-brackets,87
adobe-brackets,15
adobe-brackets,301
adobe-brackets,39
adobe-brackets,35
adobe-brackets,4
adobe-brackets,4
adobe-brackets,34
adobe-brackets,34
adobe-brackets,26
adobe-brackets,9
adobe-brackets,160
adobe-brackets,160
adobe-brackets,94
adobe-brackets,89
adobe-brackets,2
adobe-brackets,303
adobe-brackets,13
adobe-brackets,2
adobe-brackets,636
adobe-brackets,57
adobe-brackets,15
adobe-brackets,25
adobe-brackets,112
adobe-brackets,35
adobe-brackets,63
adobe-brackets,6
adobe-brackets,1
adobe-brackets,572
adobe-brackets,250
adobe-brackets,1331
adobe-brackets,37
adobe-brackets,1149
adobe-brackets,2
adobe-brackets,3
adobe-brackets,975
adobe-brackets,745
adobe-brackets,334
adobe-brackets,11
adobe-brackets,16
adobe-brackets,87
adobe-brackets,55
adobe-brackets,4
adobe-brackets,1889
adobe-brackets,2
adobe-brackets,2
adobe-brackets,33
adobe-brackets,1042
adobe-brackets,100
adobe-brackets,232
adobe-brackets,152
adobe-brackets,9750
adobe-brackets,22
adobe-brackets,40
adobe-brackets,14
adobe-brackets,2
adobe-brackets,3229
adobe-brackets,2
adobe-brackets,591
adobe-brackets,34
adobe-brackets,4
adobe-brackets,4632
adobe-brackets,52
adobe-brackets,14
adobe-brackets,11
adobe-brackets,6
adobe-brackets,15
adobe-brackets,154
adobe-brackets,4
adobe-brackets,18
adobe-brackets,114
adobe-brackets,26
adobe-brackets,251
adobe-brackets,170
adobe-brackets,155
adobe-brackets,43
adobe-brackets,6
adobe-brackets,19
adobe-brackets,45
adobe-brackets,34
adobe-brackets,218
adobe-brackets,47
adobe-brackets,1925
adobe-brackets,134
adobe-brackets,23
adobe-brackets,84
adobe-brackets,6016
adobe-brackets,6224
adobe-brackets,12
adobe-brackets,168
adobe-brackets,990
adobe-brackets,163
adobe-brackets,8
adobe-brackets,2
adobe-brackets,6
adobe-brackets,21
adobe-brackets,60
adobe-brackets,3
adobe-brackets,4
adobe-brackets,69
adobe-brackets,759
adobe-brackets,198
adobe-brackets,44
adobe-brackets,156
adobe-brackets,143
adobe-brackets,2
adobe-brackets,2413
adobe-brackets,203
adobe-brackets,15
adobe-brackets,25
adobe-brackets,59
adobe-brackets,25
adobe-brackets,163
adobe-brackets,128
adobe-brackets,867
adobe-brackets,839
adobe-brackets,28
adobe-brackets,28
adobe-brackets,92
adobe-brackets,16
adobe-brackets,8
adobe-brackets,762
adobe-brackets,32
adobe-brackets,50
adobe-brackets,56
adobe-brackets,20
adobe-brackets,245
adobe-brackets,27
adobe-brackets,71
adobe-brackets,2
adobe-brackets,12
adobe-brackets,1
adobe-brackets,171
adobe-brackets,807
adobe-brackets,807
adobe-brackets,23
adobe-brackets,28
adobe-brackets,56
adobe-brackets,165
adobe-brackets,112
adobe-brackets,307
adobe-brackets,2
adobe-brackets,301
adobe-brackets,4
adobe-brackets,12
adobe-brackets,134
adobe-brackets,910
adobe-brackets,428
adobe-brackets,464
adobe-brackets,4
adobe-brackets,508
adobe-brackets,284
adobe-brackets,112
adobe-brackets,121
adobe-brackets,2289
adobe-brackets,2
adobe-brackets,183
adobe-brackets,4
adobe-brackets,18
adobe-brackets,10
d3-d3,6
d3-d3,282
d3-d3,3
d3-d3,29
d3-d3,94
d3-d3,12
d3-d3,46
d3-d3,46
d3-d3,5
d3-d3,6
d3-d3,76
d3-d3,28
d3-d3,10
d3-d3,66
d3-d3,6
d3-d3,6
d3-d3,73
d3-d3,102
d3-d3,40
d3-d3,111
d3-d3,16
d3-d3,26
d3-d3,23
d3-d3,54
d3-d3,8
d3-d3,41
d3-d3,6
d3-d3,75
d3-d3,9
d3-d3,5
d3-d3,5
d3-d3,6
d3-d3,6
d3-d3,26
d3-d3,132
d3-d3,98
d3-d3,10
d3-d3,26
d3-d3,24
d3-d3,27
d3-d3,17
d3-d3,122
d3-d3,21
d3-d3,17
d3-d3,415
d3-d3,58
d3-d3,77
d3-d3,10
d3-d3,226
d3-d3,6
d3-d3,10
d3-d3,2
d3-d3,68
d3-d3,26
d3-d3,12
d3-d3,2
d3-d3,36
d3-d3,26
d3-d3,10
d3-d3,6
d3-d3,26
d3-d3,22
d3-d3,20
d3-d3,28
d3-d3,83
d3-d3,80
d3-d3,192
d3-d3,252
d3-d3,40
d3-d3,30
d3-d3,55
d3-d3,110
d3-d3,3
d3-d3,236
d3-d3,26
d3-d3,2
d3-d3,4
d3-d3,12
d3-d3,275
d3-d3,12
d3-d3,43
d3-d3,2
d3-d3,170
d3-d3,838
d3-d3,12
d3-d3,74
d3-d3,3156
d3-d3,31
d3-d3,1760
d3-d3,151
d3-d3,2963
d3-d3,92
d3-d3,115
d3-d3,59
d3-d3,116
d3-d3,35
d3-d3,411
d3-d3,416
d3-d3,40
d3-d3,423
d3-d3,49
d3-d3,210
d3-d3,18
d3-d3,20
d3-d3,12
d3-d3,34
d3-d3,16
d3-d3,1
d3-d3,24
d3-d3,130
d3-d3,315
d3-d3,1203
d3-d3,186
d3-d3,298
d3-d3,52
d3-d3,410
d3-d3,280
d3-d3,439
d3-d3,177
d3-d3,92
d3-d3,22
d3-d3,160
d3-d3,22
d3-d3,154
d3-d3,161
d3-d3,24
d3-d3,196
d3-d3,62
d3-d3,140
d3-d3,18
d3-d3,206
d3-d3,93
d3-d3,118
facebook-immutable-js,1
facebook-immutable-js,80
facebook-immutable-js,48
facebook-immutable-js,48
facebook-immutable-js,246
facebook-immutable-js,187
facebook-immutable-js,209
facebook-immutable-js,59
facebook-immutable-js,115
facebook-immutable-js,12
facebook-immutable-js,6
facebook-immutable-js,22
facebook-immutable-js,106
facebook-immutable-js,6
facebook-immutable-js,17
facebook-immutable-js,2
facebook-immutable-js,82
facebook-immutable-js,4
facebook-immutable-js,6
facebook-immutable-js,502
facebook-immutable-js,553
facebook-immutable-js,31
facebook-immutable-js,88
facebook-immutable-js,111
facebook-immutable-js,234
tastejs-todomvc,2
tastejs-todomvc,315
tastejs-todomvc,313
tastejs-todomvc,3
tastejs-todomvc,1
tastejs-todomvc,2
tastejs-todomvc,61
tastejs-todomvc,1703
tastejs-todomvc,12055
tastejs-todomvc,1
tastejs-todomvc,1
tastejs-todomvc,19244
tastejs-todomvc,8
tastejs-todomvc,209
tastejs-todomvc,2
tastejs-todomvc,17352
tastejs-todomvc,17352
tastejs-todomvc,1807
tastejs-todomvc,6
tastejs-todomvc,10888
tastejs-todomvc,10888
tastejs-todomvc,7
tastejs-todomvc,7
tastejs-todomvc,8
tastejs-todomvc,295
tastejs-todomvc,13872
tastejs-todomvc,7933
tastejs-todomvc,78
tastejs-todomvc,6
tastejs-todomvc,4797
tastejs-todomvc,158
tastejs-todomvc,6
tastejs-todomvc,4
tastejs-todomvc,2
tastejs-todomvc,4
tastejs-todomvc,2661
tastejs-todomvc,15820
tastejs-todomvc,2370
tastejs-todomvc,4
tastejs-todomvc,32
tastejs-todomvc,32
tastejs-todomvc,2
tastejs-todomvc,12435
yarnpkg-yarn,13
yarnpkg-yarn,15
yarnpkg-yarn,11
yarnpkg-yarn,73
yarnpkg-yarn,104
yarnpkg-yarn,900
yarnpkg-yarn,270
yarnpkg-yarn,270
yarnpkg-yarn,270
yarnpkg-yarn,39
yarnpkg-yarn,89
yarnpkg-yarn,148
yarnpkg-yarn,229
yarnpkg-yarn,836
yarnpkg-yarn,9
yarnpkg-yarn,4
yarnpkg-yarn,15
