projectname,ploc
facebook-Shimmer,2
eczarny-spectacle,9
eczarny-spectacle,2
eczarny-spectacle,2
tonymillion-Reachability,2
tonymillion-Reachability,2
SnapKit-Masonry,3
SnapKit-Masonry,1
SnapKit-Masonry,2
SnapKit-Masonry,8
SnapKit-Masonry,8
jverkoey-nimbus,89
jverkoey-nimbus,2
jverkoey-nimbus,2
jverkoey-nimbus,2
jverkoey-nimbus,2
jverkoey-nimbus,2
jverkoey-nimbus,2
jverkoey-nimbus,4
jverkoey-nimbus,12
jverkoey-nimbus,2
jverkoey-nimbus,4
jverkoey-nimbus,2
jverkoey-nimbus,2
jverkoey-nimbus,7
jverkoey-nimbus,7
jverkoey-nimbus,4
jverkoey-nimbus,2
jverkoey-nimbus,2
jverkoey-nimbus,3
jverkoey-nimbus,26
jverkoey-nimbus,2
jverkoey-nimbus,2
jverkoey-nimbus,300
jverkoey-nimbus,21
jverkoey-nimbus,1
jverkoey-nimbus,41
jverkoey-nimbus,2
jverkoey-nimbus,2
jverkoey-nimbus,1
jverkoey-nimbus,2
jverkoey-nimbus,4
jverkoey-nimbus,2
jverkoey-nimbus,2
jverkoey-nimbus,21
jverkoey-nimbus,2
jverkoey-nimbus,43
jverkoey-nimbus,2
jverkoey-nimbus,2
jverkoey-nimbus,452
jverkoey-nimbus,23
jverkoey-nimbus,2
jverkoey-nimbus,2
jverkoey-nimbus,9
jverkoey-nimbus,9
jverkoey-nimbus,164
jverkoey-nimbus,63
jverkoey-nimbus,16
jverkoey-nimbus,91
jverkoey-nimbus,219
jverkoey-nimbus,165
jverkoey-nimbus,53
rs-SDWebImage,2
rs-SDWebImage,2
rs-SDWebImage,2
rs-SDWebImage,2
rs-SDWebImage,4
rs-SDWebImage,3
rs-SDWebImage,4
rs-SDWebImage,3
rs-SDWebImage,44
rs-SDWebImage,44
rs-SDWebImage,6
rs-SDWebImage,6
rs-SDWebImage,4
rs-SDWebImage,37
rs-SDWebImage,11
rs-SDWebImage,2
rs-SDWebImage,2
rs-SDWebImage,2
magicalpanda-MagicalRecord,8
magicalpanda-MagicalRecord,7
magicalpanda-MagicalRecord,2
magicalpanda-MagicalRecord,5
magicalpanda-MagicalRecord,5
magicalpanda-MagicalRecord,2
magicalpanda-MagicalRecord,2
magicalpanda-MagicalRecord,9
magicalpanda-MagicalRecord,2
magicalpanda-MagicalRecord,2
magicalpanda-MagicalRecord,3
magicalpanda-MagicalRecord,4
ibireme-YYKit,2
ibireme-YYKit,31
ibireme-YYKit,2
ibireme-YYKit,3
ibireme-YYKit,1
ibireme-YYKit,2
ibireme-YYKit,2
ibireme-YYKit,2
ibireme-YYKit,4
ibireme-YYKit,2
ibireme-YYKit,1
ibireme-YYKit,2
ibireme-YYKit,6
ibireme-YYKit,6
ibireme-YYKit,10
ibireme-YYKit,60
ibireme-YYKit,34
ibireme-YYKit,72
ibireme-YYKit,613
ibireme-YYKit,2
ibireme-YYKit,4
ibireme-YYKit,4
ibireme-YYKit,4
ibireme-YYKit,11
ibireme-YYKit,6
ibireme-YYKit,2
ibireme-YYKit,2
ibireme-YYKit,2
ibireme-YYKit,17
ibireme-YYKit,2
ibireme-YYKit,2
ibireme-YYKit,2
ibireme-YYKit,34
ibireme-YYKit,2
ibireme-YYKit,469
ibireme-YYKit,1
ibireme-YYKit,2
ibireme-YYKit,1
ibireme-YYKit,4
ibireme-YYKit,18
ibireme-YYKit,4
ibireme-YYKit,33
ibireme-YYKit,10
ibireme-YYKit,2
ibireme-YYKit,1
ibireme-YYKit,8
BradLarson-GPUImage,3
BradLarson-GPUImage,4
BradLarson-GPUImage,4
BradLarson-GPUImage,3
BradLarson-GPUImage,3
BradLarson-GPUImage,21
BradLarson-GPUImage,17
BradLarson-GPUImage,2
BradLarson-GPUImage,4
BradLarson-GPUImage,2
BradLarson-GPUImage,344
BradLarson-GPUImage,20
BradLarson-GPUImage,4
BradLarson-GPUImage,4
BradLarson-GPUImage,15
BradLarson-GPUImage,2
BradLarson-GPUImage,2
BradLarson-GPUImage,2
BradLarson-GPUImage,14
BradLarson-GPUImage,2
BradLarson-GPUImage,5
BradLarson-GPUImage,16
BradLarson-GPUImage,274
BradLarson-GPUImage,18
BradLarson-GPUImage,2
BradLarson-GPUImage,15
BradLarson-GPUImage,4
BradLarson-GPUImage,2
BradLarson-GPUImage,2
BradLarson-GPUImage,4
BradLarson-GPUImage,49
BradLarson-GPUImage,49
BradLarson-GPUImage,1
BradLarson-GPUImage,4
BradLarson-GPUImage,23
BradLarson-GPUImage,37
BradLarson-GPUImage,126
BradLarson-GPUImage,179
jdg-MBProgressHUD,2
jdg-MBProgressHUD,2
jdg-MBProgressHUD,11
jdg-MBProgressHUD,10
jdg-MBProgressHUD,6
jdg-MBProgressHUD,2
CEWendel-SWTableViewCell,103
CEWendel-SWTableViewCell,13
CEWendel-SWTableViewCell,13
CEWendel-SWTableViewCell,2
CEWendel-SWTableViewCell,2
CEWendel-SWTableViewCell,4
CEWendel-SWTableViewCell,4
CEWendel-SWTableViewCell,2
ibireme-YYText,2
ibireme-YYText,3
ibireme-YYText,1
ibireme-YYText,22
ibireme-YYText,5
ibireme-YYText,6
ibireme-YYText,6
ibireme-YYText,72
ibireme-YYText,611
ibireme-YYText,2
ibireme-YYText,2
ibireme-YYText,2
ibireme-YYText,17
ibireme-YYText,2
ibireme-YYText,2
ibireme-YYText,9
ibireme-YYText,41
ibireme-YYText,2
ibireme-YYText,1
ibireme-YYText,15
ibireme-YYText,2
ibireme-YYText,2
ibireme-YYText,5
ibireme-YYText,4
ibireme-YYText,4
ibireme-YYText,1
ibireme-YYText,18
ibireme-YYText,4
ibireme-YYText,10
ibireme-YYText,2
ibireme-YYText,1
ibireme-YYText,8
ibireme-YYText,3
ibireme-YYText,100
ibireme-YYText,2
ibireme-YYText,47
ibireme-YYText,67
ibireme-YYText,2
Flipboard-FLEX,58
Flipboard-FLEX,5
Flipboard-FLEX,56
Flipboard-FLEX,5
Flipboard-FLEX,2
Flipboard-FLEX,2
Flipboard-FLEX,5
Grouper-FlatUIKit,4
Grouper-FlatUIKit,4
Grouper-FlatUIKit,38
Grouper-FlatUIKit,11
Grouper-FlatUIKit,5
TTTAttributedLabel-TTTAttributedLabel,19
TTTAttributedLabel-TTTAttributedLabel,6
TTTAttributedLabel-TTTAttributedLabel,69
TTTAttributedLabel-TTTAttributedLabel,1
TTTAttributedLabel-TTTAttributedLabel,4
TTTAttributedLabel-TTTAttributedLabel,10
TTTAttributedLabel-TTTAttributedLabel,4
TTTAttributedLabel-TTTAttributedLabel,18
TTTAttributedLabel-TTTAttributedLabel,27
TTTAttributedLabel-TTTAttributedLabel,9
TTTAttributedLabel-TTTAttributedLabel,3
TTTAttributedLabel-TTTAttributedLabel,3
TTTAttributedLabel-TTTAttributedLabel,1
TTTAttributedLabel-TTTAttributedLabel,2
SVProgressHUD-SVProgressHUD,1
SVProgressHUD-SVProgressHUD,1
SVProgressHUD-SVProgressHUD,28
SVProgressHUD-SVProgressHUD,2
SVProgressHUD-SVProgressHUD,2
SVProgressHUD-SVProgressHUD,64
SVProgressHUD-SVProgressHUD,13
SVProgressHUD-SVProgressHUD,294
SVProgressHUD-SVProgressHUD,8
SVProgressHUD-SVProgressHUD,10
SVProgressHUD-SVProgressHUD,277
SVProgressHUD-SVProgressHUD,6
SVProgressHUD-SVProgressHUD,3
SVProgressHUD-SVProgressHUD,43
SVProgressHUD-SVProgressHUD,4
SVProgressHUD-SVProgressHUD,2
SVProgressHUD-SVProgressHUD,19
SVProgressHUD-SVProgressHUD,6
SVProgressHUD-SVProgressHUD,8
SVProgressHUD-SVProgressHUD,2
SVProgressHUD-SVProgressHUD,21
SVProgressHUD-SVProgressHUD,5
SVProgressHUD-SVProgressHUD,2
SVProgressHUD-SVProgressHUD,4
SVProgressHUD-SVProgressHUD,6
SVProgressHUD-SVProgressHUD,2
SVProgressHUD-SVProgressHUD,2
SVProgressHUD-SVProgressHUD,9
SVProgressHUD-SVProgressHUD,7
SVProgressHUD-SVProgressHUD,2
SVProgressHUD-SVProgressHUD,7
SVProgressHUD-SVProgressHUD,3
romaonthego-RESideMenu,5
romaonthego-RESideMenu,5
romaonthego-RESideMenu,69
romaonthego-RESideMenu,1
romaonthego-RESideMenu,23
romaonthego-RESideMenu,5
romaonthego-RESideMenu,59
romaonthego-RESideMenu,27
romaonthego-RESideMenu,10
romaonthego-RESideMenu,6
romaonthego-RESideMenu,6
jverdi-JVFloatLabeledTextField,4
jverdi-JVFloatLabeledTextField,8
jverdi-JVFloatLabeledTextField,8
jverdi-JVFloatLabeledTextField,7
jverdi-JVFloatLabeledTextField,7
jverdi-JVFloatLabeledTextField,4
jverdi-JVFloatLabeledTextField,4
onevcat-VVDocumenter-Xcode,8
onevcat-VVDocumenter-Xcode,8
onevcat-VVDocumenter-Xcode,26
onevcat-VVDocumenter-Xcode,2
onevcat-VVDocumenter-Xcode,49
AFNetworking-AFNetworking,4
AFNetworking-AFNetworking,7
AFNetworking-AFNetworking,52
AFNetworking-AFNetworking,32
AFNetworking-AFNetworking,32
AFNetworking-AFNetworking,6
AFNetworking-AFNetworking,4
AFNetworking-AFNetworking,114
AFNetworking-AFNetworking,89
AFNetworking-AFNetworking,57
AFNetworking-AFNetworking,40
AFNetworking-AFNetworking,2
AFNetworking-AFNetworking,2
AFNetworking-AFNetworking,189
AFNetworking-AFNetworking,29
AFNetworking-AFNetworking,2
AFNetworking-AFNetworking,2
AFNetworking-AFNetworking,227
AFNetworking-AFNetworking,126
AFNetworking-AFNetworking,291
AFNetworking-AFNetworking,8
AFNetworking-AFNetworking,88
AFNetworking-AFNetworking,49
AFNetworking-AFNetworking,1
AFNetworking-AFNetworking,7
AFNetworking-AFNetworking,7
AFNetworking-AFNetworking,52
AFNetworking-AFNetworking,52
AFNetworking-AFNetworking,4
AFNetworking-AFNetworking,2
AFNetworking-AFNetworking,9
AFNetworking-AFNetworking,13
AFNetworking-AFNetworking,29
AFNetworking-AFNetworking,13
AFNetworking-AFNetworking,29
AFNetworking-AFNetworking,16
AFNetworking-AFNetworking,16
AFNetworking-AFNetworking,60
AFNetworking-AFNetworking,6
AFNetworking-AFNetworking,2
AFNetworking-AFNetworking,6
AFNetworking-AFNetworking,48
AFNetworking-AFNetworking,34
AFNetworking-AFNetworking,3
AFNetworking-AFNetworking,4
AFNetworking-AFNetworking,4
AFNetworking-AFNetworking,4
AFNetworking-AFNetworking,1
AFNetworking-AFNetworking,9
AFNetworking-AFNetworking,2
AFNetworking-AFNetworking,61
AFNetworking-AFNetworking,8
AFNetworking-AFNetworking,8
AFNetworking-AFNetworking,17
AFNetworking-AFNetworking,2
AFNetworking-AFNetworking,37
CocoaLumberjack-CocoaLumberjack,1
CocoaLumberjack-CocoaLumberjack,2
CocoaLumberjack-CocoaLumberjack,1
CocoaLumberjack-CocoaLumberjack,1
CocoaLumberjack-CocoaLumberjack,50
CocoaLumberjack-CocoaLumberjack,9
CocoaLumberjack-CocoaLumberjack,54
CocoaLumberjack-CocoaLumberjack,6
CocoaLumberjack-CocoaLumberjack,124
CocoaLumberjack-CocoaLumberjack,35
CocoaLumberjack-CocoaLumberjack,100
CocoaLumberjack-CocoaLumberjack,9
CocoaLumberjack-CocoaLumberjack,6
CocoaLumberjack-CocoaLumberjack,5
CocoaLumberjack-CocoaLumberjack,85
CocoaLumberjack-CocoaLumberjack,13
CocoaLumberjack-CocoaLumberjack,71
CocoaLumberjack-CocoaLumberjack,2
CocoaLumberjack-CocoaLumberjack,8
CocoaLumberjack-CocoaLumberjack,64
CocoaLumberjack-CocoaLumberjack,250
CocoaLumberjack-CocoaLumberjack,2
CocoaLumberjack-CocoaLumberjack,46
CocoaLumberjack-CocoaLumberjack,2
CocoaLumberjack-CocoaLumberjack,6
CocoaLumberjack-CocoaLumberjack,1
CocoaLumberjack-CocoaLumberjack,1269
CocoaLumberjack-CocoaLumberjack,47
CocoaLumberjack-CocoaLumberjack,21
CocoaLumberjack-CocoaLumberjack,1239
jessesquires-JSQMessagesViewController,2
jessesquires-JSQMessagesViewController,30
jessesquires-JSQMessagesViewController,1
jessesquires-JSQMessagesViewController,1
jessesquires-JSQMessagesViewController,12
jessesquires-JSQMessagesViewController,10
jessesquires-JSQMessagesViewController,25
jessesquires-JSQMessagesViewController,35
jessesquires-JSQMessagesViewController,69
jessesquires-JSQMessagesViewController,16
jessesquires-JSQMessagesViewController,2
jessesquires-JSQMessagesViewController,8
jessesquires-JSQMessagesViewController,18
jessesquires-JSQMessagesViewController,2
jessesquires-JSQMessagesViewController,8
jessesquires-JSQMessagesViewController,5
jessesquires-JSQMessagesViewController,23
jessesquires-JSQMessagesViewController,26
jessesquires-JSQMessagesViewController,69
jessesquires-JSQMessagesViewController,25
jessesquires-JSQMessagesViewController,114
jessesquires-JSQMessagesViewController,1
jessesquires-JSQMessagesViewController,1
jessesquires-JSQMessagesViewController,31
jessesquires-JSQMessagesViewController,5
jessesquires-JSQMessagesViewController,420
jessesquires-JSQMessagesViewController,7
jessesquires-JSQMessagesViewController,10
jessesquires-JSQMessagesViewController,41
jessesquires-JSQMessagesViewController,2
jessesquires-JSQMessagesViewController,12
jessesquires-JSQMessagesViewController,18
jessesquires-JSQMessagesViewController,18
matryer-bitbar,27
matryer-bitbar,27
matryer-bitbar,6
matryer-bitbar,5
matryer-bitbar,12
kevinzhow-PNChart,472
kevinzhow-PNChart,51
kevinzhow-PNChart,30
kevinzhow-PNChart,13
kevinzhow-PNChart,49
kevinzhow-PNChart,99
kevinzhow-PNChart,2
kevinzhow-PNChart,2
kevinzhow-PNChart,2
kevinzhow-PNChart,12
kevinzhow-PNChart,24
kevinzhow-PNChart,27
kevinzhow-PNChart,3
kevinzhow-PNChart,6
kevinzhow-PNChart,13
alcatraz-Alcatraz,2
alcatraz-Alcatraz,249
alcatraz-Alcatraz,56
alcatraz-Alcatraz,108
alcatraz-Alcatraz,2
alcatraz-Alcatraz,14
alcatraz-Alcatraz,65
alcatraz-Alcatraz,6
alcatraz-Alcatraz,3
alcatraz-Alcatraz,3
alcatraz-Alcatraz,17
robbiehanson-CocoaAsyncSocket,14
robbiehanson-CocoaAsyncSocket,14
robbiehanson-CocoaAsyncSocket,2
robbiehanson-CocoaAsyncSocket,2
robbiehanson-CocoaAsyncSocket,97
robbiehanson-CocoaAsyncSocket,11
robbiehanson-CocoaAsyncSocket,2
robbiehanson-CocoaAsyncSocket,193
robbiehanson-CocoaAsyncSocket,6
robbiehanson-CocoaAsyncSocket,7
robbiehanson-CocoaAsyncSocket,17
robbiehanson-CocoaAsyncSocket,5
robbiehanson-CocoaAsyncSocket,691
robbiehanson-CocoaAsyncSocket,37
robbiehanson-CocoaAsyncSocket,8
robbiehanson-CocoaAsyncSocket,8496
robbiehanson-CocoaAsyncSocket,24
robbiehanson-CocoaAsyncSocket,5
robbiehanson-CocoaAsyncSocket,16
robbiehanson-CocoaAsyncSocket,5
robbiehanson-CocoaAsyncSocket,10
robbiehanson-CocoaAsyncSocket,39
robbiehanson-CocoaAsyncSocket,2
robbiehanson-CocoaAsyncSocket,787
robbiehanson-CocoaAsyncSocket,2
robbiehanson-CocoaAsyncSocket,11
robbiehanson-CocoaAsyncSocket,40
robbiehanson-CocoaAsyncSocket,26
robbiehanson-CocoaAsyncSocket,8
robbiehanson-CocoaAsyncSocket,24
robbiehanson-CocoaAsyncSocket,16
robbiehanson-CocoaAsyncSocket,18
robbiehanson-CocoaAsyncSocket,1
robbiehanson-CocoaAsyncSocket,143
robbiehanson-CocoaAsyncSocket,20
robbiehanson-CocoaAsyncSocket,4
robbiehanson-CocoaAsyncSocket,395
robbiehanson-CocoaAsyncSocket,8
robbiehanson-CocoaAsyncSocket,2
robbiehanson-CocoaAsyncSocket,814
robbiehanson-CocoaAsyncSocket,516
robbiehanson-CocoaAsyncSocket,222
robbiehanson-CocoaAsyncSocket,50
robbiehanson-CocoaAsyncSocket,4
robbiehanson-CocoaAsyncSocket,95
robbiehanson-CocoaAsyncSocket,15
robbiehanson-CocoaAsyncSocket,2
robbiehanson-CocoaAsyncSocket,158
robbiehanson-CocoaAsyncSocket,917
robbiehanson-CocoaAsyncSocket,17
robbiehanson-CocoaAsyncSocket,8
robbiehanson-CocoaAsyncSocket,117
robbiehanson-CocoaAsyncSocket,2
robbiehanson-CocoaAsyncSocket,16
robbiehanson-CocoaAsyncSocket,15
robbiehanson-CocoaAsyncSocket,71
robbiehanson-CocoaAsyncSocket,12
robbiehanson-CocoaAsyncSocket,57
robbiehanson-CocoaAsyncSocket,62
robbiehanson-CocoaAsyncSocket,187
robbiehanson-CocoaAsyncSocket,222
robbiehanson-CocoaAsyncSocket,8
robbiehanson-CocoaAsyncSocket,16
robbiehanson-CocoaAsyncSocket,63
robbiehanson-CocoaAsyncSocket,10
robbiehanson-CocoaAsyncSocket,21
robbiehanson-CocoaAsyncSocket,10
robbiehanson-CocoaAsyncSocket,5
robbiehanson-CocoaAsyncSocket,2
robbiehanson-CocoaAsyncSocket,68
robbiehanson-CocoaAsyncSocket,2
robbiehanson-CocoaAsyncSocket,2
robbiehanson-CocoaAsyncSocket,112
robbiehanson-CocoaAsyncSocket,2
robbiehanson-CocoaAsyncSocket,41
robbiehanson-CocoaAsyncSocket,981
marcuswestin-WebViewJavascriptBridge,26
marcuswestin-WebViewJavascriptBridge,1
marcuswestin-WebViewJavascriptBridge,18
jigish-slate,2
jigish-slate,4
jigish-slate,4
jigish-slate,149
jigish-slate,31
jigish-slate,40
jigish-slate,28
jigish-slate,1
jigish-slate,29
jigish-slate,1
jigish-slate,10
jigish-slate,54
OpenEmu-OpenEmu,1013
OpenEmu-OpenEmu,2
OpenEmu-OpenEmu,2
OpenEmu-OpenEmu,52
OpenEmu-OpenEmu,14
OpenEmu-OpenEmu,71
OpenEmu-OpenEmu,555
OpenEmu-OpenEmu,2
OpenEmu-OpenEmu,88
OpenEmu-OpenEmu,39
OpenEmu-OpenEmu,30
OpenEmu-OpenEmu,45
OpenEmu-OpenEmu,53
OpenEmu-OpenEmu,51
OpenEmu-OpenEmu,2
OpenEmu-OpenEmu,2
OpenEmu-OpenEmu,2
OpenEmu-OpenEmu,4
OpenEmu-OpenEmu,2
OpenEmu-OpenEmu,2154
OpenEmu-OpenEmu,49
OpenEmu-OpenEmu,19
OpenEmu-OpenEmu,5
OpenEmu-OpenEmu,218
OpenEmu-OpenEmu,20
OpenEmu-OpenEmu,5
OpenEmu-OpenEmu,6
OpenEmu-OpenEmu,105
OpenEmu-OpenEmu,5
OpenEmu-OpenEmu,7
OpenEmu-OpenEmu,34
OpenEmu-OpenEmu,11
OpenEmu-OpenEmu,82
OpenEmu-OpenEmu,10
OpenEmu-OpenEmu,612
OpenEmu-OpenEmu,3
OpenEmu-OpenEmu,5
OpenEmu-OpenEmu,8
OpenEmu-OpenEmu,8
OpenEmu-OpenEmu,2
OpenEmu-OpenEmu,29
OpenEmu-OpenEmu,2
OpenEmu-OpenEmu,6
OpenEmu-OpenEmu,9
OpenEmu-OpenEmu,2
OpenEmu-OpenEmu,50
OpenEmu-OpenEmu,20
OpenEmu-OpenEmu,20
OpenEmu-OpenEmu,48
OpenEmu-OpenEmu,132
OpenEmu-OpenEmu,2
OpenEmu-OpenEmu,20
OpenEmu-OpenEmu,357
OpenEmu-OpenEmu,8
OpenEmu-OpenEmu,24
OpenEmu-OpenEmu,10
OpenEmu-OpenEmu,7
OpenEmu-OpenEmu,281
OpenEmu-OpenEmu,23
OpenEmu-OpenEmu,124
OpenEmu-OpenEmu,2
OpenEmu-OpenEmu,20
OpenEmu-OpenEmu,15
OpenEmu-OpenEmu,7
OpenEmu-OpenEmu,13
OpenEmu-OpenEmu,5
OpenEmu-OpenEmu,304
OpenEmu-OpenEmu,152
OpenEmu-OpenEmu,28
OpenEmu-OpenEmu,2
OpenEmu-OpenEmu,40
OpenEmu-OpenEmu,58
OpenEmu-OpenEmu,1
OpenEmu-OpenEmu,120
OpenEmu-OpenEmu,591
OpenEmu-OpenEmu,190
Mantle-Mantle,43
Mantle-Mantle,2
CoderMJLee-MJRefresh,36
CoderMJLee-MJRefresh,18
CoderMJLee-MJRefresh,27
CoderMJLee-MJRefresh,14
CoderMJLee-MJRefresh,64
CoderMJLee-MJRefresh,12
RestKit-RestKit,19
RestKit-RestKit,5
RestKit-RestKit,5
RestKit-RestKit,27
RestKit-RestKit,110
RestKit-RestKit,2
RestKit-RestKit,9
RestKit-RestKit,8
RestKit-RestKit,72
RestKit-RestKit,33
RestKit-RestKit,2
RestKit-RestKit,63
RestKit-RestKit,62
RestKit-RestKit,62
RestKit-RestKit,30
RestKit-RestKit,2
RestKit-RestKit,5
RestKit-RestKit,12
RestKit-RestKit,65
RestKit-RestKit,17
RestKit-RestKit,187
RestKit-RestKit,2
RestKit-RestKit,2
RestKit-RestKit,78
RestKit-RestKit,39
RestKit-RestKit,76
RestKit-RestKit,256
RestKit-RestKit,31
RestKit-RestKit,151
RestKit-RestKit,4
RestKit-RestKit,2
RestKit-RestKit,12
RestKit-RestKit,33
RestKit-RestKit,153
RestKit-RestKit,2
RestKit-RestKit,4
RestKit-RestKit,4
RestKit-RestKit,111
RestKit-RestKit,8
RestKit-RestKit,24
RestKit-RestKit,3
RestKit-RestKit,123
RestKit-RestKit,7
RestKit-RestKit,7
RestKit-RestKit,4
RestKit-RestKit,2
RestKit-RestKit,2
RestKit-RestKit,112
RestKit-RestKit,28
RestKit-RestKit,2
RestKit-RestKit,31
RestKit-RestKit,72
RestKit-RestKit,42
RestKit-RestKit,2
RestKit-RestKit,6
RestKit-RestKit,64
RestKit-RestKit,71
RestKit-RestKit,14
RestKit-RestKit,14
RestKit-RestKit,2
RestKit-RestKit,83
RestKit-RestKit,850
RestKit-RestKit,83
RestKit-RestKit,2
RestKit-RestKit,2
RestKit-RestKit,50
RestKit-RestKit,31
RestKit-RestKit,65
RestKit-RestKit,46
CoderMJLee-MJExtension,4
CoderMJLee-MJExtension,38
CoderMJLee-MJExtension,10
CoderMJLee-MJExtension,2
CoderMJLee-MJExtension,11
CoderMJLee-MJExtension,117
CoderMJLee-MJExtension,42
CoderMJLee-MJExtension,44
slackhq-SlackTextViewController,6
slackhq-SlackTextViewController,12
slackhq-SlackTextViewController,49
slackhq-SlackTextViewController,25
slackhq-SlackTextViewController,6
slackhq-SlackTextViewController,90
slackhq-SlackTextViewController,143
slackhq-SlackTextViewController,98
slackhq-SlackTextViewController,29
slackhq-SlackTextViewController,38
slackhq-SlackTextViewController,248
slackhq-SlackTextViewController,28
slackhq-SlackTextViewController,16
slackhq-SlackTextViewController,3
slackhq-SlackTextViewController,17
slackhq-SlackTextViewController,37
slackhq-SlackTextViewController,16
slackhq-SlackTextViewController,46
slackhq-SlackTextViewController,12
slackhq-SlackTextViewController,13
slackhq-SlackTextViewController,6
slackhq-SlackTextViewController,11
slackhq-SlackTextViewController,2529
slackhq-SlackTextViewController,545
facebook-xctool,3
facebook-xctool,2
facebook-xctool,3
facebook-xctool,106
facebook-xctool,17
facebook-xctool,1
facebook-xctool,14
facebook-xctool,1
facebook-xctool,42
facebook-xctool,205
facebook-xctool,250
facebook-xctool,43
facebook-xctool,2
facebook-xctool,42
facebook-xctool,15
facebook-xctool,6
facebook-xctool,59
facebook-xctool,64
facebook-xctool,138
facebook-xctool,2
facebook-xctool,2
facebook-xctool,32
facebook-xctool,60
facebook-xctool,110
facebook-xctool,252
facebook-xctool,22
facebook-xctool,29
facebook-xctool,58
facebook-xctool,41
facebook-xctool,22
facebook-xctool,34
facebook-xctool,97
facebook-xctool,2
facebook-xctool,5
facebook-xctool,25
ccgus-fmdb,26
ccgus-fmdb,40
ccgus-fmdb,16
ccgus-fmdb,2
ccgus-fmdb,31
ccgus-fmdb,31
ccgus-fmdb,195
forkingdog-UITableView-FDTemplateLayoutCell,29
forkingdog-UITableView-FDTemplateLayoutCell,25
forkingdog-UITableView-FDTemplateLayoutCell,45
forkingdog-UITableView-FDTemplateLayoutCell,3
forkingdog-UITableView-FDTemplateLayoutCell,34
forkingdog-UITableView-FDTemplateLayoutCell,34
nicklockwood-iCarousel,4
nicklockwood-iCarousel,4
nicklockwood-iCarousel,353
nicklockwood-iCarousel,2
nicklockwood-iCarousel,7
nicklockwood-iCarousel,12
nicklockwood-iCarousel,104
nicklockwood-iCarousel,103
nicklockwood-iCarousel,103
nicklockwood-iCarousel,35
nicklockwood-iCarousel,35
nicklockwood-iCarousel,43
nicklockwood-iCarousel,43
nicklockwood-iCarousel,4
nicklockwood-iCarousel,35
nicklockwood-iCarousel,4
nicklockwood-iCarousel,4
nicklockwood-iCarousel,35
nicklockwood-iCarousel,35
nicklockwood-iCarousel,270
nicklockwood-iCarousel,270
airbnb-lottie-ios,3
airbnb-lottie-ios,3
airbnb-lottie-ios,185
airbnb-lottie-ios,185
airbnb-lottie-ios,39
airbnb-lottie-ios,39
airbnb-lottie-ios,10
airbnb-lottie-ios,40
airbnb-lottie-ios,40
airbnb-lottie-ios,53
airbnb-lottie-ios,53
airbnb-lottie-ios,32
airbnb-lottie-ios,32
airbnb-lottie-ios,4
airbnb-lottie-ios,50
airbnb-lottie-ios,35
airbnb-lottie-ios,35
airbnb-lottie-ios,401
airbnb-lottie-ios,6
airbnb-lottie-ios,6
airbnb-lottie-ios,121
airbnb-lottie-ios,13
hackiftekhar-IQKeyboardManager,1
hackiftekhar-IQKeyboardManager,1
hackiftekhar-IQKeyboardManager,2
hackiftekhar-IQKeyboardManager,139
hackiftekhar-IQKeyboardManager,2
hackiftekhar-IQKeyboardManager,139
hackiftekhar-IQKeyboardManager,44
hackiftekhar-IQKeyboardManager,56
hackiftekhar-IQKeyboardManager,254
hackiftekhar-IQKeyboardManager,26
hackiftekhar-IQKeyboardManager,85
hackiftekhar-IQKeyboardManager,2333
hackiftekhar-IQKeyboardManager,88
hackiftekhar-IQKeyboardManager,67
hackiftekhar-IQKeyboardManager,49
hackiftekhar-IQKeyboardManager,366
hackiftekhar-IQKeyboardManager,4
hackiftekhar-IQKeyboardManager,46
hackiftekhar-IQKeyboardManager,214
hackiftekhar-IQKeyboardManager,20
realm-realm-cocoa,3475
realm-realm-cocoa,13
realm-realm-cocoa,73
realm-realm-cocoa,6
realm-realm-cocoa,36
realm-realm-cocoa,36
realm-realm-cocoa,31
realm-realm-cocoa,11
realm-realm-cocoa,11
realm-realm-cocoa,2
realm-realm-cocoa,4
realm-realm-cocoa,26
realm-realm-cocoa,87
realm-realm-cocoa,171
realm-realm-cocoa,4
realm-realm-cocoa,4
realm-realm-cocoa,143
realm-realm-cocoa,6526
realm-realm-cocoa,4
realm-realm-cocoa,4
realm-realm-cocoa,3
realm-realm-cocoa,187
realm-realm-cocoa,39
realm-realm-cocoa,15
realm-realm-cocoa,9
realm-realm-cocoa,50
realm-realm-cocoa,3
realm-realm-cocoa,2
realm-realm-cocoa,6
realm-realm-cocoa,25
realm-realm-cocoa,2
realm-realm-cocoa,65
realm-realm-cocoa,289
realm-realm-cocoa,25
realm-realm-cocoa,13
realm-realm-cocoa,116
realm-realm-cocoa,1
realm-realm-cocoa,952
realm-realm-cocoa,906
realm-realm-cocoa,217
realm-realm-cocoa,18
realm-realm-cocoa,18
realm-realm-cocoa,169
realm-realm-cocoa,261
realm-realm-cocoa,1
realm-realm-cocoa,169
realm-realm-cocoa,132
realm-realm-cocoa,2
realm-realm-cocoa,5
realm-realm-cocoa,31
realm-realm-cocoa,34
realm-realm-cocoa,34
realm-realm-cocoa,5100
realm-realm-cocoa,214
realm-realm-cocoa,260
realm-realm-cocoa,630
realm-realm-cocoa,11
realm-realm-cocoa,141
realm-realm-cocoa,57
realm-realm-cocoa,57
realm-realm-cocoa,57
realm-realm-cocoa,122
realm-realm-cocoa,92
realm-realm-cocoa,167
realm-realm-cocoa,194
realm-realm-cocoa,50
realm-realm-cocoa,3
realm-realm-cocoa,513
realm-realm-cocoa,251
realm-realm-cocoa,2189
realm-realm-cocoa,32
realm-realm-cocoa,66
realm-realm-cocoa,7382
realm-realm-cocoa,44
realm-realm-cocoa,1401
realm-realm-cocoa,751
realm-realm-cocoa,151
realm-realm-cocoa,1600
realm-realm-cocoa,2069
realm-realm-cocoa,6148
realm-realm-cocoa,225
realm-realm-cocoa,225
realm-realm-cocoa,5661
realm-realm-cocoa,5661
realm-realm-cocoa,470
realm-realm-cocoa,151
realm-realm-cocoa,29
realm-realm-cocoa,373
realm-realm-cocoa,40
realm-realm-cocoa,3618
realm-realm-cocoa,4
realm-realm-cocoa,46
realm-realm-cocoa,65
realm-realm-cocoa,65
realm-realm-cocoa,4
realm-realm-cocoa,1486
realm-realm-cocoa,2
mwaterfall-MWPhotoBrowser,7
mwaterfall-MWPhotoBrowser,12
mwaterfall-MWPhotoBrowser,58
mwaterfall-MWPhotoBrowser,3
mwaterfall-MWPhotoBrowser,6
mwaterfall-MWPhotoBrowser,47
mwaterfall-MWPhotoBrowser,48
mwaterfall-MWPhotoBrowser,99
mwaterfall-MWPhotoBrowser,14
mwaterfall-MWPhotoBrowser,60
mwaterfall-MWPhotoBrowser,3139
mwaterfall-MWPhotoBrowser,91
mwaterfall-MWPhotoBrowser,205
mwaterfall-MWPhotoBrowser,439
mwaterfall-MWPhotoBrowser,118
facebookarchive-three20,5
facebookarchive-three20,2
facebookarchive-three20,12
facebookarchive-three20,4
facebookarchive-three20,8
facebookarchive-three20,106
facebookarchive-three20,12
facebookarchive-three20,23
facebookarchive-three20,13
facebookarchive-three20,6
facebookarchive-three20,275
facebookarchive-three20,7
facebookarchive-three20,1
facebookarchive-three20,31
facebookarchive-three20,28
facebookarchive-three20,7
facebookarchive-three20,5
facebookarchive-three20,117
facebookarchive-three20,27
facebookarchive-three20,59
facebookarchive-three20,2
facebookarchive-three20,98
facebookarchive-three20,19
facebookarchive-three20,5
facebookarchive-three20,26
facebookarchive-three20,3
facebookarchive-three20,2
facebookarchive-three20,4
facebookarchive-three20,9
facebookarchive-three20,291
facebookarchive-three20,153
facebookarchive-three20,2
facebookarchive-three20,48
facebookarchive-three20,474
facebookarchive-three20,122
facebookarchive-three20,27
facebookarchive-three20,97
facebookarchive-three20,21
facebookarchive-three20,46
facebookarchive-three20,209
facebookarchive-three20,97
facebookarchive-three20,93
facebookarchive-three20,51
facebookarchive-three20,59
facebookarchive-three20,6
facebookarchive-three20,309
facebookarchive-three20,1129
facebookarchive-three20,104
facebookarchive-three20,432
facebookarchive-three20,45
facebookarchive-three20,82
facebookarchive-three20,61
facebookarchive-three20,766
facebookarchive-three20,114
facebookarchive-three20,33
facebookarchive-three20,790
facebookarchive-three20,168
facebookarchive-three20,484
facebookarchive-three20,282
facebookarchive-three20,1197
facebookarchive-three20,605
facebookarchive-three20,215
facebookarchive-three20,222
facebookarchive-three20,1722
facebookarchive-three20,946
facebookarchive-three20,2880
facebookarchive-three20,609
facebookarchive-three20,719
facebookarchive-three20,638
facebookarchive-three20,145
facebookarchive-three20,80
facebookarchive-three20,229
ViccAlexander-Chameleon,133
ViccAlexander-Chameleon,5
ViccAlexander-Chameleon,51
ViccAlexander-Chameleon,103
path-FastImageCache,89
path-FastImageCache,89
path-FastImageCache,22
path-FastImageCache,72
dzenbot-DZNEmptyDataSet,121
dzenbot-DZNEmptyDataSet,2
dzenbot-DZNEmptyDataSet,124
dzenbot-DZNEmptyDataSet,1
dzenbot-DZNEmptyDataSet,6
dzenbot-DZNEmptyDataSet,624
dzenbot-DZNEmptyDataSet,112
