projectname,ploc
imathis-octopress,2
imathis-octopress,2
imathis-octopress,2
imathis-octopress,2
imathis-octopress,2
imathis-octopress,2
imathis-octopress,3
imathis-octopress,14
mperham-sidekiq,2
mperham-sidekiq,2
mperham-sidekiq,2
mperham-sidekiq,2
mperham-sidekiq,4
mperham-sidekiq,1
mperham-sidekiq,2
mperham-sidekiq,20
mperham-sidekiq,28
mperham-sidekiq,10
mperham-sidekiq,77
javan-whenever,1
javan-whenever,1
javan-whenever,2
javan-whenever,2
javan-whenever,2
javan-whenever,4
javan-whenever,8
javan-whenever,8
javan-whenever,6
javan-whenever,57
javan-whenever,2
javan-whenever,20
javan-whenever,98
omniauth-omniauth,2
omniauth-omniauth,4
omniauth-omniauth,6
omniauth-omniauth,6
omniauth-omniauth,10
omniauth-omniauth,4
omniauth-omniauth,4
omniauth-omniauth,4
omniauth-omniauth,18
omniauth-omniauth,2
fastlane-fastlane,204
fastlane-fastlane,30
fastlane-fastlane,2379
fastlane-fastlane,61
fastlane-fastlane,6
fastlane-fastlane,2
fastlane-fastlane,2
fastlane-fastlane,3
fastlane-fastlane,66
fastlane-fastlane,2
fastlane-fastlane,4
fastlane-fastlane,27
fastlane-fastlane,9
fastlane-fastlane,4
fastlane-fastlane,2
fastlane-fastlane,2
fastlane-fastlane,17
fastlane-fastlane,4
fastlane-fastlane,4
fastlane-fastlane,4
fastlane-fastlane,4
fastlane-fastlane,97
fastlane-fastlane,2
fastlane-fastlane,2
fastlane-fastlane,2
fastlane-fastlane,8
fastlane-fastlane,2
fastlane-fastlane,2
fastlane-fastlane,2
fastlane-fastlane,5
fastlane-fastlane,5
fastlane-fastlane,6
fastlane-fastlane,8
fastlane-fastlane,3
fastlane-fastlane,8
fastlane-fastlane,8
fastlane-fastlane,3
fastlane-fastlane,2
fastlane-fastlane,51
fastlane-fastlane,6
fastlane-fastlane,47
fastlane-fastlane,47
fastlane-fastlane,6
fastlane-fastlane,2
fastlane-fastlane,2
fastlane-fastlane,2
fastlane-fastlane,6
fastlane-fastlane,6
fastlane-fastlane,4
fastlane-fastlane,4
fastlane-fastlane,9
fastlane-fastlane,19
fastlane-fastlane,9
fastlane-fastlane,19
twbs-bootstrap-sass,5
thoughtbot-bourbon,2
thoughtbot-bourbon,5
thoughtbot-bourbon,5
Thibaut-devdocs,224
Thibaut-devdocs,3
Thibaut-devdocs,6
middleman-middleman,6
middleman-middleman,6
middleman-middleman,58
middleman-middleman,97
middleman-middleman,20
middleman-middleman,20
middleman-middleman,9
middleman-middleman,9
middleman-middleman,2
middleman-middleman,2
middleman-middleman,2
middleman-middleman,2
middleman-middleman,2
middleman-middleman,1
middleman-middleman,4
middleman-middleman,5
middleman-middleman,22
middleman-middleman,2
middleman-middleman,2
middleman-middleman,118
middleman-middleman,20
middleman-middleman,33
middleman-middleman,1
middleman-middleman,2
middleman-middleman,2
middleman-middleman,8
middleman-middleman,41
middleman-middleman,2
middleman-middleman,3
middleman-middleman,24
middleman-middleman,2
middleman-middleman,2
middleman-middleman,20
middleman-middleman,175
middleman-middleman,6
middleman-middleman,6
middleman-middleman,21
middleman-middleman,14
middleman-middleman,17
resque-resque,24
resque-resque,20
resque-resque,75
resque-resque,75
resque-resque,46
resque-resque,20
resque-resque,82
resque-resque,8
resque-resque,9
resque-resque,2
resque-resque,2
resque-resque,2
resque-resque,2
resque-resque,2
resque-resque,2
resque-resque,2
resque-resque,8
resque-resque,11
resque-resque,4
resque-resque,1
resque-resque,2
resque-resque,7
resque-resque,2
resque-resque,2
resque-resque,8
cantino-huginn,2
cantino-huginn,36
cantino-huginn,20
cantino-huginn,47
cantino-huginn,2
cantino-huginn,2
cantino-huginn,10
cantino-huginn,10
cantino-huginn,2
cantino-huginn,8
cantino-huginn,18
cantino-huginn,6
cantino-huginn,290
cantino-huginn,3
cantino-huginn,1
cantino-huginn,2
cantino-huginn,18
cantino-huginn,18
cantino-huginn,8
cantino-huginn,2
cantino-huginn,2
cantino-huginn,7
charliesome-better_errors,4
charliesome-better_errors,10
charliesome-better_errors,2
charliesome-better_errors,6
charliesome-better_errors,9
charliesome-better_errors,9
Homebrew-legacy-homebrew,25
Homebrew-legacy-homebrew,95
Homebrew-legacy-homebrew,4
Homebrew-legacy-homebrew,8
Homebrew-legacy-homebrew,14
Homebrew-legacy-homebrew,5
Homebrew-legacy-homebrew,10
Homebrew-legacy-homebrew,4
Homebrew-legacy-homebrew,6
Homebrew-legacy-homebrew,21
Homebrew-legacy-homebrew,10
Homebrew-legacy-homebrew,11
Homebrew-legacy-homebrew,9
Homebrew-legacy-homebrew,7
Homebrew-legacy-homebrew,8
Homebrew-legacy-homebrew,34
Homebrew-legacy-homebrew,4
Homebrew-legacy-homebrew,6
Homebrew-legacy-homebrew,21
Homebrew-legacy-homebrew,26
Homebrew-legacy-homebrew,8
Homebrew-legacy-homebrew,14
Homebrew-legacy-homebrew,11
Homebrew-legacy-homebrew,14
Homebrew-legacy-homebrew,2
Homebrew-legacy-homebrew,5
Homebrew-legacy-homebrew,12
Homebrew-legacy-homebrew,17
Homebrew-legacy-homebrew,8
Homebrew-legacy-homebrew,4
Homebrew-legacy-homebrew,1
Homebrew-legacy-homebrew,4
Homebrew-legacy-homebrew,6
Homebrew-legacy-homebrew,4
Homebrew-legacy-homebrew,19
Homebrew-legacy-homebrew,6
Homebrew-legacy-homebrew,1
Homebrew-legacy-homebrew,4
Homebrew-legacy-homebrew,20
Homebrew-legacy-homebrew,7
Homebrew-legacy-homebrew,2
Homebrew-legacy-homebrew,5
Homebrew-legacy-homebrew,4
Homebrew-legacy-homebrew,6
Homebrew-legacy-homebrew,7
Homebrew-legacy-homebrew,4
Homebrew-legacy-homebrew,6
Homebrew-legacy-homebrew,36
Homebrew-legacy-homebrew,6
Homebrew-legacy-homebrew,8
Homebrew-legacy-homebrew,18
Homebrew-legacy-homebrew,60
Homebrew-legacy-homebrew,19
Homebrew-legacy-homebrew,41
Homebrew-legacy-homebrew,4
Homebrew-legacy-homebrew,6
Homebrew-legacy-homebrew,53
Homebrew-legacy-homebrew,4
Homebrew-legacy-homebrew,8
Homebrew-legacy-homebrew,5
Homebrew-legacy-homebrew,3
Homebrew-legacy-homebrew,4
Homebrew-legacy-homebrew,12
Homebrew-legacy-homebrew,11
Homebrew-legacy-homebrew,4
Homebrew-legacy-homebrew,7
Homebrew-legacy-homebrew,4
Homebrew-legacy-homebrew,4
Homebrew-legacy-homebrew,32
Homebrew-legacy-homebrew,137
Homebrew-legacy-homebrew,4
Homebrew-legacy-homebrew,38
Homebrew-legacy-homebrew,5
Homebrew-legacy-homebrew,12
Homebrew-legacy-homebrew,4
Homebrew-legacy-homebrew,2
Homebrew-legacy-homebrew,5
Homebrew-legacy-homebrew,4
Homebrew-legacy-homebrew,4
Homebrew-legacy-homebrew,5
Homebrew-legacy-homebrew,4
Homebrew-legacy-homebrew,4
Homebrew-legacy-homebrew,8
Homebrew-legacy-homebrew,35
Homebrew-legacy-homebrew,4
Homebrew-legacy-homebrew,2
Homebrew-legacy-homebrew,4
Homebrew-legacy-homebrew,4
Homebrew-legacy-homebrew,4
Homebrew-legacy-homebrew,46
Homebrew-legacy-homebrew,21
Homebrew-legacy-homebrew,4
Homebrew-legacy-homebrew,4
Homebrew-legacy-homebrew,6
Homebrew-legacy-homebrew,7
Homebrew-legacy-homebrew,6
Homebrew-legacy-homebrew,4
Homebrew-legacy-homebrew,4
Homebrew-legacy-homebrew,5
Homebrew-legacy-homebrew,36
Homebrew-legacy-homebrew,6
Homebrew-legacy-homebrew,15
Homebrew-legacy-homebrew,2
Homebrew-legacy-homebrew,5
Homebrew-legacy-homebrew,2
Homebrew-legacy-homebrew,2
Homebrew-legacy-homebrew,1
Homebrew-legacy-homebrew,9
Homebrew-legacy-homebrew,19
Homebrew-legacy-homebrew,3
Homebrew-legacy-homebrew,29
Homebrew-legacy-homebrew,13
Homebrew-legacy-homebrew,17
Homebrew-legacy-homebrew,6
Homebrew-legacy-homebrew,2
Homebrew-legacy-homebrew,8
Homebrew-legacy-homebrew,54
Homebrew-legacy-homebrew,19
Homebrew-legacy-homebrew,6
Homebrew-legacy-homebrew,12
Homebrew-legacy-homebrew,14
Homebrew-legacy-homebrew,4
Homebrew-legacy-homebrew,26
Homebrew-legacy-homebrew,8
Homebrew-legacy-homebrew,4
Homebrew-legacy-homebrew,8
Homebrew-legacy-homebrew,5
Homebrew-legacy-homebrew,59
Homebrew-legacy-homebrew,2
Homebrew-legacy-homebrew,4
Homebrew-legacy-homebrew,12
Homebrew-legacy-homebrew,11
Homebrew-legacy-homebrew,20
Homebrew-legacy-homebrew,10
Homebrew-legacy-homebrew,10
Homebrew-legacy-homebrew,8
Homebrew-legacy-homebrew,7
Homebrew-legacy-homebrew,6
Homebrew-legacy-homebrew,98
Homebrew-legacy-homebrew,3
Homebrew-legacy-homebrew,10
Homebrew-legacy-homebrew,2
Homebrew-legacy-homebrew,18
Homebrew-legacy-homebrew,4
Homebrew-legacy-homebrew,4
Homebrew-legacy-homebrew,75
Homebrew-legacy-homebrew,16
Homebrew-legacy-homebrew,64
Homebrew-legacy-homebrew,3
Homebrew-legacy-homebrew,12
Homebrew-legacy-homebrew,10
Homebrew-legacy-homebrew,10
Homebrew-legacy-homebrew,17
Homebrew-legacy-homebrew,6
Homebrew-legacy-homebrew,10
Homebrew-legacy-homebrew,51
Homebrew-legacy-homebrew,55
Homebrew-legacy-homebrew,140
Homebrew-legacy-homebrew,62
Homebrew-legacy-homebrew,193
Homebrew-legacy-homebrew,27
Homebrew-legacy-homebrew,149
Homebrew-legacy-homebrew,19
Homebrew-legacy-homebrew,46
Homebrew-legacy-homebrew,172
Homebrew-legacy-homebrew,10
Homebrew-legacy-homebrew,2
Homebrew-legacy-homebrew,15
Homebrew-legacy-homebrew,4
Homebrew-legacy-homebrew,24
Homebrew-legacy-homebrew,24
Homebrew-legacy-homebrew,14
Homebrew-legacy-homebrew,23
Homebrew-legacy-homebrew,8
Homebrew-legacy-homebrew,18
Homebrew-legacy-homebrew,30
Homebrew-legacy-homebrew,39
Homebrew-legacy-homebrew,210
Homebrew-legacy-homebrew,181
Homebrew-legacy-homebrew,20
Homebrew-legacy-homebrew,4
Homebrew-legacy-homebrew,1
Homebrew-legacy-homebrew,22
Homebrew-legacy-homebrew,2
Homebrew-legacy-homebrew,10
Homebrew-legacy-homebrew,22
Homebrew-legacy-homebrew,6
Homebrew-legacy-homebrew,41
Homebrew-legacy-homebrew,31
Homebrew-legacy-homebrew,4
Homebrew-legacy-homebrew,6
Homebrew-legacy-homebrew,41
Homebrew-legacy-homebrew,9
Homebrew-legacy-homebrew,53
Homebrew-legacy-homebrew,17
Homebrew-legacy-homebrew,4
Homebrew-legacy-homebrew,19
Homebrew-legacy-homebrew,4
Homebrew-legacy-homebrew,4
Homebrew-legacy-homebrew,23
Homebrew-legacy-homebrew,22
Homebrew-legacy-homebrew,12
Homebrew-legacy-homebrew,196
Homebrew-legacy-homebrew,58
Homebrew-legacy-homebrew,149
Homebrew-legacy-homebrew,43
Homebrew-legacy-homebrew,8
Homebrew-legacy-homebrew,107
Homebrew-legacy-homebrew,4
Homebrew-legacy-homebrew,9
Homebrew-legacy-homebrew,10
Homebrew-legacy-homebrew,6
Homebrew-legacy-homebrew,38
Homebrew-legacy-homebrew,6
Homebrew-legacy-homebrew,30
Homebrew-legacy-homebrew,201
Homebrew-legacy-homebrew,18
Homebrew-legacy-homebrew,9
Homebrew-legacy-homebrew,6
Homebrew-legacy-homebrew,4
Homebrew-legacy-homebrew,4
Homebrew-legacy-homebrew,173
Homebrew-legacy-homebrew,2
Homebrew-legacy-homebrew,18
Homebrew-legacy-homebrew,13
Homebrew-legacy-homebrew,125
Homebrew-legacy-homebrew,4
Homebrew-legacy-homebrew,7
Homebrew-legacy-homebrew,4
Homebrew-legacy-homebrew,9
Homebrew-legacy-homebrew,8
Homebrew-legacy-homebrew,18
Homebrew-legacy-homebrew,4
Homebrew-legacy-homebrew,2
Homebrew-legacy-homebrew,4
Homebrew-legacy-homebrew,4
Homebrew-legacy-homebrew,3
Homebrew-legacy-homebrew,10
Homebrew-legacy-homebrew,2
Homebrew-legacy-homebrew,22
Homebrew-legacy-homebrew,28
Homebrew-legacy-homebrew,2
Homebrew-legacy-homebrew,105
Homebrew-legacy-homebrew,3
Homebrew-legacy-homebrew,21
Homebrew-legacy-homebrew,4
Homebrew-legacy-homebrew,6
Homebrew-legacy-homebrew,16
Homebrew-legacy-homebrew,6
Homebrew-legacy-homebrew,2
Homebrew-legacy-homebrew,13
Homebrew-legacy-homebrew,6
Homebrew-legacy-homebrew,4
Homebrew-legacy-homebrew,44
Homebrew-legacy-homebrew,34
Homebrew-legacy-homebrew,4
Homebrew-legacy-homebrew,38
Homebrew-legacy-homebrew,5
Homebrew-legacy-homebrew,4
Homebrew-legacy-homebrew,14
Homebrew-legacy-homebrew,4
Homebrew-legacy-homebrew,12
Homebrew-legacy-homebrew,5
Homebrew-legacy-homebrew,4
Homebrew-legacy-homebrew,4
Homebrew-legacy-homebrew,45
Homebrew-legacy-homebrew,4
Homebrew-legacy-homebrew,28
Homebrew-legacy-homebrew,1
Homebrew-legacy-homebrew,3
Homebrew-legacy-homebrew,2
Homebrew-legacy-homebrew,4
Homebrew-legacy-homebrew,12
Homebrew-legacy-homebrew,260
Homebrew-legacy-homebrew,1
Homebrew-legacy-homebrew,4
Homebrew-legacy-homebrew,28
Homebrew-legacy-homebrew,1
Homebrew-legacy-homebrew,4
Homebrew-legacy-homebrew,8
Homebrew-legacy-homebrew,3
Homebrew-legacy-homebrew,2
Homebrew-legacy-homebrew,15
Homebrew-legacy-homebrew,4
Homebrew-legacy-homebrew,4
Homebrew-legacy-homebrew,1
Homebrew-legacy-homebrew,2
Homebrew-legacy-homebrew,2
Homebrew-legacy-homebrew,28
Homebrew-legacy-homebrew,58
Homebrew-legacy-homebrew,36
spree-spree,27
spree-spree,36
spree-spree,27
spree-spree,64
spree-spree,14
spree-spree,8
spree-spree,20
spree-spree,92
spree-spree,43
spree-spree,28
spree-spree,6
spree-spree,14
spree-spree,42
spree-spree,211
spree-spree,24
spree-spree,4
spree-spree,14
spree-spree,4
spree-spree,8
spree-spree,2
spree-spree,2
spree-spree,15
spree-spree,185
spree-spree,113
spree-spree,25
spree-spree,29
spree-spree,2
spree-spree,40
spree-spree,14
spree-spree,33
spree-spree,24
spree-spree,4
spree-spree,10
spree-spree,10
spree-spree,41
spree-spree,41
spree-spree,2
spree-spree,4
spree-spree,5
spree-spree,6
spree-spree,12
spree-spree,40
spree-spree,24
spree-spree,93
spree-spree,10
spree-spree,2
spree-spree,7
spree-spree,60
spree-spree,41
spree-spree,9
spree-spree,16
spree-spree,27
spree-spree,6
spree-spree,2
spree-spree,2
spree-spree,3
spree-spree,23
spree-spree,12
spree-spree,4
spree-spree,4
spree-spree,30
spree-spree,6
spree-spree,4
spree-spree,70
spree-spree,2
spree-spree,2
spree-spree,169
spree-spree,172
spree-spree,2
spree-spree,7
spree-spree,3
spree-spree,4
spree-spree,1
spree-spree,44
spree-spree,4
spree-spree,15
spree-spree,9
spree-spree,8
spree-spree,1
spree-spree,21
spree-spree,2
spree-spree,18
spree-spree,2
spree-spree,27
spree-spree,25
spree-spree,14
spree-spree,8
spree-spree,10
spree-spree,13
spree-spree,4
spree-spree,62
spree-spree,2
spree-spree,2
spree-spree,6
spree-spree,34
spree-spree,2
spree-spree,2
spree-spree,1
spree-spree,1
spree-spree,12
spree-spree,4
spree-spree,2
spree-spree,2
spree-spree,4
spree-spree,24
spree-spree,3
spree-spree,25
spree-spree,2
spree-spree,2
spree-spree,17
spree-spree,4
spree-spree,12
spree-spree,5
spree-spree,2
spree-spree,2
spree-spree,3
spree-spree,3
spree-spree,2
spree-spree,8
spree-spree,8
spree-spree,44
spree-spree,3
spree-spree,2
spree-spree,3
spree-spree,4
spree-spree,3
spree-spree,37
spree-spree,6
spree-spree,2
spree-spree,9
spree-spree,6
spree-spree,6
spree-spree,2
spree-spree,4
spree-spree,2
spree-spree,2
spree-spree,12
spree-spree,94
spree-spree,8
spree-spree,31
mame-quine-relay,2
mame-quine-relay,42
mame-quine-relay,8
tootsuite-mastodon,212
tootsuite-mastodon,2
tootsuite-mastodon,14
tootsuite-mastodon,12
tootsuite-mastodon,7
tootsuite-mastodon,4
tootsuite-mastodon,2
tootsuite-mastodon,8
tootsuite-mastodon,9
tootsuite-mastodon,4
tootsuite-mastodon,3
tootsuite-mastodon,12
tootsuite-mastodon,48
tootsuite-mastodon,187
tootsuite-mastodon,170
tootsuite-mastodon,4
tootsuite-mastodon,2
tootsuite-mastodon,8
tootsuite-mastodon,93
tootsuite-mastodon,18
mitchellh-vagrant,12
mitchellh-vagrant,6
mitchellh-vagrant,24
mitchellh-vagrant,1430
mitchellh-vagrant,3
mitchellh-vagrant,49
mitchellh-vagrant,6
mitchellh-vagrant,24
mitchellh-vagrant,4
mitchellh-vagrant,2
mitchellh-vagrant,101
mitchellh-vagrant,17
mitchellh-vagrant,4
mitchellh-vagrant,10
mitchellh-vagrant,2
mitchellh-vagrant,4
mitchellh-vagrant,37
mitchellh-vagrant,4
mitchellh-vagrant,19
mitchellh-vagrant,85
mitchellh-vagrant,2
mitchellh-vagrant,45
mitchellh-vagrant,54
mitchellh-vagrant,4
mitchellh-vagrant,7
mitchellh-vagrant,16
mitchellh-vagrant,6
mitchellh-vagrant,2
mitchellh-vagrant,2
mitchellh-vagrant,33
mitchellh-vagrant,27
mitchellh-vagrant,11
mitchellh-vagrant,167
mitchellh-vagrant,6
mitchellh-vagrant,31
mitchellh-vagrant,342
mitchellh-vagrant,41
mitchellh-vagrant,2
mitchellh-vagrant,2
mitchellh-vagrant,12
mitchellh-vagrant,7
mitchellh-vagrant,58
mitchellh-vagrant,27
mitchellh-vagrant,2
mitchellh-vagrant,7
mitchellh-vagrant,8
mitchellh-vagrant,6
mitchellh-vagrant,2
mitchellh-vagrant,103
mitchellh-vagrant,6
mitchellh-vagrant,6
mitchellh-vagrant,67
mitchellh-vagrant,2
mitchellh-vagrant,2
mitchellh-vagrant,102
mitchellh-vagrant,3
mitchellh-vagrant,15
mitchellh-vagrant,9
mitchellh-vagrant,9
mitchellh-vagrant,3
mitchellh-vagrant,23
mitchellh-vagrant,2
mitchellh-vagrant,22
mitchellh-vagrant,38
mitchellh-vagrant,15
mitchellh-vagrant,2
mitchellh-vagrant,30
mitchellh-vagrant,83
mitchellh-vagrant,289
mitchellh-vagrant,4
mitchellh-vagrant,2
mitchellh-vagrant,2
mitchellh-vagrant,38
mitchellh-vagrant,2
mitchellh-vagrant,4
mitchellh-vagrant,52
mitchellh-vagrant,8
mitchellh-vagrant,29
diaspora-diaspora,24
diaspora-diaspora,12
diaspora-diaspora,4
diaspora-diaspora,4
diaspora-diaspora,13
diaspora-diaspora,13
diaspora-diaspora,4
diaspora-diaspora,51
diaspora-diaspora,12
diaspora-diaspora,10
diaspora-diaspora,2
diaspora-diaspora,6
diaspora-diaspora,1
diaspora-diaspora,13
diaspora-diaspora,1
diaspora-diaspora,40
diaspora-diaspora,136
diaspora-diaspora,32
diaspora-diaspora,24
diaspora-diaspora,48
diaspora-diaspora,19
diaspora-diaspora,4
diaspora-diaspora,22
diaspora-diaspora,10
diaspora-diaspora,32
diaspora-diaspora,24
diaspora-diaspora,12
diaspora-diaspora,107
diaspora-diaspora,25
diaspora-diaspora,20
diaspora-diaspora,95
diaspora-diaspora,2
diaspora-diaspora,8
diaspora-diaspora,9
diaspora-diaspora,350
diaspora-diaspora,350
diaspora-diaspora,2
diaspora-diaspora,5
diaspora-diaspora,4
diaspora-diaspora,20
diaspora-diaspora,2
diaspora-diaspora,10
diaspora-diaspora,16
diaspora-diaspora,34
diaspora-diaspora,32
diaspora-diaspora,10
diaspora-diaspora,14
diaspora-diaspora,6
diaspora-diaspora,15
diaspora-diaspora,36
diaspora-diaspora,10
diaspora-diaspora,10
diaspora-diaspora,4
diaspora-diaspora,15
diaspora-diaspora,2
diaspora-diaspora,25
diaspora-diaspora,2
diaspora-diaspora,4
diaspora-diaspora,16
diaspora-diaspora,3
diaspora-diaspora,7
diaspora-diaspora,25
diaspora-diaspora,23
diaspora-diaspora,10
diaspora-diaspora,40
diaspora-diaspora,40
diaspora-diaspora,2
diaspora-diaspora,38
diaspora-diaspora,44
diaspora-diaspora,2
diaspora-diaspora,47
diaspora-diaspora,5
diaspora-diaspora,3
diaspora-diaspora,3
diaspora-diaspora,3
diaspora-diaspora,2
diaspora-diaspora,4
diaspora-diaspora,8
diaspora-diaspora,685
diaspora-diaspora,685
diaspora-diaspora,9
diaspora-diaspora,4
diaspora-diaspora,3
diaspora-diaspora,9
diaspora-diaspora,3
diaspora-diaspora,25
diaspora-diaspora,2
diaspora-diaspora,65
diaspora-diaspora,2
diaspora-diaspora,2
diaspora-diaspora,1
diaspora-diaspora,1
diaspora-diaspora,2
diaspora-diaspora,8
diaspora-diaspora,3
diaspora-diaspora,10
diaspora-diaspora,2
diaspora-diaspora,3
diaspora-diaspora,1
diaspora-diaspora,30
diaspora-diaspora,4
diaspora-diaspora,4
diaspora-diaspora,5
diaspora-diaspora,28
diaspora-diaspora,5
diaspora-diaspora,1
diaspora-diaspora,9
diaspora-diaspora,4
diaspora-diaspora,26
diaspora-diaspora,6
diaspora-diaspora,2
diaspora-diaspora,2
diaspora-diaspora,2
diaspora-diaspora,22
diaspora-diaspora,16
diaspora-diaspora,6
diaspora-diaspora,5
diaspora-diaspora,11
diaspora-diaspora,26
diaspora-diaspora,2
diaspora-diaspora,4
diaspora-diaspora,13
diaspora-diaspora,2
diaspora-diaspora,12
diaspora-diaspora,10
diaspora-diaspora,13
diaspora-diaspora,2
CocoaPods-CocoaPods,9
CocoaPods-CocoaPods,29
CocoaPods-CocoaPods,29
CocoaPods-CocoaPods,55
CocoaPods-CocoaPods,12
CocoaPods-CocoaPods,7
CocoaPods-CocoaPods,8
CocoaPods-CocoaPods,5
CocoaPods-CocoaPods,719
CocoaPods-CocoaPods,143
CocoaPods-CocoaPods,9
CocoaPods-CocoaPods,10
CocoaPods-CocoaPods,3
CocoaPods-CocoaPods,2
CocoaPods-CocoaPods,2
CocoaPods-CocoaPods,3
CocoaPods-CocoaPods,2
CocoaPods-CocoaPods,895
CocoaPods-CocoaPods,296
CocoaPods-CocoaPods,2
CocoaPods-CocoaPods,2
CocoaPods-CocoaPods,69
CocoaPods-CocoaPods,2
CocoaPods-CocoaPods,19
CocoaPods-CocoaPods,1
CocoaPods-CocoaPods,27
CocoaPods-CocoaPods,276
CocoaPods-CocoaPods,9
CocoaPods-CocoaPods,3
CocoaPods-CocoaPods,418
CocoaPods-CocoaPods,17
CocoaPods-CocoaPods,3
CocoaPods-CocoaPods,363
CocoaPods-CocoaPods,6
CocoaPods-CocoaPods,109
CocoaPods-CocoaPods,10
CocoaPods-CocoaPods,3
CocoaPods-CocoaPods,44
CocoaPods-CocoaPods,44
CocoaPods-CocoaPods,16
CocoaPods-CocoaPods,4
CocoaPods-CocoaPods,2
CocoaPods-CocoaPods,2
CocoaPods-CocoaPods,4
CocoaPods-CocoaPods,65
sferik-rails_admin,19
sferik-rails_admin,17
sferik-rails_admin,501
sferik-rails_admin,35
sferik-rails_admin,2
sferik-rails_admin,4
sferik-rails_admin,90
sferik-rails_admin,9
sferik-rails_admin,11
sferik-rails_admin,20
sferik-rails_admin,20
sferik-rails_admin,4
sferik-rails_admin,74
sferik-rails_admin,2
sferik-rails_admin,6
sferik-rails_admin,9
sferik-rails_admin,20
sferik-rails_admin,2
sferik-rails_admin,8
sferik-rails_admin,18
sferik-rails_admin,2
sferik-rails_admin,25
sferik-rails_admin,25
sferik-rails_admin,14
sferik-rails_admin,7
sferik-rails_admin,110
sferik-rails_admin,365
sferik-rails_admin,38
sferik-rails_admin,2
sferik-rails_admin,3
sferik-rails_admin,75
sferik-rails_admin,12
sferik-rails_admin,4
sferik-rails_admin,6
sferik-rails_admin,2
sferik-rails_admin,2
sferik-rails_admin,2
sferik-rails_admin,12
sferik-rails_admin,6
sferik-rails_admin,8
sferik-rails_admin,6
sferik-rails_admin,14
sferik-rails_admin,2
sferik-rails_admin,2
sferik-rails_admin,19
sferik-rails_admin,3
sferik-rails_admin,2
sferik-rails_admin,33
sferik-rails_admin,79
sferik-rails_admin,2
sferik-rails_admin,2
sferik-rails_admin,1979
discourse-discourse,12
discourse-discourse,12
discourse-discourse,6
discourse-discourse,340
discourse-discourse,126
discourse-discourse,1
discourse-discourse,32
discourse-discourse,200
discourse-discourse,67
discourse-discourse,73
discourse-discourse,1
discourse-discourse,6
discourse-discourse,66
discourse-discourse,2
discourse-discourse,5
discourse-discourse,2
discourse-discourse,14
discourse-discourse,18
discourse-discourse,30
discourse-discourse,33
discourse-discourse,1
discourse-discourse,99
discourse-discourse,33
discourse-discourse,45
discourse-discourse,6
discourse-discourse,12
discourse-discourse,247
discourse-discourse,10
discourse-discourse,1
discourse-discourse,68
discourse-discourse,5
discourse-discourse,5
discourse-discourse,5
discourse-discourse,118
discourse-discourse,15
discourse-discourse,2
discourse-discourse,48
discourse-discourse,17
discourse-discourse,38
discourse-discourse,8
discourse-discourse,34
discourse-discourse,12
discourse-discourse,2
discourse-discourse,16
discourse-discourse,21
discourse-discourse,20
discourse-discourse,7
discourse-discourse,9
discourse-discourse,16
discourse-discourse,50
discourse-discourse,19
discourse-discourse,2
discourse-discourse,7
discourse-discourse,6
discourse-discourse,9
discourse-discourse,146
discourse-discourse,17
discourse-discourse,12
discourse-discourse,6
discourse-discourse,11
discourse-discourse,24
discourse-discourse,279
discourse-discourse,9
discourse-discourse,9
discourse-discourse,3
discourse-discourse,6
discourse-discourse,2
discourse-discourse,20
discourse-discourse,4
discourse-discourse,2
discourse-discourse,6
discourse-discourse,2
discourse-discourse,3
discourse-discourse,38
discourse-discourse,5
discourse-discourse,9
discourse-discourse,5
discourse-discourse,4
discourse-discourse,89
discourse-discourse,16
discourse-discourse,26
discourse-discourse,5
discourse-discourse,24
discourse-discourse,21
discourse-discourse,2
discourse-discourse,4
discourse-discourse,3
discourse-discourse,20
discourse-discourse,24
discourse-discourse,2
discourse-discourse,8
discourse-discourse,45
discourse-discourse,51
discourse-discourse,59
discourse-discourse,10
discourse-discourse,37
discourse-discourse,12
discourse-discourse,7
discourse-discourse,28
discourse-discourse,9
discourse-discourse,2
discourse-discourse,5
discourse-discourse,10
discourse-discourse,3
discourse-discourse,9
discourse-discourse,11
discourse-discourse,134
discourse-discourse,134
discourse-discourse,134
discourse-discourse,29
discourse-discourse,34
discourse-discourse,12
discourse-discourse,43
discourse-discourse,50
discourse-discourse,31
discourse-discourse,54
discourse-discourse,3
discourse-discourse,4
discourse-discourse,6
discourse-discourse,1
discourse-discourse,5
discourse-discourse,4
discourse-discourse,20
discourse-discourse,76
discourse-discourse,31
discourse-discourse,139
discourse-discourse,9
discourse-discourse,39
discourse-discourse,1
discourse-discourse,39
discourse-discourse,23
discourse-discourse,18
discourse-discourse,5
discourse-discourse,1
discourse-discourse,55
discourse-discourse,2
discourse-discourse,2
discourse-discourse,146
discourse-discourse,14
discourse-discourse,2
discourse-discourse,25
discourse-discourse,7
discourse-discourse,6
discourse-discourse,2
discourse-discourse,20
discourse-discourse,4
discourse-discourse,20
discourse-discourse,6
discourse-discourse,6
discourse-discourse,4
discourse-discourse,2
discourse-discourse,39
discourse-discourse,27
discourse-discourse,33
discourse-discourse,36
discourse-discourse,50
discourse-discourse,6
discourse-discourse,12
discourse-discourse,10
discourse-discourse,2
discourse-discourse,29
discourse-discourse,2
discourse-discourse,8
discourse-discourse,8
discourse-discourse,28
discourse-discourse,26
discourse-discourse,3
discourse-discourse,39
discourse-discourse,46
discourse-discourse,2
discourse-discourse,2
discourse-discourse,40
discourse-discourse,1
discourse-discourse,20
discourse-discourse,2
discourse-discourse,128
discourse-discourse,7
discourse-discourse,9
discourse-discourse,12
discourse-discourse,9
discourse-discourse,9
discourse-discourse,337
discourse-discourse,21
discourse-discourse,3
discourse-discourse,4
discourse-discourse,4
discourse-discourse,4
discourse-discourse,14
discourse-discourse,13
discourse-discourse,6
discourse-discourse,2
discourse-discourse,2
discourse-discourse,41
discourse-discourse,24
discourse-discourse,7
discourse-discourse,16
discourse-discourse,7
discourse-discourse,6
discourse-discourse,6
discourse-discourse,16
discourse-discourse,16
discourse-discourse,29
discourse-discourse,18
discourse-discourse,53
discourse-discourse,13
discourse-discourse,2
discourse-discourse,8
discourse-discourse,114
discourse-discourse,8
discourse-discourse,4
discourse-discourse,20
discourse-discourse,4
discourse-discourse,4
discourse-discourse,5
discourse-discourse,23
discourse-discourse,199
discourse-discourse,4
discourse-discourse,2
discourse-discourse,9
discourse-discourse,12
discourse-discourse,10
discourse-discourse,3
discourse-discourse,10
discourse-discourse,2
discourse-discourse,2
discourse-discourse,40
discourse-discourse,23
discourse-discourse,95
discourse-discourse,37
discourse-discourse,34
discourse-discourse,162
discourse-discourse,18
discourse-discourse,47
discourse-discourse,1
discourse-discourse,22
discourse-discourse,4
discourse-discourse,271
discourse-discourse,23
discourse-discourse,2
discourse-discourse,7
discourse-discourse,14
discourse-discourse,8
discourse-discourse,10
discourse-discourse,3
discourse-discourse,33
discourse-discourse,157
discourse-discourse,33
discourse-discourse,291
discourse-discourse,2
discourse-discourse,9
discourse-discourse,2
discourse-discourse,6
discourse-discourse,14
discourse-discourse,21
discourse-discourse,5
discourse-discourse,4
discourse-discourse,8
discourse-discourse,8
discourse-discourse,10
discourse-discourse,2
discourse-discourse,17
discourse-discourse,7
discourse-discourse,5
discourse-discourse,49
discourse-discourse,3
discourse-discourse,48
discourse-discourse,39
discourse-discourse,26
discourse-discourse,30
discourse-discourse,5
discourse-discourse,26
discourse-discourse,164
discourse-discourse,2
discourse-discourse,5
discourse-discourse,35
discourse-discourse,14
discourse-discourse,3
discourse-discourse,14
discourse-discourse,29
discourse-discourse,2
discourse-discourse,2
discourse-discourse,5
discourse-discourse,6
discourse-discourse,4
discourse-discourse,227
discourse-discourse,35
discourse-discourse,3
discourse-discourse,5
discourse-discourse,2
discourse-discourse,2
discourse-discourse,2
discourse-discourse,5
discourse-discourse,39
discourse-discourse,37
discourse-discourse,2
discourse-discourse,1
discourse-discourse,214
discourse-discourse,322
discourse-discourse,6
discourse-discourse,30
discourse-discourse,30
discourse-discourse,56
discourse-discourse,2
discourse-discourse,3
discourse-discourse,10
discourse-discourse,11
discourse-discourse,79
discourse-discourse,59
discourse-discourse,2
discourse-discourse,45
sass-sass,2
sass-sass,4
sass-sass,22
sass-sass,8
sass-sass,1
sass-sass,77
sass-sass,10
sass-sass,26
sass-sass,3
sass-sass,2
sass-sass,10
sass-sass,63
sass-sass,23
sass-sass,52
sass-sass,16
sass-sass,13
sass-sass,48
sass-sass,10
sass-sass,23
sass-sass,2
sass-sass,30
sass-sass,15
sass-sass,36
sass-sass,6
sass-sass,2
sass-sass,2
sass-sass,11
sass-sass,21
sass-sass,19
sass-sass,2
sass-sass,2
sass-sass,4
sass-sass,56
sass-sass,15
sass-sass,2
sass-sass,22
sass-sass,6
sass-sass,3
sass-sass,55
sass-sass,61
sass-sass,3
sass-sass,90
sass-sass,96
sass-sass,74
sass-sass,38
sass-sass,48
sass-sass,11
sass-sass,2
sass-sass,264
sass-sass,16
sass-sass,3
sass-sass,863
sass-sass,12
sass-sass,71
sass-sass,16
sass-sass,33
sass-sass,2
sass-sass,46
sass-sass,22
sass-sass,9
sass-sass,15
sass-sass,30
sass-sass,3
sass-sass,30
sass-sass,2
sass-sass,26
sass-sass,5
sass-sass,6
sass-sass,7
sass-sass,2
sass-sass,17
sass-sass,2
sass-sass,2
sass-sass,1
sass-sass,2
sass-sass,43
sass-sass,2
sass-sass,2
sass-sass,18
sass-sass,11
sass-sass,2
sass-sass,6
sass-sass,16
sass-sass,2
sass-sass,6
sass-sass,2
sass-sass,2
sass-sass,2
sass-sass,3
sass-sass,22
sass-sass,20
sass-sass,2
sass-sass,10
sass-sass,2
sass-sass,20
sass-sass,8
sass-sass,8
sass-sass,7
sass-sass,22
sass-sass,2
sass-sass,23
sass-sass,9
sass-sass,16
sass-sass,27
sass-sass,82
sass-sass,64
sass-sass,20
sass-sass,24
sass-sass,258
sass-sass,6
sass-sass,6
sass-sass,119
sass-sass,9
sass-sass,89
sass-sass,35
sass-sass,64
sass-sass,22
sass-sass,18
sass-sass,2
sass-sass,21
sass-sass,1
sass-sass,11
sass-sass,2
sass-sass,2
sass-sass,52
sass-sass,2
sass-sass,40
sass-sass,2
sass-sass,2
sass-sass,2
sass-sass,10
sass-sass,3
sass-sass,2
sass-sass,2
sass-sass,2
sass-sass,43
sass-sass,5
sass-sass,19
sass-sass,34
sass-sass,3
sass-sass,4
sass-sass,2
sass-sass,20
sass-sass,6
sass-sass,6
sass-sass,17
sass-sass,17
sass-sass,6
sass-sass,8
sass-sass,2
sass-sass,2
sass-sass,2
sass-sass,4
sass-sass,2
sass-sass,2
sass-sass,10
sass-sass,2
sass-sass,9
sass-sass,21
sass-sass,16
sass-sass,16
sass-sass,20
sass-sass,23
sass-sass,6
sass-sass,141
sass-sass,2
sass-sass,2
sass-sass,7
sass-sass,2
sass-sass,2
sass-sass,48
sass-sass,48
sass-sass,2
sass-sass,2
sass-sass,2
sass-sass,52
sass-sass,10
sass-sass,10
sass-sass,2
sass-sass,1
sass-sass,7
sass-sass,2
sass-sass,10
sass-sass,63
sass-sass,55
sinatra-sinatra,2
sinatra-sinatra,7
sinatra-sinatra,10
sinatra-sinatra,1
sinatra-sinatra,1
sinatra-sinatra,23
sinatra-sinatra,141
sinatra-sinatra,25
sinatra-sinatra,2
sinatra-sinatra,5433
sinatra-sinatra,120
guard-guard,2
guard-guard,445
guard-guard,1
guard-guard,1
guard-guard,12
guard-guard,2
guard-guard,2
guard-guard,12
guard-guard,12
guard-guard,5
guard-guard,4
guard-guard,21
guard-guard,56
guard-guard,4
guard-guard,8
guard-guard,13
guard-guard,10
guard-guard,37
guard-guard,22
jekyll-jekyll,35
jekyll-jekyll,564
jekyll-jekyll,12
jekyll-jekyll,6
jekyll-jekyll,15
jekyll-jekyll,52
jekyll-jekyll,42
jekyll-jekyll,25
jekyll-jekyll,9
jekyll-jekyll,16
jekyll-jekyll,10
jekyll-jekyll,105
jekyll-jekyll,2
jekyll-jekyll,18
jekyll-jekyll,2
jekyll-jekyll,2
jekyll-jekyll,6
jekyll-jekyll,5
jekyll-jekyll,4
jekyll-jekyll,15
jekyll-jekyll,15
jekyll-jekyll,7
jekyll-jekyll,2
jekyll-jekyll,2
kaminari-kaminari,6
kaminari-kaminari,14
kaminari-kaminari,11
kaminari-kaminari,49
kaminari-kaminari,49
kaminari-kaminari,11
kaminari-kaminari,41
kaminari-kaminari,8
kaminari-kaminari,8
kaminari-kaminari,35
kaminari-kaminari,47
kaminari-kaminari,10
kaminari-kaminari,33
kaminari-kaminari,11
kaminari-kaminari,6
kaminari-kaminari,2
kaminari-kaminari,82
kaminari-kaminari,4
elastic-logstash,6
elastic-logstash,24
elastic-logstash,2
elastic-logstash,1713
elastic-logstash,26
elastic-logstash,62
elastic-logstash,5
elastic-logstash,132
elastic-logstash,51
elastic-logstash,76
elastic-logstash,6
elastic-logstash,8
elastic-logstash,2
elastic-logstash,209
elastic-logstash,2
elastic-logstash,2
elastic-logstash,9
elastic-logstash,25
elastic-logstash,92
elastic-logstash,202
elastic-logstash,10
elastic-logstash,15
elastic-logstash,6
elastic-logstash,4
elastic-logstash,1
elastic-logstash,6
elastic-logstash,15
elastic-logstash,216
elastic-logstash,425
elastic-logstash,12
elastic-logstash,55
elastic-logstash,53
elastic-logstash,77
elastic-logstash,149
elastic-logstash,4
elastic-logstash,1747
elastic-logstash,363
elastic-logstash,105
elastic-logstash,38
elastic-logstash,1001
elastic-logstash,26
elastic-logstash,1
elastic-logstash,286
elastic-logstash,4241
elastic-logstash,13
elastic-logstash,6
elastic-logstash,4
elastic-logstash,18
elastic-logstash,18
elastic-logstash,29
elastic-logstash,20
elastic-logstash,29
elastic-logstash,22
elastic-logstash,35
elastic-logstash,2
elastic-logstash,2
elastic-logstash,7
elastic-logstash,7
elastic-logstash,8
elastic-logstash,80
elastic-logstash,11
elastic-logstash,24
elastic-logstash,24
elastic-logstash,4
elastic-logstash,4
elastic-logstash,12
elastic-logstash,41
elastic-logstash,8
elastic-logstash,12
elastic-logstash,14
elastic-logstash,2
elastic-logstash,5
elastic-logstash,254
elastic-logstash,9
elastic-logstash,8
elastic-logstash,8
elastic-logstash,3
elastic-logstash,41
elastic-logstash,6
elastic-logstash,4
elastic-logstash,3
elastic-logstash,9
elastic-logstash,2
elastic-logstash,6
elastic-logstash,1243
elastic-logstash,234
elastic-logstash,92
elastic-logstash,2
elastic-logstash,2
elastic-logstash,2
elastic-logstash,2
elastic-logstash,141
elastic-logstash,141
elastic-logstash,6
elastic-logstash,6
elastic-logstash,186
elastic-logstash,1
elastic-logstash,2
elastic-logstash,9
elastic-logstash,34
elastic-logstash,97
elastic-logstash,6
elastic-logstash,36
elastic-logstash,6
elastic-logstash,88
elastic-logstash,84
elastic-logstash,5
elastic-logstash,1
elastic-logstash,2
elastic-logstash,10
elastic-logstash,32
elastic-logstash,16
elastic-logstash,4
elastic-logstash,27
elastic-logstash,4
elastic-logstash,2
elastic-logstash,41
elastic-logstash,1
elastic-logstash,17
elastic-logstash,6
elastic-logstash,9
elastic-logstash,27
elastic-logstash,42
elastic-logstash,9
elastic-logstash,6
elastic-logstash,6
elastic-logstash,14
elastic-logstash,8
elastic-logstash,35
elastic-logstash,296
elastic-logstash,6
elastic-logstash,2
elastic-logstash,4
elastic-logstash,7
elastic-logstash,16
elastic-logstash,10
elastic-logstash,31
elastic-logstash,35
elastic-logstash,44
activeadmin-activeadmin,23
activeadmin-activeadmin,144
activeadmin-activeadmin,6
activeadmin-activeadmin,10
activeadmin-activeadmin,8
activeadmin-activeadmin,236
activeadmin-activeadmin,13
activeadmin-activeadmin,7
activeadmin-activeadmin,2
activeadmin-activeadmin,2
activeadmin-activeadmin,6
activeadmin-activeadmin,141
activeadmin-activeadmin,85
activeadmin-activeadmin,32
activeadmin-activeadmin,8
activeadmin-activeadmin,15
activeadmin-activeadmin,6
activeadmin-activeadmin,212
activeadmin-activeadmin,30
activeadmin-activeadmin,85
activeadmin-activeadmin,61
activeadmin-activeadmin,6
activeadmin-activeadmin,38
activeadmin-activeadmin,503
activeadmin-activeadmin,10
activeadmin-activeadmin,24
activeadmin-activeadmin,52
activeadmin-activeadmin,23
activeadmin-activeadmin,71
activeadmin-activeadmin,10
activeadmin-activeadmin,10
activeadmin-activeadmin,23
activeadmin-activeadmin,2
activeadmin-activeadmin,2
activeadmin-activeadmin,2
activeadmin-activeadmin,8
activeadmin-activeadmin,562
activeadmin-activeadmin,12
activeadmin-activeadmin,5
activeadmin-activeadmin,12
activeadmin-activeadmin,15
activeadmin-activeadmin,2
activeadmin-activeadmin,32
activeadmin-activeadmin,6
activeadmin-activeadmin,7
activeadmin-activeadmin,6
activeadmin-activeadmin,45
ruby-ruby,26
ruby-ruby,13
ruby-ruby,3
ruby-ruby,4
ruby-ruby,12
ruby-ruby,10
ruby-ruby,3
ruby-ruby,2
ruby-ruby,10
ruby-ruby,142
ruby-ruby,8
ruby-ruby,5
ruby-ruby,14
ruby-ruby,32
ruby-ruby,9
ruby-ruby,30
ruby-ruby,8
ruby-ruby,13
ruby-ruby,108
ruby-ruby,176
ruby-ruby,4
ruby-ruby,68
ruby-ruby,4
ruby-ruby,2
ruby-ruby,2
ruby-ruby,2
ruby-ruby,14
ruby-ruby,27
ruby-ruby,2
ruby-ruby,24
ruby-ruby,30
ruby-ruby,13
ruby-ruby,20
ruby-ruby,24
ruby-ruby,10
ruby-ruby,2
ruby-ruby,9
ruby-ruby,30
ruby-ruby,8
ruby-ruby,2
ruby-ruby,20
ruby-ruby,13
ruby-ruby,12
ruby-ruby,2
ruby-ruby,82
ruby-ruby,20
ruby-ruby,2
ruby-ruby,12
ruby-ruby,4
ruby-ruby,12
ruby-ruby,17
ruby-ruby,171
ruby-ruby,2
ruby-ruby,14
ruby-ruby,6
ruby-ruby,51
ruby-ruby,12
ruby-ruby,14
ruby-ruby,17
ruby-ruby,4
ruby-ruby,36
ruby-ruby,4
ruby-ruby,6
ruby-ruby,27
ruby-ruby,3
ruby-ruby,14
ruby-ruby,201
ruby-ruby,13
ruby-ruby,6
ruby-ruby,9
ruby-ruby,3
ruby-ruby,10
ruby-ruby,5
ruby-ruby,2
ruby-ruby,4
ruby-ruby,78
ruby-ruby,1
ruby-ruby,34
ruby-ruby,9
ruby-ruby,129
ruby-ruby,1
ruby-ruby,8
ruby-ruby,26
ruby-ruby,2
ruby-ruby,41
ruby-ruby,4
ruby-ruby,12
ruby-ruby,27
ruby-ruby,1
ruby-ruby,7
ruby-ruby,157
ruby-ruby,28
ruby-ruby,13
ruby-ruby,5
ruby-ruby,4
ruby-ruby,4
ruby-ruby,11
ruby-ruby,6
ruby-ruby,6
ruby-ruby,8
ruby-ruby,52
ruby-ruby,6
ruby-ruby,12
ruby-ruby,2
ruby-ruby,2
ruby-ruby,2
ruby-ruby,10
ruby-ruby,27
ruby-ruby,76
ruby-ruby,83
ruby-ruby,2
ruby-ruby,3
ruby-ruby,9
ruby-ruby,8
ruby-ruby,2
ruby-ruby,9
ruby-ruby,16
ruby-ruby,2
ruby-ruby,29
ruby-ruby,8
ruby-ruby,4
ruby-ruby,5
ruby-ruby,2
ruby-ruby,12
ruby-ruby,6
ruby-ruby,16
ruby-ruby,3
ruby-ruby,10
ruby-ruby,12
ruby-ruby,20
ruby-ruby,20
ruby-ruby,6
ruby-ruby,15
ruby-ruby,6
ruby-ruby,25
ruby-ruby,6
ruby-ruby,17
ruby-ruby,3
ruby-ruby,121
ruby-ruby,2
ruby-ruby,9
ruby-ruby,4
ruby-ruby,16
ruby-ruby,20
ruby-ruby,1
ruby-ruby,11
ruby-ruby,10
ruby-ruby,12
ruby-ruby,20
ruby-ruby,45
ruby-ruby,40
ruby-ruby,11
ruby-ruby,6
ruby-ruby,5
ruby-ruby,5
ruby-ruby,3
ruby-ruby,5
ruby-ruby,8
ruby-ruby,8
ruby-ruby,6
ruby-ruby,6
ruby-ruby,6
ruby-ruby,2
ruby-ruby,5
ruby-ruby,3
ruby-ruby,10
ruby-ruby,54
ruby-ruby,6
ruby-ruby,29
ruby-ruby,1
ruby-ruby,1
ruby-ruby,7
ruby-ruby,2
ruby-ruby,15
ruby-ruby,4
ruby-ruby,2
ruby-ruby,9
ruby-ruby,14
ruby-ruby,5
ruby-ruby,10
ruby-ruby,13
ruby-ruby,18
ruby-ruby,9
ruby-ruby,1
ruby-ruby,2
ruby-ruby,2
ruby-ruby,23
ruby-ruby,2
ruby-ruby,28
ruby-ruby,69
ruby-ruby,25
ruby-ruby,11
ruby-ruby,26
ruby-ruby,3
ruby-ruby,26
ruby-ruby,30
ruby-ruby,1
ruby-ruby,2
ruby-ruby,2
ruby-ruby,11
ruby-ruby,10
ruby-ruby,5
ruby-ruby,4
ruby-ruby,2
ruby-ruby,74
ruby-ruby,2
ruby-ruby,120
ruby-ruby,2
ruby-ruby,25
ruby-ruby,28
ruby-ruby,1
ruby-ruby,27
ruby-ruby,6
ruby-ruby,29
ruby-ruby,21
ruby-ruby,4
ruby-ruby,14
ruby-ruby,8
ruby-ruby,3
ruby-ruby,21
ruby-ruby,7
ruby-ruby,9
ruby-ruby,22
ruby-ruby,9
ruby-ruby,2
ruby-ruby,8
ruby-ruby,18
ruby-ruby,20
ruby-ruby,2
ruby-ruby,61
ruby-ruby,13
ruby-ruby,6
ruby-ruby,4
ruby-ruby,7
ruby-ruby,8
ruby-ruby,20
ruby-ruby,33
ruby-ruby,6
ruby-ruby,2
ruby-ruby,5
ruby-ruby,4
ruby-ruby,11
ruby-ruby,15
ruby-ruby,2
ruby-ruby,2
ruby-ruby,2
ruby-ruby,4
ruby-ruby,16
ruby-ruby,99
ruby-ruby,6
ruby-ruby,9
ruby-ruby,15
ruby-ruby,8
ruby-ruby,2
ruby-ruby,10
ruby-ruby,2
ruby-ruby,143
ruby-ruby,1
ruby-ruby,38
ruby-ruby,4
ruby-ruby,5
ruby-ruby,15
ruby-ruby,5
ruby-ruby,8
ruby-ruby,10
ruby-ruby,5
ruby-ruby,9
ruby-ruby,16
ruby-ruby,10
ruby-ruby,2
ruby-ruby,2
ruby-ruby,3
ruby-ruby,16
ruby-ruby,1
ruby-ruby,6
ruby-ruby,17
ruby-ruby,22
ruby-ruby,14
ruby-ruby,10
ruby-ruby,17
ruby-ruby,2
ruby-ruby,7
ruby-ruby,16
ruby-ruby,10
ruby-ruby,30
ruby-ruby,24
ruby-ruby,11
ruby-ruby,2
ruby-ruby,11
ruby-ruby,47
ruby-ruby,2
ruby-ruby,12
ruby-ruby,13
ruby-ruby,3
ruby-ruby,10
ruby-ruby,2
ruby-ruby,2
ruby-ruby,2
ruby-ruby,8
ruby-ruby,2
ruby-ruby,2
ruby-ruby,7
ruby-ruby,16
ruby-ruby,12
ruby-ruby,7
ruby-ruby,21
ruby-ruby,5
ruby-ruby,17
ruby-ruby,57
ruby-ruby,39
ruby-ruby,38
ruby-ruby,2
ruby-ruby,42
ruby-ruby,7
ruby-ruby,59
ruby-ruby,2
ruby-ruby,6
ruby-ruby,1
ruby-ruby,10
ruby-ruby,1180
ruby-ruby,3
ruby-ruby,1
ruby-ruby,17
ruby-ruby,2
ruby-ruby,92
ruby-ruby,18
ruby-ruby,2
ruby-ruby,54
ruby-ruby,2
ruby-ruby,3
ruby-ruby,14
ruby-ruby,4
ruby-ruby,2133
ruby-ruby,69
ruby-ruby,12
ruby-ruby,6
ruby-ruby,3713
ruby-ruby,41
ruby-ruby,27
ruby-ruby,79
ruby-ruby,162
ruby-ruby,65
ruby-ruby,6
ruby-ruby,1423
ruby-ruby,4
ruby-ruby,19
ruby-ruby,12
ruby-ruby,27
ruby-ruby,3
ruby-ruby,13
ruby-ruby,30
ruby-ruby,106
ruby-ruby,138
ruby-ruby,26
ruby-ruby,2
ruby-ruby,21
ruby-ruby,6
ruby-ruby,15
ruby-ruby,6
ruby-ruby,3
ruby-ruby,39
ruby-ruby,14
ruby-ruby,53
ruby-ruby,12
ruby-ruby,35
ruby-ruby,13
ruby-ruby,12
ruby-ruby,4
ruby-ruby,1
ruby-ruby,4
ruby-ruby,12
ruby-ruby,2
ruby-ruby,7
ruby-ruby,158
ruby-ruby,29
ruby-ruby,6
ruby-ruby,25
ruby-ruby,3
ruby-ruby,1
ruby-ruby,6
ruby-ruby,17
ruby-ruby,13
ruby-ruby,22
ruby-ruby,12
ruby-ruby,5
ruby-ruby,53
ruby-ruby,21
ruby-ruby,3
ruby-ruby,5
ruby-ruby,29
ruby-ruby,38
ruby-ruby,13
ruby-ruby,2
ruby-ruby,22
ruby-ruby,24
ruby-ruby,21
ruby-ruby,5
ruby-ruby,10
ruby-ruby,28
ruby-ruby,7
ruby-ruby,3
ruby-ruby,6
ruby-ruby,21
ruby-ruby,5
ruby-ruby,6
ruby-ruby,19
ruby-ruby,2
ruby-ruby,5
ruby-ruby,7
ruby-ruby,1154
ruby-ruby,8
ruby-ruby,2
ruby-ruby,29
ruby-ruby,12
ruby-ruby,2
ruby-ruby,8
ruby-ruby,27
ruby-ruby,75
ruby-ruby,4
ruby-ruby,41
ruby-ruby,23
ruby-ruby,316
ruby-ruby,12
ruby-ruby,283
ruby-ruby,4
ruby-ruby,22
ruby-ruby,15
ruby-ruby,2
ruby-ruby,4
ruby-ruby,19
ruby-ruby,7
ruby-ruby,37
ruby-ruby,2
ruby-ruby,4
ruby-ruby,4
ruby-ruby,31
ruby-ruby,18
ruby-ruby,12
ruby-ruby,19
ruby-ruby,3
ruby-ruby,32
ruby-ruby,7
ruby-ruby,2
ruby-ruby,76
ruby-ruby,64
ruby-ruby,2
ruby-ruby,30
ruby-ruby,127
ruby-ruby,59
ruby-ruby,8
ruby-ruby,7
ruby-ruby,7
ruby-ruby,17
ruby-ruby,15
ruby-ruby,18
ruby-ruby,8
ruby-ruby,12
ruby-ruby,40
ruby-ruby,4
ruby-ruby,2
ruby-ruby,5
ruby-ruby,21
ruby-ruby,14
ruby-ruby,5
ruby-ruby,163
ruby-ruby,40
ruby-ruby,289
ruby-ruby,15
ruby-ruby,2
ruby-ruby,2
ruby-ruby,5
ruby-ruby,23
ruby-ruby,867
ruby-ruby,72
ruby-ruby,2
ruby-ruby,19
ruby-ruby,37
ruby-ruby,630
ruby-ruby,34
ruby-ruby,13
ruby-ruby,24
ruby-ruby,9
ruby-ruby,390
ruby-ruby,73
ruby-ruby,10
ruby-ruby,3
ruby-ruby,13
ruby-ruby,12
ruby-ruby,2
ruby-ruby,69
ruby-ruby,136
ruby-ruby,51
ruby-ruby,2
ruby-ruby,32
ruby-ruby,19
ruby-ruby,7
ruby-ruby,31
ruby-ruby,4
ruby-ruby,2
ruby-ruby,3
ruby-ruby,437
ruby-ruby,1
ruby-ruby,16
ruby-ruby,3
ruby-ruby,110
ruby-ruby,3
ruby-ruby,13
ruby-ruby,10
ruby-ruby,2
ruby-ruby,25
ruby-ruby,2
ruby-ruby,11
ruby-ruby,64
ruby-ruby,3
ruby-ruby,9
ruby-ruby,76
ruby-ruby,79
ruby-ruby,20
ruby-ruby,14
ruby-ruby,7
ruby-ruby,17
ruby-ruby,17
ruby-ruby,4
ruby-ruby,5
ruby-ruby,11
ruby-ruby,22
ruby-ruby,13
ruby-ruby,6
ruby-ruby,26
ruby-ruby,64
ruby-ruby,2
ruby-ruby,11
ruby-ruby,38
ruby-ruby,20
ruby-ruby,12
ruby-ruby,122
ruby-ruby,168
ruby-ruby,1
ruby-ruby,1
ruby-ruby,13
ruby-ruby,8
ruby-ruby,12
ruby-ruby,43
ruby-ruby,11
ruby-ruby,4
ruby-ruby,34
ruby-ruby,5
ruby-ruby,2
ruby-ruby,15
ruby-ruby,6
ruby-ruby,57
ruby-ruby,20
ruby-ruby,2
ruby-ruby,5
ruby-ruby,28
ruby-ruby,16
ruby-ruby,23
ruby-ruby,8
ruby-ruby,72
ruby-ruby,72
ruby-ruby,5
ruby-ruby,30
ruby-ruby,23
ruby-ruby,14
ruby-ruby,2
ruby-ruby,16
ruby-ruby,16
ruby-ruby,2
ruby-ruby,1
ruby-ruby,488
ruby-ruby,5
ruby-ruby,12
ruby-ruby,7
ruby-ruby,15
ruby-ruby,3
ruby-ruby,16
ruby-ruby,28
ruby-ruby,5
ruby-ruby,1
ruby-ruby,5
ruby-ruby,1
ruby-ruby,4
ruby-ruby,1
ruby-ruby,52
ruby-ruby,6
ruby-ruby,11
ruby-ruby,142
ruby-ruby,4
ruby-ruby,11
ruby-ruby,4
ruby-ruby,6
ruby-ruby,15
ruby-ruby,146
ruby-ruby,1
ruby-ruby,3
ruby-ruby,28
ruby-ruby,25
ruby-ruby,14
ruby-ruby,14
ruby-ruby,15
ruby-ruby,75
ruby-ruby,22
ruby-ruby,4
ruby-ruby,35
ruby-ruby,13
ruby-ruby,1
ruby-ruby,12
ruby-ruby,5
ruby-ruby,136
ruby-ruby,66
ruby-ruby,65
ruby-ruby,5
ruby-ruby,35
ruby-ruby,27
ruby-ruby,6
ruby-ruby,32
ruby-ruby,2
ruby-ruby,16
ruby-ruby,7
ruby-ruby,8
ruby-ruby,10
ruby-ruby,20
ruby-ruby,22
ruby-ruby,272
ruby-ruby,11
ruby-ruby,2
ruby-ruby,89
ruby-ruby,232
ruby-ruby,2
ruby-ruby,60
ruby-ruby,2
ruby-ruby,1
ruby-ruby,54
ruby-ruby,8
ruby-ruby,19
ruby-ruby,5
ruby-ruby,4
ruby-ruby,10
ruby-ruby,10
ruby-ruby,86
ruby-ruby,915
ruby-ruby,77
ruby-ruby,6
ruby-ruby,3
ruby-ruby,3
ruby-ruby,31
ruby-ruby,12
ruby-ruby,25
ruby-ruby,11
ruby-ruby,59
ruby-ruby,2
ruby-ruby,232
ruby-ruby,5
ruby-ruby,1585
ruby-ruby,7
ruby-ruby,5
ruby-ruby,1
ruby-ruby,7
ruby-ruby,3
ruby-ruby,12
ruby-ruby,27
ruby-ruby,2
ruby-ruby,9
ruby-ruby,6
ruby-ruby,1
ruby-ruby,51
ruby-ruby,20
ruby-ruby,38
ruby-ruby,26
ruby-ruby,8
ruby-ruby,255
ruby-ruby,4
ruby-ruby,14
ruby-ruby,20
ruby-ruby,6
ruby-ruby,9
ruby-ruby,19
ruby-ruby,16
ruby-ruby,4
ruby-ruby,16
ruby-ruby,18
ruby-ruby,25
ruby-ruby,12
ruby-ruby,4
ruby-ruby,6
ruby-ruby,2
ruby-ruby,1
ruby-ruby,3
ruby-ruby,215
ruby-ruby,4
ruby-ruby,22
ruby-ruby,4
ruby-ruby,2
ruby-ruby,2
ruby-ruby,22
ruby-ruby,5
ruby-ruby,479
ruby-ruby,44
ruby-ruby,7650
ruby-ruby,12
ruby-ruby,4
ruby-ruby,38
ruby-ruby,8
ruby-ruby,15
ruby-ruby,7
ruby-ruby,84
ruby-ruby,4
ruby-ruby,195
ruby-ruby,16
ruby-ruby,6
ruby-ruby,37
ruby-ruby,10
ruby-ruby,14
ruby-ruby,1253
ruby-ruby,20
ruby-ruby,9
ruby-ruby,22
ruby-ruby,33
ruby-ruby,269
ruby-ruby,10
ruby-ruby,6
ruby-ruby,38
ruby-ruby,31
ruby-ruby,109
ruby-ruby,57
ruby-ruby,130
ruby-ruby,6674
ruby-ruby,20
ruby-ruby,73
ruby-ruby,4
ruby-ruby,48
ruby-ruby,40
ruby-ruby,13
ruby-ruby,34
ruby-ruby,2
ruby-ruby,7255
ruby-ruby,6
ruby-ruby,12
ruby-ruby,69
ruby-ruby,112
ruby-ruby,3338
ruby-ruby,77
ruby-ruby,15
ruby-ruby,8
ruby-ruby,15
ruby-ruby,11
ruby-ruby,26
ruby-ruby,19
ruby-ruby,64
ruby-ruby,14
ruby-ruby,9
ruby-ruby,28
ruby-ruby,31
ruby-ruby,24
ruby-ruby,13
ruby-ruby,46
ruby-ruby,438
ruby-ruby,34
ruby-ruby,31
ruby-ruby,27
ruby-ruby,34
ruby-ruby,4
ruby-ruby,5
ruby-ruby,31
ruby-ruby,57
ruby-ruby,18
ruby-ruby,54
ruby-ruby,2
ruby-ruby,22
ruby-ruby,4
ruby-ruby,25
ruby-ruby,2
ruby-ruby,11
ruby-ruby,13
ruby-ruby,6
ruby-ruby,307
ruby-ruby,19
ruby-ruby,3189
ruby-ruby,140
ruby-ruby,114
ruby-ruby,37
ruby-ruby,2
ruby-ruby,17
ruby-ruby,31
ruby-ruby,4
ruby-ruby,12
ruby-ruby,12
ruby-ruby,284
ruby-ruby,4
ruby-ruby,33
ruby-ruby,54
ruby-ruby,44
ruby-ruby,53
ruby-ruby,38
ruby-ruby,225
ruby-ruby,265
ruby-ruby,108
ruby-ruby,1829
ruby-ruby,3
ruby-ruby,6
ruby-ruby,123
ruby-ruby,134
ruby-ruby,203
ruby-ruby,12
ruby-ruby,5
ruby-ruby,808
ruby-ruby,3
ruby-ruby,2723
ruby-ruby,1266
ruby-ruby,99
ruby-ruby,266
ruby-ruby,14
ruby-ruby,31
ruby-ruby,31
ruby-ruby,41
ruby-ruby,6
ruby-ruby,373
ruby-ruby,9
ruby-ruby,2
ruby-ruby,2
ruby-ruby,227
ruby-ruby,25
ruby-ruby,21
ruby-ruby,65
ruby-ruby,4
ruby-ruby,91
ruby-ruby,13
ruby-ruby,347
ruby-ruby,14250
ruby-ruby,2076
ruby-ruby,25
ruby-ruby,2
ruby-ruby,12
ruby-ruby,1364
ruby-ruby,496
ruby-ruby,2459
ruby-ruby,6011
ruby-ruby,2389
ruby-ruby,158
ruby-ruby,106
ruby-ruby,2
ruby-ruby,542
ruby-ruby,5290
ruby-ruby,3
ruby-ruby,12
ruby-ruby,4
ruby-ruby,480
ruby-ruby,32
ruby-ruby,4
ruby-ruby,2
ruby-ruby,191
ruby-ruby,263
ruby-ruby,749
ruby-ruby,68
ruby-ruby,52
ruby-ruby,34
ruby-ruby,2
ruby-ruby,2
ruby-ruby,381
ruby-ruby,3
ruby-ruby,2
ruby-ruby,4
ruby-ruby,110
ruby-ruby,68
ruby-ruby,2
ruby-ruby,14
ruby-ruby,77
ruby-ruby,115
ruby-ruby,6
ruby-ruby,40
ruby-ruby,37
ruby-ruby,9
ruby-ruby,11
ruby-ruby,3
ruby-ruby,2
ruby-ruby,43
ruby-ruby,3
ruby-ruby,5441
ruby-ruby,23
ruby-ruby,2508
ruby-ruby,37
ruby-ruby,9703
ruby-ruby,9
ruby-ruby,67
ruby-ruby,810
ruby-ruby,325
ruby-ruby,11
ruby-ruby,51
ruby-ruby,2
ruby-ruby,76
ruby-ruby,46
ruby-ruby,66
ruby-ruby,30
ruby-ruby,19
ruby-ruby,70
ruby-ruby,1
ruby-ruby,3
ruby-ruby,25
ruby-ruby,160
ruby-ruby,250
ruby-ruby,17
ruby-ruby,762
ruby-ruby,917
ruby-ruby,12
ruby-ruby,6
ruby-ruby,90
ruby-ruby,1539
ruby-ruby,2
ruby-ruby,325
ruby-ruby,42
ruby-ruby,2367
ruby-ruby,427
ruby-ruby,22
ruby-ruby,4
ruby-ruby,17
ruby-ruby,22
ruby-ruby,16
ruby-ruby,12
ruby-ruby,3
ruby-ruby,9
ruby-ruby,405
ruby-ruby,13
ruby-ruby,720
ruby-ruby,122
ruby-ruby,243
ruby-ruby,526
ruby-ruby,799
ruby-ruby,2
ruby-ruby,13
ruby-ruby,8
ruby-ruby,6
ruby-ruby,761
ruby-ruby,608
ruby-ruby,161
ruby-ruby,5
ruby-ruby,72
ruby-ruby,12412
ruby-ruby,39
ruby-ruby,11
ruby-ruby,8
ruby-ruby,40
ruby-ruby,42
ruby-ruby,325
ruby-ruby,895
ruby-ruby,47
ruby-ruby,100
ruby-ruby,4
ruby-ruby,1
ruby-ruby,168
ruby-ruby,199
ruby-ruby,31
ruby-ruby,176
ruby-ruby,2080
ruby-ruby,28
ruby-ruby,27
ruby-ruby,2
ruby-ruby,4
ruby-ruby,86
ruby-ruby,4
ruby-ruby,111
ruby-ruby,65
ruby-ruby,113
ruby-ruby,2
ruby-ruby,18
ruby-ruby,4
ruby-ruby,6
ruby-ruby,2
ruby-ruby,4
ruby-ruby,4
ruby-ruby,607
ruby-ruby,10
ruby-ruby,4
ruby-ruby,2
ruby-ruby,8
ruby-ruby,482
ruby-ruby,1
ruby-ruby,4
ruby-ruby,139
ruby-ruby,18
ruby-ruby,57
ruby-ruby,90
ruby-ruby,12
ruby-ruby,21
ruby-ruby,5
ruby-ruby,138
ruby-ruby,12
ruby-ruby,30
ruby-ruby,100
ruby-ruby,29
ruby-ruby,1
ruby-ruby,35
ruby-ruby,40
ruby-ruby,217
ruby-ruby,207
ruby-ruby,13
ruby-ruby,105
ruby-ruby,2
plataformatec-simple_form,10
plataformatec-simple_form,8
plataformatec-simple_form,7
plataformatec-simple_form,141
plataformatec-simple_form,4
plataformatec-simple_form,13
plataformatec-simple_form,18
plataformatec-simple_form,39
plataformatec-simple_form,42
skwp-dotfiles,7
skwp-dotfiles,47
skwp-dotfiles,15
thoughtbot-paperclip,4
thoughtbot-paperclip,8
thoughtbot-paperclip,17
thoughtbot-paperclip,5
thoughtbot-paperclip,2
thoughtbot-paperclip,28
thoughtbot-paperclip,2
thoughtbot-paperclip,4
thoughtbot-paperclip,21
thoughtbot-paperclip,81
thoughtbot-paperclip,116
thoughtbot-paperclip,17
thoughtbot-paperclip,29
thoughtbot-paperclip,90
thoughtbot-paperclip,15
thoughtbot-paperclip,15
thoughtbot-paperclip,2
thoughtbot-paperclip,188
thoughtbot-paperclip,4
thoughtbot-paperclip,13
thoughtbot-paperclip,9
thoughtbot-paperclip,20
thoughtbot-paperclip,19
thoughtbot-paperclip,25
thoughtbot-paperclip,1
thoughtbot-paperclip,10
thoughtbot-paperclip,2
thoughtbot-paperclip,5
thoughtbot-paperclip,5
thoughtbot-paperclip,16
thoughtbot-paperclip,482
thoughtbot-paperclip,18
thoughtbot-paperclip,39
thoughtbot-paperclip,137
carrierwaveuploader-carrierwave,75
carrierwaveuploader-carrierwave,14
carrierwaveuploader-carrierwave,10
carrierwaveuploader-carrierwave,26
carrierwaveuploader-carrierwave,26
carrierwaveuploader-carrierwave,13
carrierwaveuploader-carrierwave,13
carrierwaveuploader-carrierwave,33
carrierwaveuploader-carrierwave,33
carrierwaveuploader-carrierwave,2
carrierwaveuploader-carrierwave,24
carrierwaveuploader-carrierwave,24
carrierwaveuploader-carrierwave,10
carrierwaveuploader-carrierwave,28
carrierwaveuploader-carrierwave,6
carrierwaveuploader-carrierwave,2
carrierwaveuploader-carrierwave,17
carrierwaveuploader-carrierwave,33
carrierwaveuploader-carrierwave,6
carrierwaveuploader-carrierwave,2
carrierwaveuploader-carrierwave,2
carrierwaveuploader-carrierwave,12
carrierwaveuploader-carrierwave,17
carrierwaveuploader-carrierwave,18
rails-rails,22
rails-rails,54
rails-rails,278
rails-rails,2
rails-rails,21
rails-rails,13
rails-rails,13
rails-rails,3
rails-rails,19
rails-rails,8
rails-rails,312
rails-rails,11
rails-rails,22
rails-rails,26
rails-rails,17
rails-rails,17
rails-rails,26
rails-rails,16
rails-rails,2
rails-rails,16
rails-rails,16
rails-rails,59
rails-rails,9
rails-rails,9
rails-rails,8
rails-rails,39
rails-rails,4
rails-rails,2
rails-rails,4
rails-rails,12
rails-rails,16
rails-rails,30
rails-rails,207
rails-rails,13
rails-rails,27
rails-rails,5
rails-rails,5
rails-rails,22
rails-rails,89
rails-rails,34
rails-rails,222
rails-rails,17
rails-rails,3
rails-rails,12
rails-rails,14
rails-rails,14
rails-rails,227
rails-rails,2
rails-rails,2
rails-rails,6
rails-rails,16
rails-rails,33
rails-rails,4
rails-rails,7
rails-rails,2
rails-rails,7
rails-rails,13
rails-rails,13
rails-rails,110
rails-rails,17
rails-rails,275
rails-rails,86
rails-rails,39
rails-rails,74
rails-rails,2
rails-rails,2
rails-rails,6
rails-rails,12
rails-rails,12
rails-rails,40
rails-rails,13
rails-rails,36
rails-rails,124
rails-rails,23
rails-rails,31
rails-rails,178
rails-rails,24
rails-rails,24
rails-rails,4
rails-rails,28
rails-rails,34
rails-rails,5
rails-rails,6
rails-rails,35
rails-rails,120
rails-rails,10
rails-rails,16
rails-rails,17
rails-rails,11
rails-rails,75
rails-rails,17
rails-rails,49
rails-rails,43
rails-rails,30
rails-rails,4
rails-rails,37
rails-rails,42
rails-rails,38
rails-rails,48
rails-rails,35
rails-rails,12
rails-rails,50
rails-rails,26
rails-rails,26
rails-rails,39
rails-rails,39
rails-rails,7
rails-rails,12
rails-rails,2
rails-rails,20
rails-rails,20
rails-rails,12
rails-rails,2
rails-rails,12
rails-rails,10
rails-rails,266
rails-rails,41
rails-rails,2
rails-rails,24
rails-rails,20
rails-rails,2
rails-rails,2
rails-rails,12
rails-rails,4
rails-rails,30
rails-rails,43
rails-rails,43
rails-rails,43
rails-rails,43
rails-rails,10
rails-rails,2
rails-rails,2
rails-rails,21
rails-rails,98
rails-rails,11
rails-rails,13
rails-rails,3
rails-rails,23
rails-rails,31
rails-rails,54
rails-rails,2
rails-rails,40
rails-rails,57
rails-rails,42
rails-rails,10
rails-rails,10
rails-rails,12
rails-rails,4
rails-rails,18
rails-rails,2
rails-rails,8
rails-rails,10
rails-rails,2
rails-rails,22
rails-rails,38
rails-rails,46
rails-rails,51
rails-rails,63
rails-rails,25
rails-rails,25
rails-rails,834
rails-rails,19
rails-rails,21
rails-rails,16
rails-rails,42
rails-rails,34
rails-rails,34
rails-rails,25
rails-rails,86
rails-rails,17
rails-rails,41
rails-rails,13
rails-rails,13
rails-rails,11
rails-rails,175
rails-rails,17
rails-rails,16
rails-rails,2
rails-rails,11
rails-rails,8
rails-rails,42
rails-rails,61
rails-rails,63
rails-rails,4
rails-rails,13
rails-rails,13
rails-rails,8
rails-rails,8
rails-rails,72
rails-rails,18
rails-rails,48
rails-rails,4
rails-rails,1
rails-rails,63
rails-rails,38
rails-rails,471
rails-rails,7
rails-rails,46
rails-rails,162
rails-rails,11
rails-rails,20
rails-rails,8
rails-rails,13
rails-rails,2
rails-rails,33
rails-rails,29
rails-rails,29
rails-rails,4014
rails-rails,2
rails-rails,46
rails-rails,6
rails-rails,6
rails-rails,16
rails-rails,3
rails-rails,39
rails-rails,3
rails-rails,9
rails-rails,134
rails-rails,16
rails-rails,31
rails-rails,88
rails-rails,3
rails-rails,42
rails-rails,31
rails-rails,49
rails-rails,24
rails-rails,30
rails-rails,4
rails-rails,16
rails-rails,2
rails-rails,2
rails-rails,2
rails-rails,2
rails-rails,9
rails-rails,71
rails-rails,25
rails-rails,27
rails-rails,6
rails-rails,38
rails-rails,2
rails-rails,73
rails-rails,16
rails-rails,16
rails-rails,30
rails-rails,8
rails-rails,9
rails-rails,25
rails-rails,23
rails-rails,13
rails-rails,13
rails-rails,2
rails-rails,39
rails-rails,39
rails-rails,35
rails-rails,16
rails-rails,10
rails-rails,20
rails-rails,2
rails-rails,2
rails-rails,75
rails-rails,9
rails-rails,9
rails-rails,20
rails-rails,20
rails-rails,35
rails-rails,41
rails-rails,314
rails-rails,305
rails-rails,6
rails-rails,9
rails-rails,14
rails-rails,9
rails-rails,9
rails-rails,3
rails-rails,3
rails-rails,3
rails-rails,23
rails-rails,12
rails-rails,13
rails-rails,12
rails-rails,10
rails-rails,33
rails-rails,9
rails-rails,9
rails-rails,17
rails-rails,12
rails-rails,12
rails-rails,66
rails-rails,66
rails-rails,2
rails-rails,2
rails-rails,2
rails-rails,2
rails-rails,41
rails-rails,41
rails-rails,10
rails-rails,27
rails-rails,37
rails-rails,4
rails-rails,9
rails-rails,9
rails-rails,6
rails-rails,27
rails-rails,46
rails-rails,15
rails-rails,47
rails-rails,26
rails-rails,26
rails-rails,5
rails-rails,11
rails-rails,32
rails-rails,32
rails-rails,5
rails-rails,52
rails-rails,11
rails-rails,11
rails-rails,11
rails-rails,27
rails-rails,2
rails-rails,2
rails-rails,2
rails-rails,21
rails-rails,21
rails-rails,23
rails-rails,7
rails-rails,1
rails-rails,29
rails-rails,6
rails-rails,24
rails-rails,24
rails-rails,2
rails-rails,2
rails-rails,12
rails-rails,7
rails-rails,52
rails-rails,2
rails-rails,2
rails-rails,2
rails-rails,7
rails-rails,1
rails-rails,35
rails-rails,13
rails-rails,44
rails-rails,9
rails-rails,158
rails-rails,64
rails-rails,34
rails-rails,2
rails-rails,2
rails-rails,13
rails-rails,5
rails-rails,16
rails-rails,3
rails-rails,8
rails-rails,10
rails-rails,3
rails-rails,31
rails-rails,2
rails-rails,12
rails-rails,27
rails-rails,2
rails-rails,6
rails-rails,143
rails-rails,10
rails-rails,157
rails-rails,19
rails-rails,2
rails-rails,29
rails-rails,78
rails-rails,102
rails-rails,87
rails-rails,2
rails-rails,20
rails-rails,124
rails-rails,15
rails-rails,22
rails-rails,2
rails-rails,23
rails-rails,28
rails-rails,49
rails-rails,6
rails-rails,18
rails-rails,56
rails-rails,3
rails-rails,20
rails-rails,8
rails-rails,17
rails-rails,20
rails-rails,22
rails-rails,2
rails-rails,20
rails-rails,13
rails-rails,37
rails-rails,207
rails-rails,4
rails-rails,4
rails-rails,3
rails-rails,2
rails-rails,35
rails-rails,2
rails-rails,2
rails-rails,2
rails-rails,22
rails-rails,24
rails-rails,42
rails-rails,25
rails-rails,32
rails-rails,9
rails-rails,19
rails-rails,72
rails-rails,78
rails-rails,18
rails-rails,18
rails-rails,2
rails-rails,49
rails-rails,28
rails-rails,24
rails-rails,24
rails-rails,24
rails-rails,6
rails-rails,14
rails-rails,14
rails-rails,4
rails-rails,44
rails-rails,47
rails-rails,10
rails-rails,147
rails-rails,8
rails-rails,4
rails-rails,23
rails-rails,14
rails-rails,57
rails-rails,3
rails-rails,3
rails-rails,2
rails-rails,19
rails-rails,8
rails-rails,30
rails-rails,5
rails-rails,10
rails-rails,35
rails-rails,9
rails-rails,7
rails-rails,9
rails-rails,22
rails-rails,42
rails-rails,1
rails-rails,11
rails-rails,7
rails-rails,32
rails-rails,2
rails-rails,55
rails-rails,2
rails-rails,24
rails-rails,592
rails-rails,2
rails-rails,15
rails-rails,30
rails-rails,4
rails-rails,17
rails-rails,1264
rails-rails,55
rails-rails,6
rails-rails,29
rails-rails,6
rails-rails,66
rails-rails,2
rails-rails,2
rails-rails,8
rails-rails,2
rails-rails,40
rails-rails,5
rails-rails,2
rails-rails,2
rails-rails,2
rails-rails,27
rails-rails,12
rails-rails,17
rails-rails,22
rails-rails,5
rails-rails,47
rails-rails,8
rails-rails,4
rails-rails,42
rails-rails,12
rails-rails,2
rails-rails,12
rails-rails,5
rails-rails,2
rails-rails,42
rails-rails,2
rails-rails,4
rails-rails,45
rails-rails,20
rails-rails,3
rails-rails,30
rails-rails,8
rails-rails,2
rails-rails,6
rails-rails,19
rails-rails,1677
rails-rails,2
rails-rails,2
rails-rails,41
rails-rails,2
rails-rails,9
rails-rails,2
rails-rails,2
rails-rails,9
rails-rails,2
rails-rails,10
plataformatec-devise,104
plataformatec-devise,104
plataformatec-devise,28
plataformatec-devise,26
plataformatec-devise,10
plataformatec-devise,16
plataformatec-devise,10
plataformatec-devise,9
plataformatec-devise,2
plataformatec-devise,2
plataformatec-devise,6
plataformatec-devise,12
plataformatec-devise,26
plataformatec-devise,26
plataformatec-devise,21
plataformatec-devise,2
plataformatec-devise,4
plataformatec-devise,27
plataformatec-devise,49
plataformatec-devise,49
plataformatec-devise,24
plataformatec-devise,4
plataformatec-devise,25
plataformatec-devise,28
plataformatec-devise,8
plataformatec-devise,14
plataformatec-devise,31
plataformatec-devise,9
plataformatec-devise,6
plataformatec-devise,6
plataformatec-devise,28
plataformatec-devise,31
plataformatec-devise,7
plataformatec-devise,101
plataformatec-devise,29
plataformatec-devise,15
teamcapybara-capybara,5
teamcapybara-capybara,52
teamcapybara-capybara,93
teamcapybara-capybara,18
teamcapybara-capybara,24
teamcapybara-capybara,39
teamcapybara-capybara,102
teamcapybara-capybara,20
teamcapybara-capybara,4
teamcapybara-capybara,12
teamcapybara-capybara,34
teamcapybara-capybara,6
gitlabhq-gitlabhq,34
gitlabhq-gitlabhq,13
gitlabhq-gitlabhq,22
gitlabhq-gitlabhq,20
gitlabhq-gitlabhq,30
gitlabhq-gitlabhq,8
gitlabhq-gitlabhq,164
gitlabhq-gitlabhq,1646
gitlabhq-gitlabhq,448
gitlabhq-gitlabhq,116
gitlabhq-gitlabhq,12
gitlabhq-gitlabhq,29
gitlabhq-gitlabhq,8
gitlabhq-gitlabhq,795
gitlabhq-gitlabhq,8
gitlabhq-gitlabhq,8
gitlabhq-gitlabhq,12
gitlabhq-gitlabhq,1481
gitlabhq-gitlabhq,1176
gitlabhq-gitlabhq,1157
gitlabhq-gitlabhq,999
gitlabhq-gitlabhq,2775
gitlabhq-gitlabhq,4
gitlabhq-gitlabhq,8
gitlabhq-gitlabhq,103
gitlabhq-gitlabhq,38
gitlabhq-gitlabhq,39
gitlabhq-gitlabhq,137
gitlabhq-gitlabhq,41
gitlabhq-gitlabhq,60
gitlabhq-gitlabhq,3175
gitlabhq-gitlabhq,2
gitlabhq-gitlabhq,8
gitlabhq-gitlabhq,37
gitlabhq-gitlabhq,6
gitlabhq-gitlabhq,38
gitlabhq-gitlabhq,27
gitlabhq-gitlabhq,10
gitlabhq-gitlabhq,63
gitlabhq-gitlabhq,153
gitlabhq-gitlabhq,2
gitlabhq-gitlabhq,124
gitlabhq-gitlabhq,87
gitlabhq-gitlabhq,739
gitlabhq-gitlabhq,739
gitlabhq-gitlabhq,42
gitlabhq-gitlabhq,13
gitlabhq-gitlabhq,43
gitlabhq-gitlabhq,42
gitlabhq-gitlabhq,67
gitlabhq-gitlabhq,2
gitlabhq-gitlabhq,2
gitlabhq-gitlabhq,3196
gitlabhq-gitlabhq,41
gitlabhq-gitlabhq,2402
gitlabhq-gitlabhq,1436
gitlabhq-gitlabhq,56
gitlabhq-gitlabhq,57
gitlabhq-gitlabhq,114
gitlabhq-gitlabhq,8
gitlabhq-gitlabhq,2
gitlabhq-gitlabhq,52
gitlabhq-gitlabhq,12
gitlabhq-gitlabhq,197
gitlabhq-gitlabhq,14
gitlabhq-gitlabhq,14
gitlabhq-gitlabhq,53
gitlabhq-gitlabhq,46
gitlabhq-gitlabhq,11
gitlabhq-gitlabhq,151
gitlabhq-gitlabhq,57
gitlabhq-gitlabhq,1761
gitlabhq-gitlabhq,47
gitlabhq-gitlabhq,61
gitlabhq-gitlabhq,91
gitlabhq-gitlabhq,94
gitlabhq-gitlabhq,207
gitlabhq-gitlabhq,48
gitlabhq-gitlabhq,7
gitlabhq-gitlabhq,65
gitlabhq-gitlabhq,189
gitlabhq-gitlabhq,10
gitlabhq-gitlabhq,13
gitlabhq-gitlabhq,10
gitlabhq-gitlabhq,753
gitlabhq-gitlabhq,1827
gitlabhq-gitlabhq,233
gitlabhq-gitlabhq,116
gitlabhq-gitlabhq,86
gitlabhq-gitlabhq,153
gitlabhq-gitlabhq,10
gitlabhq-gitlabhq,37
gitlabhq-gitlabhq,479
gitlabhq-gitlabhq,2
gitlabhq-gitlabhq,2
gitlabhq-gitlabhq,1494
gitlabhq-gitlabhq,1366
gitlabhq-gitlabhq,16
gitlabhq-gitlabhq,69
gitlabhq-gitlabhq,10
gitlabhq-gitlabhq,2800
gitlabhq-gitlabhq,319
gitlabhq-gitlabhq,568
gitlabhq-gitlabhq,484
gitlabhq-gitlabhq,4
gitlabhq-gitlabhq,4
gitlabhq-gitlabhq,437
gitlabhq-gitlabhq,29
gitlabhq-gitlabhq,53
gitlabhq-gitlabhq,93
gitlabhq-gitlabhq,29
gitlabhq-gitlabhq,3
gitlabhq-gitlabhq,14
gitlabhq-gitlabhq,54
gitlabhq-gitlabhq,621
gitlabhq-gitlabhq,2
gitlabhq-gitlabhq,4
gitlabhq-gitlabhq,1280
gitlabhq-gitlabhq,220
gitlabhq-gitlabhq,154
gitlabhq-gitlabhq,1
gitlabhq-gitlabhq,51
gitlabhq-gitlabhq,24
gitlabhq-gitlabhq,33
gitlabhq-gitlabhq,134
gitlabhq-gitlabhq,326
gitlabhq-gitlabhq,475
gitlabhq-gitlabhq,70
gitlabhq-gitlabhq,730
gitlabhq-gitlabhq,64
gitlabhq-gitlabhq,64
gitlabhq-gitlabhq,38
gitlabhq-gitlabhq,26
gitlabhq-gitlabhq,18
gitlabhq-gitlabhq,18
gitlabhq-gitlabhq,4
gitlabhq-gitlabhq,281
gitlabhq-gitlabhq,18
gitlabhq-gitlabhq,36
gitlabhq-gitlabhq,215
gitlabhq-gitlabhq,24
gitlabhq-gitlabhq,31
gitlabhq-gitlabhq,46
gitlabhq-gitlabhq,21
gitlabhq-gitlabhq,58
gitlabhq-gitlabhq,455
gitlabhq-gitlabhq,12
gitlabhq-gitlabhq,78
gitlabhq-gitlabhq,93
gitlabhq-gitlabhq,20
gitlabhq-gitlabhq,7
gitlabhq-gitlabhq,138
gitlabhq-gitlabhq,122
gitlabhq-gitlabhq,253
gitlabhq-gitlabhq,195
gitlabhq-gitlabhq,44
gitlabhq-gitlabhq,6
gitlabhq-gitlabhq,84
gitlabhq-gitlabhq,29
gitlabhq-gitlabhq,21
gitlabhq-gitlabhq,2892
gitlabhq-gitlabhq,205
gitlabhq-gitlabhq,6
gitlabhq-gitlabhq,15
gitlabhq-gitlabhq,15
gitlabhq-gitlabhq,2
gitlabhq-gitlabhq,18
gitlabhq-gitlabhq,65
gitlabhq-gitlabhq,39
gitlabhq-gitlabhq,155
gitlabhq-gitlabhq,31
gitlabhq-gitlabhq,24
gitlabhq-gitlabhq,2
gitlabhq-gitlabhq,50
gitlabhq-gitlabhq,38
gitlabhq-gitlabhq,4
gitlabhq-gitlabhq,10
gitlabhq-gitlabhq,40
gitlabhq-gitlabhq,13
gitlabhq-gitlabhq,13
gitlabhq-gitlabhq,62
gitlabhq-gitlabhq,111
gitlabhq-gitlabhq,2
gitlabhq-gitlabhq,40
gitlabhq-gitlabhq,42
gitlabhq-gitlabhq,42
gitlabhq-gitlabhq,5748
gitlabhq-gitlabhq,5732
gitlabhq-gitlabhq,2401
gitlabhq-gitlabhq,24
gitlabhq-gitlabhq,45
gitlabhq-gitlabhq,5
gitlabhq-gitlabhq,309
gitlabhq-gitlabhq,6
gitlabhq-gitlabhq,212
gitlabhq-gitlabhq,327
gitlabhq-gitlabhq,212
gitlabhq-gitlabhq,2001
gitlabhq-gitlabhq,21
gitlabhq-gitlabhq,250
gitlabhq-gitlabhq,14
gitlabhq-gitlabhq,33
gitlabhq-gitlabhq,23
gitlabhq-gitlabhq,32
gitlabhq-gitlabhq,2
gitlabhq-gitlabhq,6
gitlabhq-gitlabhq,10
gitlabhq-gitlabhq,3
gitlabhq-gitlabhq,96
gitlabhq-gitlabhq,22
gitlabhq-gitlabhq,19
gitlabhq-gitlabhq,302
gitlabhq-gitlabhq,5
gitlabhq-gitlabhq,8
gitlabhq-gitlabhq,23
gitlabhq-gitlabhq,2
gitlabhq-gitlabhq,14
gitlabhq-gitlabhq,41
gitlabhq-gitlabhq,724
gitlabhq-gitlabhq,55
gitlabhq-gitlabhq,55
gitlabhq-gitlabhq,30
gitlabhq-gitlabhq,57
gitlabhq-gitlabhq,4
gitlabhq-gitlabhq,23
gitlabhq-gitlabhq,23
gitlabhq-gitlabhq,2
gitlabhq-gitlabhq,3530
gitlabhq-gitlabhq,49
gitlabhq-gitlabhq,4
gitlabhq-gitlabhq,2
gitlabhq-gitlabhq,40
gitlabhq-gitlabhq,15
gitlabhq-gitlabhq,81
gitlabhq-gitlabhq,8
gitlabhq-gitlabhq,47
gitlabhq-gitlabhq,60
gitlabhq-gitlabhq,291
gitlabhq-gitlabhq,3
gitlabhq-gitlabhq,5
gitlabhq-gitlabhq,51
gitlabhq-gitlabhq,4
gitlabhq-gitlabhq,73
gitlabhq-gitlabhq,147
gitlabhq-gitlabhq,223
gitlabhq-gitlabhq,9
gitlabhq-gitlabhq,44
gitlabhq-gitlabhq,17
gitlabhq-gitlabhq,164
gitlabhq-gitlabhq,24
gitlabhq-gitlabhq,1504
gitlabhq-gitlabhq,1918
gitlabhq-gitlabhq,49
gitlabhq-gitlabhq,21
gitlabhq-gitlabhq,21
gitlabhq-gitlabhq,35
gitlabhq-gitlabhq,78
gitlabhq-gitlabhq,3257
gitlabhq-gitlabhq,3
gitlabhq-gitlabhq,13
gitlabhq-gitlabhq,25
gitlabhq-gitlabhq,25
gitlabhq-gitlabhq,20
gitlabhq-gitlabhq,5
gitlabhq-gitlabhq,5
gitlabhq-gitlabhq,2
gitlabhq-gitlabhq,4
gitlabhq-gitlabhq,41
gitlabhq-gitlabhq,10
gitlabhq-gitlabhq,10
gitlabhq-gitlabhq,36
gitlabhq-gitlabhq,12
gitlabhq-gitlabhq,259
gitlabhq-gitlabhq,26
gitlabhq-gitlabhq,25
gitlabhq-gitlabhq,67
gitlabhq-gitlabhq,4
gitlabhq-gitlabhq,17
gitlabhq-gitlabhq,1187
gitlabhq-gitlabhq,29
gitlabhq-gitlabhq,14
gitlabhq-gitlabhq,2
gitlabhq-gitlabhq,151
gitlabhq-gitlabhq,2
gitlabhq-gitlabhq,274
gitlabhq-gitlabhq,20
gitlabhq-gitlabhq,375
gitlabhq-gitlabhq,61
gitlabhq-gitlabhq,4
gitlabhq-gitlabhq,66
gitlabhq-gitlabhq,4620
gitlabhq-gitlabhq,4556
gitlabhq-gitlabhq,4
gitlabhq-gitlabhq,3
gitlabhq-gitlabhq,28
gitlabhq-gitlabhq,28
gitlabhq-gitlabhq,125
gitlabhq-gitlabhq,131
gitlabhq-gitlabhq,17
gitlabhq-gitlabhq,58
gitlabhq-gitlabhq,3
gitlabhq-gitlabhq,81
gitlabhq-gitlabhq,41
gitlabhq-gitlabhq,43
gitlabhq-gitlabhq,31
gitlabhq-gitlabhq,4
gitlabhq-gitlabhq,17
gitlabhq-gitlabhq,26
gitlabhq-gitlabhq,5
gitlabhq-gitlabhq,425
gitlabhq-gitlabhq,142
gitlabhq-gitlabhq,17
gitlabhq-gitlabhq,20
gitlabhq-gitlabhq,117
gitlabhq-gitlabhq,31
gitlabhq-gitlabhq,172
gitlabhq-gitlabhq,12
gitlabhq-gitlabhq,12
gitlabhq-gitlabhq,24
gitlabhq-gitlabhq,25
gitlabhq-gitlabhq,25
gitlabhq-gitlabhq,5
gitlabhq-gitlabhq,4
gitlabhq-gitlabhq,41
gitlabhq-gitlabhq,8
gitlabhq-gitlabhq,8
gitlabhq-gitlabhq,96
gitlabhq-gitlabhq,28
gitlabhq-gitlabhq,22
gitlabhq-gitlabhq,282
gitlabhq-gitlabhq,282
gitlabhq-gitlabhq,31
gitlabhq-gitlabhq,21
gitlabhq-gitlabhq,21
gitlabhq-gitlabhq,26
gitlabhq-gitlabhq,21
gitlabhq-gitlabhq,26
gitlabhq-gitlabhq,2
gitlabhq-gitlabhq,3
gitlabhq-gitlabhq,93
gitlabhq-gitlabhq,4
gitlabhq-gitlabhq,120
gitlabhq-gitlabhq,90
gitlabhq-gitlabhq,90
gitlabhq-gitlabhq,8
gitlabhq-gitlabhq,2
gitlabhq-gitlabhq,2
gitlabhq-gitlabhq,106
gitlabhq-gitlabhq,154
gitlabhq-gitlabhq,4
gitlabhq-gitlabhq,4
gitlabhq-gitlabhq,6
gitlabhq-gitlabhq,4
gitlabhq-gitlabhq,1016
gitlabhq-gitlabhq,1015
gitlabhq-gitlabhq,937
gitlabhq-gitlabhq,20
gitlabhq-gitlabhq,4
gitlabhq-gitlabhq,2
gitlabhq-gitlabhq,20
gitlabhq-gitlabhq,2
gitlabhq-gitlabhq,2
gitlabhq-gitlabhq,21
gitlabhq-gitlabhq,5
gitlabhq-gitlabhq,1
gitlabhq-gitlabhq,27
gitlabhq-gitlabhq,8
gitlabhq-gitlabhq,4
gitlabhq-gitlabhq,10
gitlabhq-gitlabhq,4
gitlabhq-gitlabhq,15
gitlabhq-gitlabhq,44
gitlabhq-gitlabhq,17
gitlabhq-gitlabhq,23
gitlabhq-gitlabhq,195
gitlabhq-gitlabhq,195
gitlabhq-gitlabhq,12
gitlabhq-gitlabhq,6
gitlabhq-gitlabhq,16
gitlabhq-gitlabhq,2
gitlabhq-gitlabhq,55
gitlabhq-gitlabhq,19
gitlabhq-gitlabhq,9
gitlabhq-gitlabhq,4
gitlabhq-gitlabhq,27
gitlabhq-gitlabhq,8
gitlabhq-gitlabhq,8
gitlabhq-gitlabhq,121
gitlabhq-gitlabhq,2
gitlabhq-gitlabhq,24
gitlabhq-gitlabhq,16
gitlabhq-gitlabhq,101
gitlabhq-gitlabhq,31
gitlabhq-gitlabhq,31
gitlabhq-gitlabhq,5
gitlabhq-gitlabhq,46
gitlabhq-gitlabhq,46
gitlabhq-gitlabhq,59
gitlabhq-gitlabhq,20
gitlabhq-gitlabhq,22
gitlabhq-gitlabhq,22
gitlabhq-gitlabhq,18
gitlabhq-gitlabhq,3
gitlabhq-gitlabhq,3
gitlabhq-gitlabhq,99
gitlabhq-gitlabhq,4
gitlabhq-gitlabhq,76
gitlabhq-gitlabhq,15
gitlabhq-gitlabhq,43
gitlabhq-gitlabhq,6
gitlabhq-gitlabhq,6
gitlabhq-gitlabhq,41
gitlabhq-gitlabhq,2
gitlabhq-gitlabhq,2
gitlabhq-gitlabhq,60
gitlabhq-gitlabhq,16
gitlabhq-gitlabhq,60
gitlabhq-gitlabhq,18
gitlabhq-gitlabhq,18
gitlabhq-gitlabhq,43
gitlabhq-gitlabhq,43
gitlabhq-gitlabhq,6
gitlabhq-gitlabhq,6
gitlabhq-gitlabhq,54
gitlabhq-gitlabhq,64
gitlabhq-gitlabhq,64
gitlabhq-gitlabhq,107
gitlabhq-gitlabhq,57
gitlabhq-gitlabhq,3
gitlabhq-gitlabhq,12
gitlabhq-gitlabhq,453
gitlabhq-gitlabhq,9
gitlabhq-gitlabhq,11
gitlabhq-gitlabhq,2
gitlabhq-gitlabhq,31
gitlabhq-gitlabhq,1
gitlabhq-gitlabhq,2
gitlabhq-gitlabhq,2
gitlabhq-gitlabhq,8
gitlabhq-gitlabhq,4
gitlabhq-gitlabhq,30
gitlabhq-gitlabhq,7
gitlabhq-gitlabhq,70
gitlabhq-gitlabhq,70
gitlabhq-gitlabhq,30
gitlabhq-gitlabhq,1688
gitlabhq-gitlabhq,9
gitlabhq-gitlabhq,11
gitlabhq-gitlabhq,6
gitlabhq-gitlabhq,216
gitlabhq-gitlabhq,9
gitlabhq-gitlabhq,9
gitlabhq-gitlabhq,2
gitlabhq-gitlabhq,2
gitlabhq-gitlabhq,2
gitlabhq-gitlabhq,3
gitlabhq-gitlabhq,2
gitlabhq-gitlabhq,6
gitlabhq-gitlabhq,55
gitlabhq-gitlabhq,11
gitlabhq-gitlabhq,53
gitlabhq-gitlabhq,1
gitlabhq-gitlabhq,1
gitlabhq-gitlabhq,3
gitlabhq-gitlabhq,6
gitlabhq-gitlabhq,6
gitlabhq-gitlabhq,1
gitlabhq-gitlabhq,41
gitlabhq-gitlabhq,24
gitlabhq-gitlabhq,24
gitlabhq-gitlabhq,100
gitlabhq-gitlabhq,122
gitlabhq-gitlabhq,27
gitlabhq-gitlabhq,27
gitlabhq-gitlabhq,6
gitlabhq-gitlabhq,2
gitlabhq-gitlabhq,4
gitlabhq-gitlabhq,4
gitlabhq-gitlabhq,14
gitlabhq-gitlabhq,6
gitlabhq-gitlabhq,30
gitlabhq-gitlabhq,10
gitlabhq-gitlabhq,10
gitlabhq-gitlabhq,85
gitlabhq-gitlabhq,19
gitlabhq-gitlabhq,3
gitlabhq-gitlabhq,10
gitlabhq-gitlabhq,2
gitlabhq-gitlabhq,2
gitlabhq-gitlabhq,32
gitlabhq-gitlabhq,32
gitlabhq-gitlabhq,21
gitlabhq-gitlabhq,82
gitlabhq-gitlabhq,1
gitlabhq-gitlabhq,2
gitlabhq-gitlabhq,1
gitlabhq-gitlabhq,2
gitlabhq-gitlabhq,6
gitlabhq-gitlabhq,24
gitlabhq-gitlabhq,5
gitlabhq-gitlabhq,77
gitlabhq-gitlabhq,7
gitlabhq-gitlabhq,23
gitlabhq-gitlabhq,23
gitlabhq-gitlabhq,63
gitlabhq-gitlabhq,8
gitlabhq-gitlabhq,106
gitlabhq-gitlabhq,2
gitlabhq-gitlabhq,46
gitlabhq-gitlabhq,174
gitlabhq-gitlabhq,97
gitlabhq-gitlabhq,6
gitlabhq-gitlabhq,108
gitlabhq-gitlabhq,3
gitlabhq-gitlabhq,2
gitlabhq-gitlabhq,18
gitlabhq-gitlabhq,15
gitlabhq-gitlabhq,5
gitlabhq-gitlabhq,12
gitlabhq-gitlabhq,7
gitlabhq-gitlabhq,20
gitlabhq-gitlabhq,5
gitlabhq-gitlabhq,61
gitlabhq-gitlabhq,2
gitlabhq-gitlabhq,2
gitlabhq-gitlabhq,2
gitlabhq-gitlabhq,2
gitlabhq-gitlabhq,7
gitlabhq-gitlabhq,2
gitlabhq-gitlabhq,2
gitlabhq-gitlabhq,41
gitlabhq-gitlabhq,116
gitlabhq-gitlabhq,4
jordansissel-fpm,11
jordansissel-fpm,49
jordansissel-fpm,2
jordansissel-fpm,28
jordansissel-fpm,24
jordansissel-fpm,273
jordansissel-fpm,48
jordansissel-fpm,15
jordansissel-fpm,26
jordansissel-fpm,145
jordansissel-fpm,916
jordansissel-fpm,16
jordansissel-fpm,3
jordansissel-fpm,29
jordansissel-fpm,17
jordansissel-fpm,19
jordansissel-fpm,19
jordansissel-fpm,95
jordansissel-fpm,12
jordansissel-fpm,2
jordansissel-fpm,17
jordansissel-fpm,26
jordansissel-fpm,26
jordansissel-fpm,3
jordansissel-fpm,27
jordansissel-fpm,32
jordansissel-fpm,2
jordansissel-fpm,5
jordansissel-fpm,47
jordansissel-fpm,44
jordansissel-fpm,31
jordansissel-fpm,11
tmuxinator-tmuxinator,48
tmuxinator-tmuxinator,39
tmuxinator-tmuxinator,2
tmuxinator-tmuxinator,26
tmuxinator-tmuxinator,25
tmuxinator-tmuxinator,2
bbatsov-rubocop,36
bbatsov-rubocop,28
bbatsov-rubocop,36
bbatsov-rubocop,24
bbatsov-rubocop,14
bbatsov-rubocop,31
bbatsov-rubocop,57
bbatsov-rubocop,43
bbatsov-rubocop,66
bbatsov-rubocop,36
bbatsov-rubocop,101
bbatsov-rubocop,21
bbatsov-rubocop,8
bbatsov-rubocop,14
bbatsov-rubocop,19
bbatsov-rubocop,19
bbatsov-rubocop,63
bbatsov-rubocop,26
bbatsov-rubocop,623
bbatsov-rubocop,28
bbatsov-rubocop,11
bbatsov-rubocop,27
bbatsov-rubocop,32
bbatsov-rubocop,340
bbatsov-rubocop,52
bbatsov-rubocop,95
bbatsov-rubocop,20
bbatsov-rubocop,29
bbatsov-rubocop,64
bbatsov-rubocop,311
bbatsov-rubocop,122
bbatsov-rubocop,48
bbatsov-rubocop,92
bbatsov-rubocop,301
bbatsov-rubocop,9
bbatsov-rubocop,32
bbatsov-rubocop,30
bbatsov-rubocop,111
bbatsov-rubocop,98
bbatsov-rubocop,48
bbatsov-rubocop,48
bbatsov-rubocop,16
bbatsov-rubocop,36
bbatsov-rubocop,28
bbatsov-rubocop,51
bbatsov-rubocop,88
bbatsov-rubocop,80
bbatsov-rubocop,22
bbatsov-rubocop,66
bbatsov-rubocop,12
bbatsov-rubocop,14
bbatsov-rubocop,13
bbatsov-rubocop,133
bbatsov-rubocop,11
bbatsov-rubocop,11
bbatsov-rubocop,44
bbatsov-rubocop,16
bbatsov-rubocop,123
bbatsov-rubocop,77
bbatsov-rubocop,21
bbatsov-rubocop,21
bbatsov-rubocop,4
bbatsov-rubocop,4
bbatsov-rubocop,8
bbatsov-rubocop,8
bbatsov-rubocop,8
bbatsov-rubocop,8
bbatsov-rubocop,90
bbatsov-rubocop,147
bbatsov-rubocop,147
bbatsov-rubocop,52
bbatsov-rubocop,31
bbatsov-rubocop,62
bbatsov-rubocop,14
bbatsov-rubocop,14
bbatsov-rubocop,131
bbatsov-rubocop,131
bbatsov-rubocop,28
bbatsov-rubocop,37
bbatsov-rubocop,37
bbatsov-rubocop,66
bbatsov-rubocop,41
bbatsov-rubocop,20
bbatsov-rubocop,39
bbatsov-rubocop,48
bbatsov-rubocop,21
bbatsov-rubocop,21
bbatsov-rubocop,31
bbatsov-rubocop,25
bbatsov-rubocop,25
bbatsov-rubocop,18
bbatsov-rubocop,31
bbatsov-rubocop,49
bbatsov-rubocop,30
bbatsov-rubocop,30
bbatsov-rubocop,24
bbatsov-rubocop,24
bbatsov-rubocop,43
bbatsov-rubocop,43
bbatsov-rubocop,14
bbatsov-rubocop,10
bbatsov-rubocop,242
bbatsov-rubocop,242
bbatsov-rubocop,60
bbatsov-rubocop,36
bbatsov-rubocop,36
bbatsov-rubocop,10
bbatsov-rubocop,28
bbatsov-rubocop,85
bbatsov-rubocop,11
bbatsov-rubocop,4
bbatsov-rubocop,25
bbatsov-rubocop,25
bbatsov-rubocop,28
bbatsov-rubocop,28
bbatsov-rubocop,48
bbatsov-rubocop,250
bbatsov-rubocop,7
bbatsov-rubocop,8
bbatsov-rubocop,63
bbatsov-rubocop,22
bbatsov-rubocop,22
bbatsov-rubocop,17
bbatsov-rubocop,17
bbatsov-rubocop,259
bbatsov-rubocop,19
bbatsov-rubocop,16
bbatsov-rubocop,28
bbatsov-rubocop,28
bbatsov-rubocop,33
bbatsov-rubocop,33
bbatsov-rubocop,50
bbatsov-rubocop,50
bbatsov-rubocop,30
bbatsov-rubocop,34
bbatsov-rubocop,34
bbatsov-rubocop,14
bbatsov-rubocop,14
bbatsov-rubocop,4
bbatsov-rubocop,4
bbatsov-rubocop,105
bbatsov-rubocop,5
bbatsov-rubocop,14
bbatsov-rubocop,26
bbatsov-rubocop,12
bbatsov-rubocop,40
bbatsov-rubocop,40
bbatsov-rubocop,20
bbatsov-rubocop,17
bbatsov-rubocop,8
bbatsov-rubocop,8
bbatsov-rubocop,22
bbatsov-rubocop,21
bbatsov-rubocop,21
bbatsov-rubocop,16
bbatsov-rubocop,79
bbatsov-rubocop,84
bbatsov-rubocop,84
bbatsov-rubocop,4
bbatsov-rubocop,28
bbatsov-rubocop,4
bbatsov-rubocop,49
bbatsov-rubocop,50
bbatsov-rubocop,28
bbatsov-rubocop,10
bbatsov-rubocop,172
bbatsov-rubocop,5
bbatsov-rubocop,10
bbatsov-rubocop,12
bbatsov-rubocop,34
Shopify-liquid,14
Shopify-liquid,28
Shopify-liquid,28
Shopify-liquid,10
Shopify-liquid,343
Shopify-liquid,43
thoughtbot-factory_girl,297
thoughtbot-factory_girl,8
thoughtbot-factory_girl,34
thoughtbot-factory_girl,28
thoughtbot-factory_girl,2
capistrano-capistrano,2
capistrano-capistrano,60
capistrano-capistrano,1
capistrano-capistrano,1
capistrano-capistrano,56
capistrano-capistrano,135
capistrano-capistrano,13
capistrano-capistrano,58
capistrano-capistrano,6
capistrano-capistrano,2
capistrano-capistrano,94
capistrano-capistrano,47
capistrano-capistrano,47
capistrano-capistrano,47
capistrano-capistrano,9
capistrano-capistrano,1
capistrano-capistrano,2
capistrano-capistrano,45
capistrano-capistrano,373
capistrano-capistrano,1
ryanb-cancan,40
ryanb-cancan,40
ryanb-cancan,27
ryanb-cancan,13
ryanb-cancan,9
ryanb-cancan,259
ryanb-cancan,34
ryanb-cancan,32
ryanb-cancan,35
ruby-grape-grape,77
ruby-grape-grape,31
ruby-grape-grape,40
ruby-grape-grape,75
ruby-grape-grape,109
ruby-grape-grape,99
ruby-grape-grape,169
ruby-grape-grape,66
ruby-grape-grape,188
ruby-grape-grape,2
ruby-grape-grape,176
ruby-grape-grape,13
venmo-synx,78
