projectname,language,medium-bug,changepro-bug,totalcommits,sloc,duration,contributors,plocabslog,plocprolog,commitlog,sloclog,durationlog,contrilog,category,dynamicstatic,strongweak,domain
mitmproxy-mitmproxy,Python,1.5,3.87E-05,6466,38759,227605787,183,0.176091259,-4.41228118,3.8106357,4.588372564,8.3571833,2.26245109,dynamic-strong,dynamic,strong,m
alexjc-neural-enhance,Python,2,0.005420054,103,369,18572290,10,0.301029996,-2.265996387,2.012837225,2.567026366,7.268865456,1,dynamic-strong,dynamic,strong,a
imathis-octopress,Ruby,2,0.001606426,858,1245,237997108,115,0.301029996,-2.794139275,2.933487288,3.095169351,8.37657168,2.06069784,dynamic-strong,dynamic,strong,f
jakubroztocil-httpie,Python,2,0.000476077,929,4201,163725647,62,0.301029996,-3.322322799,2.968015714,3.623352682,8.214116715,1.792391689,dynamic-strong,dynamic,strong,a
mislav-will_paginate,Ruby,2,0.000692281,649,2889,289928300,48,0.301029996,-3.159717588,2.812244697,3.460747542,8.462290609,1.681241237,dynamic-strong,dynamic,strong,l
mperham-sidekiq,Ruby,2,0.000247831,3246,8070,167143353,348,0.301029996,-3.605844371,3.511348515,3.906873535,8.22308911,2.541579244,dynamic-strong,dynamic,strong,o
OpenLiveWriter-OpenLiveWriter,C#,2,6.94E-06,342,288101,44248571,39,0.301029996,-5.158514765,2.534026106,5.459544766,7.64589925,1.591064607,static-strong,static,strong,a
Tencent-mars,C++,2,6.35E-06,148,315077,12381606,11,0.301029996,-5.197387028,2.170261715,5.498416702,7.09277698,1.041392685,static-weak,static,weak,m
bang590-JSPatch,C,3,0.00046941,390,6391,61377758,39,0.477121255,-3.328447663,2.591064607,3.805568818,7.788011021,1.591064607,static-weak,static,weak,c
facebookresearch-fastText,C++,3,0.00206044,172,1456,25222878,17,0.477121255,-2.686040028,2.235528447,3.163161375,7.401794639,1.230448921,static-weak,static,weak,l
ksoichiro-Android-ObservableScrollView,Java,3,0.000257599,384,11646,78441280,14,0.477121255,-3.589055827,2.584331224,4.066176786,7.894544672,1.146128036,static-strong,static,strong,l
SnapKit-Masonry,Objective-C,3,0.000678119,380,4424,119443452,43,0.477121255,-3.168694087,2.579783597,3.645815118,8.077162346,1.633468456,static-weak,static,weak,l
alexjc-neural-doodle,Python,3.5,0.008536585,123,410,36678282,3,0.544068044,-2.068715831,2.089905111,2.612783857,7.564408985,0.477121255,dynamic-strong,dynamic,strong,a
fogleman-Craft,C,3.5,2.55E-05,750,137063,128362342,12,0.544068044,-4.592852233,2.875061263,5.136920233,8.108437632,1.079181246,static-weak,static,weak,a
ibireme-YYKit,Objective-C,3.5,1.95E-05,299,179744,128275947,17,0.544068044,-4.710587209,2.475671188,5.254654402,8.10814523,1.230448921,static-weak,static,weak,l
magicalpanda-MagicalRecord,Objective-C,3.5,0.000567261,1022,6170,213624102,80,0.544068044,-3.246217074,3.009450896,3.790285164,8.32965025,1.903089987,static-weak,static,weak,d
rs-SDWebImage,Objective-C,3.5,0.000964187,1246,3630,240344441,204,0.544068044,-3.015838728,3.095518042,3.559906625,8.380834082,2.309630167,static-weak,static,weak,l
andlabs-libui,C,4,0.000419507,2802,9535,64668246,17,0.602059991,-3.377260788,3.447468131,3.979320697,7.810691082,1.230448921,static-weak,static,weak,l
android10-Android-CleanArchitecture,Java,4,0.001440403,242,2777,85441834,9,0.602059991,-2.841515983,2.383815366,3.44357588,7.931670562,0.954242509,static-strong,static,strong,a
arut-nginx-rtmp-module,C,4,0.000183167,950,21838,162195742,10,0.602059991,-3.737152768,2.977723605,4.339212862,8.210039449,1,static-weak,static,weak,o
aspnetboilerplate-aspnetboilerplate,C#,4,7.96E-05,3173,50265,117040492,68,0.602059991,-4.099205888,3.501470072,4.701265687,8.068336139,1.832508913,static-strong,static,strong,f
BradLarson-GPUImage,Objective-C,4,0.000134445,1083,29752,164752798,127,0.602059991,-3.871455345,3.034628457,4.473516165,8.216832799,2.103803721,static-weak,static,weak,f
CEWendel-SWTableViewCell,Objective-C,4,0.003527337,317,1134,115107266,38,0.602059991,-2.452553046,2.501059262,3.054613055,8.061102739,1.579783597,static-weak,static,weak,l
domnikl-DesignPatternsPHP,PHP,4,0.000377929,786,10584,179908529,115,0.602059991,-3.422589782,2.895422546,4.024649831,8.255051753,2.06069784,dynamic-weak,dynamic,weak,o
fogleman-primitive,Go,4,0.002350176,147,1702,20163530,3,0.602059991,-2.628899613,2.167317335,3.230959556,7.304566566,0.477121255,static-strong,static,strong,a
fxsjy-jieba,Python,4,5.53E-06,489,723708,144994079,32,0.602059991,-5.257503464,2.689308859,5.859563373,8.161350268,1.505149978,dynamic-strong,dynamic,strong,o
ggreer-the_silver_searcher,C,4,0.001149756,1854,3479,172166953,165,0.602059991,-2.939394315,3.26810973,3.541454429,8.235949793,2.217483944,static-weak,static,weak,a
grafana-grafana,Go,4,1.47E-05,10236,271222,107121604,429,0.602059991,-4.831263926,4.010130277,5.433324914,8.029877067,2.632457292,static-strong,static,strong,l
ibireme-YYText,Objective-C,4,0.00021846,155,18310,47169967,7,0.602059991,-3.660628071,2.190331698,4.262688344,7.673665572,0.84509804,static-weak,static,weak,f
Intervention-image,PHP,4,0.00035759,551,11186,135291268,57,0.602059991,-3.446614635,2.741151599,4.048674815,8.131269767,1.755874856,dynamic-weak,dynamic,weak,l
javan-whenever,Ruby,4,0.00146789,473,2725,259144812,76,0.602059991,-2.833306488,2.674861141,3.435366507,8.413542519,1.880813592,dynamic-strong,dynamic,strong,l
jdg-MBProgressHUD,Objective-C,4,0.002263724,547,1767,250092859,66,0.602059991,-2.645176525,2.737987326,3.24723655,8.398101291,1.819543936,static-weak,static,weak,l
kennethreitz-requests,Python,4,0.00015921,4841,25124,196276903,429,0.602059991,-3.798029658,3.684935083,4.400088785,8.292869197,2.632457292,dynamic-strong,dynamic,strong,l
mikepenz-MaterialDrawer,Java,4,0.000465658,1713,8590,71173370,66,0.602059991,-3.331932931,3.233757363,3.933993164,7.85231753,1.819543936,static-strong,static,strong,l
nwjs-nw.js,C++,4,9.53E-05,2936,41959,168241130,88,0.602059991,-4.02076494,3.467756051,4.622825129,8.225932177,1.944482672,static-weak,static,weak,a
omniauth-omniauth,Ruby,4,0.001959824,1279,2041,223917928,149,0.602059991,-2.707782928,3.106870544,3.309843005,8.350088867,2.173186268,dynamic-strong,dynamic,strong,l
opserver-Opserver,C#,4,0.000167245,829,23917,112058906,43,0.602059991,-3.776646857,2.918554531,4.378706704,8.049446378,1.633468456,static-strong,static,strong,m
powerline-powerline,Python,4,0.00018229,2611,21943,154393880,92,0.602059991,-3.739237155,3.416806872,4.341296003,8.188630081,1.963787827,dynamic-strong,dynamic,strong,f
slimphp-Slim,PHP,4,0.000408372,2991,9795,208867374,169,0.602059991,-3.388944043,3.475816413,3.99100444,8.319870607,2.227886705,dynamic-weak,dynamic,weak,f
stympy-faker,Ruby,4,0.000577284,1030,6929,263759963,316,0.602059991,-3.238610479,3.012837225,3.840670561,8.421208873,2.499687083,dynamic-strong,dynamic,strong,l
wkhtmltopdf-wkhtmltopdf,C++,4,0.000466309,1068,8578,244243937,49,0.602059991,-3.331326202,3.028571253,3.933386042,8.387823792,1.69019608,static-weak,static,weak,a
b4winckler-macvim,C,4.5,1.55E-05,7375,289843,218748109,32,0.653212514,-4.808951607,3.867762025,5.462162816,8.339944307,1.505149978,static-weak,static,weak,a
esp8266-Arduino,C++,4.5,0.000122499,2338,36735,66465474,167,0.653212514,-3.911867457,3.368844507,4.565080044,7.822596106,2.222716471,static-weak,static,weak,o
h2o-h2o,C,4.5,4.05E-05,3991,111053,85665657,72,0.653212514,-4.392317702,3.601081728,5.045530295,7.93280675,1.857332496,static-weak,static,weak,m
soimort-you-get,Python,4.5,0.000549182,1565,8194,148421184,97,0.653212514,-3.260283706,3.194514342,3.91349596,8.171495892,1.986771734,dynamic-strong,dynamic,strong,a
CachetHQ-Cachet,PHP,5,0.000132041,4291,37867,77722609,107,0.698970004,-3.879291195,3.632558515,4.5782609,7.890547371,2.029383778,dynamic-weak,dynamic,weak,l
caolan-async,JavaScript,5,0.000412269,1565,12128,218473110,195,0.698970004,-3.38481932,3.194514342,4.083789188,8.339397991,2.290034611,dynamic-weak,dynamic,weak,l
cloudwu-skynet,C,5,0.000157659,1470,31714,150107358,66,0.698970004,-3.802281232,3.167317335,4.501251022,8.176401981,1.819543936,static-weak,static,weak,f
fabric-fabric,Python,5,0.000687474,3709,7273,252758736,120,0.698970004,-3.162743722,3.569256833,3.861713588,8.402706175,2.079181246,dynamic-strong,dynamic,strong,m
fastlane-fastlane,Ruby,5,7.28E-05,13131,68673,76359562,415,0.698970004,-4.137816127,4.118297801,4.83678602,7.882863429,2.618048097,dynamic-strong,dynamic,strong,a
Flipboard-FLEX,Objective-C,5,0.00042219,498,11843,92574091,34,0.698970004,-3.374492058,2.697229343,4.073461729,7.966489456,1.531478917,static-weak,static,weak,l
getpelican-pelican,Python,5,0.000521812,2790,9582,206643740,300,0.698970004,-3.282485938,3.445604203,3.981456167,8.315222253,2.477121255,dynamic-strong,dynamic,strong,o
gin-gonic-gin,Go,5,0.000779666,781,6413,90936155,95,0.698970004,-3.108091404,2.892651034,3.80706124,7.958736587,1.977723605,static-strong,static,strong,f
Grouper-FlatUIKit,Objective-C,5,0.002211411,283,2261,125848996,53,0.698970004,-2.655330534,2.451786436,3.354300562,8.099849755,1.72427587,static-weak,static,weak,l
impress-impress.js,JavaScript,5,0.0078125,282,640,168788201,50,0.698970004,-2.10720997,2.450249108,2.806179974,8.227342084,1.698970004,dynamic-weak,dynamic,weak,f
matz-streem,C,5,0.00055991,930,8930,75613930,27,0.698970004,-3.251881776,2.968482949,3.950851459,7.878601811,1.431363764,static-weak,static,weak,c
overtrue-wechat,PHP,5,0.000434934,573,11496,71656160,51,0.698970004,-3.361576641,2.758154622,4.060546755,7.855253531,1.707570176,dynamic-weak,dynamic,weak,f
robertdavidgraham-masscan,C,5,0.00021742,420,22997,118909467,18,0.698970004,-3.662700509,2.62324929,4.361671185,8.075216432,1.255272505,static-weak,static,weak,a
songrotek-Deep-Learning-Papers-Reading-Roadmap,Python,5,0.02994012,89,167,17453412,16,0.698970004,-1.523746463,1.949390007,2.222716471,7.241880341,1.204119983,dynamic-strong,dynamic,strong,o
thoughtbot-bourbon,Ruby,5,0.003759398,1118,1330,190325920,103,0.698970004,-2.424881694,3.048441804,3.123851641,8.279497938,2.012837225,dynamic-strong,dynamic,strong,l
TTTAttributedLabel-TTTAttributedLabel,Objective-C,5,0.001964637,695,2545,189174168,92,0.698970004,-2.706717681,2.841984805,3.405687787,8.276861833,1.963787827,static-weak,static,weak,l
twbs-bootstrap-sass,Ruby,5,0.000893815,1006,5594,178563671,95,0.698970004,-3.048752361,3.002597981,3.747722462,8.251793106,1.977723605,dynamic-strong,dynamic,strong,f
fzaninotto-Faker,PHP,5.5,6.75E-05,2054,81524,175266658,308,0.740362689,-4.170922763,3.312600439,4.91128548,8.243699306,2.488550717,dynamic-weak,dynamic,weak,l
jashkenas-backbone,JavaScript,5.5,0.000286116,3345,19223,208023512,294,0.740362689,-3.543457855,3.524396122,4.283821166,8.318112424,2.46834733,dynamic-weak,dynamic,weak,l
junegunn-fzf,Go,5.5,0.00057244,1310,9608,111354937,59,0.740362689,-3.242270027,3.117271296,3.982632994,8.046709477,1.770852012,static-strong,static,strong,a
liaohuqiu-android-Ultra-Pull-To-Refresh,Java,5.5,0.001053842,183,5219,78050810,9,0.740362689,-2.977224497,2.26245109,3.717587297,7.892377414,0.954242509,static-strong,static,strong,l
typicode-json-server,JavaScript,5.5,0.002641691,588,2082,108340727,44,0.740362689,-2.578117983,2.769377326,3.318480725,8.034791746,1.643452676,dynamic-weak,dynamic,weak,l
airbnb-lottie-android,Java,6,0.000835771,568,7179,18105438,26,0.77815125,-3.077912702,2.754348336,3.856063953,7.257809036,1.414973348,static-strong,static,strong,l
antirez-redis,C,6,6.72E-05,6160,89234,256224455,223,0.77815125,-4.1723794,3.789580712,4.950530361,8.408620578,2.348304863,static-weak,static,weak,d
astaxie-beego,Go,6,0.000174622,2802,34360,163416472,204,0.77815125,-3.757901042,3.447468131,4.536053155,8.21329583,2.309630167,static-strong,static,strong,f
bcit-ci-CodeIgniter,PHP,6,0.000169401,9529,35419,180138360,395,0.77815125,-3.77108403,3.979047327,4.549236295,8.255606205,2.596597096,dynamic-weak,dynamic,weak,f
celery-celery,Python,6,0.000131461,10319,45641,253326516,417,0.77815125,-3.881203068,4.013637612,4.659355151,8.40368065,2.620136055,dynamic-strong,dynamic,strong,m
CymChad-BaseRecyclerViewAdapterHelper,Java,6,0.001233046,724,4866,33625189,22,0.77815125,-2.909020721,2.859738566,3.687172105,7.526664734,1.342422681,static-strong,static,strong,l
electerious-Lychee,PHP,6,0.001681614,1578,3568,144706624,27,0.77815125,-2.774273686,3.198106999,3.552424846,8.160488412,1.431363764,dynamic-weak,dynamic,weak,a
erusev-parsedown,PHP,6,0.004731861,527,1268,120411395,25,0.77815125,-2.324968021,2.721810615,3.103119254,8.080667588,1.397940009,dynamic-weak,dynamic,weak,c
getgrav-grav,PHP,6,0.00010498,3506,57154,86895050,95,0.77815125,-3.978893432,3.544811912,4.75704663,7.938995037,1.977723605,dynamic-weak,dynamic,weak,f
getsentry-sentry,Python,6,2.81E-05,18207,213634,210693199,305,0.77815125,-4.551519386,4.260238392,5.329670372,8.323650517,2.484299839,dynamic-strong,dynamic,strong,c
hashicorp-packer,Go,6,1.42E-05,7516,423558,129881817,420,0.77815125,-4.84876196,3.875986771,5.626912889,8.113548356,2.62324929,static-strong,static,strong,a
ideawu-ssdb,C++,6,0.00020744,1062,28924,135981653,23,0.77815125,-3.683107496,3.026124517,4.461258353,8.133480316,1.361727836,static-weak,static,weak,d
laravel-laravel,PHP,6,0.006550218,5345,916,186396832,403,0.77815125,-2.183744246,3.72794771,2.961895474,8.270438527,2.605305046,dynamic-weak,dynamic,weak,f
middleman-middleman,Ruby,6,0.000459102,3186,13069,245168329,163,0.77815125,-3.338090815,3.503245771,4.116242358,8.389464367,2.212187604,dynamic-strong,dynamic,strong,l
nostra13-Android-Universal-Image-Loader,Java,6,0.000831255,1026,7218,171479497,35,0.77815125,-3.080265729,3.011147361,3.858416878,8.234212201,1.544068044,static-strong,static,strong,l
PaddlePaddle-Paddle,C++,6,0.000117107,3009,51235,22654852,60,0.77815125,-3.931417144,3.478422188,4.709566741,7.355161229,1.77815125,static-weak,static,weak,f
rg3-youtube-dl,Python,6,5.88E-05,14683,102102,205363493,422,0.77815125,-4.230882738,4.166814799,5.009034249,8.312523243,2.625312451,dynamic-strong,dynamic,strong,a
romaonthego-RESideMenu,Objective-C,6,0.004694836,384,1278,122415728,27,0.77815125,-2.328379574,2.584331224,3.106530854,8.08783722,1.431363764,static-weak,static,weak,l
roots-sage,PHP,6,0.009302326,1997,645,197628471,170,0.77815125,-2.031408445,3.300378065,2.809559715,8.295849511,2.230448921,dynamic-weak,dynamic,weak,o
sqlmapproject-sqlmap,Python,6,0.000123231,7733,48689,153194865,55,0.77815125,-3.909280027,3.88834801,4.687430855,8.185244208,1.740362689,dynamic-strong,dynamic,strong,d
stedolan-jq,C,6,0.00034906,1150,17189,151257755,79,0.77815125,-3.457099916,3.06069784,4.235250612,8.17971765,1.897627091,static-weak,static,weak,a
SVProgressHUD-SVProgressHUD,Objective-C,6,0.004237288,670,1416,192559016,79,0.77815125,-2.372912017,2.826074803,3.151063253,8.284563858,1.897627091,static-weak,static,weak,c
Thibaut-devdocs,Ruby,6,0.000299073,1996,20062,111260633,53,0.77815125,-3.524222793,3.300160537,4.302374226,8.046341526,1.72427587,dynamic-strong,dynamic,strong,a
WordPress-WordPress,PHP,6,3.34E-05,36449,179897,171176083,38,0.77815125,-4.476872909,4.561685618,5.255023921,8.233443084,1.579783597,dynamic-weak,dynamic,weak,a
WP-API-WP-API,PHP,6,0.00041841,4261,14340,123815237,99,0.77815125,-3.378397944,3.629511534,4.156549151,8.092774093,1.995635195,dynamic-weak,dynamic,weak,l
zyedidia-micro,Go,6,0.000526316,1230,11400,36237212,58,0.77815125,-3.278753427,3.089905111,4.056904851,7.559154777,1.763427994,static-strong,static,strong,a
freeCodeCamp-freeCodeCamp,JavaScript,6.5,0.000144505,10407,44981,74455841,423,0.812913357,-3.840117126,4.017325555,4.653029106,7.871898773,2.626340367,dynamic-weak,dynamic,weak,o
daimajia-AndroidSwipeLayout,Java,7,0.002624672,174,2667,84959427,16,0.84509804,-2.580924962,2.240549248,3.426023016,7.929211575,1.204119983,static-strong,static,strong,l
FFmpeg-FFmpeg,C,7,8.29E-06,85585,843991,191108842,293,0.84509804,-5.081239634,4.932397655,5.926337815,8.281280781,2.46686762,static-weak,static,weak,l
h5bp-html5-boilerplate,JavaScript,7,0.00462657,1562,1513,229542996,213,0.84509804,-2.334740863,3.19368103,3.179838928,8.360864046,2.328379603,dynamic-weak,dynamic,weak,l
jp9000-obs-studio,C,7,6.09E-05,4542,114958,113303969,150,0.84509804,-4.215441188,3.65724713,5.060539199,8.054245123,2.176091259,static-weak,static,weak,a
jverdi-JVFloatLabeledTextField,Objective-C,7,0.008353222,248,838,113297337,43,0.84509804,-2.078145976,2.394451681,2.923244019,8.054219702,1.633468456,static-weak,static,weak,l
MacDownApp-macdown,Objective-C,7,0.001137287,859,6155,90473574,38,0.84509804,-2.944129925,2.933993164,3.789228057,7.956521747,1.579783597,static-weak,static,weak,a
Modernizr-Modernizr,JavaScript,7,0.000566572,2393,12355,239989597,220,0.84509804,-3.246744892,3.378942699,4.09184275,8.380192416,2.342422681,dynamic-weak,dynamic,weak,l
nicolargo-glances,Python,7,0.000317504,2827,22047,170910645,68,0.84509804,-3.498250799,3.451325808,4.343349502,8.232769113,1.832508913,dynamic-strong,dynamic,strong,a
octobercms-october,PHP,7,4.18E-05,3849,167352,108390557,200,0.84509804,-4.378532901,3.585347911,5.223630907,8.034991448,2.301029996,dynamic-weak,dynamic,weak,f
resque-resque,Ruby,7,0.001303781,1579,5369,243862345,184,0.84509804,-2.884795352,3.19838213,3.729893404,8.387144746,2.264817823,dynamic-strong,dynamic,strong,l
revel-revel,Go,7,0.000911815,1350,7677,170495374,114,0.84509804,-3.040093268,3.130333768,3.885191541,8.2317126,2.056904851,static-strong,static,strong,f
twbs-bootstrap,JavaScript,7,0.000336167,15994,20823,181924860,412,0.84509804,-3.473444922,4.203957092,4.318543299,8.259892049,2.614897216,dynamic-weak,dynamic,weak,f
xbmc-xbmc,C++,7,1.35E-05,44071,517152,199809669,301,0.84509804,-4.86851928,4.644152905,5.713618209,8.3006165,2.478566496,static-weak,static,weak,a
blueimp-jQuery-File-Upload,JavaScript,7.5,0.001507538,1009,4975,202681468,70,0.875061263,-2.821731732,3.003891166,3.696793085,8.306814041,1.84509804,dynamic-weak,dynamic,weak,l
cantino-huginn,Ruby,7.5,0.000224121,2747,33464,131003969,144,0.875061263,-3.649517448,3.438858659,4.524577852,8.117284454,2.158362492,dynamic-strong,dynamic,strong,f
charliesome-better_errors,Ruby,7.5,0.005877743,440,1276,138934662,60,0.875061263,-2.230789407,2.643452676,3.105850674,8.142810609,1.77815125,dynamic-strong,dynamic,strong,c
alibaba-tengine,C,8,5.05E-05,942,158497,161587523,56,0.903089987,-4.296931416,2.974050903,5.200021046,8.208407824,1.748188027,static-weak,static,weak,m
apenwarr-sshuttle,Python,8,0.001911132,415,4186,221116184,31,0.903089987,-2.718709316,2.618048097,3.621799224,8.344620531,1.491361694,dynamic-strong,dynamic,strong,m
apex-apex,Go,8,0.001272265,682,6288,43329929,80,0.903089987,-2.89542242,2.833784375,3.798512533,7.636787977,1.903089987,static-strong,static,strong,o
barryvdh-laravel-debugbar,PHP,8,0.002805049,675,2852,115522386,56,0.903089987,-2.552059548,2.829303773,3.455149521,8.06266615,1.748188027,dynamic-weak,dynamic,weak,c
callemall-material-ui,JavaScript,8,0.000166674,5442,47998,85510086,433,0.903089987,-3.778132142,3.735758537,4.681223141,7.932017343,2.636487896,dynamic-weak,dynamic,weak,l
chartjs-Chart.js,JavaScript,8,0.00034828,2306,22970,130334604,207,0.903089987,-3.458071464,3.362859303,4.361160995,8.115059737,2.315970345,dynamic-weak,dynamic,weak,l
drone-drone,Go,8,4.26E-05,2827,187837,102139516,204,0.903089987,-4.37069134,3.451325808,5.273781143,8.009193796,2.309630167,static-strong,static,strong,f
expressjs-express,JavaScript,8,0.000700771,5365,11416,247856639,205,0.903089987,-3.154423879,3.729569726,4.05751396,8.394200556,2.311753861,dynamic-weak,dynamic,weak,f
fchollet-keras,Python,8,0.000300143,3478,26654,66396258,431,0.903089987,-3.522671781,3.541329578,4.425762393,7.822143604,2.63447727,dynamic-strong,dynamic,strong,l
go-kit-kit,Go,8,0.000455737,1098,17554,70977521,90,0.903089987,-3.341285711,3.04060234,4.244376094,7.851120827,1.954242509,static-strong,static,strong,l
hakimel-reveal.js,JavaScript,8,0.001382887,1916,5785,186426338,208,0.903089987,-2.859213306,3.282395505,3.762303363,8.270507269,2.318063335,dynamic-weak,dynamic,weak,f
Homebrew-legacy-homebrew,Ruby,8,0.000480307,63882,16656,251050883,443,0.903089987,-3.318481084,4.805378504,4.221570712,8.399761753,2.646403726,dynamic-strong,dynamic,strong,a
humhub-humhub,PHP,8,4.39E-05,3586,182345,101888937,82,0.903089987,-4.357803658,3.554610285,5.260893859,8.008127031,1.913813852,dynamic-weak,dynamic,weak,l
irungentoo-toxcore,C,8,0.000291726,3770,27423,121866467,169,0.903089987,-3.535024863,3.57634135,4.438114964,8.085884221,2.227886705,static-weak,static,weak,a
jonas-tig,C,8,0.000542116,2200,14757,257959235,109,0.903089987,-3.265907775,3.342422681,4.168998077,8.41155108,2.037426498,static-weak,static,weak,a
laravel-framework,PHP,8,0.000102617,17602,77960,136045952,429,0.903089987,-3.988780686,4.245562017,4.89187183,8.133685624,2.632457292,dynamic-weak,dynamic,weak,f
mame-quine-relay,Ruby,8,0.002469136,338,3240,120004240,12,0.903089987,-2.607454988,2.5289167,3.51054501,8.079196591,1.079181246,dynamic-strong,dynamic,strong,c
ocornut-imgui,C++,8,0.000476389,2557,16793,87946213,83,0.903089987,-3.322038275,3.407730728,4.225128288,7.944217143,1.919078092,static-weak,static,weak,l
onevcat-VVDocumenter-Xcode,Objective-C,8,0.003956479,331,2022,119930518,33,0.903089987,-2.402691135,2.519827994,3.305781151,8.078929709,1.51851394,static-weak,static,weak,f
owncloud-core,PHP,8,1.94E-05,34625,412796,148008432,388,0.903089987,-4.712646227,4.539389782,5.61573548,8.170286458,2.588831726,dynamic-weak,dynamic,weak,a
php-php-src,C,8,7.72E-06,102383,1036341,185710055,216,0.903089987,-5.112412516,5.010227851,6.01550268,8.268835419,2.334453751,static-weak,static,weak,c
spree-spree,Ruby,8,0.000138619,17260,57712,288738865,378,0.903089987,-3.858177238,4.237040791,4.761266125,8.460505245,2.5774918,dynamic-strong,dynamic,strong,l
square-picasso,Java,8,0.000855158,966,9355,125355133,73,0.903089987,-3.067953637,2.984977126,3.971043792,8.098142122,1.86332286,static-strong,static,strong,l
twostairs-paperwork,PHP,8,0.00043122,1173,18552,89504260,41,0.903089987,-3.365301105,3.069298012,4.268390736,7.951843706,1.612783857,dynamic-weak,dynamic,weak,a
walkor-Workerman,PHP,8,0.002114724,853,3783,107410232,25,0.903089987,-2.674746306,2.930949031,3.577836341,8.031045655,1.397940009,dynamic-weak,dynamic,weak,l
yiisoft-yii,PHP,8,1.08E-05,6541,742721,164576018,259,0.903089987,-4.96773591,3.815644149,5.870825704,8.21636655,2.413299764,dynamic-weak,dynamic,weak,f
cyfdecyf-cow,Go,8.5,0.001466782,1060,5795,147988100,15,0.929418926,-2.833634428,3.025305865,3.76305344,8.170226794,1.176091259,static-strong,static,strong,m
tootsuite-mastodon,Ruby,8.5,0.000635277,2703,13380,37745915,306,0.929418926,-3.197036868,3.431846046,4.126456113,7.576869958,2.485721426,dynamic-strong,dynamic,strong,f
Bilibili-ijkplayer,C,9,0.000483196,2426,18626,123666476,38,0.954242509,-3.31587667,3.384890797,4.270119599,8.092251985,1.579783597,static-weak,static,weak,a
CocoaPods-CocoaPods,Ruby,9,0.000407923,6804,22063,180618547,223,0.954242509,-3.389421807,3.832764305,4.343664565,8.256762344,2.348304863,dynamic-strong,dynamic,strong,c
diaspora-diaspora,Ruby,9,0.000121162,18748,74281,209371196,335,0.954242509,-3.916633566,4.272954945,4.870877742,8.320916934,2.525044807,dynamic-strong,dynamic,strong,o
facebook-fresco,Java,9,2.11E-05,1266,425688,68608916,84,0.954242509,-4.674849823,3.102433706,5.629091408,7.836380558,1.924279286,static-strong,static,strong,l
jashkenas-underscore,JavaScript,9,0.001152516,2388,7809,237403734,245,0.954242509,-2.938353037,3.378034322,3.892595423,8.375487545,2.389166084,dynamic-weak,dynamic,weak,l
mitchellh-vagrant,Ruby,9,0.000149071,9812,60374,229836333,406,0.954242509,-3.826606835,3.99175754,4.78084995,8.361418684,2.608526034,dynamic-strong,dynamic,strong,f
reddit-reddit,Python,9,0.000126929,7944,70906,280067347,186,0.954242509,-3.896439141,3.900039235,4.850682986,8.447262477,2.269512944,dynamic-strong,dynamic,strong,a
saltstack-salt,Python,9,1.48E-05,80862,606743,195666184,372,0.954242509,-4.82876222,4.907744479,5.783004775,8.291515775,2.57054294,dynamic-strong,dynamic,strong,f
scrapy-scrapy,Python,9,0.000367452,6306,24493,227095126,243,0.954242509,-3.434799384,3.799753966,4.389041982,8.356207813,2.385606274,dynamic-strong,dynamic,strong,f
sebastianbergmann-phpunit,PHP,9,8.39E-05,8573,107214,232238617,257,0.954242509,-4.076008788,3.933132824,5.030251499,8.365934437,2.409933123,dynamic-weak,dynamic,weak,f
ServiceStack-ServiceStack,C#,9,4.39E-05,8249,204983,196778442,238,0.954242509,-4.357475138,3.916401304,5.311717845,8.293977518,2.376576957,static-strong,static,strong,f
sferik-rails_admin,Ruby,9,0.000574639,4288,15662,213217140,344,0.954242509,-3.240604902,3.632254777,4.19484722,8.328822114,2.536558443,dynamic-strong,dynamic,strong,l
binux-pyspider,Python,9.5,0.000743116,910,12784,100888873,38,0.977723605,-3.128943388,2.959041392,4.106666762,8.003843271,1.579783597,dynamic-strong,dynamic,strong,f
bumptech-glide,Java,9.5,0.000231341,1585,41065,120575247,49,0.977723605,-3.635747391,3.200029267,4.613471827,8.08125816,1.69019608,static-strong,static,strong,l
Leaflet-Leaflet,JavaScript,9.5,0.000136447,6242,69624,208724536,414,0.977723605,-3.865036009,3.795323764,4.842758971,8.319573504,2.617000341,dynamic-weak,dynamic,weak,l
libuv-libuv,C,9.5,0.000206976,3702,45899,108127804,255,0.977723605,-3.68408001,3.568436414,4.661803224,8.033937383,2.40654018,static-weak,static,weak,l
Redth-PushSharp,C#,9.5,0.002242152,536,4237,154721233,30,0.977723605,-2.649334949,2.72916479,3.627058464,8.189549918,1.477121255,static-strong,static,strong,l
ShareX-ShareX,C#,9.5,7.93E-05,3614,119855,112624070,111,0.977723605,-4.100932782,3.557988148,5.078656156,8.051631218,2.045322979,static-strong,static,strong,a
sqlitebrowser-sqlitebrowser,C++,9.5,0.000147077,1800,64592,94730716,62,0.977723605,-3.832455237,3.255272505,4.810178732,7.97649082,1.792391689,static-weak,static,weak,d
alibaba-AndFix,C++,10,0.00896861,52,1115,51615201,4,1,-2.047274861,1.716003344,3.047274867,7.712777623,0.602059991,static-weak,static,weak,l
ansible-ansible,Python,10,2.98E-05,29763,335327,162853318,399,1,-4.525469059,4.473676704,5.525468524,8.211796611,2.600972896,dynamic-strong,dynamic,strong,f
arduino-Arduino,C,10,0.000101189,6517,98825,209148564,210,1,-3.994866696,3.814047721,4.994866823,8.320454887,2.322219295,static-weak,static,weak,o
BVLC-caffe,C++,10,0.000239653,4021,41727,114888012,248,1,-3.62041713,3.604334073,4.620417162,8.060274715,2.394451681,static-weak,static,weak,f
composer-composer,PHP,10,0.000209104,7364,47823,186376020,432,1,-3.679637659,3.86711378,4.679636817,8.270390033,2.635483747,dynamic-weak,dynamic,weak,c
dingo-api,PHP,10,0.001524158,1145,6561,96679722,62,1,-2.81697001,3.058805487,3.816970038,7.985335393,1.792391689,dynamic-weak,dynamic,weak,f
ecomfe-echarts,JavaScript,10,5.27E-05,3753,189861,128940061,37,1,-4.278435857,3.574378564,5.278435764,8.110387871,1.568201724,dynamic-weak,dynamic,weak,l
electron-electron,C++,10,0.000238197,13627,41982,128167944,435,1,-3.623063713,4.134400256,4.623063124,8.107779418,2.638489257,static-weak,static,weak,f
encode-django-rest-framework,Python,10,0.000491304,7206,20354,194813164,417,1,-3.3086497,3.857694258,4.30864977,8.2896183,2.620136055,dynamic-strong,dynamic,strong,f
FriendsOfPHP-Goutte,PHP,10,0.019880716,293,503,222021486,63,1,-1.701567979,2.46686762,2.701567985,8.346395005,1.799340549,dynamic-weak,dynamic,weak,l
gogits-gogs,Go,10,2.21E-05,4696,452995,101728972,335,1,-4.656093386,3.671728088,5.656093408,8.007444656,2.525044807,static-strong,static,strong,a
guard-guard,Ruby,10,0.001091703,2320,9160,213132796,142,1,-2.961895496,3.365487985,3.961895474,8.328650282,2.152288344,dynamic-strong,dynamic,strong,a
kripken-emscripten,C,10,2.20E-05,16878,455506,196410990,254,1,-4.658494253,4.227320983,5.658494102,8.293165785,2.404833717,static-weak,static,weak,c
libgdx-libgdx,Java,10,3.85E-05,12869,259757,149271922,380,1,-4.414567472,4.109544801,5.41456726,8.173978125,2.579783597,static-strong,static,strong,f
mutualmobile-MMDrawerController,Objective-C,10,0.003421143,296,2923,125961139,24,1,-2.465828772,2.471291711,3.465828815,8.100236579,1.380211242,static-weak,static,weak,l
nvbn-thefuck,Python,10,0.001165094,1290,8583,65393516,92,1,-2.933639034,3.11058971,3.933639113,7.815534689,1.963787827,dynamic-strong,dynamic,strong,a
OpenRA-OpenRA,C#,10,4.50E-05,23318,222128,207721315,204,1,-4.346603191,4.367691298,5.346603306,8.317481063,2.309630167,static-strong,static,strong,l
pallets-flask,Python,10,0.001165501,2711,8580,223346881,396,1,-2.93348735,3.433129518,3.933487288,8.348979892,2.597695186,dynamic-strong,dynamic,strong,f
reactiveui-ReactiveUI,C#,10,0.000345997,3686,28902,217665331,91,1,-3.460927667,3.566555331,4.460927897,8.337789262,1.959041392,static-strong,static,strong,f
sass-sass,Ruby,10,0.000308309,6242,32435,208762985,180,1,-3.511013797,3.795323764,4.511013902,8.319653498,2.255272505,dynamic-strong,dynamic,strong,c
sinatra-sinatra,Ruby,10,0.000447828,3762,22330,262002750,343,1,-3.348888756,3.575418791,4.348888723,8.41830585,2.53529412,dynamic-strong,dynamic,strong,l
tensorflow-models,Python,10,0.00025701,697,38909,39264280,169,1,-3.590049978,2.843232778,4.590050069,7.593997638,2.227886705,dynamic-strong,dynamic,strong,l
Unitech-pm2,JavaScript,10,0.000467705,3526,21381,124792475,151,1,-3.330027987,3.547282308,4.330028014,8.096188398,2.178976947,dynamic-weak,dynamic,weak,a
webpack-webpack,JavaScript,10,0.000260308,3883,38416,162525106,289,1,-3.584512485,3.589167391,4.584512143,8.210920458,2.460897843,dynamic-weak,dynamic,weak,l
Wox-launcher-Wox,C#,10,0.000868282,1563,11517,106431028,61,1,-3.061339202,3.193958978,4.061339367,8.027068257,1.785329835,static-strong,static,strong,a
XX-net-XX-Net,Python,10,3.42E-05,1320,292218,72584649,43,1,-4.465707304,3.120573931,5.465706964,7.860844781,1.633468456,dynamic-strong,dynamic,strong,l
zeit-hyper,JavaScript,10,0.001668057,764,5995,26546319,130,1,-2.777789113,2.883093359,3.777789187,7.424004309,2.113943352,dynamic-weak,dynamic,weak,a
airbnb-superset,Python,10.5,0.000635593,1958,16520,56394266,129,1.021189299,-3.196820894,3.291812687,4.218010043,7.751234948,2.11058971,dynamic-strong,dynamic,strong,f
bitcoin-bitcoin,C++,10.5,7.33E-05,13713,143177,201127397,399,1.021189299,-4.134683966,4.137132476,5.155873258,8.303471233,2.600972896,static-weak,static,weak,a
bjorn-tiled,C++,10.5,0.000103885,2956,101073,195079298,164,1.021189299,-3.983447156,3.47070443,5.004635156,8.290211184,2.214843848,static-weak,static,weak,a
PHPMailer-PHPMailer,PHP,10.5,0.001488939,880,7052,179812963,122,1.021189299,-2.827123094,2.944482672,3.848312304,8.254820997,2.086359831,dynamic-weak,dynamic,weak,l
AFNetworking-AFNetworking,Objective-C,11,0.001375516,2731,7997,187021876,274,1.041392685,-2.861534354,3.4363217,3.902927096,8.271892409,2.437750563,static-weak,static,weak,f
CocoaLumberjack-CocoaLumberjack,Objective-C,11,0.000665336,1312,16533,192360081,135,1.041392685,-3.176958977,3.117933835,4.218351666,8.284114951,2.130333768,static-weak,static,weak,f
curl-curl,C,11,0.000108334,21732,101538,224947658,329,1.041392685,-3.965235221,4.337099696,5.006628605,8.352081476,2.517195898,static-weak,static,weak,l
draios-sysdig,C++,11,0.000239032,3515,46019,104134483,90,1.041392685,-3.621543955,3.545925329,4.662937177,8.017594565,1.954242509,static-weak,static,weak,l
jekyll-jekyll,Ruby,11,0.000825268,8962,13329,269415057,435,1.041392685,-3.083404994,3.95240494,4.124797568,8.430421864,2.638489257,dynamic-strong,dynamic,strong,m
kaminari-kaminari,Ruby,11,0.004539827,1321,2423,196919560,119,1.041392685,-2.342960697,3.120902818,3.384353414,8.294288857,2.075546961,dynamic-strong,dynamic,strong,l
memcached-memcached,C,11,0.000886954,1315,12402,253283135,104,1.041392685,-3.052098903,3.118925753,4.093491727,8.403606273,2.017033339,static-weak,static,weak,d
micropython-micropython,C,11,4.39E-05,7770,250712,106359173,157,1.041392685,-4.357782871,3.890421019,5.399175121,8.026774952,2.195899652,static-weak,static,weak,f
opencv-opencv,C++,11,2.43E-05,21093,452768,151208383,382,1.041392685,-4.614483097,4.324138353,5.655875725,8.179575869,2.582063363,static-weak,static,weak,l
openresty-lua-nginx-module,C,11,0.00030872,3195,35631,222465659,58,1.041392685,-3.510435234,3.504470862,4.551828011,8.34726298,1.763427994,static-weak,static,weak,l
spf13-hugo,Go,11,0.00030752,3261,35770,120947614,458,1.041392685,-3.512126634,3.513350799,4.55351894,8.082597305,2.660865478,static-strong,static,strong,o
torch-torch7,C,11,0.000658485,1269,16705,111800762,126,1.041392685,-3.181454114,3.103461622,4.22284648,8.048444764,2.100370545,static-weak,static,weak,l
uglide-RedisDesktopManager,C++,11,0.002296451,1172,4790,118210132,21,1.041392685,-2.638942817,3.068927612,3.680335513,8.072654702,1.322219295,static-weak,static,weak,a
Microsoft-msbuild,C#,11.5,2.67E-05,2381,430750,67773314,88,1.06069784,-4.573527778,3.376759395,5.634225286,7.831058722,1.944482672,static-strong,static,strong,c
sdegutis-mjolnir,C,11.5,0.000960494,1492,11973,90719345,31,1.06069784,-3.017505344,3.173768823,4.078202983,7.957699906,1.491361694,static-weak,static,weak,a
swoole-swoole-src,C,11.5,0.000247051,4227,46549,151020601,57,1.06069784,-3.607213384,3.626032248,4.667910356,8.179036194,1.755874856,static-weak,static,weak,f
activeadmin-activeadmin,Ruby,12,0.000728597,4774,16470,222557637,416,1.079181246,-3.137512621,3.678882415,4.216693599,8.347442502,2.619093331,dynamic-strong,dynamic,strong,f
App-vNext-Polly,C#,12,0.000416942,578,28781,126170396,28,1.079181246,-3.379924355,2.761927838,4.459105879,8.100957466,1.447158031,static-strong,static,strong,l
django-django,Python,12,5.63E-05,24238,213237,158317962,426,1.079181246,-4.249681409,4.384496781,5.328862564,8.199530191,2.629409599,dynamic-strong,dynamic,strong,f
elastic-logstash,Ruby,12,0.000348797,7802,34404,203855290,373,1.079181246,-3.457427259,3.892205946,4.536608939,8.309321986,2.571708832,dynamic-strong,dynamic,strong,f
facebook-react-native,JavaScript,12,0.000107735,10432,111384,73072184,392,1.079181246,-3.967643184,4.018367578,5.04682281,7.863752088,2.593286067,dynamic-weak,dynamic,weak,f
fluent-fluentd,Ruby,12,0.00022182,3695,54098,185426300,116,1.079181246,-3.653999299,3.567614443,4.73318121,8.268171332,2.064457989,dynamic-strong,dynamic,strong,a
gizak-termui,Go,12,0.002861913,230,4193,70926633,30,1.079181246,-2.543343573,2.361727836,3.622524862,7.850809344,1.477121255,static-strong,static,strong,a
hammerjs-hammer.js,JavaScript,12,0.002314368,1194,5185,163206092,84,1.079181246,-2.635567584,3.077004327,3.714748761,8.212736366,1.924279286,dynamic-weak,dynamic,weak,l
JeremySkinner-FluentValidation,C#,12,0.00074184,972,16176,232562577,63,1.079181246,-3.129689753,2.987666265,4.208871138,8.366539831,1.799340549,static-strong,static,strong,l
jessesquires-JSQMessagesViewController,Objective-C,12,0.001908397,1706,6288,132761956,100,1.079181246,-2.719331275,3.231979027,3.798512533,8.123073642,2,static-weak,static,weak,l
jsonmodel-jsonmodel,Objective-C,12,0.003562945,725,3368,139430439,56,1.079181246,-2.448190882,2.860338007,3.527372083,8.144357595,1.748188027,static-weak,static,weak,f
KeenSoftwareHouse-SpaceEngineers,C#,12,1.93E-05,403,620662,62370587,34,1.079181246,-4.713673793,2.605305046,5.792855157,7.794979831,1.531478917,static-strong,static,strong,a
lodash-lodash,JavaScript,12,0.002260739,7836,5308,160127294,231,1.079181246,-2.645749574,3.894094427,3.724930914,8.204465365,2.36361198,dynamic-weak,dynamic,weak,l
matryer-bitbar,Objective-C,12,0.007121662,641,1685,109522788,56,1.079181246,-2.147418642,2.80685803,3.226599905,8.039504491,1.748188027,static-weak,static,weak,f
mpv-player-mpv,C,12,0.000110695,44707,108406,143783476,204,1.079181246,-3.955871995,4.650375528,5.03505332,8.157708979,2.309630167,static-weak,static,weak,a
mrdoob-three.js,JavaScript,12,2.24E-05,18646,534598,224528519,414,1.079181246,-4.648845563,4.27058568,5.72802733,8.351271512,2.617000341,dynamic-weak,dynamic,weak,l
openframeworks-openFrameworks,C++,12,0.000146642,15208,81832,237737046,239,1.079181246,-3.833741625,4.182072104,4.912923166,8.376096862,2.378397901,static-weak,static,weak,l
philsquared-Catch,C++,12,0.000631978,1789,18988,204658624,81,1.079181246,-3.19929804,3.252610341,4.278479223,8.31103005,1.908485019,static-weak,static,weak,f
phpredis-phpredis,C,12,0.000949893,1726,12633,193699186,75,1.079181246,-3.022325313,3.237040791,4.101506496,8.287127796,1.875061263,static-weak,static,weak,d
vim-vim,C,12,3.99E-05,7145,300982,53967364,1,1.079181246,-4.399359211,3.854002233,5.478540524,7.732131206,0,static-weak,static,weak,a
yiisoft-yii2,PHP,12,9.71E-05,16563,123601,164752044,423,1.079181246,-4.012840708,4.219139002,5.092021984,8.216830811,2.626340367,dynamic-weak,dynamic,weak,f
zwaldowski-BlocksKit,Objective-C,12,0.001829268,1125,6560,188243604,55,1.079181246,-2.737722663,3.051152522,3.816903839,8.274720229,1.740362689,static-weak,static,weak,l
inconshreveable-ngrok,Go,12.5,0.00323248,329,3867,130126937,24,1.096910013,-2.490464154,2.517195898,3.587374172,8.114367207,1.380211242,static-strong,static,strong,a
openssl-openssl,C,12.5,4.83E-05,19704,258568,135609912,262,1.096910013,-4.315664606,4.294554399,5.412574776,8.132291434,2.418301291,static-weak,static,weak,l
facebook-stetho,Java,13,0.000714246,501,18201,71933150,34,1.113943352,-3.146152183,2.699837726,4.26009525,7.856929079,1.531478917,static-strong,static,strong,c
godotengine-godot,C++,13,2.76E-05,7103,471483,105047664,312,1.113943352,-4.55952228,3.851441815,5.673466038,8.021386399,2.494154594,static-weak,static,weak,l
kevinzhow-PNChart,Objective-C,13,0.003793405,477,3427,110123623,58,1.113943352,-2.420970788,2.678518379,3.534914104,8.041880491,1.763427994,static-weak,static,weak,l
mozilla-pdf.js,JavaScript,13,0.000181336,9664,71690,190099677,230,1.113943352,-3.741515968,3.985156921,4.85545858,8.278981379,2.361727836,dynamic-weak,dynamic,weak,a
numpy-numpy,C,13,8.96E-05,15889,145082,209480241,427,1.113943352,-4.047670179,4.201096565,5.161613534,8.321143065,2.630427875,static-weak,static,weak,l
OptiKey-OptiKey,C#,13,0.000542322,1910,23971,88526168,31,1.113943352,-3.265742777,3.281033367,4.379686152,7.947071665,1.491361694,static-strong,static,strong,a
PHPOffice-PHPExcel,PHP,13,0.000186908,1273,69553,153865773,62,1.113943352,-3.72837211,3.104828404,4.842315867,8.187142023,1.792391689,dynamic-weak,dynamic,weak,l
plataformatec-simple_form,Ruby,13,0.001726886,1749,7528,231888972,192,1.113943352,-2.762736331,3.242789809,3.87667961,8.365280095,2.283301229,dynamic-strong,dynamic,strong,l
tmux-tmux,C,13,0.000373606,6367,34796,60524825,8,1.113943352,-3.427586158,3.80393485,4.541529322,7.781933542,0.903089987,static-weak,static,weak,a
twigphp-Twig,PHP,13,0.000945386,3601,13751,238948582,272,1.113943352,-3.024390833,3.556423121,4.138334282,8.378304458,2.434568904,dynamic-weak,dynamic,weak,c
cucumber-cucumber-ruby,Ruby,13.5,0.000780888,6796,17288,285442847,295,1.130333768,-3.107411251,3.83225337,4.237744754,8.455519164,2.469822016,dynamic-strong,dynamic,strong,l
alcatraz-Alcatraz,Objective-C,14,0.007038713,761,1989,127250390,46,1.146128036,-2.152506743,2.881384657,3.298634783,8.104659122,1.662757832,static-weak,static,weak,c
antirez-disque,C,14,0.000348181,603,40209,63748431,54,1.146128036,-3.458194932,2.780317312,4.604323272,7.8044695,1.73239376,static-weak,static,weak,m
cocos2d-cocos2d-x,C++,14,2.19E-05,36226,638114,203776980,367,1.146128036,-4.658769315,4.559020383,5.804898273,8.309155122,2.564666064,static-weak,static,weak,f
CodisLabs-codis,Go,14,7.55E-05,1631,185472,79511629,20,1.146128036,-4.122150272,3.212453961,5.268278355,7.900430651,1.301029996,static-strong,static,strong,m
dmlc-xgboost,C++,14,0.001356064,3030,10324,102191517,206,1.146128036,-2.867719813,3.481442629,4.013847996,8.009414846,2.31386722,static-weak,static,weak,l
gitextensions-gitextensions,C#,14,0.000122318,8350,114456,265344061,202,1.146128036,-3.912509629,3.921686475,5.058638564,8.423809372,2.305351369,static-strong,static,strong,f
guzzle-guzzle,PHP,14,0.001700267,3066,8234,195038155,263,1.146128036,-2.769482874,3.486572151,3.915610863,8.29011958,2.419955748,dynamic-weak,dynamic,weak,m
home-assistant-home-assistant,Python,14,0.00011545,9126,121265,114496212,430,1.146128036,-3.937606063,3.960280464,5.083735471,8.058791119,2.633468456,dynamic-strong,dynamic,strong,m
kenwheeler-slick,JavaScript,14,0.006773101,821,2067,98272195,127,1.146128036,-2.169212448,2.914343157,3.315340477,7.992430657,2.103803721,dynamic-weak,dynamic,weak,l
loopj-android-async-http,Java,14,0.001900109,857,7368,195726893,73,1.146128036,-2.721221485,2.932980822,3.867349617,8.291650502,1.86332286,static-strong,static,strong,l
nylas-nylas-mail,JavaScript,14,0.000310043,5865,45155,80415048,96,1.146128036,-3.508578069,3.768268016,4.654705847,7.905337326,1.982271233,dynamic-weak,dynamic,weak,a
zenorocha-clipboard.js,JavaScript,14,0.013658537,240,1025,51281705,37,1.146128036,-1.864595817,2.380211242,3.010723865,7.709962456,1.568201724,dynamic-weak,dynamic,weak,l
chrisbanes-PhotoView,Java,14.5,0.009427828,399,1538,151356060,27,1.161368002,-2.025588349,2.600972896,3.186956335,8.179999814,1.431363764,static-strong,static,strong,l
google-flatbuffers,C++,14.5,0.00114979,1105,12611,93374819,165,1.161368002,-2.939381473,3.043362278,4.100749526,7.970229773,2.217483944,static-weak,static,weak,l
grpc-grpc,C,14.5,8.48E-05,24548,170962,75834067,239,1.161368002,-4.07153143,4.390016115,5.23289959,7.879864348,2.378397901,static-weak,static,weak,l
tornadoweb-tornado,Python,14.5,0.000565082,3394,25660,241427084,259,1.161368002,-3.247888526,3.530711838,4.409256652,8.382785989,2.413299764,dynamic-strong,dynamic,strong,f
AvaloniaUI-Avalonia,C#,15,0.000182315,3897,82275,107624799,42,1.176091259,-3.739177598,3.590730406,4.915267891,8.031912353,1.62324929,static-strong,static,strong,f
briannesbitt-Carbon,PHP,15,0.00148002,1136,10135,146826220,102,1.176091259,-2.829732416,3.055378331,4.005823753,8.166803618,2.008600172,dynamic-weak,dynamic,weak,l
coreos-etcd,Go,15,4.26E-05,11263,352032,120751359,359,1.176091259,-4.370490504,4.051654084,5.546582143,8.081892027,2.555094449,static-strong,static,strong,d
gopherjs-gopherjs,Go,15,0.000956267,1866,15686,116256962,33,1.176091259,-3.019420831,3.270911639,4.195512211,8.06541897,1.51851394,static-strong,static,strong,c
ipython-ipython,Python,15,0.000448015,22551,33481,220432434,447,1.176091259,-3.348707445,4.353165805,4.524798421,8.343275496,2.650307523,dynamic-strong,dynamic,strong,c
JetBrains-kotlin,Java,15,2.41E-05,38379,622306,164745002,151,1.176091259,-4.617912683,4.584093655,5.794003988,8.216812248,2.178976947,static-strong,static,strong,f
jquery-jquery,JavaScript,15,0.000347447,6217,43172,255127186,261,1.176091259,-3.459111434,3.793580867,4.635202168,8.406756739,2.416640507,dynamic-weak,dynamic,weak,l
mailpile-Mailpile,Python,15,0.000427631,5336,35077,173880878,123,1.176091259,-3.368930819,3.727215821,4.545022443,8.240251824,2.089905111,dynamic-strong,dynamic,strong,a
mongodb-mongo,C++,15,1.52E-05,37460,989811,261863082,281,1.176091259,-4.819461254,4.573567773,5.995552276,8.418074275,2.44870632,static-weak,static,weak,d
scikit-learn-scikit-learn,Python,15,0.00014476,21778,103620,211860982,420,1.176091259,-3.839351426,4.338017993,5.015443588,8.326050981,2.62324929,dynamic-strong,dynamic,strong,l
Seldaek-monolog,PHP,15,0.001157318,1791,12961,195990765,279,1.176091259,-2.936547292,3.253095586,4.112638511,8.292235608,2.445604203,dynamic-weak,dynamic,weak,l
shadowsocks-shadowsocks-windows,C#,15,0.001217039,1032,12325,135749144,40,1.176091259,-2.914695505,3.013679697,4.090786928,8.1327371,1.602059991,static-strong,static,strong,a
skwp-dotfiles,Ruby,15,0.00460688,1144,3256,172331921,87,1.176091259,-2.3365931,3.058426024,3.512684396,8.236365729,1.939519253,dynamic-strong,dynamic,strong,f
zealdocs-zeal,C++,15,0.003099814,1388,4839,135252570,33,1.176091259,-2.508664365,3.142389466,3.684755622,8.131145526,1.51851394,static-weak,static,weak,a
adam-p-markdown-here,JavaScript,15.5,0.000630056,762,24601,157019558,10,1.190331698,-3.200620848,2.881954971,4.390952761,8.195953751,1,dynamic-weak,dynamic,weak,f
carrierwaveuploader-carrierwave,Ruby,15.5,0.001637093,2115,9468,273950411,294,1.190331698,-2.785926648,3.325310372,3.976258249,8.437671956,2.46834733,dynamic-strong,dynamic,strong,l
facebook-folly,C++,15.5,0.000161681,3809,95868,155315456,257,1.190331698,-3.791341013,3.580810973,4.981673667,8.191214676,2.409933123,static-weak,static,weak,l
NancyFx-Nancy,C#,15.5,0.000223189,5330,69448,216491078,262,1.190331698,-3.651327214,3.726727209,4.841659743,8.335440003,2.418301291,static-strong,static,strong,f
thoughtbot-paperclip,Ruby,15.5,0.001218841,1882,12717,286041700,348,1.190331698,-2.914052945,3.274619619,4.104384671,8.45642935,2.541579244,dynamic-strong,dynamic,strong,l
Dogfalo-materialize,JavaScript,16,0.001114594,2892,14355,83348662,199,1.204119983,-2.952883299,3.461198289,4.157003197,7.920898632,2.298853076,dynamic-weak,dynamic,weak,f
dotnet-orleans,C#,16,0.000103887,3389,154014,74899630,103,1.204119983,-3.983438795,3.530071569,5.1875602,7.874479672,2.012837225,static-strong,static,strong,f
facebook-zstd,C,16,0.000326251,3144,49042,71840242,44,1.204119983,-3.486448148,3.497482537,4.690568173,7.856367787,1.643452676,static-weak,static,weak,l
facebookincubator-create-react-app,JavaScript,16,0.003163931,858,5057,25131889,266,1.204119983,-2.499772996,2.933487288,3.703892954,7.400225133,2.424881637,dynamic-weak,dynamic,weak,f
github-hub,Go,16,0.000551477,2372,29013,233847875,131,1.204119983,-3.258472596,3.375114685,4.462592638,8.368933428,2.117271296,static-strong,static,strong,a
google-agera,Java,16,0.001245815,156,12843,43540622,10,1.204119983,-2.904546444,2.193124598,4.108666483,7.638894629,1,static-strong,static,strong,l
haiwen-seafile,C,16,0.000334574,1923,47822,151823525,51,1.204119983,-3.475507811,3.283979284,4.679627735,8.181339071,1.707570176,static-weak,static,weak,d
mobile-shell-mosh,C++,16,0.001942691,1271,8236,199333138,53,1.204119983,-2.711596272,3.104145551,3.915716338,8.299579504,1.72427587,static-weak,static,weak,a
moment-moment,JavaScript,16,0.000110038,3432,145404,194951634,414,1.204119983,-3.958457312,3.535547279,5.162576354,8.28992688,2.617000341,dynamic-weak,dynamic,weak,l
MonoGame-MonoGame,C#,16,0.000108561,11357,147382,191763380,228,1.204119983,-3.964326165,4.055263626,5.168444446,8.282765676,2.357934847,static-strong,static,strong,f
rethinkdb-rethinkdb,C++,16,0.000115635,33237,138366,142323733,131,1.204119983,-3.936910695,4.521621817,5.141029386,8.153277326,2.117271296,static-weak,static,weak,d
robbiehanson-CocoaAsyncSocket,Objective-C,16,0.001013556,478,15786,171941646,38,1.204119983,-2.994152251,2.679427897,4.198272098,8.23538108,1.579783597,static-weak,static,weak,l
Semantic-Org-Semantic-UI,JavaScript,16,0.000221172,6230,72342,128435276,166,1.204119983,-3.655269855,3.794488047,4.859390511,8.108684323,2.220108088,dynamic-weak,dynamic,weak,f
tesseract-ocr-tesseract,C++,16,0.000144296,1893,110883,86032501,55,1.204119983,-3.840745708,3.277150614,5.044864968,7.934662548,1.740362689,static-weak,static,weak,l
flynn-flynn,Go,16.5,3.85E-05,7062,428279,120505074,114,1.217483944,-4.414242698,3.848927713,5.63172678,8.081005334,2.056904851,static-strong,static,strong,m
nathanmarz-storm,Java,16.5,0.000356325,1765,46306,177653087,45,1.217483944,-3.448153706,3.24674471,4.665637267,8.249572758,1.653212514,static-strong,static,strong,o
certbot-certbot,Python,17,0.000651391,7590,26098,78138460,255,1.230448921,-3.186158246,3.880241776,4.416607227,7.892864848,2.40654018,dynamic-strong,dynamic,strong,o
deployphp-deployer,PHP,17,0.003046595,1290,5580,120356062,109,1.230448921,-2.516185275,3.11058971,3.746634199,8.080467969,2.037426498,dynamic-weak,dynamic,weak,f
jinzhu-gorm,Go,17,0.001613516,1250,10536,111209302,111,1.230448921,-2.792226724,3.096910013,4.022675762,8.046141115,2.045322979,static-strong,static,strong,l
moby-moby,Go,17,2.43E-05,32067,699947,135366543,468,1.230448921,-4.614615398,4.506058332,5.845065156,8.131511338,2.670245853,static-strong,static,strong,f
nsqio-nsq,Go,17,0.001082734,1798,15701,157065772,64,1.230448921,-2.965478225,3.254789687,4.195927314,8.196081553,1.806179974,static-strong,static,strong,m
piwik-piwik,PHP,17,7.14E-05,24274,238200,192379303,172,1.230448921,-4.146492822,4.385141348,5.376941757,8.284158347,2.235528447,dynamic-weak,dynamic,weak,l
ReactTraining-react-router,JavaScript,17,0.001711984,3914,9930,93620229,432,1.230448921,-2.766500299,3.592620821,3.996949248,7.971369699,2.635483747,dynamic-weak,dynamic,weak,m
socketio-socket.io,JavaScript,17,9.76E-05,1660,174225,225567312,138,1.230448921,-4.01066144,3.220108088,5.241110473,8.353276164,2.139879086,dynamic-weak,dynamic,weak,f
telegramdesktop-tdesktop,C++,17,0.000131996,2761,128792,94865009,49,1.230448921,-3.879439229,3.441066407,5.109888887,7.977106052,1.69019608,static-weak,static,weak,a
zxing-zxing,Java,17,0.00016286,3331,104384,175470753,70,1.230448921,-3.78818557,3.522574633,5.018633935,8.24420474,1.84509804,static-strong,static,strong,l
isocpp-CppCoreGuidelines,Python,17.5,0.001267106,1193,13811,53883428,145,1.243038049,-2.897187053,3.076640444,4.140225125,7.731455217,2.161368002,dynamic-strong,dynamic,strong,o
androidannotations-androidannotations,Java,18,0.000493097,2701,36504,168059517,59,1.255272505,-3.30706764,3.431524584,4.562340456,8.225463111,1.770852012,static-strong,static,strong,f
chrisbanes-Android-PullToRefresh,Java,18,0.005023723,478,3583,171338404,20,1.255272505,-2.298974315,2.679427897,3.554246808,8.233854717,1.301029996,static-strong,static,strong,l
google-iosched,Java,18,0.000400739,679,44917,97507160,32,1.255272505,-3.39713839,2.831869774,4.652410742,7.989036507,1.505149978,static-strong,static,strong,a
marcuswestin-WebViewJavascriptBridge,Objective-C,18,0.017509728,443,1028,179400873,50,1.255272505,-1.7567206,2.646403726,3.011993115,8.253824552,1.698970004,static-weak,static,weak,m
Microsoft-CNTK,C++,18,0.000210182,13585,85640,45367674,125,1.255272505,-3.67740448,4.133059643,4.932676659,7.656746514,2.096910013,static-weak,static,weak,l
Rochester-NRT-RocAlphaGo,Python,18,0.00681302,415,2642,39611971,15,1.255272505,-2.166660336,2.618048097,3.421932813,7.597826452,1.176091259,dynamic-strong,dynamic,strong,o
v8-v8,C++,18,1.62E-05,39553,1111735,82326930,187,1.255272505,-4.79072901,4.597179429,6.046001278,7.915541921,2.271841607,static-weak,static,weak,c
babel-babel,JavaScript,18.5,0.000381153,7911,48537,81987697,346,1.267171728,-3.418900658,3.898231385,4.68607293,7.913748687,2.539076099,dynamic-weak,dynamic,weak,c
plataformatec-devise,Ruby,18.5,0.001655037,3389,11178,240795888,426,1.267171728,-2.781192293,3.530071569,4.048364105,8.381649066,2.629409599,dynamic-strong,dynamic,strong,l
TryGhost-Ghost,JavaScript,18.5,0.000351885,7332,52574,126233447,270,1.267171728,-3.453599246,3.865222456,4.720771021,8.101174441,2.431363764,dynamic-weak,dynamic,weak,o
Humanizr-Humanizer,C#,19,0.000748532,1469,25383,157852695,120,1.278753601,-3.125789629,3.167021796,4.40454295,8.198252001,2.079181246,static-strong,static,strong,l
jigish-slate,Objective-C,19,0.001724607,566,11017,187758225,18,1.278753601,-2.763309855,2.752816431,4.042063349,8.273598971,1.255272505,static-weak,static,weak,a
ncw-rclone,Go,19,7.61E-05,1174,249541,98912403,61,1.278753601,-4.118388268,3.069668097,5.397141911,7.995250753,1.785329835,static-strong,static,strong,a
pockethub-PocketHub,Java,19,0.000877193,3148,21660,178398430,115,1.278753601,-3.056904843,3.498034724,4.335658452,8.251391028,2.06069784,static-strong,static,strong,a
python-cpython,Python,19,3.93E-05,99066,483942,7144569,229,1.278753601,-4.406039749,4.995924628,5.684793315,6.853976035,2.359835482,dynamic-strong,dynamic,strong,c
reactphp-react,PHP,19,0.061889251,869,307,157226400,29,1.278753601,-1.208384773,2.939019776,2.487138375,8.196525471,1.462397998,dynamic-weak,dynamic,weak,l
spotify-luigi,Python,19,0.000631418,3411,30091,145745602,297,1.278753601,-3.199683042,3.532881719,4.478436621,8.163595458,2.472756449,dynamic-strong,dynamic,strong,l
balderdashy-sails,JavaScript,19.5,0.000855789,6606,22786,161799225,211,1.290034611,-3.0676333,3.819938569,4.357668093,8.208976437,2.324282455,dynamic-weak,dynamic,weak,f
PowerShell-PowerShell,C#,19.5,3.52E-05,4803,553375,41170705,133,1.290034611,-4.452985051,3.681512587,5.743019535,7.614588304,2.123851641,static-strong,static,strong,c
aria2-aria2,C++,20,0.000215775,5125,92689,203048292,45,1.301029996,-3.665998875,3.70969387,4.967028197,8.307599341,1.653212514,static-weak,static,weak,a
cakephp-cakephp,PHP,20,0.000124052,32477,161223,220569698,374,1.301029996,-3.90639623,4.511575905,5.207426998,8.343545849,2.572871602,dynamic-weak,dynamic,weak,f
facebook-rocksdb,C++,20,0.000125726,6068,159076,139643022,265,1.301029996,-3.900574901,3.783045572,5.201604662,8.145019239,2.423245874,static-weak,static,weak,l
meteor-meteor,JavaScript,20,0.000107388,18664,186241,166960903,345,1.301029996,-3.969044246,4.271004726,5.270075295,8.222614785,2.537819095,dynamic-weak,dynamic,weak,f
OpenEmu-OpenEmu,Objective-C,20,0.000530912,5549,37671,201023162,75,1.301029996,-3.274977458,3.744214725,4.576007149,8.3032461,1.875061263,static-weak,static,weak,a
hbons-SparkleShare,C#,20.5,0.001975523,4374,10377,207864382,137,1.311753861,-2.70431791,3.640878779,4.016071817,8.317780078,2.136720567,static-strong,static,strong,a
kubernetes-kubernetes,Go,20.5,1.05E-05,47122,1958917,91803836,409,1.311753861,-4.980260767,4.673223715,6.292016035,7.962860828,2.611723308,static-strong,static,strong,f
vurtun-nuklear,C,20.5,0.000703573,1318,29137,66608874,43,1.311753861,-3.152690835,3.11991541,4.464444834,7.823532092,1.633468456,static-weak,static,weak,l
facebook-hhvm,C++,21,3.47E-05,22364,606050,231504174,318,1.322219295,-4.460289241,4.349549484,5.782508456,8.364558826,2.50242712,static-weak,static,weak,m
filp-whoops,PHP,21,0.006233304,878,3369,130878093,83,1.322219295,-2.205281692,2.943494516,3.527501011,8.116866958,1.919078092,dynamic-weak,dynamic,weak,f
netty-netty,Java,21,9.32E-05,8095,225314,204604659,264,1.322219295,-4.030568711,3.908216853,5.352788178,8.310915519,2.421603927,static-strong,static,strong,f
pingcap-tidb,Go,21,4.33E-05,4636,484932,52387088,107,1.322219295,-4.363461957,3.666143427,5.685680844,7.719224258,2.029383778,static-strong,static,strong,d
Valloric-YouCompleteMe,Python,21,0.002595797,2067,8090,159353266,122,1.322219295,-2.585729274,3.315340477,3.907948522,8.202360969,2.086359831,dynamic-strong,dynamic,strong,a
dotnet-corefx,C#,21.5,9.06E-06,20949,2373021,78581832,387,1.33243846,-5.042863174,4.321163297,6.375301582,7.895322149,2.587710965,static-strong,static,strong,l
facebook-proxygen,C++,21.5,0.000657613,1131,32694,81520878,64,1.33243846,-3.18202961,3.053462605,4.514468058,7.911268848,1.806179974,static-weak,static,weak,l
uWebSockets-uWebSockets,C++,21.5,0.003320463,871,6475,35364020,37,1.33243846,-2.478801355,2.940018155,3.811239773,7.548561628,1.568201724,static-weak,static,weak,l
faif-python-patterns,Python,22,0.008576998,420,2565,154882645,63,1.342422681,-2.066664691,2.62324929,3.409087369,8.190002757,1.799340549,dynamic-strong,dynamic,strong,o
nodejs-node,JavaScript,22,1.68E-05,17181,1311821,76867369,464,1.342422681,-4.775451399,4.235048438,6.117874579,7.885742016,2.666517981,dynamic-weak,dynamic,weak,l
symless-synergy,C,22,0.000328805,2848,66909,80743263,44,1.342422681,-3.483061587,3.454539985,4.825484539,7.907106296,1.643452676,static-weak,static,weak,a
teamcapybara-capybara,Ruby,22,0.001530009,2625,14379,236526043,218,1.342422681,-2.815306015,3.419129308,4.157728684,8.373878966,2.338456494,dynamic-strong,dynamic,strong,f
CoderMJLee-MJRefresh,Objective-C,22.5,0.008278146,254,2718,93037048,21,1.352182518,-2.082066918,2.404833717,3.434249452,7.968655922,1.322219295,static-weak,static,weak,l
Mantle-Mantle,Objective-C,22.5,0.006742583,1204,3337,147072901,62,1.352182518,-2.171173699,3.080626487,3.523356207,8.167532659,1.792391689,static-weak,static,weak,f
alibaba-dubbo,Java,23,0.000219085,1838,104982,153806638,17,1.361727836,-3.659387356,3.264345507,5.021114842,8.186975079,1.230448921,static-strong,static,strong,f
google-ExoPlayer,Java,23,0.00035675,2628,64471,91204842,69,1.361727836,-3.447636018,3.419625361,4.809364407,7.960017895,1.838849091,static-strong,static,strong,a
Tencent-tinker,Java,23,0.000856228,143,26862,20754128,12,1.361727836,-3.067410574,2.155336037,4.429138345,7.317104491,1.079181246,static-strong,static,strong,l
vuejs-vue,JavaScript,23.5,0.000272095,1891,86367,118830909,97,1.371067862,-3.565279439,3.276691529,4.936347834,8.074929419,1.986771734,dynamic-weak,dynamic,weak,f
gnachman-iTerm2,Objective-C,24,0.000153656,6569,156193,191762012,98,1.380211242,-3.813450477,3.817499262,5.193661566,8.282762578,1.991226076,static-weak,static,weak,a
justinwalsh-daux.io,PHP,24,0.005198181,606,4617,123635862,54,1.380211242,-2.284148602,2.782472624,3.664359875,8.092144461,1.73239376,dynamic-weak,dynamic,weak,c
RestKit-RestKit,Objective-C,24,0.000768074,3461,31247,228221154,163,1.380211242,-3.114596936,3.539201599,4.494808327,8.358355897,2.212187604,static-weak,static,weak,f
CoderMJLee-MJExtension,Objective-C,24.5,0.014618138,223,1676,93038760,12,1.389166084,-1.835107943,2.348304863,3.224274014,7.968663914,1.079181246,static-weak,static,weak,c
asciimoo-wuzz,Go,25,0.010697475,185,2337,8087880,19,1.397940009,-1.97071872,2.267171728,3.368658712,6.907834699,1.278753601,static-strong,static,strong,a
jordansissel-fpm,Ruby,25,0.003551136,1993,7040,199813921,200,1.397940009,-2.449632695,3.299507299,3.847572659,8.300625742,2.301029996,dynamic-strong,dynamic,strong,f
tmuxinator-tmuxinator,Ruby,25.5,0.010212255,638,2497,201881410,101,1.40654018,-1.990878349,2.804820679,3.397418542,8.305096329,2.004321374,dynamic-strong,dynamic,strong,a
akkadotnet-akka.net,C#,26,0.000113521,4039,229033,105572542,121,1.414973348,-3.944923792,3.606273853,5.359898062,8.023550979,2.08278537,static-strong,static,strong,f
facebook-osquery,C++,26,0.000593689,3631,43794,87233547,145,1.414973348,-3.226440998,3.560026249,4.641414614,7.940683532,2.161368002,static-weak,static,weak,d
googlei18n-libphonenumber,C++,26,0.000585388,1384,44415,76269463,63,1.414973348,-3.232556185,3.14113609,4.647529666,7.882350689,1.799340549,static-weak,static,weak,l
nlohmann-json,C++,26,6.22E-06,1733,4182449,120971531,50,1.414973348,-5.206457555,3.238798563,6.621430654,8.082683177,1.698970004,static-weak,static,weak,c
phalcon-cphalcon,PHP,26,6.59E-05,9381,394334,171612430,194,1.414973348,-4.180890576,3.972249136,5.595864224,8.234548741,2.28780173,dynamic-weak,dynamic,weak,f
Respect-Validation,PHP,26,0.000914752,1447,28423,208727515,102,1.414973348,-3.038696632,3.160468531,4.453669915,8.319579703,2.008600172,dynamic-weak,dynamic,weak,l
symfony-symfony,PHP,26,0.0001029,30834,252672,231284319,421,1.414973348,-3.987584625,4.489029868,5.402557118,8.364146189,2.624282096,dynamic-weak,dynamic,weak,f
firehol-netdata,C,26.5,0.000699319,4466,37894,122404850,107,1.423245874,-3.155324672,3.649918719,4.578570451,8.087798626,2.029383778,static-weak,static,weak,m
slackhq-SlackTextViewController,Objective-C,26.5,0.004826958,1163,5490,85511634,62,1.423245874,-2.31632648,3.065579715,3.739572344,7.932025205,1.792391689,static-weak,static,weak,l
FriendsOfPHP-PHP-CS-Fixer,PHP,27,0.000469043,3294,57564,156748657,151,1.431363764,-3.328787341,3.517723595,4.760150965,8.195203829,2.178976947,dynamic-weak,dynamic,weak,c
serbanghita-Mobile-Detect,PHP,27,0.003042939,672,8873,147488504,67,1.431363764,-2.516706754,2.827369273,3.948070482,8.168758171,1.826074803,dynamic-weak,dynamic,weak,o
StackExchange-StackExchange.Redis,C#,27,0.000796108,663,33915,99093034,71,1.431363764,-3.099028012,2.821513528,4.530391821,7.996043126,1.851258349,static-strong,static,strong,a
angular-angular.js,JavaScript,28,0.000120907,8462,231582,231161123,441,1.447158031,-3.917548555,3.927473021,5.3647048,8.363914796,2.644438589,dynamic-weak,dynamic,weak,l
bbatsov-rubocop,Ruby,28,0.000282116,6006,99250,158896202,375,1.447158031,-3.549572282,3.778585328,4.996730515,8.201113517,2.574031268,dynamic-strong,dynamic,strong,c
nothings-stb,C,28,0.000614264,1374,45583,92862517,96,1.447158031,-3.211644937,3.137986733,4.658802904,7.967840451,1.982271233,static-weak,static,weak,l
octalmage-robotjs,C,28,0.009873061,471,2836,84404773,30,1.447158031,-2.00554818,2.673020907,3.452706227,7.926367006,1.477121255,static-weak,static,weak,l
Shopify-liquid,Ruby,28,0.003530005,1096,7932,283638754,105,1.447158031,-2.452224679,3.039810554,3.899382706,8.452765569,2.021189299,dynamic-strong,dynamic,strong,l
thoughtbot-factory_girl,Ruby,28,0.004403208,876,6359,281397863,155,1.447158031,-2.356230799,2.942504106,3.803388825,8.449320795,2.190331698,dynamic-strong,dynamic,strong,l
Microsoft-react-native-windows,C#,28.5,0.000754427,751,37777,43760586,39,1.45484486,-3.122382777,2.875639937,4.577227466,7.641083129,1.591064607,static-strong,static,strong,f
capistrano-capistrano,Ruby,29,0.005080589,1521,5708,258234356,212,1.462397998,-2.294085936,3.182129214,3.756483964,8.412014021,2.326335861,dynamic-strong,dynamic,strong,f
emberjs-ember.js,JavaScript,29,0.000364665,14276,79525,187532420,390,1.462397998,-3.438105918,4.154606539,4.900503678,8.273076358,2.591064607,dynamic-weak,dynamic,weak,f
facebook-facebook-ios-sdk,Objective-C,29,0.000810917,619,35762,216481737,41,1.462397998,-3.091023595,2.791690649,4.553421799,8.335421264,1.612783857,static-weak,static,weak,f
facebook-xctool,Objective-C,29,0.001105183,1152,26240,127118476,72,1.462397998,-2.956565804,3.061452479,4.418963831,8.104208678,1.857332496,static-weak,static,weak,c
WhisperSystems-Signal-Android,Java,29,0.000417885,2842,69397,169919928,149,1.462397998,-3.378943218,3.453624074,4.841340697,8.230244315,2.173186268,static-strong,static,strong,a
alvarotrigo-fullPage.js,JavaScript,30,0.005528935,1274,5426,114220891,97,1.477121255,-2.257358516,3.105169428,3.734479789,8.057745544,1.986771734,dynamic-weak,dynamic,weak,f
dmlc-mxnet,C++,30,0.000695394,5231,43141,63488325,329,1.477121255,-3.157769061,3.71858472,4.634890208,7.802693869,2.517195898,static-weak,static,weak,f
getlantern-lantern,Go,30,7.06E-05,6079,424982,195918451,55,1.477121255,-4.151249435,3.783832143,5.628370536,8.292075338,1.740362689,static-strong,static,strong,a
google-brotli,C,30,0.001838686,869,16316,81033886,33,1.477121255,-2.735492431,2.939019776,4.212613697,7.908666666,1.51851394,static-weak,static,weak,a
restsharp-RestSharp,C#,30,0.001488095,1174,20160,235562295,143,1.477121255,-2.827369343,3.069668097,4.304490528,8.372105777,2.155336037,static-strong,static,strong,l
ccgus-fmdb,Objective-C,31,0.006531816,497,4746,215442583,57,1.491361694,-2.184966058,2.696356389,3.676327734,8.333331547,1.755874856,static-weak,static,weak,d
golang-go,Go,31,2.88E-05,32436,1078039,85476380,421,1.491361694,-4.541273035,4.511027292,6.032634473,7.931846121,2.624282096,static-strong,static,strong,c
icsharpcode-ILSpy,C#,31,0.000387055,2034,80092,197080540,46,1.491361694,-3.412227318,3.308350949,4.903589139,8.294643744,1.662757832,static-strong,static,strong,c
pandas-dev-pandas,Python,31,0.000153768,14998,201603,211285347,405,1.491361694,-3.813134034,4.176033349,5.30449699,8.324869379,2.607455023,dynamic-strong,dynamic,strong,l
reactjs-redux,JavaScript,31,0.00356814,2302,8688,60955605,448,1.491361694,-2.447558114,3.362105319,3.938919812,7.785013646,2.651278014,dynamic-weak,dynamic,weak,f
SignalR-SignalR,C#,31,0.000331151,4586,93613,182592461,75,1.491361694,-3.479973929,3.66143405,4.971336163,8.261482842,1.875061263,static-strong,static,strong,l
forkingdog-UITableView-FDTemplateLayoutCell,Objective-C,31.5,0.047226387,87,667,64709141,5,1.498310554,-1.325815278,1.939519253,2.824125834,7.810965635,0.698970004,static-weak,static,weak,l
dotnet-cli,C#,32,0.000559695,5906,57174,50090205,166,1.505149978,-3.252048573,3.771293443,4.757198577,7.699752809,2.220108088,static-strong,static,strong,l
spring-projects-spring-boot,Java,32,0.000156929,11598,203914,143240223,340,1.505149978,-3.804296793,4.064383104,5.309447044,8.156064988,2.531478917,static-strong,static,strong,f
google-google-api-php-client,PHP,32.5,0.005074953,1599,6404,117216681,84,1.511883361,-2.294567975,3.203848464,3.806451323,8.06898942,1.924279286,dynamic-weak,dynamic,weak,l
google-protobuf,C++,33,0.000211207,4556,156245,84830865,262,1.51851394,-3.675291692,3.658583715,5.193806128,7.928553895,2.418301291,static-weak,static,weak,c
miloyip-rapidjson,C++,33,0.002769153,1899,11917,99986783,77,1.51851394,-2.557653048,3.278524965,4.076166939,7.999942596,1.886490725,static-weak,static,weak,c
spring-projects-spring-framework,Java,33.5,5.92E-05,14528,566248,202118115,214,1.525044807,-4.227961557,4.162205831,5.753006681,8.305605239,2.330413773,static-strong,static,strong,f
dotnet-coreclr,C#,34,6.12E-06,11454,5556924,71243398,369,1.531478917,-5.213355745,4.058957179,6.744834457,7.852744625,2.567026366,static-strong,static,strong,l
ryanb-cancan,Ruby,34,0.012883668,420,2639,235479315,58,1.531478917,-1.889960475,2.62324929,3.42143939,8.371952764,1.763427994,dynamic-strong,dynamic,strong,l
square-retrofit,Java,34,0.002003654,1448,16969,210090017,105,1.531478917,-2.698177272,3.160768562,4.22965625,8.322405416,2.021189299,static-strong,static,strong,a
boltdb-bolt,Go,35,0.003862282,810,9062,106335226,98,1.544068044,-2.41315602,2.908485019,3.957224058,8.026677158,1.991226076,static-strong,static,strong,d
facebook-react,JavaScript,35,0.000299166,8520,116992,124487046,464,1.544068044,-3.524087765,3.930439595,5.068156165,8.095124162,2.666517981,dynamic-weak,dynamic,weak,l
nicklockwood-iCarousel,Objective-C,35,0.001719902,251,20350,191766977,16,1.544068044,-2.764496298,2.399673721,4.308564414,8.282773822,1.204119983,static-weak,static,weak,l
prometheus-prometheus,Go,35,4.85E-05,3823,721226,140143548,139,1.544068044,-4.314003132,3.582404298,5.858071375,8.146573108,2.1430148,static-strong,static,strong,d
SFTtech-openage,C++,35,0.001742247,2638,20089,110381077,99,1.544068044,-2.758890275,3.421274791,4.302958319,8.042894627,1.995635195,static-weak,static,weak,a
atlassian-localstack,Python,36,0.010329986,122,3485,16459917,14,1.556302501,-1.985900267,2.086359831,3.542202782,7.216427641,1.146128036,dynamic-strong,dynamic,strong,f
derekparker-delve,Go,36,0.000217213,1051,165736,93285317,59,1.556302501,-3.663114186,3.021602716,5.219416853,7.969813292,1.770852012,static-strong,static,strong,c
afollestad-material-dialogs,Java,37,0.004942559,1467,7486,78914298,71,1.568201724,-2.306048138,3.166430114,3.874249823,7.897155698,1.851258349,static-strong,static,strong,l
airbnb-lottie-ios,Objective-C,37,0.00562481,260,6578,18105682,36,1.568201724,-2.249892143,2.414973348,3.818093869,7.257814888,1.556302501,static-weak,static,weak,l
doctrine-doctrine2,PHP,37,0.000408682,10552,90535,223309021,351,1.568201724,-3.38861449,4.023334783,4.956816506,8.348906268,2.545307116,dynamic-weak,dynamic,weak,c
phacility-phabricator,PHP,37,8.62E-05,14064,429170,198251491,196,1.568201724,-4.064427746,4.148108858,5.632629356,8.297216462,2.292256071,dynamic-weak,dynamic,weak,a
nickbutcher-plaid,Java,38,0.002140604,334,17752,47677744,24,1.579783597,-2.669463667,2.523746467,4.249247289,7.678315697,1.380211242,static-strong,static,strong,a
Sonarr-Sonarr,C#,38,0.000298442,7188,127328,176796164,79,1.579783597,-3.525140058,3.856608068,5.104923917,8.247472838,1.897627091,static-strong,static,strong,m
adobe-brackets,JavaScript,39,0.000130239,17369,299450,170606720,332,1.591064607,-3.885258947,4.239774815,5.476324317,8.231996134,2.521138084,dynamic-weak,dynamic,weak,a
elastic-elasticsearch,Java,39,6.06E-05,27002,644003,228263944,407,1.591064607,-4.217823456,4.431395933,5.80888789,8.358437317,2.609594409,static-strong,static,strong,m
jfeinstein10-SlidingMenu,Java,39,0.012141968,337,3212,152865937,21,1.591064607,-1.915710916,2.527629901,3.506775537,8.184310723,1.322219295,static-strong,static,strong,l
rkt-rkt,Go,39,0.000126674,5214,307876,78151602,182,1.591064607,-3.897312515,3.717171027,5.488375835,7.892937885,2.260071388,static-strong,static,strong,l
silexphp-Silex,PHP,39,0.005348327,2267,7292,209268760,223,1.591064607,-2.271782048,3.35545152,3.86284666,8.320704401,2.348304863,dynamic-weak,dynamic,weak,f
EnterpriseQualityCoding-FizzBuzzEnterpriseEdition,Java,39.5,0.028478731,162,1387,140183119,31,1.596597096,-1.545479367,2.209515015,3.142076461,8.146695719,1.491361694,static-strong,static,strong,a
StackExchange-Dapper,C#,40,0.002255681,1187,17733,191128621,113,1.602059991,-2.646722319,3.074450719,4.248782214,8.281325726,2.053078443,static-strong,static,strong,l
syncthing-syncthing,Go,41,0.000134768,4280,304226,108439899,127,1.612783857,-3.870413217,3.631443769,5.483196327,8.035189104,2.103803721,static-strong,static,strong,o
cockroachdb-cockroach,Go,42,0.000132656,18941,316609,102253273,124,1.62324929,-3.877273102,4.277402904,5.500523256,8.009677218,2.093421685,static-strong,static,strong,d
radare-radare2,C,42,0.000104311,14476,402641,152597854,356,1.62324929,-3.981669891,4.160648574,5.604917996,8.183548426,2.551449998,static-weak,static,weak,f
square-okhttp,Java,42,0.000799848,2905,52510,150848225,132,1.62324929,-3.096992537,3.463146137,4.720242018,8.178540204,2.120573931,static-strong,static,strong,a
google-cadvisor,Go,43,0.000351278,2098,122410,91567407,128,1.633468456,-3.454349049,3.321805484,5.087816898,7.961740916,2.10720997,static-strong,static,strong,a
realm-realm-java,Java,43,0.000659671,6903,65184,158985678,66,1.633468456,-3.180672608,3.839037873,4.814141007,8.201358003,1.819543936,static-strong,static,strong,d
docker-compose,Python,43.5,0.002523202,3406,17240,107309942,233,1.638489257,-2.59804798,3.532244644,4.236537261,8.03063996,2.367355921,dynamic-strong,dynamic,strong,a
minio-minio,Go,45,0.000165558,4137,271808,72635762,67,1.653212514,-3.781049829,3.616685521,5.434262235,7.861150497,1.826074803,static-strong,static,strong,m
greenrobot-greenDAO,Java,45.5,0.002314815,837,19656,174599086,6,1.658011397,-2.635483712,2.922725458,4.293495143,8.242041966,0.77815125,static-strong,static,strong,d
alibaba-fastjson,Java,46,0.000366163,2090,125627,173595668,57,1.662757832,-3.436325542,3.320146286,5.099082989,8.239538883,1.755874856,static-strong,static,strong,c
libgit2-libgit2,C,46,0.000306918,10155,149877,209763732,300,1.662757832,-3.51297764,4.006679928,5.175734991,8.321730401,2.477121255,static-weak,static,weak,l
cayleygraph-cayley,Go,46.5,0.001059298,1019,43897,91905019,55,1.667452953,-2.974981848,3.008174184,4.642434841,7.963339229,1.740362689,static-strong,static,strong,d
influxdata-influxdb,Go,47,0.000407763,11913,115263,113693330,262,1.672097858,-3.389592184,4.076021142,5.061689919,8.055734987,2.418301291,static-strong,static,strong,d
dompdf-dompdf,PHP,47.5,0.002196126,863,21629,141145964,69,1.67669361,-2.658342746,2.936010796,4.335036441,8.149668464,1.838849091,dynamic-weak,dynamic,weak,l
jaredpar-VsVim,C#,48,0.000670251,3435,71615,234439260,35,1.681241237,-3.173762529,3.535926741,4.855003996,8.370030342,1.544068044,static-strong,static,strong,f
labstack-echo,Go,48,0.007121662,1063,6740,68667419,76,1.681241237,-2.147418642,3.026533265,3.828659897,7.836750724,1.880813592,static-strong,static,strong,f
mholt-caddy,Go,48,0.001755669,1829,27340,72720897,149,1.681241237,-2.755557359,3.262213705,4.43679851,7.861659227,2.173186268,static-strong,static,strong,a
allinurl-goaccess,C,50,0.002897711,2339,17255,120125872,45,1.698970004,-2.537944931,3.369030222,4.236914964,8.079636553,1.653212514,static-weak,static,weak,o
dotnet-roslyn,C#,50,2.52E-05,25543,1981196,72955257,214,1.698970004,-4.59795711,4.407271903,6.296927442,7.863056592,2.330413773,static-strong,static,strong,c
johnezang-JSONKit,Objective-C,50,0.021834061,70,2290,213674019,4,1.698970004,-1.660865481,1.84509804,3.359835482,8.329751719,0.602059991,static-weak,static,weak,l
buger-goreplay,Go,50.5,0.006967439,875,7248,123993053,56,1.703291378,-2.156926825,2.942008053,3.860218185,8.093397353,1.748188027,static-strong,static,strong,c
hashicorp-consul,Go,52,0.000137052,5545,379419,110295873,333,1.716003344,-3.863114622,3.74390155,5.579119075,8.042559263,2.522444234,static-strong,static,strong,d
hashicorp-vault,Go,52,8.19E-05,5573,634958,69075841,299,1.716003344,-4.086741552,3.746089043,5.802744999,7.839326181,2.475671188,static-strong,static,strong,a
hackiftekhar-IQKeyboardManager,Objective-C,52.5,0.002911814,834,18030,116468832,43,1.720159303,-2.53583637,2.921166051,4.255995727,8.06620972,1.633468456,static-weak,static,weak,l
facebook-watchman,C++,53,0.002414249,1616,21953,139667048,68,1.72427587,-2.61721794,3.208441356,4.341493877,8.145093954,1.832508913,static-weak,static,weak,o
hashicorp-terraform,Go,53,2.76E-05,18394,1921297,99149652,411,1.72427587,-4.55931914,4.264676182,6.283594505,7.996291194,2.613841822,static-strong,static,strong,a
pokeb-asi-http-request,Objective-C,53,0.003751947,823,14126,277827370,49,1.72427587,-2.425743305,2.915399835,4.150019202,8.443775028,1.69019608,static-weak,static,weak,l
JamesNK-Newtonsoft.Json,C#,54,0.00023824,1471,226662,164348972,54,1.73239376,-3.62298532,3.167612673,5.355378717,8.215766992,1.73239376,static-strong,static,strong,f
realm-realm-cocoa,Objective-C,57,0.003255841,9952,17507,159292384,91,1.755874856,-2.487336812,3.997910367,4.243211732,8.202195012,1.959041392,static-weak,static,weak,d
mwaterfall-MWPhotoBrowser,Objective-C,58,0.005969535,189,9716,206223553,4,1.763427994,-2.224059497,2.276461804,3.987487506,8.314338265,0.602059991,static-weak,static,weak,l
PhilJay-MPAndroidChart,Java,58,0.002347988,1900,24702,95463013,57,1.763427994,-2.629304127,3.278753601,4.392732117,7.979835137,1.755874856,static-strong,static,strong,l
facebook-immutable-js,JavaScript,59,0.004333456,1308,13615,89618251,127,1.770852012,-2.363165609,3.116607744,4.134017646,7.952396464,2.103803721,dynamic-weak,dynamic,weak,l
thedillonb-CodeHub,C#,60,0.00232387,443,25819,119281203,5,1.77815125,-2.633788171,2.646403726,4.411939418,8.076572011,0.698970004,static-strong,static,strong,a
tastejs-todomvc,JavaScript,61,0.000117869,2825,517524,186768207,282,1.785329835,-3.928600401,3.451018452,5.713930495,8.27130295,2.450249108,dynamic-weak,dynamic,weak,f
google-guava,Java,63,0.000247068,4068,254991,92518603,103,1.799340549,-3.6071835,3.609380944,5.406524852,7.966229066,2.012837225,static-strong,static,strong,l
googlesamples-android-UniversalMusicPlayer,Java,63,0.010027057,182,6283,67953325,13,1.799340549,-1.998826516,2.260071388,3.79816706,7.832210712,1.113943352,static-strong,static,strong,o
liuliu-ccv,C,63,0.000504448,904,124889,209332813,5,1.799340549,-3.297183595,2.95616843,5.096524188,8.32083731,0.698970004,static-weak,static,weak,l
NLog-NLog,C#,65,0.000963891,4298,67435,146441431,112,1.812913357,-3.015972075,3.633266411,4.828885362,8.165663964,2.049218023,static-strong,static,strong,f
Netflix-Hystrix,Java,67,0.001338635,2022,50051,140543114,101,1.826074803,-2.873337824,3.305781151,4.699412759,8.147809572,2.004321374,static-strong,static,strong,l
HelloZeroNet-ZeroNet,Python,69,0.00236439,1297,29183,72875902,60,1.838849091,-2.626280886,3.112939976,4.465129935,7.862583943,1.77815125,dynamic-strong,dynamic,strong,m
facebookarchive-three20,Objective-C,70.5,0.000602605,1779,116992,258874089,59,1.848189117,-3.219967269,3.250175948,5.068156165,8.413088584,1.770852012,static-weak,static,weak,l
kataras-iris,Go,75,0.000142976,571,524563,39770592,1,1.875061263,-3.844736857,2.756636108,5.719797654,7.599562056,0,static-strong,static,strong,f
AutoMapper-AutoMapper,C#,76,0.00178203,2280,42648,228429722,86,1.880813592,-2.749084989,3.357934847,4.62989867,8.358752611,1.934498451,static-strong,static,strong,l
Microsoft-BotBuilder,C#,76,0.001822717,1868,41696,36850377,74,1.880813592,-2.739280756,3.271376872,4.620094394,7.566441935,1.86923172,static-strong,static,strong,f
ruby-grape-grape,Ruby,76,0.00381507,1921,19921,213140092,287,1.880813592,-2.418497489,3.283527365,4.299311135,8.328665149,2.457881897,dynamic-strong,dynamic,strong,f
go-martini-martini,Go,77,0.021862578,592,3522,110798753,100,1.886490725,-1.660298628,2.772321707,3.546789352,8.044534873,2,static-strong,static,strong,f
ViccAlexander-Chameleon,Objective-C,77,0.027787802,340,2771,87533931,23,1.886490725,-1.556145804,2.531478917,3.442636526,7.942176432,1.361727836,static-weak,static,weak,f
venmo-synx,Ruby,78,0.113372093,212,688,95095881,17,1.892094603,-0.945493836,2.326335861,2.837588438,7.978161706,1.230448921,dynamic-strong,dynamic,strong,a
path-FastImageCache,Objective-C,80.5,0.035478184,133,2269,116774107,24,1.90579588,-1.450038618,2.123851641,3.355834496,8.067346555,1.380211242,static-weak,static,weak,l
0xd4d-dnSpy,C#,82,0.000326719,1410,250980,58132490,6,1.913813852,-3.485825609,3.149219113,5.399639115,7.764418926,0.77815125,static-strong,static,strong,c
JakeWharton-ActionBarSherlock,Java,84,0.003315571,1481,25335,194380266,53,1.924279286,-2.479441668,3.170555059,4.403720909,8.288652172,1.72427587,static-strong,static,strong,l
ReactiveX-RxJava,Java,89,0.000371986,5081,239256,136223292,155,1.949390007,-3.429473405,3.705949195,5.378862838,8.134251371,2.190331698,static-strong,static,strong,l
yarnpkg-yarn,JavaScript,89,0.004281316,1400,20788,40674044,253,1.949390007,-2.368422716,3.146128036,4.317812708,7.609317354,2.403120521,dynamic-weak,dynamic,weak,c
Nummer-Destroy-Windows-10-Spying,C#,90,0.01285347,98,7002,53911871,7,1.954242509,-1.890979612,1.991226076,3.845222106,7.731684404,0.84509804,static-strong,static,strong,a
HangfireIO-Hangfire,C#,91,0.002749743,2679,33094,118117016,74,1.959041392,-2.560707895,3.427972714,4.519749263,8.072312467,1.86923172,static-strong,static,strong,m
attic-labs-noms,Go,92.5,0.000248907,3509,371624,60596111,32,1.966141733,-3.60396289,3.545183368,5.570103754,7.782444752,1.505149978,static-strong,static,strong,d
DrKLO-Telegram,C,105,0.0003872,301,271178,111189110,12,2.021189299,-3.412064651,2.478566496,5.433254453,8.046062254,1.079181246,static-weak,static,weak,a
google-googletest,C++,106,0.003207068,980,33052,55803127,49,2.025305865,-2.493891832,2.991226076,4.519197744,7.746658536,1.69019608,static-weak,static,weak,f
dzenbot-DZNEmptyDataSet,Objective-C,112,0.014204185,445,7885,92092169,37,2.049218023,-1.84758368,2.648360011,3.896801698,7.964222702,1.568201724,static-weak,static,weak,l
aspnet-Mvc,C#,123,0.0006254,3383,196674,107078760,111,2.089905111,-3.203842123,3.529301998,5.293746951,8.029703333,2.045322979,static-strong,static,strong,f
joewalnes-websocketd,Go,136.5,0.072722429,265,1877,133045625,31,2.135132651,-1.138331624,2.423245874,3.273464273,8.124000598,1.491361694,static-strong,static,strong,l
Studio3T-robomongo,C++,146,0.000937111,2074,155798,141602771,26,2.164352856,-3.028208964,3.316808752,5.192561878,8.151071752,1.414973348,static-weak,static,weak,d
chocolatey-choco,C#,154,0.004523956,2340,34041,73921669,55,2.187520721,-2.344481628,3.369215857,4.53200231,7.868771764,1.740362689,static-strong,static,strong,a
navasmdc-MaterialDesignLibrary,Java,156,0.054129077,75,2882,81836563,10,2.193124598,-1.266569378,1.875061263,3.459693976,7.912947381,1,static-strong,static,strong,l
ResourceHunter-BaiduPanDownloadWinform,C#,163,0.040187377,57,4056,18163432,5,2.212187604,-1.395910339,1.755874856,3.608097946,7.259197912,0.698970004,static-strong,static,strong,a
google-leveldb,C++,181,0.010949788,136,16530,84724928,17,2.257678575,-1.960594289,2.133538908,4.218272854,7.928011208,1.230448921,static-weak,static,weak,l
CRYTEK-CRYENGINE,C++,191,0.000137451,1502,1389582,29892905,23,2.281033367,-3.861852096,3.176669933,6.14288418,7.475568122,1.361727836,static-weak,static,weak,l
magento-magento2,PHP,192,0.000146072,52493,1314420,171232187,309,2.283301229,-3.835433024,4.720101394,6.118734159,8.233585404,2.489958479,dynamic-weak,dynamic,weak,f
iluwatar-java-design-patterns,Java,214,0.009039071,1619,23675,86296482,77,2.330413773,-2.043876202,3.209246849,4.374289988,7.935993091,1.886490725,static-strong,static,strong,o
aspnet-EntityFramework,C#,248,0.000721306,3910,343821,103460879,85,2.394451681,-3.141880455,3.592176757,5.536332399,8.014776164,1.929418926,static-strong,static,strong,f
square-leakcanary,Java,562,0.140993477,334,3986,63547544,37,2.749736316,-0.850800979,2.523746467,3.600537294,7.803098771,1.568201724,static-strong,static,strong,l
JakeWharton-butterknife,Java,717,0.070522278,695,10167,131427661,59,2.855519156,-1.151673668,2.841984805,4.007192824,8.118686779,1.770852012,static-strong,static,strong,l
