5f428f22ad55b5b89bee3f75448a7458bb728a67,54ddefa8d196936d0b26e5a44a0d0a62fcad3c0f,41,38,3,fix,NULL,NULL,29,NULL,2
54ddefa8d196936d0b26e5a44a0d0a62fcad3c0f,4ab8b587809b94fde85d4f356558a8c3d8d8a472,10,8,2,fix,NULL,NULL,10,NULL,2
4ab8b587809b94fde85d4f356558a8c3d8d8a472,578210a97f402e30739d3c467fa96fad9604ce1c,51,23,28,Normal,NULL,NULL,48,NULL,5
578210a97f402e30739d3c467fa96fad9604ce1c,24b525041994dbf44680a825335aa805b24b0a78,24,12,12,Normal,NULL,NULL,18,NULL,2
f2574102759c29c6d01fe704443e4f9700d6f63b,66787b52e858091beb51e1521b9be96e811d0bf1,24,12,12,fix,NULL,NULL,18,NULL,2
66787b52e858091beb51e1521b9be96e811d0bf1,5ff14063f9a256f4121208ba5fd9c2f26fbfbafc,117,59,58,Normal,NULL,NULL,109,NULL,6
24b525041994dbf44680a825335aa805b24b0a78,77b21d96d17c04b26b975f58887c387657875650,184,176,8,Normal,NULL,NULL,168,NULL,3
77b21d96d17c04b26b975f58887c387657875650,528d245932f576ad773f4a5c25596a79e199039e,180,180,0,Normal,NULL,NULL,177,NULL,4
ce8de1f7e425a55d2a60ae17e8347a88e3dd2228,8f4e134d01814e93aac6049e47f4e0e110017537,12,9,3,Normal,NULL,NULL,9,NULL,3
8f4e134d01814e93aac6049e47f4e0e110017537,f0a915068d1bbd076516c961aa6f37d673f0c758,65,52,13,Normal,NULL,NULL,65,NULL,2
c05e5dfb5fb1761dc39f1a563e68da3d89b0a5f9,2786fdd9a8b15715189263f3b6f36de8ce3411e3,65,52,13,Normal,NULL,NULL,65,NULL,2
7f7826a3379b5b71a4d9da3112fa7794effe4851,58f21692de64f5794ec75c6bf4c007bef9e5e303,117,59,58,Normal,NULL,NULL,109,NULL,6
528d245932f576ad773f4a5c25596a79e199039e,47831cd8253065f0a0dd9fd6edf08fc4782cdc1b,10,2,8,fix,NULL,NULL,0,NULL,0
47831cd8253065f0a0dd9fd6edf08fc4782cdc1b,fa8378c5297a53415c8dbf66f1d3eee74b9c76da,4,2,2,Normal,NULL,NULL,0,NULL,0
fa8378c5297a53415c8dbf66f1d3eee74b9c76da,18524ddfceb17943dc46fb8a6d561abc5e07526f,42,20,22,Normal,NULL,NULL,0,NULL,0
5ff14063f9a256f4121208ba5fd9c2f26fbfbafc,null,0,0,0,null
f0a915068d1bbd076516c961aa6f37d673f0c758,18524ddfceb17943dc46fb8a6d561abc5e07526f,135,135,0,Normal,NULL,NULL,135,NULL,3
18524ddfceb17943dc46fb8a6d561abc5e07526f,092f55120163633d5350147f86cc4b814f8c9bf6,6,3,3,#,NULL,NULL,0,NULL,0
45827593166fadaeaf82f1df1bb9bc70449df676,092f55120163633d5350147f86cc4b814f8c9bf6,41,38,3,Normal,NULL,NULL,29,NULL,2
3b984d4bbfbbf255d4a7f83f27c8fdc2e2a4260b,092f55120163633d5350147f86cc4b814f8c9bf6,10,2,8,fix,ISSUE,NULL,0,NULL,0
8b70feaa929f13899dcf2143817e0090ef2e2984,769143229cbf4bc99a5354c84831c4d6bfe48dd7,23,15,8,Normal,NULL,NULL,20,NULL,4
769143229cbf4bc99a5354c84831c4d6bfe48dd7,092f55120163633d5350147f86cc4b814f8c9bf6,28,8,20,fix #,ISSUE,NULL,28,NULL,2
840e807205f3a7ace657030d2734b67998d9576c,null,0,0,0,null
092f55120163633d5350147f86cc4b814f8c9bf6,a07f19fbc6b56d720e562d3e256b7b084c9402ba,18,3,15,#,NULL,NULL,0,NULL,0
58f21692de64f5794ec75c6bf4c007bef9e5e303,a07f19fbc6b56d720e562d3e256b7b084c9402ba,181,174,7,Normal,NULL,NULL,165,NULL,5
33443802a480a3935031d80e1ae8589010019d05,a07f19fbc6b56d720e562d3e256b7b084c9402ba,18,3,15,Normal,NULL,NULL,0,NULL,0
2786fdd9a8b15715189263f3b6f36de8ce3411e3,e4c5299bce819848de89721f3c1794286f5e82aa,78,51,27,Normal,NULL,NULL,78,NULL,3
e4c5299bce819848de89721f3c1794286f5e82aa,26844ed32035aa30dc3d039d1317ebdcd45c4eb9,199,111,88,Normal,NULL,NULL,199,NULL,4
26844ed32035aa30dc3d039d1317ebdcd45c4eb9,a07f19fbc6b56d720e562d3e256b7b084c9402ba,88,88,0,Normal,NULL,NULL,88,NULL,3
a07f19fbc6b56d720e562d3e256b7b084c9402ba,745a2db09a6a04152bfe762c5c345906cf2433e9,596,482,114,Normal,NULL,NULL,115,NULL,4
f4a9fdbe594f9aa8b17715b7b53d50bd4929580f,f72c231b06b4914af0ae857f8d29c8cd83b3f98d,290,145,145,Normal,NULL,NULL,41,NULL,4
f72c231b06b4914af0ae857f8d29c8cd83b3f98d,ef9c19d99b79bb5158560a749e540511d6150509,134,89,45,Normal,NULL,NULL,62,NULL,3
745a2db09a6a04152bfe762c5c345906cf2433e9,86db63de6a09743a0ac3a0a07b93e08a704d150b,5,4,1,#,NULL,NULL,0,NULL,0
7868b027ed5eb1251d81bcb07975e0353147a555,86db63de6a09743a0ac3a0a07b93e08a704d150b,5,4,1,Normal,NULL,NULL,0,NULL,0
ef9c19d99b79bb5158560a749e540511d6150509,8d698a731431ab1ea82ecdca0ac333f2d910b47b,90,59,31,Normal,NULL,NULL,14,NULL,2
8d698a731431ab1ea82ecdca0ac333f2d910b47b,86db63de6a09743a0ac3a0a07b93e08a704d150b,392,344,48,Normal,NULL,NULL,82,NULL,5
84c96ccd2ffcbe571c2b29e65b32e8b6c4a9e4c6,c518e190b2f732d7fc681b1d5f2db408167fe7da,143,85,58,Normal,NULL,NULL,6,NULL,2
86db63de6a09743a0ac3a0a07b93e08a704d150b,e9200ba3d6cb1f24a679d7f0429b925caaf93eac,9,8,1,Normal,NULL,NULL,0,NULL,0
e9200ba3d6cb1f24a679d7f0429b925caaf93eac,8a23bfcf1d6be9b54e381aef7f1ac5eb695906e2,4,2,2,Normal,NULL,NULL,0,NULL,0
8a23bfcf1d6be9b54e381aef7f1ac5eb695906e2,c1b68c463e10ee577e48c4f422ecf5a39596e2bb,14,12,2,Normal,NULL,NULL,3,NULL,1
c1b68c463e10ee577e48c4f422ecf5a39596e2bb,a895a4333442cf9af18fc27d54a6db2e8a02b3cf,133,73,60,Normal,NULL,NULL,46,NULL,4
a895a4333442cf9af18fc27d54a6db2e8a02b3cf,515eaeaac24c0cf5f65bbb48ff13b0a80002ca0f,31,2,29,Normal,NULL,NULL,27,NULL,2
515eaeaac24c0cf5f65bbb48ff13b0a80002ca0f,ae2427562df2a736f0249d02cc2d2e1f085071d5,103,97,6,Normal,NULL,NULL,82,NULL,5
ae2427562df2a736f0249d02cc2d2e1f085071d5,36a0fb2436da97378fd4214987534ab770acb7d3,298,168,130,Normal,NULL,NULL,282,NULL,5
36a0fb2436da97378fd4214987534ab770acb7d3,78e0befe21f8fd771aa09a95f77e0364259ed9f8,0,0,0,Normal,NULL,NULL,0,NULL,0
78e0befe21f8fd771aa09a95f77e0364259ed9f8,e0e0138a3ff51909d681467e9fa7b3ab64f6791b,2,1,1,Normal,NULL,NULL,0,NULL,0
e0e0138a3ff51909d681467e9fa7b3ab64f6791b,1ad50f79e07e0883d6411e38afb9ae3db1413972,5,3,2,Normal,NULL,NULL,0,NULL,0
1ad50f79e07e0883d6411e38afb9ae3db1413972,8257e94c01788b8dfa161a94bf4957612168cd2e,66,60,6,Normal,NULL,NULL,19,NULL,2
8257e94c01788b8dfa161a94bf4957612168cd2e,7b0fb81181643ec7250a028326784750d202b51f,2,2,0,Normal,NULL,NULL,0,NULL,0
7b0fb81181643ec7250a028326784750d202b51f,0074b4142cc64a452a6bd3b2ba33340548df7664,1,1,0,Normal,NULL,NULL,0,NULL,0
67a521cb4d31082f5b8df2efb51c030175fa6944,0074b4142cc64a452a6bd3b2ba33340548df7664,1,1,0,Normal,NULL,NULL,0,NULL,0
0074b4142cc64a452a6bd3b2ba33340548df7664,null,0,0,0,null
15a24cb5e3034e0051887e525853fdf91cecb396,6ff75ee8d6ebd6532dcf24728c34967d646a7193,83,43,40,Normal,NULL,NULL,0,NULL,0
c042717262f111256b5a2f900c6f8e859560f469,6ff75ee8d6ebd6532dcf24728c34967d646a7193,2,1,1,#,NULL,NULL,0,NULL,0
50524927ad19b018b680a10302f9e4ff81598c1f,6ff75ee8d6ebd6532dcf24728c34967d646a7193,5,3,2,#,ISSUE,NULL,0,NULL,0
346ab2521c28561fc7f0174324e8e1a5abe7065a,null,0,0,0,null
ab91ecdfe68f678de4a9ddbe917f33a2e9b9324c,null,0,0,0,null
3091d60fbe363c41912dcbe78652103108b7e357,null,0,0,0,null
6ff75ee8d6ebd6532dcf24728c34967d646a7193,null,0,0,0,null
4a949d6cf111dd27db8b2f80df5174c03678698f,null,0,0,0,null
02fd58d7e9e068d386c96989300f0e23506d3d8e,837c9239d446252bdafbe409f2414ebcc4677e37,2,1,1,fix #,ISSUE,NULL,0,NULL,0
19dfa933cf8ae3fddb10316e1278a8610a29f173,837c9239d446252bdafbe409f2414ebcc4677e37,2,1,1,Normal,ISSUE,NULL,0,NULL,0
a984c4c7625e5a05e841f03971d0305f455baac7,1bd64ce09a60b0ccf4f14363785a1b785eabc1ea,1,1,0,Normal,NULL,NULL,0,NULL,0
1bd64ce09a60b0ccf4f14363785a1b785eabc1ea,837c9239d446252bdafbe409f2414ebcc4677e37,82,42,40,Normal,NULL,NULL,0,NULL,0
c518e190b2f732d7fc681b1d5f2db408167fe7da,837c9239d446252bdafbe409f2414ebcc4677e37,299,284,15,Normal,NULL,NULL,78,NULL,5
837c9239d446252bdafbe409f2414ebcc4677e37,fa95c06e8b43edb8e04f05780f82a07831d9e524,1,1,0,#,NULL,NULL,0,NULL,0
fa95c06e8b43edb8e04f05780f82a07831d9e524,7031db0e52309fc63a87fc153bb908a8cf1f708d,26,17,9,fix #,ISSUE,NULL,26,NULL,1
ef654577777e2818c46686a095b98fcb978e212f,7031db0e52309fc63a87fc153bb908a8cf1f708d,1,1,0,Normal,NULL,NULL,0,NULL,0
30ca5e984237411b0c7962dec7a36eb10807275a,7031db0e52309fc63a87fc153bb908a8cf1f708d,26,17,9,Normal,NULL,NULL,26,NULL,1
7031db0e52309fc63a87fc153bb908a8cf1f708d,ff54e4d023d0e5c8b7d6261be8b76c3eed239bcb,3,3,0,fix,NULL,NULL,0,NULL,0
ff54e4d023d0e5c8b7d6261be8b76c3eed239bcb,bfb5c9ff91e94faa0fc1d7f6064ec3199f035328,103,95,8,Normal,NULL,NULL,67,NULL,3
bfb5c9ff91e94faa0fc1d7f6064ec3199f035328,c47fd67456c4bbf5bf8ecf2209d09ad9b44a8934,117,93,24,Normal,NULL,NULL,57,NULL,3
c47fd67456c4bbf5bf8ecf2209d09ad9b44a8934,null,0,0,0,null
fcf3e080da3f6e2bb17a1dc8f22b511c4c432ee8,8e31f23f17d9499423b85fa7fa2fa2422b67308a,132,69,63,Normal,NULL,NULL,17,NULL,1
8e31f23f17d9499423b85fa7fa2fa2422b67308a,bdef90a38b0aa9f336668308d8213ee1b67e40d0,46,38,8,Normal,NULL,NULL,0,NULL,0
bdef90a38b0aa9f336668308d8213ee1b67e40d0,58da9d34da874e02fdae0f86b4ff967266378d51,7,3,4,Normal,NULL,NULL,0,NULL,0
f6a09c5088b0857dad394e0da0daa79b9f144403,88bb74a79ca9254bedfa6aa90b4387b505afab36,7,3,4,fix #,ISSUE,NULL,0,NULL,0
338655c0208ba20face527e19dd9a23d3cabc73c,88bb74a79ca9254bedfa6aa90b4387b505afab36,7,3,4,fix,NULL,NULL,0,NULL,0
58da9d34da874e02fdae0f86b4ff967266378d51,548ec063c88647861418ebb2dd9a674587f78cf0,7,4,3,Normal,NULL,NULL,0,NULL,0
88bb74a79ca9254bedfa6aa90b4387b505afab36,731860893864f7847457d1ceeecf6e9caead1c3c,7,4,3,fix #,ISSUE,NULL,0,NULL,0
548ec063c88647861418ebb2dd9a674587f78cf0,731860893864f7847457d1ceeecf6e9caead1c3c,36,33,3,Normal,NULL,NULL,27,NULL,2
7a32eba5d2f579d3b1f26c37b4fbb7d62ca414cd,58bd821421b20032dc80710f53ea979662c2d6fe,7,4,3,Normal,NULL,NULL,0,NULL,0
58bd821421b20032dc80710f53ea979662c2d6fe,null,0,0,0,null
f1b9069b08de5a70d3ed168d3620d4ff5c44735e,ce9a47ba5499e4d60e460a5c96a51a63780d612e,103,97,6,Normal,NULL,NULL,82,NULL,5
731860893864f7847457d1ceeecf6e9caead1c3c,ae097721cb16bd3c02a7796471785eab27602f3c,24,15,9,Normal,NULL,NULL,24,NULL,1
ae097721cb16bd3c02a7796471785eab27602f3c,9048f26cf53f937ddec84511342c1a8f1e9a7fe4,173,99,74,Normal,NULL,NULL,0,NULL,0
9048f26cf53f937ddec84511342c1a8f1e9a7fe4,null,0,0,0,null
6d96484f8309673cbe0ab93f7dcdf79c02ef90fe,null,0,0,0,null
1f0b29e308666c67595ea700befbbb6453e3ce89,null,0,0,0,null
0d4a313b901ae1bbbfee401c1c6ab112facf833f,null,0,0,0,null
a85f6b75e16c59290e03d232997f919baa6303a9,f44a4958f20d187b80fc862472a182f2459f5219,341,331,10,Normal,NULL,NULL,301,NULL,4
f44a4958f20d187b80fc862472a182f2459f5219,1d3bd3dce53deb9ca2fdb0c4cb817d68fd702a73,8,4,4,#,NULL,NULL,6,NULL,3
c0e7c1ada06ab13e0f739aaa927219ee04345aac,null,0,0,0,null
1d3bd3dce53deb9ca2fdb0c4cb817d68fd702a73,null,0,0,0,null
2629ce76d868b4de0946da946e0277591caa7726,550abb1ef2b629c9f1944c1125683d42ba5e63f6,11,7,4,Normal,NULL,NULL,0,NULL,0
78d618a2e50dbe3b00f712bc9448e18b0df8c5bf,ce9a47ba5499e4d60e460a5c96a51a63780d612e,6,3,3,Normal,NULL,NULL,0,NULL,0
41e68657c08e0537767f5aacb71551d015709e8a,ce9a47ba5499e4d60e460a5c96a51a63780d612e,2,1,1,Normal,NULL,NULL,0,NULL,0
550abb1ef2b629c9f1944c1125683d42ba5e63f6,47efd02b5469263e8085c1122370f8e8da8ac59b,4,2,2,Normal,NULL,NULL,0,NULL,0
175c3baeec88aac9120c1c2e0aeeafdeb9f31914,044df974d0f1dc7f97aa1f16a6fbf34aad2aaf5b,341,331,10,Normal,NULL,NULL,301,NULL,4
044df974d0f1dc7f97aa1f16a6fbf34aad2aaf5b,bcfdbfc6684fa584d60a1c4ffaa736ff5fdc94e1,4,2,2,fix #,ISSUE,BUG,0,NULL,0
47efd02b5469263e8085c1122370f8e8da8ac59b,0750c66adad51e353232952d92e74aadb18b2782,13,9,4,fix #,ISSUE,NULL,0,NULL,0
0750c66adad51e353232952d92e74aadb18b2782,afbfacfe3fc8f4e807770f23e1cf9b57b3a4e96c,13,11,2,Normal,NULL,NULL,9,NULL,1
afbfacfe3fc8f4e807770f23e1cf9b57b3a4e96c,aea1e2e30f80ccf54872b6ff8196c471271d67bd,4,2,2,Normal,NULL,NULL,4,NULL,1
bcfdbfc6684fa584d60a1c4ffaa736ff5fdc94e1,274ed83a7628fc00197381d57e3b4ed3f3321964,9,9,0,#,NULL,NULL,9,NULL,1
08fabf459653e094baf52458fb656b4d595bed9f,274ed83a7628fc00197381d57e3b4ed3f3321964,9,9,0,Normal,NULL,NULL,9,NULL,1
274ed83a7628fc00197381d57e3b4ed3f3321964,1913b964d642c30679a0e57c46560fbcb8810884,0,0,0,Normal,NULL,NULL,0,NULL,0
1913b964d642c30679a0e57c46560fbcb8810884,aea1e2e30f80ccf54872b6ff8196c471271d67bd,4,2,2,fix #,ISSUE,NULL,0,NULL,0
fc49ee5b5b883b1a08da2e3a4604e4ee3219c541,aea1e2e30f80ccf54872b6ff8196c471271d67bd,4,2,2,fix,ISSUE,NULL,0,NULL,0
1f19de04346d7afcc3c11eb558434bc78be08aa8,aea1e2e30f80ccf54872b6ff8196c471271d67bd,4,2,2,Normal,ISSUE,BUG,0,NULL,0
ce9a47ba5499e4d60e460a5c96a51a63780d612e,null,0,0,0,null
882b8e1e0ab5b04be439c6a6608256bee0e7649f,4d16b69d386d6f13559ae52108b394e968031231,12,7,5,Normal,ISSUE,BUG,0,NULL,0
aea1e2e30f80ccf54872b6ff8196c471271d67bd,85b12edeb625d5082c25cce92e397a949b432dc8,8,3,5,Normal,NULL,NULL,0,NULL,0
85b12edeb625d5082c25cce92e397a949b432dc8,0c77d9876a7c8b6842614b3a9090f02117a12b49,108,101,7,#,NULL,NULL,0,NULL,0
0c77d9876a7c8b6842614b3a9090f02117a12b49,7418cdf01a591e6a698fa1367c892665a5a7a8c1,2,1,1,#,NULL,NULL,0,NULL,0
7418cdf01a591e6a698fa1367c892665a5a7a8c1,1b98d536d8bf658e59a9acf42fbf7dfbf59dd562,40,22,18,fix #,ISSUE,NULL,0,NULL,0
1b98d536d8bf658e59a9acf42fbf7dfbf59dd562,null,0,0,0,null
3bb2c2ef94bc440023a2ce8b8761b2449f12851d,null,0,0,0,null
cf2a367efc57a954845a606d3dad4333a42b374b,null,0,0,0,null
5397cb6bff52ea96c4a867db2d0e85a05f7199cf,null,0,0,0,null
e9761491e2eaed5e3610fead4a07d37e106d919c,null,0,0,0,null
5d1ee6d58b346c1014183fa354e3f7513c9f698d,null,0,0,0,null
2eac6a2bd28b49efd8678cc41eee141d47564375,null,0,0,0,null
879f537755560b176725e2748fe48378b7117d88,null,0,0,0,null
96621cee0b1e6e67c234f9587bd0e7a2abcb0739,null,0,0,0,null
8a06b1d442956d90c724f8c7c79727b70e366f61,null,0,0,0,null
c54d731ef9fd49b4f040f08f7fc3197495eea898,null,0,0,0,null
d29cd623743c0f9a1953f156446464c40c3eb637,null,0,0,0,null
76111772d91595a381a5d9254d2d2a04329d144d,null,0,0,0,null
6f12a1dc28808f2af37cf0ec82923e0ece4a8206,null,0,0,0,null
a8888e4af6117df14403a201e22b0a082c89cabd,null,0,0,0,null
b5415545370e6fbe9446d46efc68489d4d24f7ab,null,0,0,0,null
3320c91953c4beb352c076ef1e1ee7b48555cf15,null,0,0,0,null
ff12da8d1990e85021849f560014a6f5d8d0cb1d,null,0,0,0,null
932ad0c8adcb400e6056576759ea14435114840a,null,0,0,0,null
cb00fc034e9b82f158263385649745340b48110d,null,0,0,0,null
ad0d5974fe776cfbfddadf2752ab81648c846a4f,null,0,0,0,null
435b71d62af2287e750ce9803c642f9c803419c4,null,0,0,0,null
f9151c9a2790862f8e7fc3d2546665b5a2bd67d2,null,0,0,0,null
7ee5c2b0815d679ce4ef3bf007c470c0457cd1eb,null,0,0,0,null
9e05be41ce9c97a2551d11c9aa3fc3a0829380ea,null,0,0,0,null
cf133537b0270401d12ff3500a6c6cd7d3e88eaa,null,0,0,0,null
16ffb02f4cfef66522af588bdcb742f8e6fd8f08,null,0,0,0,null
a1d57ed7262e5cdb313f5c04e22a97ef7643f1b3,null,0,0,0,null
d3307bc464621284ec9222fcaa87c5af25a31a3a,null,0,0,0,null
4d16b69d386d6f13559ae52108b394e968031231,null,0,0,0,null
94b4cc919f930221a4ee0df129c52411a28ad4ae,null,0,0,0,null
62e4d60c9efd46e2465e11f66de52646d00ac0b2,null,0,0,0,null
1f7d076fca4b815d95dd9ca2a72da3db590696c2,null,0,0,0,null
7725a5124be764de63f0d8af7f19de2b991fd74a,null,0,0,0,null
bf0d57ffef304ba7b3cf16a5ef7ebcc58a30a250,null,0,0,0,null
51c3840e625fa1d5c0a7e6ffef1a4a50080cf4cb,null,0,0,0,null
7a7b8288607a6c3454c26db15e86ed5e50049423,null,0,0,0,null
5d3edb9818b52241514f69ea7a5a0e69e9ead6e5,null,0,0,0,null
783e5f90d30cb8da1e458225ce673c893bf00963,null,0,0,0,null
d369b462589d3a09a9a9a8545c962f9c05b36dee,null,0,0,0,null
5d4db1a09e693fc2e8bfa2974de171860a7cec45,null,0,0,0,null
8259fcb87630152fd58b877e743f681b7ab0037f,null,0,0,0,null
439c632dcc8518993897295ee7dcf129b43f3289,null,0,0,0,null
a252e0ef29030b669002d0cbbd13f19f6c1604de,null,0,0,0,null
184c79aa3c50453429ac9bc79148da373d34b76a,null,0,0,0,null
13c5bbae674dbdb87a969d6939c6f4c517515303,null,0,0,0,null
09330c6d19ea0eb70b964b7ee04b1269fb1af14e,null,0,0,0,null
b27aafb3ba88b86a12df559fe1905d4b639d16bd,null,0,0,0,null
e38fa72f3a27cae9cbe1453f0f901f9aafe1a807,null,0,0,0,null
76057d0b7c8f6f9a12bba8a4318ea52d491dd088,null,0,0,0,null
87fb4eb49415c5dbde566e3e4457116a940a0164,null,0,0,0,null
ec69ebc36271800791d056c8d86f2c66f53d66f7,null,0,0,0,null
6218ba336da648c78d3eb2a510a4e5afe432d12b,null,0,0,0,null
cb725311860e5d387b753154318649e11f40a93f,null,0,0,0,null
bc7307fb81a48a95e3c8486121dde77abf243c8d,null,0,0,0,null
cc6bbb81b0043a13fe95d498dd470be0d35820c7,null,0,0,0,null
2706426cda3f76338a995552607a3423b91c2f8d,null,0,0,0,null
eeabdbb444394cfce7cc31034c853f4eb1c92919,null,0,0,0,null
a1ae8c0e6c4e9ccb98c7e79d937958f4e3104ac2,null,0,0,0,null
1bb9b75e3967e6a1c0316763913b9f857f7889db,null,0,0,0,null
4f0396c2c0629ee74c56803e984ece92da95c6a0,null,0,0,0,null
449e7b9b6aa64f01745a1b3364683f90ecc1481b,null,0,0,0,null
91354902ef27fd99c8624278028256ba7d2d34a4,null,0,0,0,null
d5aca96de1555330a210e079c85932f3ac8ed225,null,0,0,0,null
55d8d1183e88225e2cea2aab932563b5f72b60d7,null,0,0,0,null
d238ea05c23a699d5ae476014986003562faa913,null,0,0,0,null
e709e12e9964b8192eb5ee996007a796d3a78f92,null,0,0,0,null
8123c062ff97bd85062ab5696957aa8a8ff0f24c,null,0,0,0,null
5d7288c9bcfa9e47f15c21257ecdf78f6e4496cf,null,0,0,0,null
b5188d77217a34d35a08854dfe2de7a336f68030,null,0,0,0,null
5ac5e2a157277c00ba092bd4ef2e17efdecb861b,null,0,0,0,null
beb315b5eb9b016e56c2c3d4f6cb4c1d475e7175,null,0,0,0,null
f1c02f49b3ff2605d2d29ac609f11f9d43162bdc,null,0,0,0,null
2ea22cd85d268df8bb45deed47e6bbc9912ee66e,null,0,0,0,null
fb985228fcb3ad7b689d9ccf0cf7f54a7a833010,null,0,0,0,null
3aa35dece259b5020c5cfb0583b9ad4434aca864,null,0,0,0,null
e9a33e68f070c7aa3850e54d1a4ed344123ec9a5,null,0,0,0,null
6ac6e4f0dacf0f2491f6b24d479d6c8ed2f9f222,null,0,0,0,null
62438179fb49eb2275e20c0629a6afd66910ebb5,null,0,0,0,null
d30363d5c68d608bcfdeb4caf439cb4617702827,null,0,0,0,null
31d77b4aa5850742ebad3660877a5c6121e2f898,null,0,0,0,null
de1e8b54a5e68dc99e0228c313213b26b395019a,null,0,0,0,null
8222d1295a8c8c47c08d8c5ae67727914db6e5f8,null,0,0,0,null
26aeed87fc6ac8797893bae4ec1b5cb69bff2b9d,null,0,0,0,null
06e7c52d67ab1a56dded2e114b44ef34c39176a2,null,0,0,0,null
1ec5a66b98d250fcbb781d7e67a564eb31674592,null,0,0,0,null
186d7d8cabe69f97658d3f8e941e44554b4c257e,null,0,0,0,null
a70537310d0a92612649d0ffefe33f780dee6c08,null,0,0,0,null
207d19880a14d0404ad43bd3853fc37eeecc19fc,null,0,0,0,null
d70a57521555ac8c838f848443f27556689239ad,null,0,0,0,null
860170ef6a4ef172b0f3b266ad32f072a63f39fd,null,0,0,0,null
a205f015b7feeb0e4d6d3e0d3bc34e8d85a73e5d,null,0,0,0,null
e191253381549c990a4a114002c2b4663f2f69f7,null,0,0,0,null
a2c107180186c3d4d1f767428ca60f5394282500,null,0,0,0,null
d57b03a1e16d90da6e0d83614bc614aaf93a834e,null,0,0,0,null
87eb68e73b69f069464c93ba5043233b4b7cf9d6,null,0,0,0,null
404496a79726d9d83988b44aea9bb47888a294a5,null,0,0,0,null
77d0bc8431f5474696dabe53e2696bdaae13bcf1,null,0,0,0,null
4143684c50a0ee2241cdbbdacd398368f14e65bb,null,0,0,0,null
4bc10ba7428bbd1ea79396bb117aab7e6057505c,null,0,0,0,null
5d319eb105822641d835a6405ed1944e585cdee8,null,0,0,0,null
82541cd22da2c69d1089019e3527a5edd5e6ddbb,null,0,0,0,null
6e6e9b5743e9b4216d5c727e484afe2149eb3df5,null,0,0,0,null
a9e47386e731415f84fcc02284fdb6dc54fa26ae,null,0,0,0,null
103889550efc22489327b1d711b83813e828ebf5,null,0,0,0,null
69da8cb2fa631d6e5426c50368f865b143ef8805,null,0,0,0,null
1a1aa343f903a225749bf5bc4b86c3e4a584afcb,null,0,0,0,null
2d3be83cda2f18045e682ee43095351ba9b77afb,null,0,0,0,null
d30496831aaaae7a2c15c3e432d4acae8a266b14,null,0,0,0,null
9e9cbb9e745f98df5165d2488f5fc020f85d1fc5,null,0,0,0,null
89e682acac8886b7bca6463320ebc39215cbf3fe,null,0,0,0,null
cb5b9c6f0fb7de3c290d95844f5cd5e1496bd54c,null,0,0,0,null
ebcc04a467e4278866aff3e32c94dbc0fe887312,null,0,0,0,null
88fada5e2b6163a28a3413886a533e227d2f757e,null,0,0,0,null
3b1b8df0491a6c1c018fdb4b2a10b6df8316e52e,null,0,0,0,null
da7546df22ebb00b8e366f57c9eff9d8cc815c65,null,0,0,0,null
944e529b4c0565a02864ead9df43cc7fac3b38c1,null,0,0,0,null
326c74728ff6e753a3f187b93fa77c8fdde4f609,null,0,0,0,null
988d3449f03b0bc89a527cce10d4f892fbcd073e,null,0,0,0,null
92bd49f7490750f666cbe171f42c045c50d0e041,null,0,0,0,null
0109f7baa7c543a4c58ed713119dc73c9031c6ae,null,0,0,0,null
c2766ff3a827e063c69fd2ad576d90c1c33323a7,null,0,0,0,null
8fca4639e71067fa038fa3c1b87e4901843d42dd,null,0,0,0,null
d1cb9411f95fc320814c5555492f251dbd2e741b,null,0,0,0,null
6ce14ab03a8225280f0805a700215c15fdbbbf4c,null,0,0,0,null
80a1a124071bebe82441e20c8189d19b283e18be,null,0,0,0,null
f0839cc26c01d839a6df3d52dd31863111da6c19,null,0,0,0,null
b1443b67c2b6299aaafbc7400bd216e632a3f7c0,null,0,0,0,null
b05de64035637e7e2b38d9967c9025d875865001,null,0,0,0,null
6a63a609c0d750499faa765d3aaf376678fb1e6d,null,0,0,0,null
effbe02e5049b5e4f761192d136b7f6a888e963b,null,0,0,0,null
fafa5cefa9f07cddbbf047bfda6b1a2f464f6751,null,0,0,0,null
825dec680455b59a51465829fa06efd801dd4665,null,0,0,0,null
1178a9b81ce389c5ac0883fd61407e0e5bb4631b,null,0,0,0,null
8c7b2e5666545a3527e0ea7c92a2d478df80c54a,null,0,0,0,null
8907673db578dd5bb3011d8a12c1f67fd1a2ede9,null,0,0,0,null
14f60a4b99dcb3f369f6f0900fb57a3339b13c78,null,0,0,0,null
e3d9da474d0c9e1ec05e379cce05d38ca3c55ce5,null,0,0,0,null
8993c98856a2b66a16297c91438dca4a1354d65d,null,0,0,0,null
8fe063cfb68ec4e583f859b788493d61c43e0c39,null,0,0,0,null
66af84834787ae68be22ae4a07b57d9d403d0b0e,null,0,0,0,null
5d85020a6270dea1078347a8c79284070a797c9a,null,0,0,0,null
b0af342529e43b8e199931e6ba8ef90484d8f989,null,0,0,0,null
c79b03ab30758cf692863b0a3ca0d7e3dfcf705e,null,0,0,0,null
8eebbcbc44028ee11af2f4dc15ffd3f5716a120d,null,0,0,0,null
cced4c899941ceabf0bf2a03da0f6bbe235f61bd,null,0,0,0,null
acd500529a2200c76461bd5c7efa2b80b23f21c1,null,0,0,0,null
c38fbf1802ade60c29dd8db49cd6f16662afb391,null,0,0,0,null
eefd7b42e23c0b292fd5c42df3e837f225c000f7,null,0,0,0,null
de2b3514c9fcac593d851309d7db95911e574a03,null,0,0,0,null
8fdc9de7012ab106db99a7bef60a74d6807d1a76,null,0,0,0,null
a5bad59680ae837d974e31ab986daaab7bfc6ea2,null,0,0,0,null
3ee38589a308a570e0773c6d5d4fb29b10f4ed6f,null,0,0,0,null
b26e0cb7878bcf2d34b44f1764dc3dd80040b205,null,0,0,0,null
7c42dd34d7137ec6fdb046cd8cb929e91e521699,null,0,0,0,null
e414310b1d385c16b939a203774e4865a93c9f71,null,0,0,0,null
66abe4e81ca0a001b4c6188b8e12b57a68c854ab,null,0,0,0,null
efbd4180a0c6df7580e022ad07737c2435f34811,null,0,0,0,null
2a15dbf522194a2b09eace0a98849ef46e483c18,null,0,0,0,null
b31c4d44f9927e49e96c6e1f33165bb42694cc61,null,0,0,0,null
291c73470ae6728d31ef4beb1c4e8c3badc5ccaf,null,0,0,0,null
5f6d51adb97f1f1930480f931f970e1cec044d3d,null,0,0,0,null
7f72464ffffd5a58694873fe87ae427d1ec40184,null,0,0,0,null
de943dfca84b68a9f9a25520590038cd9721bf62,null,0,0,0,null
331ec1b93aebdd27682dde93f753b3289ff9f016,null,0,0,0,null
b3c44ca69b8c3a0b7e29982278b9af0db9199238,null,0,0,0,null
fa0d2d425a62480f61187cac7429d56794922566,null,0,0,0,null
eda71e1d6e70af335145d8eeb4ef535063710e20,null,0,0,0,null
ecda348d5f30f19ae02593a95368e8cb3c5d20a6,null,0,0,0,null
8fc0c3722f0bd9944a712edc5f9d70f2e2119ad5,null,0,0,0,null
87fd140932da236e221943935ee0b2be30d125b3,null,0,0,0,null
7341de0d0ffd074311e7272d0a96fbd0723d7a97,null,0,0,0,null
ad28f404ed4e71ff5766addc3b80db99b05e8ceb,null,0,0,0,null
371b37ae67347bb0d46d2a4a0a662df92bd1afa2,null,0,0,0,null
9d555c0f98d5d9b721ab9ef9f4f38c37c2670047,null,0,0,0,null
8cd6cb52b2187cd83563f124ab02c562107dfa66,null,0,0,0,null
bf669f5ebf7e58fc5b93791b0d5e79de160d9c3f,null,0,0,0,null
d661b15070670cf0fcfd8c2a57e2083f57da8742,null,0,0,0,null
4bbedd11ec480f5cf43e2371f5a74d1e2971a127,null,0,0,0,null
8df58c1e65017390ff016c5912172c0c3055cab8,null,0,0,0,null
37a3ec3a69540d698d0cccc4859c7bf4934f6c9a,null,0,0,0,null
0edaf85f2f7d44d0b2cafad35157741555d1f243,null,0,0,0,null
c033ac9751048b1a7f53d6babee8901020eda408,null,0,0,0,null
0f0f90d710fb8deaf91d7d3499a323f319f00e76,null,0,0,0,null
e9b41de351ee54625bb7633f21cdcbed55341ed0,null,0,0,0,null
9103f105238fe9bd8a5d43c5b85da91e5ec9f611,null,0,0,0,null
ce4c7a7167e9d30abe35a71dcb85f9ca9006df43,null,0,0,0,null
09acf18e55d8176e4dfb34293d32acfaead05207,null,0,0,0,null
f23b85bdc2ff4f9a83744f244aa3e3b47e699352,null,0,0,0,null
4cf183810f726d1b4da46023adf7a01d462bddc2,null,0,0,0,null
06f492b5b5907d5d767ca89a5565198580376ecd,null,0,0,0,null
1a4a1c6b8f7b098347896b0b18b65155a6893002,null,0,0,0,null
a147c576c4a19d9d73c0276bb101d079437a996c,null,0,0,0,null
6d3fd1690fa0d4171f8b4c406585cba9eb3bae91,null,0,0,0,null
4c2ce2887548181998681de1f743e0899ca415e8,null,0,0,0,null
2b803f42e9f0c8c03719b9586acbc0e59ba4794a,null,0,0,0,null
78588c7adde7d3c43574b8b5cc79d0681b95a499,null,0,0,0,null
d3e797f5dc99fa1be659f4049aa0e405f1a088b9,null,0,0,0,null
f41f841b197e2ec5e9c2843ccaf09100d82db60a,null,0,0,0,null
ff8161ffa1adb401d89f78063ff72537226e8f46,null,0,0,0,null
ff6abc6160dd319719ad46c7bad06e147e1331c4,null,0,0,0,null
ac7d6a8e9ae2b2b670d9e5cfdb8b2c707af167bc,null,0,0,0,null
8fefc68a10c5806507aad3f1e37a2967cd7f7a29,null,0,0,0,null
aed0586c2fa2499429ae9425974967f4b04fdea6,null,0,0,0,null
4ef1a91722d122b4731df950365263c8def6b0de,null,0,0,0,null
6f43d13fbeb81e049f4050e876e2ac10d77e8085,null,0,0,0,null
c83708bddfcc1e16af9c33ff5206bc3f3ceb0907,null,0,0,0,null
3d59006cb1030bfd4432b1408ac661c6a8b7e9e4,null,0,0,0,null
13037bc4953fd948bb8ec50897a38e5623f12048,null,0,0,0,null
99fcc79a8019af8669976dc2fd278c613693f0e3,null,0,0,0,null
b19f4c48e70772097ad6e5c55a055c1c7c3a19cd,null,0,0,0,null
7b1e473922b66c5cd4a8f0fe2dc1229f7c58babe,null,0,0,0,null
dea4a7ada5851666ade1b6b9e4636fcdbda64fff,null,0,0,0,null
ab122eda0f81a88ea5fcfb21cb1449d20235679f,null,0,0,0,null
a059605ab718f0dbd464baf3d06f40e2df4d18f7,null,0,0,0,null
e2091ed4d4732795965f01823b88634c9c17e5d8,null,0,0,0,null
c8135c137c3b03125aea5c4c68b3192fea984223,null,0,0,0,null
c995dc5b9339527c18b33c607f9a8cd0b49447e5,null,0,0,0,null
ff1640eb54bf95313592e8dbd36f32e1b26cef8e,null,0,0,0,null
05b82fba4ec49b1324e0e1424af83beca71b43ae,null,0,0,0,null
abba75d8c8d1d73b80923f8873b79bc8b2f1261e,null,0,0,0,null
ffdaaa8c6e858be782cf11f293f3ec59d0a86eb7,null,0,0,0,null
607b270b7d8e2cda8a7798e8cf27be8999063606,null,0,0,0,null
a6f6181e90ce302682c46306e425641215f27347,null,0,0,0,null
d09a6db0892bb3206a7e5c9b53492d0def175bc1,null,0,0,0,null
43c87a591b21ac6570d90bddee61a88bc42116a6,null,0,0,0,null
d767fb09d347e6a3e68466a61c5b81ddeb00d3e1,null,0,0,0,null
828859a26a6234dbdcfc2a6158e1b3aef97cdd29,null,0,0,0,null
72b3a9ae3113444e9ce3d38e4651e3a84a2245b6,null,0,0,0,null
d116879b55d8566caece6ce0673f2fb7ea6c437c,null,0,0,0,null
2506a906db2a6fb7b11da51d2e31cea4246e5452,null,0,0,0,null
7bffdc33ca67f787a37a5f81e65f5a3def392c38,null,0,0,0,null
5560580de91663baf90acdb34b8a5e7344a32b9e,null,0,0,0,null
00aaaa335970c181e5c02b7d74cab6fed163cb2c,null,0,0,0,null
90e852e628ee0bfacb122e9409dcfdaaa9b74308,null,0,0,0,null
bb6570805da3747cf16e58ffa4bc2a5a5df10d4c,null,0,0,0,null
abc0be218c78405d1f886089aedfa36c4e320adb,null,0,0,0,null
c36fd88daa5c902dd323f43778387427eac1aa90,null,0,0,0,null
5c17643089bde9c00a779f2ab1fd942a8854ec51,null,0,0,0,null
0cc754dd0cfd6c14b400d68dc4f3480e7d4f8101,null,0,0,0,null
7710979eaedd0f617fb402f5bf6e25e5cbb7b9bf,null,0,0,0,null
7c7020d433a79d774d8981577ae8ab92e8ecb6b5,null,0,0,0,null
1af11d092927745e8f3383c72942537696064474,null,0,0,0,null
95e6a6343ce660a9214980e892d0a2d6e1259d24,null,0,0,0,null
14c6f03a461ee797d864213ec4bf28b95942c82f,null,0,0,0,null
d8a34cd443a9512df90bc61973a88fb31f56fe60,null,0,0,0,null
b5723ed05ec7cdc3725c442e3fb70e700f032bab,null,0,0,0,null
7459134033590bf95c4c2f3a7a77b266c05e0c4b,null,0,0,0,null
2390e3fd26e8c15ff9db4fa1a2b488aacfb23fd9,null,0,0,0,null
24124f4a3302f23d6a7005c882b28f108e5ce77a,null,0,0,0,null
9f339771cded4ea880600f3c0b1033d9594e17fa,null,0,0,0,null
4e6d8fb600997b469ee4e70b4491077e236257a9,null,0,0,0,null
740d2294c7ef24e4025fef8775bbae2f7ba339a1,null,0,0,0,null
71d7d3b882452847c1c6534d7ce594a388bdfaa0,null,0,0,0,null
b08baa70ef3371ccda82423e00f096db2df2cac1,null,0,0,0,null
695643f20a8773ef7b375f2fb30643c52d0b7e56,null,0,0,0,null
3e04e96b173d7351c7a66679db09a03652f87999,null,0,0,0,null
debda9604edc1c232fcba0eab1779e3a4b462e22,null,0,0,0,null
5cc8601f3cc1f61b5f64bdf37db4b1b48bd80e96,null,0,0,0,null
094413ca38facce7b3e18de0b312452770011a4e,null,0,0,0,null
0bd7f247b4c70d43cfe7c76f552a1aa6e36b4b66,null,0,0,0,null
651b495ae5044b405394112750248cc5a5527cb7,null,0,0,0,null
b12fe2c22d13393bd527ca4b5b5cc172d8904851,null,0,0,0,null
6f3e84015128ca0ca4df2c1f8aed6725e0d27cfc,null,0,0,0,null
2326871d918ae89267c028d0921651686158a4e3,null,0,0,0,null
646b11f4c0b4fd74ea5023a9983d3ef96cd76828,null,0,0,0,null
ef7763edc24faf0d28e37dc95e5add9b9ca007c2,null,0,0,0,null
73adf9e7f12736beb7f3725af6862175d3ebb7f1,null,0,0,0,null
414d4c3c4c6e35a3c46fb06d0cb4456aa9a44dab,null,0,0,0,null
3c30be78af3fcd7901e48e7b4dd5a3ec06b8e106,null,0,0,0,null
a7e0655e811ddc7c8976b6904d10658359e30e68,null,0,0,0,null
a7c1bc385e30fcb69250dc354996689aba3b16ea,null,0,0,0,null
9395e9a9ac1c25609b14e190187775040ed5fff6,null,0,0,0,null
6883d49eb17f2e802e12b26cae535b2aafad22c6,null,0,0,0,null
e39043d15da2788ccd2e2631637a074b5f708f36,null,0,0,0,null
102e900e8d2e8cef10e2d23ad7e26bf014c8ff49,null,0,0,0,null
789185d188d1966f66b4280c82157cde7ea08da0,null,0,0,0,null
3566eb519eb019d2e9954c410fc768636f3708e0,null,0,0,0,null
695070b9512c1e75dd4894a81e98e3c0df6dece4,null,0,0,0,null
8e2e16f04128cb847c02434f4c992b94bd493604,null,0,0,0,null
688c76452db372d76a11cd4eb07f72abeab5476b,null,0,0,0,null
99dff8ac0b1bc71bec630a75d89be406fcb68e31,null,0,0,0,null
c5493fd2000ec227e91c303c8b3aada84b8afefd,null,0,0,0,null
34cd890561ec98b2ed29e858d5494a80ed9dc0de,null,0,0,0,null
893da406e500a0739828f73ad5934edddca4db96,null,0,0,0,null
4d8e317b05a540f47bbf41d33bfeeec58d5576e7,null,0,0,0,null
a64f2b8198e94d759fc98188e8b04a11632a5e15,null,0,0,0,null
51b75f4c94ea165f19eae192bd46be299801ecd6,null,0,0,0,null
0bf9cb3b0903b0e2cf5782a4d0b8501602e7db6b,null,0,0,0,null
62e1e21167ce3105a1f53c48f6f76a244ad14b7b,null,0,0,0,null
809eb747eae67be10c6b29c71a78df75200ded8a,null,0,0,0,null
7aee58baca7529d51d8c939c294965e62661afa4,null,0,0,0,null
f18301def1a66c6851873dcc487acd2234e49b09,null,0,0,0,null
3bd3d77b1ab80d2c6fb4bf3593e55612320254eb,null,0,0,0,null
b9052014305a3422c9b7b704bfd79e4364804665,null,0,0,0,null
b90e113517e2a7b57b6430e8fb8322705b9c3b3c,null,0,0,0,null
92baa861fa99bf527c99d061797085faadc7d733,null,0,0,0,null
262f562d170d12c7332235bb3171503e17e49698,null,0,0,0,null
a3549346e5b5ef1591f910eb374d42ff54e0dff5,null,0,0,0,null
c4ab05826f5f6397b21bb045fdfcbb1f9145b229,null,0,0,0,null
6526bf212339b8022431a5ed982672c21e940e5d,null,0,0,0,null
cc742794e859019792b4e95e5ce8e46df68cd69c,null,0,0,0,null
0dfdca95b39175a9939cd4e44d977093c8fe9ad8,null,0,0,0,null
9dc960db73ebc36ee080dbb99c4d97bcc697fd18,null,0,0,0,null
c63cecb6ca0826aaa0c6d87b8b7a497dec61c521,null,0,0,0,null
bc6402a221cf1e58462feae1df3fb0a1baeb03fd,null,0,0,0,null
aef084ca48985e4008bb2a8816b45ad0ffad2b77,null,0,0,0,null
04e7dd51e49f49bd60dbeeb408ccfd365851fc45,null,0,0,0,null
de9fe057c650461f4be4805148d589074f3ea1ec,null,0,0,0,null
f62a116ab0be0a044712626d60d2e12bd4bf2cfd,null,0,0,0,null
4a0912c4bf907d307a948ec7924212ba778c67cb,null,0,0,0,null
33a3e4efcdd60c5049eb892d64c0f70403a6b9ea,null,0,0,0,null
9a1e709925eea18c4355fd586813ea66c0d243f2,null,0,0,0,null
62e721c2f1e6783b3b3ea0c5aea007692e28cb45,null,0,0,0,null
5adcf2de4460db67c39a3bb0f06f0c350e502df9,null,0,0,0,null
20fa818068f6412958962ace5927f15dc4cb8c42,null,0,0,0,null
73ebfd4f0dd96ac2e38f1428fc5e5d1d1beb5bb2,null,0,0,0,null
20e5412fc3d2d37cd05b27aa93d94b044e6efe73,null,0,0,0,null
939b882d281aa9101a499a7150a446a39b8ce161,null,0,0,0,null
640a1297a58aedf685b2fbd7f05df6e6e15b9e7f,null,0,0,0,null
af2ae9f99a9fba5850e73b954b906f44e7b0cf5b,null,0,0,0,null
7ae11eda25b568cd7144ca4a502dc4d050112048,null,0,0,0,null
5c4640c14528247393ddf7023c7b2682dad30d53,null,0,0,0,null
926089ad23c04551b480a650c3dbf9c69bbf86bb,null,0,0,0,null
5d12f561f8ec06cf609f0c3823a02151df45a7f4,null,0,0,0,null
00b96226c8966e4d9b9182ff71b5e7f6643954ac,null,0,0,0,null
dd7bafd437e2794406365aabf14b6ccec5b826b8,null,0,0,0,null
0daf27057af23422dfa65397b76737caccbbe410,null,0,0,0,null
c39291e4dca7d1bd324fba1213bb4ee8013247c9,null,0,0,0,null
49d35ab796208d1928bd791dddfa9463dab00dc5,null,0,0,0,null
a612f443ed98e00d1aecb29356a6e4674ef8cdc5,null,0,0,0,null
4e86faf99c680e5e1e20aec936ac87ae78014396,null,0,0,0,null
8d697093da37a0e502171275fba893ee0dd357da,null,0,0,0,null
2635c1963a1adf9809af42bae85177657a2f36e1,null,0,0,0,null
246c11713411cd52313efdcc6c6e56b475a2b4e6,null,0,0,0,null
a2a1a63b1f736f9b779d28c617825a76dde6b3ef,null,0,0,0,null
1152c82600d5784c7b0dc5631ca58cf96755a974,null,0,0,0,null
ff48620de451dedba41c1da8d8b7219fe1ce6d55,null,0,0,0,null
41165b52c7a5bf5693467c4a0a6fc11bc938701d,null,0,0,0,null
dd3c56be5bd87ee73c88b6fb65fb5a1db40329e8,null,0,0,0,null
a9d45a81e3207dbca02df88206523396ab70ca26,null,0,0,0,null
192f37ea29904b44478005ff199c68932267721f,null,0,0,0,null
ddfcdf58f2b8f8b7645a08312313c5cb6205be9c,null,0,0,0,null
8ae9fb779a4e04b12989092e3ce3fe93df35b09e,null,0,0,0,null
927ce7f2ec0ca016d55960c4f37abd577092509c,null,0,0,0,null
d4db1be49a8869aeb32a768797ea9a6f46ebcb9b,null,0,0,0,null
75bcb3ea341fc941cf303fcddb134d57eda2ac8f,null,0,0,0,null
2c6e154092c533bb3e479b050454ff97d798f24f,null,0,0,0,null
1390b36477d94483a60618e04459a6b88d04f20e,null,0,0,0,null
58d677470d40e7fdc0aec2ec0d6f03121270dcb5,null,0,0,0,null
3e3e26bd53d5486597abde387962c35a3d4fe7ae,null,0,0,0,null
0b9d88827848ecdd1ce74762c30e05618d8cb578,null,0,0,0,null
ddd8326e871eb185ffbe34899cd10d09e9e68b4e,null,0,0,0,null
ea11a32d9bba2ea00fb20e5c80af8de786b97f7f,null,0,0,0,null
a670e7dd6177bf299d285ac248d047aafef41502,null,0,0,0,null
82087e30a5cb9c79a9842987a03164c9a7d36766,null,0,0,0,null
62fef255f20f6e69b47680e6da053dd0bf52cfe0,null,0,0,0,null
34a9bc7c32e84813c72c31ee74847d70c5a6f1b7,null,0,0,0,null
dd269a756528d6b7fa812356a6e1e804c3baa46d,null,0,0,0,null
b621a522b4df37c7e5f3e0c486e4fdf6cca00328,null,0,0,0,null
cdf769f7d3d238778213e4da4cba898f96da4723,null,0,0,0,null
525ef710a2d07908816c5cd019872f10f0d72199,null,0,0,0,null
cf20d729620f2b3ee62e40d5ec340f09322082ef,null,0,0,0,null
cccc10edf536bc83ef148ab168a12c521db0fca4,null,0,0,0,null
afd1ff47dc4667d9f0af9b538d6e6865f0a4d4ef,null,0,0,0,null
4514d9f2f0de96dbcb1a644bf3c1531634d2b080,null,0,0,0,null
96e7c707e23d81bffd6f6965b82126f8bc001c0b,null,0,0,0,null
2cd22c67b0c03d1bd167204bf38391984e5d261f,null,0,0,0,null
63906779950e9cb1707b96ec464729f4bfe1e8b9,null,0,0,0,null
f6bdab1d81dfdd1a238f0235390acabf44706f98,null,0,0,0,null
df7bea833c89590682e0b101ab442b73fd4dc4fc,null,0,0,0,null
c4012ccd71622020c083bae18955759dcd44f89c,null,0,0,0,null
1debcf985b5ad051636ffcffac18bb04743c5ac2,null,0,0,0,null
e6acf16c1a1796546f75fbd764d9f19ba01d5c1c,null,0,0,0,null
d4129723c4166adaac416129a98a86da7e2f4cc1,null,0,0,0,null
03e5fd897c81d319c1ea1440067d82665c0bebfa,null,0,0,0,null
e8db9f0bc875cabe1893edd5f40a607ea8b9b477,null,0,0,0,null
b540a435b2a348f0cb3fd23f7d3074888294a9c9,null,0,0,0,null
f9459177cd29e2c5ef008ae2c4508e8f122bc919,null,0,0,0,null
e56afb6320a281000203ab03321a86458e72894b,null,0,0,0,null
18a8d24e0da386d88f70a1d85c82d2f019b37208,null,0,0,0,null
2ca5319365368151283f4cc1cc882568d601b255,null,0,0,0,null
4a3b68175c8ad1944f2df6fc609bd782060bc675,null,0,0,0,null
a4451d58bdb1d8a5b96da085ff2c9b105c2dcb8c,null,0,0,0,null
20d3ac9e897b6a2870a02d19cc75d1dce3affc90,null,0,0,0,null
998989e852b4115efc1d1297b2df18d55bf90907,null,0,0,0,null
e39f90b859e5d9816d91788d4542b15b0bd57f7a,null,0,0,0,null
8897d953127883b61a756dcc7b671a8d42d4df5d,null,0,0,0,null
354678ffb70aa3a1571b92ca74c2de0db3207f4f,null,0,0,0,null
d5d99b63b554e2879c336e152522850219e0986f,null,0,0,0,null
1f02e18d9adb93d6cd80509f7a3ac7c5c8f0d538,null,0,0,0,null
167b2cf06b39557fb1df1998ba3a432b22dc25c3,null,0,0,0,null
b58d67c29c5485c1e71cceb36872ae774c1be9bd,null,0,0,0,null
432240128bde26d8c178b6aa35514c4a4d34f7a1,null,0,0,0,null
08dc6084b978d1fcc1780cc64bc3502894fc1001,null,0,0,0,null
4f86c9b1585192acf2df36a5c9f350ff43a93971,null,0,0,0,null
88e5e5c3cbbc302b4d54af883ee71da74255732d,null,0,0,0,null
16f5e6b0456661de999a089475a3ae579a65317b,null,0,0,0,null
8f7a8a84007f0449022ab4082c57644a5701cafe,null,0,0,0,null
d07700f9a9d0a67d84e3de88f864ba60f923ceab,null,0,0,0,null
b423ce813ce47cf5f136f907a36393b05148a150,null,0,0,0,null
3487251cb115560262960aa6db4b59deb1459ec0,null,0,0,0,null
4fb4bc064ff4372c299cdfbfab0fb031277f2510,null,0,0,0,null
c66dcea330bf481d9321dcb30412f42906ded0ee,null,0,0,0,null
53e504aacf110ffea6134320e028a281d965d734,null,0,0,0,null
3ad0a85a78b3f746f2997c9e2fc44c75eb9e379b,null,0,0,0,null
2d6167b45eb269cdf6be5e50a4543b8e020e4566,null,0,0,0,null
d3400e4a609c895941bbefa74c0b59b11662d192,null,0,0,0,null
e5ee522fac59468d7ba73a468d8b2f22808b470b,null,0,0,0,null
6e7f379027c8144ec2a8293e8e0d6d66333fb6cb,null,0,0,0,null
c2cd59f8e660d4db59db6a38afe6c73686917ca4,null,0,0,0,null
3181ded63d4f5cfe948efdeb19edf3620d7e99a1,null,0,0,0,null
8184891204eff72c011ee088ac55dc6e0daa27ea,null,0,0,0,null
670fe5e5093c1ecea54f7dcbfcaec6553b19e02a,null,0,0,0,null
015868cc72eb2ec1a009ccc8e8516ba18c44642f,null,0,0,0,null
87e67dbbd9c089a66228f0c73ad0cf610a0804ae,null,0,0,0,null
4026f9d81dd37ca585cc1750cefea9ce608337a4,null,0,0,0,null
8a9ca62f9346a6a1a161981cd3f56338001c4ef5,null,0,0,0,null
93d3b49d64dbc567eff0484d5923fe3a5b9bd66e,null,0,0,0,null
2defb775692e2a740273d5fa8d585ec72d5e83be,null,0,0,0,null
74424ce55cea5df391246a50f92e09316abe7268,null,0,0,0,null
6cebaabe3e2553d45360d50d38fac4c1dfa1ed9e,null,0,0,0,null
056cf9d467a0b8bebdd0832f83fc5e51f5cf61a1,null,0,0,0,null
c632337065d9755a709fbc6b22c9404ff1d318a7,null,0,0,0,null
2e14938fac4c441ff249ee6647f473e8c920155a,null,0,0,0,null
671008d1656133a95c5f4d07683410180922610a,null,0,0,0,null
63b6390a5270701ca88831862344ab09d1c4e52e,null,0,0,0,null
52b37d8550cd5f3b2b4dc033083858501c2ffefa,null,0,0,0,null
b8783d84f7873d280f2ee644968b678b5492e462,null,0,0,0,null
b791505cf6f39039f3c063a5b66837f94eba1a05,null,0,0,0,null
618ce018d6beabaeb69bfc6441c93fd7918f81b2,null,0,0,0,null
a56700f592c42459a2a882d3aa4ad0b223fb33d2,null,0,0,0,null
8f450b403e766b444d2fdede228f7b6d37a1af35,null,0,0,0,null
1e599011344ad4b6000d96fd7b24c5d443296e39,null,0,0,0,null
988d5db82d7b8043ec78066067d9ffb845a1c28c,null,0,0,0,null
e1d83ca5de8352e67e9f7aedd6c4c8c425898ace,null,0,0,0,null
49a264cf16155b5e72748f973eefa812ce52008a,null,0,0,0,null
92e51b80e6413100e8c7c935adf66e3e3679bc0d,null,0,0,0,null
0617347c77dabe524b4004d2da1c6abcbda65fd9,null,0,0,0,null
060fc0fccf37014d12668116355d096f1f64496a,null,0,0,0,null
38da023b3888fa685b3f82f982b4583cb8944746,null,0,0,0,null
a9afc9289f5767808cb853e3828305953b1c52d3,null,0,0,0,null
16bc6082b4e50f53bfe46e0ed38bd95041e2e58c,null,0,0,0,null
ef3ba1a110debcfd5418c69360b53ec9c562a555,null,0,0,0,null
057212a7c469c2ab1ad7d7cc89e8733dc1aedee2,null,0,0,0,null
57be58666d61756b19bc30e8afd0854a7d0beb2d,null,0,0,0,null
4e4557b23e092d8d4bc266337bd003043c15d293,null,0,0,0,null
f6aa3d6c6672ef4ffda9a186cbd0b893351abf35,null,0,0,0,null
a6dbecd03a276d67d06c1a88c5a2a1ed553486cb,null,0,0,0,null
3fdd51383f52d8ba47beefe6c794d6325c3e480c,null,0,0,0,null
be700a8b0a7dfbb2a8a3e6834e81234cb7f852b2,null,0,0,0,null
88973062cfd3875b5710ad2a5b75550c6956df4a,null,0,0,0,null
30036f24af5b1804fc74c739817bb8b2eaf7ad49,null,0,0,0,null
e5f9200e24d1d69b3d8a9ec6412b9da3c03b9ffd,null,0,0,0,null
08b79695736bf50cd080c09b436bba3fb68eb889,null,0,0,0,null
b066f935a5b9c38dd15699ae45bb1534d32e1280,null,0,0,0,null
577f64735c2c8327f3c541b56118501d3d426608,null,0,0,0,null
b6be969f861c1454400aa3a883cdbbe591683817,null,0,0,0,null
e9f7f8bb005fe09bd32ed772c90e6a2d0a3fbf64,null,0,0,0,null
535936ab5f43f4d307309686264e115566491c3a,null,0,0,0,null
2addbee0cb26ae95eeff8647f46314a873077416,null,0,0,0,null
143bf9d25f210b5ac9bcb6c44d5c1dfa7caefe66,null,0,0,0,null
9d1383f84dfef839165ddad144793247e4afc4e1,null,0,0,0,null
25f0120d4df68dbd0212d4cc59ffb057d939eb22,null,0,0,0,null
25e5c8c4234f4e40265ff3b54cbb22cd700c0aed,null,0,0,0,null
383381052a2de334f4475270d47a9007730995d5,null,0,0,0,null
04ed45105ec3ef259916cbebcf43ecf6a31fd497,null,0,0,0,null
d03a85dec7a15272dd952a3be07560ac855d7cfd,null,0,0,0,null
064d240acc98857e35f4871529ea6d2ab24a1917,null,0,0,0,null
9dfd34887a3639d15e117fb800bb8380bf59f22b,null,0,0,0,null
02da70883d076a28b844337b6b1803e700596e56,null,0,0,0,null
a59422ea65fca3429f4a44bb418bb870eed71651,null,0,0,0,null
895c614724727801435b36136365bc7fcde7ae01,null,0,0,0,null
5e15b013b82cef61ff94350cb9759397c5c5cd6c,null,0,0,0,null
b904cbf0b02482345bc01075903e9de5c7214e42,null,0,0,0,null
204c547d65d4d30e724878480e1df5f93e273a70,null,0,0,0,null
d89df173a6c84fd5937c656101db5594a9879f19,null,0,0,0,null
a662a2ed39a51783fa9883882c5ca43f35b7c13d,null,0,0,0,null
92a03215700daea5a2902eff92eaac9fdf2bc5c1,null,0,0,0,null
47c7ecfa713813a6a763b5e0eaf19dba0588e524,null,0,0,0,null
d9fef598407cdfedad1749d590009b54d6e6ef8e,null,0,0,0,null
bc625650e4c07ea54cce4834ab7941f4b2e23f10,null,0,0,0,null
df6250dec44ed22b78aebd02c193df916fc657cb,null,0,0,0,null
53206a926354ea757ca5b21ca80622d04b958f2c,null,0,0,0,null
53834da7ab88026bdf4c7865719434875ba154cc,null,0,0,0,null
4e05905b5bc509716be88861abbe2cb09fa8218d,null,0,0,0,null
dd6c958fee40f42c94a688859377f483e6d6d861,null,0,0,0,null
a3cffebac27e07361fe1d8ee5d4bdac0daf95d17,null,0,0,0,null
b21355c18820a8058527a966ad2294ce15376465,null,0,0,0,null
926911b4090484a40638fba6c98f94ae2cb56df3,null,0,0,0,null
81994107d33b77663acfff566598d7ae29b2e49c,null,0,0,0,null
8e912d4b6612a7736e5bca02411cb5d0bc04e22c,null,0,0,0,null
17acb6df7379aa743cb237feb4e0a588c55cfeb9,null,0,0,0,null
6feb3648533ada922296d2f9ea99a801938353b9,null,0,0,0,null
ceeb1b7c8677bd39fa23ae247d9452f06207d06d,null,0,0,0,null
ac694e11054f7ff38b9d3b22d299e15b912ab405,null,0,0,0,null
4b482967b7ab19576c0b61d099f182c479f71d3f,null,0,0,0,null
a42fe43f3bfe31c4e9fd839e25e8e8391c179c9d,null,0,0,0,null
f6e356cff76e255773bb1e59c328301d7de4e356,null,0,0,0,null
ae51cbbb30bb12e3f8ada9c45f0c6a5c8774cc2b,null,0,0,0,null
4e8c2c41539bbcc171ad23e67dc78d93a64b0d75,null,0,0,0,null
ae82dc5ccb51ef99799c2040c6c0ba6877212f54,null,0,0,0,null
6e87fade14b22198fd1e702bc3603c8808a4b442,null,0,0,0,null
384326051499614550b1538fc00fbc4cb47ddc32,null,0,0,0,null
efbc5c986c72919fb814ca2518bd3e03837b51e2,null,0,0,0,null
3780bd85fffa4a0ebbcb6df7b85e49c2f213bd9c,null,0,0,0,null
e11dacb621ec7f4da4083ed80ed07bd4d504d3bd,null,0,0,0,null
a86be078eda47b256d6dea352751f0af3d1eeda4,null,0,0,0,null
aca8e709c5b09b8df9d47c7c8fa04080e4aa2b05,null,0,0,0,null
c4a64c23739ae6bdce416aaba20c3a79f59b3a84,null,0,0,0,null
2bcf04dd819d3be681661980ff392e667b6f5dbb,null,0,0,0,null
215c6c463c2e8c5f016fd163a764e8e63e654fd8,null,0,0,0,null
b97bb1321b2d16b59a1e492e1751e8dfff6debd3,null,0,0,0,null
8609fa7a4c4d2af37381dba700f67c64ad8d2b8b,null,0,0,0,null
4f1544662b79da5f38d6c8d8961122b943f36641,null,0,0,0,null
915cd7924deacb27125ff815abca033af4991865,null,0,0,0,null
59082f7b170fe2390e21286698f2ea85509847db,null,0,0,0,null
c8b80e6f6583a167a3d67fa50d62283a38e2964d,null,0,0,0,null
85ce7dd646aef828ae79b897a636da919102d8c3,null,0,0,0,null
bd0d33a5f40282e198e6e6df82465a017d44b6a0,null,0,0,0,null
c7ba41e39c337090507a3d1cd38e33f4b7ec6705,null,0,0,0,null
b8f60ab5f2bf66f87abda3b957bee90b7756e859,null,0,0,0,null
ee77ebdaf0196a65f8c50ef385ece7b841c158c0,null,0,0,0,null
c33874729de8717327058df742449d7792ad3437,null,0,0,0,null
bda4f231cc4a1c4ed64117e17e017247ba65e561,null,0,0,0,null
45cf316b6d501c5b9ee6a954486f4c66c9d6f1e0,null,0,0,0,null
443391ac9e0e3ccd71a48d701ae990066415b591,null,0,0,0,null
a02b448371a40b99878863dccf0f31dac96b6c3a,null,0,0,0,null
b9ec6f75b86f4c3b0d6de09eabfc92309dc11fd3,null,0,0,0,null
ea5536ecb8103a9a7808434963de78447e0d6b84,null,0,0,0,null
8575360aeef4b27c0e93d10856e1d8533ac3bf42,null,0,0,0,null
c411112a139bb47326a43f0138415916de4cdd43,null,0,0,0,null
8b8c01550af8a9a2f0df994a6464f60cdcadef67,null,0,0,0,null
a2ff814ad60a5aa7defbd9eb2a5163f752aa7a20,null,0,0,0,null
65907e81e24233ece44d0ce4030b10331160edb4,null,0,0,0,null
6fc0d122f577f5807070b1f08030786129227efa,null,0,0,0,null
ba7d49f664f0693b3124158e55c6904a17fde90f,null,0,0,0,null
cdeccbc1bd221876f95e13c69b34c4765580a25a,null,0,0,0,null
e47e9be7764195fb42ae90f83962d46d966fb12e,null,0,0,0,null
95a6a47d25d9521cb15c62e70ac059d8a8c8dbc7,null,0,0,0,null
ee90a8f48df781d6a81736e3dcc4c71c8652f791,null,0,0,0,null
00c7088d728377662f0e34e4b22bce06a3f0968d,null,0,0,0,null
006f3c76f368b2190485160b540c1343e2741db6,null,0,0,0,null
bc06dcac4f5171e7076b413e38c2a20268f72ff4,null,0,0,0,null
add576a1ed198ffc09bb70b86bf857fd9183da49,null,0,0,0,null
366c95e97ab9f56139622ca122c58738f211aa16,null,0,0,0,null
76ca3ac88415e196bf839fb63896dd14f76beb44,null,0,0,0,null
efc2762a77d84c4a129aabb1ad46ca1794315de0,null,0,0,0,null
f20a7ac7f6af3bc11ef2ac7bfe168f90740827cf,null,0,0,0,null
25b3ade9f15e17fd96da4b68579de045a6e847cc,null,0,0,0,null
f3701dcce86b7c263a537f6e667bdf51999c4a08,null,0,0,0,null
f50436e2b61a4dbf2d79c30be6541e796ade324a,null,0,0,0,null
e7e44559e252f5d10faff671f1ec4a13b7757f3b,null,0,0,0,null
a4981a3423b2746b017c1c66faf6a5384da9c0c0,null,0,0,0,null
1e214eb6b88336f1aea99483030b166cd2a425d3,null,0,0,0,null
92de64c62ed26e21a03448341c9e893d22298442,null,0,0,0,null
9291a78857eda70915dfd81db4a4c7b8e14ebad0,null,0,0,0,null
0cfcf4787d9af87dfb9941d124089096e0c219c0,null,0,0,0,null
2e59a28cba33110c252b33dee3c42c8ce135efc6,null,0,0,0,null
dd185682d63d7ac4ef860340c4507dbf0f952406,null,0,0,0,null
ec269fd11e24beafea43fcc7846099444bcc5ac1,null,0,0,0,null
617fb099ff1a0c4b5c049679efc988a2bc1d2b6f,null,0,0,0,null
24053ec89e5d72ac83c0efc4faca31c3a8adcc13,null,0,0,0,null
244874e706a6487da9aa678721b796f2282d3a99,null,0,0,0,null
f5843e2dc9a38e09ebd21a472b87a17a64aebdbd,null,0,0,0,null
98e1f9538354c04c4aeb0377eacb91de608a0a2a,null,0,0,0,null
876c63c2aef7039f0010c9e2af3c5359215f8e0d,null,0,0,0,null
749c8980e206b4d8e1095c0a8cdf555ebcfb194c,null,0,0,0,null
75d98193b9ba1e1b6cad58c801f28259c73afd15,null,0,0,0,null
bc99be6b30f37a992c77ac6a9d0e5c13a87d24e4,null,0,0,0,null
a127a6bb463a835a6cf59ff6a63f781ff11be69f,null,0,0,0,null
76b4853729ae510fe6d079de02da85bc5fa07d54,null,0,0,0,null
f9b330ea6c3db8a898fb74a4d61fe82f5fd62de9,null,0,0,0,null
8ff2c0864cb4dc59ef224e8c71f02c5d05543686,null,0,0,0,null
0172aaebd459776e0f8bbc7910f5035e1a6ae866,null,0,0,0,null
12533c3075eb5b952ffcb3ea9912f922b39cb176,null,0,0,0,null
a80b8057428aa788aa8691bf9ee4b130cc052eac,null,0,0,0,null
87ece154142b758962375652f984f5bfe4534022,null,0,0,0,null
73cb5ba7fcd72ef77c098b87db5cbe509db583cb,null,0,0,0,null
39a0705282236b42eb96856031b61d2b5413d75d,null,0,0,0,null
91b871026f9a007f766f00a1925f8e9be1fe8fd1,null,0,0,0,null
83875cf6f10f1d508fae8d3c7277e365910a2166,null,0,0,0,null
90a96729cd63dfd4c8815c881dd83d2ec5cdc933,null,0,0,0,null
00279b3a34fdf63ab3ace7036b38e4af6435b8d5,null,0,0,0,null
32be399629e973ddb5915fb8b68275a0883ea914,null,0,0,0,null
db84ebf2943d5a1c72240472dca8415ade08ad14,null,0,0,0,null
c943818143817215b977a75f39e01229437f253a,null,0,0,0,null
d7f9297e1e84c1ac3ed298b3434f381f3d6934f5,null,0,0,0,null
57398c5110a86b48907c73310d13743be9cb262f,null,0,0,0,null
7c17553863e5f3809f95bd77a9217b1ba7e6a22e,null,0,0,0,null
116cbf4f48aa386b9d2581f976a890c7224e4b20,null,0,0,0,null
429dd09a1bb740e1063e9b39d5f1759086e0b65e,null,0,0,0,null
df74ca7dad18e3eb9c3b4c4e2d987f6172ffa6ad,null,0,0,0,null
72bc1635ef348f15c1ecceee9637638050c7e64f,null,0,0,0,null
208de7d9da6a0933345893d284b01555806b1ba0,null,0,0,0,null
9f608bc75ae3c09accd20e799cd5d11be030ea41,null,0,0,0,null
b1aa6f7d2ab330887d4d328236ee3eaac5d47fa8,null,0,0,0,null
8507ee0dbfa1f2828668c6f1117b090df7073f65,null,0,0,0,null
0f8de61ab28133a739f3c0d0ca61024c565e8921,null,0,0,0,null
7d46c1cd5f988d554913ef06637d94d64bfcc973,null,0,0,0,null
69a3fe18b3260971237567cbdc2ab82f388f2cbc,null,0,0,0,null
01a41392923ecc8f1879d8b6810948a7bd30c9b4,null,0,0,0,null
e6cc21c3175c38ccb8331e0db908d8f59ee61af2,null,0,0,0,null
1280c1a3fd00a16aa5b020e0b7280b3eef7ca226,null,0,0,0,null
c0fb4f78b3f1b56efc0466ea6fe809d25d99dcc5,null,0,0,0,null
faa0f977dcea493491cf5307fa0f6e6b9113bef7,null,0,0,0,null
13923ca26f224c5ab74569d82c57c520e6fe0eb6,null,0,0,0,null
c52119e391c2ed4bebdc9965cfbcab0dec5389b0,null,0,0,0,null
cb50b4821277081bb90b61c8d5f6338420c796c7,null,0,0,0,null
9c8d87340cdbee7fc420de99fb0eb034346d76f9,null,0,0,0,null
ab1c0e51108a0cc7605a8d2e6c831b0b56adefcf,null,0,0,0,null
ca046a5d0821953f7dbda50919e973501a9d0b5f,null,0,0,0,null
3a2f10f992fc9dca0237141c472989a156465960,null,0,0,0,null
77f592364a39a9fe60084a9070ecac70f2298b45,null,0,0,0,null
8e2766da54e74f518db6e5c98e380baf539d88c3,null,0,0,0,null
a7270883515270f75f93b5f58f738a0bf5bb0a7c,null,0,0,0,null
9bf5b77005e06d65edcb74cea7dd6b3bc2ee1be4,null,0,0,0,null
9d4147b5883d071b3eb95cce16eb53b00ae33556,null,0,0,0,null
0f2396c4e18032c7fbc7587f7c0df66f6db69ef2,null,0,0,0,null
993b4d0b6130a643e3aab767d96ad9c76c6dd2b6,null,0,0,0,null
2155fcb74461cd4f182a865b67996857a032b125,null,0,0,0,null
eee06f0a7320d1f1be95cad7663c09ad484233dc,null,0,0,0,null
691cd4f49616ad519d3e1fcaeb227d08d9c8664c,null,0,0,0,null
4c835b87513a018e297aaa6bcf6a5ccf107d7844,null,0,0,0,null
6478a1882d5556955a1152c025c26285679373d7,null,0,0,0,null
986e6a30b3be929bc5d45367ca9291efd5ef19ce,null,0,0,0,null
ce6b70e1262b17121dc1a78f1d8b208060927028,null,0,0,0,null
dfce5ae167e9b80a172325af58b9f8b106e39298,null,0,0,0,null
c575b2d77ad47238f3343d4a2f27de0d23f666e3,null,0,0,0,null
df0d9cc07c8a03eea8ceb84cb70eed3db6e04c60,null,0,0,0,null
849871a7333e75be5ae2fa04bf0b9262d9e86c2d,null,0,0,0,null
d1b08947663667b0a65645c6bd7f00831bb64e8a,null,0,0,0,null
63560145c849d366c83d7398092c165e92592dd6,null,0,0,0,null
aa813e18c4bfd1eb629e7138b5ac39e204a2d93d,null,0,0,0,null
c9b8e43eb651ed3a4ee9d0e63aa1d8f74ca71679,null,0,0,0,null
abf346b1b2d145778415bc9ebdc730349f05c6e3,null,0,0,0,null
270289b9eb62812910be77970b47ed8d6188a10b,null,0,0,0,null
7c514b671cfe2ae42e8b9bf77cb98f2cde19b6a5,null,0,0,0,null
159d4870cca16f5a802daa847ffef88d512f39a9,null,0,0,0,null
a0332887ed9d6f3f513e7585d5308ce02d939c16,null,0,0,0,null
3acfa9003f3601fc04199b0401e56a9d3482767c,null,0,0,0,null
7b79659016552c84a95ff81a63c5397018416cc8,null,0,0,0,null
84d50f8f7b50deb7e1995735b7056d21aa4b7ca8,null,0,0,0,null
5451701083601b5acdddd0f78727ec77b0278bf1,null,0,0,0,null
b7de80d6b9446fed0b255080ff76e5d41c2c43f4,null,0,0,0,null
023bb559db8386f28ccca41b1fccfd75146ff7cb,null,0,0,0,null
ffeea1d3631aa9cfb5567264e7f8361216be7a71,null,0,0,0,null
c5aa09678e023ddfb0a0b8f632689d190e8c0476,null,0,0,0,null
149564d9be059ac6caff3061df56f01522bd1677,null,0,0,0,null
d959a39cd027632d519125e4cb4048c66e13b676,null,0,0,0,null
a65540eb614e7fdc323c3d3fad6ba5df599f6274,null,0,0,0,null
e3ab0d427a391e77312d29a3d5013b543d2655b6,null,0,0,0,null
12f753b23f1b5a73b840c967d3696d63fcd3a7d6,null,0,0,0,null
348a87fdd6494c9d8d233605f869a8f791db6619,null,0,0,0,null
68edd3cd3f75d31bac6525b622fb49861c4e6845,null,0,0,0,null
d3a49c2a590fdaa3f21f392583ca90f56ed9870b,null,0,0,0,null
7add3e7394481e2acf71f503037f0a7444d398f4,null,0,0,0,null
c1544ac41d6f455371776a876028618ba97359e4,null,0,0,0,null
c8e0645a35a294f4b6a5878390621700c12c2387,null,0,0,0,null
eefb226f0337d828546e6191dee84adb4a841182,null,0,0,0,null
6a9957c744e7be3eb3a88c15851818adcb7aaaf5,null,0,0,0,null
9c0cdbaaeac1c84bd9ca2666f877199a615dd508,null,0,0,0,null
ae4502bd5379eb7d0b66aff9abc5a65e579aaf61,null,0,0,0,null
f8dbc289960943814fe1b4951039baf91a3d72d1,null,0,0,0,null
c3e201dbe549cbef840237a2bad8885fa490eacc,null,0,0,0,null
72f0377cb2be19bed2e0a6c1416928ac9d7df22e,null,0,0,0,null
ba24cc3e56fb77dd9646b619d3a6540febdedcdb,null,0,0,0,null
03f26a4cd226ec5b8801cba7dccbaea4f9000ee6,null,0,0,0,null
a832de2cf96a099041761aec93b67a59f2de0f9a,null,0,0,0,null
15bd00f510e695c1a2bd15b2f63de324b3739371,null,0,0,0,null
4fc5e9d84e27281487fbf7c0f377e037298dccbc,null,0,0,0,null
0bf3be405d6562090e590eb4e90fcaf110cd7acf,null,0,0,0,null
747c9b243cba89900fcd1edffa17be79c5ab1c2c,null,0,0,0,null
5f415880c2cad2c10cc1b2160a6c524b4da992b5,null,0,0,0,null
5f93d2c90fe5eaba7a3ac0106933855d5966cb47,null,0,0,0,null
08205dea935b1c054fb99a7fd9cff869813780fe,null,0,0,0,null
89387aeb8854aa75e4d4ebb030623e8a2889669d,null,0,0,0,null
237e189da249d918a81d32b3aa77dca6368ff482,null,0,0,0,null
18d63089e115b90d4d5a6b781609d8ff8ebd6ff3,null,0,0,0,null
00f73ab51648da33b1f3512aaab070a29e1e057c,null,0,0,0,null
18019919d55933534e40948a7efa9be42b6a1a52,null,0,0,0,null
5b0f6ad13c922f9d794c7924bdbb6d1051427fe3,null,0,0,0,null
cbcfb95e7e14dfc687ddf65b98fc3eeb5383e05e,null,0,0,0,null
56b1729bf4a6dee33e51de84e4cdb276584009b6,null,0,0,0,null
60bb5b55eb16d31020dc4130262f3c123f2259fe,null,0,0,0,null
4d2fb1f59852147712da49d148f407f5b23f8901,null,0,0,0,null
d2f9e7b4cc8843583e8dfa1dea5453a7036357f3,null,0,0,0,null
f9fc5c295f2e8a681e22955daa79ce32629c2e2c,null,0,0,0,null
9d62fbaf1b256b892dcfe71d1861515e5acb958e,null,0,0,0,null
d596f138bdb7700f4a0385faf0fdb23bf99dfdde,null,0,0,0,null
4bdf4d9afdf5d62f9a49a65bb71b68e66ff97bf2,null,0,0,0,null
f6c3b697736cb3f6af0a5cec1b4ee2e0c2960723,null,0,0,0,null
0ef31375d009201f7b171377519c0bf428f81d11,null,0,0,0,null
1e1cc19a65d1234dc5c7d50d1fb533972dd51063,null,0,0,0,null
d9fc4b8a151eb575fbe226d09887e6b26f9a4d73,null,0,0,0,null
13115126ef9610578ac20e2af28848ecab58e79a,null,0,0,0,null
d1037211ae19da7f4dbed4998914ebaef111f5cd,null,0,0,0,null
4d3692aa8b944181327f151afd1c1fc9fa638b34,null,0,0,0,null
1355d5f4b6b3095afa035c759b318146d823ee26,null,0,0,0,null
d8e09c1ae1b2cab78f1f491c5ccb68dd897ac72d,null,0,0,0,null
89e6825081bb01c564d7abde4c11a7619c7e6722,null,0,0,0,null
a932745a3b4faa2e26b9b6f182bf793fc6d18139,null,0,0,0,null
62537661e6d731840f2b4ffcc249550ffe8b0995,null,0,0,0,null
a27c22765dbfb8225b99930e9fdda62139377725,null,0,0,0,null
b97157adbaa7d2a74e92d332871dfa365462aa90,null,0,0,0,null
0b0212910900869649f59145a8340d30c1c0d203,null,0,0,0,null
44f02d943657150a2b06f44ad57a3a6d90d072c0,null,0,0,0,null
424e46591a48120231624716e0b1920b02572e6b,null,0,0,0,null
76ee7cd5ab0e9dd1a189b181335d124c3c70c7d6,null,0,0,0,null
78d2f8bd9539fceed8b203136d2e5c49f41a23e1,null,0,0,0,null
11984354adbcc463efad6caad552c7a6438a1da4,null,0,0,0,null
ad1ce6d6a4f70d16703cc0f131d0b9018dce071e,null,0,0,0,null
9087b96bf9151e3bb9c22e828f19cc43759493f7,null,0,0,0,null
14624d125e4654b58b76f8f70bfcfb53c8a85560,null,0,0,0,null
2169ed6960e0b3dba23f692fbe3ffdadde48a4e4,null,0,0,0,null
961afce9b0c713274009a047bf23809550c5410f,null,0,0,0,null
ae90c8d64a6ba8778c3bfd13325a0ae27eb7c433,null,0,0,0,null
cfd62e82e8a97e6526d4eb952d27ab44a2d6b65e,null,0,0,0,null
26950a7b4a93d8c180b23c1d951d3b45f67267b1,null,0,0,0,null
67a46870ea5fbd2a7d75b0e9caabe500f530aa6a,null,0,0,0,null
eaeabb4e7ec757dc0248275a7aaae43df6f15de7,null,0,0,0,null
eeeee7ca8ee66c691e302dac7a5bbf78992ad2ba,null,0,0,0,null
0b83a9d7d0120cd4b4bee7908e7c4877f95bdeca,null,0,0,0,null
7dad231efbe04069cb25ff5a12418ff32c28cdb1,null,0,0,0,null
5be5ec52e84a341fc44b9e88e5696605dea5e8b4,null,0,0,0,null
e9c5d4e37507faf522223d1bcf6812f9b4aee7ed,null,0,0,0,null
71e091f9d5012d63714cfa31545e88470a8f9961,null,0,0,0,null
482f574b87c707e69b9502f486b73a77c0053032,null,0,0,0,null
a985dcea63348ecdd8b159436db2d20e186a580d,null,0,0,0,null
dc14a8dbd61e7fb78bbee8b59b975db07f35adc2,null,0,0,0,null
7d2a3941c832ec09baaec7a2c0b9866c1d688f38,null,0,0,0,null
7168183c524128717aef40cb8434275c0531c1a1,null,0,0,0,null
5dc8c1b92ad3a1e2446babe049481f965dd7cba8,null,0,0,0,null
6de847f59f4b85f33c984e04530a77b5b7e17837,null,0,0,0,null
a950b88f97ad21b9720defccffcfd593b3521f4e,null,0,0,0,null
41d69f95ea8fa54cdd130a1014480e774f32de05,null,0,0,0,null
640a85eb7e35aaa81ab09e8a52c7d21d2c6e6290,null,0,0,0,null
bc96e467961a82b6306e7a852dfe48cb0b68b883,null,0,0,0,null
64a3693343ca8baf2adfd5d8d40c424376cfe3b2,null,0,0,0,null
bd5c8d93a5f889352151a500872d5fb96c9517ea,null,0,0,0,null
9d1c0e06134d44b6510a5760cfff1849f9f4daeb,null,0,0,0,null
db424f2df31bd6a5cdc73186e3c7ef0b69f08f3e,null,0,0,0,null
66da08ef39ff8543b9932b05ab9fe76a1c72d1b0,null,0,0,0,null
abc4e447d592893e8b601ae38207da724a9ebb16,null,0,0,0,null
b63966d108d7b4a6ad31d958b827ded18cae969e,null,0,0,0,null
2a539e13fa3563406fa0d60e468439f1172a471f,null,0,0,0,null
4563eaa3f48149c8a8e7754b7434003707174f4a,null,0,0,0,null
268faea04dfcc0ac27bda686e20b69ecc33e1fcd,null,0,0,0,null
478b2be80ee8872d4a4c96cf7c90b388a179bf39,null,0,0,0,null
403d227cbbd583672d32ce28e479f920b599229e,null,0,0,0,null
a64889091f10900f14db0d87ba9fc0d3dcde7c80,null,0,0,0,null
4e5f85373a02468ad235b67245eaa5c0677df680,null,0,0,0,null
99d5f26ff93a82649029dc9853ad7368fbc637ca,null,0,0,0,null
29873b04560595b947703e64e88b1195aa261c63,null,0,0,0,null
61639e8bd1ad973c733e0e2ab6bdeb347023223d,null,0,0,0,null
8742c6e7f2729b2ac4203045ecfea5ff61bdc0ab,null,0,0,0,null
c3c16348340ada36cfb7e8d62ebc465d0d007b94,null,0,0,0,null
e068a760715f71dd6aafa05c593b150ae67f63af,null,0,0,0,null
404e7682df0316942e0894ae0178ec20038eb2be,null,0,0,0,null
916e0467b54383eb8accb8075e14cee5dcedde5c,null,0,0,0,null
4a8c7842f71d649b01321f3a654344f4c9d41f2f,null,0,0,0,null
46df08b1b00b04337373e5f6537db4613b038a6e,null,0,0,0,null
61d435c6c2b1bb1060285819768ae938bf352565,null,0,0,0,null
b09da6c976c03f3fbe95f77ebbe8fe81a64b7191,null,0,0,0,null
7b060c66b4ad0080e488e84a482b26dfae5d1e7a,null,0,0,0,null
560610b5abfe43b14ba71ef04b89c9d0bec6e9bb,null,0,0,0,null
aab34aface66988e148591b7bfa9ee2e880e113d,null,0,0,0,null
60f715666db237674e6f209ae46d0ca4d90156a2,null,0,0,0,null
549e9f313343c02662b629db894dfc2caae89c43,null,0,0,0,null
6afcd3cc8e6079e61843163822fe1d6a2322a60e,null,0,0,0,null
e02bc66b8e4e174a9256d126bd40e2a75f9d569f,null,0,0,0,null
60a27c2f9718c9b49953f5422009f6beaa6ab1c3,null,0,0,0,null
092b93a47c4466cc3bfaa05769e4b09aa4f7b2bf,null,0,0,0,null
ee0e75deb96326a272b07cab353b4d24225056c2,null,0,0,0,null
904ff095a6ffbed2dc6edffad04a92777f719c72,null,0,0,0,null
ae00bd2e1f86d82faa5efc9b69d66872916662d2,null,0,0,0,null
0f0372dbf6f9543f9da2ab590e211ff4a092e758,null,0,0,0,null
9e3ffe7f8689709c991d924caa212b144cb561f4,null,0,0,0,null
f4365feb4364b4fe6e3a117b939d45f07f8c0a12,null,0,0,0,null
0ba668e4656013e6893501210f530662773365de,null,0,0,0,null
99d0cb5d3a056f47dfb618a9194c478c2f5b543c,null,0,0,0,null
c860098bc30cafa9f5b73714f71254c019790bb5,null,0,0,0,null
a6511eed252c1a97ae3473ffcc759813a9f1d7c0,null,0,0,0,null
130df90d6622407ae676626c999d335fe2f882c0,null,0,0,0,null
a96f9cda79b980e53d3a7917c4c530573c273846,null,0,0,0,null
ff9182a683431c7b0a60223c68139b4a4d6dfa46,null,0,0,0,null
4bc759ec78162b8c0df523276680564091721d01,null,0,0,0,null
c929d12303862dd67cfeeee868f85dfd8b272c17,null,0,0,0,null
c865eb71b2f87c83fa00302db17f9cb5368fb76e,null,0,0,0,null
4f2693936a20c703b1a19ee0b482eb822970aadb,null,0,0,0,null
d8f5610f09f0f016e0a73a8e55d3b2afdd77baed,null,0,0,0,null
7979580ed2491940d0543310c52b028359e3f65e,null,0,0,0,null
3b6da315d80c233dd3ca56dfbf1df283137daec2,null,0,0,0,null
30b9728b9209f139a10cdda7c314778f8b85a979,null,0,0,0,null
8fe38b7caa54790987204db0c09462b644f4c3b2,null,0,0,0,null
05922a63a7ca3eab42482b2088642d78e0fc2170,null,0,0,0,null
e73de72fadc2eba8d4c69d3d1c8c1f23d8bac2e9,null,0,0,0,null
421783b5bcbb5f7c57cd905be3196adcde68f667,null,0,0,0,null
de776294ce26e11fcd6c3d1b31f557d882f9de64,null,0,0,0,null
e895ca3f19b3456312a8648ec720d0cf2e007344,null,0,0,0,null
d162e020beb29531fd2f9086763aeb2b3f37f280,null,0,0,0,null
0579c4d12000e34a44a09d30d4d06ae9f4ad0aef,null,0,0,0,null
546a1302f8c02bad79222fbef9e9348ceeb8180c,null,0,0,0,null
d05ccf771d426f8cd7833923353203f4454b3511,null,0,0,0,null
f9d1f290032a0c55452ef87c91d967810d360458,null,0,0,0,null
b29ec0722ec018aaa3bdee4545dd83aea34abce7,null,0,0,0,null
7b3837b31a693e6758d2da8d6d6a44215b577cc5,null,0,0,0,null
8e6eb975188eff9088a49ed5285f3c6ae42386d9,null,0,0,0,null
cff6a62476d7b4bc5d7e3f93933446f44d647171,null,0,0,0,null
03364746e6f5c28abd0abfefc9ce0fa46de5b0e1,null,0,0,0,null
42049bedd37a718656f9d5c37939b8ec8feda903,null,0,0,0,null
10706f1aa009486a34989f22272a608c5001ed3f,null,0,0,0,null
ad6653a992d1bf185a991dd488756f5903e15f6f,null,0,0,0,null
53876b5e2ee43184a28c11e05fef312b50a0771c,null,0,0,0,null
d9048f4061467285b0c8d02d0964628ea3636979,null,0,0,0,null
237935be49991f3e2de18ec07ac80f2d634c1fb4,null,0,0,0,null
d027220149f82be405023a499180241c7d8837de,null,0,0,0,null
e04143491dcbf5aa459a2015761f321d626fddb1,null,0,0,0,null
a581e07c8a21a7c4bddb331a2cdf6f6030d63202,null,0,0,0,null
58a260fcf7afbd274ad440e970f97388dabd2b2d,null,0,0,0,null
fca1e9243216e47d3409908dd131d231a704abc3,null,0,0,0,null
2343ec86648775a83b1c5c82acde72d5e11a814a,null,0,0,0,null
d01f32d5a4234cf0d31eef63b5ed7287032c9a44,null,0,0,0,null
7c5c509e7c1d3397bb415331949fbce7e6853000,null,0,0,0,null
c6599a253f166542991d74977b50d259b3432d93,null,0,0,0,null
b4f1a2b5268e4af5c37dbd6c3821f95e7c36f084,null,0,0,0,null
32ef5805a784e7bfc9847c1ec57f93bc88cbf448,null,0,0,0,null
4c97f24f41cd31eeab00c69f45afef01ac651856,null,0,0,0,null
b3454e963c651dd478f2f4411e035bc4b079159f,null,0,0,0,null
c0d5345c66d7dbe3e02dda6ca4f042165b3926cf,null,0,0,0,null
0df05c1028332e9da11afa5977b26e9ecd78b84e,null,0,0,0,null
8d12066659b3358b2fb3926f027a9fd2fbb70591,null,0,0,0,null
dc429b0e36caf5c861456e31ea3ccf36167f1c4b,null,0,0,0,null
331cc4f17dd033b734c8efa287e5f23e16c24d91,null,0,0,0,null
ae4899182ea36eaa7e5babed4f14590b9ad9e3b8,null,0,0,0,null
c92deb6a4e80bffe284fca2959616072b1c92105,null,0,0,0,null
124e7f631c61d5529b1d2cfaa22e37479b9fd059,null,0,0,0,null
6182a1010c2e3c234d60a3b9ca2535788262164e,null,0,0,0,null
265552c2bdb0d01e0494707a6d3312729660a22b,null,0,0,0,null
d2a195fb113e5ea4ba45bf9113aac13cb481aee7,null,0,0,0,null
57acafb4cd19fc965ed8422c14a800976785507d,null,0,0,0,null
227e2e4d494886c2cbe4aa54cc8aad777779e760,null,0,0,0,null
6f9d4d6f535e20cf1b6c225a4006d639d9b53218,null,0,0,0,null
5f5c2aa2cf2c8e8eb2bfc3b5d6c98d2f68489cfc,null,0,0,0,null
4cef829cc5b259b44c3cb225ecd2fbaecb50fe68,null,0,0,0,null
ee3b645fcec6ea31d9b6018874048504a5840be1,null,0,0,0,null
bd9b00a1d34c4f0ce7ad8e1ef5d4eebbcba52c8d,null,0,0,0,null
7838d8ef5dc9b098dea3834598c825574b504083,null,0,0,0,null
9e64c3c273893676242a95637dc4653094ae2429,null,0,0,0,null
56d8ac2ff9aff5f26cf82005bec8d3a356fa793c,null,0,0,0,null
ca28ba9f9cabe68586a3d7a3dd2de86784df1023,null,0,0,0,null
6717120a7afa303bd316037d27f308d0aedfb482,null,0,0,0,null
69e94dcb0644201ece3b592d61911f4b96aae674,null,0,0,0,null
4c1d73dceb8ccce85c9d2ca0374996fd33752f39,null,0,0,0,null
8662bbbb81fc28fdb100c4c672c7f4243a15d98a,null,0,0,0,null
d915645bc58aa40da2b20a1a31bf3e346f88b770,null,0,0,0,null
22fedd2da17c9a7fe0f07a9b10b756de1f736555,null,0,0,0,null
7e73c8eee3a9b71bd3a010ef76244a2f42d4b3f2,null,0,0,0,null
ce40dbf5a1412500648d71abf8f9d25108c0e305,null,0,0,0,null
e2e33d97ea7c5f70e69dee757d6d5f4ef4cced73,null,0,0,0,null
e0ef525d6201e3af5db0765d54b79888ddcaf599,null,0,0,0,null
70bdc2539b98dc78075c7d9536268034551c573f,null,0,0,0,null
0ff0813e3ac60ff111bd35ed36e2a1492efc25a2,null,0,0,0,null
64d4caca8ae5538411963818f88b709a48a747fd,null,0,0,0,null
1e007795e5963a72d0cae329725207a0433689f1,null,0,0,0,null
d82811509c4f8dc6ec59985e1349cabeb59f41bf,null,0,0,0,null
56833b46f446a0687bf2808208388da56af51fcc,null,0,0,0,null
f740ebde9b9fb153411d633508bc60cf9fed47c8,null,0,0,0,null
20658f9b5f1e409045d1649c5a74d72134d20d90,null,0,0,0,null
f99937812c1a770e30635857ae7f695b4faadcb0,null,0,0,0,null
244f1b1b4dddb56aeae43340633a7336faa17aec,null,0,0,0,null
5f447944bf33067c91399f87bd01d8c3213d3e8b,null,0,0,0,null
0a2c6da3e688109368cff56d098a6d55c9ce355f,null,0,0,0,null
b9d34fe8e2cad93e0e24ac0e7aef7ea368d79e15,null,0,0,0,null
0e1c03167f8ca940c5a5804455e4e7015becb26c,null,0,0,0,null
c9eb41124050c4ef83222440439e061bb96ed81a,null,0,0,0,null
20986befc2b90fafe0552b70702b0914ec6201d2,null,0,0,0,null
fbdc320ab068e45ab52e1f25a21e097d7a08a832,null,0,0,0,null
fe8de2de3cf111ab91580f8fe4e7c42d258c5b16,null,0,0,0,null
9626e260f0dcdd69a9c9560891d4e1f750240d0c,null,0,0,0,null
92d619bb8256ce2c5e2026fbeafd3b667ee569da,null,0,0,0,null
aac356c1fbb6eb0b5d19b2546f2a3e24a705cd84,null,0,0,0,null
5f7276df53317ee191fe6ddc850be32a57248279,null,0,0,0,null
e5faf9ecad196905a2d685f0a10c6f38f8a7d443,null,0,0,0,null
9350f65784e4ca1e931bc2033a9f7cc52f354eee,null,0,0,0,null
3c4ab9496bbdad5b12dcdc5ea4ff4d20da6432d7,null,0,0,0,null
a27409f27850f2f66b86905963924270e29b69a7,null,0,0,0,null
068107c557de050379260586376ab967845c9a39,null,0,0,0,null
29fdc836bac1fdc51ca1df1e5d6c61bd6b914c01,null,0,0,0,null
909cb5c804817fce3ef4eb8c05d8cb13e0823273,null,0,0,0,null
c854e4d3c402d0c85bb3ea7135920ed2a9152c4a,null,0,0,0,null
1cf895433f9f676b7f713ee1a2fd0e0585d3e766,null,0,0,0,null
5cb0c27cccd0c8d6707dee66bdc8f246d8e7c0e5,null,0,0,0,null
ea1e83e66c3717cb261afa0a1bc8400e86b6cadd,null,0,0,0,null
9e8f9d6560cb94cfa2985dc7177f5f016acb5194,null,0,0,0,null
8423b5844579e57cb7ba3aec8292cde3e5bfeb04,null,0,0,0,null
e99c6387e846edfbe54f8bda616913b125ad192f,null,0,0,0,null
e54673c64919f671d8648ec9044b10fe7c3430f6,null,0,0,0,null
84394bbe648a9bf720ae55d9d3120567166962a3,null,0,0,0,null
6ca43bbd66ac2d930ce51f94bef2f832f2ce6bed,null,0,0,0,null
0b43faf3514f03d44cfa77359186ac7d01b94fa4,null,0,0,0,null
3c78825517b56b608e8a58489be38d43e713e81c,null,0,0,0,null
d86295a93172b0d901650d3e1c309ef2b59f4759,null,0,0,0,null
9a69ddaf17500983ececa6f61f50ceb01c51eb5c,null,0,0,0,null
6daefe2d3081103119cd7a7eb9af53852cc33ca0,null,0,0,0,null
4b58a141c5770fc262aa6f39e38adc726dee3073,null,0,0,0,null
2315ed9e2c68af4a9469b95e6cb65547ae73c495,null,0,0,0,null
86ac90cfb47d8adc088663944d68d11be9c9f55c,null,0,0,0,null
fa8cc28bb59c075596530a266f722f774c484547,null,0,0,0,null
bfd68f2204e9ca07f1e22221098b946cd8d3218e,null,0,0,0,null
281e0acf39ae7ab502b22505954e3b2cd44f0a75,null,0,0,0,null
85d381fca122055f76fc576b0eba9cfe40bbf2d1,null,0,0,0,null
89c77bc42004d3c7a76199a9e813005ed6d6d1b9,null,0,0,0,null
ff35b5f300a25dcd9b70dff00ba717bdcfc91147,null,0,0,0,null
a071e0340170d950110c0bc55cb92f6038b30e40,null,0,0,0,null
1d8a0d81b62615eaab0f668d84af06239d093c4b,null,0,0,0,null
cfe56d17ec55efb418a08656e8879463530ef308,null,0,0,0,null
a2181884da7aaabbaabba983f2e6f50134311e48,null,0,0,0,null
86f81f335b4b9d994c6df041fe08d175505e380a,null,0,0,0,null
b51b24f6409b6c28062c9194a52651e825e91cb8,null,0,0,0,null
5ea58a62575ed2b6f27db8b89b3691edbbe93cb8,null,0,0,0,null
89e77af1c8724b9ed3e1e966dd9dd3c8f8bb2969,null,0,0,0,null
e948d947889570fe4872f84b49de02a02c54109f,null,0,0,0,null
54bc7230a42cfe284f1fc8b43ce023aa5500a6df,null,0,0,0,null
b0b59f7f22376b883a5320d64425fcbcf2042def,null,0,0,0,null
646d0a79d6ae7dd772ca6e569412f446af5f89aa,null,0,0,0,null
a98be99fcfc4ff0d7d45a5ae4c3b9c78319f9c31,null,0,0,0,null
ba94d85edd4ae9ee07bb8a475a303ad3ee7dc3af,null,0,0,0,null
f5c1ad6fc90e3b6aef35691f1301875d89144af6,null,0,0,0,null
cffbd20865855a4dc5d756622397a4f09dfd7f43,null,0,0,0,null
5eea899d2de653b0cace996b62fe3455f87afc3a,null,0,0,0,null
0e24e333ea51616a76bb37c98c4373a3fd8f34cb,null,0,0,0,null
390e9286041f05c85a5418c73334941317c18ae3,null,0,0,0,null
e1d5c1adf6cfa8c718d13fae4c2dfd4f8df724ca,null,0,0,0,null
c46948319f8f1474e43f771ee0c026e36aabeb34,null,0,0,0,null
6e28c1e72a983afce7aba2ccf2d93771b2d0b282,null,0,0,0,null
812998d3939c8e4934c6bcae337f71657b16b18a,null,0,0,0,null
8dfc6c86d027b87045d525b05e3f36a3cf3c6adf,null,0,0,0,null
7e0d58cd0c0430ca6eda0e5d2df25f9bc15c3c14,null,0,0,0,null
f5ad5c107ed822aa63baf999d32c7ca7b01be2e4,null,0,0,0,null
39396c571da6a911be94cbc76e8a52fb611ad7bb,null,0,0,0,null
2ca0802eb384928c9f361cac32a498ae79e2381e,null,0,0,0,null
ca991dfe7721b162ed8fc179060fedf2f56d20e8,null,0,0,0,null
938e16bb97233a646ad889db12354e183b3efb1a,null,0,0,0,null
97e6ee29db44c9bf8e5a6918398865910ad85b57,null,0,0,0,null
d4eb505423faa5ba706b60259c5f6cd45e3558bb,null,0,0,0,null
65043f005b30d06704dae02e99010b381c4d72cf,null,0,0,0,null
76d142cd60bee321fab13127b5efe62d6d6720a0,null,0,0,0,null
6a415e22c4f8179890093f33f38918f2a1af89fd,null,0,0,0,null
ac693335fc370c85a8fc3354e2f22ceaef145de1,null,0,0,0,null
4d3c7f63397432efd8f061992bfe24ab997bdcce,null,0,0,0,null
d62a78faa79a9ecd5d931936bb28c8bab4fad01d,null,0,0,0,null
fd004820c13b829690f7f76dbfe96d1dc7c4f58e,null,0,0,0,null
d0f78b100e3bff0d6d882968376e8c05282aee23,null,0,0,0,null
973d1248a7ea7c2c5dd81c857bd27dc5671a23ef,null,0,0,0,null
b4eacf62424be374c13ab59e9051ddae83693f93,null,0,0,0,null
9164c17503b64b2969b11f7b25d6b6bc176d0d01,null,0,0,0,null
67a612105fc4ce530d55b44fa71d6caa01fcfb00,null,0,0,0,null
f5890e2f4da380185369fae9fe7f82fcf9f2897f,null,0,0,0,null
184a9460ff831086b51f20ca61940d4667e3b7a7,null,0,0,0,null
c2a6325e0b75b75a205cd8f0b41fbdf38183326f,null,0,0,0,null
d520163f8098006d264798265e5a7c18ea792364,null,0,0,0,null
ddf9eb97e76f43c7eb1e900ce5c6095949762978,null,0,0,0,null
ed06f4f983b15ab4998bf13055a798ff504bf763,null,0,0,0,null
885410edc459370147057c9b62c96685a86b7a21,null,0,0,0,null
cfac877949e8f746d8385533351c0fec5570aa2d,null,0,0,0,null
a51f12c9d339d796e61890f050afddd870be4156,null,0,0,0,null
86bd8ebb8e3223527dabcc028d7e4066fadf6d62,null,0,0,0,null
1268b7dc628da691366c17a655e1fdd9c98b3d97,null,0,0,0,null
5054b4f27b250767e7b5b37bd547afc232b238b8,null,0,0,0,null
bfe54faa708ee8be24c52fc6996c37c1ca724243,null,0,0,0,null
1167a7cf763a09a0ed7588895a493a897337fd2a,null,0,0,0,null
c415248cf78f630ffb570d9c8c236d924e0aac12,null,0,0,0,null
3d02425f853cdaff36dce09d3152684024d70145,null,0,0,0,null
9bb8590ea06abf294afb7780a12bbb69479886fa,null,0,0,0,null
7854bc44dbcf7fa4507f860aa261f20e39b6c88b,null,0,0,0,null
99875b997ea380423519c7db8b5fc211c2565f40,null,0,0,0,null
645ca28e09cb88808c3764e87da203946d35390d,null,0,0,0,null
743ef8130869cc8a7cefa5ab2785b03d703036e2,null,0,0,0,null
87b488ed9865d1e9bdb4009009e0813c09c0960c,null,0,0,0,null
fd0661870ef0dc1da9681f36441e918ee114b408,null,0,0,0,null
e897e0aff0ab8899775955b281f1249476f4f34c,null,0,0,0,null
f34258af298847e1e680042f1fd3060739c0ad4c,null,0,0,0,null
f9211d43ca3abb331a5b78d0229298eeb3fd19d7,null,0,0,0,null
e050dc9f83596f44d759242b6e4e056f7d613529,null,0,0,0,null
dc2adfd47539a72ec74fd1f91360b535bc1cd476,null,0,0,0,null
d01d31666b51cf8683941de749dc4600fb373f81,null,0,0,0,null
b20794150ba53ad42c53340fcf9739eedc010e65,null,0,0,0,null
6660d986d5aca228f6a1d69f88583ac781df5590,null,0,0,0,null
427ca055dcb0764b38ad4ecf49bd60eb6a34a37b,null,0,0,0,null
b1c188c391a298f6aee1b202a8abc28e2216d44e,null,0,0,0,null
d6fdba9751c84247a3cff63b6e8884a7887e1528,null,0,0,0,null
64f1a5f0b634e88fd3427ca5d51544f87e92108f,null,0,0,0,null
d1ad55b093e1a473099156af29d918b710da3b39,null,0,0,0,null
20f3f6ff287dcf0ee5a417c9a88e22ff1a237699,null,0,0,0,null
cb46423bec7eb65ac62402dccb8ef75255312a55,null,0,0,0,null
4b58c4a8724437e3b983207721fcf97e131687a0,null,0,0,0,null
ecf2ccec87691d0938583254fd0e5dc327c1d53e,null,0,0,0,null
f432bc266eef6c53498ac9a3cd89720bff3de30c,null,0,0,0,null
3d29db8a7d0e367621de776a615b4aca076d9082,null,0,0,0,null
21186574baa1c97e7642e0119c63d4cd766c6090,null,0,0,0,null
1a80f98b705c5fa9f2040356fb555ed92264a807,null,0,0,0,null
6f11e6d8aeae7e999117cfd0940e421484fce512,null,0,0,0,null
bda3e7beac617bd01fb7f23cc03ef064a6138c02,null,0,0,0,null
e5cb71d4b7719de63c9a59b4039bbb6d7f0ab26b,null,0,0,0,null
34e46e07d3c74c79b2a13f37e6160e216eac2ff8,null,0,0,0,null
a2f2deb4e88fdef9b6085627e967d3da67242690,null,0,0,0,null
d80df4296b1f8298547224adae6010ebe46fde1a,null,0,0,0,null
34815ceb877afe49cdb446468ae5066affa08df0,null,0,0,0,null
ab356d4cd0a37877e6d96e996051a6c5f92eb669,null,0,0,0,null
4b0ea19f4cea380b2897475c0eb68c55121b7296,null,0,0,0,null
431c78f72bb1fd23a9c35f1c7029f909f976158c,null,0,0,0,null
09cff3b16c24005eb0c8411c37e05541762c8143,null,0,0,0,null
318596ba094449a2a108c631219a955563db3731,null,0,0,0,null
d2f3c026228525ddda96992a15b9b87507512846,null,0,0,0,null
36c96d40945a31eba8132bf60a35cb1b027c9f2a,null,0,0,0,null
d175ba7ceb620770f8b4b0e395afee17d44c1a05,null,0,0,0,null
423e20162f16f3c87de4ad3aac605a64fcb7da8c,null,0,0,0,null
8f5679de7e7fd47417deaf7c00c1143e546538ce,null,0,0,0,null
26486c03b8b43d49ce73942f748d23c00438defd,null,0,0,0,null
ee9d06a0a9887864d179b77ab496210faaf1e44b,null,0,0,0,null
d5f9c785564152167cefbd54172783b7d411487a,null,0,0,0,null
48566cb2dc1928fbbd52890e05edde02a8b6ae01,null,0,0,0,null
34cbbc15f58dab170a5f91b95b5b209ffafe04d2,null,0,0,0,null
7a9c0ab2f00b21e4eb26bed16f3fc84893f40511,null,0,0,0,null
5bac464b6434da50dbfeead120e6f169eb7e3920,null,0,0,0,null
097472db4e8a1d0c32aed68a96ebb2d673dd5958,null,0,0,0,null
8157ad4db903ce414e096ebfd044d403be7b1251,null,0,0,0,null
aa8618e6a4a6edfa7a80174a4188c609ba9a4db8,null,0,0,0,null
963d0dfc248c2266ff8f1ab445ccaf9a944bea3e,null,0,0,0,null
c98791977f762e340ae8fbbb288bb7c54ef99948,null,0,0,0,null
11efe5efe6c56b4ab7a4eb45bb1db9332a2ca5ec,null,0,0,0,null
2e77b60f02eefd57413aac4894e3623536ebadfa,null,0,0,0,null
4a78da2fcdfe585e9a706548a6c89d1972c4073c,null,0,0,0,null
253c6dfcfa0bd668ca9f7c5e92108ec454ac9dab,null,0,0,0,null
427b5dc14be5e576f3064d9a924bd434a710dfc1,null,0,0,0,null
881efd60a1fac9a8b1aeb57f9fe2b8b61c4d4f00,null,0,0,0,null
90f4aa522b61b03f6a89be873757238894909b0d,null,0,0,0,null
707835c975b665cba3328621b23a5ead036e66d0,null,0,0,0,null
0a3bc4104f38371bc4aa7be420d5dc0912c1895b,null,0,0,0,null
32f97fad2a97bd3afbb3006f25131c99e35590c9,null,0,0,0,null
f15f2327e996673ed5f083b7007d27ec8c9122ee,null,0,0,0,null
a64afc0e5ac56c1f12818b389fb9d2f4e11c9b0e,null,0,0,0,null
50df626d7acf27380cd55efb4fa69eb38a34a4b4,null,0,0,0,null
43116e3e61ed27b8519e3efe556485d604b8c2c0,null,0,0,0,null
86cd20b22b040ac1020c1fc157a829a27cfa6e1a,null,0,0,0,null
00b9a42030c7d5a2f7bac93c8b0937e3e03279ed,null,0,0,0,null
6748e969844f6cf6e4be3a15ff0b3fa7cb1fa633,null,0,0,0,null
236235960074fc9ec39abbbd9f98b2d383d6523f,null,0,0,0,null
ca80fef6b84755c3554d58f53d5f8741138b3bb2,null,0,0,0,null
a3d398bc5fd461ae8a004fe79289da17c8b7e62b,null,0,0,0,null
cf8932feb019da5e9c91ea18ef05193df8a0b59d,null,0,0,0,null
a4b7ba1830df76648e244a0dc50ece632efbd613,null,0,0,0,null
74b4ae9aa999f1f8761f9ba7ae3b3f5795178317,null,0,0,0,null
a4b1e4fb8aa75cb4f705804b213c02799b340712,null,0,0,0,null
e9e1e3fbb3df3c885bfda14ff05a1cd925cc499a,null,0,0,0,null
54113af9d8b9b67da2a4d345ccfe1b794e5975bb,null,0,0,0,null
bc8d5716bc9c32d9f39fff8db3d819886be7f376,null,0,0,0,null
3b927513652a549376e5fa23559c6552279eaacf,null,0,0,0,null
6a6e3c6d46633faf3632d6fc9a0564188e632ab6,null,0,0,0,null
de73aff8ee837ad1509df141fc73de0b7b62145a,null,0,0,0,null
d39d5e87b4483e80debbe5d9e14d61246ff2d472,null,0,0,0,null
6d5f0b4d77d84424d1928223fbdefb22c9ad5573,null,0,0,0,null
6078d6bb2cabb493b0591d66d850a14fcafaa325,null,0,0,0,null
af5bc17a916a75017e51fea14a29d0a0470151f2,null,0,0,0,null
7321ba35ba278c6d1d5046ab69c9e49796c8b011,null,0,0,0,null
9bd3b1a80e18614af1e47c268f5b139871a95d98,null,0,0,0,null
73153d2dacaa5c60d2796f973972f7db314d376c,null,0,0,0,null
affc127352124a0ed94dceb8475d66fca4207b2d,null,0,0,0,null
11c434eb4851a62c3d4f5256968b7f1c896a4044,null,0,0,0,null
e103be6480be4c5798d08b99bbb28d6d5b2c987c,null,0,0,0,null
be425bbb694b794460a646b34b0a101195dd17a6,null,0,0,0,null
442507e512a3edcda601f7080746fc22468c4776,null,0,0,0,null
02822935977f8546d9bfed2bf11e0c8a3f9f8655,null,0,0,0,null
4e7ac497706dc25be93600705a8c215b072586ce,null,0,0,0,null
324803aaa4f9359082a5a11222b2b62971ad1bd0,null,0,0,0,null
2a888d88add83423181cc478438fedb48fc43057,null,0,0,0,null
afba36c59b53db0da69b2660f308906056194fd7,null,0,0,0,null
46d585fe672106749f54a92a84dd1d3c23cfc303,null,0,0,0,null
0fb12cbc2d267d746d66526045cf6abcbce62391,null,0,0,0,null
22a2cd5032b9007e2cec15243f1bbedb86988996,null,0,0,0,null
1e9ef4017e180888988abf261a107dbca8d0dc5d,null,0,0,0,null
d9fa6aa2f99524e9207aa89285e033c61ebd9cae,null,0,0,0,null
aee6edc2400d2a0664c1c3af4a5b81adce1f3bf7,null,0,0,0,null
1629c71ee032014b47c5156dcc94d99563f7cf99,null,0,0,0,null
7d68457bd037398c32e68056d6f0cfa6cf43090c,null,0,0,0,null
5a86de9e55315907e0028530b4161f89d7ebb539,null,0,0,0,null
f8e78505e6dd695342dd907437af29037aa42eed,null,0,0,0,null
788900e3f0ae77e7d18c1dbd489e83913ff2d41b,null,0,0,0,null
3641ab610a49ba35976e743ce4cdb73c3a8d2f5f,null,0,0,0,null
a402fba203ea50c26551b61977b6e5693d5a819a,null,0,0,0,null
ee22515c25277b16881a61b5a641b5bd6b3fad31,null,0,0,0,null
5819df34bfb09ed6e3fdb31282eb957e3cc49c62,null,0,0,0,null
239bb345b69035640006aaad4efffe578745b7c4,null,0,0,0,null
b27f5e3f4363db975caad455844f53db29248cba,null,0,0,0,null
4e1f12672f47e84994cc5f9869896117516c5d08,null,0,0,0,null
8524a7b478298d4ad010d99dd7d0cce697d33914,null,0,0,0,null
75a561ff192b248bdedc449d6a03959bd46ce709,null,0,0,0,null
b05ec61540b2ea26ddd66d4255422d32dc29aaa1,null,0,0,0,null
