9be9b0b95444595eb2bb60428d62bc249681c426,4528bcd3dd570c90e24da12b08981b31399b59b2,46,46,0,Normal,NULL,NULL,46
4528bcd3dd570c90e24da12b08981b31399b59b2,621336d9fd3e298a19461047adfd94f43a5a6863,155,155,0,Normal,NULL,NULL,0
621336d9fd3e298a19461047adfd94f43a5a6863,d955249897834c2e48c323d845269e87e8e22ff7,30,20,10,#,NULL,NULL,26
d955249897834c2e48c323d845269e87e8e22ff7,9f3335fabf0e3b631a6775b1ada2f571b5ccb84b,187,89,98,Normal,NULL,NULL,94
9f3335fabf0e3b631a6775b1ada2f571b5ccb84b,82ca308a3b8825a1bcbe4c5c50d0329a76e96015,51,27,24,Format,NULL,NULL,51
82ca308a3b8825a1bcbe4c5c50d0329a76e96015,3f38fd0aacf02348577045d9a887108e30a04db8,127,119,8,Normal,NULL,NULL,114
3f38fd0aacf02348577045d9a887108e30a04db8,ed851da0b724a4ff1551834a748644357703cfe6,17,16,1,#,NULL,NULL,17
ed851da0b724a4ff1551834a748644357703cfe6,8f0b4b1928a23d09e17b850d351cf6835f48c05d,1,1,0,#,NULL,NULL,0
8f0b4b1928a23d09e17b850d351cf6835f48c05d,f7a7e962b1fde9f5d869f72671635abcb111a82a,35,34,1,#,NULL,NULL,35
f7a7e962b1fde9f5d869f72671635abcb111a82a,bdfc3903e11031e2403f2ef426ec6f83a621c10c,33,33,0,Normal,NULL,NULL,33
239907d63bd3059fd5d1961177b349b99e19408c,66a7583c4cd7abbb1a54fc3778e8d4197d890058,33,33,0,Normal,NULL,NULL,33
66a7583c4cd7abbb1a54fc3778e8d4197d890058,bdfc3903e11031e2403f2ef426ec6f83a621c10c,2,1,1,Normal,NULL,NULL,2
bdfc3903e11031e2403f2ef426ec6f83a621c10c,0647866423602b9138d1ae3673429fd0bce15525,9,9,0,#,NULL,NULL,9
8b79ca3d2b40c23aaf3a97cc6f2d12dcaa5fa1ab,0647866423602b9138d1ae3673429fd0bce15525,9,9,0,Normal,NULL,NULL,9
0647866423602b9138d1ae3673429fd0bce15525,e2e952a9be85c57eed8c70d7315281a6724b7049,14,14,0,#,NULL,NULL,14
57c44958bfc5b153bcda820589a5c7b7d4c93301,e2e952a9be85c57eed8c70d7315281a6724b7049,14,14,0,fix #,ISSUE,NULL,14
e2e952a9be85c57eed8c70d7315281a6724b7049,0317bc10f4bc6afcb8d02a782c827716a6958c89,33,28,5,Normal,NULL,NULL,33
0317bc10f4bc6afcb8d02a782c827716a6958c89,e3bda5b1b489bac4e7ca70e0a29550c47c38f28b,12,6,6,Normal,NULL,NULL,12
e3bda5b1b489bac4e7ca70e0a29550c47c38f28b,6696490ce3f813c423526443590ded7bd6b121ea,5,4,1,Format,NULL,NULL,5
6696490ce3f813c423526443590ded7bd6b121ea,4cacbeb7da8d9177de9def074aeec3f4bf835d78,2,2,0,Normal,NULL,NULL,2
4cacbeb7da8d9177de9def074aeec3f4bf835d78,649ce5f1e456e232ae7ec6229b2908db34d4dd8a,5,4,1,Normal,NULL,NULL,5
649ce5f1e456e232ae7ec6229b2908db34d4dd8a,5cd0544e6ff809c9b5574fb3fc183dc9b9570439,0,0,0,Normal,NULL,NULL,0
5cd0544e6ff809c9b5574fb3fc183dc9b9570439,6a58560bbd864cb89adc1ed76f7ccb68d2e7a911,6,3,3,Normal,NULL,NULL,4
6a58560bbd864cb89adc1ed76f7ccb68d2e7a911,33e0ec7a880013e7ce5db152ec97bd27398496db,4,2,2,Normal,NULL,NULL,4
33e0ec7a880013e7ce5db152ec97bd27398496db,94ed966b9cb3f753359e3220b6c61101f86f5202,18,2,16,Comment,NULL,NULL,18
94ed966b9cb3f753359e3220b6c61101f86f5202,d298e0b09925fbba672ed205d34805a68190f27c,4,2,2,fix #,ISSUE,NULL,4
d298e0b09925fbba672ed205d34805a68190f27c,null,0,0,0,null
7c283bd7ef12795cdb8256a58f0596ae484f53a1,037e12b301045aa9be89bb9004eb0c832179c934,9,2,7,Normal,NULL,NULL,9
037e12b301045aa9be89bb9004eb0c832179c934,7d11b6c0347ea1a623049f817da59fd0d3a29d92,131,99,32,fix #,ISSUE,NULL,123
7d11b6c0347ea1a623049f817da59fd0d3a29d92,938736a49b65977ba84a4aa646696e156521c5bb,62,57,5,fix #,ISSUE,NULL,62
938736a49b65977ba84a4aa646696e156521c5bb,b0e760f004688fccfbe569708d298f39c1955e1d,38,2,36,Normal,NULL,NULL,38
b0e760f004688fccfbe569708d298f39c1955e1d,6d52b32a7fee75bbbc887670804c02b0d63a9872,41,41,0,fix #,ISSUE,NULL,41
6d52b32a7fee75bbbc887670804c02b0d63a9872,866451e08c46823c3fd3fa3ea30b5cfd41bf97d2,2,1,1,fix #,ISSUE,NULL,2
866451e08c46823c3fd3fa3ea30b5cfd41bf97d2,a6ae2e4b24241ad8a4430f3aa55f99ca934f69b3,40,21,19,Document,ISSUE,NULL,32
a6ae2e4b24241ad8a4430f3aa55f99ca934f69b3,6d4ad50d7951ff5341ae98a310553542ec193636,11,10,1,#,ISSUE,NULL,11
6d4ad50d7951ff5341ae98a310553542ec193636,2360c24133bd4f05870415a26740158f36e00330,2,2,0,Document,NULL,NULL,0
2360c24133bd4f05870415a26740158f36e00330,65458c92037beabc9a6b1ac63e2af7822113f663,2,1,1,fix #,ISSUE,NULL,2
65458c92037beabc9a6b1ac63e2af7822113f663,594a08f5a6519a56ac216f74b19ef88166fbf760,248,90,158,fix #,ISSUE,NULL,248
594a08f5a6519a56ac216f74b19ef88166fbf760,550e149e1e2e423cc5ca8b059077bb948d1d442e,17,9,8,fix #,ISSUE,NULL,17
550e149e1e2e423cc5ca8b059077bb948d1d442e,351a34b7e1d0876df421f3817dccf72382101168,2,1,1,Normal,NULL,NULL,0
351a34b7e1d0876df421f3817dccf72382101168,bf9bcd74b9623e26341433fe54aa82cbe3801bb7,3,3,0,Normal,NULL,NULL,0
bf9bcd74b9623e26341433fe54aa82cbe3801bb7,1ce9ac119c1d31513632febc993df2950a7b0788,6,3,3,Normal,NULL,NULL,0
1ce9ac119c1d31513632febc993df2950a7b0788,7a29642b35fe199b6781a2af4df4ebf9cd50c53b,14,9,5,Document,NULL,NULL,0
7a29642b35fe199b6781a2af4df4ebf9cd50c53b,6c5d31cbf6b77985b6a7fa05d0dcbd1e0585903c,159,78,81,Normal,NULL,NULL,114
8efe667978b5cf359d0dd8619520ef59ed44d5a0,df6199d1b8c566ddf9fee3f37aa68ec76a6977b3,2,2,0,Document,NULL,NULL,0
1c2e1abc27a453f62d531b3f3be0ccce786fe1a4,df6199d1b8c566ddf9fee3f37aa68ec76a6977b3,2,2,0,Document,NULL,NULL,0
df6199d1b8c566ddf9fee3f37aa68ec76a6977b3,6c5d31cbf6b77985b6a7fa05d0dcbd1e0585903c,12,7,5,Document,NULL,NULL,0
6c5d31cbf6b77985b6a7fa05d0dcbd1e0585903c,6c1efaa2d78d8d36d09b0f1baa006f371708dcc6,22,22,0,Document,NULL,NULL,0
6c1efaa2d78d8d36d09b0f1baa006f371708dcc6,0fa2b08208d09803d2ff4779d2e6c5a41dfa00ac,159,81,78,Normal,NULL,NULL,114
0fa2b08208d09803d2ff4779d2e6c5a41dfa00ac,7e321f8eb025c27a59cea2548a2053cdde21a2a0,4,4,0,#,NULL,NULL,4
e03d70a4079c2d4aa5547270b5136f1077888ec7,7e321f8eb025c27a59cea2548a2053cdde21a2a0,4,4,0,Normal,NULL,NULL,4
7e321f8eb025c27a59cea2548a2053cdde21a2a0,null,0,0,0,null
3be3f265d8d52274ebac6f278f2264421ab91350,e3a3a7ec33d0067e3c6a0592c283ca44211d178b,54,38,16,Normal,NULL,NULL,54
80b6bc377150e20339d888345285ee1e0e04f741,6cdfc22f1cf1a3463c476eaa751bd4428688d10d,1,0,1,#,NULL,NULL,0
74daaaf73302590109b6655fa30129a0a8c463b2,6cdfc22f1cf1a3463c476eaa751bd4428688d10d,1,0,1,Normal,NULL,NULL,0
6cdfc22f1cf1a3463c476eaa751bd4428688d10d,a1fd5952edcd147bbe08e0c5625f22e08ed37299,68,63,5,fix #,ISSUE,NULL,68
a1fd5952edcd147bbe08e0c5625f22e08ed37299,d774daaa22f8992eda358850180623f99f0cff12,21,21,0,Normal,NULL,NULL,21
d774daaa22f8992eda358850180623f99f0cff12,b28368852e26b0cd136ea31599ffa5755484acd6,14,13,1,Document,NULL,NULL,0
b28368852e26b0cd136ea31599ffa5755484acd6,a2cbd6d3456d1e4e37daec7edebb1982c8ec6042,2,1,1,fix #,ISSUE,NULL,0
a2cbd6d3456d1e4e37daec7edebb1982c8ec6042,2e04f295a23db85317ffc23c0295e2922c2fd6dd,58,57,1,fix #,ISSUE,NULL,58
2e04f295a23db85317ffc23c0295e2922c2fd6dd,d93ef69cf643e1e74fd595400f3b3aa8074f1440,28,21,7,#,NULL,NULL,28
d93ef69cf643e1e74fd595400f3b3aa8074f1440,aa6a323d856139e819e9fe00549f189c0ad6d48f,225,126,99,fix #,ISSUE,NULL,225
aa6a323d856139e819e9fe00549f189c0ad6d48f,4c3ac473008927c3347123e6d49d1515a0c46ac3,787,724,63,fix #,ISSUE,NULL,787
4c3ac473008927c3347123e6d49d1515a0c46ac3,f8ac9823dddc318bb03067463b17400933c917fe,159,80,79,fix,NULL,NULL,159
e3a3a7ec33d0067e3c6a0592c283ca44211d178b,807143052b83fd680e07bd274cc17dc25ab14cb9,823,407,416,fix #,ISSUE,BUG,823
807143052b83fd680e07bd274cc17dc25ab14cb9,b4f3a8e4c85d251ceb81c4d80f703a73ee078e36,70,64,6,fix,NULL,NULL,70
b4f3a8e4c85d251ceb81c4d80f703a73ee078e36,60a3cff3d0426b6707601febdd21c407afc630cb,406,397,9,fix,NULL,NULL,406
f8ac9823dddc318bb03067463b17400933c917fe,c77bf5386edb3463a2d33b64065676f903315675,55,53,2,fix #,ISSUE,NULL,55
60a3cff3d0426b6707601febdd21c407afc630cb,eee3467492a754efd874b9ec20deff98b4ac7395,246,41,205,Normal,NULL,NULL,246
c77bf5386edb3463a2d33b64065676f903315675,db3bd1784990ce92183d6d79dc91abd9b005e26f,66,56,10,fix #,ISSUE,NULL,66
db3bd1784990ce92183d6d79dc91abd9b005e26f,5858d78f730e9a66e72d93aed9aab40772a0b2cc,13,6,7,fix #,ISSUE,NULL,13
5858d78f730e9a66e72d93aed9aab40772a0b2cc,19c21100ec01850a32a72bbf2ec98dbef5d2895d,5,1,4,Normal,NULL,NULL,5
19c21100ec01850a32a72bbf2ec98dbef5d2895d,d1efc9f74563c1acb974c673d319ffc1877e9809,2,1,1,Normal,NULL,NULL,0
eee3467492a754efd874b9ec20deff98b4ac7395,6c0006ad98ecc56dd9f5cb2a000414d5d323fc69,225,114,111,Normal,NULL,NULL,225
d1efc9f74563c1acb974c673d319ffc1877e9809,e1a749fa315cb4ad8ce02b991e469012ca8eab51,66,31,35,fix #,ISSUE,NULL,66
e1a749fa315cb4ad8ce02b991e469012ca8eab51,fe6e17c14d059ba937bbe3decaa07e7e329dd39c,3,2,1,fix #,ISSUE,NULL,3
fe6e17c14d059ba937bbe3decaa07e7e329dd39c,ff6272ebfc00de7c73d7342055c695a0f2b2aad5,15,13,2,Normal,NULL,NULL,15
ff6272ebfc00de7c73d7342055c695a0f2b2aad5,585d5182cfcd1aef891c17bdbec21522c4bc963d,2,2,0,fix #,ISSUE,NULL,2
585d5182cfcd1aef891c17bdbec21522c4bc963d,a38a8b13a7d72295d7320a8d792b6ad9ecb2a027,5,4,1,fix #,ISSUE,NULL,5
a38a8b13a7d72295d7320a8d792b6ad9ecb2a027,1ff2a7e20cca44c3d52d6521489997fcea7e3021,12,6,6,fix #,ISSUE,NULL,12
1ff2a7e20cca44c3d52d6521489997fcea7e3021,3844ca30365dcb629219c527e0a99a6cf83b9e98,23,14,9,fix #,ISSUE,NULL,23
3844ca30365dcb629219c527e0a99a6cf83b9e98,cdc72abbfb57780fe57778ea1d2120953b3fa77e,63,41,22,Normal,NULL,NULL,63
cdc72abbfb57780fe57778ea1d2120953b3fa77e,7aa719ea41cf9bb4b013007a2ec0fed06a58bd54,25,21,4,fix #,ISSUE,NULL,25
6c0006ad98ecc56dd9f5cb2a000414d5d323fc69,0542b56a0c136e57d8899484c4aaaa35e5bbe531,235,234,1,Normal,NULL,NULL,235
7aa719ea41cf9bb4b013007a2ec0fed06a58bd54,4a85705f85a68a47d760cb2ea7480dfc1f56ce51,8,4,4,fix #,ISSUE,NULL,8
4a85705f85a68a47d760cb2ea7480dfc1f56ce51,e04fccc03834016a706d6b189660a096751b1b5a,74,17,57,fix #,ISSUE,NULL,74
e04fccc03834016a706d6b189660a096751b1b5a,5f8ff82cfdf31626ec77646f79ca7710f3ce4ad8,1,1,0,#,NULL,NULL,0
5f8ff82cfdf31626ec77646f79ca7710f3ce4ad8,07a0551096f66f51669260a424460d84cce8c573,1,1,0,fix #,ISSUE,NULL,1
0542b56a0c136e57d8899484c4aaaa35e5bbe531,3a75f609156c65ac0e50002d2731d9d6116bd2e1,16,11,5,Comment,NULL,NULL,16
3a75f609156c65ac0e50002d2731d9d6116bd2e1,5c052d9b49d9385faf57d97af2d4490df314ec3a,290,149,141,Normal,NULL,NULL,290
5c052d9b49d9385faf57d97af2d4490df314ec3a,5dd7675f9033e6a5a9654aa2a2175132e34d4232,9,8,1,fix,NULL,NULL,9
5dd7675f9033e6a5a9654aa2a2175132e34d4232,58c64a30cf5028b14e790d9d267d5e51d8cb6e20,26,21,5,fix,NULL,NULL,26
58c64a30cf5028b14e790d9d267d5e51d8cb6e20,29491ff95135af9813f9d569a60a2352fcd76ff4,43,37,6,fix,NULL,NULL,43
29491ff95135af9813f9d569a60a2352fcd76ff4,3f22e62a8807909f21d2b5d412dd38e6598f7198,196,140,56,Normal,NULL,NULL,196
07a0551096f66f51669260a424460d84cce8c573,4142836f2f468b5fa6e04664770ade9b33105605,106,102,4,#,NULL,NULL,92
3f22e62a8807909f21d2b5d412dd38e6598f7198,4142836f2f468b5fa6e04664770ade9b33105605,106,102,4,#,NULL,NULL,92
4142836f2f468b5fa6e04664770ade9b33105605,c10251d43a06dbcccfcdf74277d965333f9dee29,12,6,6,#,NULL,NULL,12
c8fe3b5f2e1d8968f0898b70a77d5c4bf3a7abfa,c10251d43a06dbcccfcdf74277d965333f9dee29,12,6,6,Normal,NULL,NULL,12
c10251d43a06dbcccfcdf74277d965333f9dee29,3883cfce3756d002ae83b872d1e5d46da0df24db,8,6,2,#,NULL,NULL,0
3883cfce3756d002ae83b872d1e5d46da0df24db,9af32372b091ee9db46c82d92366877116262ef4,6,3,3,Document,NULL,NULL,4
0b6ae7e5edc81c52504a965d856889b64939f509,9af32372b091ee9db46c82d92366877116262ef4,1,1,0,Normal,NULL,NULL,0
9af32372b091ee9db46c82d92366877116262ef4,ddf2b88b3abdb2d327169fd65a241048dd4785df,6,5,1,#,ISSUE,NULL,4
ddf2b88b3abdb2d327169fd65a241048dd4785df,085c81420cf763d6160c69b5200a95f8dd9a446d,28,0,28,Normal,NULL,NULL,27
085c81420cf763d6160c69b5200a95f8dd9a446d,7265de118dce7bcd62645fd84207864915517c63,23,18,5,fix #,ISSUE,NULL,23
7265de118dce7bcd62645fd84207864915517c63,189e873461c07462975afdaddb48714246e0c223,56,28,28,#,NULL,NULL,56
248e5cc104e031deea8752580d643810cfb8f40c,cefd0d3ea41eb61a6e8339e3495134592999d966,23,18,5,#,ISSUE,NULL,23
189e873461c07462975afdaddb48714246e0c223,null,0,0,0,null
d059c02ba30a0194dc0b01edd541bc9356a1e7e0,42bfb9bb232655dacc87949321b40311e6e63984,334,331,3,#,NULL,NULL,295
42bfb9bb232655dacc87949321b40311e6e63984,cefd0d3ea41eb61a6e8339e3495134592999d966,53,47,6,#,NULL,NULL,53
cefd0d3ea41eb61a6e8339e3495134592999d966,82221c68d74e72917ba26f90fcba53a22a5867c8,17,17,0,#,NULL,NULL,16
82221c68d74e72917ba26f90fcba53a22a5867c8,29b26e22320de45c58f3ff2b54f0506adfabd61b,2,1,1,Normal,NULL,NULL,0
29b26e22320de45c58f3ff2b54f0506adfabd61b,0869943ce89ca0e0c82af9469961147fac33e064,1,1,0,Normal,NULL,NULL,1
b374915e5ec1334d4d9bbacb5696a82d4787c2db,0869943ce89ca0e0c82af9469961147fac33e064,17,17,0,Normal,NULL,NULL,16
0869943ce89ca0e0c82af9469961147fac33e064,46c1161dbaec5d758a27748174c4d4b470e84090,77,39,38,Normal,NULL,NULL,74
46c1161dbaec5d758a27748174c4d4b470e84090,b33b5ca9bfce4e211b765a07f36d8ea218eddfdb,8,6,2,Normal,NULL,NULL,8
b33b5ca9bfce4e211b765a07f36d8ea218eddfdb,0a481a573c703443b9186a36acf846fee6ec636c,9,9,0,Normal,NULL,NULL,0
0a481a573c703443b9186a36acf846fee6ec636c,null,0,0,0,null
6e47de16f8980c8f1ddd60e9d0a4b82839a53024,null,0,0,0,null
fe3bee36add7f0678368d8635e48920ebae3fe19,null,0,0,0,null
415931a130991341dbab3fdafec7e0430e2cb3cf,bf5861babd892dc54b0bca8cdd2b3f7d9db6712e,25,22,3,#,NULL,NULL,24
bf5861babd892dc54b0bca8cdd2b3f7d9db6712e,9b81ca198a38ebfe1355091d40062ce9007bc2ab,3,3,0,#,ISSUE,NULL,3
9b81ca198a38ebfe1355091d40062ce9007bc2ab,e1946acce2f3a0a8d9d8cb8027a58f7dc909252c,27,25,2,#,NULL,NULL,27
e1946acce2f3a0a8d9d8cb8027a58f7dc909252c,4a54d40da43549908cda88b5814c531ff97c31a3,3,3,0,#,NULL,NULL,3
4a54d40da43549908cda88b5814c531ff97c31a3,78e7e9fa715326d314caa3d9e580ce0c5d23691d,11,11,0,Normal,NULL,NULL,0
78e7e9fa715326d314caa3d9e580ce0c5d23691d,2726336b3a56d343457b453d9be76b793ea2ebc0,8,8,0,fix #,ISSUE,NULL,8
3fa8ec0e54e7de764ff49425a8b64c2f6be98d4d,2726336b3a56d343457b453d9be76b793ea2ebc0,8,8,0,#,ISSUE,NULL,8
24054895bc5c594c31aea099080645f2dddeb354,2726336b3a56d343457b453d9be76b793ea2ebc0,3,3,0,Normal,NULL,NULL,3
8e29aea8b5403d3827088c6c8713454668834300,e2ec7e85602c483079579a74fe3c707b0dab6281,2,1,1,Normal,NULL,NULL,2
e2ec7e85602c483079579a74fe3c707b0dab6281,2726336b3a56d343457b453d9be76b793ea2ebc0,27,25,2,Normal,NULL,NULL,27
2726336b3a56d343457b453d9be76b793ea2ebc0,d584349eecdf7f4aa921478b03429aa322511b21,4,2,2,Normal,NULL,NULL,0
d584349eecdf7f4aa921478b03429aa322511b21,b018a188aeda6841841bf6df60fcf5acf30d92c4,2,1,1,Normal,NULL,NULL,2
b018a188aeda6841841bf6df60fcf5acf30d92c4,75dfa785d71c97c140f7911e2243c21614b2be54,22,9,13,#,ISSUE,NULL,22
75dfa785d71c97c140f7911e2243c21614b2be54,85a7a9bb346e2d302a895640d1f2628f7b3c9ff0,6,5,1,#,ISSUE,NULL,6
85a7a9bb346e2d302a895640d1f2628f7b3c9ff0,ffe13672f224b19262b9a5069fd03b06e2c67379,1,1,0,fix #,ISSUE,NULL,1
a1160535101544b86ce01e61bdbea5a4a5f4c755,ffe13672f224b19262b9a5069fd03b06e2c67379,1,1,0,#,ISSUE,NULL,1
8c3d9f8c396c1e6fd15db6c79d5f77e37c2ba893,ffe13672f224b19262b9a5069fd03b06e2c67379,25,22,3,Normal,NULL,NULL,24
ffe13672f224b19262b9a5069fd03b06e2c67379,1961b8a90d7bb1dd1ff727c6a8f97fd338dc084b,67,56,11,fix #,ISSUE,NULL,67
1961b8a90d7bb1dd1ff727c6a8f97fd338dc084b,08fe5177ef2217bc33ba707328615e1ce23c020f,2,1,1,fix #,ISSUE,NULL,2
08fe5177ef2217bc33ba707328615e1ce23c020f,null,0,0,0,null
83da86efb10923de5200f3e4979b8383e7313e0e,218e47e8b7e87e7f00980427d3a4f748e0b3f70d,2,1,1,Comment,ISSUE,NULL,2
218e47e8b7e87e7f00980427d3a4f748e0b3f70d,fc6387934df91c99129980158b08d353b1bccb9e,48,25,23,#,NULL,NULL,48
0ac1330d590349dfc9d005e5fd303c814c642f69,fc6387934df91c99129980158b08d353b1bccb9e,2,1,1,#,ISSUE,NULL,2
3bf6f9b31f4d2f47ac65c76d973fa0bb35e0ce11,fc6387934df91c99129980158b08d353b1bccb9e,48,25,23,Normal,NULL,NULL,48
fc6387934df91c99129980158b08d353b1bccb9e,382f24666a17dc68986b009cf292b172e1e35cd9,2,1,1,Normal,NULL,NULL,0
d4561925a0a7d637bae14b389570815d64870823,398844fd2881527baa194454ccf3b334fb37d0f5,64,54,10,Normal,NULL,NULL,64
382f24666a17dc68986b009cf292b172e1e35cd9,null,0,0,0,null
398844fd2881527baa194454ccf3b334fb37d0f5,fa2b3927077b14922c7ca9609fbe8eb0ec957076,3,2,1,fix,ISSUE,NULL,3
fa2b3927077b14922c7ca9609fbe8eb0ec957076,02a500e76200cb6777da17cb5280a8aeebe6ec33,93,50,43,Normal,NULL,NULL,87
02a500e76200cb6777da17cb5280a8aeebe6ec33,e88120cb4a65a58d1b01f6ab2f8afdedb50c82aa,567,228,339,Normal,NULL,NULL,567
e88120cb4a65a58d1b01f6ab2f8afdedb50c82aa,null,0,0,0,null
7cacb70148b21cc1bf836e9ef52a36e9f16de570,a1d2b812a32d3817cd472d5aab57423c84e19d2b,8,7,1,Normal,NULL,NULL,8
a1d2b812a32d3817cd472d5aab57423c84e19d2b,e6058e819ab295d45486ae7a5145c56f54a22f46,6,5,1,Normal,NULL,NULL,6
e6058e819ab295d45486ae7a5145c56f54a22f46,5f2097ade646061a374e499d48ec7eda0bef75a3,182,91,91,Normal,NULL,NULL,182
5f2097ade646061a374e499d48ec7eda0bef75a3,aeddcf4b80bb4a5568e9fcdeaa528a0a204c8d1a,17,10,7,fix #,ISSUE,NULL,17
aeddcf4b80bb4a5568e9fcdeaa528a0a204c8d1a,0469352e1eb5974103d30892b167c81a080c7f83,170,131,39,fix #,ISSUE,NULL,170
7e8d010db27debd75ab71514beb868391e8fec53,0469352e1eb5974103d30892b167c81a080c7f83,42,25,17,fix #,ISSUE,NULL,42
514b058ca93ad760412834e7ed07b7f52ab07f78,0469352e1eb5974103d30892b167c81a080c7f83,2,1,1,Comment,NULL,NULL,2
0469352e1eb5974103d30892b167c81a080c7f83,384508dd45dd54898af3bcaa487505e97e4d6a12,16,16,0,fix #,ISSUE,NULL,16
384508dd45dd54898af3bcaa487505e97e4d6a12,54c720c1bce51c250c6ef8c913fa717a41450ef4,2,1,1,Normal,NULL,NULL,0
54c720c1bce51c250c6ef8c913fa717a41450ef4,6d5e8ec47335a67f67ae4d3368770adcab23d5da,10,10,0,#,NULL,NULL,10
6d5e8ec47335a67f67ae4d3368770adcab23d5da,1a82a8df1f371911f788f42c7befb2d9dbb0467a,72,0,72,Normal,NULL,NULL,72
1a82a8df1f371911f788f42c7befb2d9dbb0467a,05848195b15e712d175ef60f295ca93fbbb9742c,14,12,2,#,NULL,NULL,14
05848195b15e712d175ef60f295ca93fbbb9742c,98f24c21e54aeb18354e48d1a2eb7243b439d236,1,1,0,#,NULL,NULL,1
23e0a718773fec3fb5a54f1759892149f3927ca9,98f24c21e54aeb18354e48d1a2eb7243b439d236,14,12,2,Normal,NULL,NULL,14
f35ebc64d1e99a3cf519f49f58f0e21f4489a65d,98f24c21e54aeb18354e48d1a2eb7243b439d236,1,1,0,Normal,NULL,NULL,1
98f24c21e54aeb18354e48d1a2eb7243b439d236,9524b9cfb50964f90f047dbd265ac9a379b3bc29,29,17,12,fix #,ISSUE,NULL,29
9524b9cfb50964f90f047dbd265ac9a379b3bc29,9f161006a57eb62c586b8c01fd480b6b92d52e77,9,8,1,#,NULL,NULL,9
9f161006a57eb62c586b8c01fd480b6b92d52e77,5bb6e4b85b8c0d76b8a43e0519af2cefc44fa887,125,105,20,fix #,ISSUE,NULL,125
5bb6e4b85b8c0d76b8a43e0519af2cefc44fa887,c3a4b2a2483a712b7b4df5d91221279b0f7f0b72,23,11,12,fix #,ISSUE,NULL,23
c3a4b2a2483a712b7b4df5d91221279b0f7f0b72,ba12fb0742b71d0032cc6f200bf0c5e8ee776124,31,30,1,fix #,ISSUE,NULL,31
ba12fb0742b71d0032cc6f200bf0c5e8ee776124,02b461583fab4a4270a36e365084c41abe2503ea,28,4,24,Normal,NULL,NULL,28
02b461583fab4a4270a36e365084c41abe2503ea,1ca36b98d7e0c4e7dad0e4d5a2ae7c019b771f86,14,11,3,Normal,NULL,NULL,14
1ca36b98d7e0c4e7dad0e4d5a2ae7c019b771f86,a82bf9a5f98b07b36efd89d86654b5258aa946e9,8,4,4,Normal,NULL,NULL,8
a82bf9a5f98b07b36efd89d86654b5258aa946e9,daf973b0d5876fdf9c43be99f3ccd21a177c772c,3,2,1,fix,NULL,NULL,3
daf973b0d5876fdf9c43be99f3ccd21a177c772c,9815cf45379567c0396dd5bf65054bb587fac808,37,27,10,fix #,ISSUE,NULL,37
9815cf45379567c0396dd5bf65054bb587fac808,8c4a38d12e132d29318a41232287c5efccf08ac3,34,25,9,fix #,ISSUE,NULL,29
8c4a38d12e132d29318a41232287c5efccf08ac3,ca1dba0e92fb33b8ffc6c27b16ae87dbfccb2652,42,40,2,fix #,ISSUE,NULL,42
ca1dba0e92fb33b8ffc6c27b16ae87dbfccb2652,60fe27f7446466c324cc855f8c76e33b8fddb48a,207,131,76,fix #,ISSUE,NULL,207
60fe27f7446466c324cc855f8c76e33b8fddb48a,c7ee9d31c19456373bb4c5bedfad174ac446e7fe,71,66,5,#,NULL,NULL,71
c7ee9d31c19456373bb4c5bedfad174ac446e7fe,359d04b3b62346961bbb207983bbc25cef41afa3,30,30,0,Normal,NULL,NULL,30
359d04b3b62346961bbb207983bbc25cef41afa3,19cc44f9f9df19d21cc8ba4c6303b4e81319e02f,72,69,3,Normal,NULL,NULL,72
19cc44f9f9df19d21cc8ba4c6303b4e81319e02f,2974829eb50d8d71eeb3fbeb21f890bf81201b73,31,31,0,fix #,ISSUE,NULL,31
2974829eb50d8d71eeb3fbeb21f890bf81201b73,054f2a172927c57333b2f74f64c35f586741c1c5,23,19,4,#,NULL,NULL,23
054f2a172927c57333b2f74f64c35f586741c1c5,2fc8bf70034e9e0d00d41e3356e7c9c8516fd03d,7,0,7,fix #,ISSUE,NULL,7
b9090e43c62cab161261d8bf62740c2330149f09,2fc8bf70034e9e0d00d41e3356e7c9c8516fd03d,7,0,7,fix,NULL,NULL,7
14bfdecb8acf8f9d10745f8f430ce50829e58bfe,2fc8bf70034e9e0d00d41e3356e7c9c8516fd03d,10,10,0,Normal,NULL,NULL,10
2fc8bf70034e9e0d00d41e3356e7c9c8516fd03d,715cae08c758943ef96025160e9b3f5b3db5bb2f,79,58,21,fix #,ISSUE,NULL,34
715cae08c758943ef96025160e9b3f5b3db5bb2f,70b19272a00bb4cce33e2b12fbe5a55c0346e54d,188,130,58,Normal,NULL,NULL,188
a6db2eed5ce92a963baa7138aca5225f44e8f45c,56f668da5e850d052bf4a60e9c23389a964e02be,188,130,58,Normal,NULL,NULL,188
70b19272a00bb4cce33e2b12fbe5a55c0346e54d,313f8f679d4516e94210c69160f36bff9f3e6f28,32,26,6,Normal,NULL,NULL,32
313f8f679d4516e94210c69160f36bff9f3e6f28,56f668da5e850d052bf4a60e9c23389a964e02be,8,7,1,fix #,ISSUE,NULL,8
56f668da5e850d052bf4a60e9c23389a964e02be,90796b20c972caa6bcc57b32db6110f9e34b27aa,41,39,2,Normal,NULL,NULL,41
8ea39b77e614f472d8ab3d0c5f884cfc806e0b9c,b9c5d6051f5e69e9d8a9fd9da2096868262c5463,15,6,9,Normal,NULL,NULL,15
b9c5d6051f5e69e9d8a9fd9da2096868262c5463,null,0,0,0,null
90796b20c972caa6bcc57b32db6110f9e34b27aa,null,0,0,0,null
5aa0f8622cc78e081b501d24eb59b627016bf451,85682a0da9ed59e2f842a9cd96834223f4d9c8c6,80,75,5,fix,NULL,NULL,80
85682a0da9ed59e2f842a9cd96834223f4d9c8c6,e7db11054ddaa382fccf1f4ce2ceff53f27d4b48,38,29,9,#,NULL,NULL,38
e7db11054ddaa382fccf1f4ce2ceff53f27d4b48,62f33863ab5cf225ae90d630c2cee1eac33b722a,5,1,4,fix #,ISSUE,NULL,5
62f33863ab5cf225ae90d630c2cee1eac33b722a,b75a44085dc8bb699419bcfcf8f3549c29a344f0,3,1,2,fix #,ISSUE,NULL,3
b75a44085dc8bb699419bcfcf8f3549c29a344f0,c51498ccc4c022dd10ebe43acd63a578e12009c3,2,1,1,Normal,NULL,NULL,0
c51498ccc4c022dd10ebe43acd63a578e12009c3,19a0401905020784f8bccddbe77553b9f16b8d67,84,42,42,fix,NULL,NULL,84
19a0401905020784f8bccddbe77553b9f16b8d67,d942200adf86ea85b0b098ff7cda9f11462d358f,56,34,22,#,NULL,NULL,56
d942200adf86ea85b0b098ff7cda9f11462d358f,b9165c670471a3b7c2608b2125974b2a31b90340,42,22,20,#,NULL,NULL,42
b9165c670471a3b7c2608b2125974b2a31b90340,3bf00d3d21e2f44254280a6f4d0ba9eaf451c63b,7,7,0,fix #,ISSUE,NULL,7
3bf00d3d21e2f44254280a6f4d0ba9eaf451c63b,72a8229e908f79ed1754eee152c071dc294867a6,14,7,7,Format,NULL,NULL,14
72a8229e908f79ed1754eee152c071dc294867a6,bb8fda5e9c1206a3f6e1c90ea5d27dae3d38c383,52,52,0,fix #,ISSUE,NULL,52
bb8fda5e9c1206a3f6e1c90ea5d27dae3d38c383,23f26b805c27c802a001d5ba94e65be581059a47,666,385,281,Normal,NULL,NULL,666
11670cdb1dd629f749016f2018c7a793d9cf81e9,9295113751cb916d472074593a6d55a8a937abd9,748,367,381,Normal,NULL,NULL,748
9295113751cb916d472074593a6d55a8a937abd9,23f26b805c27c802a001d5ba94e65be581059a47,638,378,260,Normal,NULL,NULL,638
23f26b805c27c802a001d5ba94e65be581059a47,52e2a22a459e1dce8d9e5ca7e5ba21d91e10bfd6,8,8,0,#,NULL,NULL,8
52e2a22a459e1dce8d9e5ca7e5ba21d91e10bfd6,177519e19bceb7de29f1580c1d3a444f39ecbae8,2,1,1,fix,NULL,NULL,2
177519e19bceb7de29f1580c1d3a444f39ecbae8,null,0,0,0,null
f4794966708f4ea2b9a8a076e2399d5082d9a211,59a03bba123ad2ddc85b3fc337db11ad3a54472a,7,5,2,fix #,ISSUE,NULL,7
59a03bba123ad2ddc85b3fc337db11ad3a54472a,7a82db7221b22af9de18da149d155a6f7df5183f,4,3,1,fix #,ISSUE,NULL,4
7a82db7221b22af9de18da149d155a6f7df5183f,4a4cc2e68934e70dbb7e545e9af0608a6ce0bbdc,2,1,1,fix #,ISSUE,NULL,2
4a4cc2e68934e70dbb7e545e9af0608a6ce0bbdc,d04400ad45894de1c3672566278c8f0c0cf5e7eb,31,26,5,fix #,ISSUE,NULL,31
d04400ad45894de1c3672566278c8f0c0cf5e7eb,10c72948e4010c5ead366ca3869b574be080bf29,21,19,2,Format,NULL,NULL,21
10c72948e4010c5ead366ca3869b574be080bf29,1745793830ed4fc2492d3b8c70587b53f59997fd,66,57,9,#,NULL,NULL,66
1745793830ed4fc2492d3b8c70587b53f59997fd,b59c443d8ea3af36090e8a6f9e03d4b73a53c415,65,51,14,Format,NULL,NULL,65
b59c443d8ea3af36090e8a6f9e03d4b73a53c415,82db628ac988d7dc4fab95ea5d99425e195d1ae8,16,6,10,fix,NULL,NULL,16
82db628ac988d7dc4fab95ea5d99425e195d1ae8,49a05fb5bb1b7770024fe8d311464d27e78a97fc,6,5,1,fix,ISSUE,BUG,6
49a05fb5bb1b7770024fe8d311464d27e78a97fc,f8b556832a44eeabdcadad3bef700ef63467d87a,12,12,0,Document,NULL,NULL,0
f8b556832a44eeabdcadad3bef700ef63467d87a,0802cb3841bce57aad170bc90cf95378c2af8386,193,193,0,#,NULL,NULL,193
0802cb3841bce57aad170bc90cf95378c2af8386,4a1549eff724b149629e840e5d4e500b7de94a09,3,3,0,#,NULL,NULL,2
4a1549eff724b149629e840e5d4e500b7de94a09,f9da13cbc0a9a2b4625a0fd09163a700b4d10318,16,15,1,#,NULL,NULL,16
b75f217167fa3139bb09e7914bedb7bb087b6c8f,null,0,0,0,null
25f82744a2007b0889dbce41e1ea6bfbe3696338,8b84fc6bb9bed9bc7a385eb941cf5ea2e073f648,17,16,1,Normal,NULL,NULL,17
8b84fc6bb9bed9bc7a385eb941cf5ea2e073f648,f9da13cbc0a9a2b4625a0fd09163a700b4d10318,8,4,4,#,NULL,NULL,8
f9da13cbc0a9a2b4625a0fd09163a700b4d10318,2e0fceef7ad1cb4b07ea39ef9c15d2e32c7fd566,34,19,15,fix #,ISSUE,NULL,34
83bc512ae2533cd08507f96357a9ec41b39c1031,2e0fceef7ad1cb4b07ea39ef9c15d2e32c7fd566,44,42,2,fix,NULL,NULL,44
e10e42681f93acdeae3e3a195546d4ce247a6de3,null,0,0,0,null
f58b56b828c470b1cb78ca7a1f81160efe48354e,b1ec293f3f3d2afec2a6ffd1f4f6724fa1f46193,3,1,2,Normal,NULL,NULL,3
b1ec293f3f3d2afec2a6ffd1f4f6724fa1f46193,b245038da968083d0abe960b1dc9a7f59d1a0a04,5,3,2,Normal,NULL,NULL,5
b245038da968083d0abe960b1dc9a7f59d1a0a04,cc6afd94cdcebbfdc6c078e6f770e47da3928727,18,9,9,Format,NULL,NULL,18
cc6afd94cdcebbfdc6c078e6f770e47da3928727,2e0fceef7ad1cb4b07ea39ef9c15d2e32c7fd566,193,193,0,Normal,NULL,NULL,193
1c31eff7af6ef5acea2ad66900602530c6e04f75,560eb7356560810f96d38e1a3ea46243cafa08ec,7,4,3,Normal,NULL,NULL,7
560eb7356560810f96d38e1a3ea46243cafa08ec,b69f3818fb728d45e35b97d327a4afac31b96519,45,41,4,Normal,NULL,NULL,45
b69f3818fb728d45e35b97d327a4afac31b96519,6da464ab02dfc7bf941d33dff80a64260134e529,7,6,1,Normal,NULL,NULL,7
6da464ab02dfc7bf941d33dff80a64260134e529,2e0fceef7ad1cb4b07ea39ef9c15d2e32c7fd566,7,6,1,Normal,NULL,NULL,7
4e7d8067449f666ff7a1f2f792f4a8fbedb7734f,2e0fceef7ad1cb4b07ea39ef9c15d2e32c7fd566,8,8,0,Normal,NULL,NULL,8
2e0fceef7ad1cb4b07ea39ef9c15d2e32c7fd566,2d2c96af348b5118aaf6e60604b4807efa2a0d2b,2,1,1,Normal,NULL,NULL,0
2d2c96af348b5118aaf6e60604b4807efa2a0d2b,27f50ee6b9a7b1d218c8863cbf0e0063bc9414f3,14,1,13,Normal,NULL,NULL,14
27f50ee6b9a7b1d218c8863cbf0e0063bc9414f3,1b1ee57db7dfe995a37f2fb4fb11611a65322463,38,34,4,fix #,ISSUE,NULL,38
1b1ee57db7dfe995a37f2fb4fb11611a65322463,9d994a4b0c1c6f89521fb4e1304657f45a5e1d43,23,12,11,fix #,ISSUE,NULL,20
9d994a4b0c1c6f89521fb4e1304657f45a5e1d43,0ada95d913158ae608e4e64ca3375eb6b1631cf9,213,145,68,#,NULL,NULL,148
8094814cd3d733e1d331b56527f3a5d51634f6ae,c241f80aa198e01f08cee37be115a65216062ee4,7,4,3,Normal,NULL,NULL,5
c241f80aa198e01f08cee37be115a65216062ee4,6fc2f753ecddfaf71fac6ec251536a0d4fcabe14,36,36,0,Normal,NULL,NULL,36
6fc2f753ecddfaf71fac6ec251536a0d4fcabe14,32904d9356e1e88189a71db1bbc99eb8e7028148,4,2,2,fix,ISSUE,NULL,4
32904d9356e1e88189a71db1bbc99eb8e7028148,765a3e0803c21ca95111d198eaec4f3c082201d0,48,30,18,Normal,NULL,NULL,0
765a3e0803c21ca95111d198eaec4f3c082201d0,814fc471d9cb7db2154897d570b1f15201e1f8b6,102,60,42,Normal,NULL,NULL,85
814fc471d9cb7db2154897d570b1f15201e1f8b6,0ada95d913158ae608e4e64ca3375eb6b1631cf9,18,14,4,Normal,NULL,NULL,18
09defcb4bd0a82205903f37898baba5983982911,be718680fe20f7351bf7748fbef1ad4876585d85,5,2,3,Normal,NULL,NULL,5
be718680fe20f7351bf7748fbef1ad4876585d85,5bd1892e9a98493f98b9fc082fb68712a75ece62,5,4,1,#,NULL,NULL,5
5bd1892e9a98493f98b9fc082fb68712a75ece62,99ca5a53fc9d3c2e111473fea81646116e85cdf8,10,4,6,Normal,NULL,NULL,10
99ca5a53fc9d3c2e111473fea81646116e85cdf8,0ada95d913158ae608e4e64ca3375eb6b1631cf9,3,2,1,Normal,NULL,NULL,0
0ada95d913158ae608e4e64ca3375eb6b1631cf9,0d8218616132bee36dd9c73d5dd3e91306e9d20f,66,56,10,fix #,ISSUE,NULL,37
0d8218616132bee36dd9c73d5dd3e91306e9d20f,355e096f490fad8054226e041dc5d7e30179c920,210,101,109,Format,NULL,NULL,210
355e096f490fad8054226e041dc5d7e30179c920,405f3b1819a8efd657689747c66255f22b4f41a1,92,92,0,#,NULL,NULL,92
405f3b1819a8efd657689747c66255f22b4f41a1,053a879400ce3b49b33662713a1b1fc8aa409592,1,1,0,Normal,NULL,NULL,0
053a879400ce3b49b33662713a1b1fc8aa409592,4725c171850177cd210a294d0d5c7e1e3abc27ec,77,21,56,#,NULL,NULL,77
4725c171850177cd210a294d0d5c7e1e3abc27ec,b5526fc6c36b7916e06f09ae09d327c9b15fb1a8,454,217,237,Format,NULL,NULL,446
b5526fc6c36b7916e06f09ae09d327c9b15fb1a8,4e44dc97fe8ddac89ee1e244b47eda850f876567,9,2,7,Normal,NULL,NULL,0
4e44dc97fe8ddac89ee1e244b47eda850f876567,408ba8cebf0212e60dd4881d6335e9fa9feae7ad,118,115,3,Document,NULL,NULL,0
408ba8cebf0212e60dd4881d6335e9fa9feae7ad,a796143f4ee24723a149944745ac5f81130a7468,36,18,18,#,NULL,NULL,32
9bdf96ca081ee522574a9f0f9b6e3b2a959d0c48,a796143f4ee24723a149944745ac5f81130a7468,118,115,3,Document,NULL,NULL,0
9c23972074046600f540c084c54af6af79933d51,a796143f4ee24723a149944745ac5f81130a7468,77,21,56,Normal,NULL,NULL,77
fc92c17146e42e7e533e69130b4695303fc1f744,a796143f4ee24723a149944745ac5f81130a7468,36,18,18,Normal,NULL,NULL,32
a796143f4ee24723a149944745ac5f81130a7468,5d558d54c164e5586e649f6346be84060fa84326,1027,1027,0,Normal,NULL,NULL,597
6a3a1b1a7c74294eaf3509c39386ca8e3dfbc1ee,5d558d54c164e5586e649f6346be84060fa84326,56,34,22,Normal,NULL,NULL,56
42824d533b68e05084b9f52a015d12e72d78d68f,5d558d54c164e5586e649f6346be84060fa84326,92,92,0,Normal,NULL,NULL,92
250745061b978890edbc3f62fdcaf39ae50c99ce,41a6455e17a608574dd62b54f21df56d27c449b3,90,32,58,Normal,NULL,NULL,90
41a6455e17a608574dd62b54f21df56d27c449b3,721754efcbf3d3c42cbb64ae00422542e3d6ff17,2,1,1,Normal,NULL,NULL,0
a997ea2068a13f836a6fa0c2703c73491630cbf0,5d558d54c164e5586e649f6346be84060fa84326,7,7,0,#,ISSUE,NULL,7
5d558d54c164e5586e649f6346be84060fa84326,cc270c8f206b0e2863dc1866fe30b42faf5a49b1,2,1,1,fix #,ISSUE,NULL,0
8c80dd1189e845e9791adf6d5b6ae1036e0a5218,cc270c8f206b0e2863dc1866fe30b42faf5a49b1,2,1,1,Normal,NULL,NULL,0
da6faf8b0c2272806637814faf3547ee745e3df2,cc270c8f206b0e2863dc1866fe30b42faf5a49b1,3,3,0,Normal,NULL,NULL,2
721754efcbf3d3c42cbb64ae00422542e3d6ff17,530c31608e0c6472c6915fa60c6a33afa0f3600a,33,28,5,Normal,NULL,NULL,33
07d985cc2d46103d9f0894e3b8f87dfeb6674faa,bb7bddbef5d6a75f6cbc1c9f6ec03a75208daa28,2,1,1,Normal,NULL,NULL,2
bb7bddbef5d6a75f6cbc1c9f6ec03a75208daa28,cc270c8f206b0e2863dc1866fe30b42faf5a49b1,14,14,0,Normal,NULL,NULL,14
530c31608e0c6472c6915fa60c6a33afa0f3600a,cc270c8f206b0e2863dc1866fe30b42faf5a49b1,637,379,258,Normal,NULL,NULL,637
cc270c8f206b0e2863dc1866fe30b42faf5a49b1,8644581526603a9e945fc70d875d2e027c226a38,6,3,3,Normal,NULL,NULL,6
8644581526603a9e945fc70d875d2e027c226a38,db1d106379826f864e79761c5a4923d16909e0dd,11,9,2,Document,NULL,NULL,4
db1d106379826f864e79761c5a4923d16909e0dd,c1fb133fd3804822949e2a70a1fc8582fe41fcec,15,9,6,#,ISSUE,NULL,15
c1fb133fd3804822949e2a70a1fc8582fe41fcec,58404e8f9e793e1030d71789d0a31bec78114a1a,67,54,13,Normal,NULL,NULL,67
58404e8f9e793e1030d71789d0a31bec78114a1a,c0e1603f570c900d382266b64999a838f7a03bd9,58,40,18,fix,ISSUE,NULL,58
c0e1603f570c900d382266b64999a838f7a03bd9,b71edb2a88299be25e7467a1b50762360ed6e85d,27,19,8,Normal,NULL,NULL,8
b71edb2a88299be25e7467a1b50762360ed6e85d,d1eb868749dd34b28c628e346ce601226075f0dc,17,13,4,Normal,NULL,NULL,17
d1eb868749dd34b28c628e346ce601226075f0dc,1bf31f9086b9610dd194f4e2b507b3f8c7b93f1a,12,6,6,Normal,NULL,NULL,12
9ceb8de922b48d65f7f57eb9c29de1d80ac9f61a,1bf31f9086b9610dd194f4e2b507b3f8c7b93f1a,27,19,8,Normal,NULL,NULL,8
1bf31f9086b9610dd194f4e2b507b3f8c7b93f1a,6de8e09a140e329a6aa7f5c37b091d54d583c02e,26,13,13,#,NULL,NULL,26
6de8e09a140e329a6aa7f5c37b091d54d583c02e,e064a2121b224bcd8727274f57dfbc83598c44d9,54,21,33,Normal,NULL,NULL,54
e064a2121b224bcd8727274f57dfbc83598c44d9,34a5637be4209073aca7ca06a812408672cd9654,3,2,1,fix #,ISSUE,NULL,3
34a5637be4209073aca7ca06a812408672cd9654,20bae807d8b806b4c874a4df3e84ad35adcf9334,96,22,74,fix #,ISSUE,NULL,96
20bae807d8b806b4c874a4df3e84ad35adcf9334,9084ce2eb51e451a16c369d7508c548ca419dbea,105,95,10,Normal,NULL,NULL,100
9084ce2eb51e451a16c369d7508c548ca419dbea,0894e4cd7125b8eeecca7cc2a65ffefa71df828a,377,312,65,Normal,NULL,NULL,377
0894e4cd7125b8eeecca7cc2a65ffefa71df828a,82999a056b851410f8f96f33fe3b5e4cdb227334,56,56,0,Normal,NULL,NULL,40
82999a056b851410f8f96f33fe3b5e4cdb227334,2fcf89b99dadc91d63e67449c3d9a4a4046610b2,6,0,6,fix #,ISSUE,BUG,6
2fcf89b99dadc91d63e67449c3d9a4a4046610b2,f538d20de525695733114a1e81d49bfa7d1ee0cd,2,1,1,#,NULL,NULL,2
f538d20de525695733114a1e81d49bfa7d1ee0cd,cfe77638e70fffa377bd713d5bcb4fbcb7ac0507,8,8,0,#,ISSUE,NULL,8
cfe77638e70fffa377bd713d5bcb4fbcb7ac0507,8f3315c655381b3db31e82f46775e26973087a2b,38,36,2,#,ISSUE,NULL,38
8f3315c655381b3db31e82f46775e26973087a2b,156d6f2fde4a33b0714e3daf9c16c19e7b6a8c03,3,2,1,#,NULL,NULL,3
156d6f2fde4a33b0714e3daf9c16c19e7b6a8c03,73773782c5cb1e7af4b94b0357de5131dd479434,2,2,0,#,NULL,NULL,0
73773782c5cb1e7af4b94b0357de5131dd479434,null,0,0,0,null
8a96c3a2d393af5b9fde001d1310fb355642f57f,38e0061e0cb0f83a8da52d8a0cd10ace0f1de359,4,4,0,#,NULL,NULL,4
38e0061e0cb0f83a8da52d8a0cd10ace0f1de359,1b0318dc954e7caa1f1280d65efc08e67ec279c9,2,0,2,#,NULL,NULL,0
1b0318dc954e7caa1f1280d65efc08e67ec279c9,e6049e0cc423f255b30a05228b48f7ab9ad013eb,90,60,30,#,NULL,NULL,90
e6049e0cc423f255b30a05228b48f7ab9ad013eb,efe9510a9acc9f55889c5e6e013e2cd5d1741c67,2,0,2,#,NULL,NULL,2
65e30ec0f6203a56b4ab9461c9e9c7910612671c,efe9510a9acc9f55889c5e6e013e2cd5d1741c67,105,95,10,Normal,NULL,NULL,100
efe9510a9acc9f55889c5e6e013e2cd5d1741c67,ee5ddb7695c1fd059c04f3df943b284f755a6ed1,2,1,1,Document,NULL,NULL,0
38d59a14f1d6e153da737abb02bdd8bfb558aa7c,ee5ddb7695c1fd059c04f3df943b284f755a6ed1,2,1,1,Document,NULL,NULL,0
ee5ddb7695c1fd059c04f3df943b284f755a6ed1,8c9ec7b626e6e0def0fa5319aa3190812ad090f0,28,21,7,fix #,ISSUE,NULL,28
8c9ec7b626e6e0def0fa5319aa3190812ad090f0,505694671c64a8ebb6654d32ea8f737a6e278485,15,5,10,fix #,ISSUE,NULL,4
505694671c64a8ebb6654d32ea8f737a6e278485,056dfa1194fe01562dd8ad6908ed9cdff882618e,26,26,0,#,NULL,NULL,7
41a4e8b24a21b816673f92d4f22fae3dd763dcf1,056dfa1194fe01562dd8ad6908ed9cdff882618e,2,0,2,Normal,NULL,NULL,2
056dfa1194fe01562dd8ad6908ed9cdff882618e,null,0,0,0,null
5fd318f1757ee9800722fbc98a49bfdde8c98964,7d674c929051d3ae98d94d38e09a5bd471bb09c8,90,60,30,Normal,NULL,NULL,90
322f87d1f306b45b4ef8798374adf44f287b91d2,7d674c929051d3ae98d94d38e09a5bd471bb09c8,2,0,2,Normal,NULL,NULL,0
6c5380998e2ae46030170692590eecd922a2097f,null,0,0,0,null
9479dbfe64eaeb36b1c402456c80fcc1b8af0a8e,7d674c929051d3ae98d94d38e09a5bd471bb09c8,3,2,1,Normal,NULL,NULL,3
7ccac56862aae07d18f4f886e6e6b3dc01effa43,7d674c929051d3ae98d94d38e09a5bd471bb09c8,2,2,0,Normal,NULL,NULL,0
7d674c929051d3ae98d94d38e09a5bd471bb09c8,null,0,0,0,null
ff0a6d3d2e1d40127d5cb1fe3519a5680c75db0b,3b85120044ef429dffc0eeb8b287ebb55cce2f72,42,40,2,#,NULL,NULL,42
3b85120044ef429dffc0eeb8b287ebb55cce2f72,801ff16c37a27d25a007dacc60455c69206a800f,50,50,0,#,NULL,NULL,50
801ff16c37a27d25a007dacc60455c69206a800f,b45786e3066b9540b98219044d5eb605286b9f4d,4,2,2,#,NULL,NULL,4
70d3ca0ba00e94712d42993449a8c523be270709,b45786e3066b9540b98219044d5eb605286b9f4d,3,2,1,Normal,NULL,NULL,3
b45786e3066b9540b98219044d5eb605286b9f4d,b4aec5644759f4ba382badda50153d2245d8bd99,116,116,0,Normal,NULL,NULL,116
b4aec5644759f4ba382badda50153d2245d8bd99,392277b6f8690a62fc7ee74316b0092851fa8c0d,6,5,1,Normal,NULL,NULL,6
392277b6f8690a62fc7ee74316b0092851fa8c0d,f23eee362a736c386413bd616b1eea973623f815,4,2,2,fix #,ISSUE,NULL,4
2d2a0aaea1290968475d150ed7188423f997fa93,f23eee362a736c386413bd616b1eea973623f815,4,2,2,Normal,NULL,NULL,4
f23eee362a736c386413bd616b1eea973623f815,null,0,0,0,null
eee2794eb44e8fced5c12a29744d48bf4ac73841,91693a518340e0dfd28a7e1e5dd62070f60ed3e3,6,3,3,Comment,ISSUE,NULL,6
4fa67306604b7c39b99ace403310e5492c4e16b2,91693a518340e0dfd28a7e1e5dd62070f60ed3e3,2,1,1,fix #,ISSUE,NULL,2
8d2bee69af510e48b9ddbce027c2dc90cb7773b1,97a12081108844b2fb7dccd8a4ac682bff22a51f,21,20,1,Normal,NULL,NULL,21
97a12081108844b2fb7dccd8a4ac682bff22a51f,7ce68392deaac0b2e1aaef881e594e6a9afb21e5,21,20,1,Normal,NULL,NULL,21
2790f6373cc299a80cffc11a953a7d3fdbc11235,7ce68392deaac0b2e1aaef881e594e6a9afb21e5,4,2,2,Normal,NULL,NULL,4
01c5f19a4cf1c5d96d052dd6f383ca556db567b4,b32003b3b1bf6ae52082c6ca40aad2b7347eb031,48,48,0,Normal,NULL,NULL,48
b32003b3b1bf6ae52082c6ca40aad2b7347eb031,7ce68392deaac0b2e1aaef881e594e6a9afb21e5,2,2,0,Normal,NULL,NULL,2
91693a518340e0dfd28a7e1e5dd62070f60ed3e3,10e7f4710b18d6f64bcc6ef39edeea492eab3e17,63,62,1,Normal,NULL,NULL,1
6a11367a0a5e3380231e10dd4cd56ecf2f50b93f,10e7f4710b18d6f64bcc6ef39edeea492eab3e17,4,2,2,Normal,NULL,NULL,4
10e7f4710b18d6f64bcc6ef39edeea492eab3e17,null,0,0,0,null
7ce68392deaac0b2e1aaef881e594e6a9afb21e5,6ba013d9dd0d3042f03074b5862ec9a8875505e0,4,2,2,fix,NULL,NULL,4
53cf2a63079a15d07aa0140051ea90a9c3d7b20e,b54be3902fc17b46c87b8d5cdc1d3604bdddf639,28,22,6,Normal,NULL,NULL,14
b54be3902fc17b46c87b8d5cdc1d3604bdddf639,6ba013d9dd0d3042f03074b5862ec9a8875505e0,40,40,0,fix,NULL,NULL,28
6ba013d9dd0d3042f03074b5862ec9a8875505e0,0482ef91ed5da38dc72b4cf1e6b32ab6063afd4d,31,25,6,Normal,ISSUE,BUG,31
0482ef91ed5da38dc72b4cf1e6b32ab6063afd4d,74238630cfdaf191e9c234498568b8b3262ecce0,16,9,7,fix #,ISSUE,NULL,16
74238630cfdaf191e9c234498568b8b3262ecce0,a52e0b2e646a0e3f1567a71e50f616df4a106319,57,45,12,fix #,ISSUE,NULL,57
a52e0b2e646a0e3f1567a71e50f616df4a106319,dbf4e3b16159e68f29b9e9bcb1b886f855c98bb1,113,107,6,fix #,ISSUE,NULL,113
dbf4e3b16159e68f29b9e9bcb1b886f855c98bb1,d2c24a3b0a80d6db1f9d65d0168d7ddd52fe4900,57,48,9,Format,ISSUE,BUG,51
c0c47244d8bbde0a1923e8fe7066f0a2ee1e440a,b115aa074511ea5662c9df7e636b86b8b0556066,13,13,0,Format,NULL,NULL,7
b115aa074511ea5662c9df7e636b86b8b0556066,a90cf65cadfb3cca593f87661adddf6c86180474,44,35,9,Format,NULL,NULL,44
d2c24a3b0a80d6db1f9d65d0168d7ddd52fe4900,a90cf65cadfb3cca593f87661adddf6c86180474,28,23,5,#,NULL,NULL,28
a90cf65cadfb3cca593f87661adddf6c86180474,0fc57edcb11863847106b585ad849af5639ed3ab,2,1,1,Normal,NULL,NULL,0
0fc57edcb11863847106b585ad849af5639ed3ab,60237354de9a3c67953666f23553317a43280edf,26,24,2,Normal,NULL,NULL,18
60237354de9a3c67953666f23553317a43280edf,c6187ffe23e12d87e673ed745ba1c929b193ba03,11,9,2,fix #,ISSUE,NULL,11
c6187ffe23e12d87e673ed745ba1c929b193ba03,80db32582feda1a2427eeb8dee79460bb9b62d07,110,102,8,#,NULL,NULL,110
80db32582feda1a2427eeb8dee79460bb9b62d07,b813092cfeda27f1e8d6350d438eea68c0f166cb,13,8,5,Normal,NULL,NULL,13
b813092cfeda27f1e8d6350d438eea68c0f166cb,6347c224048164c19bb89234561445f882eba24f,213,124,89,Normal,NULL,NULL,213
450c19f8ac5ace46bf1443f12a3a2f02a57bd6bd,4d23964d9f53baa4d993bc87864bd0042e2dba2c,15,15,0,fix,NULL,NULL,7
4d23964d9f53baa4d993bc87864bd0042e2dba2c,565f726ccdecf7027878b0458c42f459736b20a6,22,10,12,Normal,NULL,NULL,22
565f726ccdecf7027878b0458c42f459736b20a6,6347c224048164c19bb89234561445f882eba24f,11,10,1,Normal,NULL,NULL,11
25f35033ac24c1a6d66b1bc9ac2bc09c35eed952,b4e8386611fb1ae430864a67513cb20ea8fc595c,4,2,2,Normal,NULL,NULL,4
b4e8386611fb1ae430864a67513cb20ea8fc595c,6347c224048164c19bb89234561445f882eba24f,11,9,2,#,ISSUE,NULL,11
aad3125c10e640c05a086f8f79333337d1c43d4a,d24cb3ff2e5d27b8b1d0da81847c62a9fbb973ee,110,102,8,Normal,NULL,NULL,110
6347c224048164c19bb89234561445f882eba24f,d24cb3ff2e5d27b8b1d0da81847c62a9fbb973ee,10,5,5,fix #,ISSUE,NULL,10
d24cb3ff2e5d27b8b1d0da81847c62a9fbb973ee,6c5288b839a8c9125830c86df5f054477a7a6306,55,55,0,Normal,NULL,NULL,55
6c5288b839a8c9125830c86df5f054477a7a6306,6d4f2e37fe0bed3d96de0a3c9c9fa3cc6fc3337c,10,5,5,Format,NULL,NULL,10
6d4f2e37fe0bed3d96de0a3c9c9fa3cc6fc3337c,214c1f730dfb65d090c7aff02c52b5e0bedac5dd,8,7,1,Normal,NULL,NULL,8
214c1f730dfb65d090c7aff02c52b5e0bedac5dd,null,0,0,0,null
349d49546d1df0dcff99168fc7e4141fd5e78d42,null,0,0,0,null
f10116f4fc24f5f235fd14ca7b80175693c416a7,4ddc6559afbdff4cc78facbfb40f6d980f6b81e9,4,2,2,#,ISSUE,NULL,4
4ddc6559afbdff4cc78facbfb40f6d980f6b81e9,743f37e2769f9e09895c4b158d8eadede0f83a82,7,4,3,Normal,NULL,NULL,5
743f37e2769f9e09895c4b158d8eadede0f83a82,3f4602be91444727150d108f58be8cf39e0e3ab6,459,347,112,#,ISSUE,NULL,344
3f4602be91444727150d108f58be8cf39e0e3ab6,82154e1eb6af13f47b41e1ebcc95691e6d84b361,2,1,1,Normal,NULL,NULL,2
82154e1eb6af13f47b41e1ebcc95691e6d84b361,62930f70fff162aae87ed2a13cdebb16f1dc1a78,18,18,0,Normal,NULL,NULL,18
62930f70fff162aae87ed2a13cdebb16f1dc1a78,1b6d1088e89dcf77a2542e81c908e76d8321056b,142,136,6,fix #,ISSUE,NULL,141
1b6d1088e89dcf77a2542e81c908e76d8321056b,25351831de61c0e3e9eceb3e5f0a675836ed4dc5,60,45,15,#,ISSUE,NULL,60
25351831de61c0e3e9eceb3e5f0a675836ed4dc5,ba4700d253630687b3eb97b09061bd4d193416a0,4,2,2,#,NULL,NULL,4
ba4700d253630687b3eb97b09061bd4d193416a0,9d08b33ebdd7157e71f01f6e0be32705487b2d59,16,11,5,Normal,ISSUE,NULL,16
9d08b33ebdd7157e71f01f6e0be32705487b2d59,1170e2f88f9e5769e1ac98bb69477259a51b7724,3,3,0,Normal,NULL,NULL,3
e68c9c907f0e04f5e6db1f70fd3103c686733010,07fbe290d5b8f120e07c591ccfb09e9ab727d229,45,31,14,Normal,NULL,NULL,45
27a3f7ff41a62c683b7920be17f1cee4bfd4f0db,1170e2f88f9e5769e1ac98bb69477259a51b7724,4,2,2,Normal,NULL,NULL,4
07fbe290d5b8f120e07c591ccfb09e9ab727d229,0bcca5473b8c098ac7c0e4ba6ed58ee58414bef4,96,96,0,Normal,NULL,NULL,96
1170e2f88f9e5769e1ac98bb69477259a51b7724,daa5900f9c6cc2dbc7b1673daac576f1ec15d056,2,1,1,Normal,NULL,NULL,2
daa5900f9c6cc2dbc7b1673daac576f1ec15d056,45e327d53ab4d2a5d3ce27e7c334b395c483282b,15,15,0,Normal,NULL,NULL,15
45e327d53ab4d2a5d3ce27e7c334b395c483282b,1b50ad946d4fd5588b33d5c000aabe3ae1e3b3f4,24,18,6,Normal,NULL,NULL,14
0bcca5473b8c098ac7c0e4ba6ed58ee58414bef4,1b50ad946d4fd5588b33d5c000aabe3ae1e3b3f4,23,20,3,Normal,NULL,NULL,22
1b50ad946d4fd5588b33d5c000aabe3ae1e3b3f4,8acf17d50aa53b89c0b2442ce331d2c0294552d1,8,4,4,Normal,NULL,NULL,8
8acf17d50aa53b89c0b2442ce331d2c0294552d1,da0fb8a1ae30a34343d19691f3c4055ce509b51e,112,103,9,Normal,NULL,NULL,112
da0fb8a1ae30a34343d19691f3c4055ce509b51e,7364df6b3a672b113a37966aa64a435c40a436b3,4,3,1,fix #,ISSUE,NULL,4
7364df6b3a672b113a37966aa64a435c40a436b3,2edcaa2c44fdd5b2fd5dc7865ff313799a8f1191,26,25,1,Normal,NULL,NULL,26
2edcaa2c44fdd5b2fd5dc7865ff313799a8f1191,5773d3d2e5fa35126f9d9aaa8ffbfb9b8f6afe5c,1662,1284,378,Normal,NULL,NULL,1659
5773d3d2e5fa35126f9d9aaa8ffbfb9b8f6afe5c,5d3a812ac0774c3eb28f3922140d253adf701aed,3,2,1,Normal,NULL,NULL,3
5d3a812ac0774c3eb28f3922140d253adf701aed,0a01bc7b03897fe4c8389f7f184f034747ddfc3c,35,30,5,fix #,ISSUE,BUG,35
0a01bc7b03897fe4c8389f7f184f034747ddfc3c,4279979fd2c0f23af3e113aa5183370a8414a489,124,57,67,Normal,NULL,NULL,118
4279979fd2c0f23af3e113aa5183370a8414a489,null,0,0,0,null
a1f08f39d178d21c3460b57e3a71c5182f01112c,null,0,0,0,null
4906f3e26bf8b90f2b66a8575d7c5c4aaf87315a,51a5475150ddc245afa6d19bd4fe5859bee9c2f1,17,16,1,fix #,ISSUE,NULL,17
51a5475150ddc245afa6d19bd4fe5859bee9c2f1,1630e8bc9c7782a7c95977520f8cf89c612fd526,369,275,94,Normal,NULL,NULL,365
1630e8bc9c7782a7c95977520f8cf89c612fd526,134c4515e4173c60e45bcce43eb65eb738d7b805,12,9,3,fix,NULL,NULL,12
134c4515e4173c60e45bcce43eb65eb738d7b805,979f7d018ae9c47310ae32c536d39fd83b3e2937,47,45,2,#,ISSUE,NULL,47
979f7d018ae9c47310ae32c536d39fd83b3e2937,577f025d5f47cdc6d62e6d333a23d3a211383862,286,270,16,#,NULL,NULL,146
577f025d5f47cdc6d62e6d333a23d3a211383862,a6d1c0158cfbee86d856c5d4f9dc0bc113dff6f4,47,45,2,Normal,NULL,NULL,47
a6d1c0158cfbee86d856c5d4f9dc0bc113dff6f4,856c2e823c582d8d7e04b52ff40e964ac3e80886,10,9,1,fix #,ISSUE,NULL,0
856c2e823c582d8d7e04b52ff40e964ac3e80886,8929b2c165f088b71e099c047911be62399702cd,12,12,0,#,NULL,NULL,12
8929b2c165f088b71e099c047911be62399702cd,0369486be70d4999570d668c50d3437fcfa470ec,4,2,2,fix,NULL,NULL,4
0369486be70d4999570d668c50d3437fcfa470ec,91b74550fee0a5f93293bf568e2f25966790a534,9,7,2,#,ISSUE,NULL,9
91b74550fee0a5f93293bf568e2f25966790a534,1e79bf35882ada02fa384470bf092d4a9f3a46b5,23,23,0,#,NULL,NULL,23
1e79bf35882ada02fa384470bf092d4a9f3a46b5,ef45f4e214eb63c0e816be27f9ae81e38dd6ce9e,125,106,19,#,NULL,NULL,125
ef45f4e214eb63c0e816be27f9ae81e38dd6ce9e,0748ef105502ac6d4226662347b2cb783f86fe1f,2,2,0,fix #,ISSUE,NULL,2
0748ef105502ac6d4226662347b2cb783f86fe1f,cc0d71d15a3c2a7cf03110a1b8bf7e600c6c1005,3,2,1,Normal,NULL,NULL,0
cc0d71d15a3c2a7cf03110a1b8bf7e600c6c1005,c2c419e32091dd16a538247bcef4d2164082e855,13,8,5,#,NULL,NULL,13
c2c419e32091dd16a538247bcef4d2164082e855,7345e8259d636e5765bb13beef9160d17acee383,2,1,1,fix,NULL,NULL,2
7345e8259d636e5765bb13beef9160d17acee383,34b0cd7e77d7f143376b3b0bef73bd9294ed84de,180,110,70,#,NULL,NULL,180
34b0cd7e77d7f143376b3b0bef73bd9294ed84de,bfda87c43b3f4f830dfa2f42676899c87af8c423,51,36,15,Normal,NULL,NULL,51
bfda87c43b3f4f830dfa2f42676899c87af8c423,c00078033899854cb0fefe676e72b87b4dc3bd81,196,140,56,#,NULL,NULL,196
c00078033899854cb0fefe676e72b87b4dc3bd81,8fafda27533f40a6a2a0b4be6c7574bbc8bb6556,119,59,60,Normal,NULL,NULL,0
8fafda27533f40a6a2a0b4be6c7574bbc8bb6556,92400e0f1a55162ba60a79cdce7b4b798543ffe5,2,1,1,fix #,ISSUE,NULL,2
92400e0f1a55162ba60a79cdce7b4b798543ffe5,db1cd0020dadd1bd9b701f0df780fadce9ee2b32,29,24,5,Normal,NULL,NULL,29
db1cd0020dadd1bd9b701f0df780fadce9ee2b32,2e9f50c437f80f6da3635f9008a7fdf53f60b0e7,112,49,63,Normal,NULL,NULL,112
2e9f50c437f80f6da3635f9008a7fdf53f60b0e7,11520fd4df21c615207df0d9183deaa94bb3b415,2,1,1,Normal,ISSUE,BUG,2
11520fd4df21c615207df0d9183deaa94bb3b415,4de3aba67b9dfe440c6c9d91309feb1a52bf0296,4,3,1,fix,NULL,NULL,4
4de3aba67b9dfe440c6c9d91309feb1a52bf0296,43ad6840229cf3253b24763e471679dd559a1a30,39,26,13,fix #,ISSUE,NULL,39
43ad6840229cf3253b24763e471679dd559a1a30,e124cbc771402e7a268b5443d8b109b38c91a7a8,20,14,6,#,NULL,NULL,5
e124cbc771402e7a268b5443d8b109b38c91a7a8,null,0,0,0,null
635ce7e36554eac30c578307fd6de0c564d8ddca,67dd3c85eb6e3376c88dc377be43897153173ed8,6,3,3,Document,NULL,NULL,0
67dd3c85eb6e3376c88dc377be43897153173ed8,bf5677c3cdfb941b0bb7b71145f50d653268d2bc,14,12,2,#,ISSUE,NULL,14
bf5677c3cdfb941b0bb7b71145f50d653268d2bc,0b968182a38b0527f7f19b7a626f04d90778bf54,23,12,11,Normal,NULL,NULL,23
0b968182a38b0527f7f19b7a626f04d90778bf54,549d2c4dca04b78787c30430acbe29f859b0a65e,33,31,2,#,ISSUE,NULL,33
549d2c4dca04b78787c30430acbe29f859b0a65e,null,0,0,0,null
ba80bb0089302f33a9b839b8c38dfd392d18560b,43c80f90eab096cf3cdeb50a9cdda90c65d7a5f1,34,22,12,#,ISSUE,NULL,34
43c80f90eab096cf3cdeb50a9cdda90c65d7a5f1,4c9e0bd07c158d63b5ce8eec1cf7c0114ed333dc,41,30,11,#,NULL,NULL,41
4c9e0bd07c158d63b5ce8eec1cf7c0114ed333dc,c3b9fd63c10be640896de05d3d299237d77f48af,31,17,14,#,ISSUE,NULL,31
c3b9fd63c10be640896de05d3d299237d77f48af,920f445da06d7c02f9e620c17a4866446e9810bc,14,13,1,Normal,NULL,NULL,14
920f445da06d7c02f9e620c17a4866446e9810bc,63a55fa5b082a61029d6751ddb7a1f2c6db30b3c,168,84,84,Normal,NULL,NULL,168
63a55fa5b082a61029d6751ddb7a1f2c6db30b3c,0010be6adda833cf7c0b53d2c5bc918f7c096f44,54,36,18,Normal,NULL,NULL,54
0010be6adda833cf7c0b53d2c5bc918f7c096f44,e883fdc5c9b24352a298579bcc57e4e8a279977c,257,147,110,Normal,NULL,NULL,257
e883fdc5c9b24352a298579bcc57e4e8a279977c,e89eaf345bd4bad279548527475c8a026d4159f8,16,8,8,Normal,NULL,NULL,8
e89eaf345bd4bad279548527475c8a026d4159f8