a0dc0ac60e437044ee62cd96df148acb1de6d631,c2fa0684fb2192d5430e46620736661bb6f69dbc,6,5,1,#,NULL,NULL,6,NULL,1
c2fa0684fb2192d5430e46620736661bb6f69dbc,f9982f1d8506dd03479f3be8ee260266f26d8e9e,2,1,1,Document,ISSUE,NULL,0,NULL,0
f9982f1d8506dd03479f3be8ee260266f26d8e9e,bf69177ac442d56a501af58c0e1eaa4964a22981,2,1,1,Document,NULL,NULL,0,NULL,0
bf69177ac442d56a501af58c0e1eaa4964a22981,e9c392a66d0d7fb5a13d42e195e1d772730714dd,32,23,9,#,NULL,NULL,32,NULL,2
e9c392a66d0d7fb5a13d42e195e1d772730714dd,5abac610539174a772fc0907403ddbf042c66856,3,3,0,#,NULL,NULL,3,NULL,1
61ed4d2afcddbde2d20feae4a070d22912d7b973,5abac610539174a772fc0907403ddbf042c66856,3,3,0,Normal,NULL,NULL,3,NULL,1
f9a2a53d1c6a9c762bc41c397347406ca6017c18,5abac610539174a772fc0907403ddbf042c66856,2,1,1,Document,NULL,NULL,0,NULL,0
779e13ffb0123c9115b99de6670a70bdf3cd05e1,5abac610539174a772fc0907403ddbf042c66856,2,1,1,Document,NULL,NULL,0,NULL,0
5c711b6394d324bf7a4a145d43c06df3739204dd,5abac610539174a772fc0907403ddbf042c66856,6,5,1,Normal,NULL,NULL,6,NULL,1
2a54363c5a14c4c2a826a5e2c54d776a3e5527c3,5abac610539174a772fc0907403ddbf042c66856,32,23,9,Normal,NULL,NULL,32,NULL,2
5abac610539174a772fc0907403ddbf042c66856,cbfa73b604936fba5f3dab0a6c4f2373abc5afb7,1,1,0,fix #,ISSUE,NULL,1,NULL,1
cbfa73b604936fba5f3dab0a6c4f2373abc5afb7,f4073642598a2c2ee5feda857a4a988ff66f62c8,42,41,1,fix #,ISSUE,NULL,42,NULL,3
f4073642598a2c2ee5feda857a4a988ff66f62c8,28a20cc8652998809d106e6532ccb02384adeccb,10,5,5,Normal,ISSUE,NULL,10,NULL,4
28a20cc8652998809d106e6532ccb02384adeccb,70c1b6e4ed136aac903336223a399af62c6520a9,2,1,1,#,NULL,NULL,2,NULL,1
53e2dfda137ebed12829d9e2f1d92e869cba8031,70c1b6e4ed136aac903336223a399af62c6520a9,2,1,1,Normal,NULL,NULL,2,NULL,1
70c1b6e4ed136aac903336223a399af62c6520a9,ef48ac38d4cfd984b5f87ebd55a0dee3a1eea611,3,2,1,Document,NULL,NULL,0,NULL,0
ef48ac38d4cfd984b5f87ebd55a0dee3a1eea611,383e93248d805aee7a177bec1c3dfb46b868deb9,4,2,2,Document,NULL,NULL,0,NULL,0
383e93248d805aee7a177bec1c3dfb46b868deb9,4f1a16eec8d89e8f8af026d9cf83a709ace5f9e4,2,1,1,Normal,NULL,NULL,2,NULL,1
4f1a16eec8d89e8f8af026d9cf83a709ace5f9e4,null,0,0,0,null
7334432a1a2888bb9c99ae22a2ae2e372d615adf,e56b7b6d99b79014e6bab77e389e024b9395e3d7,112,52,60,Document,NULL,NULL,0,NULL,0
d48e48eb52f3cffae82d4464f855d141401e4ae0,b1a2beb8a2c396a57ea8f0ed0cdf4fa0d1aad242,4,2,2,Document,NULL,NULL,0,NULL,0
e56b7b6d99b79014e6bab77e389e024b9395e3d7,b0107882b9540bb9289ac23e61b5f53976d4bfd3,8,8,0,Normal,NULL,NULL,8,NULL,1
b1a2beb8a2c396a57ea8f0ed0cdf4fa0d1aad242,b0107882b9540bb9289ac23e61b5f53976d4bfd3,114,53,61,Document,NULL,NULL,0,NULL,0
b0107882b9540bb9289ac23e61b5f53976d4bfd3,c814c4effa5139adc1e2a64e12e05895593cd7dc,6,4,2,Document,NULL,NULL,0,NULL,0
c814c4effa5139adc1e2a64e12e05895593cd7dc,61fc365a1ffcf9f4f7231a71a6ad77b52f3602c7,0,0,0,Normal,NULL,NULL,0,NULL,0
61fc365a1ffcf9f4f7231a71a6ad77b52f3602c7,8af0cc5bd5125da95d3fd13ad8c0f732441502f4,194,179,15,Document,NULL,NULL,0,NULL,0
8af0cc5bd5125da95d3fd13ad8c0f732441502f4,null,0,0,0,null
dffd6d922d64cdfc9be6922a559a733ee1ce8022,fcb051e120aa980c22d6b99df4a7d1f1098757af,17,17,0,Document,NULL,NULL,0,NULL,0
fcb051e120aa980c22d6b99df4a7d1f1098757af,38c51c796de3bf32974b83287559ea0db99ebf2c,18,17,1,Normal,NULL,NULL,18,NULL,1
38c51c796de3bf32974b83287559ea0db99ebf2c,699d9f545c5a98bc967fddbc0866c55a04684249,2,1,1,#,NULL,NULL,2,NULL,1
699d9f545c5a98bc967fddbc0866c55a04684249,ceadd8e32c4afb37ccc2759f6e8880a1e8363d80,14,0,14,Normal,NULL,NULL,0,NULL,0
ceadd8e32c4afb37ccc2759f6e8880a1e8363d80,24da54e3abe46418c876bd7310ef33d768ebf2a0,2,1,1,Normal,NULL,NULL,2,NULL,1
24da54e3abe46418c876bd7310ef33d768ebf2a0,7f43eb610a9f7d36991cdd9973c42c3a2d300cc2,23,20,3,fix #,ISSUE,NULL,23,NULL,1
7f43eb610a9f7d36991cdd9973c42c3a2d300cc2,77a8e8b938e98150cac83728bfe1945c19148334,76,37,39,Normal,NULL,NULL,76,NULL,5
77a8e8b938e98150cac83728bfe1945c19148334,d9d1aaa3f19c9a5931e1a9c789b7a80890ae7b9d,3,2,1,#,NULL,NULL,3,NULL,1
d9d1aaa3f19c9a5931e1a9c789b7a80890ae7b9d,7549b9781e6741bc0244f1295464625c880971fe,26,19,7,Normal,NULL,NULL,26,NULL,2
7549b9781e6741bc0244f1295464625c880971fe,0e040a11d0b17e7dbcae51fbeb19adc4ac1718e9,16,10,6,Normal,NULL,NULL,16,NULL,4
0e040a11d0b17e7dbcae51fbeb19adc4ac1718e9,d78242ba4d49daff22d18abf26f9d4aa2bfb8c6e,25,12,13,Normal,NULL,NULL,25,NULL,1
d78242ba4d49daff22d18abf26f9d4aa2bfb8c6e,8be677c444527f2408871863c46465bbd2bf9286,14,14,0,Normal,NULL,NULL,14,NULL,7
0bdb7f6cae0ab5143819391688219ec6968bc454,8be677c444527f2408871863c46465bbd2bf9286,3,2,1,Normal,NULL,NULL,3,NULL,1
8be677c444527f2408871863c46465bbd2bf9286,d89a59d099b0cf9e099e3abe6a310e2591ce0bcf,1,1,0,Normal,NULL,NULL,1,NULL,1
d89a59d099b0cf9e099e3abe6a310e2591ce0bcf,58de954d5d52d47c529b6ff3c09a938246fc2835,18,16,2,Normal,NULL,NULL,18,NULL,1
58de954d5d52d47c529b6ff3c09a938246fc2835,211c0ebdb86ccef0ebdb300c552fd5367cd23977,21,18,3,fix #,ISSUE,NULL,21,NULL,2
9ca2bbe728a2fd620f78fb00dc3564c17ad18be0,211c0ebdb86ccef0ebdb300c552fd5367cd23977,21,18,3,fix,ISSUE,NULL,21,NULL,2
211c0ebdb86ccef0ebdb300c552fd5367cd23977,5e81a6e58fd9cce0db51ef799b9ac40af25ed228,10,9,1,#,NULL,NULL,10,NULL,1
5e81a6e58fd9cce0db51ef799b9ac40af25ed228,9029bd1d49d2acf257e5876024420de4000dc4c5,12,5,7,#,NULL,NULL,12,NULL,1
9029bd1d49d2acf257e5876024420de4000dc4c5,d8bc067184a4dc3822b740db50ab771026e67f5e,4,2,2,fix #,ISSUE,NULL,4,NULL,1
d8bc067184a4dc3822b740db50ab771026e67f5e,8267c1c6a2416a37666742f1304856fd3fd9c738,189,148,41,#,NULL,NULL,189,NULL,5
8267c1c6a2416a37666742f1304856fd3fd9c738,8d4277eaed3feef5f5529ddcc832278dbcbd93f6,17,12,5,#,NULL,NULL,17,NULL,1
8d4277eaed3feef5f5529ddcc832278dbcbd93f6,8ae62b4370284752c8690de6bf59fcfb3c66ac8b,37,18,19,Normal,NULL,NULL,37,NULL,3
8ae62b4370284752c8690de6bf59fcfb3c66ac8b,fca1bb1b7f5a7283ee0e958556a57b05176b9d6c,3,1,2,Normal,NULL,NULL,3,NULL,1
fca1bb1b7f5a7283ee0e958556a57b05176b9d6c,9b54c06748e5c24b1f0a27325d8e4987fe73094f,2,1,1,Document,ISSUE,NULL,0,NULL,0
2fdcb433b655a8042898c6b4dd489146ed2fa7e9,9b54c06748e5c24b1f0a27325d8e4987fe73094f,2,1,1,Document,NULL,NULL,0,NULL,0
9b54c06748e5c24b1f0a27325d8e4987fe73094f,12a528de75ca7e061f7bf8b1ca01dcdfed7fe64b,2,1,1,Document,NULL,NULL,0,NULL,0
12a528de75ca7e061f7bf8b1ca01dcdfed7fe64b,8eb67b0b47a3e162fec724a3ca425fbdbf1c1216,15,14,1,Normal,NULL,NULL,0,NULL,0
8eb67b0b47a3e162fec724a3ca425fbdbf1c1216,c097f3ba74231352e994a29ab6d03b83f831122f,7,7,0,Normal,NULL,NULL,0,NULL,0
c097f3ba74231352e994a29ab6d03b83f831122f,068030cb4b27ea9ed11cf4f0e23b128138985e09,5,5,0,Normal,NULL,NULL,0,NULL,0
068030cb4b27ea9ed11cf4f0e23b128138985e09,d0ed4f543f6248591138790b49d44a44c7c3ee3e,109,0,109,Normal,NULL,NULL,103,NULL,3
d0ed4f543f6248591138790b49d44a44c7c3ee3e,6fb44b0867bb27e5a110c3f0154c3dcaae2a0724,1,0,1,Normal,NULL,NULL,1,NULL,1
6fb44b0867bb27e5a110c3f0154c3dcaae2a0724,null,0,0,0,null
206df0089df1be784565a0d61a68b8bee5bd7942,aa4aa42659b13c58d198b04c9137d26d5b58bc4e,65,38,27,Document,NULL,NULL,0,NULL,0
aa4aa42659b13c58d198b04c9137d26d5b58bc4e,6f2f6febd52fa7f9704b85ea9cf87042ce36b599,168,6,162,Normal,NULL,NULL,156,NULL,4
6f2f6febd52fa7f9704b85ea9cf87042ce36b599,2358f08253ebbc0bc6010af7d347e54fb925047f,6,3,3,Normal,NULL,NULL,6,NULL,3
2358f08253ebbc0bc6010af7d347e54fb925047f,e0990f668dba1d7c60c130914e34fd5dcbb0f9a7,3,2,1,Normal,NULL,NULL,3,NULL,1
e0990f668dba1d7c60c130914e34fd5dcbb0f9a7,07ddcdaf3c24bf5a2a193eed9784866337afd675,2,1,1,fix,NULL,NULL,0,NULL,0
07ddcdaf3c24bf5a2a193eed9784866337afd675,d257fe8c88ee40fcf0678787a12bf3ffa58b5012,628,626,2,Normal,NULL,NULL,609,NULL,8
c6e4484ddfa5c41caa123547169c0275b2aabbf8,54d484b8776ffebdb83b4b1619f5b6c8c396c08d,2,1,1,Normal,NULL,NULL,0,NULL,0
54d484b8776ffebdb83b4b1619f5b6c8c396c08d,410d971c14f174ca08fefc34ea177ce0c176be5f,8,2,6,Normal,NULL,NULL,8,NULL,2
410d971c14f174ca08fefc34ea177ce0c176be5f,271ade9de7ba23471041460982508ccdd88dbdca,2,1,1,Normal,NULL,NULL,0,NULL,0
271ade9de7ba23471041460982508ccdd88dbdca,6f21dfd2e365b75605a1041974d7f35dc80cb864,2,1,1,Normal,NULL,NULL,0,NULL,0
6f21dfd2e365b75605a1041974d7f35dc80cb864,95f4aa2c8f8d2e505b342c50cf41f258b591ef85,16,11,5,Normal,NULL,NULL,14,NULL,1
95f4aa2c8f8d2e505b342c50cf41f258b591ef85,de9c37dcb33fce40064610158a9062e64c27f6c4,2,2,0,Normal,NULL,NULL,0,NULL,0
d257fe8c88ee40fcf0678787a12bf3ffa58b5012,c95a86d9592d7693a89c4260c0324f44ccd061fe,0,0,0,Normal,NULL,NULL,0,NULL,0
c95a86d9592d7693a89c4260c0324f44ccd061fe,51673799a657790f03ad3354f3e3e80623292b10,2,1,1,Normal,NULL,NULL,2,NULL,1
de9c37dcb33fce40064610158a9062e64c27f6c4,e8eac414160201f641bf7895c9c3273c65815c9d,2,1,1,Normal,NULL,NULL,0,NULL,0
e8eac414160201f641bf7895c9c3273c65815c9d,8caeab22eab2a7c5664655e05b3104c16c703d3d,2,1,1,Normal,NULL,NULL,2,NULL,1
8caeab22eab2a7c5664655e05b3104c16c703d3d,a8b145cb0d4b242880d604f20b7c1bb580b31cac,1,1,0,Normal,NULL,NULL,0,NULL,0
a8b145cb0d4b242880d604f20b7c1bb580b31cac,eae97b7908b8db3290c3a3e1c37df531b1e35433,2,1,1,Normal,NULL,NULL,0,NULL,0
eae97b7908b8db3290c3a3e1c37df531b1e35433,3f84a553881aa7a13cc58857476a33e0e41f4145,12,6,6,Normal,NULL,NULL,12,NULL,1
3f84a553881aa7a13cc58857476a33e0e41f4145,61e73859f6113be7126d111881ab5ce2368e95eb,4,2,2,Normal,NULL,NULL,2,NULL,1
61e73859f6113be7126d111881ab5ce2368e95eb,5c4649f8422848fb27c27bb36116ef91bbeb0c75,2,1,1,Normal,NULL,NULL,0,NULL,0
5c4649f8422848fb27c27bb36116ef91bbeb0c75,0307d58219ec697bbe97940ca1bba7b9d5ab0f55,2,1,1,Normal,NULL,NULL,0,NULL,0
0307d58219ec697bbe97940ca1bba7b9d5ab0f55,3a8677c0ce0152c235bf7957e86b21a08be4a263,19,10,9,Normal,NULL,NULL,19,NULL,3
3a8677c0ce0152c235bf7957e86b21a08be4a263,8aae7b52dc5a60a9c2d0a5778bbbb41edf03e3ec,47,47,0,Normal,NULL,NULL,47,NULL,2
8aae7b52dc5a60a9c2d0a5778bbbb41edf03e3ec,ecb0cfc3cb7afb17354100d3a0c889ebbaf6daf1,0,0,0,Normal,NULL,NULL,0,NULL,0
ecb0cfc3cb7afb17354100d3a0c889ebbaf6daf1,96ff50215a5e0e4e4a5fac5307c6b8ef071019fb,2,1,1,Normal,NULL,NULL,0,NULL,0
96ff50215a5e0e4e4a5fac5307c6b8ef071019fb,51673799a657790f03ad3354f3e3e80623292b10,575,573,2,Normal,NULL,NULL,559,NULL,6
51673799a657790f03ad3354f3e3e80623292b10,094ffd7153c5a1d7d2d368c5bcae59a7c5237a9b,4,4,0,Normal,NULL,NULL,0,NULL,0
094ffd7153c5a1d7d2d368c5bcae59a7c5237a9b,a2d59c31958a6225a0c90dd7fa2f3d9b5ecfd8e5,2,1,1,Normal,NULL,NULL,2,NULL,1
a2d59c31958a6225a0c90dd7fa2f3d9b5ecfd8e5,3922b3e8d95320c5c48dc4135e356714e0e41947,90,22,68,Normal,NULL,NULL,90,NULL,1
3922b3e8d95320c5c48dc4135e356714e0e41947,e2b54feb8c20ebcf4fbc1d0b37e306e68d26de6b,65,48,17,#,NULL,NULL,65,NULL,3
d05ac5189cf906e50d6bfdc75cf4cf576dbefbe2,4c0dc61bba023355142279eb4b2c6992a95e4045,3,1,2,Normal,NULL,NULL,3,NULL,1
4c0dc61bba023355142279eb4b2c6992a95e4045,d1217d83c7f618a99a9643cc6f9758f21f1cfbcf,20,14,6,Normal,NULL,NULL,20,NULL,1
d1217d83c7f618a99a9643cc6f9758f21f1cfbcf,a2979ff992bc92568770d00c8b1f469939bd3728,40,29,11,Normal,NULL,NULL,40,NULL,2
a2979ff992bc92568770d00c8b1f469939bd3728,e2b54feb8c20ebcf4fbc1d0b37e306e68d26de6b,6,6,0,Normal,NULL,NULL,6,NULL,1
e2b54feb8c20ebcf4fbc1d0b37e306e68d26de6b,008513848cf47c9e1ed912abd66312c3eb2304a3,16,6,10,fix #,ISSUE,BUG,16,NULL,1
d75f6baa2ea005f755189caa28858dec43ca5c0f,008513848cf47c9e1ed912abd66312c3eb2304a3,16,6,10,#,ISSUE,BUG,16,NULL,1
008513848cf47c9e1ed912abd66312c3eb2304a3,6b61a47159803d07edf56e10f45174147bfe90a1,1,1,0,Normal,NULL,NULL,1,NULL,1
6b61a47159803d07edf56e10f45174147bfe90a1,67e47ce3128d49f356ed4d3513f8ae5a41ccbfe8,24,21,3,Normal,NULL,NULL,24,NULL,3
67e47ce3128d49f356ed4d3513f8ae5a41ccbfe8,c428aff96ffa712a210d095dbd6aa0bb0f830eea,7,4,3,Normal,NULL,NULL,7,NULL,1
c428aff96ffa712a210d095dbd6aa0bb0f830eea,acd2b0ff83b8a48114f78db5b0c82b32cecf038c,4,2,2,Normal,NULL,NULL,0,NULL,0
acd2b0ff83b8a48114f78db5b0c82b32cecf038c,ec28da46b2ea5dc40d6d15e98749fa34d03c6fe7,5,1,4,Normal,NULL,NULL,5,NULL,1
ec28da46b2ea5dc40d6d15e98749fa34d03c6fe7,ad32f9d387460d4543f629e17b0e661883a521e0,4,4,0,Document,NULL,NULL,0,NULL,0
ad32f9d387460d4543f629e17b0e661883a521e0,cbad77f911bd803c6f5053928d8a947663a5e6e4,4,1,3,Document,NULL,NULL,0,NULL,0
52d9dcccb6aa9b448873d72eaad8db34cbe1a6e6,d7b626b1d7ac012be7688c70357d515bc3fe64a0,2,1,1,Document,NULL,NULL,0,NULL,0
d7b626b1d7ac012be7688c70357d515bc3fe64a0,8daf2d825b05fa9ffcf436bfddc2d55db69e4c02,1,1,0,Document,NULL,NULL,0,NULL,0
8daf2d825b05fa9ffcf436bfddc2d55db69e4c02,25f0d3da86db9e86f57fafe38245abc9ab658689,9,7,2,Document,NULL,NULL,0,NULL,0
cbad77f911bd803c6f5053928d8a947663a5e6e4,4444aabb874d679fec4fd2ee00e7263fbf033aa5,34,22,12,Normal,NULL,NULL,34,NULL,1
4444aabb874d679fec4fd2ee00e7263fbf033aa5,545c7c3f5ddd880f78922d8ef3541a5e9992d248,2,1,1,Normal,NULL,NULL,2,NULL,1
545c7c3f5ddd880f78922d8ef3541a5e9992d248,a22a2bdf32c5f603549400f926c8d957b3ed47ba,4,2,2,Document,NULL,NULL,0,NULL,0
a22a2bdf32c5f603549400f926c8d957b3ed47ba,c9fe24f64ab4425ee5d4d1de3ccf23661b43455a,71,71,0,Normal,NULL,NULL,71,NULL,3
c9fe24f64ab4425ee5d4d1de3ccf23661b43455a,b61becd506df8affa2a0fdc7e1db79cbdb3e8731,67,39,28,Normal,NULL,NULL,67,NULL,4
b61becd506df8affa2a0fdc7e1db79cbdb3e8731,864a9c9798fd6b0cc36706c1fb7108d790a4095e,2,1,1,Normal,ISSUE,NULL,0,NULL,0
864a9c9798fd6b0cc36706c1fb7108d790a4095e,983f4d4eafa733de5d61b079b036eef26fe8d6d8,10,6,4,Document,NULL,NULL,0,NULL,0
983f4d4eafa733de5d61b079b036eef26fe8d6d8,0ccfa4801782245bb87e2ba757ac88ebc1b72e21,603,603,0,Normal,NULL,NULL,595,NULL,8
0ccfa4801782245bb87e2ba757ac88ebc1b72e21,e3919b1266652efeea5be0d1e50142556eb5a6d8,11,5,6,Normal,NULL,NULL,11,NULL,2
e3919b1266652efeea5be0d1e50142556eb5a6d8,c479ffa87ba83af691c70feaf18212b35911ac69,7,3,4,Document,NULL,NULL,0,NULL,0
c479ffa87ba83af691c70feaf18212b35911ac69,66e36817ed3973b9b2c6e15d8dad610992a34274,4,2,2,Normal,NULL,NULL,2,NULL,1
66e36817ed3973b9b2c6e15d8dad610992a34274,8a3a756eb744d80f94ef1d14fd435686eea77959,126,126,0,Normal,NULL,NULL,126,NULL,2
8a3a756eb744d80f94ef1d14fd435686eea77959,641ecbcc87c5d347bb49df6527e9028e21a48b5e,22,15,7,Normal,NULL,NULL,22,NULL,1
641ecbcc87c5d347bb49df6527e9028e21a48b5e,47cb6f3d62f52dcc51da1de83ec5962208553430,7,7,0,Normal,NULL,NULL,7,NULL,2
47cb6f3d62f52dcc51da1de83ec5962208553430,732968a1f1ca7ce9946cde50c1f3af8ace68bbc2,45,45,0,Normal,NULL,NULL,45,NULL,2
732968a1f1ca7ce9946cde50c1f3af8ace68bbc2,1e745ceed5cd71f707356e6d948851500863c6d4,2,1,1,Normal,NULL,NULL,2,NULL,1
1e745ceed5cd71f707356e6d948851500863c6d4,d31d8117f99955db3bf5b82a9ac76affd39db4e5,4,0,4,Normal,NULL,NULL,4,NULL,1
d31d8117f99955db3bf5b82a9ac76affd39db4e5,5778c70cead82fae5e0d5fbab2e35eb719f89321,2,2,0,Document,NULL,NULL,0,NULL,0
5778c70cead82fae5e0d5fbab2e35eb719f89321,8108a415d393483eebfaa6137101f8a2b7ac7119,2,1,1,Normal,NULL,NULL,2,NULL,1
8108a415d393483eebfaa6137101f8a2b7ac7119,f87e7403d3de4fc4a5274dd77b197cfdd094c771,34,34,0,Normal,NULL,NULL,0,NULL,0
f87e7403d3de4fc4a5274dd77b197cfdd094c771,da4b4f0a0ee4000da61aae3cbdfea841cc6f70f2,43,21,22,Normal,NULL,NULL,37,NULL,16
da4b4f0a0ee4000da61aae3cbdfea841cc6f70f2,8980879172aef2e4635849e75e7cd8007b3cb575,4,2,2,Normal,NULL,NULL,4,NULL,1
8980879172aef2e4635849e75e7cd8007b3cb575,caf18fa9f71d23b0f28ed9887e326c597c8c7ca1,7,7,0,Normal,NULL,NULL,7,NULL,1
caf18fa9f71d23b0f28ed9887e326c597c8c7ca1,e9e9548f2dedd8a8b780ac53ffe723445e70bf03,518,305,213,Normal,NULL,NULL,492,NULL,12
25f0d3da86db9e86f57fafe38245abc9ab658689,1832ebbd3f42f37d10305c246a2810ee4cf7c259,3,3,0,Document,NULL,NULL,0,NULL,0
e9e9548f2dedd8a8b780ac53ffe723445e70bf03,null,0,0,0,null
75921d14d1f188188f535d0a7efdaeb0af97200d,null,0,0,0,null
1832ebbd3f42f37d10305c246a2810ee4cf7c259,3273771f3eacc8f87858a8c77194a7c5cd20987c,6,3,3,fix,NULL,NULL,4,NULL,1
3273771f3eacc8f87858a8c77194a7c5cd20987c,c92583676a46833661d2ee4456ceb170843803d4,63,63,0,Normal,NULL,NULL,0,NULL,0
c92583676a46833661d2ee4456ceb170843803d4,59234dd6a69f8a81e111255da198c86b00f85016,27,12,15,fix #,ISSUE,NULL,27,NULL,1
59234dd6a69f8a81e111255da198c86b00f85016,e718dab8804aaba527202caa1e28109f0e5c5acf,2,1,1,#,ISSUE,BUG,2,NULL,1
e718dab8804aaba527202caa1e28109f0e5c5acf,5aca63dce34c33882757a6c8db8b4b91dd1fdf39,99,98,1,fix #,ISSUE,NULL,99,NULL,2
5aca63dce34c33882757a6c8db8b4b91dd1fdf39,5b3c8c11b1d8eb4ba769a59e755b5c0ebf4c1487,8,4,4,fix #,ISSUE,NULL,8,NULL,1
5b3c8c11b1d8eb4ba769a59e755b5c0ebf4c1487,dcbab797d11c93bce84d2284190cd176f2a25644,12,5,7,#,ISSUE,NULL,12,NULL,1
dcbab797d11c93bce84d2284190cd176f2a25644,f484d8b872c1c740da5ac5b6e6a22711e074d203,40,21,19,Normal,NULL,NULL,40,NULL,1
f484d8b872c1c740da5ac5b6e6a22711e074d203,a61dbfb24e1370b2b0060f1e5b145a680c692cea,193,86,107,Normal,NULL,NULL,161,NULL,7
a61dbfb24e1370b2b0060f1e5b145a680c692cea,44caa1563ba5088776bf2fe2cda4afd064b97cd9,4,2,2,Normal,NULL,NULL,4,NULL,1
44caa1563ba5088776bf2fe2cda4afd064b97cd9,84eb833c8a719a0f9d6e804f054052786ecf90c3,18,18,0,#,NULL,NULL,18,NULL,1
84eb833c8a719a0f9d6e804f054052786ecf90c3,94c886d43e7fe541a78c80f12a65c360c6a3dfad,34,24,10,fix #,ISSUE,NULL,34,NULL,2
94c886d43e7fe541a78c80f12a65c360c6a3dfad,5d6a512db3e7ce230e394264b50b1437fd95850d,333,332,1,#,NULL,NULL,322,NULL,7
5d6a512db3e7ce230e394264b50b1437fd95850d,cfec1866e070a04934667ea1bfecb344dafadf5a,10,3,7,#,NULL,NULL,10,NULL,1
cfec1866e070a04934667ea1bfecb344dafadf5a,46d4434c8690899d7e00e389d2fec56f7fa0bf1a,2,1,1,#,NULL,NULL,2,NULL,1
46d4434c8690899d7e00e389d2fec56f7fa0bf1a,245dd310d6aab3895ee9f0113a291e6282aecde5,21,13,8,#,NULL,NULL,21,NULL,1
245dd310d6aab3895ee9f0113a291e6282aecde5,d9ef0fef8d503df1229fbda4ce1436aca1f2b055,5,4,1,#,NULL,NULL,5,NULL,1
12d331fd49124297f4939cf5b52132f3ff8d82b4,c303e670f8b0d6dbd952b41497e5b8c8455d9280,12,10,2,Normal,NULL,NULL,12,NULL,1
c303e670f8b0d6dbd952b41497e5b8c8455d9280,d9ef0fef8d503df1229fbda4ce1436aca1f2b055,9,3,6,Normal,NULL,NULL,9,NULL,1
d9ef0fef8d503df1229fbda4ce1436aca1f2b055,b0459f048e8aa289fc1aed1f78886d4d8c94c7fe,24,24,0,#,NULL,NULL,24,NULL,2
b0459f048e8aa289fc1aed1f78886d4d8c94c7fe,7d86051e8bbd59092f8bbfc2de9751f40738b1f5,2,1,1,Normal,NULL,NULL,2,NULL,1
633c796a8aeb6b111f1907f7423f179e84b760da,7d86051e8bbd59092f8bbfc2de9751f40738b1f5,5,4,1,Normal,NULL,NULL,5,NULL,1
ca6275ed938b56b324d11c23b2ab640760839958,fd81411f5a7036a30eb948fea0b7defc24f26dbe,16,16,0,Normal,NULL,NULL,16,NULL,2
fd81411f5a7036a30eb948fea0b7defc24f26dbe,7d86051e8bbd59092f8bbfc2de9751f40738b1f5,8,8,0,Normal,NULL,NULL,8,NULL,1
497c38517c1d358c5fc50360fcd0a697256e3427,76ed05193ade4230c47eaab3b8d9484706b34de0,2,1,1,Normal,NULL,NULL,2,NULL,1
76ed05193ade4230c47eaab3b8d9484706b34de0,7d86051e8bbd59092f8bbfc2de9751f40738b1f5,2,1,1,fix,ISSUE,NULL,2,NULL,1
3019cd7c9fa49c329acbb76813b7b251ddcb93a6,7d86051e8bbd59092f8bbfc2de9751f40738b1f5,10,3,7,Normal,NULL,NULL,10,NULL,1
7d86051e8bbd59092f8bbfc2de9751f40738b1f5,191090c3d61161d79df3b15ec387f79081c4bdd2,15,11,4,fix #,ISSUE,BUG,15,NULL,1
191090c3d61161d79df3b15ec387f79081c4bdd2,19216ead2bfbbf36c4fcaa95dfa8469facc5a7ef,5,2,3,fix #,ISSUE,NULL,5,NULL,2
662ba5b2f634bc8072c3640726c6465a51a55912,91dbbd62c3aba4c65ca5221a7682adaae5bc8880,3,2,1,Normal,NULL,NULL,3,NULL,1
91dbbd62c3aba4c65ca5221a7682adaae5bc8880,8dca91a1f5e6a560aa5470687e02cbab75491c77,6,6,0,Normal,NULL,NULL,6,NULL,1
8dca91a1f5e6a560aa5470687e02cbab75491c77,19216ead2bfbbf36c4fcaa95dfa8469facc5a7ef,326,325,1,Normal,NULL,NULL,315,NULL,7
d790f98dc93de0c41e907793feac70f0199bafe8,19216ead2bfbbf36c4fcaa95dfa8469facc5a7ef,34,24,10,Normal,NULL,NULL,34,NULL,2
8c89f7e33de9c6dff8d34323833bf106f4c4ee02,51b194445704b69f747bcb51a136edb8f9dc7459,2,1,1,Normal,NULL,NULL,2,NULL,1
51b194445704b69f747bcb51a136edb8f9dc7459,19216ead2bfbbf36c4fcaa95dfa8469facc5a7ef,3,1,2,Normal,NULL,NULL,3,NULL,1
e115c439148d15cb85ba87bd0c159bf2a4b5feb3,19216ead2bfbbf36c4fcaa95dfa8469facc5a7ef,18,18,0,Normal,NULL,NULL,18,NULL,1
19216ead2bfbbf36c4fcaa95dfa8469facc5a7ef,0c378ba507a910e9053bb171688e72f39b8af3aa,0,0,0,fix #,ISSUE,NULL,0,NULL,0
810cb3d4fb445ab6077ca8240550b23b2889f144,0c378ba507a910e9053bb171688e72f39b8af3aa,0,0,0,fix,NULL,NULL,0,NULL,0
0c54a1d1944481e8e89e139e5e5dc9a528b9f17b,3d251f349c753c35957ff99588d182cfda50a794,2,1,1,fix,ISSUE,BUG,2,NULL,1
3d251f349c753c35957ff99588d182cfda50a794,0c378ba507a910e9053bb171688e72f39b8af3aa,15,11,4,fix,ISSUE,BUG,15,NULL,1
0c378ba507a910e9053bb171688e72f39b8af3aa,6c3013eaf474579b0f31fcbaf082103b642260eb,2,1,1,#,NULL,NULL,2,NULL,1
6c3013eaf474579b0f31fcbaf082103b642260eb,c929be12a6a6fdfe06c4e51cc4a378bc51176be1,2,1,1,#,NULL,NULL,2,NULL,1
c929be12a6a6fdfe06c4e51cc4a378bc51176be1,2cde6cad29fe7910033740248889a69e0dbee887,6,3,3,fix #,ISSUE,NULL,6,NULL,1
2cde6cad29fe7910033740248889a69e0dbee887,551c50742f2a58604995ec9f65b9b6193f342550,25,18,7,fix #,ISSUE,NULL,25,NULL,1
7d407421e871f40662ba09c851b9e80e045ca40b,0793ab03ac858b6ca42c7d99b05726a8d41b6871,25,18,7,fix #,ISSUE,NULL,25,NULL,1
551c50742f2a58604995ec9f65b9b6193f342550,0793ab03ac858b6ca42c7d99b05726a8d41b6871,208,140,68,Normal,NULL,NULL,151,NULL,7
0db20d283ac159263c085099796b046f646f72d5,0793ab03ac858b6ca42c7d99b05726a8d41b6871,2,1,1,fix,ISSUE,BUG,2,NULL,1
50c40bf3a865a710c68eaa5be39aa946a01f9d7d,0793ab03ac858b6ca42c7d99b05726a8d41b6871,25,18,7,fix,NULL,NULL,25,NULL,1
0793ab03ac858b6ca42c7d99b05726a8d41b6871,6b95dc0f1564dabda47f3a9353688684d9a343ce,4,3,1,#,NULL,NULL,4,NULL,1
6b95dc0f1564dabda47f3a9353688684d9a343ce,959c5b9714087dcb7f524d03971b37bf4fc89017,20,18,2,fix #,ISSUE,NULL,20,NULL,1
675580ab7d3d59f0a6866ffa0d62cbdba513a26d,cd7164036d6a83c2bd813b93c4617c9bd6ce45be,4,3,1,Normal,NULL,NULL,4,NULL,1
0dc7bbb9380f9557a70e9729aab2de0527e9288f,9846b2bd525fde68ae6c8650a15b46838babf2c3,1,1,0,fix #,ISSUE,NULL,1,NULL,1
9846b2bd525fde68ae6c8650a15b46838babf2c3,959c5b9714087dcb7f524d03971b37bf4fc89017,19,17,2,fix #,ISSUE,NULL,19,NULL,1
959c5b9714087dcb7f524d03971b37bf4fc89017,c6a1448c2e4d275e57bbed674d54f85c9588f1b4,2,1,1,Document,NULL,NULL,0,NULL,0
c6a1448c2e4d275e57bbed674d54f85c9588f1b4,54908d8d741de04dfe3ea2e2a31605d0fc7d5496,4,2,2,Document,NULL,NULL,0,NULL,0
54908d8d741de04dfe3ea2e2a31605d0fc7d5496,3b018891bdf7aabba0cc4cce36d37c48559b9f12,3,2,1,Normal,NULL,NULL,3,NULL,2
3b018891bdf7aabba0cc4cce36d37c48559b9f12,c9a49ebd6eda10fd0158f23ded92a5c78fdeb9ca,0,0,0,Normal,NULL,NULL,0,NULL,0
c9a49ebd6eda10fd0158f23ded92a5c78fdeb9ca,b986d934f2452ebab16bc9218f6ad4ca33ab7a4a,31,25,6,Document,NULL,NULL,0,NULL,0
b986d934f2452ebab16bc9218f6ad4ca33ab7a4a,ad96e0cca6593c20b5ba934c9eafe6a95ea25002,108,98,10,Normal,NULL,NULL,108,NULL,1
ad96e0cca6593c20b5ba934c9eafe6a95ea25002,b51e0a68a2ee445f20eb256362589382ead926da,349,299,50,Normal,NULL,NULL,349,NULL,11
b51e0a68a2ee445f20eb256362589382ead926da,74ea2ef2d3b306a57948844ea4c53b6ecc34fc25,4,2,2,Normal,NULL,NULL,4,NULL,1
74ea2ef2d3b306a57948844ea4c53b6ecc34fc25,7882322bcdc37ca751d6dbb95482d7bab6c8ec4d,47,26,21,Normal,NULL,NULL,47,NULL,3
7882322bcdc37ca751d6dbb95482d7bab6c8ec4d,d17effc845df0eeaa8c0a63cd2eb9924e5a53e43,51,46,5,#,NULL,NULL,51,NULL,3
d17effc845df0eeaa8c0a63cd2eb9924e5a53e43,b935d11f84a21b7023a109e6e62f36e2751c1512,2,1,1,fix #,ISSUE,NULL,2,NULL,1
b935d11f84a21b7023a109e6e62f36e2751c1512,f5640d0bb42899e9c7a35a71372fdd557704ff42,5,3,2,#,NULL,NULL,5,NULL,2
f5640d0bb42899e9c7a35a71372fdd557704ff42,7013613cc1a27c5f84544e414a4354d6a1132b29,31,21,10,#,NULL,NULL,31,NULL,1
7013613cc1a27c5f84544e414a4354d6a1132b29,cd7164036d6a83c2bd813b93c4617c9bd6ce45be,6,3,3,Normal,NULL,NULL,6,NULL,1
cd7164036d6a83c2bd813b93c4617c9bd6ce45be,2b2ddbffd609881fe01dc7882988dcde61d50b7c,496,361,135,Normal,NULL,NULL,364,NULL,3
2b2ddbffd609881fe01dc7882988dcde61d50b7c,3d3738a03840de93af7fbfc0f7ee3c8fe1d6860b,80,73,7,Normal,NULL,NULL,80,NULL,3
3d3738a03840de93af7fbfc0f7ee3c8fe1d6860b,bcea59c274650a470aca4080a33c135f4293fa9c,5,3,2,Normal,ISSUE,NULL,5,NULL,1
bcea59c274650a470aca4080a33c135f4293fa9c,c7a13ab5e8e708771ece1f494de91fe83185b182,22,11,11,Normal,NULL,NULL,4,NULL,1
c7a13ab5e8e708771ece1f494de91fe83185b182,54098984046a8503bb3d3fd1d60f6629f1910b53,2,2,0,Normal,NULL,NULL,2,NULL,1
54098984046a8503bb3d3fd1d60f6629f1910b53,1785ddae140bee454298de658d1699c55e0d10f9,39,37,2,Normal,NULL,NULL,39,NULL,3
1785ddae140bee454298de658d1699c55e0d10f9,2928132d5840b47f2d404d5e361a83f60953444c,164,86,78,Normal,NULL,NULL,164,NULL,1
2928132d5840b47f2d404d5e361a83f60953444c,dc377567e69c81228dde1f2597a1402f8a3b3489,437,418,19,Document,NULL,NULL,100,NULL,4
dc377567e69c81228dde1f2597a1402f8a3b3489,21dce4c6dac07db936adfe2c17aff7cf8fb15dc3,301,179,122,#,NULL,NULL,301,NULL,2
21dce4c6dac07db936adfe2c17aff7cf8fb15dc3,d0f0ea1a0feef20f5bd2955d8d5deaba90bde6bb,18,16,2,fix #,ISSUE,NULL,18,NULL,1
d0f0ea1a0feef20f5bd2955d8d5deaba90bde6bb,200ba699ee977db155a6864946e7e92c9382aa75,6,3,3,fix #,ISSUE,NULL,6,NULL,1
61168930e6829afdb2ea9dda8ea2bc311a077856,af24ec7b2a8450afa97456df57d7a7e1b499b63c,2,1,1,fix #,ISSUE,NULL,2,NULL,1
a71f1d04c5c8b19ddeabec89ed03e642aebe5ec7,af24ec7b2a8450afa97456df57d7a7e1b499b63c,2,1,1,fix,ISSUE,NULL,2,NULL,1
af24ec7b2a8450afa97456df57d7a7e1b499b63c,e73f8befb86cdaef9e4f4e102926f6f9e104b304,4,2,2,fix #,ISSUE,NULL,4,NULL,1
d4abdc821bd9d8415e96d49d611acfc2fe42c175,e73f8befb86cdaef9e4f4e102926f6f9e104b304,4,2,2,Normal,NULL,NULL,4,NULL,1
200ba699ee977db155a6864946e7e92c9382aa75,null,0,0,0,null
e73f8befb86cdaef9e4f4e102926f6f9e104b304,bc57cf46838a02548cf3de59c676825edb0faae8,5,5,0,Normal,NULL,NULL,5,NULL,1
bc57cf46838a02548cf3de59c676825edb0faae8,a1e1d6b951d0ee4500ce57698aa5ee95177caebf,5,0,5,#,NULL,NULL,5,NULL,1
a1e1d6b951d0ee4500ce57698aa5ee95177caebf,176574b83cb75728e026824c5ac540deb640c734,5,5,0,Normal,NULL,NULL,5,NULL,1
176574b83cb75728e026824c5ac540deb640c734,eabe50c08da3c086db4abeff7baa46916c469553,4,2,2,#,ISSUE,BUG,4,NULL,1
eabe50c08da3c086db4abeff7baa46916c469553,88b5225d448788f3f2037f5b306cf3e0ef2a1fbd,2,1,1,Document,NULL,NULL,0,NULL,0
88b5225d448788f3f2037f5b306cf3e0ef2a1fbd,8b196d728e167a26ceff5d921c53dc05a755abe8,4,2,2,#,ISSUE,NULL,4,NULL,1
8b196d728e167a26ceff5d921c53dc05a755abe8,2c2b6ec0f87ffe60b9258c617cb517066e9d6b37,6,3,3,Document,NULL,NULL,0,NULL,0
2c2b6ec0f87ffe60b9258c617cb517066e9d6b37,13e2559b81903e1c1d90317c4bcc306de9f57dbe,5,2,3,#,NULL,NULL,5,NULL,1
13e2559b81903e1c1d90317c4bcc306de9f57dbe,4589a48a4deadb8ef2c5d4d76bcbcd9a0225df10,3,2,1,#,NULL,NULL,3,NULL,1
4589a48a4deadb8ef2c5d4d76bcbcd9a0225df10,fcac74ba319e294746f309592d72c96d14151168,14,4,10,#,NULL,NULL,14,NULL,1
fcac74ba319e294746f309592d72c96d14151168,60375713264d98d0a1313f0c89b044d0fd30d75b,14,13,1,#,NULL,NULL,14,NULL,1
dbb689b68156bec4d36792ddf709759b5184516c,60375713264d98d0a1313f0c89b044d0fd30d75b,14,4,10,Normal,NULL,NULL,14,NULL,1
88d78de3564b2c76d5a9bc4913ee2381edab9268,60375713264d98d0a1313f0c89b044d0fd30d75b,14,13,1,Normal,NULL,NULL,14,NULL,1
60375713264d98d0a1313f0c89b044d0fd30d75b,5ea219200d1c4086c16d59e8ef002bb172596562,4,2,2,Document,NULL,NULL,0,NULL,0
5ea219200d1c4086c16d59e8ef002bb172596562,8d5853b68f93b5c3b73bd4a7e7eaea1790c848c1,12,7,5,Document,NULL,NULL,0,NULL,0
8d5853b68f93b5c3b73bd4a7e7eaea1790c848c1,c2c513ef316ec90905eb5eadd220119699525c83,1,1,0,Normal,NULL,NULL,0,NULL,0
c2c513ef316ec90905eb5eadd220119699525c83,a6a90809c1e1568670d56fa1b71021d0b68541cd,0,0,0,Normal,NULL,NULL,0,NULL,0
a6a90809c1e1568670d56fa1b71021d0b68541cd,06f3f6f1a08c665e5796617d56075332eb26ff28,7,1,6,Normal,NULL,NULL,7,NULL,1
06f3f6f1a08c665e5796617d56075332eb26ff28,null,0,0,0,null
403fbdda8fb0d5ec8ae38779122edd740f8c82fb,8f86e0591677bd6e60648b6a52dae2f9ea07e3e2,1,1,0,Document,NULL,NULL,0,NULL,0
8f86e0591677bd6e60648b6a52dae2f9ea07e3e2,3411c09ed4834cfb282b44d5c0f5b85481a0e23d,11,6,5,Document,NULL,NULL,0,NULL,0
3411c09ed4834cfb282b44d5c0f5b85481a0e23d,24747f47a5ae229b272c0ecd5e9b998edf1b8f43,115,86,29,Normal,NULL,NULL,57,NULL,4
24747f47a5ae229b272c0ecd5e9b998edf1b8f43,null,0,0,0,null
529144deda1041575c4e28b047f29d131c3be3ce,6d0bfd543bc6661ae8331571643fa35813d20946,59,51,8,#,NULL,NULL,59,NULL,4
6d0bfd543bc6661ae8331571643fa35813d20946,5a5c0b5ed122bfab58949e38351d13f7376c7386,181,115,66,Normal,NULL,NULL,111,NULL,8
5a5c0b5ed122bfab58949e38351d13f7376c7386,null,0,0,0,null
0acb33e2132207b60e91ad1a173a1d93809286bd,null,0,0,0,null
13b70a26c935e2b7b266ad4b9139d6b9a077642e,null,0,0,0,null
3addbcfda240aee2f3ebb4bbd8435115c174dd19,null,0,0,0,null
1684c5cf8f16ceb83d9f44d842062d3dc05bb746,null,0,0,0,null
84d6abe2f8afb3159371aa6fbf11b8b85f1fec6c,null,0,0,0,null
ca3a36f745a4c0ba8011fbccd727699e21770679,null,0,0,0,null
c22ace360327e0d62f140c27600a3574047e904b,null,0,0,0,null
716e51b36247a56e7c137aca9225f2c843397a84,null,0,0,0,null
8aef823cd950b98562729668834788e8611eba94,null,0,0,0,null
897b39af69bb955df9ed0a905a9745e16a6918a6,null,0,0,0,null
e360bea6de07bbe9f3d160dfb01b1ac4087f481e,null,0,0,0,null
48c31be6f26f185ace56aa3d0852c77123f2a720,null,0,0,0,null
559c56ad1d1c4c136c9844eebcb38ee90fffd072,null,0,0,0,null
1b6207d2218d50ed8538fd0f8c6ca1b3a0f48507,null,0,0,0,null
5ed6e06de28001a4423136c7d099361a47ee1586,null,0,0,0,null
91c48f5c323f4180d8733d32ed8be0e21ff7e7d9,null,0,0,0,null
8b0af0b810f820d4cb1d6c736021d13d4c4ceb4d,null,0,0,0,null
dee61d884fde0febc04502e50d7f2d40b7f66f04,null,0,0,0,null
8b303b327c95498133306e85e6acd654ed347db9,null,0,0,0,null
062c99963c32c6d6549e85167d9f2120f7ed20fc,null,0,0,0,null
769f25d82ea1279dae9bed0c6881af6dfeaacc0c,null,0,0,0,null
b18edcd8350ded717c1d1f5bc66b04a78b2cb4c8,null,0,0,0,null
8a90aa7f3374ee6e4d79f4305a3b6b350ad669dc,null,0,0,0,null
1f24f37e84f9e89b8c0f526c21f356f89ff902c6,null,0,0,0,null
d76e83d05965a3f325b1a93336a4ddfee01ca0e4,null,0,0,0,null
44284904267ff92a7d199137ec7fc21e05b5463b,null,0,0,0,null
31cf414f494019513c08dbd3492b07b488db9dc6,null,0,0,0,null
34dab88d9fdbccb29ba7d8ea09629e0e5ed6c3b5,59bd328da8064e67e65d8ae4caa4e5d1f12f7c1e,567,0,567,Normal,NULL,NULL,567,NULL,6
59bd328da8064e67e65d8ae4caa4e5d1f12f7c1e,46399fee5a5fce18710f941fc16206d441fa8343,1314,1124,190,Normal,NULL,NULL,1269,NULL,20
46399fee5a5fce18710f941fc16206d441fa8343,e99777986bbe62e60d93d40d354d355c081ed233,495,359,136,#,ISSUE,NULL,457,NULL,9
e99777986bbe62e60d93d40d354d355c081ed233,e82f39a42e0784137917ad01659b94b39cc9aacb,4,3,1,Normal,NULL,NULL,4,NULL,1
43080120e7ea1e254acec1ce4e92e4489426385a,9fde7cbae8dbe957cc24e636b30f953ff4d852e6,103,78,25,Normal,NULL,NULL,100,NULL,6
1b430613e5ac8243d86eaa533f845ad8d26f9530,6643fc6da0748ec3058a3197c088ad25c5046efc,3,2,1,Document,NULL,NULL,0,NULL,0
6643fc6da0748ec3058a3197c088ad25c5046efc,e82f39a42e0784137917ad01659b94b39cc9aacb,425,425,0,Normal,NULL,NULL,410,NULL,7
9fde7cbae8dbe957cc24e636b30f953ff4d852e6,cb0c2d39a46391384f2fd9686f3e8b03fc75f60e,3,2,1,Document,NULL,NULL,0,NULL,0
cb0c2d39a46391384f2fd9686f3e8b03fc75f60e,e82f39a42e0784137917ad01659b94b39cc9aacb,357,357,0,Normal,NULL,NULL,343,NULL,8
e82f39a42e0784137917ad01659b94b39cc9aacb,1c1cef5264de2b7b0a18df7a5e5b68a66cabc9a7,22,22,0,#,NULL,NULL,22,NULL,1
1c1cef5264de2b7b0a18df7a5e5b68a66cabc9a7,57a4fe531f6c49d70b42c9062330fcee6a7cba63,2,2,0,Comment,NULL,NULL,2,NULL,1
57a4fe531f6c49d70b42c9062330fcee6a7cba63,ab702525da28aee443771ce0b21c4672d2ab02d8,6,3,3,#,NULL,NULL,6,NULL,1
ab702525da28aee443771ce0b21c4672d2ab02d8,09bbdf7ddc0a2e02b3df3d809e753773b25d5fa4,3,3,0,Normal,NULL,NULL,3,NULL,1
07e3511162b30baf62cc16ecd10efdf561b47b9d,09bbdf7ddc0a2e02b3df3d809e753773b25d5fa4,2,2,0,Comment,NULL,NULL,2,NULL,1
09bbdf7ddc0a2e02b3df3d809e753773b25d5fa4,5618670f47bd13d0070f25a54d4dde8cae74d9b6,1,1,0,#,NULL,NULL,1,NULL,1
5618670f47bd13d0070f25a54d4dde8cae74d9b6,f2c7d6d757b36c1d9dd68023a1ca89ac62750ee1,25,22,3,#,NULL,NULL,25,NULL,1
f2c7d6d757b36c1d9dd68023a1ca89ac62750ee1,e03c27a2db217c7fe225960cef504e60f631989b,4,2,2,Normal,NULL,NULL,4,NULL,1
e03c27a2db217c7fe225960cef504e60f631989b,207041c08562b8c85aa04c9c7ca5d74eff15fe53,1,1,0,Normal,NULL,NULL,1,NULL,1
207041c08562b8c85aa04c9c7ca5d74eff15fe53,1e78e37b8811665e10e9a383eafd92898baf664c,6,6,0,#,NULL,NULL,6,NULL,1
46b540c26f29772304d5a4cc44a9d4b110c14e03,787b775232662d5bf79ee2891428f2c6dcc6fb19,6,6,0,Normal,NULL,NULL,6,NULL,1
1e78e37b8811665e10e9a383eafd92898baf664c,a8c17f5f7ea0c07d0d1a28a73eb53dfee921fde8,9,8,1,#,ISSUE,NULL,9,NULL,1
a8c17f5f7ea0c07d0d1a28a73eb53dfee921fde8,787b775232662d5bf79ee2891428f2c6dcc6fb19,11,10,1,#,ISSUE,NULL,11,NULL,1
787b775232662d5bf79ee2891428f2c6dcc6fb19,678f5f9281fa7a351f62d6cd4729a6ef2641275e,4,2,2,Normal,NULL,NULL,4,NULL,1
678f5f9281fa7a351f62d6cd4729a6ef2641275e,76a2c9c9ccb3b5ff48e82f97f7caf56f6dd9d2d8,198,184,14,fix #,ISSUE,NULL,198,NULL,5
76a2c9c9ccb3b5ff48e82f97f7caf56f6dd9d2d8,6d016881a56cb84514492cfb0229f4f5ddaad662,0,0,0,Normal,NULL,NULL,0,NULL,0
6d016881a56cb84514492cfb0229f4f5ddaad662,1f0b3661c002fd70f2ff8ca7c73f1e9396d74bdc,16,8,8,Normal,NULL,NULL,16,NULL,5
1f0b3661c002fd70f2ff8ca7c73f1e9396d74bdc,a9def8204652fc392d5fa84271250f3c1ed96e34,8,6,2,fix #,ISSUE,NULL,8,NULL,1
a9def8204652fc392d5fa84271250f3c1ed96e34,a2a693a290bd0b51ea366774a535b8de2b6a4de6,22,12,10,Normal,NULL,NULL,22,NULL,3
a2a693a290bd0b51ea366774a535b8de2b6a4de6,a305b2e3e0272a5701b9a3bae72885df5162e9ad,6,3,3,#,ISSUE,NULL,6,NULL,1
a305b2e3e0272a5701b9a3bae72885df5162e9ad,1a5f97350e0719aaf24525009e237b828936bd10,30,27,3,#,NULL,NULL,30,NULL,3
1a5f97350e0719aaf24525009e237b828936bd10,ee048de31b512435e978120f65d62ba07080db57,40,20,20,Normal,NULL,NULL,40,NULL,2
ee048de31b512435e978120f65d62ba07080db57,851cb8b5e9356eee34be1560ba9c0d8169c6b2c2,3,3,0,#,ISSUE,NULL,3,NULL,1
851cb8b5e9356eee34be1560ba9c0d8169c6b2c2,dd14cb37addbeda0ab292c822491087a951cf5ba,4,2,2,Normal,NULL,NULL,4,NULL,1
dd14cb37addbeda0ab292c822491087a951cf5ba,b1f017e6c11d9618f63315c27351d080ef4e7573,14,11,3,fix #,ISSUE,NULL,14,NULL,1
b1f017e6c11d9618f63315c27351d080ef4e7573,a5e2b4b6eb5a73faa10edd16ad4aa988f6841d99,32,26,6,#,NULL,NULL,32,NULL,1
a5e2b4b6eb5a73faa10edd16ad4aa988f6841d99,null,0,0,0,null
5b737e79577e466d760ebcc08394c59e57fbd406,eba35eadc03eaa974e2e49ee90d2b280e915f574,510,270,240,Normal,NULL,NULL,405,NULL,10
eba35eadc03eaa974e2e49ee90d2b280e915f574,d98487dda8ab5cc12069d6d46d60497afe8457e5,25,12,13,Normal,NULL,NULL,15,NULL,3
d98487dda8ab5cc12069d6d46d60497afe8457e5,95b8c7e957dd03a8d13c01568333b2d5c436b895,0,0,0,Normal,NULL,NULL,0,NULL,0
95b8c7e957dd03a8d13c01568333b2d5c436b895,46bef25502e7d32a7b9dd11a4ef08711d92b4e3d,3,3,0,Document,NULL,NULL,0,NULL,0
46bef25502e7d32a7b9dd11a4ef08711d92b4e3d,3f3869c24e8856ae7f4358ca45f27c2b0b71347e,13,0,13,Normal,NULL,NULL,0,NULL,0
3f3869c24e8856ae7f4358ca45f27c2b0b71347e,null,0,0,0,null
f07133ac8f60f31f2d7976de415376a472d3007b,ac7a691cd4f6274e1aea29945e36c531e3f187bc,16,9,7,Document,NULL,NULL,9,NULL,1
ac7a691cd4f6274e1aea29945e36c531e3f187bc,25877bae6119a80b10f14f0e8b95549078316fac,333,172,161,Document,ISSUE,NULL,190,NULL,8
25877bae6119a80b10f14f0e8b95549078316fac,bb6d18befd61a29f70770b54f96864debbc16e34,10,10,0,#,ISSUE,NULL,10,NULL,1
bb6d18befd61a29f70770b54f96864debbc16e34,null,0,0,0,null
1fd125b59f936f1283e95d5473267afbdca69fc8,1a8e8919afed8b2a33c458ae09ea58aba76f2455,59,50,9,#,NULL,NULL,59,NULL,2
1a8e8919afed8b2a33c458ae09ea58aba76f2455,a5fe22dafb64374b35283649fa8f9d85936c6248,6,0,6,Normal,NULL,NULL,0,NULL,0
a5fe22dafb64374b35283649fa8f9d85936c6248,36e8a21f806f2f70554365045596a694ccc58a55,707,349,358,Normal,NULL,NULL,701,NULL,9
36e8a21f806f2f70554365045596a694ccc58a55,24458b6c76e73171a5e878bcdd427db1839192ed,455,373,82,Normal,NULL,NULL,455,NULL,4
24458b6c76e73171a5e878bcdd427db1839192ed,89a11ec46f9930fb47d0f4e98ececc8ebe97264a,372,326,46,fix,NULL,NULL,366,REFACTOR,12
89a11ec46f9930fb47d0f4e98ececc8ebe97264a,null,0,0,0,null
30aa36242b86bb1c7971e6f657528b41e2e8c925,null,0,0,0,null
44221022314b3f43d57ab49177198cba441c5910,null,0,0,0,null
cabf30e89a7118b369815f0120b0df4dfbd99833,null,0,0,0,null
acc07edaf915c993ce7ecaad629cdec4accfd029,null,0,0,0,null
cd758b376b1a010a841be5e39738c1e541927132,null,0,0,0,null
5fe505eb5984c58bc0a1938274588b3af6aea2b7,null,0,0,0,null
b2b4ece1ad6c34a4bd3e2f5238291cbb130975ed,null,0,0,0,null
3eaae3a240efa953c804c24d1cec05a9baad26a7,null,0,0,0,null
214435aebd0045a4e5ec65a3990cfcec866ed2cf,null,0,0,0,null
bac4018d5416ef2eeac5aebe13426f80e375c0ae,f92e8969fbfae3319b743cfea0f8cb9436b37b36,2,1,1,Normal,NULL,NULL,2,NULL,1
f92e8969fbfae3319b743cfea0f8cb9436b37b36,null,0,0,0,null
ec751d5c4f3c5a8e4afbcf381fd8d59179684100,9507599d9ca3b5e0d97a11b0568f78cebe38fceb,240,139,101,Normal,NULL,NULL,227,REFACTOR,18
9507599d9ca3b5e0d97a11b0568f78cebe38fceb,4d98ba6a9e5bd8367667d0ff3de79f0da836d3a0,3969,63,3906,Normal,NULL,NULL,3969,REFACTOR,9
4d98ba6a9e5bd8367667d0ff3de79f0da836d3a0,0139e8960d8e67f1557a9ed3d29248d3608898cf,409,157,252,Normal,NULL,NULL,372,REFACTOR,24
0139e8960d8e67f1557a9ed3d29248d3608898cf,db6fedf75e97b99f81f19804ef5bbdfe436e3145,2,1,1,Normal,NULL,NULL,2,NULL,1
db6fedf75e97b99f81f19804ef5bbdfe436e3145,null,0,0,0,null
629d964853e3ac2eea2ab8cf92a0c9c89023d093,89263785f30df776e0469e5b4a9cd878d996cb77,2,1,1,#,NULL,NULL,2,NULL,1
89263785f30df776e0469e5b4a9cd878d996cb77,4ee767a3705327b1438ee13e94c120ae0fcbedf2,5,3,2,#,NULL,NULL,5,NULL,1
4ee767a3705327b1438ee13e94c120ae0fcbedf2,5f1a1fbfc85373f0cbdd8e1feea06e0453f56dc1,4,2,2,Normal,NULL,NULL,4,NULL,2
5f1a1fbfc85373f0cbdd8e1feea06e0453f56dc1,055b5243611f2d397fd7790214591dd9defa08fc,7,2,5,Normal,NULL,NULL,7,NULL,1
055b5243611f2d397fd7790214591dd9defa08fc,2e36a3f15261add18d79386fa4aab16db2d40b04,10,8,2,#,NULL,NULL,10,NULL,1
2e36a3f15261add18d79386fa4aab16db2d40b04,90b7f7c48097010c0b9eeb28e16cb63f06c75b17,29,16,13,#,ISSUE,NULL,29,NULL,1
90b7f7c48097010c0b9eeb28e16cb63f06c75b17,ec453e4317849a976574860446035f4c7e3d91c1,18,18,0,#,NULL,NULL,18,NULL,2
ec453e4317849a976574860446035f4c7e3d91c1,4bf0e5babb8c5de8001d19e43741bb92a4d577aa,12,6,6,Normal,NULL,NULL,12,NULL,1
4bf0e5babb8c5de8001d19e43741bb92a4d577aa,c5571cb429871d96e71680ec0fef8755e159fdab,11,11,0,#,NULL,NULL,11,NULL,1
c33753da5ac41d0ab69b62d34874ed06da6c6b5c,c5571cb429871d96e71680ec0fef8755e159fdab,11,11,0,Normal,NULL,NULL,11,NULL,1
c5571cb429871d96e71680ec0fef8755e159fdab,dd361ef3860d62a8407671ec0f24f6cb8621654e,4,2,2,#,NULL,NULL,4,NULL,1
7ef6c55e0d8e07c19a9183fb63752971734217e2,dd361ef3860d62a8407671ec0f24f6cb8621654e,4,2,2,Normal,NULL,NULL,4,NULL,1
dd361ef3860d62a8407671ec0f24f6cb8621654e,1d2f7e51bad06fb6caa7a4f715579978d53b6d61,27,15,12,#,NULL,NULL,27,NULL,1
1d2f7e51bad06fb6caa7a4f715579978d53b6d61,218ad733a5d1c0e4b5d332d5d66c845b3ffdbb80,57,47,10,#,NULL,NULL,57,NULL,3
48405f5cd5b4ce2e4f89c3fd391c2dab35e22f79,d507575e9339dd26bcf7706c9ba76e94eef4e1a1,12,8,4,Normal,NULL,NULL,12,NULL,1
d507575e9339dd26bcf7706c9ba76e94eef4e1a1,e370a02c3384eb5f2d1f19d7b33bf0e7de7d94e6,19,16,3,Normal,NULL,NULL,19,NULL,1
e370a02c3384eb5f2d1f19d7b33bf0e7de7d94e6,218ad733a5d1c0e4b5d332d5d66c845b3ffdbb80,26,23,3,Normal,NULL,NULL,26,NULL,1
218ad733a5d1c0e4b5d332d5d66c845b3ffdbb80,3d8bffce7149a45bc1c24c296af7ec131ab36d32,1,1,0,#,NULL,NULL,1,NULL,1
dc5321aab296dd5dc1adae4109916aff305363d6,3d8bffce7149a45bc1c24c296af7ec131ab36d32,1,1,0,Normal,NULL,NULL,1,NULL,1
3d8bffce7149a45bc1c24c296af7ec131ab36d32,14a07936dc824be00bd0419f7b4671c9d5fdd08c,25,14,11,fix #,ISSUE,NULL,25,NULL,3
272a45de8bc0886fa1d1258c369d09f6affedebd,116b8608da2be5dcaaa1e940e5f3e568d7d7a23b,4,2,2,Normal,NULL,NULL,4,NULL,2
116b8608da2be5dcaaa1e940e5f3e568d7d7a23b,14a07936dc824be00bd0419f7b4671c9d5fdd08c,21,12,9,Normal,NULL,NULL,21,NULL,2
14a07936dc824be00bd0419f7b4671c9d5fdd08c,null,0,0,0,null
4c22946466f9e3089044e8585b16ecb7438707bf,null,0,0,0,null
2fd9dfa4345fddaa570f7cd75663c308a0fbb29d,null,0,0,0,null
aff2a56dc0f124ee2c20661d693d773ac95a3b93,null,0,0,0,null
2ca71d7558199db12c13708490238cd453c312b7,null,0,0,0,null
771be06c3ab763c9fd0018c075dcd0510c9c0d6e,null,0,0,0,null
deae85c72151f0fecb0fd94867d32e9c8df9eefe,null,0,0,0,null
35b531dd707242b7dd3e78037e6a32749ed79f87,null,0,0,0,null
d6979f86a870224140bd728d1616bd4a57ec376a,null,0,0,0,null
a9f828e256a784a751a3f1c439822feb4cde84e1,null,0,0,0,null
c278b76b26b3f6c7bdbf51cfc51b31423574a109,null,0,0,0,null
efb665b99823a8f6abf109ccb3af2078820a23c1,null,0,0,0,null
e855e6ac4abb568e85b19bb4b48596f7e4975878,null,0,0,0,null
b57bf6576d77abc99986d7896dd6ff32ea15592a,null,0,0,0,null
cf5fd967baed99f14806058570062fefa8b5e49d,null,0,0,0,null
9b2ace537c0e3d9f97c463ed1c73bd775835e7e1,null,0,0,0,null
53545102fe9243e82215fc1a5b8f31a68e050c5c,null,0,0,0,null
f168c843c48b2daf53bd5314c6a7690f541183f0,null,0,0,0,null
5b79c1e04073ebafc98d44f475b61d0069225971,null,0,0,0,null
146786633662e8948913d45f1fce3f7641da73bb,null,0,0,0,null
290024edcd150c8c9ec83e7a06a26a1fb7c37bfe,null,0,0,0,null
fb09696ba69e3bf69a965a3c5d663b6652df1c90,null,0,0,0,null
5d1cb87b3683d678c11eec4d951173036112b69f,null,0,0,0,null
022416c7636023d9ea11deb0f66c163c68e1cd64,null,0,0,0,null
6ade06f5fb1ccb4b9030caf8a5a1970e6980e4ce,null,0,0,0,null
bf37c7b9f537c9bc4178918836d39a998f14efc5,null,0,0,0,null
f66296b118c4e49fd7d3e9b7e0bbb708b0d3e7f4,null,0,0,0,null
6f85ca8027bb25b7546b4843bc71eeed34fb3a78,null,0,0,0,null
d1f7c97cd9e090ed965f52e3d37980d79c08d202,null,0,0,0,null
bbd32008c5fc18d58d21762ed1ea4db6f751bdcf,null,0,0,0,null
04595224e68532d37fe44c2bd49e0db8f7424604,2ca3bce8d8bbb37b98b8da078920cd908f5c9a5a,9,5,4,fix #,ISSUE,NULL,9,NULL,2
d57ccc621cd025c1fc8f0a442d362e56bc9265c2,2ca3bce8d8bbb37b98b8da078920cd908f5c9a5a,9,5,4,Normal,NULL,NULL,9,NULL,2
2ca3bce8d8bbb37b98b8da078920cd908f5c9a5a,a5fac47dcc1b335e05827348f9a8ead9b93e541c,21,12,9,fix #,ISSUE,NULL,21,NULL,1
a5fac47dcc1b335e05827348f9a8ead9b93e541c,6494fe68b16d3f259f95c699e4131d074c1d3e0e,97,56,41,fix #,ISSUE,NULL,97,NULL,2
6494fe68b16d3f259f95c699e4131d074c1d3e0e,bdfb871e8219861813f00cb18df3bacdf524e8fa,94,62,32,fix #,ISSUE,NULL,91,NULL,6
bdfb871e8219861813f00cb18df3bacdf524e8fa,ec47d5197404f2e81037efc87792ea7cc245f2c1,0,0,0,Normal,NULL,NULL,0,NULL,0
ec47d5197404f2e81037efc87792ea7cc245f2c1,22f95425d2d1155f2e41b79c6e76a78ce8b4dcd9,4,2,2,#,NULL,NULL,4,NULL,1
22f95425d2d1155f2e41b79c6e76a78ce8b4dcd9,89a832ac56a69c14afea963537d13e032b91e8f4,46,41,5,#,ISSUE,NULL,46,NULL,7
89a832ac56a69c14afea963537d13e032b91e8f4,f6aa77f7efd7bdbdb0e2cbbdcebf2db84de77623,170,116,54,fix #,ISSUE,NULL,57,NULL,7
f6aa77f7efd7bdbdb0e2cbbdcebf2db84de77623,92b57cb9d2ce5b223361afb9ad61f5cc685f5d32,112,64,48,Normal,NULL,NULL,112,NULL,2
92b57cb9d2ce5b223361afb9ad61f5cc685f5d32,3fbe9fc5c5d5ef123831771a212faf91c24fdf3a,2,1,1,fix,NULL,NULL,2,NULL,1
3fbe9fc5c5d5ef123831771a212faf91c24fdf3a,543da2982667a70dfeaa9ef745b490756809e765,2,1,1,Document,NULL,NULL,0,NULL,0
543da2982667a70dfeaa9ef745b490756809e765,02a790de97d1c9780cec448e56b313f09c843a84,11,10,1,fix,NULL,NULL,11,NULL,1
02a790de97d1c9780cec448e56b313f09c843a84,null,0,0,0,null
69f88805e67f5b3d5dbb49c5235ea5af7f2845ed,63ce45d5ca78964c75070525bc14af4a761b5113,9,1,8,Normal,NULL,NULL,9,NULL,1
63ce45d5ca78964c75070525bc14af4a761b5113,66d871d59c89f80c9bcd750e76af1722fe25208c,128,95,33,Normal,NULL,NULL,128,NULL,4
66d871d59c89f80c9bcd750e76af1722fe25208c,1cfab67c3ca2745d71e11d7a09145647b9013f8a,4,2,2,Normal,NULL,NULL,4,NULL,1
1cfab67c3ca2745d71e11d7a09145647b9013f8a,d157871e25fb878d919c234dc31a906f04f68ae5,10,7,3,#,ISSUE,NULL,10,NULL,1
d157871e25fb878d919c234dc31a906f04f68ae5,e352a3640d00492e33564d289f7c8c26f2ff97dd,60,56,4,#,NULL,NULL,60,NULL,2
e352a3640d00492e33564d289f7c8c26f2ff97dd,715e66416ebaba767a3d23613f46a380d7fcdbb5,25,14,11,Normal,NULL,NULL,19,NULL,4
715e66416ebaba767a3d23613f46a380d7fcdbb5,a18b990e9df602cfdb7741bf19b0558b0b48d7a5,8,4,4,fix #,ISSUE,NULL,8,NULL,2
a18b990e9df602cfdb7741bf19b0558b0b48d7a5,d732dac883fc9c5ac764b3b7495a104b8556ddd4,28,14,14,#,ISSUE,NULL,28,NULL,7
d732dac883fc9c5ac764b3b7495a104b8556ddd4,333b7e1a50a29828ab19ce489f68e2c1ccf1ca65,27,24,3,Document,NULL,NULL,0,NULL,0
333b7e1a50a29828ab19ce489f68e2c1ccf1ca65,0691333d9635a1455d66d78685127623070da6b7,27,27,0,Document,NULL,NULL,0,NULL,0
0691333d9635a1455d66d78685127623070da6b7,866b4dc86cde858b0665d55309a7845323cc3b8f,0,0,0,Normal,NULL,NULL,0,NULL,0
866b4dc86cde858b0665d55309a7845323cc3b8f,0e7767dc4704f3d1a18cdd6be668177abe478f53,10,0,10,#,NULL,NULL,10,NULL,1
0e7767dc4704f3d1a18cdd6be668177abe478f53,5e1006e2501324bf25b5e7412542541aa04f46fa,12,11,1,#,NULL,NULL,12,NULL,1
5e1006e2501324bf25b5e7412542541aa04f46fa,87c4887c7a4f78bf16988e4ac40a2f1169ba1cba,4580,4580,0,Normal,NULL,NULL,276,NULL,7
87c4887c7a4f78bf16988e4ac40a2f1169ba1cba,c7586c7e447e3481332e88ffc442c9811d611f61,10,7,3,Document,NULL,NULL,0,NULL,0
c7586c7e447e3481332e88ffc442c9811d611f61,2d05c9ae93600491253a47d4ea3b188a068d6fd8,6,6,0,Document,NULL,NULL,0,NULL,0
2d05c9ae93600491253a47d4ea3b188a068d6fd8,null,0,0,0,null
4b35ce84e60366ba15a972d9e2dc97cdc9fe85d2,null,0,0,0,null
8be42101230ebbb84e69818a927ecf7922901616,null,0,0,0,null
cc6a4168a69069ecdf351e225e4f28b85f949448,null,0,0,0,null
e53144e9d0a8ca69f39ce4eac3c3c93fb99fe730,null,0,0,0,null
aa6d4fb46fbfc92fb48b1708f8f5af6409e746a2,null,0,0,0,null
2feda27c3c270fa75399dee8cbecbd7b76172f11,null,0,0,0,null
db2438616589816cbfe6da336a51afefda7dc9e5,null,0,0,0,null
fa72de5e7e7a62d75f84373464b2492d0bf56704,null,0,0,0,null
fcf6def4d95d3091147655ffaa25aab035f0d6bb,null,0,0,0,null
3a44d93594ca7f1e6875de258e8cbc3e173efbe8,null,0,0,0,null
5c6ffe8b6f110c4188916b7f2dec1c34235df22a,null,0,0,0,null
9a4fb6b85a94c832b34be7fbf6a290716e848296,null,0,0,0,null
788dcc64d65b92c9eac654213e5226cdf3710126,null,0,0,0,null
10c7e4ca398c150899a972460988bdb4263349e2,null,0,0,0,null
9b59bcb977e2db91992d69baa65959e3ca7d4754,null,0,0,0,null
4a9c58b92849003e984ee029d6c9792f55b1fcd9,null,0,0,0,null
ac7274d5571cb93b7e50b5cdb9db2a7311b478e1,null,0,0,0,null
32a42486046ed9d0ba5cac891b17f631c7bf01fc,null,0,0,0,null
c1a2eb142da3fc51a6d7102fe9fb57854e9f52b4,null,0,0,0,null
b58f5372f2f7e72d38405bae9a8aaaf38a2e9227,null,0,0,0,null
0af54983075fdb4973ab865cfdbc6093b0972b69,null,0,0,0,null
44864fbf1a6be1a08d11a54bac490a98f044899c,null,0,0,0,null
8b01658b25d795bdcf7608b96874801f1371f364,null,0,0,0,null
28eee857c5239fd144e7bb7a6fadf623dfc6e367,null,0,0,0,null
3a42340281aed092477dc1a6555d7fb81a002056,null,0,0,0,null
5b7b916bd556df81761ff6fa64c0cba65c5f13f0,null,0,0,0,null
0bf7b7156131adf6988df679c81014dd12f738fd,null,0,0,0,null
27bc9a4310b4e1a908db2ccca319077ab98222e7,null,0,0,0,null
624e69140dd06d04d3c8c44289a3da5fbb531950,null,0,0,0,null
91c68581bbbbac353991d8a03b8a8b25ccd93b62,19025cdaa9077047a2e0554eb32567d4838b6ad5,4,2,2,#,ISSUE,NULL,4,NULL,1
19025cdaa9077047a2e0554eb32567d4838b6ad5,890226bf0c3705cec32cc34cacf9eb0e23127e0c,4,2,2,#,ISSUE,NULL,4,NULL,1
890226bf0c3705cec32cc34cacf9eb0e23127e0c,ef08be1151acad81586c76e62c389c3d7a5d03db,1,0,1,#,NULL,NULL,1,NULL,1
ef08be1151acad81586c76e62c389c3d7a5d03db,3cf9d08075d45341a6fdd66a8604a7e1b9ae0d82,5,5,0,#,ISSUE,NULL,5,NULL,1
b498aee071eea2d644822085d968722db70ffbc8,c4372ba01d4dfd0e35a51d9df4dd79b2fed8b18b,1139,1126,13,Normal,NULL,NULL,1139,NULL,13
c4372ba01d4dfd0e35a51d9df4dd79b2fed8b18b,null,0,0,0,null
b00cac5736ef1d187ac229c881df74ee54594fc2,null,0,0,0,null
3cf9d08075d45341a6fdd66a8604a7e1b9ae0d82,null,0,0,0,null
edc1eefb79b0811529a41ad5e27b9d2d3de78a7e,null,0,0,0,null
035d6fa847d047e195f1297553d3ea97373f364a,null,0,0,0,null
9299c9415d4bb3f3ea08b8431d70a30046753e96,null,0,0,0,null
ecdb856ea7fe50f28c5dcd2ce15c3e935156763c,null,0,0,0,null
091508027ef53add0d6bb24bd0dfdb633b30bd41,null,0,0,0,null
cfdf8bacb8122f4120bd7faf67f81b033c66e4a8,null,0,0,0,null
fd51773a5e6530f8b5279e6f42d5eb6b8143dd6a,null,0,0,0,null
87fd86a3070374d27e8cc259f59ef6b128c1b6ad,null,0,0,0,null
abca50f57540c40b4dd9c469ea7cf143d81f52bc,null,0,0,0,null
8aade6cfefcef9b8414eafe84ebc89c84e259473,null,0,0,0,null
047dfadb862400c6a48b2ab4fda60357dcf83bbb,null,0,0,0,null
c251362508544d03103f108f386f31cb22b48837,null,0,0,0,null
70eb153658a609e9eca36aeaec2a242d77e527b8,null,0,0,0,null
1f01f92ed24be50a6ebc1095151daecf2eeea9e3,null,0,0,0,null
f859914ff3efba2668e2897b11572ea73becbd5c,null,0,0,0,null
aa8d82375acee12b389b9bec1d1f3c1bbdca60c6,null,0,0,0,null
02b09c002c645b6306ecdc044218bffa6d2ce1b1,null,0,0,0,null
06b800adca1af5576c3482880ce0e18e45c64b57,null,0,0,0,null
2a056a4fb770f3118f61b028b1588fd5a3979c55,null,0,0,0,null
0ca512aeb80ba98ab9ce10eeecddabcfc937ca71,null,0,0,0,null
f77e7b4a1febc1ae970445981880ae8584a33557,null,0,0,0,null
8a139a45dc1632abc6a3803bacc0210ac8ea06b3,null,0,0,0,null
cea549220f792f1bf8f364bdb007747c746a1d53,null,0,0,0,null
1e508dd20ca66c3e26c3b2a63db36a4c62223ea3,null,0,0,0,null
0923a6f9bbd39c2339765849fac267f167b5270f,null,0,0,0,null
3374f6d5a656b4e171836c9a58a51f01470fab9a,null,0,0,0,null
12fb28fd3c38034d95ae02dbac83c1ecb85a5f45,null,0,0,0,null
24ac60e1862512e98a181e8142ca5e22f3ef298d,null,0,0,0,null
94b2ef6e02895417ec3d8d612c7e28b38a6a4a86,null,0,0,0,null
e727b9bfe463a8a674d2a8834cca5272726cec1f,null,0,0,0,null
1c53915a1ddbd705eea76f17de2f99ee05c154d3,null,0,0,0,null
d2eda9e64287f83182cb417d1caa86e1e3adac22,null,0,0,0,null
4ce1cc8cd42d81a259daf97d0f59f81148d11bf9,null,0,0,0,null
33b6e74a80fbc4d20f980874041732c46ee85256,null,0,0,0,null
3abcddb8dee6fdba5c18c23e463431ded1de60ee,null,0,0,0,null
db4d848a5132a7f836817b4fa31dd6e895d9e0b7,null,0,0,0,null
9f0860ffe0892e8749ed8251bccf90a46069da9b,null,0,0,0,null
ea0bf5ab62844189b80da04ecc3685ea7e2ef12d,null,0,0,0,null
71fc14f34a3097d592435fc621c87db0f2ccccb3,null,0,0,0,null
a6c562dc81e728e85dfb7534c12103528c7748b8,null,0,0,0,null
7d63646f80c729a7be3c5515baa51eef89eb71ed,null,0,0,0,null
b99f5e87172a1f4106319669b1194878790f6d7a,null,0,0,0,null
fe52c57a0969c7c7b0881c4e76311006866d8417,null,0,0,0,null
5ccdeb4814af89d7192cb6c81075486525eb457d,null,0,0,0,null
48a02a0840266cfb918a0ba286fa3dd505d8be8d,null,0,0,0,null
91dade72bf0214df66f8b20032f6811dea545e46,null,0,0,0,null
e1a72d65b52444c15b20cc52617ad21d04d0f2e0,null,0,0,0,null
fbc833c534500136b6f17a3b77286c03c0e147ce,null,0,0,0,null
4447859de1ad2e73775e6d5c2419c319876a1fae,null,0,0,0,null
3cb5a867f49dfd314b0b736d038534967e30b92f,null,0,0,0,null
bcb41ed41bc1d0e37fac30150d7939872825b571,null,0,0,0,null
05b3beef5d1a6f5f05661c8fa9ffd5bfdf845bff,null,0,0,0,null
c1a6b08121ed2f910263e2fdaa84de295f09fe41,null,0,0,0,null
0d87a769b5743f66bcb8ff243f24d654dbbc998c,null,0,0,0,null
44c4b6d584d8b2912cff5ae60cdf81041a4f904f,null,0,0,0,null
bc3de3011ab8f17a48a59a5342dd1a3133f15641,null,0,0,0,null
3af4685143bb8ddb8b7a75314a6a3e1b058b36bb,null,0,0,0,null
8d8c67edc8e3d58435ea6681dff88a644ee8cba4,null,0,0,0,null
7601b7d024207565b75b6cd43cb5e61854ee2ea8,null,0,0,0,null
34dc8044ec188171c72e3fe42b9422d498be1a8f,null,0,0,0,null
5be27793c8b2a94c92c2423dde3c8ee1766b4a39,null,0,0,0,null
fdf3569ca2d5ff12be5e74b549b65df5a6b87866,null,0,0,0,null
d9f51f5f84bc81daf1223be20e94dac062dd5238,null,0,0,0,null
6a8fa8b813580f91cd1d955c907535391affe776,null,0,0,0,null
fd4c35bcdefe733312420f6d3de93b1e309383f5,null,0,0,0,null
0d4951b5e64ba025457b06f3c0be16cb3d8e571b,null,0,0,0,null
88270de8951483d04790e6901cf811d860d54456,null,0,0,0,null
3951329041b5b318c9ba7706e5e407a0340499c5,null,0,0,0,null
ce8a3f34d7958231acc9a2ae550f80aed781be98,null,0,0,0,null
ad369dd90ddfcf35cc408de6149e01fad8aaaa12,null,0,0,0,null
72ef625b4c0e0c2152252bfc249eb4824828bfe4,null,0,0,0,null
0f021f8758c03318f3c3a4b9eb9e315954669f25,null,0,0,0,null
c82e464447d2697cc4d037e17a186ffd7b9d1d96,null,0,0,0,null
a5a45788a4ca717f00f2c6ba06d76c2b9f0fd104,null,0,0,0,null
23a6baf18d754d1d765ebf757807c7bbff893430,null,0,0,0,null
4ab5e7256879a064fc420b08b9b603135076e857,null,0,0,0,null
1a2fd26a484e600989545c38b583278978c9a256,null,0,0,0,null
