fa09162200d4fdc23f13701db310788ef88800c6,7fb23f3be62b2ac481c53017b8465a9571e44dc4,18,8,10,Document,NULL,NULL,0,NULL,0
7fb23f3be62b2ac481c53017b8465a9571e44dc4,a5bd9cda8b161bd1cd455db5ad05748c526944d3,4,2,2,Normal,NULL,NULL,0,NULL,0
a5bd9cda8b161bd1cd455db5ad05748c526944d3,3fe4eeb5dfa556e06cc053b5c28324011ce3ba36,8,6,2,Normal,NULL,NULL,8,NULL,1
3fe4eeb5dfa556e06cc053b5c28324011ce3ba36,6858f61c336ab3473aea1c59dccc2a9f7b4504f6,19,14,5,Document,ISSUE,NULL,0,NULL,0
6858f61c336ab3473aea1c59dccc2a9f7b4504f6,72ee64bceb5bf546c4e19e1862ce897b506ad70c,4,2,2,Normal,NULL,NULL,0,NULL,0
72ee64bceb5bf546c4e19e1862ce897b506ad70c,a8dbd096bfae33b76710072ec8cd2836e35bf66d,2,2,0,Normal,ISSUE,NULL,2,NULL,1
a8dbd096bfae33b76710072ec8cd2836e35bf66d,b95262ec97ebc3961c088c678784d573b48aed1f,12,10,2,#,ISSUE,NULL,12,NULL,1
b95262ec97ebc3961c088c678784d573b48aed1f,27ae15bf5ef8a9fdbcc055d08e220f913e571093,2,1,1,Document,NULL,NULL,0,NULL,0
386992b27df1c14d678a8337251db82e797dd811,27ae15bf5ef8a9fdbcc055d08e220f913e571093,2,1,1,Document,NULL,NULL,0,NULL,0
27ae15bf5ef8a9fdbcc055d08e220f913e571093,b5c769e839d2b4d54c56ea1e586d17fdd1e4b2a7,4,2,2,Normal,NULL,NULL,0,NULL,0
b5c769e839d2b4d54c56ea1e586d17fdd1e4b2a7,c0bd239abcfb16573cf70a9b9a492eca4ee4c662,7,6,1,fix #,ISSUE,NULL,7,NULL,1
c0bd239abcfb16573cf70a9b9a492eca4ee4c662,688e613c69796ceedadbd6e1e5659f933473f0d8,1,1,0,Normal,NULL,NULL,1,NULL,1
688e613c69796ceedadbd6e1e5659f933473f0d8,16e73b78152a10ea92082d9cc0fea6da8504023b,29,25,4,#,ISSUE,BUG,29,NULL,2
16e73b78152a10ea92082d9cc0fea6da8504023b,9e17c3ac7a7baf95c7d9206a2a01749e53357dc0,6,4,2,Normal,NULL,NULL,0,NULL,0
9e17c3ac7a7baf95c7d9206a2a01749e53357dc0,f0446a3f178668575d55f344e6776110d3baf4ad,21,21,0,Normal,ISSUE,NULL,21,NULL,3
f0446a3f178668575d55f344e6776110d3baf4ad,8620af3d332321eb57896ccb191ed7e17092a05d,6,3,3,Normal,NULL,NULL,6,NULL,1
8620af3d332321eb57896ccb191ed7e17092a05d,e8513b052ba34ab54b7d08e08adbc4dbd3ceeac1,10,9,1,fix #,ISSUE,NULL,10,NULL,1
e8513b052ba34ab54b7d08e08adbc4dbd3ceeac1,ee8e35f9606d6d776490c911f24f0e884e94b08f,2,1,1,Document,NULL,NULL,0,NULL,0
39a95b117130a9663eed4e2cea176222a6bd5854,ee8e35f9606d6d776490c911f24f0e884e94b08f,2,1,1,Document,NULL,NULL,0,NULL,0
ee8e35f9606d6d776490c911f24f0e884e94b08f,null,0,0,0,null
33dfccb638a808668b12d4d124fb551954588b4c,null,0,0,0,null
6c26c4a39a992915fa764e407b90aa76fc1e19fe,null,0,0,0,null
4af9971709bf74e9e768543a3a9bb835dea1b24b,3b2e7e3a047d2fda5b6d46bcde66ce8c6123897d,49,27,22,Normal,NULL,NULL,37,NULL,4
3b2e7e3a047d2fda5b6d46bcde66ce8c6123897d,6a40608a0f77b4c3314758c108aeb153b9b51fe3,88,44,44,Normal,NULL,NULL,64,NULL,2
6a40608a0f77b4c3314758c108aeb153b9b51fe3,e569793f6ad7cb2df7a5f18fc734ae16d24b0099,75,38,37,fix,ISSUE,NULL,53,NULL,4
e569793f6ad7cb2df7a5f18fc734ae16d24b0099,1dec2d8dad758e3362bae3cbe2c8c036c162ee2b,73,73,0,Normal,NULL,NULL,0,NULL,0
1dec2d8dad758e3362bae3cbe2c8c036c162ee2b,dd476d24f475031ae10e8ab90e031438ee95f466,4,2,2,Normal,NULL,NULL,0,NULL,0
dd476d24f475031ae10e8ab90e031438ee95f466,1574df902828a75b2d4279bdd76bba83ae1ad00b,12,10,2,Normal,NULL,NULL,12,NULL,1
1574df902828a75b2d4279bdd76bba83ae1ad00b,55ffd8f11ed3a13306d411c8e9904631c6abe87f,223,92,131,Normal,NULL,NULL,223,NULL,5
55ffd8f11ed3a13306d411c8e9904631c6abe87f,0708a8849653dc87c939c968614334ac39501a2e,75,37,38,fix #,ISSUE,NULL,53,NULL,4
0708a8849653dc87c939c968614334ac39501a2e,59e45db6267d7dadac2fcd785a10e47204d6d937,6,3,3,Normal,NULL,NULL,2,NULL,1
59e45db6267d7dadac2fcd785a10e47204d6d937,91ae3dda64617ad368fc9749d8f115220357bc48,180,92,88,Normal,NULL,NULL,180,NULL,1
91ae3dda64617ad368fc9749d8f115220357bc48,5c87215374ee8b51ba49d8f5e2bbcf4fb5573ede,53,19,34,Normal,NULL,NULL,53,NULL,6
5c87215374ee8b51ba49d8f5e2bbcf4fb5573ede,3bff05bfeea76a6abf8fb98095b860a58802f8d4,901,463,438,Format,NULL,NULL,881,NULL,5
3bff05bfeea76a6abf8fb98095b860a58802f8d4,7966fe56515c438ef46c77571edaf9acdc0d7f6c,4,3,1,Normal,NULL,NULL,4,NULL,1
7966fe56515c438ef46c77571edaf9acdc0d7f6c,8ff04acf149c8b062350002949adec181982bdb8,79,39,40,fix #,ISSUE,NULL,53,NULL,3
8ff04acf149c8b062350002949adec181982bdb8,658df77ae394618c3fe4aba9f44ac38a2b9d4a6e,110,57,53,fix,ISSUE,BUG,82,NULL,5
658df77ae394618c3fe4aba9f44ac38a2b9d4a6e,e7040c865aeabb5907076d0b51765b818f195184,4,2,2,Normal,NULL,NULL,4,NULL,1
e7040c865aeabb5907076d0b51765b818f195184,a73d5abbe0e0a5d49aba01652d2adc8a719a7ed0,37,21,16,Normal,NULL,NULL,37,NULL,1
a73d5abbe0e0a5d49aba01652d2adc8a719a7ed0,280c1d3ff5ca94a6a956065200a708a7db4bc011,288,176,112,Normal,ISSUE,BUG,284,NULL,15
280c1d3ff5ca94a6a956065200a708a7db4bc011,ec1f084590a4cdba89b46823e4e205d8daa06738,8,7,1,Normal,NULL,NULL,8,NULL,2
ec1f084590a4cdba89b46823e4e205d8daa06738,c5348b0f720c3e2f4a14663abd7f54d0c961b0a9,16,14,2,#,ISSUE,NULL,16,NULL,1
c5348b0f720c3e2f4a14663abd7f54d0c961b0a9,null,0,0,0,null
c43b631fe8449ae4676624746d64e05b31dc8c2f,90425e00dedf243fcd2c734045288264452e8b99,4,3,1,Normal,NULL,NULL,4,NULL,1
90425e00dedf243fcd2c734045288264452e8b99,cb910d95c9e4d9650d74a639b238bac171a64290,302,177,125,Normal,NULL,NULL,302,NULL,6
cb910d95c9e4d9650d74a639b238bac171a64290,0c108eff28af89f883978d338f6dbb5662b9e406,308,159,149,Normal,NULL,NULL,304,NULL,5
0c108eff28af89f883978d338f6dbb5662b9e406,0c265dc8bd0e67869393c6407acbd2d8c30337e3,91,46,45,Normal,NULL,NULL,91,NULL,3
0c265dc8bd0e67869393c6407acbd2d8c30337e3,ffe2c72b953c77853a63698aa8a1431f65f4684e,65,42,23,Normal,ISSUE,NULL,65,NULL,6
ffe2c72b953c77853a63698aa8a1431f65f4684e,d8bb1d2809a9ca8ef2a9997d2514018f9dce4325,130,71,59,Normal,NULL,NULL,130,NULL,4
d8bb1d2809a9ca8ef2a9997d2514018f9dce4325,16eaf365a7aaeba3d7ebfeeff58ef896c8f792ba,40,20,20,Normal,NULL,NULL,36,NULL,3
16eaf365a7aaeba3d7ebfeeff58ef896c8f792ba,d08c0ac6586f8ff3beddfce03407181e2c354f71,2,1,1,Normal,NULL,NULL,0,NULL,0
d08c0ac6586f8ff3beddfce03407181e2c354f71,6564751bf5adc183b99f04d2d21108809c8bfad9,2,0,2,Normal,NULL,NULL,2,NULL,1
6564751bf5adc183b99f04d2d21108809c8bfad9,40e59f160febdb8fe40f34b8d0a90fd6fe185c67,431,216,215,Normal,NULL,NULL,431,NULL,3
40e59f160febdb8fe40f34b8d0a90fd6fe185c67,150a438b84741bad1dc4d4f182d2461ec5e33255,2,1,1,Normal,NULL,NULL,0,NULL,0
150a438b84741bad1dc4d4f182d2461ec5e33255,a55c666feb3fb2250db472657921899075344b6a,534,336,198,Normal,NULL,NULL,534,NULL,19
a55c666feb3fb2250db472657921899075344b6a,29d88095f6bb74ec29dd53fbb84cca06a64497df,1337,671,666,Normal,NULL,NULL,1335,NULL,3
29d88095f6bb74ec29dd53fbb84cca06a64497df,9904d8d4c198b7e1ec1d8692fc19eb3e5f2497ee,229,125,104,Normal,NULL,NULL,229,NULL,4
9904d8d4c198b7e1ec1d8692fc19eb3e5f2497ee,94c85c83fba127f90de0440ef120bc8f7a37ad6f,6922,3457,3465,fix,ISSUE,NULL,6918,NULL,49
94c85c83fba127f90de0440ef120bc8f7a37ad6f,bf99e4884a043ba3cad49d91a0d5d90377ba8614,4,2,2,Normal,NULL,NULL,0,NULL,0
bf99e4884a043ba3cad49d91a0d5d90377ba8614,0e966b745ff890fe2f0705bbdf4d2dbebb6c530f,4,2,2,Normal,NULL,NULL,0,NULL,0
0e966b745ff890fe2f0705bbdf4d2dbebb6c530f,c815ac7b70f3d572f32c4b82d6123e28fa055e08,1813,908,905,fix #,ISSUE,NULL,1813,NULL,1
c815ac7b70f3d572f32c4b82d6123e28fa055e08,ac53c806882e3e781ddaa31ff4bfaf29f91beea7,33,18,15,Normal,ISSUE,NULL,33,NULL,4
ac53c806882e3e781ddaa31ff4bfaf29f91beea7,81722090fcf99ab4218e2c0f98d050c4998a7053,26,18,8,fix,NULL,NULL,26,NULL,2
81722090fcf99ab4218e2c0f98d050c4998a7053,26c077a5bc8a2ec922398b67af6fb6c409afaa59,9,4,5,Normal,NULL,NULL,9,NULL,2
26c077a5bc8a2ec922398b67af6fb6c409afaa59,86090a505863cfc40298097097dcff6b2403ae9d,1744,815,929,Normal,NULL,NULL,1744,NULL,7
86090a505863cfc40298097097dcff6b2403ae9d,cf5d8ebd44b693fa9770af67f7e803dfa53bfd08,152,76,76,Normal,NULL,NULL,132,NULL,4
cf5d8ebd44b693fa9770af67f7e803dfa53bfd08,39b7029fdac50f501929239f10e8f0f7a2afb75d,1818,909,909,Normal,NULL,NULL,1812,NULL,12
39b7029fdac50f501929239f10e8f0f7a2afb75d,88bdb7f7b8823a26d6b7ca3f9c98441981d1cc62,102,49,53,Normal,NULL,NULL,93,NULL,5
88bdb7f7b8823a26d6b7ca3f9c98441981d1cc62,8a98f5640755e9420aaff2e84820682b37ba5655,31,22,9,Normal,NULL,NULL,31,NULL,5
8a98f5640755e9420aaff2e84820682b37ba5655,ed68cd62cef50280fae8045d855f7cd2380e57c6,2,1,1,Normal,NULL,NULL,2,NULL,1
ed68cd62cef50280fae8045d855f7cd2380e57c6,null,0,0,0,null
ce6846200ce6f84bbe2858ea5bfb2f9c5d31abef,deec71d98a9b167e7bd8d0917c389e1d1177db66,8,7,1,fix #,ISSUE,NULL,8,NULL,1
deec71d98a9b167e7bd8d0917c389e1d1177db66,f877a8b0eaa7a71ada135d6b43f41bcc46fb39d3,24,12,12,Normal,NULL,NULL,18,NULL,2
f877a8b0eaa7a71ada135d6b43f41bcc46fb39d3,db3ab49c2e1e2eb08c8828d44a02825bc2a0f953,0,0,0,Normal,NULL,NULL,0,NULL,0
db3ab49c2e1e2eb08c8828d44a02825bc2a0f953,null,0,0,0,null
868868ff0bb4881a8d01acd094800dd2144dca49,451542b1bd70dbbbd415296324b9c0d3f0af7bb7,2,1,1,Document,NULL,NULL,0,NULL,0
451542b1bd70dbbbd415296324b9c0d3f0af7bb7,a72ea5b75b579ff5244180e93a772e48bdc418cf,30,23,7,Document,NULL,NULL,0,NULL,0
a72ea5b75b579ff5244180e93a772e48bdc418cf,bce8684194bce54259fa64f43667f3a15a9a2553,68,4,64,Normal,NULL,NULL,68,NULL,3
bce8684194bce54259fa64f43667f3a15a9a2553,null,0,0,0,null
c3aa6a674b7ce533e40cb3b589751d16aadce634,3718044a225d3095b6d60bdc3fcfd57c274ea4b4,6,0,6,Normal,NULL,NULL,0,NULL,0
3718044a225d3095b6d60bdc3fcfd57c274ea4b4,1ccfaed991c9e881779d1ef1c49a8630408286b3,10,5,5,Document,NULL,NULL,0,NULL,0
1ccfaed991c9e881779d1ef1c49a8630408286b3,null,0,0,0,null
c557e387a47d6f6779b4736c6d39a66da913ba4d,e5fccb89c9a5f90b0537893b79a2b1e7a46ea286,2,1,1,Document,NULL,NULL,0,NULL,0
e5fccb89c9a5f90b0537893b79a2b1e7a46ea286,b22dc6d676cda526aa8d4472017b9ff759776a8a,1,1,0,Document,NULL,NULL,0,NULL,0
b22dc6d676cda526aa8d4472017b9ff759776a8a,bb1d8ff5b1ebae3c9d8fbeb1476b3c20d7446291,0,0,0,Normal,NULL,NULL,0,NULL,0
bb1d8ff5b1ebae3c9d8fbeb1476b3c20d7446291,null,0,0,0,null
0a1427beb5ded0fa476538708d735d4881013fbe,e8e0735a0ef85e93ab738563dd8acc1ce2e804bd,139,62,77,Normal,NULL,NULL,139,NULL,12
e8e0735a0ef85e93ab738563dd8acc1ce2e804bd,null,0,0,0,null
ed7f3a5d73fdce34f108c217c3693bfa11cb43ee,null,0,0,0,null
aa48c3791e4b5d11fe23f745ab285defb3604c3e,752295d12e409a3757ff45aaeeb563c1b1818ea2,573,277,296,Normal,NULL,NULL,573,NULL,36
752295d12e409a3757ff45aaeeb563c1b1818ea2,null,0,0,0,null
c0b728fbff235928198afbe97d8cfd1147cbce87,7e3c1cc17da78f2319f40390ebb764ada43656ed,20,14,6,Normal,NULL,NULL,13,NULL,3
7e3c1cc17da78f2319f40390ebb764ada43656ed,dc3fd19fc5c1fd8caee53987e989e5c6f7f9cbc4,484,294,190,Normal,NULL,NULL,411,NULL,13
dc3fd19fc5c1fd8caee53987e989e5c6f7f9cbc4,null,0,0,0,null
c6ca8e1ec193314cea9f9806e346933732455f99,1c0e373b24283e10d4ecb2bcb551e490a57d7619,188,50,138,Normal,NULL,NULL,171,NULL,12
1c0e373b24283e10d4ecb2bcb551e490a57d7619,ea8a846b54b383b454abd70cba8fdddd8817fa04,14,1,13,Document,NULL,NULL,0,NULL,0
ea8a846b54b383b454abd70cba8fdddd8817fa04,6432607172c24327d800969a721853fe0fef2678,422,310,112,Normal,NULL,NULL,422,NULL,23
c56bf5e52db530541f01a05c1459230ee1dc513b,6432607172c24327d800969a721853fe0fef2678,14,1,13,Document,NULL,NULL,0,NULL,0
6432607172c24327d800969a721853fe0fef2678,bc5291b56928505ade3961f079671a26d67ee5f3,1,1,0,Normal,ISSUE,BUG,1,NULL,1
bc5291b56928505ade3961f079671a26d67ee5f3,d1237fb7062b84e01e6f240d486d467896cc4d80,17,6,11,Normal,NULL,NULL,17,NULL,1
d1237fb7062b84e01e6f240d486d467896cc4d80,8433ce5802bef5e8bd9bd522e48184508f587555,58,39,19,Normal,NULL,NULL,58,NULL,5
8433ce5802bef5e8bd9bd522e48184508f587555,bf2c37af730c15a18c478b84f983ee41a33c3eda,524,172,352,Normal,NULL,NULL,522,NULL,33
bf2c37af730c15a18c478b84f983ee41a33c3eda,72e526fa393a0a788de46614107cbcd72ee4e93e,200,111,89,Normal,NULL,NULL,200,NULL,16
72e526fa393a0a788de46614107cbcd72ee4e93e,null,0,0,0,null
96be5d911931702dbb4609480cf1669a661946b0,null,0,0,0,null
a62633fa34dc16f6d184a807c47de35c7a955a3d,480d62ebf3a151c263e87e3c88e1a325af1b8696,52,16,36,Normal,NULL,NULL,51,NULL,6
480d62ebf3a151c263e87e3c88e1a325af1b8696,null,0,0,0,null
e71c7afd80dde9c2d5aa599ca5c3f68a5a2fa8c4,aadbd719156158bcbe9fe5da46ca103d15142dcf,151,75,76,Normal,NULL,NULL,148,NULL,13
aadbd719156158bcbe9fe5da46ca103d15142dcf,18718cd968273bbb2b0fa13e9bb0a4f5831b2229,10,0,10,Normal,NULL,NULL,6,NULL,1
18718cd968273bbb2b0fa13e9bb0a4f5831b2229,0c52156fc6bbfb7d6ba245b292a72badb8454c18,220,101,119,Normal,NULL,NULL,220,NULL,15
0c52156fc6bbfb7d6ba245b292a72badb8454c18,491260f942f8f3400d751ef5ab210bfba77cc640,397,221,176,Normal,NULL,NULL,397,NULL,23
491260f942f8f3400d751ef5ab210bfba77cc640,88b8d190753fb0d3e65692dea83d053aec03ca87,753,379,374,Normal,NULL,NULL,753,NULL,42
88b8d190753fb0d3e65692dea83d053aec03ca87,ae11dd8e6f20361efd21fb8e020854033e67ccbb,422,242,180,Normal,NULL,NULL,422,NULL,14
ae11dd8e6f20361efd21fb8e020854033e67ccbb,null,0,0,0,null
1cf4cba0ba716931a9c0ac14eef72ef4c1c0127d,e89d705548b13a20ee4e747af020279e9a4356c5,766,448,318,Normal,NULL,NULL,764,NULL,21
e89d705548b13a20ee4e747af020279e9a4356c5,fb3caefdd9ccc727d48c0c7d310c09e77fc9e0da,175,62,113,Normal,NULL,NULL,173,REFACTOR,15
fb3caefdd9ccc727d48c0c7d310c09e77fc9e0da,null,0,0,0,null
c9c6694bfddd412dfefb204aa026fb2892596a8e,null,0,0,0,null
de4fd4dbf847dab8f48973bd6ba10387464ab75c,639183f469fefd830860fecb7ebd682df5e78d36,142,49,93,Normal,NULL,NULL,120,NULL,6
639183f469fefd830860fecb7ebd682df5e78d36,null,0,0,0,null
e7e423254fb6e67dff4ac9cdeda643b58cf7ab76,bc2419b9298c955bb942259f4c66af8bb34ece4c,8,6,2,Normal,NULL,NULL,8,NULL,1
bc2419b9298c955bb942259f4c66af8bb34ece4c,e6ea61fe344ffc4677fec7b30f196caabf2d5318,215,105,110,Normal,NULL,NULL,215,NULL,6
e6ea61fe344ffc4677fec7b30f196caabf2d5318,fc83a0cf372da74a1f5849fb827a8f67a60601ec,1,1,0,Normal,ISSUE,BUG,1,NULL,1
fc83a0cf372da74a1f5849fb827a8f67a60601ec,9f9bafb5b5a2af134dbda7de611cf527f0db7ace,155,77,78,Normal,NULL,NULL,155,NULL,7
9f9bafb5b5a2af134dbda7de611cf527f0db7ace,c29ba4a90cf1ff6e4f4e47cc03afe1dea852e8d5,197,185,12,Normal,NULL,NULL,197,NULL,6
c29ba4a90cf1ff6e4f4e47cc03afe1dea852e8d5,ceb10293807bc7634a2873955330ad2311c73d3d,820,197,623,Normal,NULL,NULL,405,NULL,20
ceb10293807bc7634a2873955330ad2311c73d3d,6fa8df19581c45b90fc89db22d524cfd94632c73,11,6,5,Normal,NULL,NULL,11,NULL,5
6fa8df19581c45b90fc89db22d524cfd94632c73,null,0,0,0,null
e632b23f245b15fa70ee91c2a5bfebecf8967826,eef6929e1686bb0fa0a6d9f7a5bd74a4def1a4a8,149,81,68,Normal,NULL,NULL,149,NULL,6
eef6929e1686bb0fa0a6d9f7a5bd74a4def1a4a8,1746676f76e2078e40dc23f2d40b552e305a92d7,482,232,250,Normal,NULL,NULL,476,NULL,38
1746676f76e2078e40dc23f2d40b552e305a92d7,984697463d286d7bc83729a71a349beca612a95c,0,0,0,Normal,NULL,NULL,0,NULL,0
984697463d286d7bc83729a71a349beca612a95c,fcaf51bd1be4270849b4d0cb6cd10121ea0ce92d,50,33,17,fix,NULL,NULL,50,NULL,6
fcaf51bd1be4270849b4d0cb6cd10121ea0ce92d,3863165326d3e1a72b1ebe6f765afabe63aea413,26,22,4,Normal,NULL,NULL,26,NULL,3
3863165326d3e1a72b1ebe6f765afabe63aea413,849a58f24d6c6afd1c143aa0e6f36c7a016a25fb,38,22,16,fix,ISSUE,BUG,38,NULL,5
849a58f24d6c6afd1c143aa0e6f36c7a016a25fb,18e943333f8e2ebb69e1b7bf5ac0b116598b78e5,16,8,8,Normal,NULL,NULL,12,NULL,2
18e943333f8e2ebb69e1b7bf5ac0b116598b78e5,35b37004153e7e48dcfc7c9352fb7e1d2fdb1a69,13,8,5,Normal,ISSUE,NULL,13,NULL,2
35b37004153e7e48dcfc7c9352fb7e1d2fdb1a69,a3f977fc808f2e0ced19be5d3b616b30fb7d9407,846,526,320,Normal,NULL,NULL,840,NULL,22
a3f977fc808f2e0ced19be5d3b616b30fb7d9407,null,0,0,0,null
a0e848d4c80399b07efd14d4d890e8ff5b8e7c68,44f77921cc32a8de55d2270451b4ed9db5e8d562,170,126,44,Normal,NULL,NULL,170,NULL,12
44f77921cc32a8de55d2270451b4ed9db5e8d562,157ef5613ea26eb1e2be00bf5d4f9b8f95dd7945,40,2,38,fix,ISSUE,NULL,40,NULL,3
157ef5613ea26eb1e2be00bf5d4f9b8f95dd7945,6371c28e65b9ff039c0fb22030db881e2584f333,18,9,9,Normal,NULL,NULL,18,NULL,2
6371c28e65b9ff039c0fb22030db881e2584f333,c463cd6972ed54ab241f3bd78e56a45731879f59,43,26,17,Normal,ISSUE,NULL,43,NULL,4
c463cd6972ed54ab241f3bd78e56a45731879f59,c9af20c3eb0f81d8ceca4487ed4d2fe9a9146cf6,49,27,22,Normal,NULL,NULL,49,NULL,2
c9af20c3eb0f81d8ceca4487ed4d2fe9a9146cf6,20fc1e31bca205dc78be4380d6a4f570cd8244b2,336,183,153,Normal,ISSUE,NULL,332,NULL,21
20fc1e31bca205dc78be4380d6a4f570cd8244b2,f8d07c6d68ee54e23d89d81e07fdfd27d73c653c,145,93,52,Normal,NULL,NULL,145,NULL,8
f8d07c6d68ee54e23d89d81e07fdfd27d73c653c,769e2aa74e5d5fff205ea30ef08a238840f7a22a,1435,1238,197,Normal,NULL,NULL,1339,NULL,26
769e2aa74e5d5fff205ea30ef08a238840f7a22a,77e5e4bb317322fbb557101021df9bf5a8a69635,831,824,7,Normal,NULL,NULL,417,NULL,15
77e5e4bb317322fbb557101021df9bf5a8a69635,9a7cee37fe7b547940bf32c25698e521050cadd8,81,27,54,Normal,NULL,NULL,81,NULL,2
9a7cee37fe7b547940bf32c25698e521050cadd8,9f4a7dede0557ba2afb1aec2636398dcbf39d367,137,85,52,Comment,ISSUE,NULL,121,NULL,8
9f4a7dede0557ba2afb1aec2636398dcbf39d367,null,0,0,0,null
504c34e75e03744c9c32525d6073318e945bdfae,289f244040eaa845a9a5fde347ffdd51a61f7e3b,259,109,150,Normal,NULL,NULL,249,NULL,12
289f244040eaa845a9a5fde347ffdd51a61f7e3b,null,0,0,0,null
d51b711f665879d3f45d38428f8b635fa403b745,95e87dddfca63cc7be1b484cb899b794ec4d2a21,454,114,340,Comment,NULL,NULL,454,NULL,19
95e87dddfca63cc7be1b484cb899b794ec4d2a21,ff8688c9501d17ba4528130f334a3bacc51a5542,233,131,102,Normal,NULL,NULL,229,NULL,14
ff8688c9501d17ba4528130f334a3bacc51a5542,81b6f16f305fc4f1bf8a2e23a37b2dc003132933,530,378,152,Normal,NULL,NULL,526,NULL,20
81b6f16f305fc4f1bf8a2e23a37b2dc003132933,e5fb3124de0afcd5daf1d9ab160cd035a23ecea0,1492,1142,350,Normal,NULL,NULL,1436,NULL,44
e5fb3124de0afcd5daf1d9ab160cd035a23ecea0,63edbaa2799cd8007b6bd7af46e96489a0e8c4b8,32,2,30,Normal,NULL,NULL,32,NULL,4
63edbaa2799cd8007b6bd7af46e96489a0e8c4b8,3ee65757f58e90011c40e8bb5fa9958c3bd35dd7,66,31,35,Normal,NULL,NULL,66,NULL,3
3ee65757f58e90011c40e8bb5fa9958c3bd35dd7,29625b90b76297716517e93be075fe11f7cf81e7,2,1,1,Normal,NULL,NULL,2,NULL,1
29625b90b76297716517e93be075fe11f7cf81e7,null,0,0,0,null
ad23cd61d4b63eb38932d4f803d1a5b74d6841e1,6713863f018542bf4db69f9503aab963ef887bd9,7,5,2,Normal,NULL,NULL,7,NULL,1
6713863f018542bf4db69f9503aab963ef887bd9,null,0,0,0,null
6b6a1dba76f68d78b32f6327af920bb021db101c,efe78f6da07a1c60cf204d8536dbd6c87d24218a,38,32,6,Normal,NULL,NULL,32,NULL,5
efe78f6da07a1c60cf204d8536dbd6c87d24218a,4f5d7aa535849987b80e1d9747bc999efc4d803e,3636,3575,61,Normal,NULL,NULL,3634,NULL,10
4f5d7aa535849987b80e1d9747bc999efc4d803e,f16c3b324634dadac79fb8e44e46b71479684b0b,16,8,8,Normal,NULL,NULL,12,NULL,2
f16c3b324634dadac79fb8e44e46b71479684b0b,a025f888365d2331dc798f1554f42d0c8e3acddf,36,24,12,Normal,NULL,NULL,36,NULL,5
a025f888365d2331dc798f1554f42d0c8e3acddf,null,0,0,0,null
500ecb5a0197b9e9011bc01f9142f0b97c20716c,04a019cb5abebd4790004dcaa17fcf6128a245d6,24,18,6,Normal,NULL,NULL,24,NULL,2
04a019cb5abebd4790004dcaa17fcf6128a245d6,null,0,0,0,null
44a24d9bc3579b8ac1cb53d3f042bf77c47ce6a2,9d2221504926e14cb350f8f7dfe7f55c4a060465,210,0,210,Normal,NULL,NULL,151,NULL,3
9d2221504926e14cb350f8f7dfe7f55c4a060465,8d4e19723b5a754e04770f1571b30fb5bae80f7e,30,23,7,Normal,NULL,NULL,24,NULL,1
8d4e19723b5a754e04770f1571b30fb5bae80f7e,6e25899fb4db3294fea7a000464bc165df57eea6,52,26,26,Normal,NULL,NULL,52,NULL,2
6e25899fb4db3294fea7a000464bc165df57eea6,33daa25b8d9d6f04f26bd98d51f2910544b01827,4,0,4,Normal,NULL,NULL,0,NULL,0
33daa25b8d9d6f04f26bd98d51f2910544b01827,1929054a1305c13e563377dfa319c18d95241d7f,328,210,118,Normal,NULL,NULL,328,NULL,11
1929054a1305c13e563377dfa319c18d95241d7f,22333267a1393272885103b3cbbc38573d6e5d36,20,14,6,Normal,ISSUE,NULL,20,NULL,1
22333267a1393272885103b3cbbc38573d6e5d36,eec3bf49852afbc84b06bb81e5ce4a20e3dda63a,382,306,76,Normal,NULL,NULL,382,NULL,16
eec3bf49852afbc84b06bb81e5ce4a20e3dda63a,29192466006be561352d3ace0fe76f3bf46ca7fc,38,23,15,Normal,NULL,NULL,38,NULL,12
29192466006be561352d3ace0fe76f3bf46ca7fc,06ee514e447f2881ab1598392569563f26b52d52,543,297,246,Normal,NULL,NULL,315,NULL,11
06ee514e447f2881ab1598392569563f26b52d52,b9f699b360e334619a0a17c7bde40a5003445b83,69,43,26,Normal,NULL,NULL,69,NULL,2
b9f699b360e334619a0a17c7bde40a5003445b83,9c9963d59ad859f5a68ac5ae9e8155f429f93c80,598,563,35,Normal,NULL,NULL,598,NULL,19
9c9963d59ad859f5a68ac5ae9e8155f429f93c80,596617e149e6cd381d4d83a3cbcdaaaf2f656c9a,43,25,18,fix,ISSUE,NULL,35,NULL,3
596617e149e6cd381d4d83a3cbcdaaaf2f656c9a,d0685a6f66635bd0267efdf3231c712d1b74c9b1,427,161,266,Normal,NULL,NULL,427,NULL,23
d0685a6f66635bd0267efdf3231c712d1b74c9b1,4de88d318a125f597f008f0f0b6465aad86dfcb1,49,24,25,Normal,NULL,NULL,37,NULL,3
4de88d318a125f597f008f0f0b6465aad86dfcb1,060e043679d6f18dbf381a5aff858feda6540c3e,224,143,81,Normal,NULL,NULL,220,NULL,15
060e043679d6f18dbf381a5aff858feda6540c3e,fabcd3eee0a648c85a580db2c3310c8650484dbe,174,80,94,Normal,NULL,NULL,174,REFACTOR,18
fabcd3eee0a648c85a580db2c3310c8650484dbe,17a05f1c0797160157bc63851a3c48e4d21d68cf,546,278,268,Normal,NULL,NULL,546,REFACTOR,31
17a05f1c0797160157bc63851a3c48e4d21d68cf,299be587be2a67fc1590275c0960472c9f480dc5,111,51,60,Normal,ISSUE,NULL,111,NULL,6
299be587be2a67fc1590275c0960472c9f480dc5,null,0,0,0,null
8f4860223495ff53551f946910bfb4a6b8b68714,fc4a38cb3545e3a01f5eff5dc827679fedf4b6df,62,19,43,fix,ISSUE,BUG,50,REFACTOR,6
fc4a38cb3545e3a01f5eff5dc827679fedf4b6df,null,0,0,0,null
13350d261109323e0f6742ab50d662591f99f4e1,508b66cafecb75e6614b5200261a95216fc7e491,367,195,172,Normal,ISSUE,NULL,292,NULL,23
508b66cafecb75e6614b5200261a95216fc7e491,d0306a73b2c00a7646dca9e93c13f1b0014077a1,150,128,22,Normal,NULL,NULL,150,NULL,5
d0306a73b2c00a7646dca9e93c13f1b0014077a1,8b79be296ebee45ca2db35f57469f7feb6580534,96,52,44,Normal,NULL,NULL,81,NULL,8
8b79be296ebee45ca2db35f57469f7feb6580534,047dfbbd8d756d418925809cadc5af2905fd8a95,1333,634,699,Normal,NULL,NULL,756,NULL,20
047dfbbd8d756d418925809cadc5af2905fd8a95,a9178df5e8d54b5c0540eef94f7868a553ebf607,63,56,7,Normal,NULL,NULL,47,NULL,2
a9178df5e8d54b5c0540eef94f7868a553ebf607,1468ab5053063c16af28aa98436ea3186b0ae87e,996,710,286,fix,NULL,NULL,676,NULL,38
1468ab5053063c16af28aa98436ea3186b0ae87e,47cdb6cbc1ece30067f25d556ef7ff7de2827e01,8,7,1,Normal,NULL,NULL,8,NULL,1
47cdb6cbc1ece30067f25d556ef7ff7de2827e01,6a368ee1620b227c90fb32073ece5a8ea82a52b7,67,59,8,Normal,NULL,NULL,67,NULL,2
6a368ee1620b227c90fb32073ece5a8ea82a52b7,ee075611472f40bf8250a2ee06f35524ac32e413,627,254,373,Normal,NULL,NULL,627,NULL,10
ee075611472f40bf8250a2ee06f35524ac32e413,75995fab773215d1569ca59755d4174e26da908f,15,10,5,Normal,NULL,NULL,15,NULL,3
75995fab773215d1569ca59755d4174e26da908f,e27b6762e7921aee567c5206b4f02c6f8d239e91,8,4,4,Normal,ISSUE,BUG,8,NULL,2
e27b6762e7921aee567c5206b4f02c6f8d239e91,9e9ed2c1a6d70f72ede7ef70a0f9737d9caf684c,132,125,7,Normal,NULL,NULL,9,NULL,1
9e9ed2c1a6d70f72ede7ef70a0f9737d9caf684c,3c2833f0b123af9864e127af705d8eb3a3d86e9b,30,20,10,Normal,NULL,NULL,26,NULL,3
3c2833f0b123af9864e127af705d8eb3a3d86e9b,1f52cd3d6b5be98e241d078bab5e983f2166ca78,152,104,48,Normal,NULL,NULL,148,NULL,12
1f52cd3d6b5be98e241d078bab5e983f2166ca78,null,0,0,0,null
bc1a657c3d4864b633d12951b3afd95be1d7f3de,0ad6bbd975a3043b01d5fb29771e4ebfeb8d4186,398,192,206,Normal,NULL,NULL,386,NULL,25
0ad6bbd975a3043b01d5fb29771e4ebfeb8d4186,8816bcd8ea49aa79c900eabda3917a6f1bb9aaf4,534,312,222,Normal,NULL,NULL,534,NULL,23
8816bcd8ea49aa79c900eabda3917a6f1bb9aaf4,ba8ab2f422b8d5cdf83fc92385ef3183f90fdb96,98,64,34,Normal,NULL,NULL,98,NULL,5
ba8ab2f422b8d5cdf83fc92385ef3183f90fdb96,94c777a0e2041118eb97c6cbff40f07c2978193b,190,116,74,Normal,NULL,NULL,190,NULL,11
94c777a0e2041118eb97c6cbff40f07c2978193b,1aa71a23708686c25f8ca75099f227bbea35994d,39,30,9,Normal,NULL,NULL,39,NULL,3
1aa71a23708686c25f8ca75099f227bbea35994d,null,0,0,0,null
ae61fdd9984672e7c1b0565b1b4638152132497c,4751b02813ade684808f5d768fff53d2a8bbfbe3,10,7,3,Normal,NULL,NULL,10,NULL,2
4751b02813ade684808f5d768fff53d2a8bbfbe3,null,0,0,0,null
49993d2de950f20d22410aac87a66ba40a96adb5,5e8b7baf90bf4b479c8c532e23f74cbb925fc936,495,317,178,Normal,NULL,NULL,495,NULL,13
5e8b7baf90bf4b479c8c532e23f74cbb925fc936,9eda5f22ccee4c79c7f38368fe01bbd3f70b66d7,15,2,13,Normal,NULL,NULL,15,NULL,2
9eda5f22ccee4c79c7f38368fe01bbd3f70b66d7,null,0,0,0,null
d0ab2d2960a910c20be2d8c8e25e934e1adfd9de,279c58feff2ced99699ad6f9951f56c9777ba279,58,52,6,Normal,NULL,NULL,58,NULL,3
279c58feff2ced99699ad6f9951f56c9777ba279,5b3f90ed53dfd2056bbb4098577221bc690ebf51,251,124,127,Normal,NULL,NULL,251,NULL,26
5b3f90ed53dfd2056bbb4098577221bc690ebf51,e53f1b37571c0d7de8f62deca5cf2a04c882220c,36,20,16,Normal,NULL,NULL,36,NULL,5
e53f1b37571c0d7de8f62deca5cf2a04c882220c,3e738458eff9eb760749b501b437438ccd4cd05c,61,33,28,Normal,ISSUE,NULL,61,NULL,4
3e738458eff9eb760749b501b437438ccd4cd05c,c1f5b72a220d26eff518425fea36955d2e656610,36,12,24,Normal,ISSUE,NULL,36,NULL,4
c1f5b72a220d26eff518425fea36955d2e656610,d0d28609b6fbca51db6031d15165ef01f9214e53,10,7,3,Comment,NULL,NULL,10,NULL,2
d0d28609b6fbca51db6031d15165ef01f9214e53,19dd6d93962b8b53115e6bca3c1795550819b9eb,35,19,16,Comment,NULL,NULL,31,NULL,5
19dd6d93962b8b53115e6bca3c1795550819b9eb,2f16dece2397fcd337e9309f2fa0e5ca56afb56f,413,199,214,Normal,NULL,NULL,413,NULL,36
2f16dece2397fcd337e9309f2fa0e5ca56afb56f,f709aae2f2b7159877d430a9fe577622705889bb,76,53,23,Normal,ISSUE,NULL,75,NULL,6
f709aae2f2b7159877d430a9fe577622705889bb,851dfc2a9ec65ea62a7908bc208ecc33657f91ea,515,243,272,Normal,NULL,NULL,505,NULL,33
851dfc2a9ec65ea62a7908bc208ecc33657f91ea,null,0,0,0,null
e51c52b9c8cf174783b94d3a680f2cb36608e2df,bcc266a84397e45ae03c9592f210f4367497eec1,39,27,12,Normal,NULL,NULL,39,NULL,6
bcc266a84397e45ae03c9592f210f4367497eec1,8fc2c0d3b540f82629d8f21f7eeeabedd7272d17,456,295,161,Normal,NULL,NULL,456,NULL,23
8fc2c0d3b540f82629d8f21f7eeeabedd7272d17,e4c378efe5927d792d992c4084e196f99f92c2dc,656,212,444,Normal,NULL,NULL,656,NULL,25
e4c378efe5927d792d992c4084e196f99f92c2dc,48455101f4b6604d0515ef685af72d98e3b4f837,122,63,59,Comment,NULL,NULL,122,NULL,9
48455101f4b6604d0515ef685af72d98e3b4f837,null,0,0,0,null
b730943139a89526dd54d6a4ce428ab7f45a346a,54af6bb8059fabc480ad8946ed0938359106ce8d,145,51,94,fix,NULL,NULL,120,NULL,17
54af6bb8059fabc480ad8946ed0938359106ce8d,0bce2175729d5d90ddbd7a2e99599daa463dc997,159,105,54,fix,NULL,NULL,141,NULL,14
0bce2175729d5d90ddbd7a2e99599daa463dc997,7a66e6efa7227ba31d7d77040ad238b61c1e1fb5,144,119,25,Normal,NULL,NULL,91,NULL,4
7a66e6efa7227ba31d7d77040ad238b61c1e1fb5,391b9ff75fb8ff92b4521523df6d44653f1c7bed,191,117,74,fix,NULL,NULL,191,NULL,9
391b9ff75fb8ff92b4521523df6d44653f1c7bed,710bfcff465aed274a697c33e1170a659f4528c8,60,47,13,Normal,NULL,NULL,60,NULL,2
710bfcff465aed274a697c33e1170a659f4528c8,c72e3ca622d1b44b0522b10accf01c9c1979b4cb,933,167,766,Normal,NULL,NULL,893,NULL,43
c72e3ca622d1b44b0522b10accf01c9c1979b4cb,null,0,0,0,null
d9a6ee237acab41a434e3c91a635625e27367bf5,07c8244e3de5b2758b2b18126f7d3676fcdb6fad,1541,805,736,Normal,NULL,NULL,1541,NULL,61
07c8244e3de5b2758b2b18126f7d3676fcdb6fad,7d6a1404fa0e9701cd9d4633fa8926cb214f356a,863,679,184,Normal,NULL,NULL,855,NULL,49
7d6a1404fa0e9701cd9d4633fa8926cb214f356a,f73b7f10bab5ff7a69c9bef60eab84e253d179ac,522,311,211,Normal,NULL,NULL,474,NULL,21
f73b7f10bab5ff7a69c9bef60eab84e253d179ac,76ee635a8b586a6a01d1b9755fa5abc742061d12,147,77,70,Normal,NULL,NULL,133,NULL,2
76ee635a8b586a6a01d1b9755fa5abc742061d12,null,0,0,0,null
62fb18ce32621fd93a250b39f28eb2bf0f2f0d3b,null,0,0,0,null
74ab7e0d2e94d10fea8b46e3583a8420a3b82c16,null,0,0,0,null
a0b5fcdc4c4e415be0fe457b195b61a705caae71,2d6652d91717877edb9d190198db5525a2fa1991,2296,1063,1233,Normal,NULL,NULL,2235,NULL,186
2d6652d91717877edb9d190198db5525a2fa1991,null,0,0,0,null
9f931b2076585c0bfa91e81645c41bf31738c8fd,null,0,0,0,null
e76cc07cc4cf66010c7ddb3a8cd4ff63d45deaff,aed3bb8128e2420a75de84189c11893af6bca88c,973,610,363,Normal,NULL,NULL,973,NULL,25
aed3bb8128e2420a75de84189c11893af6bca88c,null,0,0,0,null
d1fcf78c6ca239b27c00882e76e22beb29611230,null,0,0,0,null
06e78e5c4c58942531c7a8c870a1383ddac93aa3,ee5ccefc8729c62663be676ec1c53818ebb89cf4,24,0,24,Normal,NULL,NULL,24,NULL,2
ee5ccefc8729c62663be676ec1c53818ebb89cf4,null,0,0,0,null
22e4f8bb584f2a9bb96cacf1fb9107debf341e35,null,0,0,0,null
2f7733e7149a8d24733b0ebeecdb3e78af047553,null,0,0,0,null
37840415ec3655d55cf6d5d383c377964bd9095e,ca5d65d106c42fd656eb7b404dbad599d665aa3e,326,326,0,Normal,NULL,NULL,0,NULL,0
ca5d65d106c42fd656eb7b404dbad599d665aa3e,null,0,0,0,null
e6688262b80a5e13366063e069eea9497b5ead38,null,0,0,0,null
f4fb75e56b6dc9fff91f89a5861f1946ec57cdbe,e60fb0fdf55dfc6d07a62fb6409023b1eed7a834,1921,1333,588,Normal,NULL,NULL,1857,NULL,64
e60fb0fdf55dfc6d07a62fb6409023b1eed7a834,9e52ef6064b739244e644dec8f32919975c18711,107,87,20,Comment,NULL,NULL,107,NULL,7
9e52ef6064b739244e644dec8f32919975c18711,7ad1688815ffb1c31ce478beb8a51f28bb979e3a,1460,558,902,Normal,NULL,NULL,690,NULL,35
7ad1688815ffb1c31ce478beb8a51f28bb979e3a,67173427ea799764f9f694240a5d18e36e40992b,653,400,253,Normal,NULL,NULL,649,NULL,26
67173427ea799764f9f694240a5d18e36e40992b,null,0,0,0,null
fdffc66e740e7340dc745c3b30eda33ee9ce2a58,409fe946d637db688964b9ab7cf3561747edd527,42,16,26,Normal,NULL,NULL,42,NULL,4
409fe946d637db688964b9ab7cf3561747edd527,null,0,0,0,null
cd7ebb8ba8dfc5750d0918677609fbae8556f425,null,0,0,0,null
fe87c6addcbecef455d16e66ab9582e5f5cbad00,bd621a0899bae9b405260f69a9a3213c00cf5dc1,41,20,21,Normal,NULL,NULL,41,NULL,6
bd621a0899bae9b405260f69a9a3213c00cf5dc1,5e8ffd99a25e9b9e35d2d232d0405c91b95ca038,118,60,58,Normal,NULL,NULL,118,NULL,6
5e8ffd99a25e9b9e35d2d232d0405c91b95ca038,e7fca3dc6cce9141c590c6874aa7f99145c458fe,155,105,50,Normal,NULL,NULL,155,NULL,7
e7fca3dc6cce9141c590c6874aa7f99145c458fe,f55bba4ec01004e183f5c252910e432209ce4717,74,40,34,Normal,NULL,NULL,20,NULL,4
f55bba4ec01004e183f5c252910e432209ce4717,d768ffa6e98b70b90ced3084115df44a9fa0c526,31,17,14,Normal,NULL,NULL,31,NULL,3
d768ffa6e98b70b90ced3084115df44a9fa0c526,353fa848e29dc298989113085a9b99bc0e748a9a,754,661,93,Comment,NULL,NULL,754,NULL,9
353fa848e29dc298989113085a9b99bc0e748a9a,9a86d4296d782bd8b35c23d1b76be6f9582f8ffd,263,132,131,Normal,NULL,NULL,161,NULL,8
9a86d4296d782bd8b35c23d1b76be6f9582f8ffd,9fcddec3b9d35a28ee59a9bdffce310f71b1b8ee,393,246,147,Normal,NULL,NULL,363,NULL,13
9fcddec3b9d35a28ee59a9bdffce310f71b1b8ee,5c1de0824efb6fdd630eb9272ed49c2ad764fe01,604,350,254,Normal,NULL,NULL,604,NULL,32
5c1de0824efb6fdd630eb9272ed49c2ad764fe01,8601855c08dfb3903279850a99e06980ef34d9a1,316,279,37,Normal,NULL,NULL,255,NULL,9
8601855c08dfb3903279850a99e06980ef34d9a1,1edcd75abd51dfa8c52ce81c4d70fae2613a8bad,354,309,45,Normal,NULL,NULL,285,NULL,9
1edcd75abd51dfa8c52ce81c4d70fae2613a8bad,e927cc1128e1296531eb3259761c7bbed5123227,21,11,10,Normal,NULL,NULL,21,NULL,5
e927cc1128e1296531eb3259761c7bbed5123227,null,0,0,0,null
21683183fff65928b562cd9f167fa2b0afefbe8c,27510a84efb35cbbfe992d69926c958beb176f72,139,94,45,Normal,NULL,NULL,139,NULL,16
27510a84efb35cbbfe992d69926c958beb176f72,1c5f038fd069a906371e801e2ae3a808bde409bb,28,3,25,Normal,NULL,NULL,28,NULL,1
1c5f038fd069a906371e801e2ae3a808bde409bb,42b572f42196a913cb3b748ed21f195459c7df80,109,73,36,Normal,NULL,NULL,109,NULL,3
42b572f42196a913cb3b748ed21f195459c7df80,null,0,0,0,null
118eda93d7d042f741bbfb46db035b68c46b38fd,7de54b36296fe280b8dc63e42859d19fd5a0fbb3,10,4,6,Normal,NULL,NULL,10,NULL,2
7de54b36296fe280b8dc63e42859d19fd5a0fbb3,null,0,0,0,null
45aeb4e4a0e378b3ddbe92d92aa7bab7efee31b2,e785e64e919b0f2511f9eba3eec6cbcd89f60cb2,521,200,321,Normal,NULL,NULL,521,NULL,10
e785e64e919b0f2511f9eba3eec6cbcd89f60cb2,31ea21e78b2cb7fe1c5533295a2eaedf500f9ada,107,63,44,Normal,NULL,NULL,107,NULL,8
31ea21e78b2cb7fe1c5533295a2eaedf500f9ada,973592a610b921f494e8c24726bfd3af9f949d34,482,308,174,Normal,NULL,NULL,482,NULL,16
973592a610b921f494e8c24726bfd3af9f949d34,40c66e3738d85ba70b1721607d42c62bfdfea912,492,214,278,Normal,NULL,NULL,492,NULL,17
40c66e3738d85ba70b1721607d42c62bfdfea912,2dfe420ab9bcff0e5b4fb411c480b734b79a379d,487,273,214,Normal,NULL,NULL,487,REFACTOR,17
2dfe420ab9bcff0e5b4fb411c480b734b79a379d,323614e198d5e9ec5b671c75bcb18ced302e661a,1445,1055,390,Normal,NULL,NULL,1433,NULL,45
323614e198d5e9ec5b671c75bcb18ced302e661a,null,0,0,0,null
18f07d86204c14c017feb51c55e0549b5b8815d0,null,0,0,0,null
d14acfa0e292a041c2d690f1c0842a4e23f5c433,21042303d26162ea2c1087d474e644f8cd6ac9ee,236,94,142,Normal,NULL,NULL,97,NULL,3
21042303d26162ea2c1087d474e644f8cd6ac9ee,8e5e01807083b6db79704892aa8a728c92904327,399,296,103,Normal,NULL,NULL,383,NULL,19
8e5e01807083b6db79704892aa8a728c92904327,c06dba805d9bab7ba50785a1b44078677c27abba,32,16,16,Normal,NULL,NULL,0,NULL,0
c06dba805d9bab7ba50785a1b44078677c27abba,60cf8bc81b8c30a91993d8063499e7559166eed5,869,575,294,Normal,NULL,NULL,625,NULL,20
60cf8bc81b8c30a91993d8063499e7559166eed5,null,0,0,0,null
24e4cdc65ffdf1faf4de1653e7771f7dd0384882,cc3d657717cd1e0f7a83d68704d1b49e88dda61b,272,39,233,Normal,NULL,NULL,272,NULL,16
cc3d657717cd1e0f7a83d68704d1b49e88dda61b,afe8d7016d842e5c9f76a49d201782df2d9c9985,1378,811,567,Document,NULL,NULL,1116,NULL,35
afe8d7016d842e5c9f76a49d201782df2d9c9985,f3250c71729d287b450e7c418aeba2856e014b05,1946,1071,875,Document,NULL,NULL,847,NULL,21
f3250c71729d287b450e7c418aeba2856e014b05,null,0,0,0,null
a1a9861674b0f8077c6ca1271e41c2ff4435ca69,be7a7471b25b67eb336cd1e460e6a4254cc21197,420,235,185,Normal,NULL,NULL,418,NULL,7
be7a7471b25b67eb336cd1e460e6a4254cc21197,cfd97790b55e68897e347e8188529c9d6229aba8,6,4,2,Normal,NULL,NULL,6,NULL,2
cfd97790b55e68897e347e8188529c9d6229aba8,null,0,0,0,null
e3591fc719a7914e212e80465fae1d6488e23196,87eb803232e8d962ceef9cf72a17695afb432f8b,96,34,62,Normal,NULL,NULL,96,NULL,5
87eb803232e8d962ceef9cf72a17695afb432f8b,c561ebfe9236d2b4b2d52542df2128b9a74683a2,1119,765,354,Normal,NULL,NULL,1117,NULL,49
c561ebfe9236d2b4b2d52542df2128b9a74683a2,null,0,0,0,null
abf71dbec7661a49098a617813a81c71f2437d3e,5ed93e55e8eb3cc477207cb0e39fce1208176bbc,545,370,175,Normal,NULL,NULL,254,NULL,49
5ed93e55e8eb3cc477207cb0e39fce1208176bbc,24bf6e3778a49a988229641bcf109b4ec3306e73,1545,114,1431,Normal,NULL,NULL,178,REFACTOR,10
24bf6e3778a49a988229641bcf109b4ec3306e73,8fb8830b9ad406a4c0da926d9e1b701898ed6c2c,48,40,8,Normal,NULL,NULL,44,NULL,2
8fb8830b9ad406a4c0da926d9e1b701898ed6c2c,6ca7aa53d6b050fe47eca1089d550bd69679f34d,306,290,16,Normal,ISSUE,NULL,241,NULL,10
6ca7aa53d6b050fe47eca1089d550bd69679f34d,00f807ba9ffdb1b79103074cc40860937cd019bf,86,21,65,fix,ISSUE,BUG,78,NULL,6
00f807ba9ffdb1b79103074cc40860937cd019bf,120496cc32392d45393352c8a22e1380b26433a7,2,1,1,Normal,NULL,NULL,0,NULL,0
120496cc32392d45393352c8a22e1380b26433a7,394b6c1cb3e22c5ef4c0641728c061230a1a887b,134,73,61,Normal,NULL,NULL,132,NULL,4
394b6c1cb3e22c5ef4c0641728c061230a1a887b,32f549034952989760c5237333f28d728b7d8588,40,13,27,Normal,NULL,NULL,38,NULL,2
32f549034952989760c5237333f28d728b7d8588,f53f08a122cfec304ed2d2ee5f03d7f8b9fd9310,133,89,44,Normal,NULL,NULL,99,NULL,9
f53f08a122cfec304ed2d2ee5f03d7f8b9fd9310,87201aafb82079b3916023bd88844fd14c22ccf7,10,5,5,Normal,NULL,NULL,10,NULL,3
87201aafb82079b3916023bd88844fd14c22ccf7,a6272d13f4db89f99e9ce6afb7f88a1f987a969c,211,131,80,Normal,ISSUE,BUG,207,NULL,8
a6272d13f4db89f99e9ce6afb7f88a1f987a969c,eb5ce3fe569246cdaea9b2861cce1e90fa8e3a87,632,568,64,Normal,NULL,NULL,628,REFACTOR,27
eb5ce3fe569246cdaea9b2861cce1e90fa8e3a87,d7e7bdf8d182cd28b55b689edb5973ab76ac6695,5,3,2,fix,NULL,NULL,5,NULL,1
d7e7bdf8d182cd28b55b689edb5973ab76ac6695,eb488a5210fed383ef8d5f2f3384276007564a60,92,52,40,Normal,ISSUE,BUG,80,NULL,6
eb488a5210fed383ef8d5f2f3384276007564a60,53453a3b88c05b9afeed43040b5122c19344e857,160,80,80,Normal,NULL,NULL,158,NULL,1
53453a3b88c05b9afeed43040b5122c19344e857,null,0,0,0,null
583b6ec9215859f4c9a3f93dedd851c71934c5bd,3bbf6ae6f0532153d7f882045463415e65dde44c,125,68,57,Normal,NULL,NULL,119,NULL,6
3bbf6ae6f0532153d7f882045463415e65dde44c,f5d152c876a9d382dd59ad6aa6830c5c49b6521d,9,4,5,Normal,NULL,NULL,0,NULL,0
f5d152c876a9d382dd59ad6aa6830c5c49b6521d,8e53ca4a1e4d499b0dac4875e819beefed63e139,122,115,7,Comment,NULL,NULL,120,NULL,3
8e53ca4a1e4d499b0dac4875e819beefed63e139,8e53b7d5e6dd8ec3afa39fe324c50b0b98809b7c,4,2,2,Normal,NULL,NULL,2,NULL,1
8e53b7d5e6dd8ec3afa39fe324c50b0b98809b7c,5123384f8f7144f6b980b0d205fd2ce3cdf45cb5,19,16,3,Normal,NULL,NULL,17,NULL,3
5123384f8f7144f6b980b0d205fd2ce3cdf45cb5,8fc38ff903cbce1f746e56a1af197850b2a97149,20,15,5,Normal,NULL,NULL,20,NULL,3
8fc38ff903cbce1f746e56a1af197850b2a97149,f26ca7fd72d2c9dafa52b6cd505a7c17c7aae894,4,2,2,Normal,NULL,NULL,4,NULL,2
f26ca7fd72d2c9dafa52b6cd505a7c17c7aae894,null,0,0,0,null
e3c71e49700e65995650867ff62cdf21ffcda757,13f647422f4ca133cae3f3b504382b0211ee535b,5,0,5,Normal,NULL,NULL,0,NULL,0
13f647422f4ca133cae3f3b504382b0211ee535b,51e71fdd72f2457ccd5682ae906c6bced714f483,389,388,1,Normal,NULL,NULL,323,NULL,14
51e71fdd72f2457ccd5682ae906c6bced714f483,4294783a38a00e2f99e6a2cf75fa03999259d3ca,47,39,8,Normal,NULL,NULL,45,NULL,4
4294783a38a00e2f99e6a2cf75fa03999259d3ca,02cdf14b5b77457c7a0cc65cbe7c4c8e18284e82,4,2,2,Normal,NULL,NULL,2,NULL,1
02cdf14b5b77457c7a0cc65cbe7c4c8e18284e82,edd67509e583104ae1b9ea429ec5e4ee6bb51364,81,42,39,Comment,NULL,NULL,71,NULL,1
edd67509e583104ae1b9ea429ec5e4ee6bb51364,00bef5ac9b8c5542a1c06141bfbaccd2df5ec277,20,19,1,Normal,NULL,NULL,20,NULL,1
00bef5ac9b8c5542a1c06141bfbaccd2df5ec277,70e0340024edc1c3f5acc462c3952976e56d0ce7,41,18,23,Normal,NULL,NULL,32,NULL,2
70e0340024edc1c3f5acc462c3952976e56d0ce7,03fa771d951ff480945014b6093bd8d03c807d5d,11,7,4,Normal,NULL,NULL,11,NULL,3
03fa771d951ff480945014b6093bd8d03c807d5d,null,0,0,0,null
e1754e2ce6f00230c3c59c907ab0f171600b5714,b4479f0660528887efeba41cc83ca3428822b640,103,54,49,Normal,NULL,NULL,101,REFACTOR,20
b4479f0660528887efeba41cc83ca3428822b640,3f6b11bdb1eb6ac2fbf68a9f6535315e33728031,8,6,2,Normal,NULL,NULL,1,NULL,1
3f6b11bdb1eb6ac2fbf68a9f6535315e33728031,null,0,0,0,null
3ddef24ecc632bfebdf7ddc555f56f2efbc75ccf,9f0189703f979f89ab54b0f26f3c777a75f6ce83,368,145,223,Comment,NULL,NULL,364,NULL,3
9f0189703f979f89ab54b0f26f3c777a75f6ce83,3a50b4d188eaa897eda2d8784d4a6a6ef4fc70a3,184,110,74,Normal,NULL,NULL,147,NULL,5
3a50b4d188eaa897eda2d8784d4a6a6ef4fc70a3,bf5f1f615acf0e3d6a6b0680da78c43e1547561c,21,15,6,Normal,NULL,NULL,19,NULL,1
bf5f1f615acf0e3d6a6b0680da78c43e1547561c,5c855507c4b51f7528fc74029ff0e8b8f3307b82,2,1,1,Format,NULL,NULL,0,NULL,0
5c855507c4b51f7528fc74029ff0e8b8f3307b82,9d9e7f8cf6172b741a39bc70f60cd335b0f46a0e,119,72,47,Normal,NULL,NULL,113,NULL,13
9d9e7f8cf6172b741a39bc70f60cd335b0f46a0e,57003bbcc5d85a6c891304eb85eda32fbac9ba18,296,282,14,Normal,NULL,NULL,287,NULL,7
57003bbcc5d85a6c891304eb85eda32fbac9ba18,null,0,0,0,null
2d5a53fe1c5743d7d3efb1b91dabc6c4d016de65,d570380dfe9a3577163bd026b4f5c6ead6a852f1,110,29,81,Normal,NULL,NULL,110,NULL,1
d570380dfe9a3577163bd026b4f5c6ead6a852f1,79317322f3f7877faceec9f9f892a56f55daea84,2,1,1,Normal,NULL,NULL,0,NULL,0
79317322f3f7877faceec9f9f892a56f55daea84,285e9dfc5fc264c295b83d0352a72e24f0b3a785,0,0,0,Normal,NULL,NULL,0,NULL,0
285e9dfc5fc264c295b83d0352a72e24f0b3a785,0e49eb2160334bf0ce112d335209f896dab8b62e,238,138,100,fix,ISSUE,NULL,234,NULL,7
0e49eb2160334bf0ce112d335209f896dab8b62e,b2cb8da404f8a35ce61d09e85c1005d0147f92f5,2,1,1,Normal,NULL,NULL,2,NULL,1
b2cb8da404f8a35ce61d09e85c1005d0147f92f5,12f49365d493b4addfddcfe8162bb0fbed39762d,2,1,1,Normal,NULL,NULL,0,NULL,0
12f49365d493b4addfddcfe8162bb0fbed39762d,e5e570f31da71feb154a69cc0cd634cb97ccfb58,116,64,52,fix,NULL,NULL,110,NULL,4
e5e570f31da71feb154a69cc0cd634cb97ccfb58,b2da88974bf034c948a53701725bc60b9a52c734,864,558,306,Normal,NULL,NULL,862,NULL,11
b2da88974bf034c948a53701725bc60b9a52c734,2fd3531ee635f7c0b744639d4daa8917e759db32,145,89,56,Normal,NULL,NULL,139,NULL,4
2fd3531ee635f7c0b744639d4daa8917e759db32,89148da22a47ee8a754ad47f8c250372b57110f7,34,22,12,Normal,NULL,NULL,32,NULL,4
89148da22a47ee8a754ad47f8c250372b57110f7,null,0,0,0,null
34579ff58b85afff16a955a85420e9f471264d82,4144b6434b1ae2b7e8ce60cc971eb38ebdbeed25,94,47,47,#,NULL,NULL,94,NULL,1
a6d8f003344245172d36f1426cd0e7c6bec7cd38,4144b6434b1ae2b7e8ce60cc971eb38ebdbeed25,94,47,47,Normal,NULL,NULL,94,NULL,1
4144b6434b1ae2b7e8ce60cc971eb38ebdbeed25,abeda83f77c155b2a3ea688f1b76e351944794bc,178,102,76,Normal,NULL,NULL,176,NULL,10
abeda83f77c155b2a3ea688f1b76e351944794bc,d3e00698518b0a63b134c2037418f5f140386d5e,419,302,117,Normal,NULL,NULL,406,NULL,7
d3e00698518b0a63b134c2037418f5f140386d5e,6db72c66c66f70acff30641908e888cd565ea2d5,280,192,88,Normal,NULL,NULL,278,NULL,10
6db72c66c66f70acff30641908e888cd565ea2d5,null,0,0,0,null
5898456e6cd588afce8f300dcd0868696cd4097e,88b55ca17c05eee65a35a1b4bdb42189755424d3,2,1,1,Normal,NULL,NULL,2,NULL,1
88b55ca17c05eee65a35a1b4bdb42189755424d3,cfd8573c8b2c27612cfdb32c865753ef0efd1aa8,70,55,15,Normal,ISSUE,BUG,62,NULL,5
cfd8573c8b2c27612cfdb32c865753ef0efd1aa8,1d64b3cd8e648cf86fa2d04238cbe42a500d6864,14,8,6,Normal,NULL,NULL,13,NULL,1
1d64b3cd8e648cf86fa2d04238cbe42a500d6864,null,0,0,0,null
e5887768d0743af3be955e32a36b19686415dbad,06c7a01a3ce31930a092423e4420a769b9895b2a,6,3,3,Normal,ISSUE,NULL,4,NULL,2
06c7a01a3ce31930a092423e4420a769b9895b2a,8ba87131ec8e82b8698f730959a94f8446b4bd79,19,13,6,fix,NULL,NULL,15,NULL,4
8ba87131ec8e82b8698f730959a94f8446b4bd79,a8bb352cbfb91247ff0505573165b83fc0fd5e6c,26,18,8,Normal,NULL,NULL,26,NULL,3
a8bb352cbfb91247ff0505573165b83fc0fd5e6c,64e481a54812c74e8ea8ca372d0bb96738bc4a6a,46,23,23,Normal,NULL,NULL,40,NULL,3
64e481a54812c74e8ea8ca372d0bb96738bc4a6a,d5914b5c269b02553004c25ba0f7355862069b82,10,5,5,Normal,ISSUE,NULL,2,NULL,1
d5914b5c269b02553004c25ba0f7355862069b82,2c7ce005a592eb77488a86cbda84ab2d9dd57d27,34,27,7,Normal,ISSUE,NULL,32,NULL,7
2c7ce005a592eb77488a86cbda84ab2d9dd57d27,e47c95f899a54c1ff4072df2dbb6284f441ed8a3,84,51,33,Normal,ISSUE,NULL,80,NULL,7
e47c95f899a54c1ff4072df2dbb6284f441ed8a3,1b4df385c84aa9730f0712807a6a9dd13b5100ad,320,249,71,Normal,NULL,NULL,316,NULL,8
1b4df385c84aa9730f0712807a6a9dd13b5100ad,null,0,0,0,null
2f352b961ae11640691a17956d9ec4fb00babfc1,43d0ebb31a747b0e1d91f089409439d239aa8d80,56,4,52,fix,NULL,NULL,50,NULL,1
43d0ebb31a747b0e1d91f089409439d239aa8d80,e60edf10650dfbb52941c464eca2a87999e87584,144,60,84,Normal,NULL,NULL,140,NULL,16
e60edf10650dfbb52941c464eca2a87999e87584,null,0,0,0,null
6e8985aa094595a3a4d244f6ceebced7bf7bbfdf,null,0,0,0,null
dc6c03df896dc5c249dfc1782624ab47e7651ae8,93ab92bb4f1d7063caf930be67fa5bd4b2e22c65,67,48,19,Normal,NULL,NULL,67,NULL,3
93ab92bb4f1d7063caf930be67fa5bd4b2e22c65,6415bfaf0c77088c56ee0985ae2df363b0cb2750,304,244,60,Normal,NULL,NULL,299,NULL,8
6415bfaf0c77088c56ee0985ae2df363b0cb2750,d4168a95f7909aecf050d972b3b1fc662e8c653d,350,175,175,Normal,NULL,NULL,90,NULL,22
d4168a95f7909aecf050d972b3b1fc662e8c653d,89b17b4e65af516e15a865c0b12b4648cd2b4b94,108,56,52,Normal,ISSUE,NULL,108,NULL,3
89b17b4e65af516e15a865c0b12b4648cd2b4b94,1f232be8f91362d1bcfa79187d2885067d00f96b,24,16,8,Normal,NULL,NULL,24,NULL,1
1f232be8f91362d1bcfa79187d2885067d00f96b,980a87f2d411d5b1642e79273fa0a995d338f9bb,270,108,162,Normal,NULL,NULL,186,NULL,8
980a87f2d411d5b1642e79273fa0a995d338f9bb,afa5e3caa9f90357afd80bd42f9bac049fea0d4e,121,69,52,Normal,ISSUE,BUG,58,NULL,1
afa5e3caa9f90357afd80bd42f9bac049fea0d4e,486a430833781b175246d05f86e062b7559fee73,5,5,0,Normal,NULL,NULL,5,NULL,1
486a430833781b175246d05f86e062b7559fee73,81cc50884c978bf1fd5ebc4d822fd14e0e05cd97,30,25,5,Normal,NULL,NULL,28,NULL,2
81cc50884c978bf1fd5ebc4d822fd14e0e05cd97,c507fb9899127f3af18543b8f86c10e62b4f68a1,1968,129,1839,Normal,NULL,NULL,1866,NULL,6
c507fb9899127f3af18543b8f86c10e62b4f68a1,0b327fea3d07e818eb36c7fc5b961845bbeb3c11,128,59,69,Normal,NULL,NULL,126,NULL,10
0b327fea3d07e818eb36c7fc5b961845bbeb3c11,d2603b0cb341939bcaa445a5170fade294af2b75,4,2,2,Normal,NULL,NULL,2,NULL,1
d2603b0cb341939bcaa445a5170fade294af2b75,8f70d53b77fea8e1a78a6f055894af2c5ad42d64,8,4,4,Normal,NULL,NULL,6,NULL,2
8f70d53b77fea8e1a78a6f055894af2c5ad42d64,a73d9b6085fb128d49b444f08a36b77091ad0927,0,0,0,Normal,NULL,NULL,0,NULL,0
a73d9b6085fb128d49b444f08a36b77091ad0927,ac3d1e6e24a77b6555124d87d792cbb95ceffd4e,4,2,2,Normal,NULL,NULL,0,NULL,0
ac3d1e6e24a77b6555124d87d792cbb95ceffd4e,2de3bd9e2f65c067ffb18bdddb249b57f60f00eb,10,7,3,Normal,NULL,NULL,8,NULL,2
2de3bd9e2f65c067ffb18bdddb249b57f60f00eb,4a1d914774746f1c624203aa4d072b1a457d03a5,195,132,63,Normal,ISSUE,BUG,193,NULL,10
4a1d914774746f1c624203aa4d072b1a457d03a5,68da721e637630dd1d6910ec2cae54264f3cbbc7,53,26,27,Normal,NULL,NULL,20,NULL,3
68da721e637630dd1d6910ec2cae54264f3cbbc7,847449c49b4c9e683e675369c3e1b91eda113978,14,13,1,Normal,NULL,NULL,14,NULL,1
847449c49b4c9e683e675369c3e1b91eda113978,ec4c9af1c57af58b170bd58add8d0fd6b2bbb243,81,45,36,Normal,NULL,NULL,72,NULL,7
ec4c9af1c57af58b170bd58add8d0fd6b2bbb243,8f4bd87c198511ced558b26c25867428b57f2bcb,104,90,14,Normal,NULL,NULL,104,NULL,3
8f4bd87c198511ced558b26c25867428b57f2bcb,9364c7ed847971dbd39252d826f09f374e0d8725,79,75,4,Normal,NULL,NULL,77,NULL,2
9364c7ed847971dbd39252d826f09f374e0d8725,7048af132b9836a7e3e1f36d7da37a86885899b8,11,7,4,Comment,ISSUE,NULL,11,NULL,1
7048af132b9836a7e3e1f36d7da37a86885899b8,9ebd4b29fbd1df8e392217539aa88ece47bbd79f,353,1,352,Normal,NULL,NULL,4,NULL,1
9ebd4b29fbd1df8e392217539aa88ece47bbd79f,8160302462686675dc5538ed4e4a025f421aeaca,461,417,44,Normal,NULL,NULL,459,NULL,16
8160302462686675dc5538ed4e4a025f421aeaca,a8392fca83847667c11e63b25b3ab241cdd239fa,95,55,40,Normal,NULL,NULL,95,NULL,2
a8392fca83847667c11e63b25b3ab241cdd239fa,27e366ec147ad10edbf13bfb254c9653adade0e9,4,2,2,Normal,NULL,NULL,4,NULL,1
27e366ec147ad10edbf13bfb254c9653adade0e9,e125935462aa7747f2d86bbcd0a1b1e4eff34001,120,63,57,Normal,NULL,NULL,116,NULL,2
e125935462aa7747f2d86bbcd0a1b1e4eff34001,00afd424055048553eaf0f220c780d228873e58b,10,5,5,Normal,NULL,NULL,8,NULL,3
00afd424055048553eaf0f220c780d228873e58b,04ce18aa026eaccacb19d562fad2679d35f605a2,154,115,39,Normal,NULL,NULL,154,NULL,8
04ce18aa026eaccacb19d562fad2679d35f605a2,null,0,0,0,null
73914b8081cbdc4e64cfeb03662344ce901e7ec0,null,0,0,0,null
09ad797f77bd1b016fa93c0b5247483691c0b9a8,b2d0fd58d50acf2b809e4faa7dce21b428b6446f,33,29,4,Normal,NULL,NULL,31,NULL,3
b2d0fd58d50acf2b809e4faa7dce21b428b6446f,79e46a9d9ed5d2190396cb79f7ba8c6537308534,465,344,121,Normal,NULL,NULL,461,NULL,14
79e46a9d9ed5d2190396cb79f7ba8c6537308534,0974c4b9b3875815e98df8240aa1b987b4450638,9,5,4,Normal,NULL,NULL,7,NULL,4
0974c4b9b3875815e98df8240aa1b987b4450638,3eb6a9568de55b3f3cf6613fb84eb8dd0011408b,138,71,67,Normal,NULL,NULL,136,NULL,8
3eb6a9568de55b3f3cf6613fb84eb8dd0011408b,4c9e37455399e5c4b4dcc3cd42328f7e20c2864a,5,3,2,Normal,NULL,NULL,0,NULL,0
4c9e37455399e5c4b4dcc3cd42328f7e20c2864a,e0d10290b63ec984662a9ceaf272af32e04e5b7e,1617,1525,92,Normal,ISSUE,NULL,203,NULL,7
e0d10290b63ec984662a9ceaf272af32e04e5b7e,656b64649cd8e3aac82ef1cefe6736f825f605f1,39,39,0,Document,NULL,NULL,0,NULL,0
656b64649cd8e3aac82ef1cefe6736f825f605f1,af2ca502782dd4614f085fca15a19d9a2e157b7a,2461,1470,991,Normal,NULL,NULL,2457,NULL,61
af2ca502782dd4614f085fca15a19d9a2e157b7a,ea3f0f3505ce8b3d964848d07727a9b2a31d177e,126,108,18,Normal,NULL,NULL,124,NULL,5
ea3f0f3505ce8b3d964848d07727a9b2a31d177e,dc6dd7076036b213e5f8eff24bec94577625eee9,773,382,391,Normal,NULL,NULL,769,NULL,19
dc6dd7076036b213e5f8eff24bec94577625eee9,null,0,0,0,null
e6b21dc3eefd895a8a35c2a51204292e7ffefc00,null,0,0,0,null
1dffbe0f513cd7982c0eb70d10b6388dd77e9c33,979abe56abfd52ec1b0a45a12cb080663c1819e7,1114,645,469,Normal,NULL,NULL,1112,NULL,75
979abe56abfd52ec1b0a45a12cb080663c1819e7,null,0,0,0,null
1edc61029b16e670502156ac949a886528033b05,9b9106c6bc5499de8a58a28cbc556d36b356f61f,911,487,424,fix,NULL,NULL,909,NULL,35
9b9106c6bc5499de8a58a28cbc556d36b356f61f,55126a38aef1150426d608df3f2dd37962101cdf,135,87,48,Normal,NULL,NULL,82,NULL,4
55126a38aef1150426d608df3f2dd37962101cdf,4ee0cf1a823f99a7100667f3c466b08a2006ea23,33,6,27,Normal,NULL,NULL,29,NULL,22
4ee0cf1a823f99a7100667f3c466b08a2006ea23,d0a969a7aee2bc01ba6d84406d1bcb518dfd5a81,463,297,166,Normal,NULL,NULL,151,NULL,16
d0a969a7aee2bc01ba6d84406d1bcb518dfd5a81,null,0,0,0,null
db5bdfcad4dcf8397b60c19d1225bfdcb0fcdeb4,100e6995041d294ddd112db99dd7a5cad6b16008,1310,1040,270,Normal,NULL,NULL,1308,REFACTOR,47
100e6995041d294ddd112db99dd7a5cad6b16008,a4d3c1b635100915c4385e5cabb7e61a008275d8,2004,1927,77,Normal,NULL,NULL,1265,NULL,30
a4d3c1b635100915c4385e5cabb7e61a008275d8,null,0,0,0,null
2bc82745f60efbff7a7938104cc00d140546a22e,null,0,0,0,null
496a84b1ffaa3e37c4b562b8d114b79c8aedfdb0,null,4882,4882,0,Normal,NULL,NULL,4775,REFACTOR,53
