mattt,7659,User,1538
kcharwood,198768,User,332
0xced,51363,User,54
kylef,44164,User,44
OliverLetterer,688377,User,40
blakewatters,8392,User,27
steipete,58493,User,23
tewha,108106,User,23
carsonmcdonald,76552,User,17
orj,34415,User,15
dstnbrkr,32656,User,12
cnoon,169110,User,10
jparise,10311,User,9
kirsplatrick,1144262,User,9
lansing,4175,User,8
quellish,1182353,User,8
bnickel,662837,User,7
PadraigK,466150,User,7
kgn,395836,User,7
jessedc,17407,User,6
tclementdev,1420909,User,6
dtorres,71180,User,5
franklsf95,2411818,User,5
paulmelnikow,1487036,User,5
robertmryan,1530768,User,5
adamfraser,677820,User,4
KingOfBrian,114322,User,4
Draveness,6493255,User,4
SlaunchaMan,147458,User,4
jcayzac,106682,User,4
orta,49038,User,4
paulosotu,5918170,User,4
alexbird,1109943,User,3
Coeur,839992,User,3
streeter,164168,User,3
3lvis,1088217,User,3
gfzabarino,1040182,User,3
gfiumara,419642,User,3
mhausherr,520890,User,3
mgp,489948,User,3
mikeash,350427,User,3
getaaron,789577,User,3
marcelofabri,833072,User,3
soffes,52870,User,3
aaronbrethorst,2254,User,2
aburgel,341478,User,2
Vyazovoy,2086081,User,2
cbess,10981,User,2
chillpop,49619,User,2
ccerinojr,1446848,User,2
corymsmith,7315,User,2
danimal,2318,User,2
drodriguez,6338,User,2
daveverwer,5180,User,2
dchohfi,508636,User,2
pavolas,3688378,User,2
erikolsson,352982,User,2
garethson,249488,User,2
gcox,251512,User,2
jakemarsh,119054,User,2
fuzzybinary,249982,User,2
joelparsons,1677731,User,2
koke,8739,User,2
xHunter,197186,User,2
larrylegend,1727738,User,2
lukabratos,3057261,User,2
malczak,1219644,User,2
myell0w,143737,User,2
olegnaumenko,2970642,User,2
peymano,32817,User,2
philippec,74659,User,2
ricsantos,989890,User,2
lxcid,297156,User,2
sguillope,2593278,User,2
chuganzy,2619092,User,2
TeunVR,69744,User,2
tonymillion,316954,User,2
haikusw,222271,User,2
teeman,937236,User,2
AquaGeek,199720,User,2
stigi,13815,User,2
duanhong169,863999,User,2
duttski,1206402,User,2
eofs,316612,User,2
guykogus,924764,User,2
ijohn,992933,User,2
nikitahils,2666198,User,2
skyline75489,4710575,User,2
hpique,912531,User,2
apouche,528492,User,2
scutdavy,904815,User,1
sftnhrd,715675,User,1
abecevello,154184,User,1
adamjernst,97944,User,1
aporat,415576,User,1
alanzeino,470797,User,1
alexito4,750912,User,1
zole,137790,User,1
petrocket,3628857,User,1
xonder,1221363,User,1
DeeSee,397049,User,1
arohner,15422,User,1
musicchamber,3608895,User,1
pronebird,704044,User,1
radarhere,3112309,User,1
suprememoocow,594566,User,1
andrewsardone,14554,User,1
andrewtoth,237213,User,1
p4checo,1391324,User,1
lemonkey,53710,User,1
rastersize,23453,User,1
audun,454644,User,1
aitskovi,150634,User,1
BB9z,513082,User,1
baz,28103,User,1
bg-stripe,23086960,User,1
subdigital,59140,User,1
benoitsan,528847,User,1
bpoplauschi,154913,User,1
bdmac,47326,User,1
brunokoga,1219990,User,1
Bruno-Furtado,2801580,User,1
chenxin0123,19819806,User,1
cahn,1082188,User,1
lembacon,251435,User,1
chellmuth,23771,User,1
cutz,2072268,User,1
apoltix,323746,User,1
xianwenx,17112793,User,1
cvasilak,6886,User,1
coreyfloyd,64771,User,1
danyowdee,326783,User,1
danielr,76049,User,1
danielctull,11661,User,1
electrobarn,6393879,User,1
daveanderson,961592,User,1
dcaunt,157314,User,1
dpassage,277491,User,1
DenHeadless,853604,User,1
dickbrouwer,109209,User,1
TheDom,204015,User,1
ecaselles,7735546,User,1
mediumbear,841416,User,1
eahrold,3740088,User,1
alloy,2320,User,1
ericflo,1228,User,1
epatey,769548,User,1
ethansinjin,5351136,User,1
evadne,104086,User,1
evanlong,5177,User,1
liufan321,54178,User,1
fggeraissate,3661349,User,1
fjcaetano,1066295,User,1
flambert,908004,User,1
FredericJacobs,400296,User,1
garrettmurray,6025,User,1
gemmakbarlow,337963,User,1
hhanesand,3051243,User,1
hhartz,161259,User,1
hulizhen,2831422,User,1
jpsim,474794,User,1
jmkk,3430965,User,1
jakeboxer,83539,User,1
kubbing,324165,User,1
jam,24194,User,1
jfrye,47401,User,1
jagill,495664,User,1
jtomson,380187,User,1
jbrennan,131923,User,1
jawwad,202240,User,1
jfmorin,341869,User,1
jeffhunter,577262,User,1
echoz,117548,User,1
jerbeers,276773,User,1
jimydotorg,160471,User,1
techee,713965,User,1
johanforssell,684381,User,1
hsoi,1494611,User,1
bogardon,399782,User,1
jchambers,31352,User,1
jshier,51020,User,1
jontewks,3970573,User,1
jschmid,574168,User,1
dongle,124001,User,1
Microbee23,2025016,User,1
joshfriend,885137,User,1
joshvera,24247,User,1
vickeryj,2799,User,1
careykevin,9685146,User,1
kvaggelakos,1001352,User,1
olarivain,536608,User,1
larsacus,590216,User,1
leolobato,134285,User,1
l4u,97841,User,1
sgl0v,1142033,User,1
mac-cain13,618233,User,1
mattrubin,532638,User,1
matzew,157646,User,1
maxgoedjen,342665,User,1
MaxGabriel,1274145,User,1
mdornseif,167073,User,1
maicki,25288,User,1
pietrasm,622094,User,1
mtitolo,763698,User,1
mikelikespie,21435,User,1
MindaugasV,450966,User,1
mobitar,3277844,User,1
natestedman,80991,User,1
synchromation,780074,User,1
Neonkoala,254267,User,1
nsforge,5221,User,1
AliSoftware,216089,User,1
palringosteve,843094,User,1
raven,316931,User,1
autresphere,440472,User,1
Fallen-Zen,1001082,User,1
pal,26654,User,1
wrtsprt,36982,User,1
reacuna,173358,User,1
raycmorgan,28023,User,1
ReadmeCritic,15367484,User,1
Palleas,48797,User,1
coverback,481966,User,1
runmad,708741,User,1
sampage,596289,User,1
sgoodwin,30485,User,1
adib,176081,User,1
sco,306,User,1
sebastianludwig,1715010,User,1
seut,219690,User,1
shanev,17361,User,1
diederich,61170,User,1
krusche,744067,User,1
shepting,48065,User,1
sgleadow,323861,User,1
sipdar,1386469,User,1
sylverb,255405,User,1
dittos,2622,User,1
tamastimar,7582344,User,1
gunyarakun,45072,User,1
swizzlr,1848665,User,1
tholo,166463,User,1
TimWatson,3138396,User,1
vlas-voloshin,1422278,User,1
wlue,200448,User,1
StatusReport,1927614,User,1
yllan,76055,User,1
zachwaugh,21447,User,1
zwaldowski,170812,User,1
Zyphrax,966500,User,1
ap4y,673861,User,1
bang590,329480,User,1
cherishloveyou,1764796,User,1
chrisvariety,44855,User,1
PixelCyber,25058836,User,1
diehardest,9250530,User,1
dismory,142608,User,1
Fl0p,1046777,User,1
flutechang,998023,User,1
huanghf,5119645,User,1
jkoepcke,3872882,User,1
jilouc,612462,User,1
johnbushnell,6623356,User,1
patoroco,701909,User,1
mattchen,88584,User,1
michael-r-may,539383,User,1
modocache,552921,User,1
zhaoia,250413,User,1
mz2,71363,User,1
seanoshea,97601,User,1
tomasandrlemineus,5120467,User,1
xjdrew,1454565,User,1
yulingtianxia,433320,User,1
MarrLiss,412118,User,1
