buba447,1163980,User,212
valeriyvan,1630974,User,6
fnazrala,2164816,User,4
bellchen,4231046,User,4
lelandrichardson,1885623,User,3
simonmitchell,9033831,User,3
steviki,5294262,User,3
hansemannn,10667698,User,3
jqsilver,2359114,User,2
kylebshr,3526783,User,2
onekyle,16211378,User,2
jmyers0022,2218345,User,2
Jauzee,7991920,User,1
pawlowskialex,1180980,User,1
Pretz,35043,User,1
AlexQuinlivan,3620511,User,1
baires,465444,User,1
asowers1,6819186,User,1
dcow,547926,User,1
nbfuhao,4744756,User,1
fabionuno,5355384,User,1
federicocappelli,1489236,User,1
KrauseFx,869950,User,1
aquarchitect,8365795,User,1
ianegordon,1121006,User,1
revolter,5748627,User,1
xinsight,465971,User,1
pappy74,59650,User,1
jongold,591643,User,1
m1ga,4334997,User,1
welshm,3903024,User,1
mukeshthawani,5956714,User,1
natestedman,80991,User,1
orta,49038,User,1
pbardea,507390,User,1
letsgogeeky,6187386,User,1
ReadmeCritic,15367484,User,1
romainbiard,719748,User,1
ryanstout,42336,User,1
singro,1289757,User,1
tapanprakasht,4947384,User,1
timusus,4422616,User,1
Obj-V,10629988,User,1
maxfong,3784855,User,1
WorldDownTown,934291,User,1
yury-dymov,1292558,User,1
chaseacton,3307194,User,1
plummer,580919,User,1
