kattrali,333454,User,171
jurre,749864,User,77
supermarin,627285,User,69
guillaumealgis,1041337,User,59
ClementPadovani,676023,User,11
0xced,51363,User,10
neonichu,118992,User,8
alanhamlett,522344,User,6
phranck,871198,User,3
rhgills,1849147,User,3
acoomans,733352,User,2
jacobvanorder,109652,User,2
ksuther,106152,User,2
orta,49038,User,2
OdNairy,735178,User,2
stephencelis,658,User,2
dev4dev,722407,User,1
azurechen,1034290,User,1
kreeger,58783,User,1
benoitsan,528847,User,1
bitdeli-chef,3092978,User,1
streeter,164168,User,1
zenangst,57446,User,1
dallasjohnson,2081664,User,1
darrarski,1384684,User,1
davegaeddert,649496,User,1
davelyon,20668,User,1
egold,403964,User,1
poborp,18648329,User,1
jeanregisser,57791,User,1
johnno1962,1786033,User,1
jwhitley,44155,User,1
jnozzi,81273,User,1
fntlnz,3083633,User,1
Reflejo,232113,User,1
fingolfin,241512,User,1
michaelhood,359439,User,1
nickynick,886155,User,1
pedrovieira7,1943188,User,1
Pyroh,5583681,User,1
dzan,342674,User,1
stefanceriu,637564,User,1
torufuruya,1757998,User,1
shpakovski,163410,User,1
kaphacius,5669951,User,1
fscherwi,9285971,User,1
waffle-with-pears,8701611,User,1
