BradLarson,954279,User,610
karlvr,1086005,User,32
jjxtra,1271832,User,31
rivera-ernesto,1261982,User,23
fattjake,442259,User,20
omerduzyol,175735,User,12
keichan34,1064513,User,11
ultramiraculous,343042,User,10
TarasDBBest,5165201,User,10
brandonscript,1480253,User,9
hlidotbe,193949,User,7
alariccole,339214,User,7
iamcam,51949,User,7
jonathanellis,114180,User,6
sromanuk,163508,User,6
TomCorwine,768684,User,6
RetVal,2731831,User,6
brettg,722,User,5
iansimon,1361775,User,5
fisch0920,552829,User,5
aburgel,341478,User,4
mclark4386,484943,User,4
MattFoley,1182042,User,4
wysaid,1430725,User,4
joncampbell,737973,User,3
jagbolanos,81945,User,3
liovch,1644478,User,3
msfeldstein,161135,User,3
gavrix,354010,User,3
mvarie,310213,User,3
demonnico,1461390,User,3
alexchugunov,118813,User,2
fillito,246780,User,2
catbus,622141,User,2
horaceho,6657,User,2
shmakovigor,10052224,User,2
jamieomatthews,1930819,User,2
JensDee,4264933,User,2
joshholat,477603,User,2
Tricertops,1698116,User,2
McZonk,110547,User,2
OpenFibers,648499,User,2
phil-m,117080,User,2
proth,806286,User,2
qfish,679824,User,2
raphaelschaad,439447,User,2
rileytestut,705880,User,2
rromanchuk,102188,User,2
stelabouras,49122,User,2
stevemckenzie,32743,User,2
tonyd256,1169797,User,2
liaomiao,5265201,User,2
shu223,587614,User,2
achambers16,1142079,User,2
DavidSannier,16095888,User,2
52doho,174519,User,2
RedQueenCoder,3411912,User,2
nevyn,34791,User,2
joelteply,347104,User,2
alexanderedge,996926,User,1
oxling,1820237,User,1
cobbal,180339,User,1
ahfarmer,597825,User,1
andyinabox,151084,User,1
asydorov,6323590,User,1
acoomans,733352,User,1
crazyjooe,5329255,User,1
bcherry,82608,User,1
bradleyayers,105820,User,1
calebd,1761121,User,1
chaubold,16854,User,1
somegeekintn,152576,User,1
crivera,356611,User,1
dapatil,154411,User,1
headupinclouds,554720,User,1
kgn,395836,User,1
dmitric,201957,User,1
pixlwave,6060466,User,1
DrMoriarty,1177068,User,1
flambert,908004,User,1
frankschlegel,300863,User,1
gpatqwiki,508489,User,1
haileigu,1438532,User,1
hanton,2510864,User,1
lokae0,2940471,User,1
jakeva,558645,User,1
JaredHalpern,1355650,User,1
fjvaldera,2330329,User,1
jad,19540,User,1
fluxa,208245,User,1
lajos,86058,User,1
lauraskelton,353438,User,1
geowarsong,2992316,User,1
lmirosevic,1628832,User,1
0x4d52,4777925,User,1
mtfrctl,988216,User,1
masonk,449998,User,1
mattt,7659,User,1
mmmmmmmmmmmmm,6168868,User,1
Petrakeas,1010145,User,1
pradyumnad,894746,User,1
Augustyniak,4410346,User,1
ReadmeCritic,15367484,User,1
rickytan,1250207,User,1
shameister,98413,User,1
capnslipp,74679,User,1
stheakanath,1191282,User,1
acerbetti,1741946,User,1
stevegraham,18622,User,1
dittos,2622,User,1
tcamin,875025,User,1
tbveralrud,1694668,User,1
yannooo,56413,User,1
YuAo,1234944,User,1
zimuliu,1153378,User,1
aidenluo177,5656810,User,1
arthurchenjs,1428289,User,1
cesare-montresor,447853,User,1
howanghk,2206845,User,1
lyleyang,1680940,User,1
mmtootmm,1428743,User,1
myeyesareblind,575303,User,1
tomatrow,2867210,User,1
zjx20,2639200,User,1
chajcu,4008170,User,1
zmzhuai,2116270,User,1
