ccgus,60178,User,284
robertmryan,1530768,User,95
davedelong,112699,User,11
GrahamDennis,103838,User,9
newyankeecodeshop,445421,User,7
blakewatters,8392,User,5
p2,358485,User,5
OpenFibers,648499,User,5
antons,129705,User,3
snooc,547505,User,3
DanOranges,6069265,User,3
sechel,4698832,User,3
nemesis,1492648,User,3
cutz,2072268,User,2
clemensg,201310,User,2
tiennou,81099,User,2
Fjohn666,10146070,User,2
reiz,652130,User,2
5at5ish,2583901,User,2
dodikk,396451,User,2
michalzelinka,5228484,User,2
aryounce,3383682,User,1
durin42,20269,User,1
BennettSmith,123463,User,1
ChristianKienle,153225,User,1
DaleJefferson,375005,User,1
danieldickison,69632,User,1
theory,46604,User,1
aceofspades,81255,User,1
KrauseFx,869950,User,1
g-Off,59969,User,1
gwynjudd,314188,User,1
thelastjedi,1327490,User,1
hiltonc,470753,User,1
jeffreyjackson,867999,User,1
correia,49840,User,1
johngoren,748214,User,1
mazgi,194222,User,1
marcoarment,366193,User,1
mpakes,60519,User,1
pietrasm,622094,User,1
mikeash,350427,User,1
NachoSoto,685609,User,1
yeahphil,66321,User,1
rlaferla,1135694,User,1
rosh89,2073173,User,1
scelis,8086,User,1
erlichmen,691823,User,1
harukizaemon,333,User,1
skylarsch,583401,User,1
ivira,72457,User,1
victorguo,199334,User,1
inamiy,138476,User,1
everettjf,1665109,User,1
ReadmeCritic,15367484,User,1
imoldman,633744,User,1
regexident,138017,User,1
