CEWendel,1093321,User,219
addoshi,1970937,User,13
MattCBowman,1402100,User,8
Alex9779,6394581,User,6
clementua,7418710,User,6
harlanhaskins,853032,User,4
DimaVartanian,921505,User,4
Adrian2112,221702,User,3
mergesort,716513,User,3
rex-remind101,4573957,User,3
zygoat,2467235,User,2
jschmid,574168,User,2
yuklai,565959,User,2
wokalski,1693190,User,2
aluong-yammer,11099793,User,1
jeden,1085903,User,1
billburgess,644761,User,1
mlight3,2208643,User,1
dacohn,224180,User,1
laud,858939,User,1
dcwither,1641405,User,1
fernandospr,4404680,User,1
gabriel,2669,User,1
gbugniot,29262176,User,1
jtdaugh,1005019,User,1
jtmilne,3119490,User,1
donnellyk,543851,User,1
maciekish,442007,User,1
mslathrop,2261054,User,1
philipdnichols,948568,User,1
PiersonBro,3117664,User,1
qszhu,5027771,User,1
hongrich,11243,User,1
yusuga,724466,User,1
danielebogo,912252,User,1
ebgraham,4603520,User,1
onevcat,1019875,User,1
songfrank,652119,User,1
