rivera-ernesto,1261982,User,374
bpoplauschi,154913,User,284
robbiehanson,304604,User,151
MaddTheSane,719492,User,86
sinoru,1138433,User,38
sushichop,5669641,User,32
dvor,1132979,User,28
ffried,1689782,User,14
jcbertin,107292,User,12
kolyuchiy,898625,User,10
DD-P,1289710,User,9
ewanmellor,894011,User,8
ranterle,898121,User,8
colemancda,3419766,User,7
nrbrook,1141167,User,7
pk,14301,User,7
slarew,1425453,User,7
CalQL8ed-K-OS,300235,User,7
erysaj,4070821,User,6
beatjunky99,1693354,User,6
diederich,61170,User,6
SebastienMichoy,6314489,User,5
timbodeit,4222754,User,5
mackross,247049,User,4
ksuther,106152,User,4
kballard,714,User,4
MaheshRS,2143499,User,4
nicoyuste,5048526,User,4
anivaros,873387,User,3
hughescr,46348,User,3
jeanregisser,57791,User,3
augard,60861,User,3
skoleckm,874150,User,3
mojtabacazi,696585,User,3
rsobik,161036,User,3
rspeyer,1266232,User,3
iabudiab,5612057,User,3
ferrous26,38430,User,3
brendonjustin,195837,User,2
daniel-beard,2645146,User,2
master-nevi,987706,User,2
guidomb,390645,User,2
iOSCowboy,612990,User,2
mackworth,117963,User,2
itsthejb,557391,User,2
juri,59704,User,2
an0,100976,User,2
madsolar8582,408449,User,2
mattjgalloway,753010,User,2
orta,49038,User,2
petaren,3486895,User,2
ichibod,43310,User,2
sguillope,2593278,User,2
Autoc0diq,9138900,User,2
seltzered,297435,User,2
liviur,570946,User,2
oshamsy,2469714,User,2
EthenAWilson,5642100,User,2
sryze,4525736,User,2
BlackBears,404757,User,1
alasdairlaw,1692269,User,1
aglenn,1022312,User,1
akac,364743,User,1
alexrinass,116053,User,1
almassapargali,1816725,User,1
TheRealKerni,42185,User,1
andyland,689594,User,1
anton-matosov,3339485,User,1
ArloL,195367,User,1
greymouser,15195,User,1
arturogutierrez,724895,User,1
bjhomer,276263,User,1
bdolman,447184,User,1
benrobjoh,2848997,User,1
bhargav,331970,User,1
bitdeli-chef,3092978,User,1
Dahlgren,288631,User,1
cameroncooke,630601,User,1
cepages,5259830,User,1
0xced,51363,User,1
crrobinson14,1675563,User,1
chrismiles,110112,User,1
streeter,164168,User,1
DivineDominion,59080,User,1
gempesaw,1437272,User,1
Diarrhio,4357102,User,1
kastiglione,43429,User,1
DinosaurDad,523433,User,1
eddiekim,1395025,User,1
elliotchance,927418,User,1
alloy,2320,User,1
L-Jovi,7262199,User,1
evandelaney,328449,User,1
fabiopelosin,1048705,User,1
felix-dumit,1863251,User,1
Kumfert,2791381,User,1
georgekola,663096,User,1
hons82,2573013,User,1
foozmeat,419456,User,1
jbmorley,220887,User,1
weissi,624238,User,1
jonasschnelli,178464,User,1
joshuatbrown,59564,User,1
jlnbuiles,860812,User,1
kdubb,787655,User,1
larrytin,4640250,User,1
matt-holden,459027,User,1
michaelmelanson,1318,User,1
mgamer,275666,User,1
mike-lischke,2398704,User,1
nstublen,339885,User,1
maerki,6221466,User,1
pra85,829526,User,1
richardgroves,715058,User,1
ConfusedVorlon,586910,User,1
reiz,652130,User,1
stephencelis,658,User,1
stuartjmoore,642708,User,1
jack3010,9066873,User,1
homburg,235886,User,1
timothyrobb,1174168,User,1
tobiasfeistmantl,7838269,User,1
ZehCastro,1457644,User,1
achaudhari1,8115411,User,1
anthonymlagrange,1422745,User,1
dxclancy,1066271,User,1
ghashi,884725,User,1
hsin919,5482629,User,1
krypt-lynx,2183611,User,1
morgman,275531,User,1
nickcheng,222844,User,1
orarbel,708153,User,1
skensell,3983827,User,1
tshowalter,7130954,User,1
yonglam,4102331,User,1
PhilCai1993,6828315,User,1
