dzenbot,590579,User,357
WenchaoD,5186464,User,16
ekurutepe,321325,User,6
bartvandendriessche,58052,User,4
streeter,164168,User,4
colinhumber,104855,User,4
emauro,4071116,User,3
MarvinNazari,926772,User,3
kaich,5013020,User,3
gonghao,343991,User,2
jsclayton,704034,User,2
mmorey,251031,User,2
GorkaMM,1714234,User,2
TheAdamBorek,3684577,User,1
subdigital,59140,User,1
0xced,51363,User,1
dlo,38447,User,1
guilhermearaujo,1733143,User,1
hhanesand,3051243,User,1
henrinormak,1248491,User,1
jkoroniak,327808,User,1
imkevinxu,644634,User,1
mythodeia,1748458,User,1
manuelescrig,1849990,User,1
stoprocent,607690,User,1
Mazyod,860511,User,1
ReadmeCritic,15367484,User,1
rokgregoric,168918,User,1
gitter-badger,8518239,User,1
thedrick,796488,User,1
Dysonapps,1037319,User,1
wlisac,2246764,User,1
wkoszek,483344,User,1
brandons,67223,User,1
hanneskaeufler,68024,User,1
bercik0291,2852065,User,1
kareem-hewady,5135720,User,1
ParsifalC,7930911,User,1
