eczarny,28012,User,527
alex-courtis,1505378,User,14
Zeriuno,1645004,User,3
miromannino,160922,User,3
Damian-Pumar,7398909,User,2
DerrickGold,10469602,User,2
hpaolini,203079,User,2
loic-sharma,737941,User,2
worriorbg,5908742,User,2
vitu,2024256,User,2
Denton-L,9620836,User,2
alexpls,301630,User,1
bennylope,102509,User,1
ef4,319282,User,1
gvinciguerra,12454651,User,1
janniklorenz,1284753,User,1
jasondinh,509907,User,1
kyrsjo,1011920,User,1
icecreammatt,1154569,User,1
mortonfox,495892,User,1
rhusar,765506,User,1
rjchatfield,5361118,User,1
twlz0ne,2653486,User,1
