fpotter,83509,User,459
ExtremeMan,1044236,User,275
LegNeato,368904,User,102
ryanrhee,242548,User,52
bhamiltoncx,671827,User,51
yiding,240535,User,30
x2on,195724,User,14
zlandau,113341,User,14
plu,31597,User,6
grp,163390,User,5
ultramiraculous,343042,User,5
jmattdavenport,1751339,User,5
ndfred,121628,User,4
jmkk,3430965,User,4
jspahrsummers,432536,User,4
acoomans,733352,User,3
carsonmcdonald,76552,User,3
mattjgalloway,753010,User,3
cpeterso87,5225768,User,3
hamnohito,4471225,User,3
adamjernst,97944,User,2
thelvis4,1589385,User,2
wooster,138936,User,2
hiltonc,470753,User,2
jasonprado,11831,User,2
jesboat,112358,User,2
jonnyyu,2011471,User,2
kcoons,2028444,User,2
lqi,560681,User,2
matbd,1105398,User,2
PavelKatunin,1636737,User,2
sameenjalal,805662,User,2
cysp,742696,User,2
swolchok,34168,User,2
MSch,7475,User,2
alevinesc,23316226,User,1
adamyanalunas,366221,User,1
Pretz,35043,User,1
kernandreas,2734858,User,1
AnneTheAgile,85395,User,1
ayanonagon,504184,User,1
aymericio,465049,User,1
blakewatters,8392,User,1
0xced,51363,User,1
dkgi,270421,User,1
estsauver,766985,User,1
ewanmellor,894011,User,1
FabianFrank,691152,User,1
Orphis,300430,User,1
mokagio,1218433,User,1
ianyh,212270,User,1
k21,981525,User,1
jeffreyjackson,867999,User,1
leverdeterre,239767,User,1
jimix,727026,User,1
justinseanmartin,5855270,User,1
kimhunter,611937,User,1
dinoleif,4405161,User,1
loufranco,534999,User,1
mcannizz,2955685,User,1
testzugang,123507,User,1
morganchen12,4529021,User,1
nolanw,177228,User,1
raven,316931,User,1
spesholized,366126,User,1
unixist,2461107,User,1
ikesyo,909674,User,1
tomquist,528585,User,1
yas375,217368,User,1
dinhviethoa,332168,User,1
dblock,542335,User,1
Ebonnov,1017879,User,1
