clang13,853055,User,122
onebit,1124485,User,93
chrisp-fb,2467488,User,74
gregschechter,1542351,User,32
dzhuowen,14930169,User,28
rightparen,1332313,User,26
vijaye,789844,User,16
awzy,8728414,User,14
ejensen,915431,User,9
mingflifb,2036695,User,8
toddkrabach,51454,User,8
bkelley-fb,7799585,User,7
caabernathy,691109,User,7
ekoneil,26118,User,6
lodhaayush,10785107,User,4
overlordnyaldee,725811,User,4
swiese,730382,User,4
mlequeux,2063857,User,3
suhasjoshi,1529703,User,3
bgold,134554,User,2
bdewey,172511,User,2
christopherb,312369,User,2
laughingguitarist,597397,User,2
LuizZak,6502879,User,2
mvernal,147253,User,2
ahujap-fb,19396978,User,2
shepting,48065,User,2
chuganzy,2619092,User,2
lshepard,59923,User,2
AlexJeng,4458931,User,1
aselekman,194986,User,1
chrisblizzard,1095280,User,1
alloy,2320,User,1
felixclack,3126,User,1
gcaglar,1829381,User,1
revolter,5748627,User,1
n3tr,155392,User,1
FunkeeMonk,2633,User,1
ma11hew28,17276,User,1
orta,49038,User,1
kilink,835139,User,1
raghuc,648158,User,1
seshness,264073,User,1
kookiekrak,585120,User,1
afestein,6790096,User,1
morugu,1635118,User,1
