jverkoey,45670,User,845
joehewitt,36214,User,316
jwang,74253,User,158
diederich,61170,User,86
tonklon,337083,User,20
aporat,415576,User,18
dlackty,14349,User,11
Hout,641321,User,10
mmorearty,207671,User,10
vguerci,420745,User,10
chapados,2714,User,6
buddydvd,159198,User,6
cemaleker,157998,User,5
eelco,12829,User,5
gresrun,334288,User,5
thestoics,136299,User,5
jeanregisser,57791,User,4
josemando,946167,User,4
hboon,56189,User,3
pbo,348444,User,3
meap,36914,User,3
ettore,289104,User,3
steipete,58493,User,3
thomasaw,195083,User,3
alexleutgoeb,143259,User,3
amitsnyderman,49710,User,2
dima,9495,User,2
dougbarth,3844,User,2
clarketus,7552,User,2
phillipuniverse,684275,User,2
kemenaran,179923,User,2
dwery,249355,User,1
bmeurer,815988,User,1
blakewatters,8392,User,1
eventualbuddha,1938,User,1
cliffrowley,4581,User,1
scompt,277576,User,1
mrevilme,103286,User,1
ericrwolfe,664805,User,1
holtwick,49557,User,1
jamesgpearce,90942,User,1
jasoncabot,93598,User,1
nevyn,34791,User,1
matej,91322,User,1
nanotech,34699,User,1
oyamauchi,107014,User,1
PEZ,30010,User,1
paxan,20566,User,1
ralphwillgoss,1279021,User,1
rehos,454303,User,1
aceworld9180,1257196,User,1
levous,28144,User,1
savanah,614490,User,1
tszming,297416,User,1
airportyh,54303,User,1
crino,224396,User,1
drewmca,109549,User,1
troppoli,213392,User,1
prime31,60377,User,1
