mikelikespie,21435,User,139
nlutsenko,606991,User,138
dfed,139364,User,39
jleandroperez,1195260,User,20
natan,10638,User,9
hamchapman,2475150,User,6
alanf,154965,User,6
jakobsa,2510203,User,5
boxenjim,748281,User,5
mk,1187,User,5
jmkk,3430965,User,5
JakeWharton,66577,User,4
iheart2code,590310,User,4
ReadmeCritic,15367484,User,4
kyleve,327847,User,4
siberianisaev,2021858,User,3
lukeredpath,613,User,3
anulman,721128,User,2
dnkoutso,310370,User,2
erikprice,3916,User,2
james-howard,2006254,User,2
pizthewiz,648369,User,2
j0sh,292510,User,2
michaelkirk,217057,User,2
fjolnir,6299,User,2
aaronvegh,34525,User,1
adematalay,9039902,User,1
andybons,365204,User,1
benshan,1281593,User,1
cbrauchli,952825,User,1
danblakemore,285951,User,1
danielribeiro,148319,User,1
danielctull,11661,User,1
davedelong,112699,User,1
dharmeshkakadia,2123078,User,1
kommen,258,User,1
dmitric,201957,User,1
feosuna1,12620,User,1
efirestone,656555,User,1
jakajancar,187741,User,1
jcoleman,125331,User,1
jeffreyjackson,867999,User,1
jeff-teeps,14221108,User,1
jessearmand,67312,User,1
jder,55957,User,1
joenoon,5726,User,1
m4rr,868077,User,1
martinmroz,1270255,User,1
MSch,7475,User,1
charlesmchen,625803,User,1
michaelpetrov,800877,User,1
mortonfox,495892,User,1
plzen,610948,User,1
natevw,265902,User,1
noahlt,13034,User,1
paulyoung,84700,User,1
pnc,108524,User,1
reggie-inmotion,6217317,User,1
richardjrossiii,699752,User,1
rmondello,234616,User,1
RoyalPineapple,219578,User,1
wlue,200448,User,1
xaviershay,1714,User,1
zachmargolis,458784,User,1
oldshuren,7631740,User,1
woudini,10579422,User,1
