ryanolsonk,1422245,User,405
JaviSoto,666807,User,17
TimOliver,429119,User,15
DaidoujiChen,670441,User,10
modnovolyk,4676904,User,10
revolter,5748627,User,5
NSExceptional,8371943,User,4
maniak-dobrii,2628044,User,3
tttpeng,10127607,User,3
colinhumber,104855,User,2
dlo,38447,User,2
drodriguez,6338,User,2
robinsonrc,15674,User,2
defagos,170201,User,2
studentdeng,1146589,User,2
WangHengHeng,7866087,User,2
rtyu128,13759022,User,1
dcreemer,543554,User,1
erichoracek,438313,User,1
evliu,1699644,User,1
judev,219978,User,1
mustafa-coursera,8441396,User,1
pra85,829526,User,1
raphaelschaad,439447,User,1
ReadmeCritic,15367484,User,1
shepting,48065,User,1
untouchable741,2222122,User,1
timonus,522951,User,1
froody,241317,User,1
louis-cai,7223857,User,1
jkyin,1644903,User,1
nicked,1179692,User,1
nin9tyfour,6432356,User,1
orthographic-pedant,14522744,User,1
unixzii,3109144,User,1
larrytin,4640250,User,1
