swisspol,627915,User,220
jtbandes,14237,User,5
00dani,610876,User,2
deyton,495258,User,2
salutis,1158274,User,2
antonsimakov,28253985,User,1
antons,129705,User,1
charlietran,659307,User,1
davisonio,5341072,User,1
danpecher,2471616,User,1
gouch,38445,User,1
hugocf,9969,User,1
mandrigin,466427,User,1
rodovich,887005,User,1
sephlietz,5513,User,1
joshhinman,2016603,User,1
lucasderraugh,714282,User,1
mtrudel,79646,User,1
nikolaykasyanov,136644,User,1
pmg103,12135652,User,1
rodya,607311,User,1
tbodt,5678977,User,1
tomaz,77294,User,1
shpakovski,163410,User,1
vovkasm,95272,User,1
JrGoodle,679017,User,1
lapfelix,4634735,User,1
nepeat,6914822,User,1
