gnachman,427546,User,5868
saitoha,1162739,User,149
chendo,2661,User,74
wavebeem,176815,User,18
choppsv1,3074665,User,16
aljex,455568,User,16
shabble,97020,User,15
dusek,41975,User,12
rolandwalker,727482,User,12
jgavris,178749,User,10
coljac,191407,User,9
mikecappella,8551810,User,9
peteschaffner,411395,User,9
MaddTheSane,719492,User,8
csmulhern,1831562,User,8
bdpdx,3167275,User,8
andreax79,1288154,User,6
subhasis256,7845589,User,6
dadowns,8092402,User,6
salexkidd,623391,User,6
x3ro,243719,User,6
jordanlewis,43821,User,5
lastobelus,25810,User,5
Sep102,350447,User,5
percontation,563506,User,5
samdoshi,112490,User,5
boretom,52218,User,5
ronyfadel,329601,User,5
jonathanwren,9453067,User,4
golddranks,2675542,User,4
allewun,1256911,User,3
gordolio,143153,User,3
grddev,1210048,User,3
jasoncodes,83466,User,3
JohnSpeno,47321,User,3
melbic,186461,User,3
jcs,9888,User,3
asmeurer,71486,User,2
pose,419703,User,2
baskerville,159419,User,2
cmckendry,1074380,User,2
grimreaper,433817,User,2
FiloSottile,1225294,User,2
jacob-carlborg,306980,User,2
jaygooby,64270,User,2
marnen,34378,User,2
ptek,92699,User,2
ivanbrennan,1672874,User,2
keeyipchan,818054,User,2
ridiculousfish,920838,User,2
ssbarnea,102495,User,2
aka-rider,8645473,User,2
aleffert,114396,User,1
Zifius,696727,User,1
beatrohrer,903129,User,1
sheepmaster,12303,User,1
poiru,1319028,User,1
cgrushko,1998689,User,1
d-fischer,5854687,User,1
drpowell,123456,User,1
DHowett,189190,User,1
erisdev,143007,User,1
EvanKrall,233961,User,1
ferambot,18504676,User,1
fjolnir,6299,User,1
foysavas,1735,User,1
fmichea,953489,User,1
ttdoda,1967759,User,1
Hywan,946104,User,1
calmh,125426,User,1
jamesstout,1576190,User,1
saurik,36743,User,1
yusf,346211,User,1
jyaworski,449135,User,1
jguice,587350,User,1
kvs,43660,User,1
nothankyou1,3178730,User,1
laurent22,1285584,User,1
luan,223760,User,1
msabramo,305268,User,1
marcelocantos,215143,User,1
mdaniel,22526,User,1
fingolfin,241512,User,1
GRMrGecko,167167,User,1
Nirma,882822,User,1
patkujawa-wf,6391742,User,1
pstadler,600097,User,1
phs,36229,User,1
pquentin,42327,User,1
reeselevine,7638101,User,1
rianhunter,120658,User,1
roandelyf,16328694,User,1
rsmmr,1934232,User,1
sos4nt,28232,User,1
theodm,16502591,User,1
walterheck,326166,User,1
hzhu,1811365,User,1
khwon,3966891,User,1
mmaxim,1250314,User,1
Xe0n0,1218250,User,1
