jflinter,740583,User,113
jamieomatthews,1930819,User,29
alexmedearis,39989,User,12
dzenbot,590579,User,12
adamfraser,677820,User,10
danielamitay,647626,User,10
jmoody,466104,User,5
pronebird,704044,User,5
KiranPanesar,1433713,User,4
maciekish,442007,User,4
mattglover,1572886,User,4
djbe,641356,User,4
somedev,425339,User,4
damienklinnert,1471561,User,3
mikaelbartlett,756759,User,3
nottombrown,306655,User,3
AdamT,641502,User,2
ale0xb,412841,User,2
andreamazz,570797,User,2
davidcollado,1207999,User,2
hebertialmeida,103670,User,2
jack-stripe,23086671,User,2
khoogheem,957336,User,2
alkhulaifi,434157,User,1
mixdesign,198882,User,1
fastred,197767,User,1
bcroesch,402710,User,1
Hackmodford,326668,User,1
brycepauken,17324819,User,1
marzapower,11535,User,1
godarderik,522853,User,1
evandelaney,328449,User,1
HaraldBregu,1328379,User,1
jverdi,345050,User,1
xinsight,465971,User,1
infolock,808850,User,1
lnpbk,608543,User,1
liyanchang,328073,User,1
maranas,491427,User,1
mortonfox,495892,User,1
NealEhardt,1338977,User,1
neilkimmett,1180883,User,1
niaeashes,1019357,User,1
ReadmeCritic,15367484,User,1
natsuo,1655659,User,1
roryokane,79168,User,1
bismark,412158,User,1
stephsharp,1762222,User,1
stuartkhall,528195,User,1
tfrank64,4023136,User,1
troyharris,2343470,User,1
katopz,97060,User,1
linzhongsc,10931504,User,1
