hackiftekhar,3831495,User,763
kgn,395836,User,12
toohotz,795804,User,6
yurihan,4598443,User,5
dxt,920359,User,3
richardtop,8013017,User,3
bitdeli-chef,3092978,User,2
Kingslayyerr,13039666,User,2
esttorhe,2642850,User,2
retsohuang,785920,User,2
RockerHX,5380764,User,2
tizaks,7020926,User,2
heefanlee,4913715,User,2
7imbrook,1131998,User,1
anirudh24seven,617443,User,1
ayushgoel,893050,User,1
Legoless,1434530,User,1
dlo,38447,User,1
Draveness,6493255,User,1
ed-mejia,7431094,User,1
Emailrus,3338283,User,1
fbernardo,177740,User,1
gradha,101927,User,1
jmnavarro,219908,User,1
Blog404DE,1443763,User,1
jandrad,227524,User,1
jgudermuth,2335994,User,1
kndl,380402,User,1
urbaniak,25346,User,1
mpozzoknx,8811384,User,1
inscrutablemike,1715927,User,1
neilgoldman305,11390810,User,1
nikitahils,2666198,User,1
Codeido,495617,User,1
ReadmeCritic,15367484,User,1
rogerluan,8419048,User,1
bryant1410,3905501,User,1
WenchaoD,5186464,User,1
Lutzifer,194417,User,1
dake,657637,User,1
jcgsxr,721627,User,1
nnsnodnb,9856514,User,1
omerozk,11772701,User,1
samlbest,4137709,User,1
tauCross,3272428,User,1
