lauraskelton,353438,User,48
jhersh,175139,User,44
ashavit,6129781,User,17
devinfoley,139239,User,13
felixjendrusch,27429,User,4
Zanfa,1284170,User,4
pNre,3475083,User,4
revolter,5748627,User,4
jsm174,1197137,User,3
maxmeyers,344174,User,3
sugarmo,1243254,User,3
jeremyflores,155656,User,2
pbrewczynski,3111143,User,2
willsbor,2516411,User,2
alexggordon,2700571,User,1
rastersize,23453,User,1
brennanMKE,277419,User,1
camdenfullmer,1483191,User,1
xinsight,465971,User,1
natanrolnik,1164565,User,1
qfish,679824,User,1
SeanMcTex,1564380,User,1
simonlinj,1506890,User,1
tadeokondrak,4098453,User,1
Magnat12,1451649,User,1
dive,59749,User,1
