matej,91322,User,406
jdg,6725,User,13
Vyazovoy,2086081,User,4
arsonik,1333734,User,4
per-gron,87926,User,4
hsoi,1494611,User,3
tewha,108106,User,3
nanoant,103067,User,2
bloveridge,334262,User,2
bhargavms,10993824,User,2
dontangg,319091,User,2
epacces,1431139,User,2
fjolnir,6299,User,2
jejohnsonancestry,3485422,User,2
mikrohard,133844,User,2
Johennes,1137962,User,2
jpchmura,7697222,User,2
mrackwitz,1389011,User,2
mattjgalloway,753010,User,2
mattrubin,532638,User,2
ruggeri,627382,User,2
paulbramsen,4658911,User,2
ReadmeCritic,15367484,User,2
runeb,38528,User,2
zenwheel,8103,User,2
yas375,217368,User,2
briansoule,1596183,User,2
renebigot,1243762,User,2
albertodebortoli,653112,User,1
alistra,233144,User,1
colemancda,3419766,User,1
aral,41798,User,1
bcylin,2032500,User,1
bsuvorov,1530544,User,1
4brunu,784666,User,1
cbowns,474,User,1
coryallegory,658220,User,1
yood,5237,User,1
fernyb,6238,User,1
fspeirs,642,User,1
gpascale,325055,User,1
hwittland,1815009,User,1
5minpause,84148,User,1
liuyaodong,2288732,User,1
lono175,12937,User,1
netdev,24435,User,1
Matt-ExpeData,3449416,User,1
myell0w,143737,User,1
meslater,412874,User,1
MPieter,5703745,User,1
rokgregoric,168918,User,1
rounak,240258,User,1
veader,1591,User,1
sbandol,480154,User,1
stig,45407,User,1
t-unit,366172,User,1
valeriyvan,1630974,User,1
tadelv,44533,User,1
devSC,6701462,User,1
5d,459711,User,1
yosit,123805,User,1
cbeninati,1027918,User,1
dnstevenson,121452,User,1
longpham2310,2587012,User,1
markd2,609957,User,1
wcxdell,8434316,User,1
rivera-ernesto,1261982,User,1
