jessesquires,2301114,User,1443
zhigang1992,1057756,User,23
MacMeDan,6182351,User,15
harlanhaskins,853032,User,11
Lucashuang0802,3754490,User,11
GianniCarlo,14112819,User,10
sebastianludwig,1715010,User,6
alecgorge,261668,User,5
scottcc,225380,User,5
eliburke,2371768,User,5
erysaj,4070821,User,4
koenbud,6847976,User,4
lbanders,3657054,User,4
ranunez,2531425,User,4
mallowtechdev,2545137,User,3
toblerpwn,1731512,User,3
Nub,194723,User,3
mauruskuehne,605083,User,3
pstasiak,7011057,User,3
arthur-here,6655107,User,2
bejo,224994,User,2
jstart,108218,User,2
danhbear,631074,User,2
winzig,127062,User,2
kohtenko,800103,User,2
kirualex,431974,User,2
2-4601,174176,User,1
azinman,142533,User,1
iadmir,23726384,User,1
adubr,820352,User,1
AnthonyMDev,6243461,User,1
atroutt,37866,User,1
BillCarsonFr,9841565,User,1
bitdeli-chef,3092978,User,1
cliffremote,1257681,User,1
davidchiles,309772,User,1
dmyers,207171,User,1
dim0v,846611,User,1
dvor,1132979,User,1
evermeer,130834,User,1
FranciscoAmado,6344795,User,1
ghazel,31402,User,1
GuyKahlon,3619880,User,1
speakerbug,8688530,User,1
hakonber,873092,User,1
IceFloe,2751663,User,1
idrougge,17124673,User,1
J4awesome,12619242,User,1
jcoleman,125331,User,1
gerbiljames,1394683,User,1
janmisar,3321064,User,1
jasonwcfan,14931371,User,1
jeffreyjackson,867999,User,1
justindeguzman,3936029,User,1
kiwo12345,10579811,User,1
Konshin,10631753,User,1
GigabyteTheOne,2989243,User,1
luosheng,47009,User,1
portellaa,1502403,User,1
kimar,126418,User,1
masihtak,4639192,User,1
mombrea,915300,User,1
michaelkirk,217057,User,1
MichaelDanielTom,5520838,User,1
Natelegreat1,2666640,User,1
thang2410199,2436920,User,1
mrp14,7326668,User,1
wzs,599145,User,1
koszti,643687,User,1
radekcieciwa,2387432,User,1
rafaelatr3,10088258,User,1
rashoodkhan,2310087,User,1
LazarusX,716650,User,1
kingreza,2187641,User,1
cs-roman-fedoseev,17570042,User,1
evfemist,1055304,User,1
scotteg,1337867,User,1
tflhyl,5601332,User,1
ThirakornP,5787595,User,1
trakov,1919175,User,1
tobiasoleary,1141478,User,1
mrtom,174462,User,1
toreolsensan,575097,User,1
yforjindam,2501925,User,1
algrid,6792526,User,1
asifmohd,4892875,User,1
asxasxasx,1155482,User,1
bearclough,840361,User,1
doggy,443524,User,1
dtsbourg,5308013,User,1
ReadmeCritic,15367484,User,1
funkyV,12220087,User,1
greatjam,462928,User,1
wut2bsimple,11609522,User,1
jardamach,3009043,User,1
juliensaad,1596136,User,1
keyeMyria,3362049,User,1
mwgray,9472766,User,1
sumihiro,98380,User,1
vitalyster,1052407,User,1
