icanzilb,633862,User,463
billinghamj,905772,User,137
j-h-a,1160012,User,16
dbachrach,45016,User,13
BB9z,513082,User,8
cybertk,455809,User,4
jkmathew,1732366,User,3
mro,61800,User,3
joslinm,178711,User,3
robinzhangx,5918571,User,3
brian-intuit,1554697,User,3
NSMutableString,3245066,User,2
nashfive,50933,User,2
aufflick,23591,User,2
Stefan-Hintz,1934203,User,2
stefankendall,228889,User,2
jiyee,787366,User,2
ricobeck,155457,User,2
shuoli84,3402035,User,2
xdream86,1835487,User,2
Zaidos,855073,User,1
scotbond,1583074,User,1
ahfarmer,597825,User,1
ajanauskas,1474237,User,1
fictorial,67219,User,1
ccbb,1047243,User,1
cknadler,476505,User,1
ddebin,458007,User,1
vibrazy,233465,User,1
ThirakornP,5787595,User,1
edelabar,97080,User,1
esttorhe,2642850,User,1
fvvliet,2924822,User,1
reden87,869119,User,1
ahui2823,822998,User,1
hfossli,3652587,User,1
jonathanng,2832171,User,1
jiangzhenjie,7577319,User,1
wangjoshuah,5353594,User,1
kevinrenskers,229384,User,1
dalu93,9826047,User,1
LucasVidal,668566,User,1
huji0624,1287181,User,1
mariusc,844175,User,1
mortonfox,495892,User,1
snakecharmer,83318,User,1
pmanna,1210958,User,1
skywinder,3356474,User,1
priya87,8913411,User,1
scott-ce,9200271,User,1
zoul,95329,User,1
VojtaStavik,6388510,User,1
fmaylinch,1672519,User,1
jalmaas,1109542,User,1
matteonovelli,4289570,User,1
mingming1222,1575460,User,1
steveheyman,4484434,User,1
