jverkoey,45670,User,1491
stephanemoore,1581151,User,73
djMax,240684,User,67
rogchap,270252,User,32
dmaclach,320201,User,21
bmeurer,815988,User,18
ynie,394026,User,13
baz,28103,User,11
liquidx,72062,User,11
inamiy,138476,User,10
OTrumpf,1709015,User,7
steipete,58493,User,6
LiyeZhang,697612,User,6
NxSoftware,1206172,User,5
gurgeous,526195,User,5
darrenw,170797,User,5
palringosteve,843094,User,5
alist,499382,User,4
Vaseltior,915156,User,4
Shukuyen,964558,User,4
yosit,123805,User,4
randallli,943565,User,4
alias1,753891,User,4
francisli,140766,User,3
fannheyward,345274,User,3
Arcank,197492,User,3
lmanul,326335,User,3
nirav,140351,User,3
migrant,3368387,User,3
adamvduke,94930,User,2
agassiyzh,413855,User,2
alexbell,479838,User,2
dataway,1492471,User,2
bartvandendriessche,58052,User,2
brynbodayle,1455522,User,2
chriscox,265710,User,2
huesforalice,1155738,User,2
dmishe,99983,User,2
bogardon,399782,User,2
popzkk,2561426,User,2
muhtasib,1618875,User,2
prime31,60377,User,2
nickfrey,452190,User,2
dlackty,14349,User,2
bgeorgescu,940873,User,2
bubnov,818612,User,2
jisungna,6914764,User,2
ahmet,309672,User,1
candersonmiller,14764,User,1
TheMadGamer,342962,User,1
aviell,584218,User,1
brianjmoore,395995,User,1
Jamagas,3842032,User,1
dcouturier,7174627,User,1
chebur,34956,User,1
scompt,277576,User,1
euanlau,794933,User,1
galexy,616667,User,1
superquadratic,966224,User,1
haydenhuang,3489753,User,1
hboon,56189,User,1
jaredegan,303795,User,1
jessevb,5384722,User,1
Jicks,508497,User,1
jwang,74253,User,1
ikeisuke,1611558,User,1
netsgnut,284779,User,1
kenichi-fukushima,1145947,User,1
oettam,126400,User,1
mmorearty,207671,User,1
newsoft,587059,User,1
PaulTaykalo,119268,User,1
kemenaran,179923,User,1
rbang1,4460339,User,1
aelam,232337,User,1
senpo,637605,User,1
SevInf,603056,User,1
lxcid,297156,User,1
thanhhh,731095,User,1
crino,224396,User,1
lipeiqiang,181890,User,1
Serlight,1770057,User,1
marcobgoogle,22227604,User,1
edison0951,1302752,User,1
zszego,9693142,User,1
