jverdi,345050,User,162
laihj,62998,User,5
younata,285321,User,5
DimaVartanian,921505,User,4
mkernahan,141037,User,4
ArtSabintsev,854860,User,3
rcdilorenzo,634167,User,3
mjcuva,1891010,User,3
sportlabsMike,8781023,User,3
mouhcine,1836146,User,3
stefanomondino,1691903,User,3
ct4h,11635807,User,2
Palringo-Dev,5611690,User,2
datwelk,1571141,User,2
reallyseth,283616,User,2
szweier,533825,User,2
tailec,10499966,User,2
victorjiang,5085769,User,2
Fogh,434624,User,1
pronebird,704044,User,1
ndrewh,2116451,User,1
b-raines,4977203,User,1
chanil1218,1420133,User,1
ldrr,580463,User,1
clintjhill,39423,User,1
dmin,371998,User,1
garnett,829783,User,1
gergelyorosz,1094502,User,1
gshackles,196182,User,1
ryuheechul,2637709,User,1
joeljfischer,1767063,User,1
jgrana,1106304,User,1
Kjuly,867323,User,1
marcelofabri,833072,User,1
MaxGabriel,1274145,User,1
msealand,1396401,User,1
synchromation,780074,User,1
RuiAAPeres,949286,User,1
ReadmeCritic,15367484,User,1
D-ja,1702026,User,1
Zhukn1,2040930,User,1
stevemoser,89981,User,1
duemunk,489138,User,1
