kevinzhow,1156192,User,244
sanandrea,5032206,User,18
MrWooJ,8567155,User,15
farshidce,348681,User,14
dullgrass,6779357,User,13
Noreaster76,344851,User,11
emmaviolet,8298818,User,10
moflo,601550,User,9
ecaselles,7735546,User,9
klauslanza,1684798,User,8
ZhangHang,320072,User,7
jackyzonewen,5715459,User,6
dumoko,457094,User,4
olunx,1642136,User,4
onevcat,1019875,User,4
irshadpc,1927027,User,3
Leii,11715405,User,3
michaelzischka,867452,User,3
nenuadrian,5632882,User,3
viktorasl,3721061,User,3
NoICE,195891,User,3
MariusCiocanel,62638,User,3
JunsionGu,8120253,User,2
mps,45475,User,2
RocZhang9673,20697106,User,2
rochefort,121045,User,2
schneiderandre,975938,User,1
sabadow,1420021,User,1
colindownes,1133071,User,1
nemesis,1492648,User,1
dlo,38447,User,1
cuiyu8580,13254617,User,1
ecaste,713476,User,1
hfossli,3652587,User,1
JonathanTron,2976,User,1
filmhomage,4126751,User,1
kirayamato1989,7197021,User,1
Lewuathe,1713047,User,1
lumiasaki,6101691,User,1
mczachurski,6191974,User,1
mrigo,2822656,User,1
michelmongkhoy,1619143,User,1
nathanpeles,4326422,User,1
pj4533,110283,User,1
pedrovieira7,1943188,User,1
pkclsoft,729197,User,1
thefotes,4184067,User,1
zzz6519003,1625608,User,1
pala,104021,User,1
EvianZhow,4608342,User,1
yimingtang,529212,User,1
bigday,5117841,User,1
bradleylin,811243,User,1
cleexiang,676379,User,1
congbo,4121131,User,1
dral3x,447976,User,1
KerryJava,4183216,User,1
alex-gausman,698316,User,1
travisvalentine,1275771,User,1
zhangnet,3622234,User,1
SketchK,11788119,User,1
jiaoyaxin,11495092,User,1
