uranusjr,605277,User,761
niklasberglund,331986,User,11
bostaunieux,475042,User,7
alexkaessner,6615076,User,7
franklinyu,3153452,User,6
Mowsh,1332090,User,6
dlackty,14349,User,6
brunophilipe,2136642,User,5
getaaron,789577,User,5
zoonooz,1230665,User,4
Jmuccigr,615115,User,4
aaronraimist,5855073,User,3
ali-rantakari,89539,User,2
ohthetrees,1884467,User,2
mdznr,963948,User,2
sirvine,68167,User,2
tbrannam,78813,User,2
ronhippler,2529432,User,1
hszcg,1321488,User,1
chbrown,360279,User,1
sorig,1370324,User,1
fcanas,34314,User,1
garrow,28196,User,1
jbrooksuk,246103,User,1
brovador,588744,User,1
joao,1041,User,1
jcomo,1068249,User,1
justinkim,4412803,User,1
kevinsalter,1326627,User,1
mcw0933,750196,User,1
orta,49038,User,1
peterkaminski,169442,User,1
saurabhg17,4631775,User,1
timtylin,70117,User,1
airdrummingfool,631249,User,1
waldoj,656758,User,1
CatTail,1606069,User,1
yangjian,238720,User,1
