tonyarnold,4802,User,442
casademora,15866,User,313
blackgold9,214061,User,62
crayment,78082,User,13
Marxon13,1834058,User,9
BrianDoig,438668,User,8
Laeger,1991569,User,6
callzhang,5102827,User,5
ccwasden,844712,User,5
idpaterson,507058,User,5
angelolloqui,1382659,User,4
Coeur,839992,User,4
KingOfBrian,114322,User,3
csotiriou,1228484,User,3
donvaughn,51815,User,3
gregfu,6982,User,3
myell0w,143737,User,3
NZKoz,197,User,3
steipete,58493,User,3
baron,2617,User,3
Antol,649099,User,2
DivineDominion,59080,User,2
duanefields,548763,User,2
ejensen,915431,User,2
rivera-ernesto,1261982,User,2
emrosenf,425523,User,2
FloresRobles,621708,User,2
govi,1056883,User,2
rocket0423,599545,User,2
nicksnyder,754768,User,2
dulaccc,328718,User,2
melbic,186461,User,2
sguillope,2593278,User,2
nvie,83844,User,2
dlajarretie,5681392,User,2
tonyxiao,696842,User,2
amleszk,501631,User,1
aporat,415576,User,1
AmitaiB,11856134,User,1
Vyazovoy,2086081,User,1
AnthonyMDev,6243461,User,1
artgillespie,509730,User,1
foulkesjohn,984496,User,1
mbrandonw,135203,User,1
cbess,10981,User,1
connor,97697,User,1
CraigSiemens,680442,User,1
edwardIshaq,356324,User,1
alloy,2320,User,1
florianbuerger,119219,User,1
fgarcia,253157,User,1
heatherm,416681,User,1
hungtruong,444790,User,1
JRG-Developer,2283896,User,1
jozefizso,287778,User,1
xhacker,1051813,User,1
maikg,9554,User,1
imaks,2352972,User,1
Mazyod,860511,User,1
bachand,1791049,User,1
NealEhardt,1338977,User,1
orta,49038,User,1
rhuariglen,4246418,User,1
RBuffalo,1181693,User,1
rodowi,705860,User,1
ryanjm,90015,User,1
STAR-ZERO,376376,User,1
Zhukn1,2040930,User,1
tcort,216720,User,1
vially,433598,User,1
yas375,217368,User,1
vojto,50943,User,1
greenmobile,2749263,User,1
lixiang-camera360,8025580,User,1
modocache,552921,User,1
nerdery-isaac,2348989,User,1
craftzdog,1332805,User,1
rickerbh,18548,User,1
thomassnielsen,626954,User,1
vguerci,420745,User,1
xdream86,1835487,User,1
