jspahrsummers,432536,User,458
robb,212465,User,382
dcaunt,157314,User,39
joshaber,13760,User,38
alanjrogers,22635,User,32
rex-remind101,4573957,User,25
jmah,2748,User,12
paulyoung,84700,User,12
rastersize,23453,User,11
bartvandendriessche,58052,User,11
paulthorsteinson,331285,User,11
akashivskyy,565231,User,11
indragiek,353158,User,10
kilink,835139,User,7
robrix,59671,User,7
ikesyo,909674,User,7
mickeyreiss,47405,User,6
joshvera,24247,User,6
kypselia,682208,User,5
kylef,44164,User,5
ahti,644764,User,5
mdiep,1302,User,5
conradev,170649,User,4
keithduncan,22101,User,4
terinjokes,273509,User,4
k06a,702124,User,3
dcordero,2320840,User,3
maxgoedjen,342665,User,3
adamkaplan,727953,User,3
jilouc,612462,User,3
hengw,5755189,User,3
Coeur,839992,User,2
danielgalasko,4479146,User,2
pizthewiz,648369,User,2
mattyohe,197446,User,2
shepting,48065,User,2
getaaron,789577,User,1
alikaragoz,1283783,User,1
bdolman,447184,User,1
neonichu,118992,User,1
ColinEberhardt,1098110,User,1
grraffe,2194540,User,1
johanrydenstam,1712588,User,1
notjosh,33126,User,1
jchatard,6790,User,1
ksuther,106152,User,1
kevin-traansmission,12040997,User,1
lmcd,363540,User,1
magnusolafur,2575988,User,1
msanders,54970,User,1
kmikael,1111937,User,1
orj,34415,User,1
steipete,58493,User,1
priteshshah1983,602830,User,1
zsk425,2835468,User,1
5teev,497564,User,1
bruun,422180,User,1
tomtaylor,565,User,1
travisjeffery,15225,User,1
chipp,115227,User,1
dblock,542335,User,1
startupthekid,3139429,User,1
