marcuswestin,131967,User,306
lokimeyburg,83943,User,23
oakho,1830273,User,9
mbishop-fiksu,6313439,User,8
psineur,507338,User,7
stringbean,486181,User,4
milesmatthias,600638,User,4
javache,5676,User,4
sergiocampama,689198,User,4
vontio,2374879,User,4
jberkman,1633584,User,3
yiplee,1432077,User,3
chrisvariety,44855,User,3
bastibense,115002,User,2
lbj96347,884558,User,2
nolanw,177228,User,2
ruslanskorb,1182823,User,2
SmallRookieJian,17564823,User,2
tanis2000,287841,User,2
ddovod,9406025,User,2
eJamesLin,4845370,User,2
EuanChan,236951,User,1
gurre,491940,User,1
hschouman,8625118,User,1
jspencer,299443,User,1
joao,1041,User,1
lego,1161183,User,1
kanflo,931076,User,1
kelp404,1680868,User,1
koenpunt,351038,User,1
LisztGitHub,22762506,User,1
yasoob,3696393,User,1
agnosticdev,7466510,User,1
maxcampolo,5474205,User,1
mortonfox,495892,User,1
netputer,549979,User,1
pj4533,110283,User,1
pushpak,2714784,User,1
terrillo,954878,User,1
yas375,217368,User,1
yukimunet,254382,User,1
coderyi,10682908,User,1
cutmail,163344,User,1
gotomanners,350858,User,1
imrazor,820667,User,1
kingiol,2134123,User,1
raxcat,1287879,User,1
shuizhongyueming,2059860,User,1
smoothdvd,22420,User,1
yirenjun,273997,User,1
