matryer,101659,User,218
iosdeveloper,655921,User,103
muhqu,26716,User,17
kamenevn,7696230,User,16
mralexgray,262517,User,14
vogonistic,159568,User,12
tomkinsc,53064,User,11
tresni,210250,User,9
ibutra,2822422,User,7
taylorzane,5092987,User,7
seripap,683200,User,6
ksuther,106152,User,6
alexandregz,1374718,User,5
RaemondBW,1922488,User,5
MatzFan,3764715,User,4
gautamkrishnar,8397274,User,4
jtokoph,346225,User,4
sg-s,6005346,User,4
skibz,2462211,User,3
daturkel,1828387,User,3
manojlds,191378,User,3
jessor,480451,User,3
trungdq88,4214509,User,3
joncse,1895779,User,3
dlajarretie,5681392,User,2
nlassaux,1917120,User,2
SteveEdson,1201960,User,2
zackkatz,870979,User,2
willyt,501694,User,2
ADeeds,3222012,User,1
AIR20,5173620,User,1
bhagyas,750003,User,1
qmacro,73068,User,1
derimagia,999489,User,1
Falkirks,5827558,User,1
javray,454310,User,1
fenhl,641386,User,1
thealmightygrant,4055018,User,1
jasminb,3043239,User,1
jcaille,2685236,User,1
keithamus,118266,User,1
milch,279407,User,1
maio,18138,User,1
mathiasbynens,81942,User,1
nixmaniack,542810,User,1
killercup,20063,User,1
kfdm,89725,User,1
pra85,829526,User,1
ReadmeCritic,15367484,User,1
sindresorhus,170270,User,1
soheil,287288,User,1
Stratouklos,657997,User,1
thomasbachem,231538,User,1
tombonez,967673,User,1
tylerb,70804,User,1
dzg,466557,User,1
flyingtimes,5668052,User,1
