kcharwood,198768,User,233
larsacus,590216,User,9
TomSwift,575821,User,6
antonholmquist,505089,User,2
klundberg,867898,User,2
tewha,108106,User,2
arielitovsky,662807,User,2
cnstoll,1586401,User,2
pronebird,704044,User,1
podkovyrin,3340428,User,1
BryanOne,1538965,User,1
joneswah,361727,User,1
danmurrelljr,92881,User,1
eytanbiala,1770794,User,1
ersjoh,7237185,User,1
novkostya,6107414,User,1
kk-achu,6786942,User,1
long,4272,User,1
pbendersky,1420884,User,1
messi,138533,User,1
ScottBouloutian,3430156,User,1
seivan,55424,User,1
tbveralrud,1694668,User,1
TuanManhCao,3398389,User,1
