onevcat,1019875,User,235
wentaozone,1639325,User,18
idpaterson,507058,User,9
nickskull,1776969,User,8
mrackwitz,1389011,User,8
adison,2823871,User,5
ahti,644764,User,3
tecknut,2079547,User,3
bay2,13459925,User,3
kazmasaurus,192676,User,2
liuxuan30,4375169,User,2
AmitaiB,11856134,User,1
andr3a88,6755254,User,1
antons,129705,User,1
cshireman,508935,User,1
DaleJefferson,375005,User,1
maogm12,1658974,User,1
ilg,228228,User,1
jeffpearce,1479145,User,1
jordanmack,37931,User,1
toohotz,795804,User,1
MakeZL,7121927,User,1
Reflejo,232113,User,1
MaxGabriel,1274145,User,1
xcvista,2580732,User,1
nicoyuste,5048526,User,1
sebskuse,465802,User,1
steffendsommer,685672,User,1
axot,611054,User,1
bre7,3183848,User,1
dacaiguoguo,2638446,User,1
isamankumara,11912191,User,1
zxhfirefox,743924,User,1
