cyco,697021,User,1569
clobber,1303132,User,1221
PsychoH13,79327,User,567
jweinberg,124000,User,281
vade,65011,User,280
PGGB,172352,User,270
mrvacbob,50326,User,206
bavarious,531537,User,177
robotoad,238567,User,169
feosuna1,12620,User,89
plasticpool,233561,User,66
shysaur,10537578,User,53
evanschoffstall,2171577,User,46
J-rg,4042863,User,32
loicloic,1577800,User,26
kballard,714,User,23
stevestreza,28552,User,23
kylewlacy,1362179,User,15
dethbunny,150651,User,13
cyril634,11347654,User,13
MikeJaoudi,892593,User,10
Armada651,2028870,User,9
rudyrichter,157878,User,9
nicoya,949431,User,9
okdana,122095,User,9
pokebyte,2538706,User,8
DylanLukes,250114,User,8
ivanhtp,126082,User,7
adlr,136678,User,6
jeremiah-sypult,1396416,User,5
zneak,2836964,User,5
cybercatgurrl,7425159,User,4
mmmulani,192928,User,4
sutrobear,6356782,User,4
mettekou,8898080,User,4
Wandmalfarbe,17237627,User,3
zachcoyle,908716,User,3
pulsedrivervstibby,9154358,User,3
kotaura,6396483,User,3
eddielee6,1657002,User,2
mipstian,421341,User,2
phoenixweiss,3630353,User,2
pereorga,919779,User,2
darvin,309302,User,2
yuuq,4944536,User,2
memco,1486098,User,2
torque,949138,User,2
verysofttoiletpaper,1679171,User,2
anjerodesu,273117,User,1
MaddTheSane,719492,User,1
christian-smith,768500,User,1
prophittcorey,1202175,User,1
craigerskine,56437,User,1
dannyow,210317,User,1
RyuKojiro,3972033,User,1
medgno,87882,User,1
Haroenv,6270048,User,1
Fryguy,52120,User,1
jfro,41898,User,1
jjgod,1017,User,1
joewreschnig,1330897,User,1
kjg,2205,User,1
dnerdy,82307,User,1
corvino,168561,User,1
reidcooper,6921277,User,1
AdUki,914609,User,1
stuartcarnie,52852,User,1
superKoder,6278466,User,1
Wolflink289,587915,User,1
RyleySill93,20671872,User,1
alxndrustinov,2161817,User,1
goncalopalaio,576480,User,1
itsgreggreg,6858318,User,1
andrewshand,9308130,User,1
zebe,3927304,User,1
