mallorypaine,455495,User,29
LucasTizma,66559,User,23
epatey,769548,User,6
vkovtash,1267505,User,5
Sega-Zero,2203199,User,5
jszumski,784312,User,3
jmah,2748,User,3
dezinezync,867981,User,3
cxa,32127,User,2
conradev,170649,User,2
dcaunt,157314,User,2
indragiek,353158,User,2
jverdi,345050,User,2
mortonfox,495892,User,2
iShawnWang,20266594,User,2
chakrit,45545,User,1
donholly,291077,User,1
mviamari,239894,User,1
olivercameron,509595,User,1
zbigy,1323419,User,1
cipherCOM,363772,User,1
RuiAAPeres,949286,User,1
rromanchuk,102188,User,1
brow,238331,User,1
