pokeb,8152,User,654
jogu,316456,User,22
0xced,51363,User,18
greenisus,18211,User,17
nanotech,34699,User,10
erikchen,833296,User,5
rbsgn,39130,User,4
lolsborn,60548,User,4
jweyrich,206930,User,3
schmidp,10045,User,3
ikarius,147232,User,3
adamwulf,251087,User,2
aidansteele,369053,User,2
andyfowler,107073,User,2
AriX,398952,User,2
deltheil,355031,User,2
steipete,58493,User,2
tomandersen,221405,User,2
alexdeem,404584,User,1
arlo,260053,User,1
artgillespie,509730,User,1
christophercotton,163204,User,1
dominic,185645,User,1
fpillet,166018,User,1
gcox,251512,User,1
gamma,112151,User,1
jabley,16205,User,1
jjthrash,28550,User,1
jarinudom,21100,User,1
jaygraves,320446,User,1
JmeHsieh,537814,User,1
jparise,10311,User,1
judev,219978,User,1
jsmecham,4340,User,1
metaskills,2381,User,1
leereilly,121322,User,1
lukeredpath,613,User,1
lhunath,36948,User,1
MihaiDamian,221606,User,1
atnan,3513,User,1
OpenFibers,648499,User,1
pjay,1483,User,1
soffes,52870,User,1
timshadel,2394,User,1
yllan,76055,User,1
zwaldowski,170812,User,1
jverkoey,45670,User,1
mineschan,897340,User,1
tianzhou,230323,User,1
