jpsim,474794,User,2339
tgoyne,408944,User,1523
alazier,250144,User,1000
segiddins,1946610,User,668
bdash,54825,User,533
kspangsege,180705,User,364
GreatApe,1634739,User,266
kneth,1225363,User,232
zuschlag,1011643,User,228
austinzheng,3687054,User,213
bmunkholm,1215687,User,204
mrackwitz,1389011,User,167
kishikawakatsumi,40610,User,154
emanuelez,473050,User,139
timanglade,9924,User,124
TimOliver,429119,User,102
jjepsen,3854884,User,79
radu-tutueanu,1519588,User,62
JadenGeller,4544152,User,58
darkares2,1648523,User,56
bigfish24,1036685,User,39
simonask,23115,User,39
stel,429275,User,34
mekjaer,5136231,User,27
astigsen,69422,User,20
fyell,446159,User,19
larkost,7431361,User,16
yoshyosh,775056,User,12
danielpovlsen,77737,User,9
tom-sparo,12956264,User,7
bnickel,662837,User,5
dimazen,829562,User,5
samritchie,309444,User,5
dismory,142608,User,5
Reflejo,232113,User,4
bjchrist,70653,User,3
cbess,10981,User,3
kristiandupont,847742,User,3
icanzilb,633862,User,3
oleks,166050,User,3
vinnyt,25773,User,3
hovoere,4368455,User,3
danielgindi,366926,User,2
moored,849928,User,2
pizthewiz,648369,User,2
Anviking,304423,User,2
marcboquet,14408,User,2
mttrb,2606328,User,2
natanrolnik,1164565,User,2
OliverLetterer,688377,User,2
pixelchef,4326753,User,2
palewar,1754538,User,2
SandyChapman,3920249,User,2
tonyarnold,4802,User,2
fealebenpae,289915,User,2
yuuki1224,1756640,User,2
andr3a88,6755254,User,2
MarkVillacampa,1014118,User,2
131e55,6474348,User,1
adomanico,2415840,User,1
allending,73557,User,1
nevil,36905,User,1
aviwarner,6796301,User,1
neonichu,118992,User,1
beeender,449296,User,1
conradev,170649,User,1
d-date,20222809,User,1
skydivedan,217969,User,1
jlampa,919478,User,1
kittinunf,4669517,User,1
zaki50,406660,User,1
bagvendt,59326,User,1
bugix,548921,User,1
mrh-is,1855036,User,1
mamaral,6086409,User,1
nhachicha,1793238,User,1
exsortis,419457,User,1
pietbrauer,759730,User,1
porsager,1288405,User,1
rogernolan,566487,User,1
appden,70904,User,1
ShingoFukuyama,2087334,User,1
nakiwo,1097554,User,1
zubco,1990038,User,1
esuEichi,11706045,User,1
hectr,3621110,User,1
koyachi,19330,User,1
lesyk,818588,User,1
plokijuhhb,12380310,User,1
priteshrnandgaonkar,3865908,User,1
ryanhornik-as,19696899,User,1
sora0077,1529175,User,1
