blakewatters,8392,User,2004
segiddins,1946610,User,250
jeremyellison,23851,User,73
bmorton,376390,User,53
carllindberg,2417569,User,48
jawwad,202240,User,45
valeriomazzeo,1882080,User,39
Adlai-Holler,2466893,User,30
grgcombs,242848,User,28
danielrhammond,3551,User,23
vkryukov,3650,User,22
vilinskiy-playdayteam,10114467,User,19
diederich,61170,User,18
cfis,18630,User,17
parkerboundy,672129,User,14
rayfix,137963,User,14
0xced,51363,User,13
aharren,175273,User,7
spenrose,481185,User,7
timbodeit,4222754,User,7
AlexDenisov,1175576,User,6
dmishe,99983,User,6
bimusiek,1025588,User,6
dulaccc,328718,User,6
cammm,81903,User,5
Dfowj,245715,User,5
cryptojuice,458883,User,5
Kurry,857247,User,5
pashields,170202,User,5
mcfedr,704356,User,4
maarek,191323,User,4
sixten,7528,User,4
seletz,26406,User,4
biddster,995967,User,4
serkrapiv,1086469,User,4
rivera-ernesto,1261982,User,4
aaroncrespo,431662,User,3
adolfo,659782,User,3
alexleigh,1911891,User,3
jakemask,1007134,User,3
ppierson,961892,User,3
paulmelnikow,1487036,User,3
megakode,6302832,User,3
samkrishna,22190,User,3
geon,228012,User,3
jonnolen,617662,User,3
mobiware,2219657,User,3
andr8w,50106,User,2
obuseme,882937,User,2
batjo,3170237,User,2
skydivedan,217969,User,2
emcmanus,21946,User,2
ecordell,58055,User,2
flambert,908004,User,2
yoiang,89718,User,2
jlampa,919478,User,2
jamesmoschou,2114792,User,2
plu,31597,User,2
leon,13211,User,2
f1337,92846,User,2
nolanw,177228,User,2
panupan,482838,User,2
autresphere,440472,User,2
rachitshukla,99250,User,2
AgentFeeble,1794482,User,2
inquinity,406234,User,2
seanhussey,10438,User,2
wbarksdale,1132519,User,2
zkhalapyan,796815,User,2
kanunnikau,2588408,User,2
rehos,454303,User,2
sfcd,494643,User,2
BenchR267,5857998,User,2
Neonkoala,254267,User,2
pr1001,54830,User,2
stnslw,18576586,User,2
abannert,774245,User,1
rex64,520554,User,1
dev4dev,722407,User,1
alexanderedge,996926,User,1
ins0m,322666,User,1
alimoeeny,180452,User,1
almassapargali,1816725,User,1
andrashatvani,695746,User,1
andrewsardone,14554,User,1
besi,160412,User,1
bjornjonsson,1041131,User,1
sprynmr,32696,User,1
dusek,41975,User,1
bradphelan,17650,User,1
decklord,1248553,User,1
chadpod,587627,User,1
chrisabruce,7316,User,1
endash,20806,User,1
crayment,78082,User,1
FWDaniel,5494393,User,1
DavidYKay,171287,User,1
dtsiknis,574024,User,1
tabuchid,39024,User,1
eschan,105883,User,1
erichedstrom,1738136,User,1
erikcharlebois,134462,User,1
felixyz,175705,User,1
fernandotcl,97615,User,1
francesco-romano,2189180,User,1
RogyMD,1611223,User,1
ivucica,477596,User,1
jsullivanlive,493648,User,1
jamieforrest,94837,User,1
kitsched,189468,User,1
peeblesjs,3009615,User,1
jeanregisser,57791,User,1
jch,19874,User,1
Jian130,812519,User,1
jobi,2103,User,1
MigrantP,345012,User,1
jstallings,82754,User,1
jwang,74253,User,1
juliengrimault,183483,User,1
Vossy,55391,User,1
justynspooner,1853660,User,1
keitaito,3249850,User,1
zhigang1992,1057756,User,1
lassebm,868007,User,1
lferro9000,2652260,User,1
lukekhamilton,90531,User,1
MBulli,1533279,User,1
mjarvis,609274,User,1
marcweil,38424,User,1
mberube09,1527129,User,1
marcopg,218759,User,1
pazustep,121471,User,1
marlonandrade,428364,User,1
matej,91322,User,1
msqr,139448,User,1
fourplusone,25514,User,1
mickeyreiss,47405,User,1
ollieatkinson,1382565,User,1
OpenFibers,648499,User,1
tassock,74180,User,1
ralfvdz,149008,User,1
remysaissy,170704,User,1
Edubits,188220,User,1
rogernolan,566487,User,1
sarahwilke,290241,User,1
SevInf,603056,User,1
sarn,4598242,User,1
shsteven,96500,User,1
sguillope,2593278,User,1
hotwoofy,157758,User,1
timmehmainframe,998918,User,1
jiwq,1187607,User,1
yanik,1215822,User,1
skidr0w,1786271,User,1
darashi,2363,User,1
allenwei,83094,User,1
bmctigue,10784,User,1
chebur,34956,User,1
emilwojtaszek,735188,User,1
swanson,56947,User,1
pkthor,661133,User,1
shosokawa,2988078,User,1
voznesenskym,4755252,User,1
