robbiehanson,304604,User,310
chrisballinger,518687,User,65
dvor,1132979,User,19
jdiehl,1334574,User,12
Noskthing,16127137,User,6
epatey,769548,User,4
JohannesRudolph,130103,User,4
seanm,117260,User,4
jeeftor,6491743,User,4
ChaosCoder,1395240,User,3
erichocean,11814,User,3
rrrus,1807289,User,3
trojanfoe,312617,User,2
esad,11807,User,2
mrvincenzo,5012608,User,2
pizthewiz,648369,User,2
thestoics,136299,User,2
PablomEtermax,3019031,User,2
pcbeard,793781,User,2
Adlai-Holler,2466893,User,1
AntonBelousov,5928776,User,1
antonholmquist,505089,User,1
boyvanamstel,225410,User,1
drekka,153837,User,1
alloy,2320,User,1
RogyMD,1611223,User,1
nhojb,312540,User,1
jschmid,574168,User,1
jogu,316456,User,1
kylef,44164,User,1
mgratzer,213965,User,1
mattsoftware,1893056,User,1
darkfader,507141,User,1
rpendleton,877638,User,1
SametDEDE,2884854,User,1
boraseoksoon,6975179,User,1
svdo,4028554,User,1
booleancandy,2770483,User,1
vojto,50943,User,1
ercollin,3660837,User,1
