romaonthego,481100,User,294
blork,116228,User,20
kirualex,431974,User,17
hanishabsigh,1691386,User,6
allen-zeng,7380931,User,3
dmelon,6410191,User,3
drale2k,271416,User,2
bithug,8742665,User,2
maranas,491427,User,2
alvesjtiago,407470,User,2
spnkr,11250,User,2
cbeninati,1027918,User,1
daltoniam,905059,User,1
Gazzini,1395751,User,1
Kjuly,867323,User,1
leonardfactory,1857445,User,1
mbanasiewicz,1093407,User,1
markst,274318,User,1
mathieug,951183,User,1
343max,33906,User,1
n1rvana,1340910,User,1
rafaelmaroxa,650942,User,1
airdrummingfool,631249,User,1
valanz,254782,User,1
ichina,1898138,User,1
space-pope,5109003,User,1
neoplastic,1312607,User,1
