bpoplauschi,154913,User,442
rs,68232,User,351
mythodeia,1748458,User,44
matej,91322,User,18
akhenakh,218430,User,15
mattjgalloway,753010,User,9
lavoy,314876,User,7
BB9z,513082,User,7
morizotter,536954,User,7
flovilmart,364568,User,6
jimmaye,6573169,User,6
jianlin,324306,User,6
cbowns,474,User,5
Whirlwind,1251192,User,5
gsempe,1011479,User,5
Vyazovoy,2086081,User,4
billburgess,644761,User,4
harishkashyap,4368427,User,4
jparise,10311,User,4
oanapopescu,19659743,User,4
ikesyo,909674,User,4
andybee,113305,User,4
shifu,669776,User,3
cfis,18630,User,3
erikcharlebois,134462,User,3
gabro,691940,User,3
JaviSoto,666807,User,3
jcole,12082,User,3
hsoi,1494611,User,3
Reflejo,232113,User,3
reidmain,535202,User,3
rromanchuk,102188,User,3
seviu,686080,User,3
chuganzy,2619092,User,3
hoseking,282363,User,3
robertmryan,1530768,User,3
Mutix,677629,User,3
initlifeinc,10239225,User,3
skyline75489,4710575,User,3
bm-i,2952181,User,3
adamjernst,97944,User,2
amacneil,637671,User,2
dalexsoto,204671,User,2
corydolphin,446889,User,2
davemess,1734781,User,2
dchohfi,508636,User,2
donholly,291077,User,2
bill350,2437702,User,2
mackoj,661647,User,2
jenshandersson,1150467,User,2
jurezove,893398,User,2
nivektric,697810,User,2
LukeDurrant,497623,User,2
marciomeschini,102451,User,2
mknippen,210156,User,2
n13,65412,User,2
fazerbcn,5500208,User,2
prkoat,513911,User,2
schmidp,10045,User,2
pieterclaerhout,74731,User,2
piotrb,13251,User,2
reiz,652130,User,2
SRandazzo,307819,User,2
timbroder,121503,User,2
burakkilic,123382,User,2
stephane-fueled,1470151,User,2
zaczh,1531758,User,2
rivera-ernesto,1261982,User,2
mishagray,303665,User,2
NachoSoto,685609,User,2
toshi0383,6007952,User,2
102errors,6468534,User,1
ttgb,158366,User,1
minsOne,4429361,User,1
MrAlek,1496135,User,1
Brain89,1902763,User,1
arbarlow,106357,User,1
aburgel,341478,User,1
diejmon,413986,User,1
aschuch,1506193,User,1
kirualex,431974,User,1
exalted,314398,User,1
talklittle,87961,User,1
akmarinov,1358638,User,1
Coeur,839992,User,1
arielelkin,1756909,User,1
acoomans,733352,User,1
atsusy,646254,User,1
besi,160412,User,1
asparagui,518607,User,1
brynbodayle,1455522,User,1
kurige,175420,User,1
Baichenghui,11187020,User,1
0xced,51363,User,1
archfear,286,User,1
danpe,2140323,User,1
docallag,353231,User,1
garnett,829783,User,1
finik,205845,User,1
Xenofex,227744,User,1
eliog,427304,User,1
longlongjump,567508,User,1
john-07,1468233,User,1
fsaragoca,275822,User,1
florianbuerger,119219,User,1
gringoireDM,5121938,User,1
ghazel,31402,User,1
hlian,63533,User,1
henrik,216,User,1
fannheyward,345274,User,1
unintended,641973,User,1
izackp,2636382,User,1
irosenb,1711479,User,1
ivan-konov,5302709,User,1
ecentinela,13818,User,1
jawwad,202240,User,1
jeffleeismyhero,43980,User,1
gotosleep,277813,User,1
justjimmy,246936,User,1
JEKos,11445928,User,1
salling,1453580,User,1
sibljon,442307,User,1
joshuafeldman,753652,User,1
Kapin,995382,User,1
ka2n,427686,User,1
kencoken,1108445,User,1
athasach,1084475,User,1
kyleclegg,915891,User,1
kylefleming,192120,User,1
n-miyo,62746,User,1
mariusschulz,947523,User,1
martinblech,78768,User,1
maxoly,404439,User,1
matias-pequeno,997697,User,1
taichino,125480,User,1
pennig,8640,User,1
whoisjosephmark,12247159,User,1
KoCMoHaBTa,1181346,User,1
esteluk,219826,User,1
nebillo,530658,User,1
nickhingston,866805,User,1
eikemeier,604196,User,1
PeteC,34130,User,1
T-Pham,1930855,User,1
rafaelks,551004,User,1
raylillywhite,504401,User,1
ReadmeCritic,15367484,User,1
rickygu,1279365,User,1
ivanoblomov,113809,User,1
rokgregoric,168918,User,1
rounak,240258,User,1
runmad,708741,User,1
rokemoon,178757,User,1
sammcd,31321,User,1
samritchie,309444,User,1
zats,2688806,User,1
igrampe,930071,User,1
mihaiserban,3420526,User,1
Krivoblotsky,1411778,User,1
Sethathi,1104506,User,1
Shayanzadeh,1910721,User,1
siburbOther,6102432,User,1
dittos,2622,User,1
tiagomartinho,11032592,User,1
tvon,25628,User,1
gztchan,6322366,User,1
tonyarnold,4802,User,1
tissak,86975,User,1
crazytonyli,1101828,User,1
thedrick,796488,User,1
valeriomazzeo,1882080,User,1
vincent-peng,9654118,User,1
vjyanand,455202,User,1
slxl,3089985,User,1
Wenzhi,996652,User,1
xzenon,2015453,User,1
inamiy,138476,User,1
cdunkel,685932,User,1
clowwindy,1073082,User,1
derpoliuk,1434418,User,1
dulgan,3864227,User,1
skrew,738170,User,1
flexih,486415,User,1
foxling,506125,User,1
herrernst,20795,User,1
iOSPandaLee,19199362,User,1
lianchengjiang,8663212,User,1
kawanet,9765,User,1
lagapollo,2000788,User,1
cherry-geqi,13705685,User,1
liushuaikobe,2098020,User,1
masarusanjp,158416,User,1
molon,3739161,User,1
github641,11991492,User,1
muer2000,3727969,User,1
nemissm,11923691,User,1
neogithub,620038,User,1
nonamelive,202431,User,1
songfrank,652119,User,1
siuying,8608,User,1
u16suzu,649236,User,1
unlucio,778799,User,1
yebw,1033003,User,1
yirenjun,273997,User,1
bestswifter,8394612,User,1
jiangmingz,187824,User,1
zssr,15153965,User,1
