dzenbot,590579,User,962
bradya,502480,User,21
TosinAF,2206858,User,15
farhadn,859190,User,12
jackywu07,384656,User,11
ZAndyL,5975787,User,10
fyaqub,634313,User,9
sprynmr,32696,User,8
fluidsonic,85242,User,7
AhmedEid,972257,User,6
sukeban,541179,User,5
ClementPadovani,676023,User,5
ReadmeCritic,15367484,User,4
cyhsutw,1046917,User,4
sibljon,442307,User,3
ikesyo,909674,User,3
aryaxt,3460069,User,2
brsmith080,3127856,User,2
douglashill,2149061,User,2
KrauseFx,869950,User,2
hankbao,756604,User,2
jeffbowen,272795,User,2
jmreyes,1638459,User,2
jedmund,383021,User,2
nfeiglin,3063367,User,2
rounak,240258,User,2
WojciechTrzasko,1029858,User,2
susieyy,62295,User,2
WenchaoD,5186464,User,2
yury,5250,User,2
kirb,773309,User,1
gimenete,50486,User,1
alexsoble,3209501,User,1
algrid,6792526,User,1
AndrewSB,3814772,User,1
fastred,197767,User,1
neonichu,118992,User,1
NinoScript,589421,User,1
newyorkpizza,3837849,User,1
douglasdollars,107362,User,1
emilwojtaszek,735188,User,1
ethanmick,166767,User,1
eanagel,842898,User,1
filipealva,6117280,User,1
nguyenhuy,587874,User,1
nallwhy,4961183,User,1
jvbreen1,5133558,User,1
johannth,38626,User,1
markcleonard,1676894,User,1
lazerwalker,821238,User,1
ndbroadbent,139536,User,1
pwightman,838674,User,1
pra85,829526,User,1
richardtop,8013017,User,1
robtimp,6910829,User,1
liruqi,244492,User,1
stianjensen,1413267,User,1
VincentSit,4084679,User,1
giginet,147051,User,1
ksmarshall,1245308,User,1
mtackes,2160268,User,1
squarezw,239963,User,1
