cloudkite,598870,User,219
robertjpayne,214288,User,40
nickynick,886155,User,14
CraigSiemens,680442,User,8
kovpas,1967999,User,8
rastersize,23453,User,5
danielrhammond,3551,User,5
pingyourid,2723977,User,5
ahti,644764,User,4
kouky,671,User,3
0oneo,1052534,User,2
dlo,38447,User,2
gobetti,12944582,User,2
rea-myles-abbott,25309497,User,2
vascoorey,868454,User,2
game3108,5148070,User,2
griffinmacias,11699932,User,2
iwill,188828,User,2
bjallen,5076,User,1
DinosaurDad,523433,User,1
edoardoc,368717,User,1
Elethom,6648210,User,1
erichoracek,438313,User,1
HoNooD,665595,User,1
ploddi,1276957,User,1
sibljon,442307,User,1
msqr,139448,User,1
montehurd,3143487,User,1
Nirma,882822,User,1
demonnico,1461390,User,1
olegam,121812,User,1
raven,316931,User,1
samsymons,183774,User,1
shermanl,6509,User,1
SkylerLipthay,38674,User,1
tonyarnold,4802,User,1
StatusReport,1927614,User,1
zwaldowski,170812,User,1
zinthemoney,754187,User,1
erndev,761349,User,1
lluisgerard,1152968,User,1
nickcheng,222844,User,1
xserver,806920,User,1
