honkmaster,1380397,User,272
samvermette,265901,User,239
gcamp,129745,User,12
mbigatti,1597562,User,7
golergka,929735,User,6
andrei-senchuk,169769,User,5
jparise,10311,User,4
myell0w,143737,User,4
tmu,125665,User,4
vtourraine,886053,User,4
MichaelLyst,5793157,User,4
davidolesch,1456095,User,3
inamiy,138476,User,3
getaaron,789577,User,2
itavero,203398,User,2
Vortec4800,396122,User,2
bobbypage,486583,User,2
flovilmart,364568,User,2
georgbachmann,893113,User,2
jessesquires,2301114,User,2
justin,1384,User,2
kirbyt,169172,User,2
lumaxis,406937,User,2
michaelnew,522101,User,2
rensakura,2115767,User,2
oddanderson,700575,User,2
julienp,387068,User,2
juliensaad,1596136,User,2
maquannene,8757564,User,2
pronebird,704044,User,2
danielamitay,647626,User,2
adamjernst,97944,User,1
andreyvit,5364,User,1
ashfurrow,498212,User,1
BB9z,513082,User,1
BenMaer,963782,User,1
benoit-pereira-da-silva,963307,User,1
cbess,10981,User,1
calebd,1761121,User,1
SilkyPantsDan,738172,User,1
dkasper,139474,User,1
dennisreimann,886,User,1
ehuynh,884049,User,1
alloy,2320,User,1
pluton8,616910,User,1
0ff,1755213,User,1
phix23,9164132,User,1
lapfelix,4634735,User,1
hannesjung,1379354,User,1
HeroBcat,11534420,User,1
jcoleman,125331,User,1
lifedim,55832,User,1
jschmid,574168,User,1
jwilling,867483,User,1
lmcd,363540,User,1
lgauthier,3979195,User,1
marcferna,1187096,User,1
massimobio,240599,User,1
michalzelinka,5228484,User,1
MortenGregersen,759680,User,1
mortonfox,495892,User,1
peterline,2029809,User,1
theill,6797,User,1
rizumita,790511,User,1
spenrose,481185,User,1
seboslaw,97770,User,1
siburbOther,6102432,User,1
sguillope,2593278,User,1
tomguthrie,116200,User,1
MuteQ,51561,User,1
yas375,217368,User,1
vytis,33914,User,1
YYDD,8803409,User,1
dereklyons,378333,User,1
dodikk,396451,User,1
edwardmp,1686739,User,1
estebansotoara,15656969,User,1
guoxj,680917,User,1
yshrkt,990692,User,1
lastMove,4633817,User,1
zhugexiaobo,2577087,User,1
