mattt,7659,User,311
jhersh,175139,User,104
getaaron,789577,User,30
jasongregori,129067,User,22
segiddins,1946610,User,15
jessedc,17407,User,10
rsattar,423927,User,9
PeteC,34130,User,8
dillan,225112,User,8
tsafrir,240442,User,6
adamjernst,97944,User,6
bnickel,662837,User,5
makdad,345509,User,5
omnivector,37855,User,5
mojodna,45,User,4
TBonnin,233326,User,4
adonoho,179204,User,3
galambalazs,309987,User,3
danimal,2318,User,3
mpurland,113033,User,3
robbiehanson,304604,User,3
hpique,912531,User,3
scalessec,282950,User,2
daveverwer,5180,User,2
dennisreimann,886,User,2
jamztang,852375,User,2
johnezang,80060,User,2
nikolay-tymchenko,3832333,User,2
pitiphong-p,426153,User,2
soffes,52870,User,2
per2plex,1639710,User,2
u16suzu,649236,User,2
aburgel,341478,User,1
Pretz,35043,User,1
wooster,138936,User,1
ay8s,1058408,User,1
andreychernih,131281,User,1
AriX,398952,User,1
benjaminjackson,12834,User,1
Bogidon,3252307,User,1
cbess,10981,User,1
0xced,51363,User,1
cfis,18630,User,1
chrispix,190962,User,1
dcutting,302799,User,1
DimaVartanian,921505,User,1
erikchen,833296,User,1
evanlong,5177,User,1
edc1591,706048,User,1
hankbao,756604,User,1
hezi,188471,User,1
hiltonc,470753,User,1
jacobjennings,1038927,User,1
jacobrelkin,56034,User,1
jrnk,5436814,User,1
jksk,733726,User,1
jessesquires,2301114,User,1
JmeHsieh,537814,User,1
gskbyte,1763948,User,1
jparishy,922026,User,1
kconner,602569,User,1
kevinoneill,4053,User,1
KyleLeneau,103716,User,1
yomybaby,621215,User,1
farfromrefug,655344,User,1
MaxGabriel,1274145,User,1
leftspin,377231,User,1
nunobaldaia,65270,User,1
pashields,170202,User,1
wrtsprt,36982,User,1
ReadmeCritic,15367484,User,1
evil159,1478430,User,1
rounak,240258,User,1
runmad,708741,User,1
scottliu1234,1392032,User,1
spenrose,481185,User,1
ScottPetit,2100009,User,1
sebastian-ht,6661269,User,1
sugarmo,1243254,User,1
dataich,15887,User,1
tkanzakic,884028,User,1
tyrone-sudeium,819705,User,1
VilemKurz,1016974,User,1
appsandwich,496767,User,1
inamiy,138476,User,1
yimingtang,529212,User,1
zdavison,1147898,User,1
ata-n,926711,User,1
Corillian,1821719,User,1
julian-weinert,3418452,User,1
molon,3739161,User,1
qdvictory,530060,User,1
