ViccAlexander,1724674,User,131
bre7,3183848,User,66
VAlexander,13351368,User,55
wimbledon,3291853,User,5
ReadmeCritic,15367484,User,4
dlo,38447,User,3
manuelescrig,1849990,User,2
AbelIngrand,300872,User,1
alist,499382,User,1
xumeng,2187660,User,1
christian-fei,2662706,User,1
ddwang,1028230,User,1
jherran,5808300,User,1
roccoma504,9686652,User,1
mbuchetics,211709,User,1
obiyuta,3177114,User,1
PhilippeRiegert,1270537,User,1
swillsea,13405425,User,1
stephenkopylov,5202281,User,1
tbaranes,1402212,User,1
smokyonion,209203,User,1
aekwan,8295258,User,1
dexter505,10004845,User,1
cascio,3261826,User,1
peacemoon,478757,User,1
