zwaldowski,170812,User,783
a2,241156,User,218
kaiwu,694276,User,11
nschum,81999,User,7
siancu,39668,User,6
blakewatters,8392,User,3
yoiang,89718,User,3
ipmcc,537077,User,3
sgl0v,1142033,User,3
mpurland,113033,User,3
aipeople,3079573,User,3
booleancandy,2770483,User,3
mralexgray,262517,User,2
BrianDoig,438668,User,2
chrisze,1519182,User,2
coryallegory,658220,User,2
dlinsin,70682,User,2
hfossli,3652587,User,2
kaelin,140898,User,2
schmidp,10045,User,2
segiddins,1946610,User,2
cysp,742696,User,2
shaioz,3501350,User,2
zakdances,1066961,User,2
MSch,7475,User,2
AndyChenW,2155462,User,1
dwlnetnl,56475,User,1
sync,21725,User,1
anton-matosov,3339485,User,1
agoodman,144555,User,1
ctsimmonds,2212090,User,1
colinta,27570,User,1
humblehacker,117582,User,1
kommen,258,User,1
Herbert77,5058264,User,1
huguesbr,1517759,User,1
ILI4S,356623,User,1
hsoi,1494611,User,1
jodmapquest,1339724,User,1
Reflejo,232113,User,1
mirkokiefer,315252,User,1
itsaboutcode,204423,User,1
demonnico,1461390,User,1
OliverLetterer,688377,User,1
skywinder,3356474,User,1
kaneshin,936972,User,1
blommegard,86447,User,1
toto,15453,User,1
vially,433598,User,1
xingheng,2891714,User,1
YasKuraishi,1512714,User,1
inamiy,138476,User,1
adams79,1845931,User,1
muratayusuke,614378,User,1
bumaociyuan,4977911,User,1
