DougGregor,989428,User,5004
gribozavr,1120569,User,4444
jckarter,147281,User,3979
gottesmm,499423,User,2857
jrose-apple,15097531,User,2784
slavapestov,66486,User,2555
swift-ci,15467072,User,2409
practicalswift,7826565,User,2332
dabrahams,44065,User,1875
rjmccall,793869,User,1654
rudkx,162784,User,1183
eeckstein,15270291,User,1026
nadavrot,8635342,User,880
adrian-prantl,2251653,User,871
swiftix,15327066,User,862
aschwaighofer,15268288,User,861
akyrtzi,46970,User,810
nkcsgexi,2191945,User,739
moiseev,64011,User,677
tkremenek,3087023,User,631
benlangmuir,3412956,User,587
trentxintong,14864764,User,585
atrick,2165663,User,489
gparker42,992218,User,407
milseman,235334,User,363
rintaro,142081,User,313
CodaFi,1896383,User,310
hughbe,1275900,User,306
AnnaZaks,15273619,User,288
compnerd,63311,User,271
shahmishal,2727770,User,267
lattner,15152540,User,250
modocache,552921,User,233
cwakamo,226862,User,219
cwillmor,4263,User,207
natecook1000,7053374,User,201
huonw,1203825,User,194
devincoughlin,2623655,User,186
shajrawi,17753158,User,172
graydon,14097,User,164
mxswd,136101,User,157
xedin,21240,User,149
bob-wilson,15724724,User,134
airspeedswift,8058277,User,115
erg,27430,User,114
phausler,278470,User,113
harlanhaskins,853032,User,108
stormbrew,54328,User,98
itaiferber,33716,User,95
scallanan,15270369,User,92
nathawes,23247203,User,88
PatrickPijnappel,1519942,User,88
ddunbar,106625,User,84
vedantk,97683,User,84
danra,84245,User,82
ahoppen,4062178,User,66
gregomni,15795449,User,65
sonnyfalk,15374117,User,61
dduan,75067,User,59
parkera,144462,User,53
denisvnukov,2170371,User,50
Gankro,1136864,User,50
frootloops,861670,User,49
cooperp,599599,User,49
kballard,714,User,48
emish,566637,User,47
jtbandes,14237,User,46
lplarson,15789776,User,43
palimondo,1046899,User,42
stephentyrone,641446,User,42
kstaring,16140918,User,39
xwu,13952,User,36
KingOfBrian,114322,User,35
llvm-beanz,15788759,User,34
tfiala,152177,User,32
briancroom,1062518,User,30
luqmana,287063,User,28
austinzheng,3687054,User,26
shawnce,352255,User,26
divadretlaw,6899256,User,25
nielsandriesse,9340958,User,24
glessard,122065,User,23
ultramiraculous,343042,User,23
ezephir,11470559,User,22
JaSpa,2131598,User,22
gmilos,21225052,User,21
tinysun212,12603793,User,21
Nirma,882822,User,21
dcci,5737273,User,21
eschaton,12511,User,20
spevans,1093011,User,20
johnno1962,1786033,User,19
linouk23,5459870,User,19
ZolotukhinM,4588111,User,19
landonf,18884,User,18
mtake,5847701,User,18
norio-nomura,33430,User,18
RLovelett,335572,User,18
springsup,5272325,User,17
alblue,76791,User,17
ArtSabintsev,854860,User,16
BrandonMathis,362269,User,16
cheshire,348959,User,16
zisko,3288353,User,16
tanadeau,3734457,User,15
amraboelela,882954,User,15
ken0nek,5785300,User,15
codestergit,2842712,User,15
ematejska,15254638,User,15
kubamracek,1186214,User,15
lorentey,608696,User,14
IngmarStein,490610,User,13
jpsim,474794,User,12
hpux735,1170900,User,12
brentdax,931226,User,12
alexwlchan,301220,User,11
danielmartin,1573717,User,11
manavgabhawala,8603246,User,11
mwwa,16230086,User,11
matthewcarroll,431253,User,11
JrGoodle,679017,User,11
benrimmington,889638,User,10
regnerjr,573579,User,10
ktopley-apple,25260843,User,10
hartbit,325519,User,9
dayitv89,1829674,User,9
jimingham,15268571,User,9
LeoShimonaka,8181705,User,9
timbodeit,4222754,User,9
vivkong,18469525,User,9
bryanpkc,7143326,User,9
joewillsher,10184096,User,9
calebd,1761121,User,8
dgrove-oss,5099100,User,8
gooichi,1201994,User,8
jder,55957,User,8
d-ronnqvist,1228143,User,8
aciidb0mb3r,4136295,User,8
FlashSheridan,758199,User,7
wxxsw,921863,User,7
ianpartridge,1423497,User,7
louisdh,1129119,User,7
mike-ferris-apple,15824979,User,7
robinkunde,3142400,User,7
ruscur,5637090,User,7
TheOtherDave,5583009,User,7
jopamer,618552,User,7
amartini51,15617351,User,7
erica,32688,User,6
gonzalolarralde,132825,User,6
SquaredTiki,146159,User,6
tonisuter,137841,User,6
uraimo,181436,User,6
wokalski,1693190,User,6
aleksgapp,4080935,User,5
BasThomas,4190298,User,5
Aghassi,3680126,User,5
drewcrawford,183400,User,5
dexonsmith,1334620,User,5
djwbrown,1072419,User,5
garyliu1,8801690,User,5
lhoward,541239,User,5
michael-lehew,16158655,User,5
rogergzou,5473856,User,5
panzarino,7033952,User,5
seabaylea,11974522,User,5
Moonisky,8235830,User,5
anayini,712215,User,5
iachievedit,1563189,User,5
kashyappanda,5233012,User,5
hitstergtd,15012549,User,5
sigito,1129082,User,5
colemancda,3419766,User,4
jandrewstre,12771171,User,4
jutaz,1277553,User,4
kperryua,15824561,User,4
leogiertz,124863,User,4
an0,100976,User,4
mattgallagher,28080,User,4
mattrajca,123372,User,4
es-kumagai,2109837,User,4
inamiy,138476,User,4
Saisi,1121789,User,4
Fruneau,271313,User,4
keith,283886,User,4
fjricci,12245185,User,4
adrfer,15863692,User,3
albinekcom,16276401,User,3
therealbnut,635596,User,3
antonblanchard,2029971,User,3
balajipandian,1060693,User,3
Viewtiful,1979580,User,3
bqueue,5299678,User,3
Fawxy,9826062,User,3
colinhowell,24576330,User,3
100,12990578,User,3
Jnosh,3801202,User,3
jasonmolenda,15320389,User,3
jontelang,899947,User,3
koogawa,893643,User,3
KrishMunot,4161617,User,3
marksands,7896,User,3
mteper,1029340,User,3
xtravar,4649918,User,3
NachoSoto,685609,User,3
neilkimmett,1180883,User,3
gonzoua,72543,User,3
dakeshi,8563047,User,3
froody,241317,User,3
allevato,1062427,User,3
nohirap,19748870,User,3
thel3l,9950250,User,3
Pre1,5886067,User,2
manyoso,10168,User,2
pahmed,5355138,User,2
abl,167740,User,2
ben-ng,543312,User,2
billabt,2633131,User,2
eosrei,195061,User,2
chriseidhof,5382,User,2
ChristopherRogers,15035,User,2
EliaCereda,317661,User,2
gabrielPeart,194588,User,2
gauravds,12083141,User,2
Huntrr,6075553,User,2
Inari-Whitebear,1077971,User,2
grachyov,7680193,User,2
jamala,416422,User,2
udp,454895,User,2
jasonnoahchoi,4994564,User,2
JaviSoto,666807,User,2
jjgod,1017,User,2
johankj,112204,User,2
larryv,281175,User,2
odnoletkov,1752162,User,2
m4rr,868077,User,2
meadori,296965,User,2
nwellnhof,63962,User,2
Goles,181342,User,2
ole,5010,User,2
kovpas,1967999,User,2
peterfriese,232107,User,2
radex,183747,User,2
robtimp,6910829,User,2
smikes,5124609,User,2
TechyPeople,6345801,User,2
kaneshin,936972,User,2
takebayashi,203699,User,2
steveklabnik,27786,User,2
stevenschmatz,5354479,User,2
sgr-ksmt,9350581,User,2
ikesyo,909674,User,2
tracicot,5957167,User,2
palfrey,38532,User,2
wheerd,2556867,User,2
mightydeveloper,4706463,User,2
katsumeshi,1933247,User,2
contraultra,11040069,User,2
damuellen,11914364,User,2
karwa,5254025,User,2
mekjaer,5136231,User,2
mike-u,8935879,User,2
najacque,16892657,User,2
vicky002,5517129,User,2
wpegg-dev,11460318,User,2
yyx290799684,11473783,User,2
delcypher,511795,User,2
erikjv,151956,User,2
ksaldana1,12038627,User,2
aaronraimist,5855073,User,1
xeoneux,3099626,User,1
AbdouShopify,13561884,User,1
auswahlaxiom,1739669,User,1
anemet,17343669,User,1
acpopescu,7191714,User,1
azimin,2693139,User,1
xiaobai,1010788,User,1
AlexDenisov,1175576,User,1
diejmon,413986,User,1
adellibovi,67916,User,1
radarhere,3112309,User,1
abargh,917705,User,1
Coeur,839992,User,1
nschucky,11652045,User,1
fastred,197767,User,1
ArmandGrillet,2117580,User,1
arthurhammer,4521216,User,1
avjinder,1726038,User,1
ayanonagon,504184,User,1
przybylski,1734309,User,1
beneggett,347537,User,1
BenEmdon,11095731,User,1
BenLeggiero,10189808,User,1
terhechte,132234,User,1
BlissChapman,10069571,User,1
Bouke,235882,User,1
kuzi117,676209,User,1
bdunlay,420197,User,1
bryongloden,3155274,User,1
return,7050293,User,1
noremac,2042645,User,1
carlbrown,67206,User,1
ceyhuno,1845482,User,1
chrisamanse,12277586,User,1
chrisbieneman,3342917,User,1
xbuzz,163182,User,1
hffmnn,352753,User,1
DaKnOb,743648,User,1
danielpunkass,14606,User,1
davezarzycki,1071982,User,1
TroutZen,8078841,User,1
dtorres,71180,User,1
Zmiecer,11478931,User,1
Mitame,3845875,User,1
emlai,7543552,User,1
egranata,15268312,User,1
florianreinhart,1730292,User,1
franzejr,868917,User,1
fredriss,15336878,User,1
Jumhyn,1130891,User,1
felix91gr,11747623,User,1
garricn,13260696,User,1
gkaimakas,1790873,User,1
gergelyorosz,1094502,User,1
gregheo,77462,User,1
greglutz,6406330,User,1
GuillaumeBibaut,423833,User,1
hamin,28212,User,1
thelastjedi,1327490,User,1
him229,9799122,User,1
hooman,72931,User,1
hfossli,3652587,User,1
jgavinray,1043438,User,1
jdhealy,782837,User,1
JHoloboski,7839236,User,1
JGiola,6539031,User,1
JadenGeller,4544152,User,1
nspavlo,5214134,User,1
jasonprado,11831,User,1
patters,655666,User,1
toffaletti,145012,User,1
jawwad,202240,User,1
jaybuff,49472,User,1
SlaunchaMan,147458,User,1
jeremybarr,1162948,User,1
joemasilotti,2092156,User,1
joesavage,1154110,User,1
weissi,624238,User,1
johnfairh,26768470,User,1
johnantoni,15571,User,1
johnlui,2127912,User,1
koke,8739,User,1
Joshua-Anderson,3526404,User,1
jyap808,710537,User,1
kaveet,11801260,User,1
keitaito,3249850,User,1
kentya6,2928837,User,1
KentaKudo,7123695,User,1
kconner,602569,User,1
KevinPayravi,7636606,User,1
iKevinY,2434728,User,1
kevinwcyu,19530599,User,1
nvkiet,4050656,User,1
justin999,3691498,User,1
larssmit,77982,User,1
royxue,4725561,User,1
lucianomarisi,2615039,User,1
ahti,644764,User,1
maartenbode,1608377,User,1
orobio,16155254,User,1
krzyzanowskim,758033,User,1
marshallewhite,12397978,User,1
