tatsuhiro-t,404610,User,4764
nmaier,383665,User,239
ITriskTI,1257373,User,65
103yiran,6374087,User,8
antbryan,116284,User,6
iavael,905853,User,5
elieux,1399406,User,4
kwkam,16373649,User,4
c3V6a2Vy,19248783,User,3
kkartaltepe,526419,User,3
tsekityam,3814422,User,3
athmane,143351,User,2
dfandrich,228259,User,2
FloGa,633683,User,2
fornwall,277251,User,2
Artoria2e5,6459309,User,2
wasamasa,3588994,User,2
c3mb0,13203252,User,2
gsavix,1208259,User,2
ardecvz,4391269,User,1
cxjava,802316,User,1
crrodriguez,44466,User,1
hostmaster,197788,User,1
jsnajdr,664258,User,1
Jimmy-Z,85773,User,1
juanfra684,180453,User,1
Kcchouette,3000936,User,1
mgorny,110765,User,1
mlesniew,5731555,User,1
ORiON-,6666207,User,1
ReadmeCritic,15367484,User,1
rasa,220772,User,1
ryoon,364226,User,1
sarim,1235888,User,1
Zeex,1277375,User,1
sonnyp,19673,User,1
tobbez,9334,User,1
tcz,160008,User,1
amtlib-dot-dll,8613971,User,1
diadistis,1132265,User,1
geetam,15955915,User,1
luokar,224425,User,1
mozillazg,485054,User,1
multiSnow,2306079,User,1
oliviercommelarbre,5101491,User,1
invalid-email-address,148100,User,1
