laanwj,126646,User,4776
sipa,548488,User,1409
gavinandresen,331997,User,1101
theuni,417043,User,523
MarcoFalke,6399679,User,522
TheBlueMatt,649246,User,519
jonasschnelli,178464,User,495
luke-jr,1095675,User,327
non-github-bitcoin,26859746,User,271
gmaxwell,858454,User,258
morcos,4360349,User,201
fanquake,863730,User,185
jnewbery,1063656,User,180
sdaftuar,7463573,User,173
jtimon,1008458,User,155
paveljanik,6848764,User,108
petertodd,7042,User,102
ryanofsky,7133040,User,95
practicalswift,7826565,User,80
cozz,2814559,User,70
pstratem,620611,User,70
instagibbs,5767891,User,48
rebroad,1530283,User,35
muggenhor,484066,User,34
achow101,3782274,User,33
btcdrak,7275704,User,32
CodeShark,894059,User,32
domob1812,4943644,User,31
kallewoof,250224,User,29
JeremyRubin,886523,User,28
dooglus,573356,User,26
Michagogo,2559390,User,25
dexX7,5836089,User,20
wtogami,93665,User,19
NicolasDorier,3020646,User,19
kazcw,1047859,User,19
jl2012,8403418,User,19
dgenr8,4284124,User,18
mrbandrews,7504522,User,17
super3,60975,User,16
casey,1945,User,15
kdomanski,993296,User,15
jimmysong,524761,User,14
ENikS,1750155,User,13
mruddy,6440430,User,12
21E14,8286077,User,11
maaku,69154,User,11
nomnombtc,1503969,User,11
dcousens,413395,User,11
codler,102052,User,10
benma,1225267,User,10
wizeman,168610,User,10
JohnDolittle,666706,User,10
roques,523218,User,9
jmcorgan,1492956,User,9
rnicoll,3513077,User,9
mrwhythat,7646953,User,9
droark,5931802,User,9
ajweiss,430315,User,8
jamesob,73197,User,8
jordanlewis,43821,User,8
joshtriplett,162737,User,8
isle2983,20916903,User,8
devrandom,107096,User,8
jgarzik,494411,User,8
s-matthew-english,9053984,User,8
forrestv,59872,User,7
freewil,716621,User,7
sinetek,5908875,User,7
celil-kj,303819,User,7
jlopp,288011,User,7
runeksvendsen,1069247,User,7
sje397,214252,User,7
schildbach,743306,User,6
ashleyholman,549484,User,6
Christewart,3514957,User,6
dertin,1295883,User,6
str4d,4993799,User,6
Matoking,959667,User,6
mgiuca,228433,User,6
OttoAllmendinger,283533,User,6
tjps,7519582,User,6
vegard,24173,User,6
zw,263299,User,6
fsb4000,4289847,User,6
p2k,116037,User,6
randy-waterhouse,637706,User,6
jrmithdobbs,48147,User,6
JoelKatz,877549,User,6
EthanHeilman,274814,User,6
alexanderkjeldaas,339369,User,5
federicobond,138426,User,5
maraoz,287189,User,5
mndrix,43997,User,5
robbak,1581858,User,5
r000n,2118167,User,5
roybadami,5601854,User,5
vinniefalco,1503976,User,5
whitj00,6721742,User,5
accraze,989447,User,5
fcicq,1221786,User,5
gubatron,163977,User,5
ptschip,12862928,User,5
sandakersmann,6118832,User,5
UdjinM6,1935069,User,5
rdponticelli,1192483,User,5
ericshawlinux,8813974,User,5
paraipan,921325,User,4
brandondahler,1155895,User,4
DomT4,6998367,User,4
EricJ2190,171419,User,4
4tar,882771,User,4
jayschwa,475017,User,4
JeremyRand,244188,User,4
mibe,573529,User,4
vsrinivas,2784123,User,4
arowser,541066,User,4
globalcitizen,505366,User,4
grimd34th,934782,User,4
Xekyo,4060799,User,4
pedrobranco,4319748,User,4
mitchellcash,8009243,User,4
unsystemizer,13134193,User,4
CryptAxe,8107318,User,3
corebob,1276717,User,3
davecgh,2115102,User,3
ers35,1037893,User,3
ian-kelling,54232,User,3
jonls,420734,User,3
Krellan,4563817,User,3
ldenman,1603,User,3
laudaa,17365556,User,3
ChoHag,139629,User,3
pinheadmz,2084648,User,3
Mirobit,13236924,User,3
mikehearn,971089,User,3
prusnak,42201,User,3
RHavar,9326759,User,3
SergioDemianLerner,1752347,User,3
shaulkf,4781551,User,3
spencerlievens,9684063,User,3
tholenst,4568264,User,3
afk11,5617245,User,3
Tyler-Hardin,5404976,User,3
lpescher,6462722,User,3
al42and,933873,User,3
cdecker,120117,User,3
dajohi,3308193,User,3
keystrike,2402779,User,3
posita,222581,User,3
PRabahy,429961,User,3
drizzt,211316,User,3
djpnewton,42459,User,3
imharrywu,7483782,User,3
alexwaters,1008330,User,2
AliceWonderMiscreations,9934518,User,2
negedzuregal,3773981,User,2
AmirAbrams,7564876,User,2
bencxr,141983,User,2
kanzure,101238,User,2
CAFxX,408018,User,2
cbeams,301810,User,2
chrisgavin,5584439,User,2
cdhowie,354641,User,2
sudosurootdev,5353155,User,2
colindean,197224,User,2
bytemaster,347290,User,2
harding,61096,User,2
enmaku,852698,User,2
spiechu,673912,User,2
xslidian,127552,User,2
dlitz,99377,User,2
nobled,29161,User,2
Mischi,365690,User,2
Flavien,296540,User,2
gdm85,7117866,User,2
haakonn,80253,User,2
Cocosoft,3824379,User,2
welshjf,7895696,User,2
wjx,1243274,User,2
joaopaulofonseca,16206754,User,2
jonasnick,2582071,User,2
jonathancross,5115470,User,2
promag,3534524,User,2
kevcooper,6468064,User,2
kostaz,451660,User,2
greenaddress,5269298,User,2
LongShao007,7669610,User,2
lucayepa,697159,User,2
mariodian,3636406,User,2
mhanne,168449,User,2
musalbas,5038597,User,2
nathaniel-mahieu,1205677,User,2
nbenoit,7476289,User,2
pavlosantoniou,14562480,User,2
robvanmieghem,3511318,User,2
rustyrussell,775844,User,2
maqifrnswa,424153,User,2
sime,216917,User,2
sgimenez,858993,User,2
thofmann,5055041,User,2
wbnns,1130872,User,2
pirapira,44281,User,2
aideca,5959514,User,2
cardpuncher,1606235,User,2
account-settings,2200,User,2
constantined,1137500,User,2
crowning-,10080039,User,2
imwuzhh,5143604,User,2
kobake,2929454,User,2
phelixbtc,2716236,User,2
shshshsh,7548960,User,2
ayeowch,500869,User,2
knocte,331303,User,2
apoelstra,1351933,User,2
benhc123,4144334,User,2
Derek701,8400096,User,2
xHire,24714,User,2
tamasblummer,4289351,User,2
APerson241,1981364,User,1
AbrahamJewowich,452157,User,1
DeftNerd,3002275,User,1
plaxton,16177938,User,1
aitorpazos,2015196,User,1
AkioNak,24285095,User,1
Alex-van-der-Peet,2569494,User,1
AlexJeng,4458931,User,1
alexreg,67036,User,1
netsafe,8113358,User,1
alfiedotwtf,79411,User,1
ali1234,651970,User,1
AllanDoensen,12585202,User,1
Altoidnerd,5143993,User,1
Altoidnerd1,6504097,User,1
amiryal,105565,User,1
andersoyvind,2064897,User,1
anditto,1005598,User,1
anddam,689872,User,1
s3erios,6206931,User,1
aalness,4391003,User,1
iongchun,663217,User,1
ajtowns,127186,User,1
Arnavion,1096010,User,1
arnuschky,179920,User,1
bardiharborow,1073681,User,1
BitcoinPRReadingGroup,11800478,User,1
blakejakopovic,427450,User,1
carryforward,7833030,User,1
brianmcmichael,2374718,User,1
jcalvinowens,2568217,User,1
calvintam,1711792,User,1
kr105,24950906,User,1
catilac,15107,User,1
carnesen,5756743,User,1
kleetus,12446,User,1
chriswheeler,2039180,User,1
cbarcenas,2343131,User,1
sarchar,4928176,User,1
Ciemon,570513,User,1
pygeek,253664,User,1
CohibAA,8827165,User,1
CryptoDJ,13896934,User,1
infertux,345702,User,1
dagurval,92707,User,1
daira,643204,User,1
witten,17146,User,1
dlo,38447,User,1
da2x,1102886,User,1
dholbert,426803,User,1
DavidGriffith,1289035,User,1
davidsgrogan,1801875,User,1
dserrano5,1629444,User,1
CypherGrue,5720904,User,1
diegoviola,4371,User,1
dimitris-t,8949706,User,1
onlyjob,1061236,User,1
djp3,121683,User,1
Earlz,371222,User,1
elliotolds,5849793,User,1
esbullington,1138625,User,1
lachesis,347481,User,1
erkmos,1150253,User,1
eordano,42750,User,1
heyrhett,2388024,User,1
Unreal89,801033,User,1
Flowdalic,432385,User,1
codeboost,338601,User,1
makevoid,14677,User,1
francis16,9443601,User,1
bitcoinsSG,7437709,User,1
gtsui,4584091,User,1
gwillen,458997,User,1
haltingstate,1774230,User,1
heath,36502,User,1
hectorj,2427959,User,1
HostFat,644416,User,1
iangcarroll,1280719,User,1
irvingruan,335173,User,1
isghe,1006078,User,1
ivanpustogarov,8126617,User,1
ivdsangen,17159940,User,1
jl2035,1638010,User,1
gandaro,811907,User,1
jburkle,863232,User,1
malleor,979643,User,1
jaromil,148059,User,1
jarret,528853,User,1
jasonlewicki,2465418,User,1
ius,529626,User,1
jhenninger,197274,User,1
ethernomad,161566,User,1
haight6716,862007,User,1
lian,6937,User,1
jyap808,710537,User,1
juscamarena,446261,User,1
kewde,13770485,User,1
KibbledJiveElkZoo,27191891,User,1
KrzysiekJ,1598188,User,1
coinables,11477785,User,1
L2G,106988,User,1
larsr,182024,User,1
lukem512,2834976,User,1
GamerSg,5078381,User,1
zauguin,962229,User,1
mm-s,6876580,User,1
marijnfs,898011,User,1
murtyjones,708562,User,1
MathyV,6393603,User,1
pastly,9538998,User,1
matthias-g,1591161,User,1
meeh420,2133212,User,1
TripleSpeeder,754478,User,1
bitstein,4544062,User,1
midnightmagic,607777,User,1
mcassano,2073030,User,1
askmike,969743,User,1
Mikerah,4249799,User,1
msva,268102,User,1
Har01d,14060856,User,1
ibno2,5922310,User,1
TierNolan,884931,User,1
lano1106,4829131,User,1
xkpb,4147775,User,1
patvarilly,1490362,User,1
veqtrus,3521837,User,1
peterjosling,930324,User,1
petterreinholdtsen,731031,User,1
khorben,1081724,User,1
pra85,829526,User,1
tuladhar,5674762,User,1
Rav3nPL,1094027,User,1
rvelhote,59101,User,1
richardkiss,5336,User,1
94m3k1n9,313138,User,1
Nothing4You,3694534,User,1
robmcl4,884115,User,1
rktoomey,293393,User,1
rubensayshi,649160,User,1
ryan52,14541,User,1
ryanxcharles,63740,User,1
saivann,3578089,User,1
ghemawat,8096977,User,1
activescott,213716,User,1
nvmd,524492,User,1
sevastos,620714,User,1
shanew,714836,User,1
shigeya,69672,User,1
simondlr,716965,User,1
madeo,22895128,User,1
Need4Video,2139630,User,1
czzarr,855082,User,1
glondu,677510,User,1
scmorse,4519249,User,1
sigwo,205676,User,1
stevendlander,3169732,User,1
itoffshore,1141947,User,1
Delta1977,1581154,User,1
34ro,2033895,User,1
tkembo,1892654,User,1
Telepatheic,7188141,User,1
teran-mckinney,4624114,User,1
thelazier,10759339,User,1
trapp,559823,User,1
torstehu,871220,User,1
vobornik,408196,User,1
vlajos,3994645,User,1
vleschuk,1045374,User,1
hsoft,505201,User,1
dvitas,5735415,User,1
wilbown,5253850,User,1
wyager,780134,User,1
