bjorn,531764,User,2316
stefanbeller,455868,User,132
Ablu,741061,User,47
stt,245985,User,44
mpjeff,811198,User,31
encukou,302922,User,28
realmml,3588723,User,18
jakepetroules,1312511,User,17
ketanhwr,2878908,User,17
IMMZ,1856709,User,17
Bertram25,765917,User,16
mauvecow,2595330,User,15
semtiko,496349,User,13
teraapi,777851,User,11
parkm,1958968,User,11
mikepthomas,13928052,User,11
monolifed,6624464,User,10
porfirioribeiro,499246,User,9
willluongo,70812,User,8
wayfu,7761390,User,8
dazKind,5015415,User,7
burunduk,912818,User,7
sean-h,5474673,User,7
o11c,964689,User,6
TurkeyMan,1146706,User,6
mfajer,623941,User,6
SoyYuma,1842070,User,5
oskarwiksten,1265647,User,5
peterjohansen,2404085,User,5
nhnb,364184,User,4
thabetx,7282243,User,4
momesana,12494,User,4
Bananattack,95647,User,3
urbalazs,1006118,User,3
spacechase0,665679,User,3
cheukyin699,6824907,User,3
clintbellanger,689593,User,3
Daminvar,154157,User,3
henu,3167494,User,3
f2404,14939413,User,3
laetemn,273767,User,3
michaelwoerister,1825894,User,3
ajuc,70748,User,3
yehnan,524203,User,3
ekeimaja,15731058,User,3
Atomk,6122017,User,3
Acuion,6860938,User,3
spezifanta,314458,User,2
double-a,924681,User,2
atsyro,19635035,User,2
Bdtrotte,22730303,User,2
theall,1924430,User,2
Champi080,5160384,User,2
chenz,7843,User,2
CSchnackenberg,366872,User,2
christophe-conceicao,580890,User,2
luyungeng,10934852,User,2
kphillisjr,1205559,User,2
gauauu,1113009,User,2
pierredavidbelanger,1076726,User,2
atheros,1220453,User,2
Seanba,6980630,User,2
Wodann,6917585,User,2
Juniperbrew,10428065,User,2
oktonion,27406278,User,2
zigal,9049287,User,2
lyubomirv,2239296,User,2
CaptainFrog,14948057,User,2
aggsol,719279,User,2
yahuaru,1953953,User,2
nuriu,9089783,User,2
miru2533,16263530,User,2
arippon,1441083,User,1
AmdHamdani,22464566,User,1
eliluminado,424160,User,1
aportale,31125,User,1
fzzr-,888526,User,1
coiouhkc,723266,User,1
Werdn,97989,User,1
AnsisMalins,2499652,User,1
Alturos,4423914,User,1
WinterGrascph,17526848,User,1
98wubin,1265048,User,1
briancain,810277,User,1
Shorttail,1752065,User,1
suppayami,2419328,User,1
dhost,5611987,User,1
DeXP,4019495,User,1
AMDmi3,474217,User,1
dobesv,327833,User,1
craftworkgames,3201643,User,1
eduardomp,17835749,User,1
sparkart,139997,User,1
emk,36963,User,1
firas-assaad,756608,User,1
flyte,1153496,User,1
Glavak,2844447,User,1
Gornova,24104,User,1
anadale,761097,User,1
guilhermercaetano,12474023,User,1
gurkenlabs,11221016,User,1
Hanmac,225553,User,1
Ohcanep,6013930,User,1
hexateron,2667395,User,1
HermannDppes,11999912,User,1
statico,137158,User,1
zcabjro,9289207,User,1
jaxad0127,756152,User,1
AnonymousMeerkat,1694514,User,1
johelegp,21071787,User,1
baylej,3799637,User,1
JonesBlunt,23088676,User,1
Nushio,124278,User,1
justvnk,7628340,User,1
dorkster,913982,User,1
kiheru,14810699,User,1
DrKylstein,1149245,User,1
digitalhoax,885828,User,1
leonidax,1274112,User,1
ludoza,683772,User,1
MarceColl,1399250,User,1
markrunaway,3029423,User,1
fallahn,5619252,User,1
mbasaglia,2465791,User,1
MichaelAquilina,2650040,User,1
mtwilliams,429050,User,1
mitchcurtis,6002340,User,1
DZMohammed,26118008,User,1
kyokenn,5197044,User,1
zOadT,11465247,User,1
technomancy,141,User,1
Postremus,1223135,User,1
pra85,829526,User,1
rmaes4,941516,User,1
robertoraggi,6436567,User,1
RySchmitt,15153049,User,1
sausagejohnson,11528721,User,1
Sharganov,8983727,User,1
sibiot,19604632,User,1
simiaosimis,2761487,User,1
sebbu2,514794,User,1
toddcarnes,694039,User,1
TomLinthwaite,12601809,User,1
kokeszko,1625471,User,1
vincent-petithory,110640,User,1
Vitek1425,14192549,User,1
KleMiX,329636,User,1
wadetb,942582,User,1
willt,340016,User,1
xenodora,3388501,User,1
yfdyh000,1769875,User,1
grandpaul,602995,User,1
zachreizner,292711,User,1
ZacharyJia,7402471,User,1
arcrowel,25110313,User,1
assofohdz,8222915,User,1
bitJericho,7797277,User,1
bountysource-support,5995486,User,1
buckle2000,10850402,User,1
devnewton,1859457,User,1
endlesstravel,10757838,User,1
endstation,626934,User,1
erem2k,7237119,User,1
i-ka,13613488,User,1
iskolbin,3881669,User,1
leeonix,1124399,User,1
luan-cestari,1569137,User,1
mhussa,343680,User,1
mogemimi,4461792,User,1
nicolaichuk,14149780,User,1
nykm,9414577,User,1
olueiro,18295195,User,1
ranjak,20047515,User,1
theHacker,7399011,User,1
tomerdaniel,1572035,User,1
