shelhamer,311113,User,1100
jeffdonahue,965190,User,801
Yangqing,551151,User,409
longjon,940817,User,352
sguada,1766524,User,176
kloudkl,4530451,User,144
sergeyk,4881,User,117
ronghanghu,6997335,User,90
qipeng,1572802,User,42
lukeyeager,687269,User,42
cypof,921950,User,37
kmatzen,90536,User,27
flx42,3645581,User,24
rbgirshick,1190634,User,23
philkr,489390,User,22
CDLuminate,5723047,User,18
eelstork,8023152,User,18
dgolden1,1332812,User,17
mavenlin,1367713,User,16
jamt9000,1186841,User,13
tnarihi,1597569,User,11
erictzeng,833004,User,11
yosinski,501890,User,10
BlGene,1850503,User,10
mohomran,8481386,User,9
willyd,628693,User,8
jyegerlehner,2138320,User,8
intelfx,1158172,User,7
ksimonyan,2488686,User,7
nitnelave,796633,User,7
mtamburrano,1943264,User,7
netheril96,836839,User,7
ducha-aiki,4803565,User,7
fyu,1063562,User,7
williford,1007340,User,7
kkhoot,12020186,User,6
seanbell,1844189,User,6
timmeinhardt,7427306,User,6
ste-m5s,17293585,User,6
ashafaei,3754799,User,6
achalddave,1168881,User,5
cdoersch,3707304,User,5
pluskid,3542,User,5
gustavla,902935,User,5
tdomhan,363737,User,5
gdh1995,5547703,User,5
cNikolaou,3640109,User,4
darrengarvey,260360,User,4
arntanguy,67139,User,4
kashefy,6430736,User,4
chyojn,719052,User,4
shaibagon,1818351,User,4
akosiorek,5015641,User,3
antran89,2399449,User,3
boechat107,1699905,User,3
bwilbertz,14258976,User,3
crizCraig,181225,User,3
junshi15,12075848,User,3
baeuml,793180,User,3
MartinThoma,1658117,User,3
mnogu,127841,User,3
ozancaglayan,330946,User,3
ClimbsRocks,7017045,User,3
tiangolo,1326112,User,3
alfredtofu,1112801,User,3
ajschumacher,1071322,User,2
AdamStelmaszczyk,733573,User,2
lalelale,8191101,User,2
alicanb,1093846,User,2
Ashwani001,7654403,User,2
bamos,707462,User,2
bchu,2050208,User,2
clemenscorny,1033108,User,2
ftokarev,876658,User,2
gut,40444,User,2
jczaja,15085062,User,2
cassinaj,5395769,User,2
weinman,3750004,User,2
kibum14,12421773,User,2
wk910930,7674820,User,2
kjkjava,2657868,User,2
viirya,68855,User,2
norouzi,1831783,User,2
nitheeshas,6782800,User,2
nsubtil,6208051,User,2
beijbom,1128855,User,2
pgao,850144,User,2
rodrigob,65367,User,2
ryotat,1888788,User,2
beam2d,392019,User,2
TorosFanny,6369146,User,2
yrevar,605038,User,2
niuzhiheng,1098101,User,2
ZhouYzzz,10403302,User,2
5kg,1975420,User,2
bhack,1710528,User,2
crazytan,9136175,User,2
eerwitt,1329385,User,2
tishibas,3607303,User,2
jsupancic,1530132,User,2
forresti,2020010,User,2
intbots,1173652,User,1
abrowne2,17056114,User,1
w1res,2823875,User,1
ajkl,4917183,User,1
akash1810,836140,User,1
akiomik,1457682,User,1
AlOa,6144344,User,1
alexlee-gk,839426,User,1
lionleaf,610925,User,1
ajtulloch,1121581,User,1
anfeng,2708344,User,1
cbalint13,3974360,User,1
dbbert,3367974,User,1
bobpoekert,45596,User,1
brunobowden,679339,User,1
caotto,3228952,User,1
chuckcho,13352012,User,1
danielhamngren,5391285,User,1
dplarson,1169109,User,1
cnDelbert,3842387,User,1
dineshj1,1779928,User,1
DmitryUlyanov,6727524,User,1
drewabbot,9879823,User,1
dpaiton,153468,User,1
erogol,1402048,User,1
EricZeiberg,4945312,User,1
stoneyang,1033186,User,1
Franck-Dernoncourt,15331,User,1
glebm,216339,User,1
hgaiser,716138,User,1
HeGaoYuan,16939557,User,1
Austriker,5080705,User,1
ianfhunter,1540737,User,1
jreniecki,13555312,User,1
jackculpepper,604236,User,1
maaskola,1402879,User,1
hojonathanho,1063767,User,1
jklontz,682795,User,1
kli-nlpr,13194870,User,1
crowsonkb,4657022,User,1
yosssi,1583973,User,1
keir,349468,User,1
kts,94947,User,1
kyu-sz,3377698,User,1
kentashoji,5791555,User,1
kevinbache,1088399,User,1
millskyle,7488568,User,1
buaaliyi,876295,User,1
madan-ram,1264849,User,1
mlapin,4691364,User,1
mlopezantequera,1034087,User,1
marco-c,1616846,User,1
mglaeser,1309986,User,1
intelmm,16556036,User,1
dwt,57199,User,1
mattdawkins,2353972,User,1
matthiasplappert,124243,User,1
lunaticvogon,9129371,User,1
Queuecumber,5865387,User,1
mprat,829379,User,1
mlloreda,226625,User,1
mohamed-ezz,3834933,User,1
ngaloppo,232156,User,1
olesalscheider,1006058,User,1
npanpaliya,14196089,User,1
keskarnitish,5945552,User,1
Noiredd,17203018,User,1
pcampr,289776,User,1
7hil,1279181,User,1
jetpaccomputer,926588,User,1
pra85,829526,User,1
gcinbis,499311,User,1
raffienficiaud,6357107,User,1
rmanor,1374073,User,1
darxriggs,16874,User,1
cooperra,659057,User,1
rohitgirdhar,1893429,User,1
drohit92,10183088,User,1
rokm,5579125,User,1
Russell91,1069617,User,1
SaganBolliger,6234732,User,1
samster25,2550285,User,1
drnikolaev,7504104,User,1
sjbrown,75462,User,1
malreddysid,3447649,User,1
slayton58,4992598,User,1
NV-slayton,13102698,User,1
ssafar,1498988,User,1
sungjunhong,14066204,User,1
wakamori,700527,User,1
ttdt,17455966,User,1
tpwrules,208010,User,1
schenker,889137,User,1
tianzhi0549,5263226,User,1
hlzz,4837640,User,1
tsocha,24435886,User,1
tleyden,296876,User,1
vikkamath,2550887,User,1
Shamanoid,4558252,User,1
DrSleep,7841432,User,1
solrex,1180139,User,1
willcrichton,663326,User,1
xianjiec,2030058,User,1
yanchen036,3898819,User,1
garion9013,5905027,User,1
yuduowu,6426433,User,1
YS-L,2175543,User,1
Zylphrex,10239353,User,1
ariandyy,3588439,User,1
karas84,9134935,User,1
berleon,1197132,User,1
blackball,522354,User,1
chenzeyuczy,5390606,User,1
davidbrai,351026,User,1
ebadawy,4296272,User,1
ernest-tg,4499498,User,1
gineshidalgo99,7797094,User,1
hmybmny,18681240,User,1
huyng,121183,User,1
ih4cku,3128875,User,1
ixartz,5209935,User,1
jasjuang,11759200,User,1
jgyllinsky,17891990,User,1
jjkjkj,8865404,User,1
koki0702,515809,User,1
Lewuathe,1713047,User,1
mfigurnov,11041610,User,1
nihui,171016,User,1
panmari,719020,User,1
rayglover-ibm,19191468,User,1
rickardnorlander,1970660,User,1
rscohn2,1936730,User,1
savy-91,6215122,User,1
semitrivial,7389233,User,1
sh1r0,4344417,User,1
small-yellow-duck,5325503,User,1
spmallick,1720200,User,1
t-abe,334742,User,1
thatguymike,3503919,User,1
to3i,7521235,User,1
xmyqsh,16010828,User,1
yajiedesign,771744,User,1
yzhuan,5111446,User,1
zhuyuanhao,5188130,User,1
zszhong,8293993,User,1
