minggo,488203,User,7575
dumganhar,493372,User,6449
zilongshanren,785541,User,1774
CocosRobot,990131,User,1418
ricardoquesada,232330,User,1396
pandamicro,632460,User,1370
samuele3hu,4231014,User,1116
super626,4159090,User,997
walzer,345379,User,970
dabingnn,4794489,User,907
WenhaiLin,5234286,User,885
stammen,1226490,User,570
boyu0,2996828,User,405
j4m3z0r,3580291,User,364
yangws,488183,User,356
angeltown,2976735,User,281
xiaofeng11,11676879,User,278
dualface,62318,User,278
folecr,366307,User,255
nutty898,3426410,User,233
mogemimi,4461792,User,216
lvlonggame,5875443,User,192
darkdukey,371584,User,175
pipu,3690622,User,171
songchengjiang,8381693,User,154
neokim,3601028,User,152
jiusheng,6102397,User,151
chengstory,2960368,User,149
2youyou2,1862402,User,128
chuanweizhang2013,4724362,User,115
rolandoam,49346,User,112
geron-cn,1511316,User,101
pyrasis,210015,User,100
carlomorgantinizynga,3536156,User,92
tangziwen,3488056,User,90
fusijie,5085300,User,86
VisualSJ,7113508,User,82
vovkasm,95272,User,74
rohankuruvilla,220520,User,74
yinjimmy,5056328,User,71
cocoscodeide,7507037,User,69
lmskater,3006789,User,67
newnon,5040118,User,67
bmanGH,742961,User,57
visiblelight,272028,User,57
perminovVS,126923,User,55
xpol,20248,User,55
litefeel,1288575,User,53
Wu-Hao,1455994,User,53
martell,1595499,User,51
yushenglu,9128843,User,46
shujunqiao,4598316,User,43
donaldalanmorrison,460021,User,42
SunLightJuly,5926685,User,42
azmeuk,60163,User,42
gzito,1243079,User,42
flyingpacer,520635,User,39
ZhangMenghe,12084725,User,38
zhaijialong,2784749,User,38
sbc100,515813,User,37
Mazyod,860511,User,36
fape,1052464,User,36
edbartley,1588880,User,31
halx99,6977319,User,30
zhukaixy,6254853,User,29
Rubonnek,8337880,User,29
jianglong,5634922,User,29
liswei,568226,User,28
iSevenDays,3992716,User,27
moadib,190252,User,27
bofeng-song,3078423,User,26
sunzhuoshi,592211,User,26
reneklacan,1935686,User,26
godyZ,4783779,User,25
johnange,15180586,User,24
hugohuang1111,3771696,User,24
Johncdy,1948685,User,23
cpascal,2794216,User,23
slackmoehrle,7491758,User,23
casarock,568500,User,21
dingpinglv,1468062,User,21
thp,135241,User,19
lihex,1726925,User,19
kompjoefriek,647775,User,19
gin0606,795891,User,18
joewan,1213438,User,18
Teivaz,4460981,User,18
1scaR1,10628482,User,18
flaming0,864263,User,18
hanjukim,1264116,User,17
Macarse,24915,User,17
sergey-shambir,1856842,User,17
aegamesi,552502,User,17
Weeds,2351581,User,16
cezheng,2549967,User,16
xhcnb,1134824,User,16
waiter,3759997,User,16
Pisces000221,5339055,User,15
timothyqiu,372476,User,15
Shulepov,1138750,User,15
BodbDearg,3496135,User,14
seobyeongky,3038677,User,14
squirrelChen,6193770,User,14
linchaoJack,6636277,User,14
himynameschris,1024297,User,14
anniruddh,2434794,User,14
CodeAndWeb,716009,User,13
wefiends,384513,User,13
aberaud,101827,User,12
Yodesoft,2268115,User,12
linshun,1059272,User,12
summerinsects,7703197,User,11
stevetranby,225665,User,11
SuYaoHui,10543899,User,11
zhiqiangxu,1265027,User,11
guanqun,53862,User,10
namezero111111,1008646,User,10
HoGarfield,4995005,User,10
songmiao,8122992,User,10
jbyu,978990,User,10
signmotion,311074,User,10
tiantian20007,406098,User,10
krishnanm86,2853589,User,10
edwardzhou,278801,User,10
TheCodez,4009589,User,10
asmodehn,221256,User,9
AppleJDay,2428939,User,9
lynxluna,76807,User,9
jotel,492425,User,9
mrmop,611445,User,9
ivzave,1228526,User,9
j-jorge,2023446,User,9
jzgenius,200885,User,9
ledyba,391964,User,9
reflog,109876,User,9
hawkwood,672455,User,9
zhouxiaoxiaoxujian,433075,User,9
ByungChoi,389310,User,8
calfjohn,1866875,User,8
ciaranj,55368,User,8
tongpengfei,1949293,User,8
pyrosphere,779064,User,8
styck,1245448,User,8
zii,81924,User,8
DavidDeSimone,7245174,User,8
fnz,1677464,User,8
heckxx,8879524,User,8
Dimon4eg,1271541,User,8
mingulov,1794540,User,7
elnormous,1800338,User,7
jpridavok,1018281,User,7
axmx,691408,User,7
longlene,781616,User,7
takaken1994,6722037,User,7
yuezang,3656147,User,7
yuye-liu,5234285,User,7
zifter,1105370,User,7
loadrunner,1137243,User,7
GavinThornton,1466394,User,7
adesentenac,11037060,User,7
Almax27,1354634,User,7
ahlwong,1441263,User,6
gelldur,175790,User,6
John-He-928,7530627,User,6
lgb,153921,User,6
TimothyZhang,2084580,User,6
v1ctor,1467208,User,6
hobogenized,6773244,User,6
jianglong0156,3940568,User,6
kepler-5,22893887,User,6
kyokomi,1456047,User,6
pktangyue,1276646,User,6
rablwupei,1675089,User,6
wenbin1989,1768762,User,6
fispurring,2705230,User,6
yalab,64558,User,6
hylthink,5733860,User,6
njh0602,10749845,User,6
favorcode,7638117,User,6
felixjingga,3981954,User,6
benjamesward,713081,User,5
joshbodily,6953200,User,5
justinl1996,8205895,User,5
kezhuw,541734,User,5
maciekczwa,823761,User,5
Glidos,529511,User,5
Squallium,709429,User,5
lettas,187391,User,5
liuyq,3324684,User,5
billy1380,1329727,User,5
flamefox,3197993,User,5
giginet,147051,User,5
hbbalfred,174926,User,5
iris-wy,10766529,User,5
silverscania,3884307,User,5
MrCapone,5929042,User,5
sjchao,2775049,User,5
pangliang,3114995,User,5
trentmillar,1146672,User,5
augustorsouza,50806,User,4
Furkanzmc,932717,User,4
giuslape,1577102,User,4
IgorMats,743110,User,4
luisparravicini,45163,User,4
konopka,4012902,User,4
milos1290,4955668,User,4
zawasp,2464830,User,4
ntotani,1019291,User,4
ShaneSmit,1205417,User,4
smshuja,218342,User,4
dzl-ian,5180404,User,4
kcisoul,217502,User,4
jinyuliao,2009308,User,4
qiaofeng00oo,1835200,User,4
steerlink,16247924,User,4
shinriyo,396927,User,4
flashjay,560298,User,4
young40,1680953,User,4
chenguangqi,6231010,User,4
hongliang-goudou,4746298,User,4
brawsome,4195675,User,3
billyquith,1754471,User,3
biteforest,2509931,User,3
lzbgt,1900958,User,3
G17hao,6175831,User,3
ztoky,2247065,User,3
ryule,5688429,User,3
kicktheken,74350,User,3
mlepage,590016,User,3
MarcelYipYip,29061848,User,3
musikov,4687396,User,3
nilium,44962,User,3
olehermanse,4048546,User,3
pjc0247,1961216,User,3
rogerzanoni,589787,User,3
Ryeeeeee,6430136,User,3
sergeant-wizard,6078052,User,3
sburavtsov,178822,User,3
9re,103131,User,3
Wartortle,1412040,User,3
akof1314,2639552,User,3
yongkangchen,704762,User,3
clawoo,380846,User,3
heliclei,3006761,User,3
jdmunro,17656,User,3
maldewar,1951751,User,3
maltium,4674453,User,3
metalbass,1709509,User,3
ncrothe,2399850,User,3
samael65535,1217255,User,3
ucchen,1935986,User,3
wangqm0513,9650430,User,3
xbruce,5267608,User,3
xiangxw,1129415,User,3
yahont,5064998,User,3
zcgit,4095225,User,3
SmartCat,731945,User,3
ImperialPenguin,1819259,User,3
maksqwe,2767700,User,3
m-yukio,9098173,User,3
liamcindy,2688189,User,3
drakon-ag,19324622,User,3
9b9387,11720964,User,2
AIGRIND-LLC,6168693,User,2
AlwynC,6308999,User,2
paglian,2365267,User,2
superrad,706641,User,2
Riyaaaaa,8329804,User,2
bassarisse,1727513,User,2
CaiCQ,8190338,User,2
madrazo,5659074,User,2
CaryZheng,1549860,User,2
daiki1003,2792420,User,2
dmurtagh,533543,User,2
bagobor,708235,User,2
felippeduran,6100219,User,2
gkosciolek,1758855,User,2
GuoLunHao,4979799,User,2
volzhs,8281454,User,2
coolengineer,155516,User,2
qua-iy,24807859,User,2
GammaEspeon,13724662,User,2
youknowone,69878,User,2
jimrange,5366675,User,2
ntrrgc,1002436,User,2
suzukaze,1078126,User,2
ktaobo,3011725,User,2
mwpark,48461,User,2
MAUSMAUSgames,10153542,User,2
MagicXrEv,1924513,User,2
KAlO2,4133213,User,2
Clarinexus,1613010,User,2
bbashong,5088892,User,2
Naruto,129496,User,2
ngocdaothanh,10095,User,2
nicolasgramlich,287060,User,2
ol-loginov,1007300,User,2
ptekchand,1540713,User,2
QingliWang,10875127,User,2
reckhou,1331053,User,2
rodrigogolive,1218078,User,2
rtissera,3001093,User,2
SBKarr,2579526,User,2
colesbury,655866,User,2
seivan,55424,User,2
SevInf,603056,User,2
seemk,5329631,User,2
SuperWangKai,15721569,User,2
tankorsmash,1312390,User,2
thomaslee,93216,User,2
twhittock,6341639,User,2
Dauch,5201160,User,2
mtak-,6643140,User,2
uqtimes,1654334,User,2
xxuejie,340446,User,2
Y-way,4865384,User,2
akermen,6176664,User,2
akira-cn,316498,User,2
CocosRobot03,11268327,User,2
blackcruiser,8677148,User,2
cocos2d-html5,6997279,User,2
colajam93,12470065,User,2
csy1988525,3773737,User,2
effolkronium,15274763,User,2
ffskyfan,1182599,User,2
leszek-s,1277962,User,2
webcrawler,3351472,User,2
hailongiPhone,613760,User,2
harikrishnar,1746659,User,2
icewind,575985,User,2
imbahom,1295385,User,2
jimmystar,3916257,User,2
jsambuo,2383602,User,2
konopka-foundation,6759681,User,2
ledenis,2855723,User,2
linguofeng,460328,User,2
micahli,1249163,User,2
aninggo,112144,User,2
niu2x,11694591,User,2
raksa,4116021,User,2
rh101,8603230,User,2
sunxiaoyu,2843046,User,2
tmr111116,1198735,User,2
vipsbpig,1953549,User,2
winbinar,815479,User,2
xingsenma,2291190,User,2
yestein,551397,User,2
ywxzm,6947190,User,2
XiaochenFTX,3814319,User,2
pwang08,5799825,User,1
myxrome,2233447,User,1
apoluektov,690100,User,1
AlexanderShniperson,909874,User,1
pineoc,5077086,User,1
Xyzyx101,745758,User,1
gallipoly,1812015,User,1
berosoboy,7874200,User,1
desoulter,270607,User,1
ArisLittle,12229691,User,1
AsadR,118335,User,1
FlagellumDei,4379368,User,1
austinkelleher,3771924,User,1
avail,2692729,User,1
Bahamut,1272031,User,1
natural-law,488169,User,1
moljac024,680278,User,1
btspoony,707025,User,1
doomsdayer,3272795,User,1
