Cry-Jan,19429649,User,164
Cry-Michael,18550918,User,108
Cry-59,21075375,User,91
Cry-Thomas,19410856,User,86
Cry-Daisuke,19465545,User,61
Cry-Nico,19429727,User,60
Cry-Vlad,19433217,User,58
Cry-Patsy,18445076,User,56
Cry-Mario,19476099,User,56
Cry-Dom,19485489,User,53
Cry-Filami,19475621,User,42
britalmeida,2300915,User,38
Cry-Vladimiru,24898944,User,36
Cry-Gabo,19411200,User,34
Cry-Matthijs,19429673,User,34
Cry-Fi,19488833,User,32
Cry-Achim,17482861,User,31
Cry-Samuel,19410266,User,29
Cry-David,18616806,User,28
Cry-Pawel,19429786,User,23
Cry-Sghirate,19550296,User,10
zwadar,7687967,User,8
Cry-Alex,10655434,User,3
Cry-RostislavD,23403262,User,1
