tqchen,2577440,User,1409
pommedeterresautee,1029874,User,300
hetong007,1289856,User,252
terrytangyuan,4269898,User,157
CodingCat,678008,User,125
khotilov,1613551,User,95
giuliohome,3272563,User,44
kalenhaha,1631662,User,42
Far0n,6949295,User,30
AbdealiJK,2200743,User,27
JohanManders,14052555,User,26
jseabold,296164,User,23
yanqingmen,3938761,User,22
RAMitchell,7307640,User,22
antinucleon,1258974,User,22
phunterlau,1690881,User,21
ajkl,4917183,User,20
sinhrks,1696302,User,20
cblsjtu,2002498,User,18
superbobry,185856,User,17
ClimbsRocks,7017045,User,9
yepyao,1964155,User,9
thirdwing,1547093,User,9
hcho3,2532981,User,8
AlexisMignon,10117348,User,6
nerdcha,7462210,User,6
yzliao,1594291,User,6
pseudotensor,2249614,User,5
ebernhardson,558434,User,5
tcfuji,4951527,User,5
zhengruifeng,7322292,User,5
lihang00,2603217,User,4
yangs16,2660297,User,4
xydrolase,97521,User,4
zygmuntz,1714767,User,4
chanis,1809462,User,4
derek-damron,11069109,User,3
zjf,1586818,User,3
kilojoules,8032238,User,3
Liam0205,3348485,User,3
Luckick,12540789,User,3
beckermr,5296416,User,3
rcarneva,1483534,User,3
yang-zhang,3100902,User,3
antonymayi,6304370,User,3
damiencarol,1694940,User,3
hxd1011,13385855,User,3
white1033,1270559,User,3
wxchan,13624043,User,3
yoori,15192893,User,3
DexGroves,10374782,User,3
marugari,18147546,User,3
albertotb,6514690,User,2
bbieniek,10694177,User,2
lenguyenthedat,1543321,User,2
denkorzh,11257893,User,2
suntzu86,2710323,User,2
gatapia,135965,User,2
irachex,596262,User,2
jdwittenauer,1591142,User,2
JohnStott,5311729,User,2
frankyjuang,6175880,User,2
bzEq,3006405,User,2
mhaseebtariq,7199752,User,2
fromradio,6701845,User,2
saiwing-yeung,12464429,User,2
shaform,367172,User,2
sdenel,4939933,User,2
vatsan,785529,User,2
shimo-t,15816957,User,2
teju85,532947,User,2
tlorieul,10549412,User,2
tonydifranco,16139188,User,2
wgstanton,5712192,User,2
yenchenlin,7057863,User,2
yixuan,216398,User,2
by321,6627392,User,2
catena,7339648,User,2
chrissly31415,5352129,User,2
fyears,1142836,User,2
gaw89,20972961,User,2
geoHeil,1694964,User,2
ivallesp,7207415,User,2
webary,8557750,User,2
convexquad,7005765,User,2
borundev,8229727,User,2
EricChenDM,10486037,User,2
Laurae2,9083669,User,2
maximsch2,464680,User,2
WojciechMigda,3889167,User,2
anpark,12320255,User,2
69guitar1015,6898958,User,1
ANtlord,2972483,User,1
aayush26,11179568,User,1
Craigacp,729696,User,1
alexchao56,5111035,User,1
mortido,6057462,User,1
alexeygrigorev,875246,User,1
alfredocambera,62582,User,1
alirezabagheri,2940330,User,1
alistairewj,1282676,User,1
asmith26,6988036,User,1
diver-in-sky,719807,User,1
angadgill,3976441,User,1
KhaoticMind,6423413,User,1
akrylysov,673880,User,1
rouseguy,6038894,User,1
bpachev,13180680,User,1
bfgray3,20310144,User,1
anabranch,1642503,User,1
CNevd,8547394,User,1
cauldnz,1679320,User,1
ChrisBarker-NOAA,916576,User,1
DrAndrey,5073299,User,1
RasterBurn,184899,User,1
drsaltiel,4945621,User,1
dmlicht,826766,User,1
evilmucedin,1246474,User,1
dmoliveira,4332052,User,1
Pastafarianist,1315874,User,1
mengdong,5703411,User,1
kashif,8100,User,1
EGQM,18476511,User,1
Earthson,1193039,User,1
edi-bice,1819450,User,1
nizhib,340109,User,1
titicaca,1780746,User,1
fsimond,2458115,User,1
ghego,837725,User,1
FrankRouter,2098588,User,1
lijingpeng,5182518,User,1
kimeaa,12005605,User,1
ganesh-krishnan,7553194,User,1
geneorama,1392068,User,1
ghosthugger,2766329,User,1
HolgerPeters,4097049,User,1
Huffers,26002523,User,1
Cynus,6605399,User,1
icyblade,3407450,User,1
aldanor,2418513,User,1
jprosevear,699616,User,1
jzakrzew,7714403,User,1
jangorecki,3627377,User,1
JeffMacaluso,13501239,User,1
jenshaase,176220,User,1
jeremyatia,6185394,User,1
JiadingGai,4014457,User,1
JivanRoquet,6452675,User,1
randomjohnnyh,1907862,User,1
jorahn,13120204,User,1
jonrobinson2,3081884,User,1
jpata,69717,User,1
Keiku,199433,User,1
kirillseva,4439480,User,1
smly,19337,User,1
Kontinuation,5501374,User,1
willettk,2285931,User,1
mkeijzer,11473772,User,1
dachziegel,6340397,User,1
mhue,1397546,User,1
madrury,4054329,User,1
mcuelenaere,1682432,User,1
mmalohlava,597582,User,1
mortehu,140891,User,1
moutai,502306,User,1
mnogu,127841,User,1
njwilson23,1144119,User,1
khozzy,1492554,User,1
ohld,5613295,User,1
osofr,6721358,User,1
webgeist,1284012,User,1
PPACI,4659406,User,1
daoliker,16251114,User,1
tanwanirahul,3842010,User,1
rwongone,5488875,User,1
rcurtin,1845039,User,1
r9y9,1220272,User,1
sammthomson,202744,User,1
SeanBE,1673966,User,1
lancifollia,4792641,User,1
shaynekang,528040,User,1
thcd,121994,User,1
SiNZeRo,1358421,User,1
szilard,844827,User,1
gitter-badger,8518239,User,1
thvasilo,9048995,User,1
ThunderShiviah,7097428,User,1
travisbrady,38363,User,1
ujjwalkarn,5948390,User,1
VGuette,13921836,User,1
vladsandulescu,2000878,User,1
sh1ng,2821871,User,1
XianXing,2010084,User,1
sunxiaoguang,3982329,User,1
liyaguang,5539617,User,1
yoavz,2341691,User,1
Zex,1804919,User,1
liuzhiquan,1803171,User,1
mazhongxiao,6741040,User,1
ComputationalAdvertising,8862455,User,1
vanechu,1052759,User,1
adamist521,2974951,User,1
avpronkin,23415437,User,1
baderbuddy,12464497,User,1
ccphillippi,6622356,User,1
cloverrose,1592208,User,1
davidt0x,1494164,User,1
hlsc,6534004,User,1
jayzed82,4058506,User,1
joandre,1071574,User,1
jokari69,15023928,User,1
kiselev1189,7380239,User,1
moqiguzhu,5352577,User,1
mli,421857,User,1
nagadomi,287255,User,1
titsuki,6792051,User,1
orenov,8034808,User,1
phoenixbai,1182565,User,1
regzhuce,3281720,User,1
saihttam,526960,User,1
saiias,991267,User,1
samuel-liyi,953100,User,1
wl2776,4774284,User,1
xgdgsc,1189869,User,1
yexu15,6864602,User,1
Mosikico,17942831,User,1
ziguang1216,4180453,User,1
zyxue,527862,User,1
letfly,6472609,User,1
