tqchen,2577440,User,809
mli,421857,User,540
antinucleon,1258974,User,535
piiswrong,568948,User,495
pluskid,3542,User,344
javelinjs,631860,User,208
thirdwing,1547093,User,128
sneakerkg,6443492,User,110
terrytangyuan,4269898,User,109
yajiedesign,771744,User,100
sxjscience,5178350,User,94
winstywang,4225664,User,93
hotpxl,2174815,User,91
hjk41,1132769,User,86
kevinthesun,15520525,User,78
Ldpe2G,2424744,User,52
mavenlin,1367713,User,51
jermainewang,4057701,User,50
sandeep-krishnamurthy,3403674,User,49
tornadomeet,5860892,User,49
hetong007,1289856,User,47
yanqingmen,3938761,User,45
qiaohaijun,1198833,User,40
szha,2626883,User,32
vchuravy,145258,User,32
yzhang87,4911770,User,31
howard0su,766788,User,31
Roshrini,8004078,User,30
nswamy,1208642,User,28
sbodenstein,10237782,User,27
ZihengJiang,17693755,User,25
indhub,7954672,User,24
madjam,8388825,User,21
ptrendx,8398980,User,21
lxn2,1652951,User,18
udibr,608789,User,16
zackchase,2390222,User,16
leopd,193183,User,16
andremoeller,5501191,User,16
reminisce,4978794,User,15
eric-haibin-lin,5545640,User,14
Godricly,17567935,User,14
liyuance,987877,User,14
taoari,3815006,User,14
ziyeqinghan,9292874,User,14
ap-hynninen,4775826,User,13
sergeykolychev,25470168,User,12
leezu,946903,User,12
precedenceguo,13162287,User,12
Soonhwan-Kwon,7395166,User,12
wangg12,9958446,User,12
miguelgfierro,3491412,User,11
glingyan,22489989,User,11
jiajiechen,9403337,User,10
Kublai-Jing,5415928,User,10
lx75249,2595911,User,10
zhangchen-qinyinghua,5279087,User,10
zhenlinluo,21969145,User,10
zhreshold,3307514,User,10
pracheer,429106,User,10
phunterlau,1690881,User,10
CodingCat,678008,User,10
cjolivier01,11234557,User,9
qcl6355,4099027,User,9
lyttonhao,5648235,User,9
apaleyes,2852301,User,8
arank,3494997,User,8
xlvector,100203,User,8
XericZephyr,3773185,User,8
dongguosheng,3096119,User,8
pommedeterresautee,1029874,User,8
anirudh2290,1522319,User,7
WellyZhang,11370666,User,7
Answeror,323289,User,7
linmx0130,975318,User,7
Gelu74,11178522,User,6
HrWangChengdu,12106925,User,6
jspisak,11398925,User,6
asmushetzel,25875939,User,6
yang1fan2,4648013,User,6
vsooda,5305112,User,6
SkidanovAlex,307478,User,6
DickJC123,1703397,User,5
harryprince,5362577,User,5
larroy,928489,User,5
b0noI,554101,User,5
lazyparser,1802104,User,5
aileli,21092755,User,5
hiraditya,1894981,User,5
dsqx71,6965929,User,5
jcbsv,10650853,User,5
luoyetx,2768843,User,5
alextnewman,9156833,User,4
arikpoz,9167746,User,4
burness,3112825,User,4
ckomaki,5200554,User,4
JeanKossaifi,832583,User,4
kemaswill,1715587,User,4
Harmonicahappy,15204745,User,4
tdomhan,363737,User,4
Trangle,3235116,User,4
abuccts,13360214,User,4
gengyifeng,212044,User,4
tmatas,18361923,User,4
wac81,5139426,User,4
happynear,3897999,User,4
loofahcus,15729967,User,4
BobLiu20,6102702,User,3
chetkhatri,6836627,User,3
DamonDeng,1426512,User,3
dansbecker,1390442,User,3
fhieber,2027990,User,3
II-Matto,2261229,User,3
jamesliu,41763,User,3
jingpengw,7651573,User,3
krosaen,219341,User,3
mkolod,476135,User,3
Orange15,3261326,User,3
Piyush3dB,8223608,User,3
Puriney,1233372,User,3
qiyuangong,3848789,User,3
rfarouni,9895004,User,3
seanpmorgan,18154355,User,3
Zehaos,11896048,User,3
zihaolucky,4514568,User,3
alex-weaver,11133789,User,3
bwilbertz,14258976,User,3
fukatani,8858287,User,3
gurumurthys,4819529,User,3
jeremiedb,18605903,User,3
junranhe,12316898,User,3
lukemetz,1248454,User,3
sifmelcara,10496191,User,3
nicklhy,1146226,User,3
yuruofeifei,3958379,User,3
zhubuntu,15666683,User,3
Kaixhin,991891,User,3
matteosal,23213959,User,3
nowozin,7673114,User,3
shivarajugowda,6300651,User,3
Azure-Vani,1487565,User,3
kadeng,480959,User,3
skylook,3205308,User,3
xylcbd,3643991,User,2
benqua,1128612,User,2
bryandeng,1997800,User,2
chasonlee,6127599,User,2
ironyoung,6063807,User,2
Bartzi,2399349,User,2
chunyang-wen,2911134,User,2
dleen,1297964,User,2
geoalgo,9819343,User,2
fionnan,2743156,User,2
hesseltuinhof,10271772,User,2
jmerkow,5933681,User,2
jli05,3519667,User,2
Jerryzcn,4907789,User,2
weijianwen,908249,User,2
melody-rain,2832736,User,2
jonasrauber,5837385,User,2
fullfanta,9082445,User,2
yzgysjr,7908056,User,2
KellenSunderland,7443219,User,2
kj-ki,1088418,User,2
kkk669,601636,User,2
liangfu,857821,User,2
Seanlinx,15712963,User,2
EricFisher,7777963,User,2
pqn,1908017,User,2
rahul003,3457240,User,2
shahrajat,6773392,User,2
rinuboney,1678100,User,2
sodabeta7,8614133,User,2
ysh329,7320657,User,2
koallen,5306869,User,2
SlipknotTN,10343467,User,2
terrychenism,3353054,User,2
xiandong79,22584737,User,2
yanboliang,1962026,User,2
shiyemin,1501158,User,2
ykim362,22177353,User,2
Orpine,3659697,User,2
ppwwyyxx,1381301,User,2
huazehuang,2601115,User,2
zygmuntz,1714767,User,2
alues,23065608,User,2
andreaolgiati,20712608,User,2
bhavinthaker,6851302,User,2
danielgordon10,7245472,User,2
dkleikesa,5836667,User,2
formath,6040127,User,2
voidrank,6581457,User,2
rishita,94233,User,2
rldotai,12261158,User,2
vafl,2887341,User,2
wshenx,8154563,User,2
wzl12356,16952500,User,2
xgastaldi,7231893,User,2
yuweiw823,8573604,User,2
Atry,601530,User,2
asmith26,6988036,User,2
feiga,5779132,User,2
jostep,3471634,User,2
jiayue666,26607051,User,2
matthill,508260,User,2
nitnelave,796633,User,2
XD-DENG,11539188,User,2
shallyan,9313045,User,2
liubenyuan,171338,User,2
zhaw,5662365,User,2
Abusnina,10067513,User,1
jrosebr1,759645,User,1
ameshkoff,13076498,User,1
windywinter,6926985,User,1
statist-bhfz,7324186,User,1
ArtanisCV,3304030,User,1
astonzhang,22279212,User,1
bigtan,5222251,User,1
CNevd,8547394,User,1
aksnzhy,22660103,User,1
chaoyuaw,1841547,User,1
cauldnz,1679320,User,1
Cloudyrie,10682230,User,1
loveisp,4267420,User,1
darabos,1268018,User,1
doctaweeks,463538,User,1
danithaca,398974,User,1
taineleau,6460942,User,1
fdavidcl,909629,User,1
5urprise,8269769,User,1
dashaub,7352649,User,1
dmmiller612,5598538,User,1
Devinsuit,11741306,User,1
liueryun,3362779,User,1
EvanzzzZ,10201332,User,1
FCInter,20165927,User,1
freddycct,1184555,User,1
jemaw,14369561,User,1
shenh10,5349065,User,1
suhangpro,1848396,User,1
Oh233,10141467,User,1
hyandell,477715,User,1
Hexiang-Hu,3772245,User,1
mitake,1173955,User,1
bikestra,2243911,User,1
nerdcha,7462210,User,1
jbcdnr,6209990,User,1
JeffDong,7018875,User,1
ae86208,7278690,User,1
thinxer,66073,User,1
zjf,1586818,User,1
neodooth,1276769,User,1
kottmann,1217786,User,1
jonsafari,802922,User,1
jonasrla,4976959,User,1
milthorpe,4646052,User,1
Keiku,199433,User,1
knjcode,6754944,User,1
korneil,1575684,User,1
Lchiffon,7221728,User,1
leoncamel,218590,User,1
hyqLeonardo,8177063,User,1
donglixp,1070872,User,1
ctliu3,1178241,User,1
Nzeuwik,10558964,User,1
Lyken17,7783214,User,1
maddyonline,6402895,User,1
MarcBarakat,10697968,User,1
sveitser,1040871,User,1
mzhang001,3209990,User,1
mhall119,589188,User,1
mqtlam,716582,User,1
mjamroz,505646,User,1
minazou,1085966,User,1
offerm,9712754,User,1
Hebali,532817,User,1
pengli09,4365070,User,1
facundoq,1576711,User,1
peterzcc,7450599,User,1
philipskokoh,3418824,User,1
lipiji,1300085,User,1
pra85,829526,User,1
pineking,72760,User,1
rravu3,309703,User,1
ranjanan,9101377,User,1
darxriggs,16874,User,1
robdefeo,1633235,User,1
recastrodiaz,1159610,User,1
isnowfy,596274,User,1
rupeshs,3255994,User,1
ry,80,User,1
twitwi,244649,User,1
SCP-173-cool,22118890,User,1
kindruth,260299,User,1
samster25,2550285,User,1
thatindiandude,1992704,User,1
saurabh3949,7759116,User,1
bittnt,713075,User,1
flyers,2477560,User,1
stefanhenneking,10504013,User,1
TJCVRS,15725187,User,1
taiyun,507671,User,1
taliesinb,365157,User,1
sighingnow,7144772,User,1
taras-sereda,7364100,User,1
gitter-badger,8518239,User,1
timgasper,569784,User,1
ctongfei,5746409,User,1
jtjohnston,8751396,User,1
Vandermode,12930996,User,1
walterreade,4512793,User,1
WarBean,5501392,User,1
catalystfrank,5650433,User,1
turinglife,1111545,User,1
road2stat,199363,User,1
xioryu,25172850,User,1
xuezhisd,6029417,User,1
FinalTheory,2818951,User,1
yash1,5431907,User,1
zhouye,4123347,User,1
bearsroom,6884714,User,1
yukoba,194666,User,1
shuokay,5029591,User,1
higumachan,1011298,User,1
zdwolfe,719730,User,1
starimpact,2155428,User,1
zeakey,6763078,User,1
zhenwendai,6029658,User,1
likelyzhao,8384325,User,1
pcpLiu,3357328,User,1
ZiyueHuang,24650346,User,1
g329,5987891,User,1
achao2013,5026576,User,1
MonkeyTang,7546330,User,1
austingg,3223849,User,1
blackball,522354,User,1
bravomikekilo,17548436,User,1
clcarwin,808973,User,1
chrisdubois,1958804,User,1
chuan92,1506671,User,1
cjfan,18062532,User,1
eldercrow,9844839,User,1
fengshikun,2499990,User,1
freesouls,9496288,User,1
harouwu,5057263,User,1
heyf,2463547,User,1
ikvision,11877852,User,1
jennyzhang0215,7044477,User,1
jhwei,10268318,User,1
jychoi84,6279831,User,1
kice,3945950,User,1
kikoqiu,5524046,User,1
leotam,8304636,User,1
li-haoran,3754431,User,1
kernel8liang,4519261,User,1
lightingghost,13108255,User,1
zlmzju,10279606,User,1
LinJiayn,16362692,User,1
lordofgod,8837737,User,1
max0x,16900620,User,1
coder-james,11244215,User,1
mhzdlm,19572707,User,1
minhtannguyen,5620642,User,1
moskewcz,6487731,User,1
mzmssg,11887940,User,1
nebw,378878,User,1
nirbenz,4930255,User,1
oura-fj,22903854,User,1
renewjoy,4654046,User,1
superzrx,9104795,User,1
sennendoko,16120602,User,1
shiyang23,28463369,User,1
shiyangdaisy23,26417238,User,1
solin319,13029886,User,1
songtianyi,2002573,User,1
srand99,16236346,User,1
wangxianliang,10250053,User,1
svohara,4420784,User,1
tengpeng,2724786,User,1
u1234x1234,5442732,User,1
wenxuanxie,28981598,User,1
wlike,6084282,User,1
xjlc,7771335,User,1
xplorld,7023694,User,1
yech1990,5415510,User,1
zhanghan328,16316669,User,1
zhmz90,6331725,User,1
moveforever,5248288,User,1
anxingle,8489818,User,1
