ldegio,2840769,User,1425
gianlucaborello,4187028,User,818
luca3m,1469982,User,238
aleks-f,2429093,User,214
ret2libc,562321,User,100
SamuelePilleri,13276940,User,95
mstemm,13422831,User,71
henridf,1022041,User,62
kristopolous,231761,User,51
evgeni,94284,User,41
dkogan,170011,User,39
rmack,3031214,User,38
jarun,5959286,User,34
03cranec,2846872,User,31
gregkh,14953,User,25
ltagliamonte,10259338,User,21
davideschiera,5033993,User,14
etown,357244,User,14
Hefeweizen,3291490,User,10
bertocci,24395980,User,10
Erethon,1254842,User,8
mattpag,7503100,User,7
jsat97,4957715,User,7
cbab,1390373,User,6
pavlinux,1057453,User,6
michael-trapp,12496338,User,6
dhbaird,1010554,User,5
orivej,101514,User,5
karastojko,12692726,User,5
cwarden,387035,User,4
danielwippermann,1997538,User,4
avenezia,6376952,User,4
acarpi,528719,User,3
lefred,609675,User,3
hlieberman,711517,User,3
lucaderi,4493366,User,3
lukaspustina,398967,User,3
philrz,5934157,User,3
pradeepchhetri,2232667,User,3
ryanchapman,520385,User,3
ketank-new,18348768,User,3
ton31337,3352707,User,3
ctuffli,807942,User,3
sublimino,134117,User,2
angeloc,856409,User,2
brendangregg,1101211,User,2
vielmetti,35047,User,2
lazy404,2153045,User,2
tomgco,524382,User,2
urihershgc,10707868,User,2
vampolo,294496,User,2
SpiderX,277573,User,2
guanqun,53862,User,2
hhoffstaette,499973,User,2
evilpacket,115769,User,1
AdamRi,1112329,User,1
alberto-scolari,8654290,User,1
arossert,7085494,User,1
ashish1099,2697494,User,1
burkostya,1235696,User,1
charles-dyfis-net,22370,User,1
teancom,609527,User,1
donovan,47411,User,1
EvanKrall,233961,User,1
debfx,293265,User,1
HugoGuiroux,3373621,User,1
bh016088,3066746,User,1
icholy,943597,User,1
jamesbrink,646361,User,1
regular,122962,User,1
jaybuff,49472,User,1
juliengk,7716239,User,1
kamalesh-babulal,12413127,User,1
leszekgrzegorek,7812708,User,1
mbachry,217954,User,1
adamel,344231,User,1
markus1189,591567,User,1
mwild1,24315,User,1
mgorny,110765,User,1
NanXiao,2338189,User,1
UshF,947919,User,1
khandeliants,25050247,User,1
ronin13,271234,User,1
ReadmeCritic,15367484,User,1
ssssam,6330,User,1
bryant1410,3905501,User,1
sgotti,1690273,User,1
tycho,29616,User,1
tjskrish,8653124,User,1
TylerOderkirk,17695,User,1
pavel-odintsov,2744166,User,1
invalid-email-address,148100,User,1
smartinovic,9530259,User,1
thom-sd,25145187,User,1
ogarcia,572924,User,1
