danielrh,47249,User,810
keithw,208955,User,35
onyxmaster,588253,User,5
rossdylan,343897,User,5
bryongloden,3155274,User,3
KrishMunot,4161617,User,3
AlexanderFrolov,9749087,User,1
czchen,98758,User,1
whitef0x0,1160417,User,1
jas14,569991,User,1
gluon-anon,21696309,User,1
braincore,4674965,User,1
lfaraone,73410,User,1
UnitedMarsupials,1486340,User,1
nwmcsween,622959,User,1
NickKolpinski,20492692,User,1
RyanCopley,819591,User,1
zmwangx,4149852,User,1
dlemstra,10426229,User,1
gtuk,7408342,User,1
