zcbenz,639601,User,7615
kevinsawicki,671378,User,2909
deepak1556,964386,User,531
zeke,2289,User,396
preco21,4936201,User,347
aroben,917945,User,280
hokein,2557445,User,267
paulcbetts,1396,User,244
MarshallOfSound,6634592,User,179
brenca,1690458,User,127
tinydew4,17612115,User,92
gerhardberger,1059699,User,85
etiktin,4381579,User,79
CharlieHess,1865957,User,76
seanchas116,1025246,User,72
joshaber,13760,User,55
juturu,11049886,User,51
poiru,1319028,User,50
tarruda,842846,User,48
felixrieseberg,1426799,User,40
bbondy,831718,User,40
piki,3660033,User,39
oukan,1324257,User,37
alespergl,19880051,User,37
runinspring,7044793,User,36
miniak,1281234,User,35
leethomas,5622404,User,35
bengotow,1037212,User,32
danhp,3745612,User,32
YurySolovyov,2168518,User,23
heyunjiang,15085454,User,23
igorklopov,1372431,User,22
shiftkey,359239,User,20
stevekinney,251000,User,20
gabriel,2669,User,20
probablycorey,596,User,20
thomastuts,1914255,User,18
mnquintana,823545,User,18
lauracpierre,979311,User,16
shubham2892,6316389,User,16
alexstrat,687961,User,14
nishanths,6028224,User,14
Stone-Jay,13845451,User,14
enlight,233003,User,14
frankhale,190154,User,13
pfrazee,1270099,User,13
arturts,9158970,User,12
yamgent,3168908,User,12
UsabilityEtc,1482434,User,11
jhen0409,3001525,User,11
jonatasfreitasv,8763192,User,11
Mr0grog,74178,User,11
yamatoya,2118539,User,11
fbukevin,4548874,User,11
John-Lin,4214069,User,10
magicae,6753092,User,10
thompsonemerson,6743115,User,9
omrilitov,6610680,User,9
patrickdet,2510,User,9
natebwangsut,4032361,User,9
x-yao,5781441,User,9
darkdh,11330831,User,8
dongjoon-hyun,9700541,User,8
lukeapage,309321,User,8
3v1n0,345675,User,8
mariozaizar,164819,User,8
minggo,488203,User,8
rreimann,1131175,User,8
mbarthelemy,725869,User,8
mcizol,7622781,User,8
kcrt,505011,User,8
cornedor,570297,User,8
GoooIce,1752305,User,8
amtj,12820331,User,7
gregnolle,6773397,User,7
jnugh,143341,User,7
ramya-rao-a,16890566,User,7
rogerlista,300170,User,7
samccone,883126,User,7
tonyganch,872004,User,7
yuya-oc,1412057,User,7
mst128256,26225688,User,7
sairoutine,6726054,User,7
jkleinsc,609052,User,7
demopark,4861884,User,7
adill,144914,User,6
thedaniel,1476,User,6
fplucas,6940432,User,6
malept,11417,User,6
bigtimebuddy,864393,User,6
nitsakh,5625083,User,6
osanyin,228720,User,6
tommoor,380914,User,6
toonborgers,1215137,User,6
christoth,2223480,User,6
vsemozhetbyt,10393198,User,6
mrxf,12392733,User,6
kokdemo,825496,User,6
bundyo,98318,User,6
davej,26971,User,6
joaomoreno,22350,User,6
lee-dohm,1038121,User,6
SeriousM,462013,User,5
BobCochran,2460105,User,5
qazbnm456,6451933,User,5
bcomnes,166301,User,5
djpereira,15444756,User,5
gioggio,11364175,User,5
nekuz0r,474232,User,5
calmandniceperson,5265630,User,5
rsezille,4226555,User,5
renatoalencar,6964593,User,5
codebytere,2036040,User,5
the-ress,1612377,User,5
thomasjo,3622,User,5
vanessayuenn,6842965,User,5
50Wliu,2766036,User,5
xfq,2863444,User,5
bridiver,34129,User,5
renaesop,5894477,User,5
ragingwind,124117,User,5
arifcakiroglu,1484664,User,5
leftstick,1059956,User,5
levrik,9491603,User,5
Menci,11341955,User,5
lusbuab,12849807,User,5
adam-lynch,1427241,User,4
babanesma,2117734,User,4
alexeykuzmin,607250,User,4
bsclifton,4733304,User,4
danburzo,205375,User,4
springmeyer,20300,User,4
Spacetech,824323,User,4
groundwater,538488,User,4
jwheare,49224,User,4
MaxGraey,1301959,User,4
Nirmal4G,4962580,User,4
seppestas,1408377,User,4
ShiningRay,9770,User,4
sotayamashita,1587053,User,4
orderedlist,1680,User,4
webpushers,3024089,User,4
haadcode,7499694,User,4
liusy182,3293332,User,4
scycbx,17694887,User,4
tejaspathak,12093138,User,4
wujingke,565778,User,4
ArekSredzki,879918,User,4
kirkouimet,62191,User,4
maxogden,39759,User,4
samueleaton,9119269,User,4
cifratila,282777,User,4
avdg,212248,User,3
antoinepairet,5238592,User,3
watilde,1716463,User,3
ericbrumer,7120621,User,3
fab1an,55547,User,3
fritx,6647633,User,3
ggamel,34730,User,3
GregMefford,69467,User,3
hankbao,756604,User,3
IonicaBizau,2864371,User,3
javan,5355,User,3
j5a,7112290,User,3
KevinMartin,510957,User,3
LasseJacobs,17029363,User,3
LuisHsu,7553694,User,3
matiasinsaurralde,20110,User,3
matttbe,768677,User,3
Mingling94,4606838,User,3
nabeelomer,11234616,User,3
sneakypete81,38854,User,3
petrfelzmann,12231141,User,3
PierBover,226483,User,3
princejwesley,1622515,User,3
rprichard,1572855,User,3
Gaserd,5616006,User,3
sindresorhus,170270,User,3
nekolab,1770466,User,3
suyash,16324837,User,3
theojulienne,349190,User,3
timruffles,249800,User,3
Vj3k0,1642526,User,3
ferreus,206508,User,3
orzFly,158528,User,3
adammeyer,4603906,User,3
batjko,7287076,User,3
deed02392,3536087,User,3
fscherwi,9285971,User,3
simurai,378023,User,3
destan,442813,User,3
22222,696438,User,2
zephyrzoom,3319755,User,2
aaronang,7579804,User,2
Godoy,1420198,User,2
fierroformo,3606807,User,2
alexandrubau,1225661,User,2
ldehai,378685,User,2
darwin,5453,User,2
astoilkov,884810,User,2
austinmoore-,1268601,User,2
baconbrad,4763342,User,2
bkeepers,173,User,2
brentertz,202773,User,2
brunoqueiros,1280255,User,2
soh1988,1724891,User,2
ColinEberhardt,1098110,User,2
craigshoemaker,127797,User,2
clebeaupin,9804486,User,2
excfergodst,8149027,User,2
quicksnap,1199742,User,2
Mossop,437326,User,2
Rokt33r,5865853,User,2
Dorian,129149,User,2
dougnukem,56662,User,2
cjld,4838354,User,2
MrSurly,395016,User,2
everblut,1256959,User,2
feross,121766,User,2
HR,4217124,User,2
Hum4n01d,17228477,User,2
apoco,551316,User,2
jpoon,85374,User,2
wearhere,110000,User,2
jesusD,9083388,User,2
ArtskydJ,1833684,User,2
kramerc,114056,User,2
LaurentLeVan,13529039,User,2
leo,6170607,User,2
torn4dom4n,27698189,User,2
lgalabru,87777,User,2
lukeadams,3508077,User,2
madarche,152407,User,2
mattdesl,1383811,User,2
mauriciofauth,120970,User,2
maxbrunsfeld,326587,User,2
salomvary,193923,User,2
tensor5,1545895,User,2
OctoHuman,17958767,User,2
teleclimber,5631748,User,2
paulatbipsync,2576251,User,2
p-jackson,1500769,User,2
pra85,829526,User,2
rafaelstz,610598,User,2
roramirez,2161075,User,2
NKMR6194,4254002,User,2
saghul,317464,User,2
sergeybekrin,9248479,User,2
sitdh,60994,User,2
niedzielski,1071806,User,2
suryast,4986994,User,2
takashi,1506738,User,2
thorbenegberts,3115618,User,2
twolfson,902488,User,2
vaartis,14316128,User,2
VReality64,886706,User,2
vivensio,11770676,User,2
develar,350686,User,2
wayne-kim,11756131,User,2
banyudu,2416493,User,2
haobingwang,9262286,User,2
as3boyan,4158590,User,2
cesine,196199,User,2
ReadmeCritic,15367484,User,2
huangruichang,4167510,User,2
jaanus,184253,User,2
liuderchi,4994705,User,2
paulinaika,25732510,User,2
wit543,2771707,User,2
bpasero,900690,User,2
appetizermonster,6244462,User,2
yaotti,18807,User,2
abdihaikal,2351764,User,1
adambuckland,1270184,User,1
atdrago,144225,User,1
adamkidder,5591961,User,1
Arcath,19609,User,1
guatedude2,918429,User,1
alexgleason,3639540,User,1
ialexryan,2292782,User,1
alex-sherwin,2175618,User,1
alexwhitman,422013,User,1
solinium,27219506,User,1
alexanderneu,4265287,User,1
arusakov,3473150,User,1
ajsb85,663460,User,1
kirly-af,9356687,User,1
megahertz,1762672,User,1
sprintr,3390089,User,1
amitmerchant1990,3647841,User,1
fasterthanlime,7998310,User,1
Anatzum,6921342,User,1
parro-it,11197111,User,1
awaigand,5626967,User,1
akost,698174,User,1
andrewda,10191084,User,1
radarhere,3112309,User,1
hamxiaoz,351827,User,1
AndriiTsok,733224,User,1
anthonyryan1,543852,User,1
as-cii,482957,User,1
ArcticZeroo,5075030,User,1
elvongray,9481023,User,1
acburdine,5167581,User,1
bjrmatos,4262050,User,1
be5invis,240091,User,1
bendrucker,808808,User,1
veleek,1055021,User,1
BenV,128300,User,1
bwin,1673361,User,1
bhargavrpatel,911413,User,1
blainesch,769039,User,1
RIAEvangelist,369041,User,1
brendon-gonzalez,2855044,User,1
beardicus,170997,User,1
brianfajardo,25241230,User,1
bsuh,47231,User,1
brianzelip,3411019,User,1
waywardmonkeys,178582,User,1
squarejaw,1250248,User,1
lockys,3911469,User,1
ccnokes,1610343,User,1
carsonmcdonald,76552,User,1
Casimodo,24546063,User,1
cesarandreu,656870,User,1
christian-bromann,731337,User,1
crilleengvall,623720,User,1
cdaringe,1003261,User,1
Cfeusier,5761298,User,1
clevertonh,1263297,User,1
dumconstantin,672153,User,1
CoolOppo,1498177,User,1
frewsxcv,416575,User,1
swashcap,1858316,User,1
czipperz,10054343,User,1
dcposch,169280,User,1
dpatou,1031185,User,1
DanTheMan827,790119,User,1
dalabarge,879419,User,1
danielma,993340,User,1
drulm,1435384,User,1
jdfwarrior,116663,User,1
diegowifi,2978730,User,1
drewchandler,25634,User,1
DustinX,786989,User,1
Dwaynekj,1011448,User,1
eddiezane,959573,User,1
BraveNewMath,553317,User,1
calidion,131776,User,1
evlogii,1588402,User,1
FWeinb,1250430,User,1
federicobond,138426,User,1
feserafim,2706008,User,1
fdelayen,14359114,User,1
fbrinker,5345116,User,1
Crocmagnon,3630554,User,1
gjtorikian,64050,User,1
gmr,49469,User,1
geoff-addepar,1012816,User,1
Geo1088,4165301,User,1
geelen,23264,User,1
RevoluPowered,748770,User,1
greggman,234804,User,1
guillaumeguerin,677290,User,1
gzuidhof,1039510,User,1
arniu,1286674,User,1
omo,20232,User,1
HanaeKae,11990460,User,1
Starefossen,968267,User,1
hansenzhang,3459878,User,1
LittleboyHarry,13063376,User,1
hashedhyphen,13907611,User,1
Haraldson,283535,User,1
hughsk,569817,User,1
statico,137158,User,1
iolsen,553742,User,1
draivin,947593,User,1
importcjj,10879571,User,1
Ingramz,1017132,User,1
gunmetalbackupgooglecode,11455411,User,1
izuzak,38924,User,1
Ivshti,1247629,User,1
jprichardson,150063,User,1
weakish,114114,User,1
ide,379606,User,1
EnterTheNameHere,1001400,User,1
jasssonpet,305639,User,1
jeffdm,251292,User,1
jessegrosjean,21868,User,1
jiaz,610679,User,1
JimiC,1716442,User,1
johangp,3505889,User,1
j13z,3612115,User,1
johnhaley81,867780,User,1
envygeeks,99763,User,1
jotafeldmann,1572665,User,1
josephfrazier,6473925,User,1
jhiggins-thrillist,1301362,User,1
bj7,1395096,User,1
jcanaway,4371172,User,1
joshmarinacci,276938,User,1
Joshua-Anderson,3526404,User,1
Tribex,5861371,User,1
joshuabenuck,306384,User,1
shokmaster,1089750,User,1
juanpaulo,2783678,User,1
roadev,4525107,User,1
julianengel,10634231,User,1
sauber92,20414712,User,1
KagamiChan,3816900,User,1
kanemontreuil,4593816,User,1
kevva,709159,User,1
KevinRamsunder,4219038,User,1
kevinsimper,1126497,User,1
kainjow,271035,User,1
kiavashps,6342977,User,1
kostia,9946,User,1
krainboltgreene,334809,User,1
Kushagra8888,5831228,User,1
khornberg,3442051,User,1
shama,99604,User,1
LShun,9652305,User,1
dalinaum,145585,User,1
LeMoussel,1816573,User,1
leemac,245040,User,1
Gryff,3209691,User,1
rhysd,823277,User,1
lsegal,686,User,1
lgeiger,13285808,User,1
