igrr,4349050,User,980
Links2004,974709,User,479
me-no-dev,12663778,User,117
Makuna,7972357,User,39
pgollor,9283623,User,33
krzychb,12953787,User,33
martinayotte,9724344,User,25
hallard,2471931,User,22
alltheblinkythings,16182145,User,16
ivankravets,1760209,User,14
probonopd,2480569,User,12
narongrat,16578692,User,11
h4rm0n1c,5162945,User,11
kzyapkov,98131,User,10
wemos,10327656,User,10
wyattearp,80254,User,9
aalku,12587056,User,9
larsenglund,5367846,User,8
majenkotech,3812892,User,7
inazt,266144,User,7
lrmoreno007,7408539,User,7
WereCatf,5520573,User,7
Testato,6893841,User,6
sticilface,10061736,User,6
gtalusan,355585,User,5
KaloNK,5564012,User,5
swarren,208160,User,5
andig,184815,User,5
tuxedo0801,2862906,User,4
BuzzBurrowes,2986044,User,4
Imroy,394412,User,4
sandeepmistry,1163840,User,4
skorokithakis,23648,User,4
d-a-v,4800356,User,4
themindfactory,8609129,User,4
jeremyalangreen,3341994,User,4
Rodmg,6895985,User,4
joostjager,4638168,User,4
marvinroger,990773,User,4
boybundit,10710903,User,3
everslick,1909551,User,3
plinioseniore,10714590,User,3
hemalchevli,948576,User,3
Juppit,10826660,User,3
knovoselic,7026420,User,3
mangelajo,1176434,User,3
plerup,6809700,User,3
rsaxvc,348896,User,3
Sermus,4110699,User,3
reaper7,4134851,User,3
reiyawea,17851771,User,3
unaiur,5884679,User,3
achingbrain,665810,User,2
pastcompute,2771007,User,2
anwarhahjjeffersongeorge,1335763,User,2
shmuelzon,2786045,User,2
baruch,132938,User,2
Protoneer,3835171,User,2
icnagy,556445,User,2
dave-prosee,15858032,User,2
denvera,4190824,User,2
ed7coyne,16657086,User,2
evanroode,2251827,User,2
sauttefk,776799,User,2
Jkillelea,5292786,User,2
joostd,668631,User,2
raimohanska,292964,User,2
Lauszus,1098847,User,2
asdwsda,2381456,User,2
rodionkvashnin,25197200,User,2
stefangordon,4087345,User,2
comino,4029642,User,2
tdicola,1332183,User,2
urish,892318,User,2
asez73,500161,User,2
gmag11,6190183,User,2
timw1971,13706036,User,2
4m1g0,204293,User,2
shrhdk,1025020,User,2
JohnSL,5673670,User,2
riataman,12518757,User,2
raheelh,17379039,User,2
4dsystems,200210,User,1
bogdal,1451824,User,1
albeec13,5554710,User,1
awong-dev,144579,User,1
gadgeteer,1158450,User,1
obsoleted,666628,User,1
lnxbil,727711,User,1
ayan4m1,266545,User,1
riyono,1173005,User,1
tabarra,1808295,User,1
Diaoul,319220,User,1
iSevenDays,3992716,User,1
psychogony,7361029,User,1
bjpirt,186499,User,1
bobvanderlinden,6375609,User,1
chrisfraser,929529,User,1
sidoh,589893,User,1
ccooper21,2042273,User,1
dhruvelectro,1989076,User,1
gnulabis,70113,User,1
Duality4Y,1276401,User,1
fdesoye,13333963,User,1
lemio,877056,User,1
gslomin,6718406,User,1
chromy,351085,User,1
crushedice2000,11387611,User,1
jacquesbotha,6042289,User,1
jabelone,9560876,User,1
jbheren,1754964,User,1
jensh,1611526,User,1
JeroenVogelpoel,11017083,User,1
jwrw,28903693,User,1
Fohdeesha,1357246,User,1
jwatte,481909,User,1
josevill,1178493,User,1
karlp,127907,User,1
korzo89,2965511,User,1
luc-github,8822552,User,1
MacroYau,7240152,User,1
msurguy,585833,User,1
Cross22,1509049,User,1
mtongnz,19972940,User,1
mogorman,64710,User,1
nuket,1294207,User,1
NAzT,89108,User,1
nkolban,3421732,User,1
NullMedia,6500295,User,1
Pablotis,10696506,User,1
paulmand3l,382427,User,1
middelink,10226229,User,1
peternewman,6216436,User,1
philenotfound,309562,User,1
PontusO,981692,User,1
haiduc32,601841,User,1
rherget,3535302,User,1
romanmashta,1479065,User,1
sfranzyshen,5503445,User,1
anisimovsergey,12644239,User,1
sergiotomasello,16614031,User,1
lp0,70171,User,1
Stefano-Orsolini,3396502,User,1
SteveToulouse,19718622,User,1
thomasfla,11156435,User,1
vindolin,834347,User,1
tijnkooijmans,665626,User,1
toddtreece,360020,User,1
Toshik,170579,User,1
trygvis,36284,User,1
ulikoehler,34971,User,1
vicnevicne,842233,User,1
Palatis,992564,User,1
thewiep,11180218,User,1
wkraft-fablabka,8361698,User,1
hotchpotch,3500,User,1
akaJes,3035266,User,1
b-pass,9665541,User,1
bbx10,1388441,User,1
biohazardxxx,1370362,User,1
bsilvereagle,5597239,User,1
chadouming,1348635,User,1
chaeplin,6242157,User,1
fape,1052464,User,1
hreintke,4587225,User,1
joelucid,18134492,User,1
jtfell,6702746,User,1
keramlevap,20229651,User,1
linagee,636551,User,1
mgaman,3582286,User,1
mmarchese1,15698796,User,1
moeur,5236317,User,1
mpromonet,1367630,User,1
mvdbro,11584787,User,1
per1234,8572152,User,1
pfeerick,5500713,User,1
scottfitzenrider,348182,User,1
sk1tt1sh,2659377,User,1
tzapu,2983312,User,1
urmilparikh,10322815,User,1
wosk,1042932,User,1
wuwx,4401,User,1
