Orvid,709247,User,507
yfeldblum,169419,User,243
tudor,125148,User,204
andriigrynenko,7255704,User,151
djwatson,1105350,User,135
fugalh,15189,User,130
jsedgwick,473122,User,125
simpkins,163549,User,103
mzlee,682724,User,98
meyering,710630,User,95
Gownta,1771157,User,91
philippv,1697865,User,83
ot,17024,User,73
luciang,55771,User,73
pgriess,137946,User,64
nbronson,129627,User,60
sgolemon,812538,User,53
hannesroth,8293516,User,50
siyengar,1054756,User,48
WillerZ,509064,User,40
spacedentist,1536420,User,40
knekritz,5401630,User,34
terrelln,6619134,User,33
snarkmaster,2081923,User,32
magedm,15930371,User,31
andrewjcg,648225,User,31
scannell,4433664,User,26
chipturner,601111,User,26
juchem,1767404,User,24
igorsugak,10272840,User,22
jdelong,1497999,User,22
lbrandy,39820,User,22
ngoyal,93254,User,22
afrind,8259689,User,22
anirudhvr,212857,User,21
alikhtarov,7364124,User,16
dcsommer,1082656,User,16
w-o-o,8975375,User,15
maxgeorg,12866452,User,14
wez,117777,User,14
mhorowitz,290225,User,13
myreg,2983988,User,13
jmswen,250397,User,12
sorenlassen,20979829,User,12
viswanathgs,172884,User,11
yangchi,1572156,User,11
zonr,287446,User,11
andreazevedo,741321,User,11
marcinpe,8174385,User,11
bmaurer,1697319,User,10
mshneer,17712768,User,10
cppfool,10673506,User,10
spalamarchuk,9591385,User,10
alexshap,6532716,User,9
aru777,1923647,User,9
BurntBrunch,152984,User,8
mdordal,526675,User,8
oyamauchi,107014,User,8
ranjeeth,1563153,User,8
swtaarrs,118219,User,8
int,84553,User,7
alandau,4314297,User,7
dkgi,270421,User,7
francis-ma,5313998,User,7
markisaa,2280568,User,7
Mizuchi,493322,User,7
aary,9788223,User,6
wqfish,1171005,User,6
shubhanshu04,1703816,User,6
bhamiltoncx,671827,User,6
ptarjan,40143,User,6
DavidCallahan,3532841,User,5
jwatzman,575697,User,5
lovrop,217254,User,5
A5he,865195,User,5
plapukhov,6307187,User,5
philippu,2658619,User,5
dorserg,231672,User,5
sas,51052,User,5
markw65,117530,User,5
pallotron,508703,User,4
brunomorishita,882745,User,4
dcolascione,331322,User,4
evilmucedin,1246474,User,4
LeeHowes,4451678,User,4
mxw,1013739,User,4
msteinert,202852,User,4
russoue,7917803,User,4
lehecka,8785194,User,4
rushidesai,350289,User,4
yiding,240535,User,4
yinghai,1100089,User,4
tedjp,253416,User,4
amir-shalem,23646266,User,3
andrewcox,1720094,User,3
asl,67392,User,3
benyl,1977493,User,3
bertmaher,4441820,User,3
inglorion,2002489,User,3
davidtgoldblatt,1660204,User,3
elliottneilclark,169547,User,3
hiteshk,916294,User,3
ivmaykov,682290,User,3
jasone,245970,User,3
al13n321,3629776,User,3
bugok,4646767,User,3
smeenai,1123966,User,3
roticv,4194701,User,3
watashi,1107121,User,3
loverszhaokai,2187242,User,3
KindDragon,224272,User,3
JoelMarcey,3757713,User,3
alexmalyshev,621989,User,2
alexstaytuned,192051,User,2
ajtulloch,1121581,User,2
rdna,2306313,User,2
arjenroodselaar,1168122,User,2
Quuxplusone,702021,User,2
niteria,212146,User,2
bmatheny,162694,User,2
0mok,644230,User,2
linuxfood,24377,User,2
carenthomas,5600960,User,2
danslo,743661,User,2
dhruvbird,89798,User,2
pankdm-fb,9959610,User,2
felixhandte,1154694,User,2
gut,40444,User,2
korovkin,4228377,User,2
cjiph,1978924,User,2
fried,200457,User,2
jrahman,1684004,User,2
int3,228496,User,2
jgoguen,189497,User,2
jjgriego,898919,User,2
kphfb,6289208,User,2
KjellSchubert,3528101,User,2
ldemailly,3664595,User,2
nathasm,410832,User,2
swolchok,34168,User,2
shayanjm,1537245,User,2
palmtenor,944419,User,2
vigneshgowda9,9011331,User,2
191919,298613,User,1
aaronkroth,7851472,User,1
Abhik11,5743101,User,1
adrianomelo,329541,User,1
Hincoin,6828807,User,1
alejopelaez,19302,User,1
lexs,191973,User,1
fish2000,378969,User,1
salexspb,20307328,User,1
astocko,104297,User,1
azzolini,1780251,User,1
AltanAlpay,1690810,User,1
hatred,1088565,User,1
ajasty-cavium,11859266,User,1
th0br0,30996,User,1
abirchall,456610,User,1
andrewchalfant,958088,User,1
ashwinb,19390,User,1
amckinley,54160,User,1
wheresbarney,9947735,User,1
bryn91,4582580,User,1
benrnd,1487353,User,1
binliu19,11066845,User,1
wb14123,1906051,User,1
newpoo,2150070,User,1
ckamm,833306,User,1
cberner,842688,User,1
chrisaycock,453745,User,1
cole14,831543,User,1
cdolan,143005,User,1
colin-ni,13823929,User,1
kecsap,1132593,User,1
kodafb,19997982,User,1
doctaweeks,463538,User,1
daniellwu,1897477,User,1
gdhdanny,9837879,User,1
dariorussi,4442497,User,1
davidwilemski,403152,User,1
moograms,3639953,User,1
edbaunton,5307571,User,1
WizKid,59419,User,1
paravoid,1330796,User,1
fifilyu,8955080,User,1
flz,48219,User,1
fredemmott,360927,User,1
GeertVL,297229,User,1
guoxiao,528318,User,1
ricewgh,448762,User,1
mhlakhani,532026,User,1
iaroslavfb,9617980,User,1
jaakristioja,2684083,User,1
lnishan,6169473,User,1
jasonprado,11831,User,1
jjs0,17827997,User,1
evincarofautumn,729779,User,1
jfrankfb,7990383,User,1
jwakely,1254480,User,1
jdmetz,1309893,User,1
kennyyu,602219,User,1
kevinbchen,2881968,User,1
kittipatv,6920665,User,1
kdkeyser,4668280,User,1
lbianc,8248619,User,1
LouisBVL,4196485,User,1
lnicco,54891,User,1
reitblatt,1806559,User,1
marksantaniello,8750931,User,1
strager,48666,User,1
toecto,5577653,User,1
alfa07,50047,User,1
mengz0,338117,User,1
mibpl,3181064,User,1
mcallahan,2946048,User,1
mofarrell,4332159,User,1
Meowse,1838495,User,1
mihaelao,3944214,User,1
marpaia,927168,User,1
mikekap,43191,User,1
miloyip,1195774,User,1
mzhaom,5767792,User,1
mistydemeo,780485,User,1
amin-jabri,1166613,User,1
natestedman,80991,User,1
nickolay5,10746010,User,1
nitay,34,User,1
oebeling,733325,User,1
fmoo,143504,User,1
rpraveen,1881833,User,1
pixelb,316894,User,1
ramrengaswamy,1690864,User,1
sding,1514474,User,1
simonj22,3359403,User,1
fbandersnatch,16384343,User,1
sahrens,1509831,User,1
kirtiteja,2222655,User,1
9muir,1180476,User,1
raxen,1671022,User,1
usumeet,4434349,User,1
tavianator,1692591,User,1
theonajim,16675847,User,1
oracal,618098,User,1
tfangit,5377595,User,1
tnowacki,1753366,User,1
tomhughes,147741,User,1
tnovak,525686,User,1
remyabel,25275477,User,1
kvikas,1178022,User,1
vbuslov,8561236,User,1
vslaykovsky,7620242,User,1
chalet16,540040,User,1
shixiao,2574573,User,1
liuxuli,8867423,User,1
chenttuuvv,5310240,User,1
yaslama,309602,User,1
grewal,694426,User,1
Yangqing,551151,User,1
yqzhang,2654106,User,1
chenkan1994,3645791,User,1
denveloper,1783468,User,1
zunc,1109537,User,1
vertexodessa,6557185,User,1
kumagi,153341,User,1
lpathy,15839819,User,1
nicksbyman,6799638,User,1
pp-qq,17427025,User,1
pravic,724639,User,1
r8k,1798396,User,1
yizhiren,15405596,User,1
zhangkehong2brad,20011920,User,1
lifei,350000,User,1
