theopolis,981645,User,1927
marpaia,927168,User,710
javuto,1271349,User,179
obelisk,2386877,User,116
PoppySeedPlehzr,29690847,User,79
mofarrell,4332159,User,55
zwass,575602,User,52
muffins,1328916,User,50
sharvilshah,819943,User,40
unixist,2461107,User,35
yying,4278185,User,32
lwhsu,530140,User,24
wxsBSD,1394879,User,21
ryanheffernan,12479337,User,19
artemdinaburg,1051838,User,14
polachok,94035,User,14
kaizensoze,218869,User,13
hackgnar,4490430,User,11
lambda-conjecture,22373129,User,11
friedbutter,6203418,User,11
Centurion89,5092699,User,10
maclennann,192728,User,10
rcseacord,3037076,User,10
blakefrantz,1226260,User,9
maus-,678113,User,9
mtmcgrew,2164097,User,9
spasam,438507,User,8
vmauge,1483350,User,8
lxcode,1959603,User,7
cdown,660663,User,7
astanway,280996,User,6
allanliu,3030664,User,6
adunham-stripe,23069906,User,6
akshaydixi,1679435,User,5
svmastersamurai,680210,User,5
mlw,436037,User,5
ExtremeGTX,6371120,User,5
spectrumjade,705937,User,5
fuzzball5000,5080007,User,4
mgoffin,260873,User,4
thedrow,48936,User,4
rohitvarkey,5669669,User,4
tonylambiris,14058972,User,4
arirubinstein,22369,User,4
achmiel,1927605,User,3
deniszh,1227222,User,3
brandt,706186,User,3
mathieuk,539914,User,3
nlsun,2137196,User,3
nbigaouette-eai,25907218,User,3
russellhancox,69123,User,3
Anubisss,123344,User,3
mimeframe,6118038,User,3
tpott,1916627,User,3
sroberts,44774,User,3
arubdesu,388808,User,2
tehmas,9120583,User,2
nemith,349360,User,2
glensc,199095,User,2
ga2arch,14008,User,2
jamesgpearce,90942,User,2
jreese,6444,User,2
lexelby,4446653,User,2
marc-lebourdais,4622295,User,2
mwielgoszewski,359029,User,2
rogeliodh,110125,User,2
slester,104014,User,2
timzimmermann,5834455,User,2
umareddy,5437853,User,2
groob,1526945,User,2
Zaksh,357642,User,2
castrapel,7538233,User,2
nerddotcat,2314347,User,2
schettino72,138474,User,2
DaanDeMeyer,9395011,User,2
jacknagz,11466941,User,2
PickmanSec,13594830,User,2
keeleysam,2081075,User,2
apage43,169252,User,1
IamAdiSri,9818842,User,1
amacneil,637671,User,1
defaultnamehere,2187165,User,1
alex,772,User,1
mcmarbles,3271083,User,1
bhamodi,7663987,User,1
waywardmonkeys,178582,User,1
bryongloden,3155274,User,1
mchugh19,1360357,User,1
zenfish,2144880,User,1
danielbayerlein,457834,User,1
orangecms,4245199,User,1
danielpops,10519220,User,1
DavidGosselin,12257956,User,1
mdevens,13893779,User,1
dreid,48695,User,1
dallendoug,1672903,User,1
d0ugal,48211,User,1
estuart,3664248,User,1
sumkincpp,738925,User,1
cyberallday,4554627,User,1
gchudnov,1832751,User,1
nosajnedgo,7563093,User,1
blackfist,752444,User,1
kongeo,11835878,User,1
larzconwell,1316992,User,1
lnsp,3391295,User,1
xinan,2834397,User,1
mark-ignacio,4490736,User,1
burdzwastaken,13855668,User,1
mmichie,12953,User,1
madduci,371042,User,1
MobeenAshraf,13708372,User,1
jajce,9556119,User,1
ppKrauss,1651447,User,1
Rastaban,6538528,User,1
pjbeyer,6152278,User,1
rjeczalik,1162017,User,1
isometry,68125,User,1
Rubab-Syed,9823886,User,1
sahalsajjad,11907535,User,1
santoshankr,4899032,User,1
0xdabbad00,1979334,User,1
quad,24025,User,1
shawndavenport,208016,User,1
stevenhilder,6180644,User,1
talkain,2634927,User,1
tburgin,2117646,User,1
vlajos,3994645,User,1
kost,68575,User,1
yannick,2794,User,1
yonas,110130,User,1
amironenko,10671346,User,1
cmillikin,9021916,User,1
d-yokoi,5894385,User,1
ecin,646,User,1
headmin,46750,User,1
himanshudas,1238723,User,1
ilovezfs,5268928,User,1
knqyf263,2253692,User,1
mnmnc,7818126,User,1
pathcl,3768896,User,1
raviteja7,2549509,User,1
readshaw,8826253,User,1
secretsquirrel,1679850,User,1
texereda,20825911,User,1
trizt,22536847,User,1
uptycs-nishant,28941322,User,1
vbisserie,25403325,User,1
yetanotherhacker,3118378,User,1
