igorcanadi,1091023,User,1093
siying,5334567,User,729
yhchiang,6447975,User,523
IslamAbdelRahman,1676006,User,301
ajkr,4780362,User,216
dhruba,155266,User,197
fyrz,8895490,User,179
adamretter,1264057,User,121
yuslepukhin,11303988,User,119
lightmark,1549573,User,116
yiwu-arbug,2606959,User,114
liukai,685252,User,107
emayanke,2646283,User,103
kradhakrishnan,2488945,User,97
haoboxu,3834310,User,89
agiardullo,10343516,User,71
rven1,8718743,User,67
maysamyabandeh,1167741,User,66
4tXJ7f,1926228,User,48
JoelMarcey,3757713,User,45
dalgaaf,1193246,User,36
mdcallag,1641037,User,31
meyering,710630,User,29
grooverdan,462287,User,28
sagar0,1087535,User,28
reidHoruff,950932,User,28
gunnarku,5466189,User,25
SherlockNoMad,9906745,User,25
zagfox,4488965,User,24
PraveenSinghRao,13126725,User,23
StanislavGlebik,2895538,User,23
al13n321,3629776,User,22
adyarshyam,1570258,User,20
liewegas,433031,User,19
dojiboy9,4053939,User,18
nbronson,129627,User,18
ari-e,9289446,User,17
omegaga,1451088,User,17
jpaton,1626309,User,14
tamird,1535036,User,13
kosievdmerwe,103258,User,12
rdallman,2935111,User,12
shuzhang1989,15947888,User,12
Wanning930,10782054,User,12
chipturner,601111,User,11
vamsi-ponnekanti,1766150,User,11
ankgup87,6053194,User,11
anirbanr-fb,19419823,User,10
edsrzf,369904,User,10
nbougalis,5085415,User,10
koldat,16866502,User,10
tnovak,525686,User,10
traceroute73,2947875,User,10
jsteemann,1423118,User,10
wankai,3657734,User,10
ghemawat,8096977,User,9
mlin,356550,User,9
warrenfalk,158330,User,9
AGFeldman,6272689,User,8
maykov,8107629,User,8
adsharma,658691,User,8
jkedgar,8951526,User,8
lgalanis,6414773,User,8
nkg-,4765254,User,8
wjwithagen,16081914,User,8
zhipeng-jia,6553274,User,8
pcraman,12518641,User,8
clumsy,379115,User,7
haneefmubarak,1464144,User,7
lth,292656,User,7
siddontang,1080370,User,7
lovrop,217254,User,7
tchaikov,59071,User,6
tecbot,194458,User,6
yoshinorim,253614,User,6
zhangjinpeng1987,19700528,User,6
ot,17024,User,6
BusyJay,1701473,User,6
edouarda,331889,User,6
alberts,409689,User,5
xiaosuo,105033,User,5
mkevac,123544,User,5
thatsafunnyname,4728785,User,5
Vaisman,3206151,User,5
Liuchang0812,1787766,User,5
ayappanec,6734658,User,4
Chilledheart,2123461,User,4
hermanlee,6656176,User,4
jalexanderqed,9711028,User,4
jwiepert,1927393,User,4
lalinsky,220839,User,4
daaku,593,User,4
benesch,882976,User,4
robertabcd,461044,User,4
vmx,42839,User,4
vldbhw,10756288,User,4
sanjosh,6673748,User,4
alex-maginatics,18707909,User,3
alexander-fenster,4015807,User,3
andrewjcg,648225,User,3
sepeth,100005,User,3
javigon,902977,User,3
natalieh,475111,User,3
saghm,5875560,User,3
satnam6502,6164339,User,3
alabid,928460,User,3
dyu,79355,User,3
petermattis,6201335,User,3
baotiao,649004,User,3
qinzuoyan,528445,User,3
arschles,70865,User,2
alxyang,2774449,User,2
zinoale,8257131,User,2
zertosh,830952,User,2
ashishenoyp,9093296,User,2
barnaby0101,7469241,User,2
bpot,8415,User,2
gdhdanny,9837879,User,2
AMDmi3,474217,User,2
gabijs,4635708,User,2
mhlakhani,532026,User,2
ijsong,1416696,User,2
jamesgolick,37,User,2
jamesgpearce,90942,User,2
domsj,89326,User,2
cleaton,200892,User,2
joscollin,23738514,User,2
ldemailly,3664595,User,2
zerebubuth,271360,User,2
mcallahan,2946048,User,2
pshareghi,7822007,User,2
asameet,10950687,User,2
swkrueger,572412,User,2
thawan,2474482,User,2
uddipta,2316480,User,2
vasilep,12665707,User,2
vaintroub,1708204,User,2
weiwei04,2130651,User,2
bbiao,41536,User,2
zhangyybuaa,9365606,User,2
dyniusz,14808273,User,2
flabby,1839021,User,2
huahang,351370,User,2
msb-at-yahoo,7442825,User,2
marpaia,927168,User,2
wenduo,8447440,User,2
yinqiwen,222799,User,2
zxylvlp,7372696,User,2
orgads,1246544,User,2
tianx,5660007,User,2
rockeet,1574991,User,2
cibuild-fb,3130539,User,1
aorenste,19294870,User,1
adamfaulkner,1405916,User,1
a-robinson,7085343,User,1
amiharux,1029604,User,1
AggroBlitzer,5130341,User,1
Andersbakken,73034,User,1
andybons,365204,User,1
pathfinder666,3827295,User,1
ankneo,24132,User,1
bhamodi,7663987,User,1
barisfb,17503396,User,1
bartman,6721,User,1
bassam,1463491,User,1
bentorfs,6377724,User,1
benrnd,1487353,User,1
bgirard,793565,User,1
bgrainger,188129,User,1
OverlordQ,44329,User,1
bcrfb,9575782,User,1
xiaogaozi,149645,User,1
behanna,2091481,User,1
lamby,133209,User,1
dlezama,28986356,User,1
dch,284368,User,1
zxcvdavid,1303201,User,1
DerekSchenk,2144899,User,1
dkorolev,2159447,User,1
divchenko,2816557,User,1
okhonko,8376885,User,1
edoogie,5127982,User,1
ekg,145425,User,1
EugenePig,6858322,User,1
ewoutp,4750892,User,1
fceller,392005,User,1
sycamlaw43,10638512,User,1
Cona19,11642955,User,1
hyunyoung2,6804321,User,1
igm,152321,User,1
javacruft,488632,User,1
bluesalt,586420,User,1
JevonQ,9070185,User,1
majianpeng,1230551,User,1
joliss,524783,User,1
johnistan,800669,User,1
jrobeson,56908,User,1
simi,193936,User,1
scsiguy,5075778,User,1
kamasubb,19691046,User,1
Kangmo,510271,User,1
kjk,7935,User,1
jujojujo2003,1708406,User,1
flyd1005,12636102,User,1
hercule24,3295695,User,1
lucasqiu,3506547,User,1
mdlugajczyk,3278065,User,1
mkurdej,1609564,User,1
mattkohl,4329213,User,1
merlimat,62500,User,1
maximecaron,1174484,User,1
mkhq,111101,User,1
mikhail-antonov,862770,User,1
min-mwei,19379088,User,1
coderplay,107521,User,1
nadavrot,8635342,User,1
flandr,1644146,User,1
muffins,1328916,User,1
terrelln,6619134,User,1
nipunn1313,1300387,User,1
osandov,3682206,User,1
forkbong,10636055,User,1
pborreli,77759,User,1
sakura90,6892198,User,1
paulmar,3985614,User,1
pawanrawal,7247941,User,1
wpc,10283,User,1
petehunt,239742,User,1
pratyushseth,7296068,User,1
rhysparry,112689,User,1
sselva,1208935,User,1
vors,816680,User,1
ShaoYuZhang,487952,User,1
shligit,9617477,User,1
shenli,1192573,User,1
fredfsh,333028,User,1
simonmar,609606,User,1
spredolac,5665503,User,1
spencerkimball,6147149,User,1
eile,354947,User,1
sunpoet,688777,User,1
thii,4506500,User,1
tomdz,107155,User,1
tudor,125148,User,1
spacejam,1505488,User,1
absolute8511,678699,User,1
vladb38,8782157,User,1
Yancey1989,1426912,User,1
yfeldblum,169419,User,1
yitingli,3092545,User,1
yumios,1065418,User,1
agchou,1366142,User,1
ammongit,8848022,User,1
ananclub,863594,User,1
anagav,2091845,User,1
atkawa7,5673828,User,1
benoitc,14498,User,1
hustlb,3707563,User,1
newpoo,2150070,User,1
boolean5,5280463,User,1
charsyam,439301,User,1
dallasmarlow,344678,User,1
dmittendorf,15054017,User,1
dx9,1334971,User,1
foolenough,3363081,User,1
ngaut,878009,User,1
haoxiang47,7543477,User,1
ivanabc,2413729,User,1
kapitan-k,20855097,User,1
lisyarus,1516976,User,1
miguelportilla,1524671,User,1
notna123,2266872,User,1
matope,1592685,User,1
oranagra,7045099,User,1
panfengfeng,3929979,User,1
ryneli,4064978,User,1
shamdor-fb,5808905,User,1
slyrz,6135391,User,1
somnathr,5751779,User,1
usumeet,4434349,User,1
woonhak,5233696,User,1
xh931076284,19407588,User,1
xiaoxichen,1584218,User,1
xiusir,23228998,User,1
yizishou,20429728,User,1
zhang-tong,20582724,User,1
mm304321141,926825,User,1
