wez,117777,User,1237
sid0,180618,User,208
dhruvsinghal,3338555,User,82
bhamiltoncx,671827,User,16
vjeux,197597,User,9
otrempe,3832356,User,8
wincent,7074,User,8
0-wiz-0,2221844,User,7
bmdhacks,1010987,User,6
cjiph,1978924,User,4
meyering,710630,User,4
kwlzn,1883523,User,4
andrewjcg,648225,User,3
dturner-tw,6484012,User,3
mgeisler,89623,User,3
danez,231804,User,3
simpkins,163549,User,2
cpojer,13352,User,2
dcolascione,331322,User,2
gauravkumar28,5738582,User,2
indygreg,342993,User,2
JoelMarcey,3757713,User,2
bolinfest,655869,User,2
mkillianey,180863,User,2
niclasr,6010579,User,2
orip,36193,User,2
Vaelatern,7906072,User,2
blablacio,3009538,User,2
zined,1200504,User,2
AGFeldman,6272689,User,1
snarkmaster,2081923,User,1
amasad,587518,User,1
andriigrynenko,7255704,User,1
anirbanr-fb,19419823,User,1
quinox,739770,User,1
cstrahan,143982,User,1
Orvid,709247,User,1
mdamien,1469823,User,1
dbs,317113,User,1
illicitonion,1131704,User,1
davidaurelio,158859,User,1
dawsbot,3408480,User,1
edmund-huber,345424,User,1
epatenaude,27742977,User,1
gsklee,1006291,User,1
fugalh,15189,User,1
igorsugak,10272840,User,1
ilya-klyuchnikov,273180,User,1
simi,193936,User,1
quark-zju,445459,User,1
kevinsawicki,671378,User,1
mhorowitz,290225,User,1
mjpieters,46775,User,1
matthewjohnston4,986185,User,1
Max-Burns,3029449,User,1
phmx,2445500,User,1
mzlee,682724,User,1
nikai3d,494755,User,1
pborreli,77759,User,1
ptarjan,40143,User,1
Qwait,658954,User,1
relrod,43930,User,1
ryanrhee,242548,User,1
seanfarley,20887,User,1
hroptatyr,243996,User,1
styurin,2167790,User,1
farnz,2284255,User,1
TDAbboud,5448017,User,1
YiqiuLiu,9411502,User,1
zonr,287446,User,1
chantra,24572,User,1
kaitian521,1303341,User,1
mcprentiss,693824,User,1
orf,1027207,User,1
zphricz,4326672,User,1
