jdelong,1497999,User,1752
markw65,117530,User,1495
edwinsmith,1271766,User,1121
ptarjan,40143,User,1007
swtaarrs,118219,User,837
int3,228496,User,771
sgolemon,812538,User,723
mxw,1013739,User,611
Orvid,709247,User,548
alexmalyshev,621989,User,505
ottoni,815047,User,467
fredemmott,360927,User,460
ericlippert,9200228,User,453
dabek,1625880,User,384
jwatzman,575697,User,384
JoelMarcey,3757713,User,384
haiping,207050,User,377
bertmaher,4441820,User,345
elgenie,93270,User,342
scottmac,50088,User,328
jano,160642,User,303
oyamauchi,107014,User,290
scannell,4433664,User,281
paulbiss,1039792,User,272
ricklavoie,12454901,User,250
andrewjkennedy,1854173,User,228
alexchow,744732,User,225
oulgen,4007610,User,192
hermanventer,4325251,User,143
binliu19,11066845,User,135
SiebelsTim,1153003,User,128
dlreeves,3945100,User,121
msullivan,340349,User,108
stephentu,241843,User,107
kodafb,19997982,User,104
ljw1004,3316258,User,98
mikemag,3166600,User,95
LiraNuna,205628,User,88
simonwelsh,125915,User,79
jamesjwu,4811293,User,75
jasone,245970,User,73
alexeyt,727402,User,68
billf,265988,User,68
vladima,8052307,User,67
dariorussi,4442497,User,66
danslo,743661,User,62
tstarling,389141,User,61
gabelevi,1887264,User,59
joelbeales,1796040,User,57
FBNeal,1946182,User,51
lcastelli,209267,User,50
afrind,8259689,User,47
aorenste,19294870,User,46
mofarrell,4332159,User,46
paulcavallaro,487961,User,46
ejcaruso,1234438,User,45
maksfb,8272562,User,45
apeabody,14035345,User,44
andrewparoski,379705,User,44
rrh,1577878,User,42
noony,580196,User,42
mroch,3012,User,42
periodic1236,1748071,User,40
wjywbs,6233680,User,39
nbenton,10165363,User,39
pikatchu,235350,User,39
jlreyes,1796008,User,38
PhilShih,8762699,User,36
reeze,14658,User,36
WizKid,59419,User,35
nigelchanyk,1706987,User,35
GrahamCampbell,2829600,User,34
radford,55631,User,34
hubyrod,419023,User,33
mclarkelauer,237313,User,33
shixiao,2574573,User,33
mboyd1017,452456,User,32
DmitrySoshnikov,244010,User,31
arxanas,454057,User,31
cmuellnerTheobromaSystems,12260177,User,29
Aatch,342416,User,29
abeln,1782179,User,27
OCamlPro-Henry,13061379,User,25
yinghuitan,10968261,User,25
dsainati1,5138903,User,24
dave-estes,15822880,User,24
jcreedcmu,1500822,User,23
jmarrama,70601,User,22
swalk-cavium,23059300,User,22
drilibo,1163741,User,21
philsaltzman,8903036,User,21
MaideCa,183820,User,21
gut,40444,User,20
myreg,2983988,User,20
phooji,2009859,User,20
pathsny,126134,User,20
jjgriego,898919,User,18
kmiller68,4009905,User,18
atdt,376462,User,18
javer,591296,User,18
chipturner,601111,User,18
jrobeson,56908,User,17
bauerj,598790,User,17
andrewjcg,648225,User,17
kevinxucs,1533879,User,16
apuckey,479676,User,16
bmaurer,1697319,User,16
joelpob,1760765,User,15
staabm,120441,User,15
cjiph,1978924,User,14
lowjoel,2505070,User,14
yaslama,309602,User,14
lpathy,15839819,User,14
Gownta,1771157,User,14
andriigrynenko,7255704,User,13
gdbentley,4721933,User,13
lbianc,8248619,User,13
racardoso,13421176,User,13
chalet16,540040,User,13
k-fish,6111995,User,13
cgcai,1057679,User,12
hansonw,577378,User,12
whatthejeff,306525,User,12
Majkl578,144181,User,12
ngavalas,4701284,User,12
denji,3759759,User,12
idn2104,1554769,User,11
jim-saxman,22753343,User,11
kmeht,1120478,User,11
mbouaziz,431600,User,11
dneiter,1376793,User,10
paravoid,1330796,User,10
nikic,216080,User,10
avikchaudhuri,5328177,User,9
dcsommer,1082656,User,9
jeffchan,97428,User,9
meyering,710630,User,9
mshneer,17712768,User,9
nmote,7988361,User,9
octmoraru,11647358,User,9
oebeling,733325,User,9
yfeldblum,169419,User,9
watashi,1107121,User,9
kristapsk,4500994,User,9
nareshv,1161803,User,9
AlphaStream,8634548,User,8
bhosmer,355313,User,8
brandonwamboldt,629141,User,8
johnislarry,1064522,User,8
ebernhardson,558434,User,8
sathvikl,1953256,User,8
aingram,476313,User,7
simpkins,163549,User,7
emiraga,217566,User,7
rybakit,533861,User,7
surupab,11183713,User,7
rameshvarun,889879,User,7
huzhiguang,2068760,User,7
steelbrain,4278113,User,7
aryx,332336,User,7
alikhtarov,7364124,User,7
igorsugak,10272840,User,6
Norbyte,2243424,User,6
tmotyl,515397,User,6
apaloma,9606231,User,6
robocoder,922051,User,6
bzikarsky,225374,User,5
demon,55804,User,5
cblappert,3744743,User,5
dsereni,1372821,User,5
derickr,208074,User,5
hamidre13,2216126,User,5
jthemphill,887446,User,5
Ocramius,154256,User,5
russoue,7917803,User,5
nazar-pc,928965,User,5
RafeKettler,540836,User,5
yhager,65973,User,5
adsharma,658691,User,5
DMortens,7928259,User,5
adriensamson,520234,User,4
asm89,657357,User,4
anca-agape,800123,User,4
andreacampi,33472,User,4
jazzdan,452453,User,4
ebluestein,25541021,User,4
jopamer,618552,User,4
joelastpass,116889,User,4
johnnywalker,748017,User,4
justinjhendrick,4964444,User,4
kmaslack,167500,User,4
mashlol,1039240,User,4
keyurdg,2280740,User,4
klaussilveira,467729,User,4
mcuelenaere,1682432,User,4
milesj,143744,User,4
marcioAlmada,227395,User,4
Pomyk,156784,User,4
tnowacki,1753366,User,4
zlandau,113341,User,4
deadalnix,854121,User,4
mgottein,3387376,User,4
peter-svintsitskyi,1718328,User,4
rlerdorf,54641,User,4
adsr,315003,User,3
alexshap,6532716,User,3
bantu,189375,User,3
asuth,46909,User,3
udat,437040,User,3
bdurette,403387,User,3
brunoalr,1791393,User,3
OCamlPro-Bozman,990971,User,3
djwatson,1105350,User,3
Jo-Con-El,607909,User,3
truongduy134,1406224,User,3
glensc,199095,User,3
deguif,993399,User,3
lavagetto,1475424,User,3
jsedgwick,473122,User,3
eastzone,97425,User,3
jmswen,250397,User,3
knekritz,5401630,User,3
mmatuska,924604,User,3
strager,48666,User,3
alfa07,50047,User,3
bugok,4646767,User,3
WillerZ,509064,User,3
pixelb,316894,User,3
scottrice,585048,User,3
sebastianbergmann,25218,User,3
Stelian,195211,User,3
ypisetsky,287854,User,3
yumios,1065418,User,3
c9s,50894,User,3
sherlockhua,328560,User,3
belka-ew,8720597,User,3
andreeaflorescu,2815944,User,3
DerPapst,2511615,User,2
andreazevedo,741321,User,2
drewklein,19556965,User,2
azich,306069,User,2
anoopc,873317,User,2
goetas,776743,User,2
MatmaRex,160413,User,2
bhamiltoncx,671827,User,2
lbogdan,2083930,User,2
bd808,6469,User,2
bos,23374,User,2
carlbunny,4830221,User,2
craigcarnell,1188869,User,2
daviddoran,313983,User,2
dmitry-brizhinev,10508863,User,2
fadimko,2464403,User,2
pankdm-fb,9959610,User,2
eriklax,275758,User,2
gustavotemple,8224221,User,2
hannesroth,8293516,User,2
ivmaykov,682290,User,2
jamesbornholt,807483,User,2
asgrim,496145,User,2
jesseschalken,1559204,User,2
meths,2228346,User,2
doublecompile,4267230,User,2
joshkirstein,981839,User,2
KendallHopkins,72923,User,2
leegao,62580,User,2
leev,500065,User,2
lbrandy,39820,User,2
mjhostet,4849531,User,2
MattEagle,2532216,User,2
mattflaschen,505874,User,2
Meowse,1838495,User,2
nbronson,129627,User,2
unknownnf,500695,User,2
devriesp,6821370,User,2
pefoley2,920298,User,2
ryanskidmore,4580448,User,2
enov,4045110,User,2
shubhanshu04,1703816,User,2
sid0,180618,User,2
sinaa,1182185,User,2
stuartcarnie,52852,User,2
usumeet,4434349,User,2
trvish123,2515641,User,2
tomdz,107155,User,2
Mizuchi,493322,User,2
tgsergeant,745035,User,2
toliuweijing,1712231,User,2
wez,117777,User,2
yan12125,1937689,User,2
ahupp,40594,User,2
chizhengwang,2335570,User,2
hhvm-bot,8306375,User,2
foldleft,3935731,User,2
adrianheine,139208,User,2
andrewcox,1720094,User,2
kandy,100289,User,2
alobbFB,19416935,User,1
adriantfb,17783315,User,1
albertdahlin,8900986,User,1
aruiz14,4057165,User,1
drcapulet,50848,User,1
frantic,192222,User,1
alandau,4314297,User,1
lisachenko,640114,User,1
snarkmaster,2081923,User,1
AltanAlpay,1690810,User,1
andrewboktor,1869452,User,1
eeeee,681047,User,1
rdna,2306313,User,1
andrerom,289757,User,1
serphen,197190,User,1
hashar,281689,User,1
