akien-mga,4701338,User,2198
reduz,6265307,User,2164
Hinsbart,8281916,User,205
volzhs,8281454,User,176
vnen,5599796,User,169
neikeq,7718100,User,148
marynate,3735467,User,118
punto-,6645309,User,117
Paulb23,6584330,User,113
RandomShaper,11797174,User,104
bojidar-bg,5276727,User,92
eska014,6996191,User,78
Faless,1687918,User,77
karroffel,5209613,User,74
djrm,1103897,User,73
MarianoGnu,1776044,User,70
hurikhan,1824607,User,66
sanikoyes,6880378,User,65
Noshyaar,26753932,User,64
SaracenOne,12756047,User,48
adolson,6351421,User,46
J08nY,1296726,User,46
a12n,6066466,User,45
leezh,185322,User,44
Max-Might,119780,User,37
Geequlim,6964556,User,37
BastiaanOlij,1945449,User,34
Ovnuniarchos,13418890,User,32
tagcup,16531565,User,28
JoshuaGrams,39438,User,26
not-surt,1218087,User,25
StraToN,1289207,User,25
SuperUserNameMan,9801802,User,25
est31,8872119,User,24
romulox-x,7547356,User,24
zaps166,6239090,User,22
kubecz3k,6129594,User,22
marcelofg55,10578225,User,22
Zylann,1311555,User,21
AlexHolly,4741886,User,20
touilleMan,3187637,User,17
nunodonato,1642015,User,17
pkowal1982,19764492,User,17
Spooner,159180,User,16
29jm,6154077,User,15
RayKoopa,9631152,User,15
RameshRavone,10124094,User,15
mrezai,5120436,User,14
toger5,16718859,User,14
Marqin,959429,User,14
NathanWarden,629422,User,13
vkbsb,2384091,User,13
hpvb,2591099,User,12
vinzenz,36638,User,12
ZuBsPaCe,4233942,User,12
firefly2442,531175,User,12
jonyrock,1022757,User,12
TheoXD,6633998,User,12
kurikaesu,6769666,User,11
masoudbh3,9015847,User,11
xodene,1907033,User,11
dbsGen,1573606,User,10
guilhermefelipecgs,1387165,User,10
DmitriySalnikov,7782218,User,10
nounoursheureux,6280095,User,10
ricpelo,616169,User,8
swenner,290658,User,8
eehrich,11037260,User,8
sheepandshepherd,11854330,User,8
slapin,6099,User,8
Biliogadafr,10543859,User,7
timoschwarzer,8849554,User,7
CowThing,11450875,User,7
PeaceSells50,12586944,User,7
koalefant,4587648,User,7
lonesurvivor,14860837,User,7
lordadamson,6195060,User,6
Brickcaster,13324089,User,6
shackra,1055216,User,6
WalasPrime,11784263,User,6
Razzlegames,8754559,User,6
chuckeles,4700122,User,6
moritz-wundke,414077,User,6
razvanc-r,1177508,User,6
Krzycho666,6615905,User,6
magyar123,7415668,User,6
jackmakesthings,3606708,User,6
groud,6093119,User,6
robertdhernandez,1021995,User,6
cart,2694663,User,5
profelis,250935,User,5
erbridge,1027364,User,5
grabiller,1168072,User,5
empyreanx,3045973,User,5
mateka,6030795,User,5
endragor,2417849,User,5
TwistedTwigleg,25082678,User,5
m4nu3lf,5478365,User,5
Alex-doc,9847430,User,5
mattiascibien,1300681,User,5
dumitru-stama,1621138,User,5
rollenrolm,8785013,User,5
antonyjones67,3905646,User,5
Calinou,180032,User,5
brakhane,541637,User,4
supagu,11153232,User,4
jejung,13054871,User,4
Limb,240752,User,4
Qwertie-,6601505,User,4
robmessick,1960412,User,4
zenvoid,17742333,User,4
quabug,683655,User,4
samuelgrigolato,352108,User,4
supaiku-o,1311798,User,4
bd339,10205993,User,3
ElectricSolstice,5295371,User,3
Gerold31,1807803,User,3
HeartoLazor,12376042,User,3
hiltonm,461000,User,3
ISylvox,20697655,User,3
CombustibleLemonade,3164190,User,3
Nulifier,6885933,User,3
sowfelicity,29462486,User,3
noidexe,526829,User,3
Melix19,23530586,User,3
capnm,4047289,User,3
Mavhod,6188056,User,3
Zamaroht,5358689,User,3
P-GLEZ,19669392,User,3
ippan,2070604,User,3
phobos-tro,15309592,User,3
Skyfrit,20874456,User,3
trond,217357,User,3
TheKK,5238484,User,3
voithos,744228,User,3
ageazrael,226760,User,3
techtonik,515889,User,3
ducdetronquito,9960268,User,3
honix,11596541,User,3
theuserbl,8337032,User,3
bdero,919017,User,3
henriquelalves,7095429,User,3
jay3d,2527637,User,3
choikwa,5455710,User,3
RebelliousX,1888186,User,3
bebae,11419664,User,3
Griefchief,5757704,User,2
Anarchid,3822768,User,2
hikari-no-yume,579774,User,2
bvbfan,8323581,User,2
sketchyfun,10464013,User,2
Bonfi96,10245471,User,2
MWGNZ,944167,User,2
Drachenfels,135730,User,2
Elinvention,5737945,User,2
francogarcia,6940298,User,2
gau-veldt,1862162,User,2
GungnirInd,7527892,User,2
Felbo,1987806,User,2
ronchaine,481125,User,2
jarfil,1408161,User,2
Jerome67000,7358899,User,2
Jylhis,2924267,User,2
Kazuo256,645222,User,2
MattUV,13215043,User,2
umxprime,611795,User,2
mbrickn,5591107,User,2
Valentactive,16520617,User,2
NNesh,12952093,User,2
olifly,3864080,User,2
ficoos,236262,User,2
pixelpicosean,539820,User,2
sergey-push,26034850,User,2
shlomif,3150,User,2
Shockblast,5357217,User,2
Terseus,1707139,User,2
blackwc,5894027,User,2
bwzuk,6348074,User,2
caryoscelus,1758893,User,2
clayjohn,16521339,User,2
demolitions,5278876,User,2
fry-,10758005,User,2
Hodes,11355469,User,2
kbake,4723488,User,2
macramole,2916153,User,2
mikica1986vee,8853364,User,2
orbitcowboy,156464,User,2
rafalcieslak,6637987,User,2
romeojulietthotel,20975463,User,2
sunnystormy,4072077,User,2
tommy3,7785953,User,2
20kdc,22304167,User,2
damon-myers,6657122,User,2
imgxx,748369,User,2
the-mech,10233279,User,2
trtstm,5896860,User,2
aqnouch,3692812,User,1
agusbena,9142224,User,1
codx,452496,User,1
AlexHoratio,20541139,User,1
astillich,2734679,User,1
Algrin6,16309178,User,1
Magurosenbei,2603653,User,1
ndee85,6723918,User,1
JohnnyLeone,2356368,User,1
Xrayez,17108460,User,1
opmana,8367583,User,1
her001,571088,User,1
ds-aren,23210688,User,1
Leandros,396475,User,1
attilix,17616408,User,1
avril-gh,3224132,User,1
bscranton,864685,User,1
JIghtuse,908960,User,1
Brett-Mitchell,22149686,User,1
MadEqua,7613223,User,1
bruno-ortizgb,14183611,User,1
bruno-ortiz,5748995,User,1
cverdes,6440942,User,1
themindoverall,122677,User,1
Cybolic,1196197,User,1
BeayemX,3453076,User,1
Corruptinator,5027750,User,1
CrazyGuy108,13547043,User,1
DTV96Calibre,10363350,User,1
damianday,1334173,User,1
wass3r,1301201,User,1
devnexen,4922778,User,1
SystemFail,1650066,User,1
didier-v,3208836,User,1
DCubix,5081992,User,1
bugstew,8849693,User,1
Dobbias,9339504,User,1
ERIIX,9557642,User,1
MednauN,20835548,User,1
FEDE0D,6296184,User,1
susnux,1855448,User,1
fdb,8477,User,1
Gastronok,10686700,User,1
Tugsav,3738264,User,1
iap-mutant,10973457,User,1
iboshkov,2392895,User,1
jamesmintram,108040,User,1
jlopezcur,4610342,User,1
jeremycw,556462,User,1
baekdahl,616993,User,1
jotson,1168026,User,1
darkfoxprime,11813076,User,1
zlsa,6366062,User,1
noh4ck,3076780,User,1
evolarium,5010373,User,1
Garmelon,11077553,User,1
josempans,2577640,User,1
TheJosh,1219314,User,1
Keetz,6707330,User,1
Kermer,10342043,User,1
kevinhartman,1374024,User,1
Keyaku,4369174,User,1
lethiandev,5323129,User,1
Kristonitas,9002285,User,1
Kryptocron,12001412,User,1
w84death,2567162,User,1
lmbarros,1016681,User,1
Liangdi,1019161,User,1
luiz-pv9,4276593,User,1
cimpresovec,615521,User,1
iammangod96,15985211,User,1
manokara,3709789,User,1
Martho42,11780347,User,1
MrMaidx,8977194,User,1
MasonAsh,1817000,User,1
mdcasey,4513866,User,1
argylelabcoat,1558014,User,1
toby3d,5412322,User,1
Adjective-Object,1174858,User,1
echo-Mike,14947581,User,1
mownier,3685613,User,1
MrGreenTea,9407731,User,1
Murii,7363306,User,1
thetron,64073,User,1
cynicaldevil,11256206,User,1
Nr7,4526353,User,1
paviro,992826,User,1
rminderhoud,1752584,User,1
ranmaru90,5054104,User,1
RegalMedia,14957407,User,1
rraallvv,1840524,User,1
rndevfx,5052076,User,1
rlewicki,10658394,User,1
rodolforg,1323987,User,1
SPTelur,16637478,User,1
gamedevsam,420996,User,1
ScotFlux,10663548,User,1
ShadowKyogre,673620,User,1
r1cebank,261671,User,1
Stabington,8779331,User,1
Tegu,5788185,User,1
Cruel,383999,User,1
thomas-goerlich,1237975,User,1
thomassigurdsen,1655421,User,1
timroes,877229,User,1
tolga9009,6173663,User,1
TiZ-EX1,4130673,User,1
ivanskodje,6776092,User,1
UgisBrekis,9309589,User,1
samsaga2,59148,User,1
Dumbeldor,3883583,User,1
waldson,160668,User,1
Warlaan,7500693,User,1
willnationsdev,16217563,User,1
wvdschel,76032,User,1
jjay,122736,User,1
ZX-WT,10883749,User,1
Zireael07,4525388,User,1
allkhor,1049442,User,1
anakimluke,22756345,User,1
anneomcl,5508438,User,1
ajacobsen,717290,User,1
bibby,97957,User,1
teamblubee,2129150,User,1
bruvzg,7645683,User,1
captainwasabi,8583375,User,1
chanon,357737,User,1
cheece,9534017,User,1
crr0004,6213793,User,1
curtisxk38,7904921,User,1
darkoff9,27221527,User,1
ProbDenis,15891496,User,1
derderder77,11818809,User,1
dotquixote,29693112,User,1
fluffrabbit,6635630,User,1
greay,225857,User,1
Hondres,6627817,User,1
hyperglow,8523290,User,1
iam13islucky,4074135,User,1
jmintb,10332534,User,1
khairul169,10296472,User,1
kjohnson0451,12259617,User,1
syskrank,11526664,User,1
ktksgit,11790344,User,1
mdraw,6719909,User,1
mogemimi,4461792,User,1
mookiexl,10534111,User,1
rdb,194842,User,1
redtoorange,12308562,User,1
remorse107,7462993,User,1
rrockru,619735,User,1
sikakraa,7192495,User,1
suptoasty,16758490,User,1
vipsbpig,1953549,User,1
zer0problem,4707205,User,1
zvodd,684617,User,1
buresu,2587873,User,1
