gwvo,6145400,User,496
aardappel,4663648,User,109
rw,21367,User,56
TGIshib,12123342,User,43
Lakedaemon,103175,User,24
aeneid,9805174,User,22
stewartmiles,6042948,User,16
pjulien,673277,User,16
rgilles,449437,User,11
jonsimantov,8334459,User,10
jsanmiya,6147184,User,10
parnic,888126,User,9
evanw,406394,User,9
alexames,531549,User,8
bog-dan-ro,2239316,User,8
ncpenke,16369152,User,8
amoldeshpande,7281173,User,7
mikkelfj,193335,User,6
evolutional,2247662,User,6
llchan,51099,User,5
mormegil-cz,432985,User,5
daksenik,12596194,User,5
Bklyn,64128,User,4
chrisstaite,4399765,User,4
mystal,74258,User,4
krojew,1268573,User,4
michaelbpaulson,4458174,User,4
schoetbi,764173,User,4
FrankStain,536719,User,4
bhamiltoncx,671827,User,4
advayDev1,11729521,User,3
devantoine,1639739,User,3
bmharper,876013,User,3
KageKirin,594494,User,3
escholtz,897417,User,3
ennerf,5491587,User,3
zchee,6366270,User,3
RevenantX,825465,User,3
eile,354947,User,3
zarianw,8523485,User,3
chronoxor,4397805,User,3
dyu,79355,User,3
armen,6529,User,3
sahiljain,1626670,User,3
gbeili,24926146,User,3
senior7515,175206,User,2
lebdron,14347159,User,2
blep,622106,User,2
Reimerei,1485292,User,2
brcooley,713563,User,2
cberner,842688,User,2
danring,52101,User,2
flier,61618,User,2
jesta88,5116779,User,2
njh0602,10749845,User,2
lp35,17080848,User,2
Mandar-Shinde,507660,User,2
mrhappyasthma,1547356,User,2
martinus,14386,User,2
yacoder,5975590,User,2
mnmtanish,136691,User,2
Nnamdi,890237,User,2
iperry,224968,User,2
Mischanix,892369,User,2
gitter-badger,8518239,User,2
zachreizner,292711,User,2
shaxbee,5236349,User,2
benssson,8818553,User,2
gonzaloserrano,349328,User,2
motxx,5776910,User,2
MizukiSonoko,6281583,User,2
gregoire-astruc,494291,User,2
per-gron,87926,User,2
YuryBandarchuk16,19752696,User,2
franramirez688,4571041,User,2
AaronCritchley,5992653,User,1
aaronhudon,4406811,User,1
albertofem,409472,User,1
akerfoot,9937812,User,1
cage433,60281,User,1
alexrwasserman,20143654,User,1
athei,2580396,User,1
rstoica,4814838,User,1
athundt,207934,User,1
ankurdave,408432,User,1
AntonYudintsev,2990787,User,1
akazakov,47600,User,1
nopcoder,8110,User,1
baszalmstra,4995967,User,1
qsr,941614,User,1
bpot,8415,User,1
bbigras,24027,User,1
Casamatechs,15941476,User,1
CarsarSky,23351830,User,1
hazelnusse,63265,User,1
tribal-tec,701401,User,1
dim-an,88889,User,1
belldon,1601276,User,1
kimsin3003,3433737,User,1
dlsniper,607868,User,1
manoj23,328142,User,1
Guillaume227,9445488,User,1
hadrielk,3319094,User,1
royalharsh,3523733,User,1
heirecka,649320,User,1
matsuhiro,843382,User,1
hyjin,39717,User,1
methane,199592,User,1
ibloat,1326244,User,1
jaakristioja,2684083,User,1
kazimuth,555667,User,1
phraemer,143631,User,1
jasonstubbs,2459939,User,1
Jiboo,99841,User,1
stemann,604815,User,1
proppy,5268,User,1
belm0,1708631,User,1
jonathantullett,6867061,User,1
Klaim,142265,User,1
Kameiha,11549693,User,1
splhack,81904,User,1
LeanderBB,2772270,User,1
LouisCAD,6975237,User,1
ozkuran,3703344,User,1
manolama,1377700,User,1
martell,1595499,User,1
mpusz,506260,User,1
mmastrac,512240,User,1
mendsley,260055,User,1
mzaks,347106,User,1
layzerar,652101,User,1
mfcollins3,104274,User,1
mortonfox,495892,User,1
pascaldekloe,4867072,User,1
pavelkalinnikov,3757441,User,1
rubber-duck,424307,User,1
fichter,4659435,User,1
ricardoquesada,232330,User,1
robbiemc,23013,User,1
robertfsegal,668760,User,1
jronak,1933534,User,1
rushabhy,6830184,User,1
dictav,126048,User,1
sgbench,6556797,User,1
StephanTLavavej,4231088,User,1
WhoBrokeTheBuild,993663,User,1
cogumbreiro,2490181,User,1
tkelman,5934628,User,1
travisfw,655987,User,1
Chippiewill,5642008,User,1
jaszczw,1790627,User,1
dreifachstein,5867424,User,1
xunl,22312599,User,1
yakiro,1281890,User,1
leeygang,446412,User,1
yurivict,271906,User,1
0x1997,380586,User,1
akamat-ibm,13044506,User,1
artiom,15435,User,1
lbensaad,2950904,User,1
cajun-rat,41266,User,1
changnet,9293777,User,1
garretmcgraw,23341656,User,1
jbrads,13371440,User,1
krupnov,5932394,User,1
ekousp,1320677,User,1
loverszhaokai,2187242,User,1
msb-at-yahoo,7442825,User,1
mogemimi,4461792,User,1
reynolma2,11319560,User,1
rufeooo,8396101,User,1
sfariv,1916231,User,1
sjoblom65,25233057,User,1
takaken1994,6722037,User,1
tianyapiaozi,637568,User,1
vabr-g,18269092,User,1
vijairaj,953389,User,1
xiaohaoliang,20333772,User,1
yinlei,1405581,User,1
