BillyDonahue,8611652,User,164
devjgm,9447643,User,10
sejr,2413031,User,10
DukeXar,1183043,User,8
markmentovai,933273,User,7
gennadiycivil,12735026,User,7
coryan,6241635,User,5
duggelz,608338,User,5
mazong1123,4554154,User,5
marco-m,3075069,User,4
nico,3487,User,4
audiofanatic,16160067,User,3
d-meiser,4172672,User,3
KindDragon,224272,User,3
DanAlbert,315852,User,2
ilmagico,7019416,User,2
djmott,14859331,User,2
GoogleCodeExporter,9614759,User,2
jacob-meacham,1624811,User,2
junr03,6007532,User,2
martinmaly,5521294,User,2
mtbrandy,4450001,User,2
tamland,148836,User,2
ngergo,5185941,User,2
DarthGandalf,325092,User,1
Ali-Se,9544911,User,1
anuragsoni,5814535,User,1
lacombar,34272,User,1
cmorse,97602,User,1
Chris-Sharpe,5216724,User,1
dankegel,170976,User,1
daus-salar,5840128,User,1
davidben,109690,User,1
dawikur,11866902,User,1
dhood,5618076,User,1
Ferenc-,6553695,User,1
fjunqueira,5576950,User,1
jpuigcerver,656080,User,1
achimnol,555156,User,1
krytarowski,6665730,User,1
mbinna,161041,User,1
mattrajca,123372,User,1
mbjorge,1483255,User,1
orgads,1246544,User,1
plopresti,8864861,User,1
phad,874173,User,1
paul-wilkinson,7225429,User,1
pjaytycy,3098363,User,1
ReadmeCritic,15367484,User,1
nomis52,4355332,User,1
srouquette,506330,User,1
nocnokneo,514960,User,1
mithro,21212,User,1
pwnall,11460,User,1
nyibbang,4507762,User,1
dekimir,1635074,User,1
jorgehb,12732462,User,1
lipk,3096858,User,1
srz-zumix,1439172,User,1
