lararennie,8970931,User,259
keghani,9949289,User,192
jias0001,6398456,User,179
pliard,473905,User,168
dlyongemallo,9248532,User,120
andyst,87806,User,70
penmetsaa,13312505,User,69
roubert,724587,User,43
hagbard,867170,User,41
roes,7324,User,34
mihaelacr-google,9949000,User,27
tronikos,9987465,User,24
kkeshava,17308296,User,21
SumathiSundara,23094797,User,18
mizuni,19951369,User,17
dpocock,1236687,User,16
afarsi,19834847,User,15
padmaksha,5441798,User,15
tiagosh,9450613,User,8
DrHyde,216826,User,5
dimbleby,875184,User,5
mirunabarbu,8981304,User,5
tg123,170430,User,4
bhamiltoncx,671827,User,3
g1smd,543007,User,3
nirberman,2378585,User,3
myanimal,1039823,User,2
anssih,509357,User,2
alucic,1689028,User,2
felixonmars,1006477,User,2
gjasny,1165598,User,2
ivoanjo,2785847,User,2
mgoyal1,20947448,User,2
distnz,3527272,User,2
Sustenance,4147842,User,2
akfernun,5104499,User,1
NeverMindNever,3941009,User,1
behdad,142891,User,1
bmarry,9975320,User,1
csteinle,11772213,User,1
frett,47818,User,1
Corei13,4954380,User,1
dmitry,5091,User,1
fallanic,1240520,User,1
fustundag,841630,User,1
gpoul,161626,User,1
ifraixedes,1731633,User,1
crowell,616288,User,1
giggsey,305730,User,1
kddlb,115702,User,1
kylecronin,9188,User,1
milose,2998029,User,1
nico,3487,User,1
junyer,3593753,User,1
RyanZailab,20703346,User,1
bryant1410,3905501,User,1
swkrueger,572412,User,1
tadfisher,129148,User,1
Turbo87,141300,User,1
armleo,7474152,User,1
avimar,314077,User,1
carcabot,5592599,User,1
dantwining,950341,User,1
sgraham,1822,User,1
