xfxyjwf,8551050,User,604
jskeet,17011,User,574
pherl,315593,User,370
haberman,1270,User,283
csharptest,385366,User,270
thomasvl,5279928,User,258
TeBoring,5195749,User,237
maxtroy,16337072,User,212
jtattermusch,9939684,User,156
acozzette,1115459,User,131
anandolee,11618033,User,72
cfallin,216148,User,52
ArnoldZokas,159256,User,49
zhangkun83,9053690,User,32
sergiocampama,689198,User,32
brianduff,401512,User,31
tamird,1535036,User,30
tseaver,242750,User,30
BSBandme,5126482,User,30
dano,38807,User,27
podsvirov,8400779,User,26
wangying1015,12467745,User,24
yeswalrus,354012,User,23
jcanizales,5120183,User,18
jbrianceau,5746498,User,16
jpd236,4713321,User,15
keveman,229914,User,14
ckennelly,135530,User,10
pkasting,13443095,User,10
bshaffer,103941,User,7
nsuke,3064114,User,7
skippy,3746,User,6
krishnanm86,2853589,User,6
stanley-cheung,11674202,User,6
zsurocking,10237908,User,6
nicolasnoble,7281574,User,6
byronyi,2613663,User,6
gamblore,1059149,User,5
xyzzyz,876877,User,5
anuraaga,198344,User,5
JasonLunn,778854,User,5
jhump,2035234,User,5
seishun,988441,User,5
thughes,428788,User,5
worr,183837,User,5
tetek,286878,User,5
cgrushko,1998689,User,5
murgatroid99,961599,User,5
edmonds,202839,User,5
adalq,3753822,User,4
anderscarling,49722,User,4
apaprocki,767372,User,4
ayende,116915,User,4
abscondment,36872,User,4
fizbin,4110350,User,4
ennerf,5491587,User,4
JohnHBrock,3038603,User,4
khingblue,21261799,User,4
matthauck,1308591,User,4
mzhaom,5767792,User,4
tswast,247555,User,4
wychen,5106232,User,4
wackoisgod,92770,User,3
hochhaus,5508784,User,3
bklarson,370372,User,3
bsilver8192,2999225,User,3
davidzchen,5283042,User,3
dongjoon-hyun,9700541,User,3
ficusk,1130624,User,3
isaiah,18042,User,3
buchgr,1388179,User,3
jhickson,2581446,User,3
marcinwyszynski,571786,User,3
ngbrown,228987,User,3
petewarden,161459,User,3
smparkes,4292,User,3
dtrefilo-Quest,9788835,User,3
mike07026,16629623,User,3
andrewharp,3376817,User,3
numberten,905727,User,3
adam-26,2652619,User,2
andreaseger,172702,User,2
tatraian,17123842,User,2
abuszta,1630164,User,2
KindDragon,224272,User,2
ax3l,1353258,User,2
btabibian,730361,User,2
mojoBrendan,3146111,User,2
camillol,196272,User,2
cstanhope,203197,User,2
legrosbuffle,1451920,User,2
damienmg,3721087,User,2
DanAlbert,315852,User,2
davehawkey,13965397,User,2
KarrokDC,7057293,User,2
dlitz,99377,User,2
devwout,149323,User,2
gabikliot,10171207,User,2
gvaish,266251,User,2
ngg,550654,User,2
gegles,7015782,User,2
Sahloul,6416713,User,2
chingor13,32483,User,2
c0nk,10184038,User,2
rinatz,11487378,User,2
leif81,494426,User,2
LitingLin,7527161,User,2
Oppen,932199,User,2
matt-kwong,22083734,User,2
nico,3487,User,2
ottok,668724,User,2
myitcv,3374574,User,2
peternewman,6216436,User,2
hasinoff,1069240,User,2
sschuberth,349154,User,2
silviulica,4011298,User,2
scpeters,3650755,User,2
tkarls,5672845,User,2
Yangqing,551151,User,2
yukawa,5861397,User,2
beardedN5rd,2635465,User,2
ejsd1989,9409428,User,2
goorov,7315051,User,2
huahang,351370,User,2
nmittler,6493296,User,2
ramrunner,1250287,User,2
brian-peloton,7906026,User,2
rshin,13770,User,2
vjpai,8864912,User,2
vladmos,223875,User,2
0xAAE,14043727,User,1
adamatan,1014189,User,1
udnaan,7927822,User,1
adrianludwin,20559844,User,1
aausch,65595,User,1
afrantzis,495575,User,1
abergmeier-dsfishlabs,20398368,User,1
aschrijver,5111931,User,1
mathstuf,97253,User,1
benvanik,75337,User,1
bbarenblat,629239,User,1
benbennett,125957,User,1
bjwatson,471755,User,1
randomascii,10800041,User,1
bryongloden,3155274,User,1
calbach,822298,User,1
calder,52222,User,1
cwelton,411822,User,1
cwhipkey,17578177,User,1
xiaogaozi,149645,User,1
snnn,856316,User,1
chih-hung,17711804,User,1
cconroy,3344240,User,1
chrisn-arm,25792089,User,1
csmith,189133,User,1
ctubbsii,1280725,User,1
craigcitro,468559,User,1
oon3m0oo,11841654,User,1
dago,170490,User,1
bakineggs,2747,User,1
egnor,279819,User,1
frett,47818,User,1
danielgtaylor-isp,22035690,User,1
blodan,3081981,User,1
dlh3,648035,User,1
dmaclach,320201,User,1
dprotaso,18562,User,1
konsumer,83857,User,1
mrry,192142,User,1
dkharrat,428744,User,1
dougkwan,1399231,User,1
DouglasHeriot,238401,User,1
odeke-em,4898263,User,1
ezegomez,12088209,User,1
Steelskin,5022526,User,1
fweikert,12609729,User,1
girving,70511,User,1
geoffreywiseman,49935,User,1
redivo,889883,User,1
gordana-cmiljanovic-imgtec,10922313,User,1
gkraynov,7749127,User,1
gturri,308601,User,1
guoxiao,528318,User,1
zmodem,1148786,User,1
htuch,10914751,User,1
ianfhunter,1540737,User,1
jkukul,7057316,User,1
jnlopar,1297988,User,1
JRBANCEL,1249763,User,1
j9brown,102276,User,1
jeffmvr,2042663,User,1
jcburke14,3218626,User,1
jonwallg,4997501,User,1
jhseu,170179,User,1
jonathon-love,3240247,User,1
Jdavid1001,9089066,User,1
ostrovsky,8068228,User,1
kruton,50407,User,1
kentonv,4001805,User,1
kmonsen,16027,User,1
kchodorow,17042,User,1
kwadkore,551023,User,1
laszlocsomor,10532244,User,1
lizan,1016047,User,1
lberki,3524818,User,1
lukebakken,514926,User,1
SeriousMa,464213,User,1
ozkuran,3703344,User,1
msabramo,305268,User,1
MarcelRaad,5967138,User,1
mharrend,6312836,User,1
MarcusLongmuir,669895,User,1
mark-whiting,1176598,User,1
martiert,223288,User,1
martinmaly,5521294,User,1
yuloh,9440455,User,1
mgiuca,228433,User,1
Ivoz,199266,User,1
matthewvalimaki,1033909,User,1
matthew-wu,15255871,User,1
mbarbon,30901,User,1
mbrickn,5591107,User,1
mda000,5892099,User,1
mavrukin,239147,User,1
pongad,1617025,User,1
saintstack,48398,User,1
mbrukman,4074659,User,1
motahan,14053847,User,1
manupsunny,1786577,User,1
esteluk,219826,User,1
NicklasWallgren,1784879,User,1
qzix,4415512,User,1
sainaetr,3208803,User,1
ParthKolekar,6381582,User,1
kilink,835139,User,1
pcj,50580,User,1
phst,398701,User,1
PiotrSikora,190297,User,1
pszc,30050576,User,1
Qartar,9206009,User,1
gitplaneta,2615595,User,1
Fleshgrinder,1059453,User,1
rgeary1,2048002,User,1
Kwizatz,2333297,User,1
AsturaPhoenix,13222934,User,1
rgarat,488894,User,1
RyanGordon,535118,User,1
snapsam,6834508,User,1
na-ka-na,262532,User,1
yixiang,1995710,User,1
sergei-ivanov,819146,User,1
server-may-cry,5962057,User,1
SergeyGeyn,6217306,User,1
traversaro,1857049,User,1
sinzianag,4180330,User,1
pstavirs,8395079,User,1
ensonic,1279486,User,1
Sufir,538704,User,1
Photonios,5777517,User,1
lebauce,28005,User,1
D3Hunter,3312245,User,1
tiziano88,387628,User,1
tomas-abrahamsson,850307,User,1
allevato,1062427,User,1
vlajos,3994645,User,1
phraktle,333139,User,1
qiwzhang,11790727,User,1
wiktortomczak,19717465,User,1
wmamrak,6103840,User,1
cijianzy,6985160,User,1
yugui,8161,User,1
meteorcloudy,4171702,User,1
yliu120,9438093,User,1
hotpxl,2174815,User,1
zlim,748121,User,1
abyss7,5627721,User,1
acidtonic,4201795,User,1
avgweb,16618090,User,1
chezRong,19977321,User,1
cnauroth,227407,User,1
detlevschwabe,20111938,User,1
drivehappy,248761,User,1
dylanetaft,4467742,User,1
guptasu,11448595,User,1
kbinani,1030301,User,1
kkm000,8228229,User,1
lundefugl,1292880,User,1
makdharma,17325098,User,1
michaelbausor,14846209,User,1
michaelpengcn,5800183,User,1
os72,6581778,User,1
postmasters,8271040,User,1
prehistoric-penguin,10259243,User,1
randomguy3,21680,User,1
sheffatguidance,14915003,User,1
tanderson-google,29989851,User,1
topillar,6680267,User,1
wujingchao,10916295,User,1
yjjnls,20850300,User,1
Zex,1804919,User,1
zhsyourai,3882656,User,1
lukaszx0,11562,User,1
Ang3lus,544460,User,1
