ideawu,3202758,User,262
Ceyword,6273482,User,6
brucehuang2,13306897,User,5
Veklip,7353447,User,4
sirkubax,3442120,User,4
wendal,589819,User,4
so1gitworker,19605762,User,3
ivanabc,2413729,User,3
yanyiwu,2162645,User,3
border,19702,User,2
Masterlvng,1629831,User,2
AlbertYou,1730651,User,1
yegong,242071,User,1
Slach,105560,User,1
fengjiajie,16379560,User,1
ahkimkoo,207163,User,1
jcai,6152,User,1
qiaomuf,261308,User,1
cinience,557426,User,1
cnxzcxy,766866,User,1
1Feng,2050399,User,1
jiangxixin,2288529,User,1
liaochengcai,17421868,User,1
reficull,3324870,User,1
