frankseide,16671126,User,2843
wilrich-msft,17120871,User,880
amitaga,16528882,User,731
mahilleb-msft,10650097,User,605
eldakms,12430061,User,551
jeanfad,17045927,User,523
zhouwangzw,19703521,User,434
chivee,2283057,User,418
wdarling,2647519,User,414
dongyu888,12472179,User,367
n17s,70869,User,367
thilow,17836900,User,316
ebarsoumMS,21152329,User,309
kaisheng,1399852,User,297
sayanpa,22330955,User,270
cha-zhang,18473833,User,258
Alexey-Kamenev,8118464,User,256
raaaar,2082726,User,247
ivrodr-msft,19411240,User,233
fmegen,10654943,User,178
KeDengMS,22626095,User,175
pkranen,16227414,User,163
yqwangustc,6743341,User,161
yzhang87,4911770,User,156
cmarschner,12276033,User,152
chrisbasoglu,16262519,User,148
alexeyo26,15637572,User,145
bmitra-msft,16622562,User,140
wolfma61,15247925,User,133
JashaDroppo,16671599,User,120
gaizkan,10653002,User,118
thhoens,16622691,User,113
ottolu,3054232,User,107
vmazalov,16597514,User,102
chentaMS,26240177,User,90
yuxiaoguo,9793449,User,56
feiga,5779132,User,51
chenguoguo,11788179,User,43
invalid-email-address,148100,User,37
mlseltzer,16657267,User,34
mradmila,11877520,User,31
diyessi,8300383,User,31
vlivan-microsoft,15662285,User,29
qjhd554,1253431,User,26
UnderdogGeek,5243700,User,25
tangyuq,6866166,User,23
anthonyaue,17750356,User,17
ant0nsc,4396121,User,15
jian16,18178108,User,14
guschmue,22941064,User,13
xiaohuliu,18077686,User,13
boeddeker,13744128,User,13
junjieqian,852826,User,12
StillKeepTry,6577458,User,12
taehoonlee,4445535,User,11
Wayne-Xiong,17017135,User,10
noodlefrenzy,813544,User,10
MalcolmSlaney,959911,User,9
nluehr,1873655,User,8
mnidza,9108030,User,8
ruizizhao,16671778,User,8
nguyenquyhy,1560418,User,7
stonebig,4312421,User,7
movasi,18037494,User,6
RatanRSur,4733314,User,6
PetrusKe,15672578,User,6
hjl,57949,User,6
mah,121139,User,5
bencherian,9374201,User,5
FDecaYed,17164548,User,5
ychfan,2804513,User,5
MSharman,19410735,User,4
sasagalic-MSFT,16119802,User,4
lakshayg,7976315,User,4
bebosudo,1922124,User,3
DanielMerget,16800663,User,3
dapisani,22670199,User,3
hunterlang,680821,User,3
luisvw,18619603,User,3
momohs,16039074,User,3
vermorel,932309,User,3
jorgetavares,41369,User,3
aayushgarg,18324728,User,2
Ark-kun,1829149,User,2
pluskid,3542,User,2
jhludwig,1697592,User,2
jonsafari,802922,User,2
JonasKloseBW,17005076,User,2
tuzzer,5633223,User,2
miguelgfierro,3491412,User,2
imriss,4688539,User,2
taeguk,9107889,User,2
wrichert,970921,User,2
Eversole,8444305,User,2
guhernan,10717805,User,2
wengong-jin,2518060,User,2
frankibem,7945507,User,2
AhmedOS,21817835,User,1
anwald,22433037,User,1
arturl,1875734,User,1
CarlMungazi,8584475,User,1
danielsc,8079390,User,1
dfhar,3317104,User,1
rold2007,507551,User,1
davidarh,25058566,User,1
felixonmars,1006477,User,1
GeoffChurch,11097413,User,1
HthSolid,4158547,User,1
ivanst0,17503404,User,1
progschj,1257680,User,1
jasondwilliams,5472840,User,1
juice500ml,7028312,User,1
BorisJineman,3911266,User,1
wilhelmtell,1458,User,1
mikhail-barg,2208971,User,1
moprescu,14111979,User,1
pzread,2104162,User,1
RobPethick,8695631,User,1
rogersachan,7173984,User,1
rwightman,5702664,User,1
ryanolson,926226,User,1
samjabrahams,11607205,User,1
slayton58,4992598,User,1
yoavlt,2039987,User,1
gitter-badger,8518239,User,1
YanZhangADS,10565026,User,1
dadebarr,25211912,User,1
fcb1899,6933935,User,1
infwinston,1206058,User,1
jakrivan,3809076,User,1
jaurora,6474979,User,1
jerogers-msft,25709985,User,1
jplu,959590,User,1
mhamilton723,6456637,User,1
pannous,516118,User,1
shiyang1983,6525596,User,1
takuya-takeuchi,6241854,User,1
walkerning,4240346,User,1
weixsong,7642350,User,1
westonplatter,492603,User,1
wsywl,25789244,User,1
DGideas,4065128,User,1
