miloyip,1195774,User,1270
pah,177333,User,232
thebusytypist,6429879,User,39
StilesCrisis,25475261,User,29
corporateshark,2510143,User,28
thedrow,48936,User,26
efidler,415600,User,17
jollyroger,96645,User,16
drewnoakes,350947,User,8
mloskot,80741,User,8
spl,54900,User,7
lichray,433009,User,5
ivankravets,1760209,User,4
haubi,2249625,User,3
ludocode,278471,User,3
patcheng,328610,User,3
malirod,1135245,User,3
SuperSodaSea,8724868,User,3
stunney,609012,User,3
CreoValis,8884263,User,3
andrusha97,3728561,User,2
andytimes,7419875,User,2
harrywong,1469663,User,2
yachoor,1234074,User,2
sjasonsmith,20053467,User,2
OlegHahm,1590423,User,2
Phyks,3856586,User,2
TedLyngmo,2361158,User,2
macworld,1377869,User,2
blackball,522354,User,2
etiennebatise,5644956,User,2
yuzhaol,2814627,User,2
niukuo,6831097,User,2
AdamMajer,1211498,User,1
mitza-oci,10078698,User,1
antonindrawan,8410993,User,1
sebastic,4605306,User,1
bennyyip,7467687,User,1
brucestephens,3371217,User,1
Chocobo1,9395168,User,1
ChrisLundquist,181256,User,1
comand,429986,User,1
danvk,98301,User,1
shindo,863752,User,1
erikfroseth,5575189,User,1
fcharlie,6904176,User,1
FrankHB,1857647,User,1
guoxiao,528318,User,1
ibell,1859947,User,1
isanych,2913258,User,1
jseward,1309841,User,1
wrr,1032408,User,1
jnicholls,20395,User,1
jschobben,16669720,User,1
jmallach,929712,User,1
c0nk,10184038,User,1
kevina,1271492,User,1
kojik1010,1741094,User,1
ktrushin,1429351,User,1
Kosta-Github,2526664,User,1
kurt-nj,4553884,User,1
FluxLemur,3722153,User,1
bytePro17124,13642513,User,1
m7thon,5876537,User,1
gadomski,58314,User,1
ReadmeCritic,15367484,User,1
sfinktah,4650770,User,1
TyRoXx,941829,User,1
Eswcvlad,7355855,User,1
FrozenGene,7287321,User,1
icechen1,3333944,User,1
ziyangli,2805299,User,1
bluehero,22857871,User,1
fuzhufang,6743583,User,1
qywx,7225779,User,1
myd7349,5435649,User,1
oktal,859699,User,1
shadeware,4208353,User,1
spacewander,4161644,User,1
ylavic,15033035,User,1
