keithw,208955,User,718
cgull,1934797,User,220
andersk,26471,User,107
kmcallister,444997,User,93
quentinmit,115761,User,22
glance-,1290022,User,17
achernya,1041517,User,12
geofft,74644,User,8
sirainen,1644825,User,8
eminence,402454,User,7
niieani,563469,User,4
piannucci,552810,User,4
ahroach,1512551,User,2
kaduk,1894506,User,2
saurik,36743,User,2
lukem,629143,User,2
sbdchd,7340772,User,2
sqweek,1590301,User,2
pulkomandy,2964297,User,1
lexande,1638855,User,1
airblade,7265,User,1
ashmew2,814175,User,1
barosl,573768,User,1
baruchsiach,8298220,User,1
blblack,1015349,User,1
Tracerneo,660285,User,1
ddrown,1685698,User,1
DanielO,643662,User,1
EdSchouten,736085,User,1
elyscape,792695,User,1
matsen,112708,User,1
The-Compiler,625793,User,1
y-higuchi,2786913,User,1
ibukanov,2381216,User,1
netj,53634,User,1
jwilk,141546,User,1
jmccrohan,315209,User,1
jpollack,88576,User,1
kballard,714,User,1
ldoolitt,1768286,User,1
lpkruger,5733671,User,1
nelhage,16725,User,1
tigeli,2602534,User,1
peterjeremy,1627958,User,1
haselwarter,847386,User,1
rpwoodbu,1192829,User,1
robbat2,373898,User,1
zi0r,1676702,User,1
rinne,1642944,User,1
xiw,801567,User,1
chenxiaoqino,1829214,User,1
olgeni,412031,User,1
termie,56459,User,1
