erh,12109,User,6809
dwight,17261,User,4338
astaple,33134,User,3060
RedBeard0531,118456,User,2246
stbrody,870767,User,1418
milkie,1193960,User,1104
benety,5374530,User,1056
kaloianm,6217825,User,996
andy10gen,1264462,User,907
acmorrow,268253,User,789
dannenberg,326408,User,748
renctan,232352,User,718
dstorch,760706,User,600
kchodorow,17042,User,597
tadmarshall,1087299,User,588
markbenvenuto,6145346,User,462
scotthernandez,114715,User,456
jrassi,294716,User,416
sverch,788085,User,315
GeertBosch,7277117,User,275
kreuter,186215,User,264
amidvidy,363757,User,254
hptabster,5590711,User,250
visemet,1661340,User,243
visualzhou,904814,User,225
agirbal,492434,User,221
judahschvimer,2931637,User,219
monkey101,479524,User,198
cswanson310,2263256,User,198
jbreams,191185,User,192
ehershey,286008,User,189
EshaMaharishi,1517691,User,189
tessavitabile,13758212,User,165
DiannaHohensee,4016923,User,155
agralius,4088171,User,155
guoyr,273640,User,150
samantharitter,1824529,User,147
jameswahlin,1743733,User,140
hanumantmk,150922,User,128
vrtx,1110900,User,122
mikety,3979132,User,118
kangas,41400,User,117
spencerjackson,70592,User,114
dalyd,7872884,User,108
alabid,928460,User,103
ksuarz,3639158,User,103
matulef,974305,User,100
tychoish,17534,User,94
WaleyChen,5395189,User,81
martinbligh,12281990,User,77
Machyne,2737181,User,76
IanWhalen,482962,User,69
adamlsd,6425951,User,64
hawka,901146,User,60
daveh86,909151,User,60
jsmulrow,11140174,User,52
banker,11589,User,49
singhsiddharth,1048935,User,47
coollog,4852522,User,47
benjaminmurphy,4803158,User,46
elouie99,10935244,User,44
will62794,6131840,User,40
dgottlieb,71458,User,38
agorrod,1930121,User,38
nathan-myers-mongo,21176884,User,36
chungyen100,8716206,User,35
michaelcahill,1264383,User,33
TylerBrock,280807,User,32
mtrussotto,25307033,User,31
ramonfm,7131150,User,31
igorcanadi,1091023,User,30
mvankeulen94,5765864,User,30
rzh,157786,User,29
bsamek,624531,User,29
henrikingo,2482018,User,28
kevinAlbs,992997,User,27
ajdavis,84101,User,27
gabrielrussell,145985,User,26
devkev,1083020,User,26
mpobrien,96535,User,26
sgolemon,812538,User,23
zippy1981,146930,User,23
dhatch,282595,User,21
jamesfcohan,8120182,User,20
3rf,1242478,User,19
geir,17404,User,18
jseyster,2365502,User,18
miketheman,529516,User,18
yhjw88,2703584,User,17
syev,7883664,User,17
j-delaney,3589480,User,16
gormanb,6105654,User,15
derickr,208074,User,14
nzolnierzmdb,26232575,User,14
dpercy,349909,User,13
ShaneHarvey,5015933,User,13
briananthonymccarthy,16604322,User,12
leonz,5481944,User,12
siying,5334567,User,12
vincentdo,3271358,User,12
milennalim,6766266,User,11
guanqun,53862,User,11
tkaye407,12933160,User,11
alerner,280488,User,10
archang68,13389805,User,10
utaal,791335,User,10
hughhan1,9244641,User,10
saghm,5875560,User,10
GWlodarek,7578096,User,10
m-vojvodic,6474701,User,9
smcnichols,5565566,User,9
bshteinfeld,4655639,User,8
carlyrobison,7573501,User,8
edaniels,871746,User,8
sevko,4467604,User,8
Utagai,10730394,User,8
asya999,1198184,User,8
raymondjacobson,2731362,User,7
shelman,627463,User,7
TedTuckman,9344647,User,7
bjori,72407,User,7
apawar-cyb,16707855,User,6
azat,430798,User,6
bwzhang,6626118,User,6
deafgoat,127706,User,6
alanw,85800,User,6
metagoto,137775,User,6
amcfague,144809,User,5
cwestin,462058,User,5
christkv,5569,User,5
jmikola,244663,User,5
ncm,215047,User,5
dragoncsc,9762458,User,5
sr527,1697250,User,5
aksaharan,3970504,User,5
bdlucas1,5199302,User,5
lissom,3597016,User,5
alexkleiman,7724714,User,4
dcrosta,35122,User,4
janimo,50138,User,4
esmet,1937389,User,4
jrbalsano,1245639,User,4
zhemao,433799,User,4
ranman,175163,User,4
krishnanm86,2853589,User,4
vkarpov15,1620265,User,4
comerford,445308,User,4
pilliq,484926,User,4
thecalvinchan,2553379,User,3
kynelee,8397444,User,3
Michael-karn-ivanov,1724227,User,3
mikejs,56949,User,3
stevebriskin,1838886,User,3
sindbach,1203628,User,3
crystalhorn,125034,User,3
idbentley,403209,User,3
melissaosullivan,3744249,User,3
gdy,232389,User,3
sueloverso,2945957,User,3
rueckstiess,99221,User,3
erlichson,615859,User,2
zuckschwerdt,12833,User,2
corentinbaron,6302391,User,2
gianpaj,899175,User,2
jpyeron,1058497,User,2
jimoleary,22506,User,2
johanhedin,4062182,User,2
hoffrocket,24408,User,2
justincase,39294,User,2
kathyxchen,6656754,User,2
Kimchelly,8785663,User,2
solatis,119317,User,2
omron93,3758789,User,2
margaretstephenson,12898071,User,2
pmauldin,7992640,User,2
qconner,1108297,User,2
rozza,420,User,2
wilkinson,437277,User,2
stennie,15554,User,2
sulabhM,19491057,User,2
cxmcc,1209733,User,2
zakhark,12023245,User,2
barriesegal,1194668,User,2
charsyam,439301,User,2
rahuldhodapkar,1790177,User,2
Bloodevil,210798,User,2
alexism,5115,User,2
andredefrere,1776158,User,2
i80and,334192,User,2
behackett,573553,User,2
aheckmann,166834,User,1
adamn,62154,User,1
ak2196,548133,User,1
netflash,2478391,User,1
ShadowNinja,3399154,User,1
al3x,152,User,1
cammellos,1017008,User,1
aheck,219416,User,1
Shekeen,1044266,User,1
Aricg,1247498,User,1
bwmcadams,98358,User,1
bgianfo,1212,User,1
ccstolley,3535347,User,1
craiggwilson,167901,User,1
stauffec,4115900,User,1
cesarizu,658725,User,1
djcsdy,310800,User,1
dbmurphy,3887164,User,1
x2048,4933697,User,1
DmitryNaumov,866389,User,1
ddanderson,591610,User,1
dorothychen,5766511,User,1
braz,24363,User,1
evan-stripe,23093332,User,1
jedisct1,124872,User,1
FGM,143311,User,1
gef756,804023,User,1
gmjosack,231118,User,1
gjmurakami-10gen,1590554,User,1
y-g-g-g,63400,User,1
haleyConnelly,8785373,User,1
idank,1277636,User,1
javacruft,488632,User,1
jaredlwong,1509686,User,1
jyemin,1111546,User,1
jigfox,110414,User,1
jtyr,3788909,User,1
joannac-,5060905,User,1
jpiche,195679,User,1
joshprice,9307,User,1
kangic,966058,User,1
laudrup,530324,User,1
keithbostic,1393186,User,1
kimberlyhou,13284341,User,1
spk,98590,User,1
lcapaldo,1146843,User,1
louiswilliams,4119887,User,1
xrogaan,74860,User,1
MSchireson,1089137,User,1
marians,273727,User,1
mwmahlberg,138420,User,1
MathieuTurcotte,1053919,User,1
mwhudson,672022,User,1
mwhittaker,3654277,User,1
mikemaccana,172594,User,1
mohyt,379842,User,1
nathantypanski,1385140,User,1
npmccallum,288304,User,1
ntalbott,223,User,1
nickstenning,3602,User,1
NikolausDemmel,479562,User,1
nitinbhatt,1508177,User,1
pborreli,77759,User,1
pkoro,824785,User,1
larroy,928489,User,1
raffopazzo,5593480,User,1
rajatchopra,982221,User,1
ranjaykrishna,1275334,User,1
exi,449463,User,1
RexMorgan,178752,User,1
rps,5246402,User,1
allanbank,1175024,User,1
hallabro,2978237,User,1
rbrito,212145,User,1
avnur,2295376,User,1
cathoderay,150247,User,1
Ry4an,519671,User,1
szaydel,249424,User,1
lankas,6443839,User,1
salessandri,266465,User,1
kolisergej,3442436,User,1
weyrick,195691,User,1
spawlows,8318207,User,1
scharissis,376382,User,1
stbenjam,429763,User,1
stephenwlin,2342637,User,1
c0nrad,1901151,User,1
svenstaro,1664,User,1
testn,445123,User,1
drags,25615,User,1
ultrabug,474389,User,1
upendrag,7262587,User,1
vkuznet,125138,User,1
vlajos,3994645,User,1
sphing,802902,User,1
kumasento,8768839,User,1
bdbaddog,82228,User,1
WilliamZola,1765172,User,1
wpiekutowski,612,User,1
ymarkovitch,981364,User,1
solodon4,7323134,User,1
agherardi,2007228,User,1
adkomyagin,4042380,User,1
brandondiamond,1036976,User,1
gerald-lindsly,679517,User,1
hkhalsa,2488468,User,1
megawac,3475472,User,1
nosh,166229,User,1
nosqldb,4327423,User,1
