nlohmann,159488,User,1624
theodelrieu,15652306,User,101
HenryRLee,4635853,User,22
twelsby,16697318,User,20
Teemperor,736001,User,17
dariomt,12997431,User,14
aburgh,191582,User,13
ChrisKitching,3526849,User,7
Type1J,413028,User,7
robertmrk,7045469,User,7
Florianjw,554592,User,5
ahamez,199517,User,4
TedLyngmo,2361158,User,4
ryanjmulder,3130647,User,3
qwename,3233107,User,3
Chocobo1,9395168,User,2
Daniel599,24626802,User,2
d-frey,3956325,User,2
jrandall,458361,User,2
krzysztofwos,795525,User,2
tinloaf,442687,User,2
mstan-xx,1458134,User,2
tusharpm,3054805,User,2
vpetrigo,5689770,User,2
whackashoe,855581,User,2
aqnouch,3692812,User,1
alex-weej,15476,User,1
andoma,216384,User,1
Annihil,16704309,User,1
berkus,80306,User,1
ChristophJud,4320994,User,1
ColinH,113184,User,1
nibroc,892339,User,1
dkopecek,1353140,User,1
seeekr,302886,User,1
elliotgoodrich,569556,User,1
whoshuu,4143617,User,1
jaredgrubb,1256381,User,1
kevin--,3334774,User,1
kirkshoop,982716,User,1
lv-zheng,7455711,User,1
murinicanor,6024601,User,1
thelostt,8634526,User,1
5tefan,5855806,User,1
koemeet,1569156,User,1
t-b,1185677,User,1
06needhamt,4162227,User,1
luxe,1312081,User,1
vasild,266751,User,1
vog,412749,User,1
wancw,28702,User,1
dtoma,1595791,User,1
emvivre,12485451,User,1
silverweed,7806878,User,1
likebeta,3068426,User,1
