donho,90293,User,1332
dail8859,3694843,User,69
SinghRajenM,14791461,User,53
jonandr,22964455,User,49
chcg,12630740,User,43
milipili,5516919,User,43
NN---,580536,User,34
Rikk,2916485,User,18
xomx,13075183,User,12
rddim,8998791,User,12
AngryGamer,4331362,User,11
Ices-Eyes,13162428,User,11
A-R-C-A,20214740,User,10
pnedev,6064913,User,10
squarefractal,11385622,User,9
schnurlos,11388215,User,8
vlakoff,544424,User,8
a-polivanchuk,7978799,User,8
popcorner,6312791,User,8
hypherion2,9730229,User,7
Hiro5,12958627,User,6
Tmp341,1683388,User,6
batagy,13181055,User,6
cmeriaux,12024941,User,5
MAPJe71,6494038,User,5
linquize,791115,User,4
yasmise,22886576,User,4
magol,493140,User,4
marcows,6334512,User,4
Patriccollu,22452654,User,4
bahusoid,22025304,User,4
ygoe,868315,User,4
gszo123,14149738,User,4
g3candy,9128283,User,4
janschreiber,4381288,User,3
BrainJelly,2815561,User,3
frank-orellana,2250701,User,3
prclx323800,10348653,User,3
bovirus,1262554,User,3
SvyatoslavRazmyslov,11436215,User,3
azabluda,7567733,User,2
AndresTraks,1055667,User,2
GOLEM777,13437340,User,2
Ede123,904570,User,2
EugenioAvila,26012211,User,2
ffes,3225656,User,2
JAMESY9868,12377059,User,2
JoshNoel,9855625,User,2
manbearwiz,3688847,User,2
rcdailey,1768054,User,2
SEATURCH,5415300,User,2
evpobr,11195016,User,2
redmanmale,6782721,User,2
Ach3r0n,13450023,User,2
Cyrillev91,12849364,User,2
fpaganini,13281368,User,2
motaz-alnuweiri,4532392,User,2
stanciuadrian,2334569,User,1
ariccio,2142308,User,1
amy3618,10408750,User,1
Djidiouf,1057863,User,1
AraHaan,15173749,User,1
acokaj,13431257,User,1
BdR76,7793956,User,1
ClaudiaFrank,16170444,User,1
Chocobo1,9395168,User,1
LWChris,845152,User,1
cyberdragon777,25393974,User,1
dangibson,1222989,User,1
GottaKeepUp,8084212,User,1
dilijev,494055,User,1
DankRank,4050457,User,1
Godin,138671,User,1
anthonybilinski,10469203,User,1
gwarnants,810054,User,1
Harry-O,17526311,User,1
igorm6387,17377222,User,1
laugel,5048661,User,1
Jishin42,14061850,User,1
joeynovak,702379,User,1
FixxeS,16613968,User,1
serval2412,976901,User,1
Karsonito,2379481,User,1
Krzysiu,2560298,User,1
lautis0503,16025671,User,1
maksqwe,2767700,User,1
mjohnsonengr,7274059,User,1
bavis-m,7228713,User,1
mark-raymond,2951053,User,1
MaxXor,7271470,User,1
Croydon,1593194,User,1
Mikescher,175731,User,1
walenok,2276744,User,1
sanastasiou,2955627,User,1
Stevoisiak,1330770,User,1
supriyo-biswas,27079933,User,1
sergioraa,20006782,User,1
gitter-badger,8518239,User,1
Tiax,2846305,User,1
tonyk24,23200835,User,1
vineelkovvuri,1283328,User,1
WGriffing,18578940,User,1
Wanibzh29,17009715,User,1
ywx,1286394,User,1
antonyflash,2879053,User,1
bradley101,10721813,User,1
don4d,3471680,User,1
fvannee,1274053,User,1
gallegretti,5827030,User,1
h-h-h-h,13482553,User,1
hrwatahiki,9642795,User,1
irgendsontyp,7070216,User,1
jay1109,5311663,User,1
akittino,6968485,User,1
kms70847,5420261,User,1
kozintsev,6501427,User,1
nmlgc,2139424,User,1
oirfeodent,1867139,User,1
scootergrisen,1836590,User,1
turbanoff,741251,User,1
willdevgh,20351818,User,1
yuyaryshev,18558421,User,1
