rogerwang,165401,User,1791
zcbenz,639601,User,475
ghostoy,471928,User,170
yejingfu,3795602,User,61
owenc4a4,2891424,User,58
GnorTech,4225346,User,54
kingFighter,2310160,User,53
zhchbin,1787294,User,48
jtg-gg,4043527,User,47
richardcypher,2770171,User,36
gitchs,1871878,User,18
mrfabbri,3601,User,10
chaseWillden,3342754,User,7
cotejp,3246696,User,5
fancycode,247730,User,5
bwegh,1056167,User,4
FWeinb,1250430,User,4
Mithgol,1088720,User,4
alirdn,13997186,User,3
subzey,810582,User,3
Ivshti,1247629,User,3
sonicsnes,517502,User,3
heavyk,1226324,User,3
fujunwei,7856909,User,3
xueeinstein,3424201,User,3
xzhan96,13726257,User,3
alex-ter,5199601,User,2
danielbraun,1410895,User,2
kethinov,419567,User,2
polpo,1544908,User,2
buschtoens,834636,User,2
LKorowicki,13901320,User,2
falsecz,880901,User,2
swhgoon,840150,User,2
lahdekorpi,570545,User,2
willbur1984,721870,User,2
wuyuehang,8325030,User,2
imyzf,8298849,User,2
vladiks,6204937,User,2
ywkim,588581,User,2
iteufel,4130931,User,1
clkao,69736,User,1
ibdknox,70036,User,1
davidgomes,741621,User,1
dryabov,378044,User,1
dr15x86,3681764,User,1
dsheiko,1393963,User,1
dogancelik,486818,User,1
evshiron,8800643,User,1
Falkirks,5827558,User,1
FayneAldan,1149870,User,1
frankhale,190154,User,1
hokein,2557445,User,1
IBSNA,20017266,User,1
theabraham,387734,User,1
IeuanG,6832281,User,1
jkrot,124587,User,1
janRucka,16557373,User,1
jwdinkel,7911734,User,1
japj,512,User,1
hujiajie,1270848,User,1
JimiHFord,1879448,User,1
jontewks,3970573,User,1
joshterrill,5368757,User,1
julmot,8310677,User,1
kk86bioinfo,2483401,User,1
keithamus,118266,User,1
marcusoftnet,184660,User,1
ream88,14321,User,1
Forecaster,942137,User,1
shihrer,9060431,User,1
nathan,1578238,User,1
nicmitchell,4238222,User,1
oaleynik,609229,User,1
OwenBrotherwood,866122,User,1
PavelSapachev,4056830,User,1
pra85,829526,User,1
rickbeerendonk,479223,User,1
RobertLowe,601141,User,1
Ziugy,6968091,User,1
Roland1975,3037120,User,1
sanderboom,5956570,User,1
timpulver,1055819,User,1
WolfspiritM,5904171,User,1
ReadmeCritic,15367484,User,1
ghostandthemachine,172384,User,1
richb-hanover,1094930,User,1
vadim-kudr,2942698,User,1
vsemozhetbyt,10393198,User,1
yuzishui,2058757,User,1
