ocornut,8225057,User,2420
septag,5081921,User,13
Loftilus,7941875,User,8
bkaradzic,814772,User,7
ParticlePeter,1482313,User,7
jtilander,373005,User,6
martty,395730,User,6
memononen,5249992,User,5
emoon,350822,User,4
Extrawurst,776816,User,4
ybunyak,1029994,User,4
gzito,1243079,User,4
fr500,1721040,User,4
adamdmoss,5955759,User,3
DanielGibson,1216493,User,3
joeld42,24752,User,3
kylawl,4952023,User,3
thedmd,1197433,User,3
nem0,153526,User,3
nlguillemot,1079061,User,3
DMartinek,8817287,User,2
paperManu,1152750,User,2
madeso,1352934,User,2
JarrettBillingsley,452240,User,2
twoscomplement,7036678,User,2
JuJuBoSc,3452746,User,2
orbitcowboy,156464,User,2
michaelbartnett,204125,User,2
mhristov,8420413,User,2
nickgravelyn,361789,User,2
olivierchatry,1267483,User,2
sergof,484829,User,2
tpoechtrager,2461348,User,2
SaschaWillems,10283127,User,2
jslee02,4038467,User,2
mmozeiko,1665010,User,2
nProtect,5462517,User,1
andresv,809232,User,1
anton-smule,8631781,User,1
benvanik,75337,User,1
iboB,84118,User,1
CedricGuillemet,1312968,User,1
cmaughan,120447,User,1
codecat,136534,User,1
dougbinks,872946,User,1
philix,207795,User,1
fdb,8477,User,1
Gargaj,1702533,User,1
gordonmcshane,3814021,User,1
greggman,234804,User,1
dumganhar,493372,User,1
Velro,3078396,User,1
jseward,1309841,User,1
JasonWilkins,4120073,User,1
zho7611,1216908,User,1
jsimmons,52729,User,1
RaptorFactor,1245816,User,1
corpsmoderne,1385900,User,1
bear24rw,778194,User,1
mneumann,34112,User,1
trevex,624244,User,1
zapolnov,1921392,User,1
ecraven,215510,User,1
seanmiddleditch,1817473,User,1
Pagghiu,5406873,User,1
xythobuz,557828,User,1
FL1NE,2666904,User,1
usagi,115972,User,1
thevaber,7255954,User,1
GHF,38979,User,1
zach2good,1389729,User,1
biller23,1728580,User,1
cheriff,1133440,User,1
cosmy1,1329119,User,1
ghassanpl,835533,User,1
heroboy,54468,User,1
josiahmanson,19218057,User,1
orthographic-pedant,14522744,User,1
osman-brian,14930152,User,1
richardkogelnig,3049909,User,1
tinnnysu,4081096,User,1
yinjimmy,5056328,User,1
