alalek,4981219,User,1979
vpisarev,2110786,User,1843
SpecLad,2391761,User,1317
ilya-lavrenov,2566854,User,919
jet47,1766181,User,870
asmorkalov,2536374,User,576
mshabunin,3304494,User,549
bitwangyaoyao,3132639,User,174
ozantonkal,2374004,User,170
akarsakov,5549721,User,149
edgarriba,5157099,User,141
pengx17,584378,User,139
StevenPuttemans,4621239,User,121
terfendail,13571155,User,98
tomoaki0705,3737315,User,91
sovrasov,5373517,User,88
paroj,4941802,User,85
berak,854416,User,70
LaurentBerger,3591626,User,61
obilaniu,3268344,User,57
BloodAxe,532320,User,54
savuor,10323511,User,50
abak,393038,User,49
albenoit,2619976,User,49
f-morozov,2160102,User,44
PhilLab,1710255,User,44
erikrk,10605330,User,41
nghiaho12,1471705,User,40
aceveggie,1053406,User,39
lupustr3,6407682,User,36
sturkmen72,12151541,User,36
a-wi,7330332,User,33
K-Shinotsuka,18514292,User,33
Exocoder,5444237,User,32
Siddharthk,718854,User,32
abidrahmank,678900,User,32
nailbiter,4191776,User,31
wiryls,7984500,User,30
ernest-galbrun,1439125,User,29
znah,2600120,User,29
catree,8229425,User,28
lluisgomez,3308194,User,28
mkostin,1681745,User,28
Dikay900,448549,User,28
csukuangfj,5284924,User,26
23pointsNorth,3803951,User,25
Dmitry-Me,1277095,User,25
swook,755922,User,25
vrabaud,700766,User,25
oresths,5887158,User,24
AlexeySpizhevoy,2572867,User,22
bytefish,239373,User,21
pclove1,1575014,User,21
rokm,5579125,User,20
vladimir-dudnik,9465398,User,20
mbarnach,1412534,User,19
wangyan42164,1034601,User,19
chacha21,7251617,User,19
mnoskova,16774024,User,18
oparvu,29542631,User,18
atinfinity,2630323,User,18
AnnaPetrovicheva,2435529,User,17
kdrobnyh,2394890,User,17
krodyush,5757877,User,17
mlyashko,6358787,User,17
apavlenko,2344952,User,17
theg4sh,5094691,User,16
avdmitry,8440623,User,16
pemmanuelviel,6178261,User,16
cbalint13,3974360,User,16
NikoKJ,2616889,User,16
GregoryMorse,5968641,User,15
dtmoodie,7254941,User,15
es0m,1905636,User,15
alekcac,1832042,User,14
Nerei,1026828,User,14
philippefoubert,4772874,User,14
LorenaGdL,9889214,User,14
adishavit,1814800,User,13
nitsch,337411,User,13
superman32432432,7228420,User,13
maksqwe,2767700,User,13
ippei-i,11306271,User,13
asmaloney,391371,User,13
abratchik,6899165,User,12
perping,5537343,User,12
grundman,1004102,User,12
ivan-korolev,2595715,User,11
eliteraspberries,10801249,User,11
prattmic,1293187,User,11
urikz,1473778,User,11
juanmanpr,4165520,User,11
Ashod,746119,User,10
prclibo,1730013,User,10
ilysenkov,1253405,User,10
mzajko,15613308,User,10
nisargthakkar,2492915,User,10
mdim,1660175,User,10
ArkadiuszRaj,16072469,User,10
arkunze,7230902,User,9
AoD314,437072,User,9
pengli,985286,User,9
mrollins,7659680,User,9
opencv-pushbot,2051563,User,9
valeriyvan,1630974,User,9
wswld,2890146,User,9
woodychow,1355280,User,9
dkurt,25801568,User,9
TheodoreT,10189018,User,9
emchristiansen,225668,User,9
yashdv,1591523,User,9
sergiud,2170034,User,9
aleksandaratanasov,3254568,User,8
elmarb,1403636,User,8
imalsogreg,993484,User,8
LeszekSwirski,593597,User,8
pentschev,4398246,User,8
4ekmah,25587680,User,8
rohitgirdhar,1893429,User,8
ruslo,4346993,User,8
vpradeep07,2602377,User,8
gpsinghsandhu,1894828,User,8
Adil-Ibragimov,7369540,User,7
adrians,109557,User,7
amroamroamro,83908,User,7
Trundle,332418,User,7
SeninAndrew,4671455,User,7
liuxing6666,5856484,User,7
eladj,5568883,User,7
EvgenyAgafonchikov,3365854,User,7
euphrat,1441209,User,7
HapeMask,1616684,User,7
janstarzy,5030759,User,7
JoeHowse,376134,User,7
marvins,300042,User,7
PkLab,15944968,User,7
Tetragramm,9815373,User,7
aritzlc,3625746,User,7
sbokov,6152200,User,7
NCBee,774514,User,7
kobigurk,3520024,User,7
invalid-email-address,148100,User,7
dhood,5618076,User,6
fradelg,3170844,User,6
Sahloul,6416713,User,6
parafin,2099800,User,6
IshankGulati,10078624,User,6
nzjrs,41891,User,6
jlblancoc,5497818,User,6
mmaraya,6063732,User,6
magomimmo,1448905,User,6
khnaba,2941007,User,6
uwinsoftware,3608059,User,6
polarfuchs99,11292866,User,6
snosov1,2784626,User,6
a-andre,13609565,User,6
askourik,15856399,User,6
bastelflp,13507398,User,6
kalistratovag,11662985,User,6
vskarlsruhe,21375517,User,6
mattip,823911,User,6
teng88,7435735,User,6
Cartucho,15831541,User,6
kamjagin,5215593,User,6
vhdirk,1424486,User,6
afriesen,4422108,User,5
arrybn,11784685,User,5
D-Alex,2762297,User,5
akapusti,2918999,User,5
cbenhagen,814785,User,5
briansp2020,3746601,User,5
Chechli,6689725,User,5
Astero92,13383590,User,5
ezavesky,12480297,User,5
fxtentacle,417520,User,5
mself,6620480,User,5
MicheleCancilla,22983812,User,5
nickdademo,1648285,User,5
syilma,7197596,User,5
TobyWanKenobi,4357211,User,5
gongzg,782918,User,5
alex77g2,5394091,User,5
daB0bby,9976654,User,5
dbloisi,5229041,User,5
jia-kai,1916678,User,5
songyuncen,1691240,User,5
souch55,20393753,User,5
themightyoarfish,11613312,User,5
grkutty,7241846,User,5
saskatchewancatch,21051160,User,5
patrikhuber,4967343,User,5
thorikawa,108989,User,5
aman11dhanpat,935761,User,4
acinader,700572,User,4
Chuanbo-Weng,4166667,User,4
Legoless,1434530,User,4
hamidb,4418982,User,4
hbadino,7607246,User,4
n3011,3139632,User,4
isarandi,6182426,User,4
hrnr,1316311,User,4
niebles,5897084,User,4
viercc,1558154,User,4
piponazo,102645,User,4
m3d,5664353,User,4
mattvenn,634220,User,4
tech2077,528634,User,4
hmax,30526,User,4
enpe,6916267,User,4
robbertkl,5704510,User,4
sbromle,1030564,User,4
tSed,380088,User,4
simon-heinen,3509660,User,4
tstellarAMD,8657586,User,4
vpas,1771609,User,4
ludv1x,1247636,User,4
vlkolesnikov,6198007,User,4
hewj03,3746105,User,4
yxiong,6031534,User,4
alcinos,7438704,User,4
chrizandr,10355740,User,4
filipsladek,8965257,User,4
hoangviet1985,11638407,User,4
look4pritam,5434082,User,4
mletavin,2188973,User,4
ohnozzy,8984969,User,4
pradeep-pyro,5988775,User,4
rajithr,12046747,User,4
blebo,12697,User,4
Alexander-Petrikov,7500165,User,4
sebkraemer,1933852,User,4
gylns,699076,User,4
Milania1,11442755,User,4
AVshokurov,13164650,User,3
ArtanisCV,3304030,User,3
ottogin,7385619,User,3
cr333,8134692,User,3
claudiofantacci,14168673,User,3
cedrou,6472038,User,3
daferna,711733,User,3
stonier,687378,User,3
DmtKats,5804540,User,3
virtuald,567900,User,3
fran6co,726088,User,3
devernay,3778071,User,3
xgvargas,4467238,User,3
jbosch,2581694,User,3
reunanen,2297572,User,3
kenaniah,363800,User,3
larshg,1165340,User,3
LukeZheZhu,22805929,User,3
mariusmuja,695669,User,3
mjul,142868,User,3
martin-ueding,976924,User,3
madduci,371042,User,3
nstiurca,1597203,User,3
nikman-ru,4979346,User,3
odeniz,3634016,User,3
pablospe,727563,User,3
prlw1,3217855,User,3
pwuertz,1819283,User,3
pmoulon,3235050,User,3
renatoGarcia,220211,User,3
s98felix,7797378,User,3
roynos,1000654,User,3
sergarrido,11378576,User,3
samyak-268,1870545,User,3
smvv,566369,User,3
scottbreyfogle,2302617,User,3
taketwo,1241736,User,3
UnaNancyOwen,816705,User,3
vriera,6151586,User,3
WilhelmHannemann,8831018,User,3
WonderRico,5175035,User,3
ysolovyov,681814,User,3
anirudt,5916149,User,3
Aravind-Suresh,9376723,User,3
ejoebstl,1852126,User,3
mschoeneck,15895266,User,3
oulenz,13745168,User,3
panxiaochun,4516041,User,3
pxli168,5484699,User,3
robertxwu,13682989,User,3
sgjava,3740007,User,3
takacsd,606672,User,3
xantares,3265815,User,3
BKNio,3784197,User,3
Bleach665,6595124,User,3
dreamworld,1586358,User,3
PolarNick239,1218605,User,3
1Hyena,3479475,User,2
intbots,1173652,User,2
addisonElliott,1342819,User,2
AfterEight,8713164,User,2
atrebbi,668879,User,2
alexst07,3915143,User,2
fish2000,378969,User,2
apacha,594497,User,2
ana-GT,555379,User,2
anatolix,1033375,User,2
ajbernal,15130029,User,2
belev,5807771,User,2
bmagyar,3524577,User,2
SeguinBe,7132817,User,2
bobpaulin,1699558,User,2
bdaskalov,2833552,User,2
Bovaz,11745229,User,2
brunomorishita,882745,User,2
clhsieh,3436146,User,2
caotto,3228952,User,2
cjmayo,921089,User,2
ComFreek,1827709,User,2
cwreynolds,1909341,User,2
dsjolie,5272372,User,2
wolever,59575,User,2
DeanF,1996272,User,2
dec1,5962877,User,2
denzp,747869,User,2
dmitrygribanov,8748766,User,2
slothspot,760295,User,2
Slonegg,2404864,User,2
dozyc,11603682,User,2
adhintz,455883,User,2
djetter99,4702010,User,2
ehren,252343,User,2
ealbuz,20271729,User,2
enesates,1292675,User,2
erichkeane,8562757,User,2
fnorf,279583,User,2
leszekhanusz,4641499,User,2
HartonWong,8700743,User,2
jacob-baines,787916,User,2
jaybosamiya,5683582,User,2
techfort,4130173,User,2
jbohren,1253450,User,2
jlguardi,10707343,User,2
jlubawy,596251,User,2
serval2412,976901,User,2
uKZqmf6e32,6423739,User,2
KayKwon,4044240,User,2
malcolmreynolds,36041,User,2
mgeorg,692760,User,2
mojoritty,8244650,User,2
the-glu,4920043,User,2
mistydemeo,780485,User,2
moshekaplan,810279,User,2
NaerChang,11448303,User,2
ngryman,892048,User,2
pokeefe,556370,User,2
patricksnape,708474,User,2
PeterMinin,2499965,User,2
peters,869,User,2
pletessier,9964030,User,2
piotr-semenov,4867631,User,2
Tytan,1497628,User,2
RJ2,6361285,User,2
RafaRuiz,6842786,User,2
rjray-nvidia,22756777,User,2
zhmu,10707814,User,2
rodrigob,65367,User,2
ryanobjc,52216,User,2
sanchom,742889,User,2
seanm,117260,User,2
snikulov,142123,User,2
shubhra,220223,User,2
sivapvarma,1314675,User,2
phunsukwangdu,16530052,User,2
Sync-my-L2P,1221140,User,2
tomi44g,448479,User,2
tdsmith,173889,User,2
tonyke1993,8791783,User,2
liquidmetal,788742,User,2
belgraviton,7301743,User,2
stoneyang,1033186,User,2
yury-gorbachev,8338421,User,2
zacstewart,435548,User,2
5kg,1975420,User,2
ziyangli,2805299,User,2
andreasBihlmaier,6390551,User,2
Aletheios,7735593,User,2
