matthill,508260,User,1075
peters,869,User,80
Kees-V,9340329,User,18
Silex,16015,User,18
manupap1,7723405,User,12
vebers,1089346,User,11
masroore,200963,User,11
SunAriesCN,17171866,User,9
LordF,5480314,User,9
psaintjust,5437057,User,6
jovargas,20908811,User,5
sanathreddy04,14069944,User,3
splewis1,19205661,User,3
steffkes,325361,User,3
adi9090,11728071,User,3
abankowski,2962053,User,2
bryongloden,3155274,User,2
ddobrev,5193072,User,2
fabaff,116184,User,2
mattndu,6171375,User,2
robertocarvajal,464251,User,2
nayrnet,3732081,User,2
ShaneQful,1859598,User,2
vzaliva,86581,User,2
samislavath,29769206,User,2
aybassiouny,342331,User,2
Max13,531249,User,1
AdrianSutea,11149043,User,1
alandtse,7086117,User,1
amincheloh,1217397,User,1
jk1ng,6633760,User,1
jkua,2237113,User,1
marktheunissen,453297,User,1
maechler,4113819,User,1
mafonso,5406688,User,1
nglinh,2462174,User,1
nicolas17,101955,User,1
pranaysharma,4221359,User,1
robinhilliard,788490,User,1
samcorcos,2626231,User,1
SandroMachado,631739,User,1
ssmelov,1098037,User,1
steffex,851244,User,1
WitzHsiao,1393727,User,1
araml,7262789,User,1
ninearif,3044249,User,1
silaha,8345457,User,1
tgandor,11498967,User,1
throuch,13960386,User,1
kamikadzez,10115998,User,1
vwcity,13903206,User,1
