arturoc,48240,User,6283
ofTheo,144000,User,1208
bakercp,300484,User,1047
kylemcdonald,157106,User,647
julapy,331382,User,437
tgfrerer,423509,User,375
danoli3,830748,User,326
ofZach,142897,User,276
LeoColomb,846943,User,262
danomatika,480637,User,251
bilderbuchi,327442,User,227
NickHardeman,142694,User,179
admsyn,609318,User,151
memo,144230,User,141
jvcleave,150037,User,130
tpltnt,1172976,User,111
HalfdanJ,227529,User,110
elliotwoods,328294,User,82
thiagohersan,850815,User,79
prisonerjohn,119702,User,71
joshuajnoble,237423,User,71
obviousjim,321434,User,70
i-n-g-o,4501039,User,67
roymacdonald,974878,User,64
oxillo,13654859,User,60
frauzufall,708121,User,54
danzeeeman,719564,User,52
DomAmato,6936055,User,50
grayfuse,115113,User,41
jonbro,1597,User,41
2bbb,200899,User,40
stfj,177578,User,40
vanderlin,149997,User,39
gameoverhack,331599,User,36
noisecapella,863262,User,31
golanlevin,290053,User,30
armadillu,167057,User,30
mhintz,2789742,User,28
mileshiroo,1015606,User,26
bitchwhocodes,198151,User,23
patriciogonzalezvivo,346914,User,22
sh0w,1136734,User,21
vade,65011,User,20
mattfelsen,2334552,User,20
procedural,28234322,User,19
kpasko,167271,User,19
trentbrooks,578782,User,19
underdoeg,243820,User,18
edap,161152,User,18
roxlu,358809,User,18
mrbichel,38772,User,17
ahierony,230210,User,16
firmread,1666992,User,15
nneonneo,75449,User,14
abergmeier,2580183,User,13
caitlinmorris,963131,User,13
workergnome,34536,User,13
soundanalogous,401539,User,13
falcon4ever,480019,User,13
nicoleyimessier,5510123,User,13
fx-lange,1012266,User,13
hamoid,108264,User,12
mikewesthad,1131802,User,12
Paul92,2312684,User,12
r9y9,1220272,User,12
tobiasebsen,1135364,User,12
MatillaMartin,4067917,User,12
crecord,3160465,User,11
jedahan,32407,User,11
timscaffidi,177125,User,11
polytrope,9373567,User,11
pierrep,392160,User,11
nongio,72680,User,11
Daandelange,1329784,User,11
brannondorsey,3193533,User,10
SoylentGraham,2184197,User,9
nasser,412966,User,9
julianadenauer,183566,User,9
pizthewiz,648369,User,8
rafirstfruit,17686378,User,8
chparsons,298082,User,7
kant,32717,User,7
liasomething,183150,User,7
camb416,689004,User,6
fred-dev,1588629,User,6
igierard,189820,User,6
johnkingsley,6750405,User,6
liamstask,51256,User,6
kalwalt,1275858,User,6
wasawi,916245,User,6
aramgre,10539627,User,5
charlesveasey,3144590,User,5
cjdecarteret,6126916,User,5
teaguelab,13735998,User,5
markpitchless,193641,User,5
expokorea,1415701,User,5
aspeteRakete,1003846,User,5
damian0815,144366,User,5
AmnonOwed,4075846,User,4
brendan-w,6355971,User,4
mhashmi,1129805,User,4
Taprik,5664204,User,4
bangnoise,1694058,User,4
gohai,4945451,User,4
laserpilot,1041023,User,4
rezaali,555207,User,4
noyanc,5893564,User,4
borg,203895,User,3
andreasmuller,791114,User,3
chaosct,184808,User,3
dallastaylor,54482,User,3
Emigre,4146739,User,3
groolot,632571,User,3
fakob,4619772,User,3
K0j0,2118306,User,3
kkirby,34333,User,3
markkorput,205974,User,3
mathieu-b,207906,User,3
PetrosKataras,1078053,User,3
thomasgeissl,3796674,User,3
hardmanko,6138501,User,3
manish-juneja,1939009,User,3
saki7,1901813,User,3
acarabott,66132,User,2
zealtv,551373,User,2
chphmh,9274322,User,2
gimlids,186277,User,2
foocraft,529317,User,2
genekogan,1335251,User,2
suapapa,333745,User,2
youandhubris,5417523,User,2
IanByun,6938192,User,2
jacres,1250485,User,2
jesusgollonet,31100,User,2
JordanParsons,707601,User,2
xuv,192539,User,2
jnakanojp,4232631,User,2
ngbrown,228987,User,2
patrickFuerst,655428,User,2
raphaelss,1592315,User,2
satoruhiga,43029,User,2
sbonkowski,365754,User,2
SnareHanger,193882,User,2
SpacePossum,10462973,User,2
sterlingcrispin,2976761,User,2
vdonnefort,3084220,User,2
anikahhh,3285942,User,2
austince,4655775,User,2
c-mendoza,1453953,User,2
creativethumbs,6406125,User,2
edovino,109936,User,2
jamet,8292126,User,2
nykwil,1003128,User,2
ptrv,49775,User,2
github-user32,447669,User,2
wronex,1451274,User,2
okjake,316538,User,2
jmateus,1909773,User,2
eranws,770012,User,2
aefreedman,2312562,User,1
yesyayen,1213765,User,1
trojanfoe,312617,User,1
lawarner,1479237,User,1
sphaero,832465,User,1
luteberget,1564672,User,1
carstenschwede,234960,User,1
CharStiles,10173517,User,1
Zepx,1377772,User,1
dlespiau,7986,User,1
daniel-at-yoke,14311934,User,1
ShadowMitia,3752363,User,1
inspirit,223020,User,1
galsasson,3430521,User,1
gardaud,206641,User,1
Sarcasm,424046,User,1
euharrison,557598,User,1
I33N,520375,User,1
jamezilla,19592,User,1
jankolkmeier,79469,User,1
jknight-nc,7770985,User,1
jayvius,1474463,User,1
joaquimrocha,1029635,User,1
traumedy,4910481,User,1
Qix-,885648,User,1
keeran,848,User,1
ksimmulator,875531,User,1
vienin,2124283,User,1
lennart,28988,User,1
lmancini,829448,User,1
martinell,3276153,User,1
superlukas,516484,User,1
kustra,524385,User,1
mcanet,308759,User,1
mfandl,1985054,User,1
MattijsKneppers,299714,User,1
modality,179336,User,1
npisanti,9903661,User,1
nunoh,1161423,User,1
PTS93,2370185,User,1
flv0,6815246,User,1
pelayomendez,1971236,User,1
pnewhook,92876,User,1
rogerzanoni,589787,User,1
rc1,166915,User,1
sjltaylor,323058,User,1
sarahgp,1477362,User,1
scottmac,50088,User,1
lejeunerenard,2146515,User,1
cerupcat,204151,User,1
Tinwelint78,12066292,User,1
ThomasColliers,156175,User,1
tiagmoraismorgado,7303598,User,1
ToyoshiMorioka,2324261,User,1
tristanfisher,574868,User,1
tmatth,66862,User,1
tsungg,5452416,User,1
tuwuhs,2083418,User,1
Elettronik,1083169,User,1
novazembla,279480,User,1
whg,567705,User,1
xseignard,515603,User,1
braitsch,144289,User,1
brightredchilli,751191,User,1
carolError,2730287,User,1
digitalcoleman,2354476,User,1
dmytroshp,3214259,User,1
ed-was-here,5055285,User,1
elaye,2633171,User,1
sesneaky,7118950,User,1
grimreaper,433817,User,1
iniwap,2370334,User,1
javl,734644,User,1
kentaroid,2899894,User,1
nanu-c,404058,User,1
ni-cc,6788222,User,1
rbeitra,78566,User,1
roikr,210179,User,1
chuckleplant,3345499,User,1
skimon,8250374,User,1
smallfly,157141,User,1
takose,9378134,User,1
yesyesnono,2744547,User,1
yuhki50,377917,User,1
