reyoung,728699,User,888
gangliao,3071933,User,680
luotao1,6836917,User,309
qingqing01,7845005,User,284
jacquesqiao,3048612,User,236
hedaoyuan,21339431,User,221
helinwang,1724178,User,191
QiJune,22017000,User,174
dzhwinter,6687176,User,144
gongweibao,10721757,User,122
Xreki,12538138,User,101
wangkuiyi,1548775,User,87
Canpio,8395645,User,84
wangyang59,22647205,User,81
yiwangbaidu,14631187,User,80
NHZlX,5595332,User,77
typhoonzero,13348433,User,72
cxwangyi,891233,User,70
lcy-seso,5842774,User,65
tianbingsz,22249000,User,62
emailweixu,9756952,User,51
wanghaoshuang,7534971,User,47
backyes,920727,User,47
pengli09,4365070,User,44
Yancey1989,1426912,User,39
livc,11692045,User,36
yu239,1783632,User,30
Superjom,328693,User,20
dayhaha,6861004,User,17
wen-bo-yang,6229206,User,17
zhangjcqq,16695812,User,14
CrossLee1,18067400,User,13
tensor-tang,21351065,User,12
pkuyym,5782283,User,12
llxxxll,1908992,User,10
Haichao-Zhang,21375027,User,9
drinktee,7619792,User,8
putcn,2062926,User,8
Zrachel,4532062,User,8
comeonfox,1546064,User,7
zzsu,4519864,User,6
water1981,22388454,User,6
chrisxu2016,18379485,User,6
cxysteven,4215544,User,6
zchen0211,4197680,User,5
stoneyang,1033186,User,5
F0REacH,2180791,User,5
Shi-Liang,6251337,User,4
Noplz,5870431,User,4
jiangfeng,2063642,User,4
lzhao4ever,3246048,User,3
maurise-yq-hu,11888539,User,3
StrangerG,8511644,User,3
lipeng-unisound,17057205,User,2
alvations,1050316,User,2
hohdiy,20314800,User,2
liujunyi-sjtu,10253099,User,2
wwhu,6081200,User,2
bombhero,20268128,User,1
tizhou86,6385978,User,1
xinghai-sun,7038341,User,1
kuke,3064195,User,1
vra,5562395,User,1
Z-TAO,12488287,User,1
moshoujingli,1410176,User,1
5idaidai,1777746,User,1
wangmiao1981,5033592,User,1
westeast,2304604,User,1
AoZhang,3005456,User,1
zhangjcsd,12266779,User,1
zhouxiao-coder,22702369,User,1
beckett1124,12882811,User,1
