paulasmuth,564023,User,2709
lauraschlimmer,4493784,User,631
christianparpart,56763,User,14
lgierth,19248,User,8
mborromeo,15718,User,8
dolfly,610232,User,6
rossta,11673,User,5
skorfmann,136789,User,5
kazjote,14325,User,4
tadassce,234778,User,4
tobiashm,5422,User,4
masone,2797,User,3
finnomenon,239815,User,3
fd,591,User,3
alindeman,395621,User,2
nono,2767,User,2
DamianCaruso,34688,User,2
henrik-muehe,930881,User,2
imajes,2073,User,2
johnf,42590,User,2
jurriaan,345809,User,2
kirs,522155,User,2
mshenfield,4812055,User,2
SergeyJey,665825,User,2
l4u,97841,User,2
absfarah,803948,User,1
divineforest,22360,User,1
britt,1259,User,1
croby,50359,User,1
denispeplin,1279465,User,1
madtrick,48772,User,1
fddayan,188936,User,1
francois2metz,86659,User,1
janpapenbrock,2108728,User,1
JohnMurray,228978,User,1
kunalmodi,791388,User,1
fairchild,2037,User,1
oleriesenberg,2537,User,1
pborreli,77759,User,1
pietern,9845,User,1
ScottRadcliff,61195,User,1
zweizeichen,654071,User,1
laserlemon,34264,User,1
tobsch,330939,User,1
mcfiredrill,66243,User,1
yetkinozturk,1516018,User,1
plehatron,858735,User,1
votintsev,3229523,User,1
