philsquared,92878,User,1250
horenmar,9026413,User,192
Kosta-Github,2526664,User,15
PureAbstract,1790029,User,13
martinmoene,1999290,User,11
lightmare,1419852,User,5
vadz,146917,User,4
dvirtz,7661709,User,4
BillyONeal,1544943,User,3
coombez,14299031,User,3
SeanCline,3418587,User,3
uilianries,4870173,User,3
BMBurstein,1149432,User,3
benagain,201727,User,2
daniel-j-h,527241,User,2
amigo421,3259933,User,2
Fraser999,190532,User,2
jamiebullock,579188,User,2
jbcoe,777363,User,2
kevinushey,1976582,User,2
kainjow,271035,User,2
godlygeek,29423,User,2
webmaster128,2603011,User,2
wichert,199657,User,2
ctrychta,8171359,User,2
gnzlbg,904614,User,2
nabijaczleweli,6709544,User,2
paleozogt,310894,User,1
nanoant,103067,User,1
moleike,3168575,User,1
Minoru,118875,User,1
manenko,544163,User,1
ravstrix,14205473,User,1
andybalaam,76812,User,1
AnthonySuper,4966441,User,1
antoinewdg,8625934,User,1
becrux,1201791,User,1
Carrotstrip,22123137,User,1
benjamg,896161,User,1
benjaminjack,10037315,User,1
CNugteren,1162108,User,1
frostyfrog,509363,User,1
ThatOtherPerson,1105659,User,1
DavidEGrayson,466764,User,1
unixod,1304326,User,1
Eric41293,18585723,User,1
Tranqyll,7754070,User,1
fgsalomon,3149695,User,1
AzCopey,12073926,User,1
IvanKush,11693432,User,1
jbrwilkinson,2412090,User,1
fcelda,1205482,User,1
jweyrich,206930,User,1
JayAndCatchFire,10983817,User,1
knedlsepp,3287933,User,1
jlschrag,2675890,User,1
OMGtechy,5058104,User,1
jrw972,9758895,User,1
colonelsammy,703230,User,1
mKlus,1771891,User,1
daixtrose,5588692,User,1
mloskot,80741,User,1
mattrubin,532638,User,1
adzenith,614934,User,1
pJunger,16426009,User,1
PetterS,772305,User,1
philipp-classen,1616509,User,1
gahr,959474,User,1
rafaeleyng,4842605,User,1
rianquinn,5932003,User,1
razeh,174737,User,1
rcdailey,1768054,User,1
RossBencina,3253274,User,1
samaursa,817849,User,1
seanmiddleditch,1817473,User,1
Predelnik,2133957,User,1
tobiasweibel,2638420,User,1
therocode,3073690,User,1
luxe,1312081,User,1
tuxayo,2678215,User,1
lichray,433009,User,1
drewish,68750,User,1
RandomInEqualities,10400536,User,1
faulda,7134937,User,1
arximboldi,4521138,User,1
m0ppers,819421,User,1
segalaj,5602119,User,1
socantre,8063,User,1
twhittock,6341639,User,1
