srh,258437,User,9365
timmaxw,316661,User,3305
danielmewes,505365,User,3024
mlucy,1777134,User,2644
jdoliner,43867,User,2124
neumino,1461947,User,2044
Tryneus,552910,User,1689
AtnNn,706854,User,1128
wmrowan,646357,User,944
deontologician,1366,User,522
larkost,7431361,User,498
rntz,16143,User,385
axc,1474709,User,362
VeXocide,167416,User,245
frank-trampe,2512464,User,238
mglukhovsky,91193,User,228
nighelles,952451,User,123
grandquista,2058304,User,39
chipotle,467928,User,35
al3xandru,290841,User,35
jordanlewis,43821,User,29
eliangidoni,1263632,User,29
coffeemug,48436,User,26
encryptio,67937,User,23
marshall007,877936,User,23
katafrakt,119904,User,22
gchpaco,17789,User,19
RaitoBezarius,314564,User,16
takluyver,327925,User,14
igorlukanin,3852894,User,12
Aleaxander,77907,User,10
dalanmiller,863286,User,9
jipperinbham,829493,User,9
nviennot,297060,User,9
bchavez,478118,User,9
pires,1752631,User,8
gsathya,565765,User,8
anatol,7032,User,7
knownasilya,34726,User,7
nh2,399535,User,7
invalid-email-address,148100,User,7
presidentbeef,75613,User,7
krishnanm86,2853589,User,7
mbroadst,312966,User,6
mundaym,15000766,User,6
mikemintz,33280,User,6
aderyabin,88676,User,5
cxmcc,1209733,User,5
yograterol,3322886,User,4
ajose01,8701333,User,3
camrudnick,99764,User,3
damonmcminn,5415900,User,3
davidthomas426,1478120,User,3
shachaf,244266,User,3
jjqq2013,5234060,User,3
aaronorosen,1063157,User,2
wojons,139396,User,2
ahruygt,7118680,User,2
barosl,573768,User,2
danielcompton,811954,User,2
dhozac,705161,User,2
ifraixedes,1731633,User,2
jmdobry,1213510,User,2
sontek,151924,User,2
jmgao,593995,User,2
crockpotveggies,1445295,User,2
codingkevin,816541,User,2
fantasticsid,203771,User,2
mathias,3340,User,2
NeilHanlon,680198,User,2
gdi2290,1016365,User,2
hamiltop,354848,User,2
pritambaral,1378718,User,2
saadqc,14905293,User,2
taybin,58964,User,2
eric-poitras,4420101,User,2
rayrase,19722007,User,2
rposts,12901455,User,2
tundrax,381501,User,2
eiriksm,865153,User,2
amuino,47512,User,1
AmeyDeshpande,10471358,User,1
arve0,4810521,User,1
bahadir,655413,User,1
basil3whitehouse,140667,User,1
bsharpe,7917,User,1
bheesham,171007,User,1
DWiechert,2567382,User,1
dparlevliet,1628264,User,1
randome,657112,User,1
underrun,583919,User,1
dineyw23,10092343,User,1
canadaduane,129,User,1
EggieCode,1275047,User,1
eliaslevy,725218,User,1
gergelyke,2174968,User,1
mecking,261325,User,1
Wilbeibi,659203,User,1
ianberinger,4549358,User,1
radev,126689,User,1
ivant,15138,User,1
JasonSoares,5265696,User,1
hammer,15233,User,1
joshhunt,46142,User,1
Qinusty,7274845,User,1
dydx,25685,User,1
iorlas1,15670003,User,1
mehaase,320904,User,1
leafstorm,271305,User,1
cosql,917889,User,1
metaflow,254523,User,1
PJK,271640,User,1
pauliusuza,536859,User,1
captainpete,8237,User,1
rocketraman,53049,User,1
rrampage,1277046,User,1
rushmorem,4958190,User,1
rmmh,211868,User,1
gamename,42153,User,1
tinco,22532,User,1
janisz,1616386,User,1
ultrabug,474389,User,1
fson,497214,User,1
wankai,3657734,User,1
yashmehrotra,5863972,User,1
bahador,1836222,User,1
dandc87,1239288,User,1
elifarley,519940,User,1
jab,64992,User,1
javierso,18605731,User,1
jonathanong,643505,User,1
lenstr,55665,User,1
mbains,507299,User,1
mcjp78,12766834,User,1
Masatoshi,46796,User,1
