kentonv,4001805,User,1599
harrishancock,1030771,User,82
dwrensha,495768,User,78
katreniak,3446570,User,46
pqu,227179,User,45
kamalmarhubi,50936,User,33
jjwchoy,735213,User,20
joshuawarner32,182686,User,20
maurer,136037,User,18
mologie,597682,User,13
jparyani,1595880,User,8
eriksjolund,106877,User,6
gordonmcshane,3814021,User,6
zombiezen,181535,User,6
RichardsonAlex,4019307,User,5
eqvinox,1715611,User,5
zarvox,307325,User,5
mosesn,156562,User,5
szenker,1105001,User,5
thomaslee,93216,User,5
paulproteus,25457,User,4
joliss,524783,User,4
mark-grimes,6480160,User,4
kaos,72965,User,3
mortehu,140891,User,3
mrdomino,23019,User,3
dtmuller,594608,User,3
ahmedcharles,3112514,User,2
benlaurie,40044,User,2
emaste,1034582,User,2
jmspiewak,6302923,User,2
mlin,356550,User,2
rblank,245024,User,2
scottpurdy,239726,User,2
ivochkin,2919539,User,2
abyss7,5627721,User,2
alekstorm,711371,User,1
AlexNolascoModMed,30439523,User,1
sailorhg,473084,User,1
radarhere,3112309,User,1
amluto,202764,User,1
Ralith,104558,User,1
wcn3,4626810,User,1
bouk,97820,User,1
netguy204,66466,User,1
cstrahan,143982,User,1
chhitz,115899,User,1
chris-turner137,8418399,User,1
dschatzberg,165988,User,1
deepankarsharma,840385,User,1
dtrodrigues,614233,User,1
EricWF,1176427,User,1
konklone,4592,User,1
fahhem,306100,User,1
Fraser999,190532,User,1
greedy,58229,User,1
geofft,74644,User,1
graeme-hill,637257,User,1
zenhack,883774,User,1
ocdtrekkie,4399499,User,1
jwilk,141546,User,1
puls,9763,User,1
justincormack,482364,User,1
kevinwallace,184975,User,1
sonologic,694584,User,1
liamstask,51256,User,1
mje-testing,12646680,User,1
Conan-Kudo,276796,User,1
infynyxx,40234,User,1
RLangendam,1749390,User,1
ryanofsky,7133040,User,1
ishitatsuyuki,12389383,User,1
daedric,298311,User,1
teobugslayer,5443453,User,1
tgockel,386039,User,1
vladon,477109,User,1
cyrbil,1126098,User,1
dharmatech,20816,User,1
lithium-snepo,959050,User,1
sth,950517,User,1
taralx,1036808,User,1
zined,1200504,User,1
