TheJJ,673543,User,1434
mic-e,796624,User,408
ChipmunkV,5393579,User,114
fr3akout,556394,User,90
MaanooAk,6997990,User,84
Jon0,3847361,User,76
zuntrax,6196356,User,43
jprashanth,3164170,User,31
heinezen,6852422,User,28
franciscod,726447,User,28
jazzpi,7340130,User,26
detrumi,5758008,User,25
Gellardo,6450303,User,21
goto-bus-stop,1006268,User,18
azrdev,5132647,User,13
Tomatower,15938546,User,12
castilma,17392981,User,11
LordAro,4007992,User,9
svkurowski,2794645,User,9
Birch-san,6141784,User,8
johanhelsing,2620557,User,8
tusharpm,3054805,User,7
jgelderloos,3526266,User,7
jamesmintram,108040,User,6
boombatower,209374,User,6
Miguellissimo,8182956,User,6
janisozaur,550290,User,6
ColdPie1,2479585,User,5
dbrgn,105168,User,5
darrenstrash,9133924,User,5
niklasf,402777,User,5
schets,3722633,User,5
sbrodehl,7113492,User,5
mistressofjellyfish,7026857,User,5
asiniy,1296472,User,4
yvan-burrie,5691628,User,4
m-sebastiyan,9057096,User,4
blegat,1048205,User,3
FolkertVanVerseveld,5989565,User,3
kev946,3172961,User,3
MartinMcGrath,1374568,User,3
rkreis,10883125,User,3
lyle-nel,1923530,User,3
spjoe,43348,User,3
elnabo,4302351,User,3
devnexen,4922778,User,2
Ethon,731515,User,2
ghallak,8301939,User,2
hadim,528003,User,2
JonasBorchelt,2613487,User,2
Piruzzolo,11365978,User,2
elfring,660477,User,2
martinber,6921727,User,2
stiopaa1,1975416,User,2
paulirish,39191,User,2
Vtec234,13901751,User,2
droogmic,8961383,User,2
jfeo,915204,User,2
lndl,1641725,User,2
nobbs,203061,User,2
aw3stin1,7573814,User,2
mirelon,1101497,User,2
miartad,2679418,User,1
AlexandreArpin,3902349,User,1
Longhanks,9538837,User,1
dusek,41975,User,1
charlesrgould,5209296,User,1
caschulz88,6449070,User,1
dbelling,8824740,User,1
Dotile,8377921,User,1
edgardmota,915722,User,1
madonius,1246752,User,1
linkmauve,7755816,User,1
Hallot,3803503,User,1
Haroldoa,23324718,User,1
blucoat,5714640,User,1
jamesmcm,54889,User,1
joaoroque,1643521,User,1
jcaesar,1753388,User,1
justinormont,4080826,User,1
careykevin,9685146,User,1
PFCKrutonium,3945538,User,1
kilbyjmichael,7111119,User,1
MooseV2,6157758,User,1
qlonik,1373271,User,1
ollyfg,8495389,User,1
VanCoding,595361,User,1
PetterBomban,12306200,User,1
rossmurray,1922885,User,1
s4chin,5997735,User,1
Shalzz,3907269,User,1
ShionRyuu,8946974,User,1
sreejithr,1938876,User,1
tombouctou,529780,User,1
steffenix,2143646,User,1
tomolt,6959624,User,1
vsimon,137727,User,1
cdw33,6005692,User,1
cyrozap,220973,User,1
gasche,426238,User,1
leper,509453,User,1
lukky513,4504053,User,1
ohn0,12635016,User,1
oldlaptop,1112766,User,1
rhoit,1684754,User,1
steelbrain,4278113,User,1
tim2000,1559914,User,1
