MKleusberg,3153504,User,799
rp-,689875,User,408
justinclift,406299,User,263
innermous,8950786,User,55
revolter,5748627,User,47
samiraguiar,13439135,User,38
schdub,1304776,User,37
pedromorgan,123932,User,18
ac001,123341,User,12
0xbsec,8887221,User,8
pinotree,1129322,User,8
iKlsR,741363,User,7
lulol,14217781,User,7
mafagafogigante,8271090,User,6
SafaAlfulaij,3509617,User,6
glawrence,1067355,User,6
prutz1311,6525383,User,5
Chuongv,5170710,User,4
manisandro,1298852,User,4
FriedrichFroebel,7279752,User,4
Genyk,26909284,User,3
mvt91,6420551,User,3
bssthu,7445439,User,3
SevenLines,5500999,User,3
FreedomBen,4177139,User,2
DelphiGit,1115426,User,2
firateski,9573857,User,2
progh2,1307187,User,2
karim,8761081,User,2
MilosSubotic,4193248,User,2
TheVanDoom,8103056,User,2
mcprentiss,693824,User,2
probonopd,2480569,User,2
subdriven,5957345,User,2
amoghe,1750664,User,1
logocomune,1417145,User,1
chrisjlocke,7872218,User,1
TeLLie,1149380,User,1
achpile,6649598,User,1
GeorgijK,2582506,User,1
wierzba3,3789407,User,1
jehoffmann,418373,User,1
larsimmisch,152872,User,1
vertexclique,578559,User,1
mcirsta,1336017,User,1
elfring,660477,User,1
hurzl,628746,User,1
Maxim-Mazurok,7756211,User,1
MyRoGeertGit,7770927,User,1
PeterDaveHello,3691490,User,1
stretchtiberius,1125528,User,1
sebastian-philipp,2574405,User,1
VanDerSam,8073670,User,1
Shouqun,101111,User,1
takluyver,327925,User,1
timbroder,121503,User,1
efreeking,3921471,User,1
gimKondo,1810011,User,1
ilovezfs,5268928,User,1
jungle-boogie,1111743,User,1
nickberry17,18670565,User,1
dridk,1911063,User,1
yunfzhan,3221518,User,1
keedhost,1271085,User,1
