schetnikovich,678660,User,935
simsekgokhan,19390749,User,473
stennie,15554,User,118
VBelozyorov,860208,User,36
topilski,4686379,User,8
synthomat,619074,User,4
m--stein,4070262,User,3
rskvazh,170890,User,3
anorsich,681396,User,2
flier,61618,User,2
gavruk,507195,User,2
Aahanbhatt,16351319,User,1
alexbevi,135803,User,1
CaptainPatate,93148,User,1
anknetau,3803433,User,1
candronikos,3690511,User,1
CraigKelly,4139590,User,1
hdeheer,974766,User,1
revolter,5748627,User,1
JoshJ1091,1978987,User,1
kkamkou,305739,User,1
TeachMeHowToUse2FA,15131106,User,1
luketn,1756555,User,1
xuser86,16867651,User,1
gsimsek,14168701,User,1
volans-,6888121,User,1
