john-preston,17900494,User,2963
auchri,5092164,User,68
eduardosm,761151,User,6
stek29,11808223,User,6
hobarrera,730811,User,5
3v1n0,345675,User,4
rezasp,12808790,User,4
mymedia2,9163157,User,4
eegorov,776524,User,4
OZ1,1448985,User,4
Alireza-Mim,9512940,User,3
kanishkablack,949292,User,2
BOOtak,2512758,User,2
mathifonseca,4367808,User,2
Streppel,2300328,User,2
JayDi85,8344157,User,2
aliva,359286,User,1
AndydeCleyre,1787385,User,1
arieljannai,3811594,User,1
BehnamEmamian,9818491,User,1
ner0x652,2598963,User,1
EXL,232116,User,1
L0L022,8126787,User,1
proea,2929968,User,1
faissaloo,8840681,User,1
fakeid30,26362832,User,1
FrayxRulez,8152849,User,1
felfert,731252,User,1
heejune,734832,User,1
ignatenkobrain,2866862,User,1
Smove,3686891,User,1
grulja,1068406,User,1
jleclanche,235410,User,1
klazutin,3199689,User,1
Lonami,6297805,User,1
michaelsproul,4452260,User,1
Mendor,854777,User,1
Zenexer,504130,User,1
ysc3839,12028138,User,1
QtRoS,1700047,User,1
splintor,243549,User,1
kirill-gerasimenko,3036330,User,1
TheCop,4671653,User,1
mezga0153,998213,User,1
gavv,8436629,User,1
VBelozyorov,860208,User,1
woutershep,11578180,User,1
Zankio,3684597,User,1
Senorsen,4176091,User,1
zunsthy,5395262,User,1
budkin,2155811,User,1
FabriceSh44,3279314,User,1
srazi,1328454,User,1
worm202,7187517,User,1
