tensorflower-gardener,17151892,User,5643
vrv,463737,User,999
caisq,16824702,User,767
benoitsteiner,6969686,User,708
martinwicke,577277,User,476
gunan,7946809,User,460
ilblackdragon,175486,User,409
ebrevdo,1794715,User,377
dandelionmane,1400023,User,364
mrry,192142,User,352
terrytangyuan,4269898,User,277
yifeif,1192265,User,241
jhseu,170179,User,212
andrewharp,3376817,User,211
asimshankar,16018,User,210
hawkinsp,348932,User,202
dsmilkov,2294279,User,184
girving,70511,User,178
ispirmustafa,19293677,User,172
drpngx,20959853,User,153
petewarden,161459,User,150
concretevitamin,592670,User,129
josh11b,15258583,User,123
keveman,229914,User,122
jart,49262,User,121
xiejw,1184671,User,116
av8ramit,5588272,User,116
yuanbyu,2342391,User,115
suharshs,1450614,User,111
aselle,326106,User,93
langmore,178152,User,92
rohan100jain,144114,User,92
charlesnicholson,3010295,User,90
maciekcc,15237924,User,90
sukritiramesh,414043,User,89
lukeiwanski,8373795,User,89
vincentvanhoucke,15737127,User,77
nsthorat,1100749,User,77
zheng-xq,15736910,User,76
jvdillon,1137078,User,72
davidsoergel,1347381,User,72
alextp,5061,User,68
jendap,567848,User,66
meteorcloudy,4171702,User,64
dave-andersen,827870,User,63
skye,88808,User,59
rmlarsen,16907534,User,57
jlebar,150663,User,56
itsmeolivia,2469592,User,55
yuefengz,1647833,User,54
zhangyaobit,1034716,User,53
eliben,1130906,User,51
MarkDaoust,1414837,User,48
saeta,1284535,User,45
sherrym,12770037,User,45
meheffernan,8258238,User,44
RenatoUtsch,836333,User,44
rinugun,1694130,User,43
rryan,26527,User,42
lukaszkaiser,684901,User,40
sguada,1766524,User,38
fayeshine,11470826,User,38
theweiho,6696956,User,36
guschmue,22941064,User,36
ysuematsu,15674604,User,34
dongjoon-hyun,9700541,User,32
fchollet,710255,User,32
kirilg,229884,User,32
yaroslavvb,23068,User,32
yongtang,6932348,User,31
nealwu,726075,User,31
DavidNorman,606831,User,31
Androbin,16437156,User,29
gaohuazuo,10446514,User,29
DjangoPeng,16943353,User,29
alisidd,16481751,User,28
vinuraja,17071954,User,27
majnemer,353625,User,26
samjabrahams,11607205,User,26
ibab,890531,User,24
annarev,22060313,User,24
Mistobaan,112599,User,24
frankchn,691628,User,24
siddharth-agrawal,2789456,User,23
zasdfgbnm,1032377,User,21
taehoonlee,4445535,User,21
tfboyd,23486130,User,19
snnn,856316,User,18
alheinecke,6407923,User,17
blakehechtman,5957321,User,17
ringw,1391644,User,17
jmchen-g,15792374,User,17
wujingyue,2772612,User,17
kayzhu,1530877,User,17
Carmezim,16518410,User,17
petrosmol,22332205,User,16
yzhwang,1002405,User,16
suiyuan2009,5105569,User,16
davidzchen,5283042,User,16
jeffreyadean,8585436,User,15
phvu,1087992,User,15
panmari,719020,User,15
alrojo,12167999,User,15
izeye,1059363,User,14
llhe,192829,User,14
zjj2wry,18045633,User,14
adarob,1088232,User,13
chrisolston,17073551,User,13
nhasabni,22304502,User,13
tatatodd,5453737,User,13
allenlavoie,3731025,User,13
chris-chris,3013964,User,13
shoyer,1217238,User,12
amchercashin,8727497,User,12
kashif,8100,User,12
kbsriram,1495065,User,12
broune,1933380,User,11
jpienaar,706766,User,11
protoget,5117188,User,11
jbobba,21375855,User,11
philstahlfeld,2097128,User,11
ppwwyyxx,1381301,User,11
jameswex,15835086,User,11
damienmg,3721087,User,11
dtrebbien,277166,User,10
RNabel,10717566,User,10
sandersk,703865,User,10
vivek-rane,25373098,User,10
hunkim,901975,User,10
alanyee,1873994,User,9
cancan101,51059,User,9
ioeric,1298701,User,9
wchargin,4317806,User,9
zuoxingdong,18168681,User,9
zhongzyd,6659973,User,9
fredbertsch,16326284,User,9
thuyen,4015328,User,9
chemelnucfin,3982092,User,9
lakshayg,7976315,User,9
kosklain,1104579,User,8
dansbecker,1390442,User,8
jihunchoi,1898501,User,8
tillahoffmann,966348,User,8
vamsi-sripathi,18724658,User,8
tyfkda,7347125,User,8
eerwitt,1329385,User,8
freedomtan,3395998,User,8
raviqqe,9584358,User,8
athundt,207934,User,7
d0k,16542,User,7
dm-jrae,8439901,User,7
jbedorf,1643141,User,7
lilao,22603781,User,7
iRapha,7386247,User,7
raix852,5861573,User,7
nikhilmishra000,9015977,User,7
rasbt,5618407,User,7
haosdent,950759,User,7
benlee,723540,User,6
darrengarvey,260360,User,6
strategist333,246351,User,6
hyouklee,362490,User,6
jonasrauber,5837385,User,6
mkolod,476135,User,6
nfiedel,447896,User,6
sergejsrk,20089284,User,6
tayo,10927929,User,6
horance-liu,13819195,User,6
makseq,501780,User,6
AidanGG,10514295,User,6
raingo,606565,User,6
chadkennedyonline,13368197,User,6
znah,2600120,User,6
Moriadry,6925549,User,6
AnishShah,3175743,User,5
carlthome,1595907,User,5
danijar,2111293,User,5
gautam1858,4949778,User,5
johntbates,1266674,User,5
jwlawson,1849778,User,5
kemaswill,1715587,User,5
Kongsea,4168984,User,5
markmcd,109308,User,5
sandipmgiri,16284232,User,5
liuyipei,4404828,User,5
ybbaigo,525266,User,5
resec,4277636,User,5
jalammar,1007956,User,5
conqer,1635173,User,5
Lewuathe,1713047,User,5
cg31,575738,User,5
cwhipkey,17578177,User,5
ajschumacher,1071322,User,4
anand-c-goog,22509344,User,4
goat000,824491,User,4
comicchang,1257169,User,4
craigcitro,468559,User,4
daj,739125,User,4
dgboy2000,284897,User,4
hfp,6748085,User,4
PuchatekwSzortach,13689310,User,4
yjmade,1754190,User,4
malcolmreynolds,36041,User,4
pvaneck,1868861,User,4
saxenasaurabh,3967488,User,4
sjperkins,3530212,User,4
qbx2,5977817,User,4
timharley,4367998,User,4
victorhcm,3802222,User,4
wang-yang,6308664,User,4
ninotoshi,6128440,User,4
xmbrst,15711235,User,4
abhitopia,12864026,User,4
a-dai,14897069,User,4
willdzeng,12994633,User,4
npanpaliya,14196089,User,4
karllessard,10109534,User,4
NathanHowell,170829,User,4
tijmentieleman,19629286,User,4
4F2E4A2E,64590,User,3
inflation,2375962,User,3
abhinav-upadhyay,328300,User,3
nsuke,3064114,User,3
elqursh,1020971,User,3
taknevski,7050189,User,3
andreas-eberle,9267365,User,3
byronyi,2613663,User,3
cssndrx,1688894,User,3
ChrisAntaki,1216762,User,3
ctava,283711,User,3
cjauvin,488992,User,3
xodus7,20853485,User,3
drasmuss,1952220,User,3
darcyliu,384589,User,3
smistad,176325,User,3
fangweili,1624039,User,3
gustavla,902935,User,3
hprovenza,5464136,User,3
igormq,623536,User,3
isaprykin,234070,User,3
ilya-edrenkin,13562803,User,3
javiribera,5376776,User,3
Jiaming-Liu,16099575,User,3
thinxer,66073,User,3
joeymeyer,1703512,User,3
codingyourlife,10122382,User,3
shlens,13385191,User,3
kbrose,4053170,User,3
kchodorow,17042,User,3
LaurentMazare,1041292,User,3
laszlocsomor,10532244,User,3
pmenglund,32618,User,3
thesuperzapper,5735406,User,3
MicaelCarvalho,17184992,User,3
MrQianJinSi,1277812,User,3
Nayana-ibm,20816038,User,3
nirajpatel,3387076,User,3
ofilip,3321867,User,3
poxvoculi,15676913,User,3
rdipietro,5150559,User,3
ronrest,10935663,User,3
sjp38,999212,User,3
sdenel,4939933,User,3
fwiffo,169511,User,3
pwnall,11460,User,3
vdsilva,13770602,User,3
yanchen036,3898819,User,3
yoni,122477,User,3
sugyan,80381,User,3
wangyum,5399861,User,3
vra,5562395,User,3
zafartahirov,4216323,User,3
admcrae,11247551,User,3
b0noI,554101,User,3
dauba-dauba,12388137,User,3
e-lin,12026254,User,3
fanlu,1620875,User,3
hrldcpr,796849,User,3
ry,80,User,3
KyotoSunshine,13256835,User,3
guotong1988,4702353,User,3
gibiansky,1865411,User,3
kumasento,8768839,User,3
arrufat,1671644,User,2
akiomik,1457682,User,2
guoguo12,1940729,User,2
AndreiCostinescu,9751090,User,2
andykernahan,63398,User,2
avloss,17853685,User,2
AppleHolic,3727290,User,2
ariejdl,220554,User,2
ageron,76661,User,2
shuuki4,12455653,User,2
BoyuanJiang,16739780,User,2
bryongloden,3155274,User,2
cameronphchen,2787602,User,2
lesniewski,4034023,User,2
cbonnett,4085850,User,2
cshallue,20667461,User,2
Conchylicultor,9047355,User,2
croath,1398729,User,2
daeyun,1250682,User,2
dgolden1,1332812,User,2
blodan,3081981,User,2
davidbrai,351026,User,2
DimanNe,279056,User,2
dominic-rossi,12012295,User,2
doomie,177628,User,2
dustinvtran,2569867,User,2
EronWright,1775518,User,2
eklitzke,2734,User,2
falcondai,997426,User,2
Franck-Dernoncourt,15331,User,2
kingtaurus,2761482,User,2
wangg12,9958446,User,2
hsaputra,105434,User,2
bogatyy,3701985,User,2
IvanUkhov,57440,User,2
jdoerrie,4552310,User,2
hammer,15233,User,2
jimfleming,226553,User,2
jfsantos,5733,User,2
Johnson145,6339078,User,2
malmaud,987837,User,2
Styrke,1035167,User,2
jonathanasdf,511073,User,2
wookayin,1009873,User,2
jviereck,191719,User,2
tae-jun,8201019,User,2
jusjusjus,6298900,User,2
kbrems,456665,User,2
gojira,137710,User,2
kevinrobinson,1056957,User,2
buaaliyi,876295,User,2
leonardgithub,5285680,User,2
ffmpbgrnn,4504507,User,2
ylongqi,5272504,User,2
mborgerding,12561841,User,2
DeNeutoy,16001974,User,2
mbrickn,5591107,User,2
mdeff,6806065,User,2
mortada,1642081,User,2
muik,775121,User,2
olesalscheider,1006058,User,2
okuchaiev,22035961,User,2
omoindrot,13662086,User,2
pavelbulanov,14073667,User,2
lopespm,3640622,User,2
ScorpioCPH,5319646,User,2
paderijk,7090837,User,2
ptrendx,8398980,User,2
wasserfuhr,1935518,User,2
person594,6497889,User,2
shaurya0,5521465,User,2
shitian-ni,20103571,User,2
tvogels,840825,User,2
tomergafner,5084772,User,2
vmarkovtsev,2793551,User,2
tgy,694873,User,2
villasv,6609289,User,2
vladfi1,691536,User,2
lazyparser,1802104,User,2
waitingkuo,1100923,User,2
frankyjuang,6175880,User,2
yufengg,4944507,User,2
YuMS,2035734,User,2
zhaojunz,7635382,User,2
zffchen78,7943790,User,2
Jakobovski,2724082,User,2
dcastro9,1004185,User,2
ddurham2,4805134,User,2
drag0,4542744,User,2
ivallesp,7207415,User,2
kborer,640862,User,2
maxmelnick,4043751,User,2
mdfaijul,27521767,User,2
mouradmourafiq,1261626,User,2
nagachika,21976,User,2
namrata-ibm,21953668,User,2
raoqiyu,4653325,User,2
seaotterman,23297830,User,2
skavulya,6307926,User,2
superryanguo,7098701,User,2
Songweiping,11703156,User,2
windead,580089,User,2
adamcrume,1134533,User,2
AstrerAI,3097948,User,2
DreSimpelo,8431722,User,2
besirkurtulmus,5170389,User,1
abidrahmank,678900,User,1
adalq,3753822,User,1
aj-michael,7756476,User,1
ASalvail,4349588,User,1
AfirSraftGarrier,3932040,User,1
eavgerinos,1211471,User,1
AkihikoITOH,4457682,User,1
nitbix,2501256,User,1
Alec-DeSouza,14635655,User,1
eggie5,1122,User,1
alexgkendall,8551989,User,1
a-lattas,9087275,User,1
alsrgv,16640218,User,1
jalexvig,12684689,User,1
alexggmatthews,6596998,User,1
aam-at,486336,User,1
digitalex,23829,User,1
Bihaqo,5630697,User,1
AsterAI,3739985,User,1
Garvys,11553939,User,1
ali01,184424,User,1
amlankar,7633212,User,1
edevil,12426,User,1
AndreasMadsen,505333,User,1
aspala,2420034,User,1
andrewcmyers,4623813,User,1
aroyer,122088,User,1
astromme,126986,User,1
andrewt3000,838741,User,1
