zdenop,574156,User,378
stweil,6734573,User,283
egorpugin,4325333,User,210
theraysmith,12401129,User,109
amitdo,13571208,User,38
rfschtkt,4634927,User,19
jimregan,227350,User,19
Shreeshrii,5095331,User,14
jbarlow83,1825843,User,12
tfmorris,82178,User,9
jbreiden,4961958,User,8
sundarcf,4415359,User,8
RandomDSdevel,7728575,User,5
jan-ruzicka,482253,User,4
ROMitat,30353888,User,4
Wikinaut,1151915,User,4
voyageur,66920,User,3
pnordhus,1913547,User,3
aleksey-nikolaev,12497264,User,2
doughdemon,1036802,User,2
haf,193115,User,2
tdhintz,10895586,User,2
jwilk,141546,User,2
johnteslade,660924,User,2
hotchkiss87,7031823,User,2
elopio,617831,User,2
solomennikm,14308714,User,2
rmtheis,943135,User,2
ryanfb,19781,User,2
StefRe,19879328,User,2
stephengroat,1159138,User,2
mwootton,4751294,User,2
techtonik,515889,User,2
spSerg,1478671,User,2
unbe,2946524,User,2
amincheloh,1217397,User,1
atuyosi,211086,User,1
cjmayo,921089,User,1
ceisserer,14094579,User,1
ciupicri,133797,User,1
devurandom,63082,User,1
edcarroll,7225382,User,1
hamidsafdari,5158006,User,1
hoiqs,15047387,User,1
ianblenke,1844764,User,1
ipylypiv,24867154,User,1
jakakonda,4981587,User,1
leonoverweel,7980521,User,1
matzeri,3108867,User,1
mmcco,1668979,User,1
NinnOgTonic,301172,User,1
syk0saje,1628229,User,1
innir,5419701,User,1
renard314,818232,User,1
robbertkl,5704510,User,1
neoneye,147971,User,1
Wikinaut-devel,1214919,User,1
wilsonmar,300046,User,1
alankila,350715,User,1
chongzhe,2304183,User,1
orbitcowboy,156464,User,1
ws233,462439,User,1
