uglide,1655867,User,1120
lamby,133209,User,13
dmagliola,1516867,User,3
huangwei1024,667876,User,3
wildcatgerry,1506180,User,2
jumojer,5885106,User,2
aaroninaustin,40554,User,1
valistar,2559658,User,1
madebyherzblut,97274,User,1
DavidFeng,158052,User,1
fnu,345246,User,1
revolter,5748627,User,1
ksatirli,220436,User,1
lexaurin,428302,User,1
maxwellb,3590441,User,1
fidelisrafael,1542608,User,1
defmys,3785560,User,1
marcel-burkhard,8436122,User,1
mohannad-abwah,2223788,User,1
outrunthewolf,814246,User,1
wendal,589819,User,1
wsgfz,5358783,User,1
