alexhultman,3397140,User,799
agauniyal,7630575,User,8
lpinca,1443911,User,7
kapouer,131406,User,5
silverwind,115237,User,5
jgilje,1927003,User,3
chemhack,39768,User,3
sanderploegsma,1564254,User,3
jimmyt857,1822327,User,3
utensil,64258,User,3
ORESoftware,11139560,User,2
qwename,3233107,User,2
BenV,128300,User,1
darrachequesne,13031701,User,1
dvergeylen,8804879,User,1
dkelson,1319981,User,1
Michael77,4543390,User,1
invalid-email-address,148100,User,1
LordMajestros,10727946,User,1
devsnek,5952481,User,1
hpohl,682376,User,1
MergHQ,5868954,User,1
capaj,1305378,User,1
mkozjak,3506172,User,1
not-implemented,1215371,User,1
mingc00,799624,User,1
LB--,1296838,User,1
nischu7,720469,User,1
peters,869,User,1
deckerrj,7085031,User,1
ras0219-msft,12301622,User,1
ronkorving,631240,User,1
TheMungBall,20094868,User,1
vinniefalco,1503976,User,1
ewak,5742141,User,1
FlorianBELLAZOUZ,5245041,User,1
zhanglix,8109462,User,1
