bmeurer,815988,User,1749
mi-ac,20834365,User,1660
hashseed,2291463,User,1212
verwaest,303134,User,636
isheludko,1901270,User,622
jeisinger,195826,User,596
mlippautz,890329,User,571
ajklein,1571484,User,537
ulan,294429,User,509
rmcilroy,797814,User,463
hannespayer,5773526,User,440
GeorgNeis,15932928,User,429
mtbrandy,4450001,User,421
jaro-sevcik,17763629,User,420
gahaas,14938705,User,406
schuay,36006,User,386
hammacher,468727,User,367
camillobruni,129550,User,363
littledan,189835,User,326
marjaholtta,11885193,User,260
ak239,426418,User,256
jbajwa,577562,User,246
cdai2,1514495,User,245
caitp,2294695,User,242
natorion,7190422,User,181
arv,45845,User,181
dannoc,1961957,User,179
gsathya,565765,User,178
john-yan,1722371,User,161
dslomov,5008223,User,155
fhinkel,101553,User,147
flagxor,7519520,User,140
mythrialle,4698285,User,133
rossberg-chromium,4247099,User,124
a1ph,5192288,User,115
weilianglin,5336538,User,105
psmarshall,7401419,User,104
binji,1245315,User,98
ohodson,4205754,User,93
dtig,11527586,User,84
wingo,1745903,User,74
jeremyroman,156119,User,67
nickie,1158347,User,65
lpy,1453861,User,64
tebbi,873382,User,64
jacobbramley,5206553,User,63
sigurdschneider,6951479,User,58
mhdawson,9373002,User,57
bradn123,871523,User,47
loislo,1189157,User,45
happyCoder92,3994624,User,44
ofrobots,79017,User,43
bgeron-g,19773672,User,40
yury-s,9798949,User,37
eholk,105766,User,36
dgozman,9881434,User,31
jungshik,8578343,User,28
bakkot,1653598,User,27
dusmil,637736,User,26
domenic,617481,User,25
planglois,1456724,User,25
mhlopko,814566,User,23
Khazuar,3444034,User,22
klaasb,961344,User,22
indutny,238531,User,22
thejoshwolfe,87436,User,22
rongjiecomputer,13115060,User,22
jing-bao,2330292,User,21
joransiu,6609554,User,21
matthewloring,1485909,User,21
dpranke,513897,User,18
tunz,7830853,User,18
jfbastien,298127,User,17
skomski,166891,User,17
nico,3487,User,17
fmeawad,1760798,User,16
exinfinitum,6677095,User,15
shishkander,1734344,User,14
randomascii,10800041,User,13
jugglinmike,677252,User,13
mraleph,131846,User,12
MayaLekova,1190845,User,11
zyt33,6405088,User,11
lialan,450283,User,10
p-rudic,24477746,User,10
sgraham,1822,User,10
targos,2352663,User,10
mathiasbynens,81942,User,10
shiyu-zhang,28973499,User,9
mtrofin,3815402,User,9
aperezdc,723451,User,9
ssiddhartha,15266982,User,8
psybuzz,2322480,User,8
erikcorry,833514,User,8
jupvfranco,6861114,User,7
KarlSchimpf,11819863,User,7
danbev,432351,User,7
misterdjules,811047,User,7
rryk,249837,User,7
xharaken,12876411,User,7
addaleax,899444,User,6
sretenkovacevic,22610619,User,6
honggyukim,19642328,User,6
dstence,4450724,User,5
hferreiro,984737,User,5
mukel,1896283,User,5
leizleiz,12983898,User,5
bnoordhuis,275871,User,5
ibogosavljevic,8425647,User,4
agrieve,1369484,User,4
pdeng6,1291708,User,4
qyearsley,3926653,User,4
vchigrin,3948754,User,4
rakuco,36417,User,4
njuwangchen,5381241,User,3
hichris123,2389612,User,3
Dor1s,3372458,User,3
nodirt,643254,User,3
pavelfeldman,883973,User,3
pkotwicz,24610551,User,3
rbanerjee,12588320,User,3
junhoseo,4897376,User,3
thefourtheye,696611,User,3
y-novikov,29558028,User,3
agable-chromium,4051117,User,2
aseemgarg89,13683642,User,2
enricobacis,1180682,User,2
bashi,44733,User,2
bratell-at-opera,7288637,User,2
MIPSbkirby,1899833,User,2
chiniforooshan,13783918,User,2
mcornac,7787256,User,2
ddcc,1108560,User,2
dschuff,1122856,User,2
ErikCorryGoogle,8523815,User,2
halton,433218,User,2
horo-t,7216718,User,2
jbudorick,3258584,User,2
yjhjstz,3832082,User,2
jensl,129190,User,2
gkrasin,6720081,User,2
liKelvinKh,8630464,User,2
oliverchang,759062,User,2
phajdan,12136647,User,2
misterpoe,6500458,User,2
smvv,566369,User,2
stefanpenner,1377,User,2
sxa555,6487691,User,2
tfarina,970071,User,2
tanderson-google,29989851,User,2
a4sriniv,6434147,User,1
albertnetymk,984374,User,1
anisha-rohra,17440643,User,1
bmeck,234659,User,1
jaimecbernardo,26118718,User,1
akodat,8052815,User,1
allada,1831202,User,1
andrewlow,2952475,User,1
andybons,365204,User,1
bgirard,793565,User,1
qbit,68368,User,1
bnjmnt4n,813865,User,1
develar,350686,User,1
dj2,9611,User,1
dtalley,327895,User,1
quisquous,462317,User,1
eugeneo,287917,User,1
eseidelGoogle,11857803,User,1
evanlucas,677994,User,1
gibfahn,15943089,User,1
haavardmolland,12747165,User,1
jkrems,567540,User,1
jBarz,15161981,User,1
jbrianceau,5746498,User,1
kalman,657134,User,1
kjin,2365820,User,1
krisselden,61024,User,1
m0609shim,17326966,User,1
marjakh,25407494,User,1
markmentovai,933273,User,1
mcgreevy,10605902,User,1
mgiuca,228433,User,1
mnaganov,61981,User,1
mtk10669,12247144,User,1
OleksandrChekhovskyi,11211653,User,1
pwnall,11460,User,1
joyeecheung,4299420,User,1
rnchamberlain,16722535,User,1
rickyz,616784,User,1
ricowind,5475521,User,1
Rob--W,1365071,User,1
srikumarb,20428376,User,1
sebmarchand,245780,User,1
shenhanc78,18222402,User,1
skyostil,118517,User,1
stephenmcgruer,153264,User,1
svetozar-janjic,378194,User,1
tgfjt,2628239,User,1
tornewuff,860222,User,1
tzik,756205,User,1
wychen,5106232,User,1
xaxxon,143986,User,1
yutakahirano,5187874,User,1
Richard-Yunchao,11435653,User,1
