antialize,84282,User,430
ashkulz,854352,User,392
pruiz,191225,User,11
npinchot,174529,User,6
pussbb,335847,User,6
sodabrew,39406,User,5
a-ctor,5082673,User,4
bsinky,5004786,User,3
poizan42,308129,User,3
mn4367,6379696,User,3
rdvojmoc,13537823,User,3
theirix,481351,User,3
trvrnrth,367121,User,3
sormy,7675583,User,2
uuf6429,230049,User,2
douglasbagnall,131030,User,2
renan,28046,User,2
ro0gr,875361,User,2
peterrehm,2010989,User,2
frenkel,121169,User,2
awt,1224,User,1
bgarret,231680,User,1
bkuker,1305026,User,1
dmlambea,1265309,User,1
destan,442813,User,1
duncansmart,576343,User,1
elerch,226199,User,1
erikhyrkas2,24658513,User,1
erlingwl,208700,User,1
Fr33m1nd,14136776,User,1
luzfcb,807599,User,1
manufaktor,234051,User,1
jakepetroules,1312511,User,1
Jmuccigr,615115,User,1
KAYLukas,1674504,User,1
krevis,237747,User,1
marclaporte,1004261,User,1
mmb,24275,User,1
mbontemps,231249,User,1
pengi,1087673,User,1
cub-uanic,75673,User,1
jangid,46752,User,1
esemi,4115497,User,1
stweil,6734573,User,1
shreeve,142875,User,1
sni,150844,User,1
tobinibot,879,User,1
taf2,1568,User,1
jasonparallel,602240,User,1
holamon,448319,User,1
Max-Might,119780,User,1
