Montellese,75864,User,2709
FernetMenta,576009,User,2282
MartijnKaijser,907436,User,1869
Memphiz,701326,User,1828
mkortstiege,475281,User,1528
davilla,419526,User,1359
ksooo,3226626,User,943
elupus,482976,User,913
jmarshallnz,406571,User,849
popcornmix,1053730,User,783
Karlson2k,1898693,User,780
ace20022,2150851,User,706
wsoltys,487357,User,624
tamland,148836,User,604
koying,164740,User,604
fritsch,1089309,User,584
garbear,531482,User,578
xhaggi,1878991,User,553
jenkins4kodi,8507773,User,544
ronie,687265,User,527
wsnipex,909455,User,481
AlwinEsch,6879739,User,461
hudokkow,516183,User,390
fetzerch,1133994,User,372
pieh,419821,User,340
notspiff,5844320,User,319
JezzX,487701,User,312
Paxxi,874927,User,309
huceke,549196,User,305
afedchin,2063885,User,303
phil65,110931,User,278
Rechi,5367567,User,238
topfs2,475283,User,238
CrystalP,489377,User,234
t-nelson,490004,User,232
ulion,175133,User,214
alanwww1,547720,User,205
amet,144941,User,194
Razzeee,5943908,User,187
Jalle19,1106133,User,182
DaveTBlake,13371422,User,181
stefansaraev,758738,User,180
peak3d,22704999,User,173
Voyager1,549958,User,159
anssih,509357,User,144
amejia1,86134,User,133
alcoheca,546879,User,124
aballier,1488377,User,122
txtranslation,6871134,User,112
MaxKellermann,1443144,User,111
night199uk,77770,User,101
phate89,1254959,User,90
BigNoid,447067,User,78
DDDamian,1334703,User,76
taxigps,102434,User,68
mk01,3136693,User,63
pkerling,4533697,User,60
AchimTuran,6927011,User,60
lrusak,1616460,User,55
tobbi,583169,User,53
arnova,544531,User,52
sraue,306166,User,49
bavison,3324657,User,47
gnif,351151,User,46
menakite,29005531,User,45
theuni,417043,User,44
chadoe,484002,User,44
malard,545911,User,41
smspillaz,775309,User,39
metaron-uk,12870817,User,38
herrnst,1080041,User,35
laurimyllari,5997561,User,31
firnsy,420034,User,29
NedScott,1271801,User,25
MilhouseVH,805038,User,24
jsoref,2119212,User,23
phi2039,859293,User,23
Glenn-1990,2036512,User,22
bkuhls,6279926,User,22
Kwiboo,1200456,User,21
mad-max,377672,User,20
margro,499235,User,19
janbar,2353635,User,19
HitcherUK,133808,User,19
cg110,6699694,User,18
Rawk,1894629,User,18
zzattack,835006,User,16
ScudLee,1206207,User,16
a11599,690966,User,16
Black09,99480,User,15
dteirney,406446,User,15
da-anda,1159249,User,15
rbalint,1520835,User,14
CutSickAss,1244164,User,14
thebrid,20609276,User,14
tru,35614,User,14
vkosh,28398,User,14
t4-ravenbird,1905855,User,14
neo1973,3134317,User,13
linusyang,1445849,User,13
denizt,608404,User,12
ryangribble,5425163,User,12
un1versal,3521959,User,12
bobo1on1,544313,User,12
Fneufneu,572709,User,11
axmhari,1176101,User,11
Stane1983,2560801,User,11
smallint,6400406,User,11
codesnake,4332622,User,10
mikrohard,133844,User,10
jmbreuer,1792037,User,10
kib,2970526,User,10
leechguy,671891,User,10
Tolriq,932609,User,10
stupid-boy,3121483,User,10
LS80,4941953,User,9
olafhering,942324,User,9
VioletRed,7373874,User,9
wiromare,16557836,User,9
nuka1195,1683925,User,9
candrews,194713,User,8
nemphys,739270,User,8
jhol,1449493,User,8
ntadej,805384,User,8
evilhamster,4594752,User,8
hippojay,356217,User,8
kszaq,737984,User,8
dsoms,912243,User,8
groth-its,5583842,User,8
bfg1981,881577,User,7
BrandonSchaefer,761611,User,7
Alphix,4029895,User,7
gyunaev,544700,User,7
HarryMuscle,682708,User,7
nsenica,1453471,User,7
mikkle,922473,User,7
dersphere,549063,User,7
sportica,7854995,User,7
wolfgar,442234,User,7
basrieter,1310443,User,6
BtbN,294293,User,6
cjmayo,921089,User,6
CrHasher,834518,User,6
zewt,286287,User,6
jingai,338896,User,6
maksqwe,2767700,User,6
djp952,706055,User,6
paulepanter,4554071,User,6
InuSasha,5636399,User,6
diederich,61170,User,6
enen92,7375276,User,6
isidrogar,548366,User,6
johreh,1417219,User,6
asmaloney,391371,User,6
xbmcfanboy,1577234,User,5
dgam1,25511199,User,5
SantaFox,171379,User,5
IronTetsubo,631327,User,5
micahg,1226824,User,5
rmrector,260815,User,5
blinkseb,386274,User,5
zpon,449942,User,5
classicspam,2021242,User,5
fape,1052464,User,5
ruuk,3951023,User,5
dragonflight,527297,User,5
atupone,2962715,User,4
AndriyP,5555644,User,4
dagwieers,388198,User,4
pokowaka,4935150,User,4
Holzhaus,1834516,User,4
johsmi,8179081,User,4
mstorsjo,69727,User,4
michaelni,729390,User,4
soeb,270518,User,4
shadamik,17618218,User,4
asylumfunk,1293274,User,4
epoke,190534,User,4
fosero,11244224,User,4
ndogxj,4800072,User,4
PSyton,405440,User,4
readmanr,4662416,User,4
robwebset,7744101,User,4
verybadsoldier,364469,User,4
ydatografida,105191,User,4
mrdominuzq,985960,User,4
rbuehlma,20914776,User,4
hmis,3495867,User,4
mdeguzis,3931917,User,4
erik65536,8053284,User,3
Fice,625678,User,3
GreenOnyx,727738,User,3
lorem-ipsum,1010629,User,3
jimfcarroll,372696,User,3
jstebbins,709720,User,3
jdembski,545040,User,3
koenkooi,259525,User,3
LucasG2000,1565727,User,3
veger,171827,User,3
beedaddy,3264939,User,3
mateuszzz88,6278341,User,3
mvanderreek,5929308,User,3
mooninite,3599707,User,3
vapier,176950,User,3
mireks,1144034,User,3
NHellFire,1146987,User,3
nigeljonez,414169,User,3
astiob,515193,User,3
7pepo7,10381048,User,3
samnazarko,932652,User,3
sba1,3218529,User,3
avdleeuw,2392266,User,3
braz96,7245177,User,3
fightnight,6289153,User,3
joethefox,1732455,User,3
macrule,562520,User,3
perpe,1361007,User,3
skylex,827560,User,3
yanniks,993397,User,3
DaVukovic,7235787,User,3
manio,583157,User,3
mgehre,774286,User,3
Ostrymiecz,1296598,User,3
neoflex,888151,User,3
asavah,5447220,User,3
b-pass,9665541,User,3
fyfe,1221156,User,2
anthonyryan1,543852,User,2
aglebov,2573095,User,2
Carcharius,11062933,User,2
bootc,796037,User,2
Guilouz,12702322,User,2
Dak0ta,931160,User,2
abs0,56671,User,2
singular0,1925883,User,2
hydra,57075,User,2
dslijepcevic,1915869,User,2
sbstnc,8539923,User,2
PhenX,42170,User,2
DasMarx,3436136,User,2
maxnet,1123701,User,2
Nachtzuster,5863099,User,2
gfto,998879,User,2
Giftie,342445,User,2
Hedda,6320001,User,2
Nevcairiel,17890,User,2
HofiOne,12213492,User,2
drieschel,852291,User,2
jmarcet,959055,User,2
jkominek,885262,User,2
gonzzor,464632,User,2
energy6,701209,User,2
jonfabe,1930888,User,2
krixon,559165,User,2
lkosmid,9540455,User,2
coypoop,14857674,User,2
mcgeagh,550606,User,2
SlrG,978967,User,2
kempniu,1301146,User,2
jabbera,301208,User,2
nicklauslittle,16421431,User,2
OV3RDOSE,1174058,User,2
pablopoo,13492043,User,2
paulnovo,1461767,User,2
pbhd,3010820,User,2
pdf,146192,User,2
rkraevskiy,5664004,User,2
Cyr-ius,1258123,User,2
Schischu,145518,User,2
shali3,5604880,User,2
stintel,1258811,User,2
mihawk90,556162,User,2
deblockt,5050163,User,2
tmelin,8761967,User,2
TonyPh12345,15570946,User,2
vladimir-zahradnik,4460766,User,2
a1rwulf,5141257,User,2
whaupt,3636769,User,2
blackpilot24,965608,User,2
bossanova808,731309,User,2
chewitt,251794,User,2
dezi,701356,User,2
dhead666,959697,User,2
dnunes,15106,User,2
dominik-th,8768490,User,2
mrohnstock,823072,User,2
jjd-uk,5781142,User,2
kekePower,8249456,User,2
koalahong,997819,User,2
mizaki,1141189,User,2
mossywell,3609953,User,2
mueller-ma,22525368,User,2
orewagundam,1941409,User,2
siriuzwhite,4097417,User,2
AaronDnz,758915,User,1
armills,1386547,User,1
adamreeve,626438,User,1
adamsutton,1360051,User,1
ThiefMaster,179599,User,1
akileh,752023,User,1
