trollixx,714940,User,994
jkozera,120114,User,238
drognanar,3418274,User,45
MichaelBeeu,5078766,User,36
christoffer,151489,User,15
Kapeli,1445635,User,9
spacewander,4161644,User,5
JIghtuse,908960,User,4
ammachado,60320,User,3
trishume,887610,User,3
zoli,3286303,User,2
henrikp,249576,User,2
innermous,8950786,User,2
sublimino,134117,User,1
bitdeli-chef,3092978,User,1
brendan-rius,5605817,User,1
brunoro,355264,User,1
falleco,1536962,User,1
phanimahesh,1690608,User,1
joaomsa,808052,User,1
lowjoel,2505070,User,1
zhoulike,1563763,User,1
schlamar,238652,User,1
gekola,751019,User,1
roman-kashitsyn,847968,User,1
ryanwersal,604125,User,1
Serge45,2656666,User,1
sonald,924334,User,1
webmaster128,2603011,User,1
glymehrvrd,732769,User,1
htower,5655233,User,1
r0n22,1553502,User,1
rominf,3449635,User,1
