yaoweibin,153753,User,211
chobits,623062,User,101
zhuzhaoyuan,74670,User,97
yzprofile,1056285,User,47
monadbobo,331435,User,43
taoyuanyuan,2707372,User,29
dinic,1432148,User,24
jinglong,853403,User,17
zhcn381,2025364,User,16
aholic,2594347,User,15
cfsego,1188207,User,10
flygoast,1683639,User,10
InfoHunter,799430,User,10
lilbedwin,4852870,User,8
lifeibo-duplicate,790879,User,8
PeterDaveHello,3691490,User,8
detailyang,3370345,User,7
nanfenglei22,9678665,User,6
supertcy,548924,User,5
SarahWang,5133094,User,5
jinjiu,7484739,User,5
mdounin,201187,User,4
Lax,153937,User,3
fanjizhao,2231300,User,3
skoo87,834151,User,3
chaoslawful,56617,User,3
derjohn,1343820,User,2
hongxiaolong,4464738,User,2
jasonlfunk,685188,User,2
magicbear,1900248,User,2
YanagiEiichi,5585835,User,2
lhmwzy,1417894,User,2
wangbin579,1127759,User,2
zuopucuen,2655956,User,2
higkoo,3828931,User,2
Red54,2240638,User,2
ym,352441,User,1
IYism,6309000,User,1
Jamyn,696574,User,1
0x7E,3025141,User,1
jlund,144984,User,1
zls0424,1396600,User,1
begeekmyfriend,6031938,User,1
gringus,3704589,User,1
lewellyn,658826,User,1
szepeviktor,952007,User,1
cynron,4964823,User,1
icedfish,1222861,User,1
yunkai,1469328,User,1
betetrpm,2420395,User,1
diwayou,894512,User,1
ilexshen,9464823,User,1
innomentats,1698632,User,1
soarpenguin,685254,User,1
hnlq715,1734615,User,1
zzjin,679757,User,1
