allinurl,5005367,User,2253
haricot,344493,User,27
da2x,1102886,User,23
octo,116087,User,20
d3f3kt,5670972,User,10
terceiro,30027,User,8
Chilledheart,2123461,User,6
julianxhokaxhiu,1237070,User,6
coldfix,1816880,User,6
szepeviktor,952007,User,5
wodev,14372617,User,5
xen0l,1426772,User,4
xobs,238325,User,4
abgit,5169137,User,4
cicku,686438,User,3
mthoretton,6221533,User,3
radoslawc,316302,User,3
ottok,668724,User,3
winebarrel,117768,User,2
stephanepechard,703194,User,2
scop,109152,User,2
woobee,6253354,User,2
countless-integers,2060726,User,1
AndiDog,1376043,User,1
macbookandrew,784333,User,1
zkf,613216,User,1
charpty,8869963,User,1
rib3,5864668,User,1
chris-downs,4074377,User,1
bitbeans,1482102,User,1
dmilith,12407,User,1
fcambus,825456,User,1
CanadianJeff,1225247,User,1
jrun,328,User,1
kitwestneat,214729,User,1
mlosev,7642914,User,1
markberger,965436,User,1
wiedi,175453,User,1
SjonHortensius,1684987,User,1
ishitatsuyuki,12389383,User,1
SpiderX,277573,User,1
wavexx,1017726,User,1
yumkam,385568,User,1
aishikoyo,8021957,User,1
holys,1198913,User,1
if-kyle,17131438,User,1
m-r-r,1268110,User,1
mynameiscfed,10454817,User,1
