antirez,65632,User,4966
pietern,9845,User,510
mattsta,15594,User,151
badboy,2129,User,34
geoffgarside,2704,User,29
oranagra,7045099,User,22
dvirsky,503226,User,20
yossigo,1481195,User,18
itamarhaber,6059516,User,18
sunheehnus,2889804,User,17
anydot,78886,User,14
openbaas,3128372,User,14
jbergstroem,176984,User,13
catwell,221332,User,7
hampus,43944,User,6
erikdubbelboer,522870,User,5
melo,485,User,5
yamt,1845377,User,5
yoav-steinberg,1160578,User,5
lamby,133209,User,5
djanowski,2268,User,4
lucsky,15117,User,4
mariano-perez-rodriguez,4775265,User,4
soveran,951,User,4
SaurabhJha,1582386,User,4
michael-grunder,468149,User,4
advance512,3903412,User,4
NanXiao,2338189,User,4
jokea,1139782,User,4
Hailei,1724869,User,4
alexmchale,21062,User,3
kaoshijuan,1445159,User,3
tmm1,2567,User,3
AnuragRamdasan,1795026,User,3
d0k,16542,User,3
bpot,8415,User,3
FuGangqiang,1223384,User,3
janoberst,19206,User,3
jzawodn,35859,User,3
july2993,1681864,User,3
florean,22398,User,3
pkulchenko,77071,User,3
saj,194389,User,3
stamhe,1263166,User,3
tnm,126905,User,3
spinlock,722853,User,3
therealbill,467499,User,3
rojingeorge,136629,User,3
amallia,9058516,User,2
benmmurphy,392520,User,2
miaout17,22063,User,2
tizoc,13744,User,2
davepacheco,532688,User,2
dwlt,11574,User,2
gengliangwang,1097932,User,2
guybe7,19590683,User,2
jonahharris,194874,User,2
jbochi,292712,User,2
HeartSaVioR,1317309,User,2
kmerenkov,26511,User,2
leonchen83,5235764,User,2
MOON-CLJ,1129476,User,2
Maxime2,5158255,User,2
mgp,489948,User,2
MichielDeMey,793406,User,2
mihirvj,3776330,User,2
paddybyers,1137574,User,2
pyr,110280,User,2
QuChen88,13545268,User,2
ramonsnir,1024028,User,2
rhoml,369350,User,2
be-hase,903482,User,2
sergeyklay,1256298,User,2
sgn1,8367693,User,2
alghak,1180902,User,2
Dieken,2365,User,2
andyli029,15212006,User,2
huangz1990,536854,User,2
hylepo,4371599,User,2
mrb,2878,User,2
zionwu,1213386,User,2
kashif,8100,User,2
ripcurld0,2453279,User,2
deep011,10265268,User,2
kingsumos,6075246,User,2
xiaost,5179850,User,2
0x20h,309633,User,1
evilpacket,115769,User,1
agis,827224,User,1
vito,1880,User,1
ZhukovAlexander,2760196,User,1
WheresAlice,84906,User,1
andygrunwald,320064,User,1
aniruddhc1,1428055,User,1
ankopainting,50975,User,1
concreted,4016897,User,1
serphen,197190,User,1
ashleym1972,78932,User,1
wuddup,667955,User,1
coderholic,26079,User,1
bnoordhuis,275871,User,1
bilalhusain,589931,User,1
fictorial,67219,User,1
bmcmanus,575428,User,1
Brochen,5766330,User,1
waywardmonkeys,178582,User,1
grobe0ba,372622,User,1
chooper,164559,User,1
c2nes,1040778,User,1
ccding,1221778,User,1
danielbprice,2693615,User,1
danielhtshih,4256900,User,1
dkong,32360,User,1
redsquirrel,2512,User,1
Palethorn,671689,User,1
davidcelis,36873,User,1
dvdplm,18515,User,1
dtran320,177059,User,1
dspezia,652458,User,1
dchest,52677,User,1
edgarsi,6893249,User,1
eiiches,230747,User,1
lovelle,7503370,User,1
glommer,331197,User,1
gnethercutt,3528756,User,1
flyingmutant,73059,User,1
grisha,243835,User,1
guoxiao,528318,User,1
mallipeddi,1316,User,1
harishmurthy,12558231,User,1
alicebob,621306,User,1
trapezoid,13689,User,1
deepsolo9,1857643,User,1
huachaohuang,7806468,User,1
jasondavies,31223,User,1
landmime,308882,User,1
liexusong,110195,User,1
Joe8Bit,467683,User,1
emperor1523,6279064,User,1
sitano,564610,User,1
josephjang,121977,User,1
Joshua-Anderson,3526404,User,1
jvain,69384,User,1
jstncarvalho,5831733,User,1
jerem,36156,User,1
nirvdrum,12584,User,1
annulen,102544,User,1
inkel,108421,User,1
c9n,6159817,User,1
manuelmeurer,16672,User,1
Keruspe,222942,User,1
MasahikoSawada,4269963,User,1
arsenm,138339,User,1
mattrobenolt,375744,User,1
razzle,625554,User,1
schlenk,979026,User,1
mkwiatkowski,51481,User,1
MichaelTSS,5399639,User,1
mparramont,636075,User,1
trink,795988,User,1
mishan,788577,User,1
muks,59651,User,1
fritzy,91213,User,1
nparry,49201,User,1
nmerdan,2940768,User,1
gdi2290,1016365,User,1
giddie,10906,User,1
Poincare,217352,User,1
rogerlz,1423595,User,1
run,647045,User,1
yaauie,210924,User,1
samhendley,36385,User,1
reflection,652093,User,1
seppo0010,223776,User,1
sethbergman,8031689,User,1
sisirkoppaka,13185,User,1
steevel,244598,User,1
svnpenn,926619,User,1
hsb0818,5291526,User,1
tjschuck,308724,User,1
ThePicard,1135209,User,1
tj,25254,User,1
tobstarr,5281,User,1
Kiemes,13349924,User,1
tektommy,4975305,User,1
AquaGeek,199720,User,1
shift,1653,User,1
wjin,1768609,User,1
trevor211,5462911,User,1
chobits,623062,User,1
cofyc,91730,User,1
Abioy,2127720,User,1
zintrepid,7495901,User,1
bitterb,2077708,User,1
bogdanvlviv,6443532,User,1
cbgbt,990370,User,1
charsyam,439301,User,1
codeeply,3737851,User,1
cubicdaiya,56752,User,1
danmaz74,302674,User,1
diegok,50365,User,1
flowly,2892969,User,1
guiquanz,1644606,User,1
h0x91b,810011,User,1
ideal,261698,User,1
ioddly,750327,User,1
jamespedwards42,5894272,User,1
jspraul,115931,User,1
jybaek,10207709,User,1
liangsijian,4018416,User,1
linfangrong,5061346,User,1
lorneli,24292047,User,1
lsbardel,144320,User,1
mattcollier,902041,User,1
MiterV1,13083132,User,1
rebx,105413,User,1
baishaofei,16078292,User,1
siahh,7785740,User,1
smly,19337,User,1
sskorgal,19685108,User,1
jakejscott,287641,User,1
tielei,653748,User,1
vambo,771745,User,1
viennadd,3396288,User,1
veselov,2555513,User,1
wshn13,1813484,User,1
wenduo,8447440,User,1
whatacold,1397818,User,1
woowenjie,1217131,User,1
season89,8213772,User,1
dlutxx,758470,User,1
yihuang,236070,User,1
yyoshiki41,4014912,User,1
zshipko,332534,User,1
