antirez,65632,User,512
sunheehnus,2889804,User,12
7imbrook,1131998,User,4
felixbuenemann,909587,User,3
justincase,39294,User,3
rloomba,2114180,User,3
0x20h,309633,User,2
cammellos,1017008,User,2
djanowski,2268,User,2
erikdubbelboer,522870,User,2
badboy,2129,User,2
joeyates,137838,User,2
mariano,18598,User,2
beanz,79058,User,2
mattsta,15594,User,2
rossdylan,343897,User,2
ryansb,636610,User,2
troyswanson,1420926,User,2
VojtechVitek,139342,User,2
alanc10n,10052339,User,1
ctd1500,2068060,User,1
CodyReichert,7034627,User,1
gideonairex,6386061,User,1
Koed00,3934261,User,1
JacobCWard,7295054,User,1
kubilayeksioglu,387028,User,1
mavimo,43941,User,1
marcosnils,1578458,User,1
mp911de,1035015,User,1
soveran,951,User,1
mosic,1229422,User,1
MohamedBassem,2418637,User,1
nacmartin,154258,User,1
oranagra,7045099,User,1
pra85,829526,User,1
rbishop,982936,User,1
pulse00,185278,User,1
seanmccann,40689,User,1
seppo0010,223776,User,1
s12v,1462574,User,1
jamel,117298,User,1
skx,735291,User,1
Kiemes,13349924,User,1
toc21c,587907,User,1
Abioy,2127720,User,1
ziyasal,1651945,User,1
braintreeps,200407,User,1
dnltn,7937833,User,1
lovelle,7503370,User,1
longlene,781616,User,1
Masterlvng,1629831,User,1
pote,132684,User,1
ybrs,403558,User,1
zensh,863754,User,1
