cmaglie,423515,User,1627
damellis,405058,User,1099
tigoe,380575,User,341
facchinm,8843437,User,311
matthijskooijman,194491,User,228
zeveland,582691,User,222
ffissore,510465,User,144
aethaniel,699018,User,121
mlafauci,108787,User,117
Fede85,731214,User,110
sandeepmistry,1163840,User,81
agdl,2743774,User,75
bitron,1864332,User,55
NicoHood,6888294,User,42
Chris--A,6584350,User,30
amcewen,108468,User,29
WestfW,425027,User,28
PaulStoffregen,965463,User,28
per1234,8572152,User,25
shfitz,232011,User,24
Lauszus,1098847,User,23
sgk,485416,User,22
ricklon,220644,User,18
eighthave,143465,User,17
ricardojlrufino,515675,User,16
Alarus,1774936,User,8
projectgus,205573,User,7
collin80,2145125,User,7
ntruchsess,3028340,User,7
hasso,1933532,User,6
jcbuda,1998295,User,6
travisg,97708,User,6
championswimmer,1327050,User,6
amulya349,1235411,User,5
fiechr,12040376,User,5
fulvioieva,8188614,User,5
ribbons,961548,User,5
SimonePDA,1618861,User,5
henningpohl,1923681,User,5
Ivan-Perez,3533970,User,5
gandrewstone,89979,User,4
iMartyn,962908,User,4
MichaelSy,8050381,User,4
pbrook,182159,User,4
Wackerbarth,505323,User,4
X-Y,1042130,User,4
me-no-dev,12663778,User,4
00alis,6151328,User,3
ar-vargas,17187195,User,3
bluesign2k,4147107,User,3
bigdinotech,993106,User,3
arlib1,9676816,User,3
KonradIT,5891284,User,3
kevans91,646318,User,3
penguin359,876348,User,3
roncapat,13013812,User,3
feilipu,3955592,User,3
jantje,1175841,User,3
sngl,2691944,User,3
swordmaster2k,3354016,User,3
descampsa,7195391,User,2
ankitdaf,235178,User,2
artynet,175003,User,2
bobc,972103,User,2
egueli,147820,User,2
oni303,464666,User,2
spiritinlife,6434983,User,2
ivanebernal,16783519,User,2
ivovdgrift,7738290,User,2
jan-r,1413528,User,2
soundanalogous,401539,User,2
LourensPool,16239886,User,2
martinjos,2389068,User,2
mbanzi,405127,User,2
majenkotech,3812892,User,2
mbrav,7410291,User,2
mischnic,4586894,User,2
PaintYourDragon,887611,User,2
Ramoonus,77956,User,2
RobAtticus,1501309,User,2
vicatcu,1018382,User,2
Vishan07,10913977,User,2
chromhelm,5727771,User,2
dpslwk,234460,User,2
duff2013,5598200,User,2
ekozlenko,6041186,User,2
jogo-,4701169,User,2
pfeerick,5500713,User,2
sebastienjean,2324876,User,2
sergiotomasello,16614031,User,2
vdorr,1244434,User,2
xloem,279585,User,2
ziotibia81,4745882,User,2
embmicro,5651612,User,2
jcwren,529578,User,2
obra,45416,User,2
PaoloP74,3834723,User,2
bigjohnson,2248402,User,1
adouglass,2176621,User,1
AdamCDunlap,1733611,User,1
aallan,53625,User,1
xxxajk,3876044,User,1
antodom,6721415,User,1
Arnie97,10341686,User,1
AustinSaintAubin,969780,User,1
Avamander,5392141,User,1
avishorp,1189426,User,1
aykevl,729697,User,1
bblanchon,5462433,User,1
SafetyCaptain,7474593,User,1
BrentWilkins,218822,User,1
calvinatintel,7503680,User,1
carlosperate,4189262,User,1
stickbreaker,2858309,User,1
ccoenen,124909,User,1
parzivail,8730127,User,1
dagwieers,388198,User,1
mgrdcm,68473,User,1
dsstutts,847312,User,1
d-a-v,4800356,User,1
eddyst,1383247,User,1
eric-wieser,425260,User,1
eried,1091420,User,1
FabianInostroza,8893928,User,1
fakufaku,1118133,User,1
FarMcKon,63114,User,1
OfficineArduino,1599869,User,1
gerito1,2503482,User,1
isantolin,264640,User,1
Pitel,113248,User,1
ish6614,513607,User,1
hashashin,2772168,User,1
JChristensen,762571,User,1
JackDanger,2071,User,1
jaimeiniesta,2629,User,1
JasonSheng,13852052,User,1
zorzano,918822,User,1
nopdotcom,1357866,User,1
jenscski,4134254,User,1
Xuth,498514,User,1
joshnuss,4437,User,1
kevin-pololu,1002785,User,1
ChisholmKyle,10641766,User,1
mastrolinux,1333971,User,1
manuel-rabade,353335,User,1
madrang,747243,User,1
markFromMST,7367024,User,1
msproul,45813,User,1
mattwlowe,13111909,User,1
mathertel,1087895,User,1
ximion,417468,User,1
mschlenker,7892832,User,1
mbrickn,5591107,User,1
michaelamie,1023368,User,1
mikalhart,504024,User,1
miek,578095,User,1
Moredread,100848,User,1
YogoGit,12058007,User,1
mcoms,517837,User,1
ocarneiro,2953926,User,1
pmjdebruijn,929583,User,1
paulvivier,10577274,User,1
paulo-raca,1072660,User,1
xardael,1083252,User,1
PeterMortensen,2476480,User,1
mavit,120296,User,1
polsys,8926737,User,1
psigen,2805291,User,1
reillyeon,152137,User,1
richard-sim,749470,User,1
Unh0lyTigg,1351917,User,1
runefauske,393054,User,1
snargledorf,1033711,User,1
rdodesigns,243506,User,1
fumiyas,289209,User,1
chiva,305333,User,1
maqifrnswa,424153,User,1
surya-veer,20180313,User,1
tamul,2503012,User,1
tevino,1027300,User,1
feka,165231,User,1
smartperson,2762672,User,1
YakovL,1131924,User,1
zfields,2801887,User,1
arve0,4810521,User,1
asukiaaa,5975178,User,1
bjelojac,256392,User,1
bobh66,4935304,User,1
chaveiro,4527135,User,1
cousteaulecommandant,6584870,User,1
cow77,5492964,User,1
felixphew,3969114,User,1
gh-megabit,12988405,User,1
h2g2guy,1389798,User,1
ArduinoBot,4233897,User,1
jeroenoverman,13645157,User,1
jipp,11740256,User,1
kellerkindt,1133787,User,1
lathoub,4082369,User,1
cuitoldfish,3366246,User,1
martinnm,22136779,User,1
mattb5906,8330291,User,1
mdxtinkernick,2707787,User,1
metodo2,108622,User,1
newbie15,1644681,User,1
onovy,1649603,User,1
probonopd,2480569,User,1
QuentinPerez,3081204,User,1
squelched,6773931,User,1
stimmer,3751132,User,1
techpaul,16746344,User,1
tico-tico,10702026,User,1
tomneutens,636708,User,1
vbextreme,9294014,User,1
wayoda,418786,User,1
