brammool,8530623,User,3936
invalid-email-address,148100,User,2029
b4winckler,104078,User,1163
nico,3487,User,45
jjgod,1017,User,10
splhack,81904,User,8
jmah,2748,User,6
skymoo,3022405,User,3
vatic42,88481,User,3
bdesham,354230,User,2
felixbuenemann,909587,User,2
knl,361496,User,2
Screwtapello,1450918,User,2
bak,6197,User,1
cwillmor,4263,User,1
humblehacker,117582,User,1
dmitryelastic,19358,User,1
threeve,3158,User,1
JessThrysoee,238102,User,1
jszakmeister,448087,User,1
jdelStrother,2377,User,1
budrick,420939,User,1
michaelwookey,19476,User,1
tachoknight,293715,User,1
thirty2k,47567,User,1
s4y,111870,User,1
timoxley,43438,User,1
travisjeffery,15225,User,1
trondd,223591,User,1
Twinside,168874,User,1
zvezdan,2942065,User,1
ervandew,74602,User,1
