bang590,329480,User,256
albert438,6995711,User,24
ipinka,1996829,User,8
rob2468,1450652,User,7
lexrus,219689,User,6
Awhisper,4347733,User,6
li6185377,1924211,User,4
sergiou87,1083228,User,3
Blankdlh,1592241,User,2
eniton,59270,User,2
tigerZhang86,8126502,User,2
WenchaoD,5186464,User,2
leafduo,28619,User,2
whihail,7128216,User,2
YauzZ,141738,User,2
tuoxie007,1240920,User,2
pc1849,15206006,User,2
honghewang,15060111,User,1
Arthraim,133202,User,1
chinsyo,3993726,User,1
lemonmojo,186198,User,1
wjacker,3982355,User,1
bryant1410,3905501,User,1
onevcat,1019875,User,1
Xummer,2180976,User,1
zhangkaiyulw,3055936,User,1
aochuih,4971341,User,1
daixunry,5915629,User,1
decemberLi,13531628,User,1
xfengke,20205557,User,1
fighting300,3291485,User,1
gin7758258,4485145,User,1
chieryw,6397941,User,1
JefferyFan,5470856,User,1
lancy,1206841,User,1
MRsummer,2589692,User,1
wutongr,9859291,User,1
yirenjun,273997,User,1
ppanyong,485098,User,1
