bbcallen,835728,User,2062
xinzhengzhang,1487445,User,132
raymond1012,4433558,User,81
zccicy,1235468,User,37
Yuvesy,6252420,User,32
chodison,5669813,User,10
tewilove,74024,User,8
yrom,2888674,User,8
yuazhen,1818275,User,7
ctiao,3433776,User,6
cwq,2623064,User,4
gdier,1452619,User,3
xqq,4645762,User,3
chrisjenx,1167793,User,2
JavanEu,2418363,User,2
shingwasix,1747676,User,2
epruseal,656743,User,2
linjiansheng,5761899,User,2
matrixreload,15663588,User,2
stuckless,1056553,User,2
ilibilib,15045501,User,2
ousenko,5771855,User,1
avenwu,1622234,User,1
devloe,122845,User,1
l123456789jy,8079253,User,1
superlcr,8369233,User,1
svljsy,13127474,User,1
ReadmeCritic,15367484,User,1
ened,269860,User,1
troyliu0105,5518286,User,1
zhangchn,906565,User,1
chundong,382262,User,1
maytrue,1849557,User,1
jovisayhehe,738155,User,1
midoreigh,10133081,User,1
nxzhou91,5165197,User,1
tatowilson,6793741,User,1
teddyla,2339803,User,1
willerce,357417,User,1
x13945,8466272,User,1
zmzhuai,2116270,User,1
