cloudwu,729648,User,1367
kezhuw,541734,User,16
DavidFeng,158052,User,13
niuys,297724,User,13
xjdrew,1454565,User,10
cofyc,91730,User,7
mrvon,3983033,User,6
hongling0,4913590,User,6
great90,4536750,User,5
dpull,3412769,User,5
hqwrong,1390820,User,4
gitfancode,5878346,User,4
flashjay,560298,User,3
Jexocn,3824523,User,3
fztcjjl,6511441,User,3
sanikoyes,6880378,User,3
puqing,5687275,User,2
learno,1221298,User,2
t0350,1487552,User,2
footer,1911094,User,2
m2q1n9,6977067,User,2
wangyi0226,18062426,User,2
rickone,4565968,User,2
xiyanxiyan10,2242771,User,2
yinqiang,1876209,User,2
xmlzhaodj,3533115,User,2
chuenlungwang,3963989,User,2
thomasheep,3381385,User,2
DeanHH,1842770,User,1
felixonmars,1006477,User,1
harrywong,1469663,User,1
jsenter,285433,User,1
ahappyforest,1551572,User,1
pigparadise,1625326,User,1
hlouis,79014,User,1
linan0827,2329643,User,1
RJie,10446263,User,1
wyaocn,7698587,User,1
yongkangchen,704762,User,1
ahuang007,7222642,User,1
antsmallant,3894126,User,1
apppur,2783809,User,1
yibiaochen,7425506,User,1
bingo235,2785686,User,1
bttscut,3366434,User,1
chenkete,4271216,User,1
czlc,3396809,User,1
dongjinxian,4717710,User,1
dingmingxin,1784887,User,1
felixdae,321802,User,1
huanzai,7427127,User,1
jintiao,8506004,User,1
kexiao8,5835600,User,1
leeonix,1124399,User,1
linse073,1315571,User,1
lmess,7412305,User,1
wsk3201,724813,User,1
nopsky,696448,User,1
oyjw,1782237,User,1
puXiaoyi,5056366,User,1
ngn999,284726,User,1
vontio,2374879,User,1
ximenpo,10987064,User,1
duidui007,2238133,User,1
zhengfangxin,7598834,User,1
zhoukk,6186521,User,1
zxfishhack,5556389,User,1
hanyu363,1937162,User,1
