bagder,177011,User,12766
yangtse,242954,User,2587
captain-caveman2k,1523871,User,1784
dfandrich,228259,User,1064
gknauf,231773,User,662
jay,965580,User,270
mback2k,231943,User,238
kdudka,227483,User,222
MarcelRaad,5967138,User,123
tatsuhiro-t,404610,User,88
ghedo,117643,User,59
yirkha,1496136,User,58
jchaffraix,417783,User,54
nickzman,52866,User,46
vszakats,1446897,User,43
Lekensteyn,164530,User,38
mkauf,12849992,User,36
sesse,238700,User,29
snikulov,142123,User,25
gvanem,945271,User,24
jzakrzewski,4115327,User,24
Sukender,1583131,User,22
falconindy,99302,User,20
michal42,5213912,User,19
greearb,292522,User,18
FabianFrank,691152,User,18
wb8tyw,4660928,User,18
frenche,7945916,User,17
linusnielsen,1557999,User,17
billhoffman,186488,User,16
michael-o,573017,User,16
Andersbakken,73034,User,13
webmaster128,2603011,User,13
masali-hp,1945723,User,12
bradh,174642,User,11
dwmw2,911239,User,11
maxdymond,25326980,User,10
tvbuehler,9418068,User,10
kylehuff,193573,User,10
gevaerts,458599,User,9
Karlson2k,1898693,User,9
zagor,229360,User,9
jrn,281595,User,8
danielgustafsson,321790,User,8
gokhansengun,5166755,User,7
pierrejoye,282408,User,7
sithglan,1595655,User,7
bnoordhuis,275871,User,6
moparisthebest,363760,User,6
sbrokenshire,20288364,User,6
antbryan,116284,User,6
aYasuharuYamada,2492640,User,6
TheCount,558229,User,5
bradking,87268,User,5
dsiganos,3601511,User,5
m6w6,1265282,User,5
monnerat,227821,User,5
praiskup,3277839,User,5
rockdaboot,2087964,User,5
railsnewbie257,15607936,User,5
gnawhleinad,674134,User,5
JDepooter,1085125,User,5
strainu,1571400,User,4
bsnote,139410,User,4
doctorlinguist,2192977,User,4
csapuntz,168041,User,4
davidben,109690,User,4
jonasschnelli,178464,User,4
vandry,4052033,User,4
ligfx,594093,User,4
mikecrowe,93615,User,4
sqs,1976,User,4
sgolemon,812538,User,4
ldx,456904,User,4
claesjac,101446,User,4
deltheil,355031,User,4
jmalak,2017260,User,4
sapien2,1904072,User,4
alagoutte,1098542,User,3
amrnablus,124851,User,3
CarloWood,590303,User,3
haegele-tv,6793705,User,3
clemensg,201310,User,3
eramoto,20554219,User,3
neex,684237,User,3
gazoo74,5293365,User,3
hoihochan,294023,User,3
peff,45925,User,3
merge,503356,User,3
mstorsjo,69727,User,3
romuloceccon,40032,User,3
rylwin,31749,User,3
marquis-de-muesli,10885994,User,3
ayllon,1410577,User,3
chris-araman,283735,User,3
lijoantony,1202940,User,3
sylvestre,733326,User,3
toddouska,601574,User,3
agl,21203,User,2
weltling,22016,User,2
aavina,1190804,User,2
p1ng0o,12908757,User,2
safinaskar,859494,User,2
bkircher,536464,User,2
b-spencer,8192579,User,2
bprodoehl,2092553,User,2
cpatulea,167134,User,2
cconroy,3344240,User,2
crrodriguez,44466,User,2
dago,170490,User,2
danielshahaf,2141904,User,2
d235j,44988,User,2
davidstrauss,113350,User,2
dcreager,7499,User,2
CmdrCupcake,343176,User,2
freddyb,87264,User,2
hannob,990588,User,2
jamesbursa,3811269,User,2
jschauma,421543,User,2
Jan-E,1757825,User,2
jaredjennings,629030,User,2
jpbarrette,72304,User,2
yetanothergeek,460591,User,2
dscho,127790,User,2
jjb,6097,User,2
serval2412,976901,User,2
lstefani,27426414,User,2
lnussel,722232,User,2
LuoJinghua,13848632,User,2
maksqwe,2767700,User,2
majstar,14570415,User,2
MandyTest,3646069,User,2
mabrand,856303,User,2
TheDarkCode,7086952,User,2
elfring,660477,User,2
mkhon,3022749,User,2
mgorny,110765,User,2
mikegiancola99,308162,User,2
mirekfranc,7672274,User,2
OkhinVI,12507778,User,2
PerMalmberg,2729388,User,2
peter-sylvester,1835990,User,2
wangp,936637,User,2
linkfanel,6356093,User,2
r-l-x,1839671,User,2
rob-ward,244716,User,2
sieben,300834,User,2
wertarbyte,172527,User,2
hesiod,3159881,User,2
stoeckmann,8529893,User,2
tkelman,5934628,User,2
scop,109152,User,2
valdemon,5364850,User,2
wahern,6007976,User,2
umgnay,8141985,User,2
ajax16384,340593,User,2
robocoder,922051,User,2
danielj7,404650,User,2
BurningEnlightenment,5796962,User,2
hasufell,1241845,User,2
ehlertjd,1509690,User,2
richardhsu,906880,User,2
mundry,1453314,User,2
ulion,175133,User,2
aakoskin,5613544,User,1
aclight,16308324,User,1
akhilkedia,16665267,User,1
sourcejedi,14057,User,1
alekseyt,993454,User,1
o7alesmlakar,22216602,User,1
alesax,10765976,User,1
abligh,1240226,User,1
alexwlchan,301220,User,1
AlexMclellan,1209117,User,1
rousskov,1084944,User,1
apepper,86275,User,1
traud,7508909,User,1
agebert,2894,User,1
roxell,4140462,User,1
AndreHeinecke,1193867,User,1
m0ppers,819421,User,1
abenea,23041,User,1
akrieger,667719,User,1
antlarr,4385446,User,1
arvidn,661450,User,1
abh,16861,User,1
Aulddays,4497332,User,1
mathstuf,97253,User,1
bgilbert,361374,User,1
obeythepenguin,1051671,User,1
tsuna,128281,User,1
Sp1l,7547697,User,1
bmwiedemann,637990,User,1
aldot,141020,User,1
bch,122211,User,1
drafnel,921167,User,1
paralin,534887,User,1
clintclayton,2665835,User,1
codymack,15181399,User,1
cjwatson,2429141,User,1
Lukasa,1382556,User,1
craig65535,5143005,User,1
dayoonc,4481824,User,1
dambaev,5546973,User,1
dwlocks,68471,User,1
mcnulty,131990,User,1
dkg,66738,User,1
dmelani,244910,User,1
mrtazz,68183,User,1
dwblaikie,20646145,User,1
dbyron0,1521148,User,1
schweikert,1253376,User,1
derekhiggins,883848,User,1
dochang,129093,User,1
lumag,20323,User,1
c0ff,6740174,User,1
DimStar77,532559,User,1
dustymabe,4530030,User,1
ecbtln,466606,User,1
erijo,470580,User,1
TurnaevEvgeny,1086932,User,1
flaviommedeiros,4147365,User,1
fcharlier,165673,User,1
gabrielsjoberg,360371,User,1
malhotrag,6882824,User,1
ngg,550654,User,1
DigitalDJ,300992,User,1
bjori,72407,User,1
harisokanovic,12162292,User,1
heinrich-S,865390,User,1
hevisko,151835,User,1
FooBarWidget,819,User,1
w23,321361,User,1
Jactry,1217301,User,1
jaalto,34601,User,1
jgsogo,1406456,User,1
jgressmann,8832225,User,1
jjlin,203380,User,1
jeremypearson,5187761,User,1
jimhollinger,809834,User,1
jhs67,1018657,User,1
sasq64,531713,User,1
vanillajonathan,10222521,User,1
josealf,4110587,User,1
jkralik,23374974,User,1
zuh,1219673,User,1
kfank2,14813222,User,1
mackyle,813346,User,1
23W,11534020,User,1
larsmans,335383,User,1
cipherz,1930577,User,1
clbr,790333,User,1
LindleyF,6224264,User,1
kaplanlior,2017058,User,1
lamery,253658,User,1
luke-jr,1095675,User,1
MahmoudFayed,9929374,User,1
mmassing,56651,User,1
m-deckel,16290696,User,1
Bubu,105185,User,1
adamel,344231,User,1
msnelling,1067587,User,1
mj,5277,User,1
arsenm,138339,User,1
mcspr,132763,User,1
ex-troll,2083263,User,1
stapelberg,55506,User,1
michalfita,4925040,User,1
MoSal,5631214,User,1
neilb,478461,User,1
nicholasmaniscalco,27022707,User,1
tcprst,3590342,User,1
spbnick,549246,User,1
jjk-jacky,1540519,User,1
orgads,1246544,User,1
salty-horse,28355,User,1
okoeroo,217110,User,1
markovicpp,16366024,User,1
watson81,2303980,User,1
pmarks-net,4578188,User,1
puzza007,1278,User,1
elecro,1829644,User,1
ppentchev,453114,User,1
petrpisaratlascz,5450858,User,1
philcrump,873295,User,1
philipc,330342,User,1
catwell,221332,User,1
prashant1,7271088,User,1
raporrass,13486098,User,1
raimue,80340,User,1
razvan-cojocaru,12999778,User,1
rgacogne,1086257,User,1
remoe,804941,User,1
hovis,5912851,User,1
richmoore,32254,User,1
richlv,112888,User,1
richykim,2547231,User,1
Rider-Linden,12076192,User,1
MestreLion,992317,User,1
rleigh-codelibre,9640520,User,1
RonEld,22030476,User,1
megamoose,1047932,User,1
rfhh,3719765,User,1
rkmathi,404167,User,1
sejr,2413031,User,1
sburford,1751280,User,1
ksa-real,8188774,User,1
pelya,155328,User,1
pkun,5709354,User,1
sfanxiang,5893440,User,1
sthen,1006726,User,1
swegener,814471,User,1
tbodt,5678977,User,1
t-b,1185677,User,1
dm8tbr,2073288,User,1
tschoening,6223655,User,1
tyll,197720,User,1
radhermit,69519,User,1
tnewsome,7341220,User,1
tpolich,456915,User,1
tobypeterson,22604871,User,1
thoger,4051912,User,1
TDannhauer,6716033,User,1
tylerwhall,147565,User,1
utelle,11139874,User,1
novikov-dorogatv,866520,User,1
skawouter,225654,User,1
horowity,13241072,User,1
lygstate,121040,User,1
foollbar,1481772,User,1
