Cyan4973,750081,User,2249
inikep,15112322,User,830
terrelln,6619134,User,264
paulcruz74,9522477,User,149
iburinoc,4327688,User,136
Majlen,9049288,User,28
KrzysFR,1662235,User,22
mailagentrus,13343645,User,12
stellamplau,7366343,User,9
dimkr,1471149,User,5
ligfx,594093,User,5
ds77,24981148,User,5
thatsafunnyname,4728785,User,4
chipturner,601111,User,3
ebiggers,2373140,User,3
jacquesg,3534453,User,3
jrudolph,9868,User,3
joscollin,23738514,User,3
sjnam,2254093,User,3
borzunov,8748943,User,2
brendankirby,3248787,User,2
DimitryAndric,9060368,User,2
ldv-alt,5281408,User,2
juanfra684,180453,User,2
pixelb,316894,User,2
tobijdc,1809629,User,2
anders-code,8140138,User,1
apjanke,2618447,User,1
bapt,103607,User,1
cadedaniel,950914,User,1
Chocobo1,9395168,User,1
dkrot,5886653,User,1
ot,17024,User,1
indygreg,342993,User,1
ivuk,681816,User,1
kassens,11849,User,1
jforberg,1269005,User,1
manixate,518034,User,1
obache,272081,User,1
peterh,79339,User,1
0-wiz-0,2221844,User,1
yurivict,271906,User,1
codeshef,17145108,User,1
codicodi,22731198,User,1
jrmarino,1125622,User,1
jungle-boogie,1111743,User,1
luben,391130,User,1
niXman,518474,User,1
r-lyeh,878187,User,1
xaphier,1100251,User,1
zefanxu,11081043,User,1
