michaelni,729390,User,23578
DonDiego,3358278,User,4497
elenril,1765950,User,3548
mansr,322231,User,2794
richardpl,469155,User,2517
ubitux,34467,User,2471
justinruggles,108822,User,2151
mstorsjo,69727,User,2094
bcoudurier,918644,User,1892
rbultje,283893,User,1610
saste,878876,User,1599
cehoyos,3754917,User,1519
rdoeffinger,5464937,User,1466
lu-zero,239012,User,1327
jamrial,2442845,User,1289
aurelj,5606653,User,1016
Nevcairiel,17890,User,968
kodabb,1374357,User,930
dwbuiten,1189609,User,751
aconverse,29838,User,592
ramiropolla,308831,User,590
cus,1095548,User,479
rouseabout,16449801,User,470
yuvi,133590,User,404
TimothyGu,1538624,User,334
atomnuker,4661811,User,323
kurosu,445183,User,318
axic,20340,User,315
multimediamike,239994,User,276
wm4,1387750,User,259
mbouron,743725,User,228
fhvwy,18668774,User,217
merbanan,124883,User,197
Cigaes,5101943,User,192
Tjoppen,219679,User,163
rcombs,819638,User,149
rvs,34680,User,146
BtbN,294293,User,146
sasshka,7370031,User,142
mrvacbob,50326,User,128
reynaldo-samsung,6527044,User,127
Flameeyes,74834,User,127
lukaszmluki,1096909,User,126
philipl,512286,User,119
cboesch-gpsw,21361899,User,118
anssih,509357,User,112
mfcc64,7970785,User,101
llogan,848094,User,100
mmuman,470143,User,92
iiv3,4492960,User,85
superdump,302146,User,85
hakzsam,827784,User,85
jmenon,103306,User,84
danielverkamp,1274088,User,82
T-bagwell,3014247,User,82
ddkang,1894961,User,80
elupus,482976,User,80
mraulet,2613679,User,79
beastd,4342576,User,78
Gramner,878895,User,76
voroshil,7687,User,76
jzern,12821284,User,74
Rodeo314,775724,User,72
Sibras,5628451,User,67
ivop,72343,User,66
foo86,6837556,User,62
krieger-od,803351,User,60
cbsrobot,2906052,User,60
j0sh,292510,User,59
arpitest,5197975,User,58
rdp,12496,User,58
saintdev,678111,User,53
lionaneesh,1305901,User,52
vigneshvg,9002240,User,52
sva-img,18550944,User,51
faust3,25271163,User,50
klaussfreire,1746892,User,49
qyot27,1296881,User,49
bp0,1758090,User,48
t-rapp,20061583,User,48
andoma,216384,User,47
markreidvfx,814966,User,47
tmm1,2567,User,46
holdenc,284433,User,45
dryeo,399667,User,43
bavison,3324657,User,40
matsp888,6460265,User,40
reynaldo,298073,User,39
zhaoxiu-zeng,8186899,User,39
lotharkript,17624828,User,38
zuxy,3745922,User,37
sdrik,623981,User,36
SeanMcG,549539,User,36
JDarnley,26712583,User,35
nenjordi,738738,User,35
funman,88797,User,35
anshul1912,7376410,User,35
jsebechlebsky,12745815,User,34
koorogi,88071,User,33
thiloborgmann,156453,User,33
jmakovicka,816946,User,33
dalecurtis,1081381,User,32
himangi774,3459319,User,32
VFR-maniac,372049,User,32
kierank,143888,User,31
irock,154730,User,31
kernrj,8534182,User,31
eefriedman,12769964,User,30
nbabic,2751695,User,30
zhentanfeng,738951,User,29
raiy236,3355932,User,28
robUx4,657717,User,28
barsnick,7283222,User,27
bbcallen,835728,User,27
smarter,63430,User,26
kenan-gillet,1706856,User,26
psincraian,17912624,User,26
skal65535,6326167,User,26
gilles-chanteperdrix,10091579,User,25
bangnoise,1694058,User,25
nidhimj22,6544494,User,24
BastyCDGS,303712,User,24
bboxy,17510154,User,24
highgod,3904943,User,24
aballier,1488377,User,23
bjornax,353840,User,23
ThomasVolkert,1258017,User,23
joolzg,1132664,User,22
enoposix,15961926,User,22
shakkhar,692872,User,22
klaxa,1451995,User,22
jeeb,27182,User,21
hexene,849492,User,21
xiw,801567,User,21
TheRyuu,926704,User,20
MasterNobody,7753444,User,20
mat-c,170139,User,20
tea,70251,User,19
FernetMenta,576009,User,19
hemanthm,310456,User,19
bartek-w,9113878,User,19
nichot20,588191,User,19
pkoshevoy,4131037,User,18
dilaroga,647865,User,18
gfto,998879,User,17
KevinJW,1186170,User,17
mszczepanczyk,286129,User,17
vriera,6151586,User,17
dericed,762604,User,17
kylophone,4442504,User,16
lmwang4git,948090,User,16
himslm01,1175979,User,16
mnzaki,834591,User,16
nbirkbeck,6225937,User,16
niklesh-lalwani,11607576,User,16
grandao,2193226,User,16
DoubleBB,3865034,User,16
gcocherel,2725254,User,16
mjbshaw,1204698,User,16
rectalogic,11581,User,15
aryla,7724847,User,15
jcowgill,1226825,User,15
mchinen,327400,User,15
wiiaboo,111605,User,15
ronag,3065230,User,15
beckgom,5203242,User,15
4arwa,9338941,User,15
upsuper,333750,User,15
ghedo,117643,User,14
chrschmidt,1149223,User,14
ssvb,78642,User,14
nxtreaming,3108107,User,14
dreifachstein,5867424,User,14
acolwell,300262,User,14
ftomassetti,439078,User,14
w3sip,4392548,User,13
lippit,1927231,User,13
special,80188,User,13
mark4o,821151,User,13
micahg,1226824,User,13
thatguystone,921573,User,12
andrey-utkin,15657784,User,12
bhh1988,555191,User,12
fbarchard,14915597,User,12
pmeerw,146372,User,12
rmartell,750571,User,12
mypopydev,8201808,User,11
pengvado,1106563,User,11
NicolasBertrand,1640910,User,11
philipnbbc,12293192,User,11
piratfm,1777542,User,11
agathah,8402059,User,11
brad0,1129902,User,11
naufal,251470,User,11
plepere,4319561,User,11
bjj,62541,User,10
adgkinsey,1150082,User,10
gbeauchesne,2169174,User,10
MarcAntoine-Arnaud,596816,User,10
erankor,4777488,User,10
dsmudhar,3256918,User,10
alevinsn,27454064,User,9
mathstuf,97253,User,9
DimStar77,532559,User,9
jdelvare,4045314,User,9
kbara,1588250,User,9
lglinskih,5619553,User,9
stevenrobertson,49758,User,9
loudmax,16928010,User,9
omerjerk,3191547,User,9
xhochy,70274,User,9
andrewrk,106511,User,8
plumbojumbo,63454,User,8
cosoleto,629685,User,8
jkrzyszt,11527954,User,8
kmark,1046198,User,8
oanastratulat,1231879,User,8
pcordes,165377,User,8
ReubenM,45847,User,8
robertmk,1841626,User,8
Dragooon,551634,User,8
shuehner,7860948,User,8
stev47,227427,User,8
tjones879,19316007,User,8
alexkay,49100,User,7
bbrice,994118,User,7
chcunningham,12039355,User,7
EdTorbett,4690679,User,7
Dockheas23,213052,User,7
ib,123327,User,7
qbast,846561,User,7
jannau,486189,User,7
FyKnight,3964510,User,7
jstebbins,709720,User,7
johnvansickle,5177545,User,7
strites,4183367,User,7
kevmitch,116549,User,7
kinetiknz,67343,User,7
mikaraento,111402,User,7
neilbrown,57437,User,7
freultwah,631910,User,7
isasi,6520178,User,7
DrMcCoy,156130,User,7
lumimies,457905,User,7
ePirat,323210,User,7
slhck,582444,User,7
bzivkovic86,2787330,User,6
dcherednik,1076097,User,6
microe,641196,User,6
ngaullier,7490788,User,6
cyxx,621628,User,6
hpvb,2591099,User,6
gkv311,851453,User,6
matham,1644286,User,6
a-tze,8227685,User,6
mulvya,16509207,User,6
niels-moller,26724124,User,6
niobos,1756905,User,6
sdroege,301846,User,6
stseppo,3274234,User,6
inAudible-NG,14162790,User,6
vidarino,411568,User,6
vsugrob,1497471,User,6
VittGam,615188,User,6
yayoiukai,720709,User,6
chinshou,841761,User,6
alxsukhanov,5566012,User,5
omega-photonics,1881171,User,5
Benjaminst123,19265932,User,5
wucan,297228,User,5
xeioex,1216287,User,5
eloi29,6538083,User,5
eugenis,421450,User,5
gnarula,1399686,User,5
jermy,254428,User,5
nyuhu,1561470,User,5
kasper93,1126053,User,5
lkiesow,1008395,User,5
laurion,757943,User,5
lennyhpc,1583932,User,5
malaterre,228803,User,5
nkurz,122253,User,5
galdor,37804,User,5
RobSykes,2905589,User,5
stima,5204485,User,5
tmatth,66862,User,5
vasilvv,123512,User,5
quink-black,9263126,User,5
nu774,489444,User,5
Spideru,7359627,User,4
patrakov,2943163,User,4
strangecargo,178837,User,4
dustsigns,11800082,User,4
amyznikov,1285263,User,4
debargha,383820,User,4
