ktsaou,2662304,User,3846
paulfantom,3531758,User,371
l2isbad,22274335,User,252
vlvkobal,22008543,User,105
BrainDoctor,12159026,User,48
alonbl,1263789,User,33
facetoe,1366896,User,29
simonnagl,7253893,User,29
philwhineray,1271051,User,21
rlefevre,5399281,User,20
ntlug,337494,User,15
glensc,199095,User,13
fredericopissarra,6617952,User,9
shadycuz,17090999,User,9
jasonwbarnett,862300,User,8
tperalta82,4300670,User,8
x4FF3,19995842,User,7
davidak,91113,User,7
Chocobo1,9395168,User,6
jimcooley,19278582,User,6
t-h-e,999552,User,6
tycho,29616,User,6
383c57,25700982,User,5
mcnewton,1319836,User,5
Flums,1120739,User,5
breed808,3103817,User,4
efaden,12599300,User,4
FedericoCeratto,91576,User,4
pkoenig10,5273164,User,4
leolovenet,2268675,User,4
pavel,5321105,User,4
safeie,1628250,User,4
tech-no-logical,3081312,User,4
justohall,18339121,User,4
alibo,5338482,User,3
candrews,194713,User,3
deltaskelta,9424192,User,3
k0ste,7759548,User,3
lfdominguez,5604131,User,3
frei-style,3706010,User,3
nielsAD,578193,User,3
pjz,11100,User,3
tferreira,1442912,User,3
Benje06,28002095,User,2
clinta,3177437,User,2
schindlerd,20475314,User,2
fgtham,1180356,User,2
variia,9486223,User,2
jpriebe,2745032,User,2
kn007,6196903,User,2
LucaDev,5812715,User,2
n0coast,1903102,User,2
clickthisnick,7855189,User,2
isonet,2650326,User,2
ciccatrix,5808552,User,2
xuefer,1741312,User,2
yassinei,9938439,User,2
lowfive,7321975,User,2
abhinav-upadhyay,328300,User,1
kianxineki,3725538,User,1
fiveoclock,318735,User,1
bitdeli-chef,3092978,User,1
bogdanr,1079875,User,1
Busindre,1475543,User,1
christ0ph3r,5915361,User,1
chriseskow,19055,User,1
cgrinds,242252,User,1
cbricart,10760605,User,1
da2x,1102886,User,1
ivanionut,2210744,User,1
Kubuxu,2259282,User,1
coraxx,19515548,User,1
JeffHenson,793610,User,1
jpeeler,834161,User,1
jeremiah,5260,User,1
jonathonwiebe,6061817,User,1
jlec,79732,User,1
jurgenhaas,1475675,User,1
k1-hedayati,5066672,User,1
kmlucy,13952475,User,1
lhw,351875,User,1
elopio,617831,User,1
djmattyg007,489338,User,1
the-maldridge,2321814,User,1
LordMike,1027111,User,1
nightexcessive,157376,User,1
mfurlend,1995161,User,1
minhaz1,3103428,User,1
moumoul,1043662,User,1
arslanm,374183,User,1
NMcCloud,4617088,User,1
NikPaulussen,2510608,User,1
brablc,841734,User,1
pjlegato,14567,User,1
xPaw,613331,User,1
rsanger,7008477,User,1
racciari,4243401,User,1
romain-dartigues,393859,User,1
rcousens,6834920,User,1
Sachiru,3443691,User,1
faust64,211675,User,1
SanskritFritz,209814,User,1
saghul,317464,User,1
vaucouleur,12293,User,1
svenstaro,1664,User,1
titpetric,233360,User,1
tkuehne-deliveryhero,6999353,User,1
Chemrat,2371572,User,1
cobrafast,3317555,User,1
earthgecko,96679,User,1
gooodmorningopenstack,10530130,User,1
jb098,6060761,User,1
jnogol,15360402,User,1
jsveiga,7563634,User,1
kralewitz,15180106,User,1
poofyleek,1791889,User,1
invalid-email-address,148100,User,1
sketch242,5010790,User,1
tryncatchDE,24548044,User,1
wayslog,8586449,User,1
woosley,61531,User,1
xfakt-pj,24892191,User,1
