ggreer,200121,User,1385
mattn,10111,User,21
c4rlo,435950,User,14
k-takata,840186,User,9
gentoo90,1297574,User,9
avih,2164962,User,8
blueyed,9766,User,8
nall,72578,User,8
dnelson,55787,User,7
greg0ire,657779,User,7
okdana,122095,User,7
jdhore,42537,User,7
rev112,1120468,User,6
umanwizard,1893159,User,6
luksen,1685157,User,6
ban-dana,1712347,User,6
elliot-forty-two,525550,User,6
pquerna,110123,User,6
sebgod,2624915,User,6
cemeyer,124738,User,5
rioderelfte,158208,User,5
n0la,1431365,User,5
jschpp,1764320,User,5
adolfopa,729897,User,4
uhlissuh,1551682,User,4
aswild,11742669,User,4
mattscamp,2180254,User,4
rrebello,4404653,User,4
sjl,58365,User,4
gurgeous,526195,User,4
me-and,1397507,User,4
AndrewRadev,124255,User,3
catharsis,90487,User,3
IanMReed,1706170,User,3
jpouellet,1231207,User,3
larsch,15712,User,3
spencercrissman,524593,User,3
timbertson,14172,User,3
epmatsw,1126580,User,3
masklinn,6993,User,3
monochromegane,1845486,User,3
SnoringFrog,3333002,User,3
bigardone,1090272,User,3
alexandnpu,1999503,User,2
ajwans,239186,User,2
astephenb,3619060,User,2
bdesham,354230,User,2
brianstorti,183363,User,2
caseyWebb,5419074,User,2
hivehand,1063575,User,2
danielshahaf,2141904,User,2
fujiwara,67804,User,2
mizuno-as,847442,User,2
jacquerie,381280,User,2
jan-ruzicka,482253,User,2
jefffederman,163454,User,2
freedom4ever467,7473623,User,2
Leonidas-from-XIV,121531,User,2
kans,986627,User,2
rf232,3901718,User,2
houshuang,61575,User,2
Therzok,109974,User,2
byplayer,115649,User,2
shabbyrobe,288426,User,2
rking,1808645,User,2
acconsta,5673946,User,2
ackl,6052096,User,2
theospears,116179,User,2
elasticdog,4742,User,1
ainformatico,161387,User,1
afredd,4255073,User,1
moreati,174450,User,1
Andersbakken,73034,User,1
andreasstieger,2847525,User,1
plumdog,2348591,User,1
andrewseidl,1416440,User,1
bjpbakker,605641,User,1
ben-albrecht,3595449,User,1
bheesham,171007,User,1
bogdanvlviv,6443532,User,1
brianpeiris,79419,User,1
cmatheson,35404,User,1
barraponto,134005,User,1
chuckd,98005,User,1
cowens,70357,User,1
chrispickard,1438690,User,1
jmesmon,103437,User,1
cmr,704250,User,1
Sigill,2346033,User,1
ilmari,72175,User,1
dandorman,2452,User,1
living180,425650,User,1
cabello,60936,User,1
davidcpell,1223820,User,1
denilsonsa,121676,User,1
erg,27430,User,1
cardoe,8839,User,1
emilyst,528994,User,1
etdev,6726985,User,1
erantapaa,45424,User,1
erogers6264,3869937,User,1
hamstergene,1212330,User,1
fkotsian,1746855,User,1
FredDeschenes,313707,User,1
gjtorikian,64050,User,1
garyharan,492,User,1
padawin,211438,User,1
myfreeweb,208340,User,1
ZidHuss,6363984,User,1
statico,137158,User,1
igalic,497249,User,1
Phyllostachys,1503954,User,1
jwworth,2782858,User,1
Gama11,2620907,User,1
jcsalterego,30475,User,1
joelpurra,1398544,User,1
spin6lock,734304,User,1
john-terenzio,445973,User,1
jonasstein,298682,User,1
jwiklund,95439,User,1
joshaw,3018066,User,1
minttu,3290715,User,1
jdeniau,1398469,User,1
Arkanosis,124583,User,1
kevinxucs,1533879,User,1
ksuther,106152,User,1
mc10,1146876,User,1
kevgathuku,3721994,User,1
yellow-beard,375269,User,1
lee-dohm,1038121,User,1
lucascaton,86755,User,1
lgarron,248078,User,1
mshibanami,1333214,User,1
martinlindhe,181531,User,1
Carpetsmoker,1032692,User,1
KingMob,946421,User,1
mklein-de,1005128,User,1
clarkema,4311,User,1
mmorearty,207671,User,1
commonquail,603326,User,1
iizukanao,10234,User,1
natemara,6109875,User,1
sobolevn,4660275,User,1
PRDeving,11825031,User,1
padde,115889,User,1
mephaust,348898,User,1
grodzik,102063,User,1
bpierre,36158,User,1
ptroja,161602,User,1
pooriaazimi,814637,User,1
artagnon,37226,User,1
rodfersou,131209,User,1
ryangreenberg,134712,User,1
srstevenson,5845679,User,1
siadat,364548,User,1
steveh,535,User,1
syohex,554281,User,1
radhermit,69519,User,1
timo,25167,User,1
HaleTom,13854417,User,1
zonuexe,822086,User,1
Wilfred,70800,User,1
wvdschel,76032,User,1
astropanic,39388,User,1
zathomas,56683,User,1
abduld,1404191,User,1
artygus,4974968,User,1
eksperimental,9133420,User,1
linduxed,222098,User,1
poxu,2285091,User,1
r0nk,2287992,User,1
rubikitch,42140,User,1
sach1t,8797722,User,1
