szabadka,9074039,User,378
eustas,203457,User,299
anthrotype,6939968,User,62
dsnet,6354026,User,26
lvandeve,4254201,User,25
nicksay,5691215,User,15
nemequ,1151,User,14
fred-wang,567455,User,13
ende76,423337,User,8
PiotrSikora,190297,User,6
Zip753,5332191,User,5
khaledhosny,93914,User,4
rsheeter,6466432,User,3
mdejong,590299,User,2
sebmarchand,245780,User,2
rockdaboot,2087964,User,2
Vedin,22378647,User,1
mitya57,1381584,User,1
dominikhlbg,2669248,User,1
Exagone313,11819703,User,1
1100101,1006337,User,1
jedisct1,124872,User,1
gtalusan,355585,User,1
iand675,69209,User,1
nilya,131207,User,1
ttnbs,28435953,User,1
crowell,616288,User,1
kasper93,1126053,User,1
irori,80796,User,1
karpinski,10697044,User,1
maxnordlund,664779,User,1
MayhemYDG,567105,User,1
Chocobo1,9395168,User,1
tavrez,9096461,User,1
bodewig,1318573,User,1
sylvestre,733326,User,1
thinred,502560,User,1
akashin,1192958,User,1
chad-iris,16736618,User,1
jneb,8970895,User,1
