ctiller,10120821,User,7800
jtattermusch,9939684,User,2662
murgatroid99,961599,User,1835
nicolasnoble,7281574,User,1574
dgquintas,120217,User,1381
yang-g,10122250,User,1217
vjpai,8864912,User,1001
markdroth,18664614,User,843
sreecha,2754995,User,697
jcanizales,5120183,User,632
muxi,1054404,User,585
y-zeng,17460127,User,560
stanley-cheung,11674202,User,476
nathanielmanistaatgoogle,10131044,User,411
kpayson64,18316330,User,372
jboeuf,6262765,User,361
ncteisen,6148140,User,360
tbetbetbe,9272342,User,323
apolcyn,9566254,User,309
soltanmm,4889063,User,247
makdharma,17325098,User,246
soltanmm-google,21180148,User,219
matt-kwong,22083734,User,168
a-veitch,10503072,User,136
LisaFC,10744406,User,126
dklempner,10135909,User,104
a11r,10135698,User,100
rjshade,97579,User,94
lyuxuan,426013,User,68
ejona86,2811396,User,68
mehrdada,900411,User,67
hongweiwang,2645523,User,66
thinkerou,4488261,User,65
adelez,14932100,User,59
bogdandrutu,1373887,User,56
sidrakesh93,12348100,User,55
jayantkolhe,6886327,User,54
iamqizhao,10121772,User,45
maxwell-demon,10470441,User,43
daniel-j-born,13909816,User,42
ericgribkoff,5067076,User,40
donnadionne,10470658,User,40
jiangtaoli2016,19913700,User,37
MakMukhi,20670279,User,36
yongni,25518558,User,32
Vizerai,6879942,User,29
mugurm,457532,User,26
carl-mastrangelo,8943572,User,25
thunderboltsid,6081171,User,20
royalharsh,3523733,User,19
yugui,8161,User,19
xyzzyz,876877,User,19
zeliard,5418049,User,19
oaktowner,7143347,User,14
chedeti,19394082,User,13
larsonmpdx,12436438,User,12
wenbozhu,1471472,User,12
hsaliak,150108,User,12
madongfly,1962333,User,11
pmarks-net,4578188,User,11
emmenlau,1098087,User,10
nkibler,14352762,User,10
pquerna,110123,User,10
thassss,873829,User,10
kriswuollett,1834192,User,10
guantaol,28123841,User,10
fengli79,20803483,User,9
leifurhauks,5378335,User,9
nmittler,6493296,User,9
zsurocking,10237908,User,9
yashykt,4181124,User,8
chrisdunelm,316748,User,7
danzh1989,14790027,User,7
htuch,10914751,User,7
tberghammer,10619060,User,7
agc-sec,29372240,User,7
ewr,204350,User,6
bdotdub,5719,User,5
podsvirov,8400779,User,5
louiscryan,9046588,User,5
michaelbausor,14846209,User,5
ppietrasa,3051910,User,5
chen-wang,6642281,User,5
mleenhardt,8008842,User,5
Chilledheart,2123461,User,4
gcasto,21225679,User,4
iancoolidge,945892,User,4
jskeet,17011,User,4
marcinwyszynski,571786,User,4
mbrukman,4074659,User,4
w4-sjcho,8187891,User,4
tatsuhiro-t,404610,User,4
smulikHakipod,4186903,User,4
mpwarres,156047,User,4
rauls5382,11181042,User,4
atombender,50314,User,3
bluecmd,149442,User,3
dsymonds,31506,User,3
endobson,170008,User,3
jeady,1373937,User,3
menghanl,960845,User,3
mzhaom,5767792,User,3
per-gron,87926,User,3
KindDragon,224272,User,3
slash-lib,19825775,User,3
miselin,73127,User,3
michael-berlin,3919251,User,3
fr05t1k,2131624,User,3
wkubiak,12047562,User,3
gresrun,334288,User,3
adam-26,2652619,User,2
caniszczyk,63777,User,2
cblichmann,213059,User,2
wonderfly,6642209,User,2
deepaklukose,17751169,User,2
yeputons,1297325,User,2
bjori,72407,User,2
ipylypiv,24867154,User,2
thebearjew,5200812,User,2
jmuk,816093,User,2
ksophocleous,290064,User,2
vyper,22549,User,2
lizan,1016047,User,2
rafaelsales,1196663,User,2
jronak,1933534,User,2
sahlberg,494992,User,2
thagikura,796361,User,2
tcr,80639,User,2
toddpoynor,10679833,User,2
VcamX,2258983,User,2
gwvo,6145400,User,2
lenage,183649,User,2
kuscsik,349209,User,2
alamaison,596743,User,2
jorgbrown,11357290,User,2
remi,280,User,2
zhangkun83,9053690,User,2
eavgerinos,1211471,User,2
eduherminio,11148519,User,2
jyang,160682,User,2
defstream,63482,User,1
aaronbee,199899,User,1
gislan,13880,User,1
adewale,43644,User,1
alenkacz,264608,User,1
annasapek,7896120,User,1
enisoc,6733629,User,1
Arkq,6979798,User,1
bsyk,6765840,User,1
BenchR267,5857998,User,1
bsilver8192,2999225,User,1
bblancha,1274243,User,1
wcevans,24657604,User,1
trimbo,19194,User,1
twk3,2806882,User,1
f33rx,972574,User,1
danhhz,52528,User,1
DavidYKay,171287,User,1
shurcooL,1924134,User,1
dmitriykovalev,716798,User,1
rdsedmundo,5482378,User,1
rltvty,2641606,User,1
ernie,14947,User,1
p16,272483,User,1
Orphis,300430,User,1
gkelly,48158,User,1
gazialankus,412997,User,1
geoffreyp,9945579,User,1
HuKeping,9958621,User,1
yoloseem,249795,User,1
ivucica,477596,User,1
Op3n4M3,25988224,User,1
crast,1609368,User,1
jdiazcano,1660930,User,1
meisterpeeps,10258460,User,1
jeremiegirault,1162682,User,1
joeshaw,39916,User,1
proppy,5268,User,1
jhseu,170179,User,1
jozefizso,287778,User,1
kskalski,775012,User,1
Kangmo,510271,User,1
kkm000,8228229,User,1
sebright,19807615,User,1
docent-net,2642761,User,1
makroiss,4398091,User,1
marcwan,525058,User,1
wilhuff,10249104,User,1
markmandel,298370,User,1
mdyring,18033781,User,1
theRealWardo,284347,User,1
mdsteele,35096,User,1
michielbdejong,408412,User,1
msiedlarek,133448,User,1
mjkim,758324,User,1
nbeckman,7105981,User,1
ngauthier,13654,User,1
nsuke,3064114,User,1
nobutaka,17505,User,1
kfsone,323009,User,1
paddybyers,1137574,User,1
parkr,237985,User,1
lepatryk,13542853,User,1
hacfi,428841,User,1
PiotrSikora,190297,User,1
raj-nt,881307,User,1
kerneltime,774455,User,1
robertwb,486017,User,1
icodeplus,3116277,User,1
ryanvo,14133345,User,1
sbc100,515813,User,1
ghemawat,8096977,User,1
Scott84,14943306,User,1
sidnei,35399,User,1
ujentus,1062290,User,1
jerub,315461,User,1
stevej,5834,User,1
atetubou,2410354,User,1
tamihiro,5856531,User,1
teodor-pripoae,393437,User,1
CurrentTV,1141746,User,1
gitter-badger,8518239,User,1
RackhamLeNoir,6160186,User,1
Yhg1s,3949752,User,1
Crusty82,3320342,User,1
tony612,1253659,User,1
msmania,1780142,User,1
oza,104111,User,1
olostan,459897,User,1
vgatto,32080,User,1
joyrex2001,16481116,User,1
vitalybuka,1531415,User,1
sunxiaoguang,3982329,User,1
yihuazhang,26934891,User,1
ishkawa,966856,User,1
zayoo,7341718,User,1
zhuochun,842419,User,1
aaronjheng,806876,User,1
bithavoc,219289,User,1
bjornxiong,2882922,User,1
chai2010,2295542,User,1
goldenbull,9129006,User,1
igorpeshansky,7594381,User,1
itessier,18561048,User,1
mattn,10111,User,1
perumaalgoog,22108371,User,1
pythias,475627,User,1
randvis,9438691,User,1
sammcveety,2364801,User,1
scwhittle,4431052,User,1
tania-m,22083168,User,1
wilsonwen,1358790,User,1
xiaohaoliang,20333772,User,1
zhimingxie,26536155,User,1
overtrue,1472352,User,1
tuoxiansp,3960056,User,1
