kazuho,41567,User,3385
deweerdt,5094,User,329
i110,969287,User,150
zlm2012,1622900,User,59
matsumotory,648437,User,41
yannick,2794,User,18
cubicdaiya,56752,User,17
jfoote,2072203,User,15
syohex,554281,User,9
devnexen,4922778,User,8
kazan417,10315491,User,6
mback2k,231943,User,5
tatsuhiro-t,404610,User,5
ykzts,12539,User,5
takahashim,10401,User,5
mingodad,462618,User,5
mochipon,1837005,User,4
swinghu,4213757,User,4
fetus-hina,848666,User,3
lestrrat,49281,User,3
maksqwe,2767700,User,3
ksss,935310,User,3
nivardus,151138,User,2
Stanback,233396,User,2
cwyang,33555,User,2
hirose31,9108,User,2
rouzier,2490716,User,2
mattyclarkson,1081113,User,2
omasanori,167209,User,2
skaji,1589550,User,2
skirsten,1972314,User,2
cho45,3092,User,2
csmk,2107715,User,2
hbowden,12447474,User,2
nextgenthemes,1780826,User,2
sorah,29440,User,2
mattn,10111,User,2
andydavies,427052,User,1
khomutsky,11818342,User,1
raliscenda,9091073,User,1
deepakprakash,1075008,User,1
franckverrot,108369,User,1
futursolo,11693215,User,1
yoshida-mediba,5857366,User,1
JoeArizona,8071692,User,1
suzukaze,1078126,User,1
kuriyama,55382,User,1
Jxck,322289,User,1
kazu-yamamoto,165387,User,1
lnicola,308347,User,1
leonklingele,5585491,User,1
martell,1595499,User,1
kazeburo,46764,User,1
matt-42,846584,User,1
summerwind,230145,User,1
hfm,1348959,User,1
pborreli,77759,User,1
robguima,6162854,User,1
seanmonstar,51479,User,1
Songmu,177122,User,1
0-wiz-0,2221844,User,1
tomhukins,68138,User,1
noway,2031472,User,1
quentusrex,187192,User,1
bisho,1917,User,1
devlearner,10971704,User,1
disigma,9073639,User,1
iceb0y,1206456,User,1
kimoto,9657,User,1
kyontan,802339,User,1
parly,6236283,User,1
pyos,1849909,User,1
wuhanck,2173451,User,1
greatwar,5835318,User,1
