killing,109284,User,880
lins05,717363,User,489
freeplant,109339,User,156
jyelee,3362214,User,117
poetwang,1908737,User,53
xiez,1459699,User,49
Chilledheart,2123461,User,24
llj,2093566,User,11
spacemule,6741001,User,7
FlorinPeter,2911849,User,4
Pi3R1k,2676767,User,4
maxigas,287700,User,3
bhughes339,16418739,User,3
dmvieira,1108613,User,2
etjossem,1661633,User,2
man0lis,117171,User,2
imwhatiam,3793639,User,2
monksy,615363,User,2
swpd,3040031,User,2
shoeper,5340585,User,2
1resu,9681501,User,1
adrianimboden,2713705,User,1
afranke,117241,User,1
foxel,1551926,User,1
AWhetter,3090295,User,1
brutasse,31269,User,1
jsonchi,3435533,User,1
dhoffend,466581,User,1
david-barbion,878967,User,1
edacval,425244,User,1
ef4,319282,User,1
egroeper,535113,User,1
hanswolff,1478348,User,1
rvu95,7439590,User,1
jeroenj,76424,User,1
l5,277705,User,1
matejc,854770,User,1
mlq,4773677,User,1
schwindp,187595,User,1
SpiritQuaddicted,89572,User,1
gitter-badger,8518239,User,1
TomOne,4357973,User,1
vadz,146917,User,1
allo-,1482341,User,1
benjaoming,374612,User,1
derschueddi,17417363,User,1
detailyang,3370345,User,1
0x64746b,984686,User,1
ggkitsas,6789480,User,1
ojab,153388,User,1
onovy,1649603,User,1
unDocUMeantIt,1068974,User,1
