irungentoo,2226611,User,2181
mannol,13100554,User,182
nurupo,1855294,User,161
FullName,5412807,User,116
stqism,2031258,User,87
JFreegman,1646057,User,80
dubslow,6127392,User,49
notsecure,6959538,User,41
markwinter,4998112,User,37
fhahn,450489,User,24
tux3,5155966,User,21
jin-eld,1308196,User,20
IceProgrammer,4795160,User,19
schuetzm,560664,User,18
rose-m,4354632,User,17
krisl,782873,User,15
Proplex,2215601,User,15
plutooo,2624830,User,15
Jman012,419958,User,14
sonOfRa,1269520,User,14
nickodell,666402,User,12
Jeffail,3921142,User,11
blackwolf12333,1572975,User,11
rlt3,2405362,User,11
stal888,774591,User,11
GrayHatter,243408,User,11
m3hr,700679,User,10
urras,2320137,User,10
aitjcize,197798,User,9
ittner,110642,User,9
Nominate,5167491,User,9
JamoBox,2273100,User,9
Martijnvdc,308694,User,9
zetok,3148759,User,8
xor2003,1642627,User,8
usure,813195,User,7
Jeeppler,2007739,User,7
manuel-arguelles,453345,User,7
nfkd,5062288,User,7
pyruvate,8123289,User,6
kpp,467709,User,5
naxuroqa,5119656,User,5
pb82,1851198,User,5
cryptomilk,545480,User,4
JacobHenner,144119,User,4
JasonLocklin,1719265,User,4
K0K0,1873119,User,4
m-kress,3479525,User,4
roman-yepishev,601685,User,4
xorl1,108541,User,4
SilentSand,5076793,User,4
SoumitraAgarwal,9803188,User,4
aaannndddyyy,4164816,User,4
saneki,4348610,User,4
sometwo,1735511,User,4
lukechampine,3344749,User,4
kigu,1158412,User,3
chovy,27381,User,3
anuragagarwal561994,6075379,User,3
Bahkuh,5707027,User,3
BtbN,294293,User,3
mkfifo,75518,User,3
czarkoff,977491,User,3
AMDmi3,474217,User,3
hugwijst,600107,User,3
jpoler,5551484,User,3
KenanY,733364,User,3
tycho,29616,User,3
Niautanor,1066301,User,3
Alek900,835303,User,3
bigfack,4878248,User,3
lyubod,7609098,User,3
mouseym,5054853,User,3
cgar,979352,User,3
worfox,1528513,User,3
benwaffle,1713819,User,3
grimd34th,934782,User,3
Aaron1011,1408859,User,2
aviau,2706882,User,2
Captainhat,4723156,User,2
Garydos,2887770,User,2
cbrueffer,2705287,User,2
linux-modder,5921776,User,2
bakwc,1684011,User,2
LittleVulpix,8679333,User,2
MovingtoMars,596124,User,2
passiweinberger,9993908,User,2
palistov,2092918,User,2
sodwalt,3987235,User,2
skyhighwings,1034201,User,2
tylerb,70804,User,2
hackerkid,7190633,User,2
wrouesnel,772445,User,2
yati-sagade,966274,User,2
arza-zara,7052386,User,2
krobelus,6853872,User,2
loadletter,5257054,User,2
pflo,3087526,User,2
kasperhesse,6167485,User,2
randoms,3120090,User,2
romik-g,6718870,User,2
seshagiriprabhu,998311,User,2
lobiCode,2765106,User,2
thunfischbrot,583358,User,2
maksqwe,2767700,User,2
ProMcTagonist,4358079,User,2
yashikno,9824478,User,2
Raffinate,2605104,User,1
her001,571088,User,1
Ansa89,6872182,User,1
AnthonySuper,4966441,User,1
aaboagye,1887560,User,1
ayberk,309940,User,1
bpr97050,5479743,User,1
ChlorideCull,4977063,User,1
dparnell,43903,User,1
DarkSER,3101665,User,1
bahamas10,1205722,User,1
davidgumberg,2257631,User,1
blast-hardcheese,278900,User,1
xistance21,3386313,User,1
erik,188935,User,1
felix-salfelder,1772519,User,1
susnux,1855448,User,1
frh,4987254,User,1
gitgud-software,10673048,User,1
jaekwon,53785,User,1
jmaldonado6253,4561928,User,1
jquadrin,2413373,User,1
justquick,35289,User,1
lance0,3323861,User,1
ldrumm,4323144,User,1
mhinz,972014,User,1
marco-hoyer,3943275,User,1
mrshu,461491,User,1
untitaker,837573,User,1
mneumann,34112,User,1
myroslav,883905,User,1
RichiH,754723,User,1
sanketparmar,4015676,User,1
paragonie-scott,11591518,User,1
shivam5992,4301965,User,1
Spittie,1008895,User,1
bjorn,531764,User,1
helium-software,1682631,User,1
cedeon,599432,User,1
kongr45gpen,720678,User,1
beemaster,1914293,User,1
codedust,7175914,User,1
davidbaumann,1685151,User,1
duthils,3194589,User,1
dypa,80477,User,1
exonity,6564779,User,1
tsudoko,2314894,User,1
iphydf,10647936,User,1
irdan,2509536,User,1
kyconny,967286,User,1
kylobite,1433976,User,1
olologin,4762581,User,1
panosalbanis,3669928,User,1
rayslava,640889,User,1
tawm,1620221,User,1
toxxxer,8063802,User,1
aapetrenko,5169650,User,1
xzfc,5121426,User,1
