jonas,8417,User,1954
rolandwalker,727482,User,73
vivien,285808,User,28
swegener,814471,User,23
tsibley,79913,User,19
peff,45925,User,18
kumanna,163500,User,9
SamB,13903,User,9
MadCoder,44708,User,7
hashpling,1668475,User,6
Oblomov,1464,User,6
jnareb,2706,User,5
jcowgar,251686,User,4
neuschaefer,1021512,User,4
tokkee,243914,User,4
bbolli,21444,User,3
domivogt,8460653,User,3
sunshineco,163641,User,3
yudai,33192,User,3
johnkeeping,1702081,User,3
mjg,233215,User,3
esc,41563,User,3
nanoant,103067,User,2
n1xim,4955683,User,2
vonbrand,211384,User,2
ingmarv,19112,User,2
louipc,14770,User,2
m42a,1335659,User,2
Ferada,13713,User,2
knot,35294,User,2
rgburke,7596018,User,2
rfrancoise,49197,User,2
simu,393160,User,2
tihirvon,484431,User,2
zomfg,239811,User,2
andreasstieger,2847525,User,2
af,25241,User,1
aclindsa,362852,User,1
alexandercampbell,9295657,User,1
avm,25223,User,1
AlexanderS,149450,User,1
svpv,3013195,User,1
Avinash-Bhat,1468910,User,1
BenBergman,142754,User,1
benjmin-r,202472,User,1
bostjan,107080,User,1
Benabik,133455,User,1
cirosantilli,1429315,User,1
h3xx,615684,User,1
wendorf,407342,User,1
blueyed,9766,User,1
dtwlin,18222619,User,1
spytheman,26967,User,1
dmalikov,997543,User,1
donaldchai,14955603,User,1
DouglasLivingstone,350322,User,1
ebruck,1168556,User,1
edi9999,2071336,User,1
ffes,3225656,User,1
ghewgill,17221,User,1
gregkh,14953,User,1
harish,5512,User,1
hugows,11545,User,1
IslamAzab,3228221,User,1
jaalto,34601,User,1
jcollie,740022,User,1
JelteF,1162278,User,1
jjlin,203380,User,1
comps,1620988,User,1
serbaut,68637,User,1
lian,6937,User,1
jlec,79732,User,1
wkentaro,4310419,User,1
kgraefe,3797324,User,1
krh,9175,User,1
lcd047,1281736,User,1
chingjun,1267593,User,1
spk,98590,User,1
hluk,38054,User,1
grawity,31021,User,1
menghan,115532,User,1
michaelbarlow7,491496,User,1
michaelgruenewald,451113,User,1
mopsfelder,2346907,User,1
oychang,550023,User,1
parkercoates,2930537,User,1
tullmann,5630863,User,1
PeterDaveHello,3691490,User,1
nafmo,990764,User,1
phi-gamma,1437713,User,1
rlaboiss,4037976,User,1
fuzxxl,328433,User,1
bart9h,3777,User,1
ryansch,146013,User,1
rudis,390994,User,1
snaewe,4468,User,1
gitter-badger,8518239,User,1
koutcher,11375970,User,1
tischwa,2934304,User,1
radhermit,69519,User,1
ludder,1006509,User,1
mcfiredrill,66243,User,1
tmatth,66862,User,1
vifo,266770,User,1
vontrapp,919013,User,1
egnagflow,1261557,User,1
yasuoza,736506,User,1
b2j,749609,User,1
hamaco,4940,User,1
ideal,261698,User,1
jipey,13419820,User,1
kiryph,371756,User,1
senderghost,11497512,User,1
stepnem,106838,User,1
