jp9000,2084112,User,3194
palana,343642,User,440
fryshorts,6630896,User,200
BtbN,294293,User,111
Gol-D-Ace,5058319,User,93
kc5nra,231018,User,92
notr1ch,876345,User,75
DDRBoxman,207897,User,54
computerquip,624819,User,53
Xaymar,437395,User,40
cg2121,19962531,User,31
martell,1595499,User,27
reboot,141426,User,25
hwdro,3158198,User,22
derrod,3123295,User,20
RytoEX,624931,User,19
dodgepong,838450,User,19
Radzaquiel,9288595,User,11
Socapex,156883,User,11
c3r1c3,8411066,User,9
juvester,6421945,User,9
SkylerLipthay,38674,User,8
SuslikV,19683044,User,8
Arkkis,1597688,User,7
antihax,6982107,User,7
GoaLitiuM,4064397,User,7
chaironeko,675022,User,6
kmoore134,1933088,User,6
mntone,901816,User,6
sorayuki,16860691,User,6
azatoth,146477,User,5
admshao,8628354,User,5
andy-kliman,6177385,User,4
CoDEmanX,1309249,User,4
Ceropean,2922554,User,4
kkartaltepe,526419,User,4
ElectronicWar,1890874,User,4
bl4,16507313,User,4
alexandrevicenzi,2637672,User,3
Dead133,5468793,User,3
benklett,1735490,User,3
Bl00drav3n,1081719,User,3
Blackhive,333522,User,3
Fishrock123,1093990,User,3
Savestate2A03,22358804,User,3
jumoog,5268791,User,3
srgpqt,591721,User,3
tgurr,414984,User,3
VodBox,16394849,User,3
shiina424,24505855,User,3
shousa,4590643,User,3
codertux,52871,User,2
bazukas,575943,User,2
bsstephan,45223,User,2
ThoNohT,3800650,User,2
Lexsus,5556887,User,2
flying19880517,344444,User,2
Palakis,1812130,User,2
Skid-Inc,8793802,User,2
ttaylorr,443245,User,2
wt,416255,User,2
adray,5704613,User,2
bootkiller,3116308,User,2
craftwar,16416710,User,2
thatjpk,1297471,User,2
beeanyew,21002523,User,2
skwerlman,6954107,User,2
taesheren,921008,User,2
yogpstop,1661794,User,2
boombatower,209374,User,2
notmark,9907470,User,2
MedicMomcilo,7031596,User,2
akx,58669,User,1
unascribed,6185037,User,1
Akagi201,1207959,User,1
flash0110,24278619,User,1
Incalex,1774188,User,1
arBmind,44107,User,1
paraboul,80341,User,1
AnthonySuper,4966441,User,1
asgeirom,6307480,User,1
Autumin,9495364,User,1
buscher,775794,User,1
caitp,2294695,User,1
RobotCaleb,113401,User,1
CallumHoward,7144420,User,1
trixnz,2995953,User,1
chaturbateorg,24613167,User,1
CommanderRoot,4395417,User,1
copyliu,1076640,User,1
MP2E,167708,User,1
dandv,33569,User,1
dtcooper,873944,User,1
2mac,5657787,User,1
drekryan,1168966,User,1
dsodintsov,4486547,User,1
EmilSayahi,5004276,User,1
EpicCoder,10118355,User,1
flibitijibibo,1396814,User,1
Tak0r,611264,User,1
trapped,4138706,User,1
gamaral,17997,User,1
gkbrk,3153378,User,1
iblis17,761623,User,1
ujifgc,108798,User,1
jakeprobst,226173,User,1
JamyDev,1273267,User,1
jkoan,3747958,User,1
john5788,9289163,User,1
jrm780,3281901,User,1
kazukioishi,1785179,User,1
sagara-,310250,User,1
dalegaard,344673,User,1
lioncash,712067,User,1
lucianposton,646121,User,1
doctorluk,6282654,User,1
TheMuso,9444357,User,1
panzi,134175,User,1
MattMcNam,1284739,User,1
Enzime,10492681,User,1
OsirisNL,5693027,User,1
CounterPillow,308818,User,1
night,2942184,User,1
omkelderman,2544736,User,1
neogenix,141967,User,1
sztanpet,58942,User,1
wiiaboo,111605,User,1
ipince,1203781,User,1
ryansully,51629,User,1
SammyJames,4590604,User,1
seung-woo,15972452,User,1
shamun,107349,User,1
r52,9069578,User,1
SHOTbyGUN,3988658,User,1
mcgrew,50108,User,1
TotalCaesar659,14265316,User,1
Weikardzaena,10414738,User,1
jb55,45598,User,1
yoones,1333898,User,1
Ziemas,5276694,User,1
adocilesloth,6073524,User,1
cryptonaut,5925468,User,1
cexikitin,3128949,User,1
kaimi,910302,User,1
lemmi,2631530,User,1
mape,25655,User,1
cleverca22,848609,User,1
pantonvich,5418596,User,1
partouf,442630,User,1
pipll,827191,User,1
raincomplex,900753,User,1
repeat83,899572,User,1
rpslack,20813111,User,1
sam8641,2214598,User,1
thekrzos,6432749,User,1
trwnh,10606431,User,1
viclin920,11267598,User,1
vividnightmare,4257551,User,1
cymatics1717,997798,User,1
