julycoding,6184536,User,2828
Boshen,1430279,User,108
sallen450,4767115,User,91
nateriver520,3141721,User,46
marchtea,3918849,User,35
ChanYuLeung,5378203,User,31
ansvver,4678793,User,25
liuyang1,3022197,User,22
l2x,4135347,User,22
liuyongkang,2479007,User,21
badnotes,3199446,User,16
lmdyyh,4398247,User,14
BrickXu,5711360,User,12
jackingod,1016477,User,11
lidashuang,612381,User,10
pigghost,4761467,User,10
Frederick-S,1182395,User,9
catalystfrank,5650433,User,9
Jiacai,5567848,User,8
cpcs,2747037,User,8
ronghai,1288284,User,8
fengyie007,241077,User,8
t-benze,4394426,User,7
XiaoSK,4531292,User,7
fz1989,1414832,User,7
hejavac,5077886,User,7
Neil-Liang,1234715,User,7
fairywell,6447383,User,6
jayzeng,141891,User,5
network061,3390698,User,5
cponyde,6850141,User,5
howaichun,3882952,User,4
ppggff,2892417,User,4
sumnous,2025605,User,4
ultimate010,1618097,User,4
wuchong,5378924,User,4
huopochuan,7405212,User,4
hazirguo,3265880,User,3
jasonwbw,3417170,User,3
eclipselu,1037562,User,3
denganliang,519849,User,3
zhouchang1988,1515205,User,3
xmpy,5525388,User,3
8cbx,1950525,User,2
lucktroy,997318,User,2
nkcoder,1478520,User,2
Seamwills,6252992,User,2
sfdye,1016390,User,2
WangTaoTheTonic,5276001,User,2
Xuanwo,5351546,User,2
blackball,522354,User,2
yansha87,6286833,User,2
diseng,2225246,User,2
gaoyuankidult,1174296,User,2
honeychx,4641438,User,2
liamlee,781297,User,2
yaguanghu,6231388,User,2
qiwsir,3646955,User,2
tk14,3503487,User,2
xiaoyuyidai,6984194,User,2
JamzyWang,5517818,User,2
tastynoodle,3249324,User,2
tl3shi,491629,User,2
shibochan,2803738,User,1
adrian-wang,3078910,User,1
fritx,6647633,User,1
ScorpioCPH,5319646,User,1
ailurus1991,1714565,User,1
junhan-z,5921660,User,1
schemacs,434358,User,1
muzichao,8605037,User,1
douglarek,1488134,User,1
zzz6519003,1625608,User,1
tracy-e,1498281,User,1
Trialngle23,2580647,User,1
UncleBill,1141198,User,1
zhoutai,5146253,User,1
alvas,826874,User,1
carlosten1989,3632761,User,1
changxiangzhong,5352145,User,1
cherler,5901820,User,1
daiyl0320,5046674,User,1
delta4d,2194462,User,1
gowithqi,4019775,User,1
iloveryoko,6223380,User,1
klb3713,1397699,User,1
xlplbo,4979397,User,1
liuzheng712,1198380,User,1
pldlidong,5482913,User,1
scalers,2518529,User,1
soddy1990,6235228,User,1
tdoly,3241838,User,1
vv1133,1709792,User,1
wihoho,1862990,User,1
xtlx2000,4193729,User,1
chunyang-wen,2911134,User,1
jaykizhou,6202058,User,1
lidongsjtu,3262675,User,1
zyearn,4475779,User,1
kunl,2870324,User,1
jjyr,1695400,User,1
gzucm,4033988,User,1
