kripken,173661,User,10872
juj,225351,User,1883
waywardmonkeys,178582,User,366
invalid-email-address,148100,User,282
ehsan,168508,User,268
max99x,680351,User,218
azakai,451275,User,214
ehostunreach,1621027,User,185
inolen,460296,User,118
aidanhs,1050652,User,101
chadaustin,59987,User,101
sunfishcode,4503403,User,92
hamishwillee,5368500,User,87
int3,228496,User,76
Daft-Freak,3074891,User,55
behdad,142891,User,52
BillWelden,1895125,User,46
michaeljbishop,1656845,User,44
fadams,5511501,User,39
azmeuk,60163,User,37
crazyjul,1247348,User,33
caiiiycuk,1727152,User,31
dschuff,1122856,User,29
rfk,34695,User,29
SiggyBar,770564,User,28
coolwanglu,734614,User,27
philippwiesemann,5358527,User,27
jterrace,154510,User,20
anlambert,5493543,User,19
mlogan,708638,User,18
gouletr,6430434,User,18
ngld,5465775,User,17
jgravelle-google,20847303,User,17
MichaelRiss,3259177,User,16
ToadKing,1023440,User,16
eymike,619812,User,16
amatus,282880,User,16
fhd,383120,User,15
haneefmubarak,1464144,User,15
dvander,865306,User,15
j4m3z0r,3580291,User,14
jinsuck,1839789,User,14
MannyClicks,1478338,User,14
djg,156077,User,13
prenaux,164860,User,13
sbalko,2197299,User,13
yukoba,194666,User,13
huningxin,1005673,User,12
aheejin,8726997,User,12
abergmeier,2580183,User,11
TV4Fun,4702728,User,11
NWilson,363415,User,11
lovasoa,552629,User,11
jechter,439505,User,11
modeswitch,304186,User,11
BenoitT,1128958,User,10
dreamlayers,1137396,User,10
gagern,190759,User,10
rharkeadsk,1536874,User,10
vvuk,194965,User,10
mosra,344828,User,10
AlexPerrot,2419665,User,10
wsmind,859109,User,10
anthonyliot,4578169,User,9
gsathya,565765,User,9
arlolra,123708,User,8
jamesu,10850,User,8
jlee-imvu,2192853,User,8
pmb45,1197206,User,8
sronsse,6821415,User,8
ysangkok,284023,User,8
guillaumeblanc,7301602,User,8
brian-armstrong,15702338,User,7
lptr,495366,User,7
mnaamani,1621012,User,7
TBBle,138397,User,7
xxuejie,340446,User,7
dtc,1187766,User,7
mhenschel,348282,User,7
Kagami,533383,User,6
rsturgell,851146,User,6
TannerRogalsky,654931,User,6
manuels,31315,User,6
timdawborn,812019,User,6
onnoj,4381237,User,6
babcca,770147,User,6
ILOVEPIE,269942,User,5
canning-duck,11757268,User,5
jvilk,1141042,User,5
nadult,3227675,User,5
ncbray,830049,User,5
asRIA,4076929,User,5
tjgq,4370077,User,5
usagi,115972,User,5
weitjong,5548048,User,5
pimlu,9065548,User,5
larsxschneider,477434,User,5
socketpair,1157412,User,5
junjihashimoto,2469618,User,5
adetaylor,145740,User,4
afriesen-imvu,14223825,User,4
DerKoun,6045077,User,4
EpicPineapple,3154578,User,4
jbaicoianu,251610,User,4
kanaka,70127,User,4
mgerhardy,577713,User,4
thewtex,25432,User,4
Noxalus,1321964,User,4
pkholland,8400193,User,4
rfeneon,12559029,User,4
richardassar,868396,User,4
kidanger,297479,User,4
sylvestre,733326,User,4
amandle,879468,User,3
pretyman,5530143,User,3
andreabedini,69135,User,3
hyperlogic,20499,User,3
brion,103075,User,3
yipdw,3859,User,3
fabiosantoscode,1611595,User,3
gogoprog,1249453,User,3
regular,122962,User,3
janjongboom,816856,User,3
Cloudef,480330,User,3
jazzzz,290626,User,3
jallwine,2177085,User,3
machee,65867,User,3
nathanhammond,20542,User,3
nlguillemot,1079061,User,3
tomaka,1412254,User,3
xrmx,12932,User,3
rjanicek,476158,User,3
rogerbraun,101936,User,3
rcgordon,673562,User,3
timdream,93093,User,3
warrenseine,539804,User,3
wffurr,519506,User,3
linghuye,1555533,User,3
jjrv,778781,User,3
zzmp,5403956,User,3
cgibson,140325,User,3
DopefishJustin,747261,User,3
Maher4Ever,277764,User,3
faithandbrave,240038,User,2
agladysh,38239,User,2
andreasplesch,6171115,User,2
reven86,276251,User,2
burik666,1700398,User,2
r0mai,6103818,User,2
ashleysommer,402468,User,2
bradenmacdonald,945577,User,2
brson,147214,User,2
polymeris,531849,User,2
sftblw,5573010,User,2
hackcasual,518438,User,2
CryZe,1451630,User,2
CliffyA,6199020,User,2
dandv,33569,User,2
chino,21051,User,2
ddiproietto,1853271,User,2
dfletcher,189317,User,2
eclecticdave,12257,User,2
diclophis,10122,User,2
ddcc,1108560,User,2
urkle,101123,User,2
fzimmermann89,5222871,User,2
4ian,1280130,User,2
fta2012,575833,User,2
trylle,1915817,User,2
gwichman-zynga-com,3675834,User,2
greggman,234804,User,2
stoklund,12660495,User,2
jlongster,17031,User,2
badboy,2129,User,2
magcius,40890,User,2
jplatte,951129,User,2
josephg,47413,User,2
jgranick,833997,User,2
krbg,6785406,User,2
KhaledSami,9013367,User,2
Minishlink,82368,User,2
lukewagner,9660325,User,2
nathanross,6265059,User,2
prabindh,1215029,User,2
richq,2865,User,2
svaarala,6377415,User,2
svenstaro,1664,User,2
syl22-00,875066,User,2
tobiasweibel,2638420,User,2
pwnall,11460,User,2
yjroot,374113,User,2
nyuichi,540144,User,2
beakbeak,7798945,User,2
bobroberts177,4307735,User,2
floooh,1699414,User,2
nickshinpho,14188635,User,2
noamtcohen,4671571,User,2
patchanka,6763548,User,2
russaa,3603062,User,2
sstj,4030481,User,2
H2CO3,742370,User,2
NuclearCookie,5354914,User,2
rib,235361,User,2
rdb,194842,User,2
malamanteau,6908895,User,1
ahixon,665646,User,1
achoudhury85,16157386,User,1
bnoordhuis,275871,User,1
bemasc,191945,User,1
Benny-,516316,User,1
eXon,280982,User,1
BioKom,2557131,User,1
blixt,158591,User,1
CWelshE,9919862,User,1
DanielBaulig,158797,User,1
davidben,109690,User,1
dmlap,56667,User,1
dinibu,2783098,User,1
ensjo,5552471,User,1
ericrannaud,925816,User,1
artdent,80536,User,1
JasonGreen,709232,User,1
jmeseguerdepaz,378327,User,1
SaschaNaz,3396686,User,1
ralphtheninja,308049,User,1
llorensmarti,1775295,User,1
maasencioh,7273940,User,1
n8o,380760,User,1
OmarEl-Mohandes,1239788,User,1
salty-horse,28355,User,1
pepijnve,225326,User,1
rbit,1212231,User,1
reneeichhorn,9060023,User,1
gurka,1516492,User,1
sindresorhus,170270,User,1
espadrine,100689,User,1
tobydox,3300739,User,1
fairfieldt,75176,User,1
ringoz,583134,User,1
volo-zyko,6214200,User,1
XVincentX,1416224,User,1
forandom,1063961,User,1
TheKK,5238484,User,1
antelle,633557,User,1
cynecx,5961244,User,1
eska014,6996191,User,1
holland01,911971,User,1
ohjames,97685,User,1
nandhp,404497,User,1
pgtest2,13133082,User,1
prixeus,6986492,User,1
PinZhang,687491,User,1
w-vi,5246357,User,1
z3t1,5484110,User,1
