vmg,42793,User,2039
carlosmn,335443,User,1913
arrbee,103350,User,1128
nulltoken,92363,User,590
ben,39902,User,542
pks-t,4056630,User,438
schu,366468,User,158
phkelley,1985886,User,106
jacquesg,3534453,User,104
linquize,791115,User,74
spearce,34844,User,64
csware,428133,User,63
arthurschreiber,2195,User,63
scunz,1700771,User,60
swisspol,627915,User,45
kiryl,588661,User,43
ageric,1110928,User,36
chris-y,1818803,User,36
alanjrogers,22635,User,34
bmorganpa,395664,User,30
jamill,2045976,User,27
jeffhostetler,7493832,User,25
sba1,3218529,User,24
yorah,91964,User,24
spraints,20158,User,22
sschuberth,349154,User,21
martinwoodward,856858,User,21
Romain-Geissler,801960,User,19
brodie,42407,User,19
tiennou,81099,User,19
jspahrsummers,432536,User,15
tkelman,5934628,User,15
kadamski,11685,User,14
schacon,70,User,14
calavera,1050,User,13
nvloff,127317,User,13
joshtriplett,162737,User,12
cbargren,1050712,User,12
pegonma,803313,User,11
drahosp,246514,User,11
anuraggup,6600678,User,11
jiripospisil,20820,User,10
leoyanggit,2433232,User,10
hackhaslam,6586470,User,9
jasonpenny,6033,User,9
phatblat,28851,User,9
jfultz,1069048,User,8
mstrap,3380730,User,8
paulcbetts,1396,User,8
richardipsum,10631029,User,8
joshaber,13760,User,8
Therzok,109974,User,8
edubart,322030,User,7
gnprice,28173,User,7
jdavid,596769,User,7
peff,45925,User,7
jwiegley,8460,User,7
belkiss,897767,User,7
mgorny,110765,User,7
cholin,140243,User,7
tclem,136521,User,7
crazymaster,1528093,User,7
aroben,917945,User,6
ghedo,117643,User,6
drafnel,921167,User,6
barrbrain,220594,User,6
nacho,18858,User,6
rcjsuen,15629116,User,6
t0xicCode,1268885,User,6
SHyx0rmZ,654223,User,6
scorpion007,276285,User,5
chescock,8494645,User,5
ecoffey,46906,User,5
johnhaley81,867780,User,5
josh,137,User,5
julioes,7113,User,5
mhp,5925,User,5
rcorre,2496231,User,5
tnm,126905,User,5
lhchavez,168028,User,5
kitbellew,7529386,User,4
JIghtuse,908960,User,4
cirosantilli,1429315,User,4
drodriguez,6338,User,4
novalis,77003,User,4
frasertweedale,2331938,User,4
GrahamDennis,103838,User,4
ingmarv,19112,User,4
whoisj,11578325,User,4
Yogu,395810,User,4
joshleeb,2503518,User,4
jru,433924,User,4
kevinsawicki,671378,User,4
rick,6259,User,4
ivoire,2114999,User,4
meatcoder,6243,User,4
stewid,1815965,User,4
srajko,291007,User,4
veeti,124223,User,4
mplough,6187557,User,4
alexcrichton,64996,User,3
AndrejMitrovic,15028641,User,3
azdavis,6496454,User,3
icefox,6153,User,3
waywardmonkeys,178582,User,3
congyiwu,2067615,User,3
dprofeta,10244096,User,3
dborowitz,194927,User,3
dbussink,7851,User,3
lznuaa,40642,User,3
haneefmubarak,1464144,User,3
karvaporo,7341285,User,3
enzbang,36661,User,3
robrix,59671,User,3
rossdylan,343897,User,3
rwilcox,20831,User,3
chobie,195038,User,3
nud,10519,User,3
sunheehnus,2889804,User,3
euler0,549734,User,3
swansontec,276214,User,3
xtao,1050163,User,3
yongthecoder,12142925,User,3
mgbowen,1728834,User,3
mikeando,46179,User,3
KindDragon,224272,User,3
adamniedzielski,2426386,User,2
andhe,3367571,User,2
AndreyG,235190,User,2
petdance,41100,User,2
alindeman,395621,User,2
miri64,675644,User,2
Merovius,720787,User,2
bnoordhuis,275871,User,2
bokic,5620944,User,2
shiftkey,359239,User,2
bwoods,26312,User,2
cjhoward92,4052959,User,2
cschlack,2284896,User,2
ctimmerm,40010,User,2
dturner-tw,6484012,User,2
e45lee,3325066,User,2
staticfloat,130920,User,2
mmuman,470143,User,2
khalsah,4380,User,2
isaac,2070,User,2
jcajka,7558856,User,2
lambourg,480233,User,2
jjosef,194750,User,2
leto,30298,User,2
JustinLove,54438,User,2
dahlbyk,133987,User,2
lucasderraugh,714282,User,2
margro,499235,User,2
marvil07,73675,User,2
mxswd,136101,User,2
mitesch,20913826,User,2
MikeMcQuaid,125011,User,2
mohseenrm,10768371,User,2
isilkor,693922,User,2
nikai3d,494755,User,2
pmq20,13315,User,2
piki,3660033,User,2
palistov,2092918,User,2
przemoc,142372,User,2
QbProg,673675,User,2
rakuco,36417,User,2
ravindp,9804129,User,2
ReadmeCritic,15367484,User,2
RobDangerous,379761,User,2
sakari,379600,User,2
simonbyrne,1692009,User,2
stanhu,963826,User,2
yuyichao,712232,User,2
delanne,2690327,User,2
palmin,1230554,User,2
txdv,116642,User,2
modocache,552921,User,2
zcbenz,639601,User,2
adrienthebo,172194,User,1
Aimeast,3733969,User,1
alco,207748,User,1
TheRealKerni,42185,User,1
as-cii,482957,User,1
antono,7622,User,1
arielb2,3988316,User,1
bubaflub,76328,User,1
softwarenerd,853239,User,1
brianmario,11571,User,1
bts,5743,User,1
edquist,5522437,User,1
karipe,763152,User,1
claudiuolteanu,1594079,User,1
ivellioscolin,6303111,User,1
b4n,793526,User,1
conet,11311763,User,1
Steap,416834,User,1
dleehr,2752599,User,1
darkhelmet,36123,User,1
dbrnz,239220,User,1
Uncommon,137115,User,1
vivaladav,22860303,User,1
olshevskiy87,26171315,User,1
arhibot,369590,User,1
DimStar77,532559,User,1
dglsswnsn,24810869,User,1
fxfactorial,3036816,User,1
ehsan,168508,User,1
grimreaper,433817,User,1
glensc,199095,User,1
potyl,56197,User,1
Ephemera,1617580,User,1
Erdur,8864105,User,1
erikvanzijst,63338,User,1
Eun,796084,User,1
Fallso,13164507,User,1
fcharlie,6904176,User,1
sleeper,30812,User,1
gregier,154203,User,1
gsaralms,25477634,User,1
bisho,1917,User,1
lht,19508,User,1
hanwen,31547,User,1
ids1024,2263150,User,1
ignatenkobrain,2866862,User,1
ingydotnet,21826,User,1
jaredlwong,1509686,User,1
jasonrm,39949,User,1
jasperla,637504,User,1
saurik,36743,User,1
techee,713965,User,1
seejohnrun,64965,User,1
josharian,67496,User,1
Qix-,885648,User,1
kainjow,271035,User,1
rkrp,1880030,User,1
leighlondon,602791,User,1
ldct,130362,User,1
logancollins,714246,User,1
maksqwe,2767700,User,1
Keruspe,222942,User,1
odcinek,217108,User,1
mrshu,461491,User,1
fourplusone,25514,User,1
theseion,250711,User,1
ravselj,6742843,User,1
mcanes,481979,User,1
mortonfox,495892,User,1
NHDaly,1582097,User,1
nathan-osman,1253444,User,1
pclouds,720,User,1
nickh,6218,User,1
nvanheuverzwijn,943226,User,1
nviennot,297060,User,1
n1rvana,1340910,User,1
fudanchii,177826,User,1
oleganza,698,User,1
pblesi,5333011,User,1
patrickmckenna,3589536,User,1
PeterDaveHello,3691490,User,1
MadCoder,44708,User,1
pietbrauer,759730,User,1
pranitbauva1997,2959938,User,1
pra85,829526,User,1
rnowosielski,5499225,User,1
Neopallium,68307,User,1
roblg,777138,User,1
rtyley,52038,User,1
RogerGee,5503540,User,1
RomainMuller,411689,User,1
tuxdna,52947,User,1
samcday,531550,User,1
sbc100,515813,User,1
t3rm1n4l,89005,User,1
saschpe,115275,User,1
SeijiIto,9032143,User,1
shawnl,510834,User,1
slavikus,143051,User,1
steffhip,21207827,User,1
stspdotname,9281333,User,1
Cruel,383999,User,1
radhermit,69519,User,1
thentenaar,167224,User,1
lantw44,3016644,User,1
worblehat,2873504,User,1
graywolf,790463,User,1
trentm,46866,User,1
tylerc,42798,User,1
esc,41563,User,1
vsevolodp,371102,User,1
waldyrious,478237,User,1
epmatsw,1126580,User,1
wabain,7651435,User,1
ymendel,597,User,1
urkud,188813,User,1
cpthamilton,1121065,User,1
antong,351469,User,1
bk2204,497054,User,1
cthomas,757136,User,1
drusk,1302028,User,1
jakebolewski,1157798,User,1
jbreeden,4704574,User,1
klutzy,1589355,User,1
Lionelon,3920466,User,1
liyuray,17321,User,1
pontusm,144051,User,1
tepas,1920294,User,1
implausible,5742591,User,1
wildart,38350,User,1
