bnoordhuis,275871,User,1196
piscisaureus,218257,User,676
saghul,317464,User,404
indutny,238531,User,119
tjfontaine,146447,User,69
cjihrig,2512748,User,50
santigimeno,1084056,User,29
txdv,116642,User,28
isaacs,9287,User,28
jBarz,15161981,User,24
bradking,87268,User,21
erickt,84711,User,21
schlamar,238652,User,18
HenryRawas,849736,User,15
orangemocha,1625870,User,14
mscdex,54666,User,14
jedisct1,124872,User,14
mmalecki,692459,User,14
zerhacken,1444972,User,13
shigeki,782880,User,13
AvianFlu,788946,User,12
alexcrichton,64996,User,11
bzoz,17704638,User,11
rmustacc,613773,User,10
vtjnash,330950,User,8
kthelgason,2563784,User,8
trevnorris,289174,User,8
japj,512,User,7
luislavena,4182,User,7
DrPizza,301404,User,7
yjhjstz,3832082,User,6
joaocgreis,134460,User,6
Keno,1291671,User,6
lucab,98086,User,6
bajtos,1140553,User,6
recp,1264894,User,6
okuoku,100813,User,6
misterdjules,811047,User,5
refack,96947,User,5
mattn,10111,User,5
waywardmonkeys,178582,User,4
danbev,432351,User,4
gireeshpunathil,6447530,User,4
hnakamur,19299,User,4
jorangreef,413206,User,4
maksqwe,2767700,User,4
skypjack,1812216,User,4
seishun,988441,User,4
sam-github,17607,User,4
rioki,130296,User,4
fdopen,6636667,User,3
qbit,68368,User,3
apaprocki,767372,User,3
typester,3420,User,3
calid,494405,User,3
ibc,16191,User,3
jasongin,13093042,User,3
whitlockjc,98899,User,3
lhecker,2256941,User,3
mmicko,3623496,User,3
richardlau,5445507,User,3
equalsraf,715238,User,3
BlueHaunter,20745588,User,3
skabbes,592178,User,3
huxingyi,3941597,User,3
bigeasy,34673,User,2
moteus,1804306,User,2
wanderview,1256526,User,2
Ralith,104558,User,2
kroggen,7624275,User,2
beevik,466481,User,2
avalanche123,83289,User,2
wankdanker,624233,User,2
deleisha,3205276,User,2
staticfloat,130920,User,2
erikdubbelboer,522870,User,2
geertj,796683,User,2
goffrie,1240398,User,2
HungMingWu,1025332,User,2
Qix-,885648,User,2
jgeralnik,150532,User,2
jneu,1645600,User,2
skomski,166891,User,2
lgierth,19248,User,2
ljbade,1215089,User,2
64,6154626,User,2
mhdawson,9373002,User,2
ujsxn,13044662,User,2
TooTallNate,71256,User,2
obastemur,4390745,User,2
pquerna,110123,User,2
Hinidu,911252,User,2
defunctzombie,84792,User,2
shimondoodkin,314464,User,2
starwing,114483,User,2
sgallagher,739555,User,2
stakach,368013,User,2
thughes,428788,User,2
tkelman,5934628,User,2
trondn,8673,User,2
unknownbrackets,191233,User,2
baremetalfreak,19686979,User,2
dvv,211335,User,2
wavexx,1017726,User,2
jhamhader,7780985,User,2
bb-nmushell,14224396,User,2
KungFuJesus,3620277,User,1
alanjrogers,22635,User,1
alex,772,User,1
alexhultman,3397140,User,1
almosnow,4924797,User,1
amurzeau,5435069,User,1
bsnote,139410,User,1
burlito,2871745,User,1
andrewlow,2952475,User,1
ashaffer,1871136,User,1
misery,50925,User,1
gubatron,163977,User,1
anticrisis,20313596,User,1
arturadib,741528,User,1
ahhentz,942587,User,1
gemabarni,2005523,User,1
lomew,1103832,User,1
bennoleslie,308519,User,1
btrask,301663,User,1
briangreenery,370343,User,1
bkize,2678733,User,1
brimworks,64138,User,1
bcantrill,328614,User,1
CarterA,131053,User,1
zcbenz,639601,User,1
chris-araman,283735,User,1
chrisbank,458642,User,1
ci42,1443089,User,1
cjheath,1703,User,1
csnover,229244,User,1
MostAwesomeDude,118035,User,1
coreyfarrell,903597,User,1
CurlyMoo,2429105,User,1
dkg,66738,User,1
dharesign,415822,User,1
dacap,39654,User,1
lynxluna,76807,User,1
skeggse,1348991,User,1
odeke-em,4898263,User,1
Gottox,1056976,User,1
ericsciple,12102068,User,1
geminiwen,1413056,User,1
gyohng,1831537,User,1
ghmlee,2618612,User,1
digitalinfinity,158390,User,1
hhellyer,11979939,User,1
iankronquist,5192353,User,1
Soarez,1357510,User,1
ihnorton,327706,User,1
jamessan,112971,User,1
davisjam,22822319,User,1
jamadden,1256082,User,1
javihernandez,821790,User,1
jay,965580,User,1
jeffwidman,483314,User,1
h0tw1r3,809115,User,1
jbergstroem,176984,User,1
jfirebaugh,98601,User,1
jrmarino,1125622,User,1
mcnameej,173804,User,1
xk,96355,User,1
joshthecoder,25644,User,1
josh,137,User,1
hrektts,4771067,User,1
kazuho,41567,User,1
erichkeane,8562757,User,1
thothonegan,448685,User,1
krrishnarraj,589843,User,1
kristrev,2025654,User,1
loganrosen,512317,User,1
lodejard,1693989,User,1
gigi81,881067,User,1
lasote,3807515,User,1
lperkov,244994,User,1
ljagiello,380707,User,1
marekjelen,156068,User,1
martinbark,8090422,User,1
mtorromeo,51503,User,1
knopp,96958,User,1
mattyclarkson,1081113,User,1
mattstevens,11595,User,1
msporleder,523275,User,1
mikefero,6863207,User,1
mkrufky,1062488,User,1
mpenick,3710715,User,1
yndi,1409762,User,1
MylesBorins,498775,User,1
corvino,168561,User,1
nathanjsweet,447792,User,1
navaneeth,317288,User,1
nmaier,383665,User,1
nori0428,168815,User,1
bonifaido,23779,User,1
oleavr,735197,User,1
Sannis,77367,User,1
paddybyers,1137574,User,1
paulgoldsmith,471550,User,1
pyokagan,109479,User,1
pni-qlik,22212065,User,1
retep998,666308,User,1
petkaantonov,829734,User,1
plafer,5769562,User,1
pmderodat,758452,User,1
meh,40204,User,1
Raulmsm,3398009,User,1
readams,91597,User,1
rayrapetyan,4700523,User,1
robertchiras,6917800,User,1
eljefedelrodeodeljefe,3899684,User,1
Rolinh,1324157,User,1
ralight,79578,User,1
supercairos,720675,User,1
RossBencina,3253274,User,1
ryancole,484801,User,1
seebees,300465,User,1
rynz,2523492,User,1
onceking,7388228,User,1
thefourtheye,696611,User,1
tynril,701292,User,1
vanillahsu,22189,User,1
chisophugis,358163,User,1
wiedi,175453,User,1
shanewholloway,210197,User,1
chobie,195038,User,1
Pagghiu,5406873,User,1
L8D,2355315,User,1
thlorenz,192891,User,1
tfeb,2299342,User,1
creationix,89353,User,1
bontibon,110883,User,1
timholy,1525481,User,1
pH200,1430310,User,1
tj,25254,User,1
TomCrypto,1861870,User,1
neojski,3188532,User,1
tonistiigi,585223,User,1
tonytheodore,537773,User,1
vladima,8052307,User,1
vcunat,1785925,User,1
iwillspeak,1004401,User,1
willemt,946878,User,1
wrl,1824,User,1
winksaville,1024284,User,1
XadillaX,2842176,User,1
upsuper,333750,User,1
yorkie,1935767,User,1
yosuke-furukawa,555645,User,1
imipolexg,1928978,User,1
znewman01,873857,User,1
chenttuuvv,5310240,User,1
farblue68,11792586,User,1
guworks,11082371,User,1
heshamsafi,2902924,User,1
kkdaemon,947027,User,1
lilohuang,8341304,User,1
icexile,6914585,User,1
muflub,372282,User,1
neevek,525786,User,1
ronkorving,631240,User,1
kod21236,10720767,User,1
thierry-FreeBSD,6819982,User,1
chopdown,1769632,User,1
