matz,30733,User,807
mattn,10111,User,62
suzukaze,1078126,User,20
nickmccurdy,927220,User,11
dbohdan,3179832,User,3
shuichiro-makigaki,8788139,User,3
practicalswift,7826565,User,3
arcz,4679721,User,2
jakecraige,3799709,User,2
proppy,5268,User,2
markburns,104158,User,2
vifino,5837359,User,1
chancancode,55829,User,1
Goom11,2553377,User,1
jonathanmarvens,890200,User,1
khasinski,702380,User,1
marado,33163,User,1
artintal,1173685,User,1
mneilsen,4378115,User,1
nobu,16700,User,1
gitter-badger,8518239,User,1
yhara,12285,User,1
halogenandtoast,201288,User,1
octarect,6983169,User,1
vendethiel,199499,User,1
polarke,295279,User,1
yamamuteki,55806,User,1
kmdsbng,11285,User,1
