dormando,66832,User,449
dustin,1779,User,214
bradfitz,2621,User,164
trondn,8673,User,33
steveyen,30640,User,15
BrianAker,8671,User,14
kroki,187649,User,12
guikcd,676032,User,6
swills,863202,User,6
toofishes,265817,User,6
evmar,3847,User,5
ingenthr,81302,User,5
candrews,194713,User,4
emcconville,84594,User,4
elfchief,2739199,User,4
victorkirkebo,50152,User,4
CameronNemo,3212452,User,3
dpaneda,715979,User,3
mlichvar,2973047,User,3
lindner,96715,User,3
sergiocarlosmorales,1388641,User,3
tony2001,42386,User,2
brion,103075,User,2
bremner,56297,User,2
dsporter,126949,User,2
drbrain,9831,User,2
elambert,28866,User,2
mjhostet,4849531,User,2
emonty,95156,User,2
zwChan,6017948,User,2
adamchainz,857609,User,1
adaszko,165678,User,1
athomason,75905,User,1
acleone,96872,User,1
pyhalov,4092748,User,1
Alwayswithme,3234786,User,1
gnomeby,832497,User,1
crucially,152107,User,1
calebshay,1318620,User,1
CaptTofu,106670,User,1
lenn0x,11832,User,1
SpamapS,470880,User,1
hyper,25731,User,1
dago,170490,User,1
robodchristian,2660549,User,1
davidfoliveira,4356205,User,1
electrum,9230,User,1
onethumb,569776,User,1
Etsukata,408982,User,1
lizmat,2229339,User,1
eklitzke,2734,User,1
Desi-Planet,9441,User,1
fanquake,863730,User,1
f110,2178441,User,1
bigio,2493142,User,1
grantisu,389695,User,1
ianmiell,7003341,User,1
webmonkey,358536,User,1
jamiemccarthy,40373,User,1
a3a3el,3177489,User,1
notroj,9193075,User,1
jbergstroem,176984,User,1
jonjensen,3811,User,1
jothan,193014,User,1
jsoref,2119212,User,1
juliyvchirkov,12705661,User,1
austvik,601917,User,1
keyurdg,2280740,User,1
acme,19988,User,1
uzzz,39785,User,1
fowles,46858,User,1
mattiasgeniar,407270,User,1
mdounin,201187,User,1
menghan,115532,User,1
md5,76367,User,1
ncopa,66357,User,1
nshafer,3673047,User,1
NRWB,6878468,User,1
saaros,529621,User,1
pquerna,110123,User,1
thatsafunnyname,4728785,User,1
remicollet,270445,User,1
roman-mueller,5560575,User,1
rmccullagh,1653012,User,1
rtdean,5319942,User,1
rtomayko,404,User,1
samanbarghi,1661187,User,1
monadbobo,331435,User,1
smpeters,38994,User,1
taohui,8622965,User,1
tschundler,1110025,User,1
t0mm1e,2869573,User,1
kalibera,1734520,User,1
tfoertsch,7499833,User,1
tmaesaka,8677,User,1
winglian,381258,User,1
Abioy,2127720,User,1
akisssa,2022371,User,1
githublvv,10441863,User,1
kenvifire,1464416,User,1
lbfalcons,1812238,User,1
mckelvin,865677,User,1
meteorgan,821145,User,1
nirvanazc,529405,User,1
theblop,1685646,User,1
CatKang,4082238,User,1
yuryur,1440354,User,1
hiboma,172456,User,1
