dpgeorge,6187689,User,3960
pfalcon,500451,User,2622
dhylands,127500,User,210
stinos,1902997,User,92
danicampora,7749335,User,86
chipaca,1543430,User,72
umux,530825,User,50
flowergrass,20010479,User,43
lurch,476186,User,36
deshipu,1181357,User,32
peterhinch,8437477,User,30
blmorris,6295715,User,22
atalax,3966931,User,20
xbe,1921527,User,19
prusnak,42201,User,15
Rosuav,640535,User,14
altasoul,12726349,User,13
swegener,814471,User,12
tomlogic,1102448,User,12
errordeveloper,251467,User,12
bvernoux,432709,User,12
blazewicz,13185945,User,11
HenrikSolver,9273053,User,11
rjdowdall,7015890,User,10
Anton-2,5473608,User,9
pohmelie,2385765,User,8
puuu,19514939,User,8
doogle,1585181,User,7
dxxb,896402,User,7
robert-hh,12476868,User,7
owens-bill,1128544,User,6
daniel-thompson,3185928,User,6
mcauser,1038959,User,6
philandstuff,581269,User,6
Metallicow,4668356,User,6
aitjcize,197798,User,5
redteam316,1888388,User,5
turbinenreiter,3295964,User,5
xyb,153287,User,5
webmeister,229643,User,5
SpotlightKid,5719151,User,4
vext01,604955,User,4
Vogtinator,1622084,User,4
galenhz,1783379,User,4
honzik666,8446970,User,4
msiemens,1873922,User,4
ryannathans,1307375,User,4
dpslwk,234460,User,4
tobbad,6281553,User,4
cjbarnes18,358044,User,3
tmbinc,334045,User,3
hagenkaye,5905008,User,3
kaspar030,4679640,User,3
marcusva,5445744,User,3
Neon22,899355,User,3
makuk66,237145,User,3
muellermartin,343302,User,3
mikaeleiman,869832,User,3
ravotus,3230470,User,3
kamikaze,52880,User,3
ian-v,710020,User,3
omtinez,2659489,User,3
springltd,17590631,User,2
AriZuu,5243156,User,2
danpeirce,7418707,User,2
siorpaes,1059507,User,2
eblot,172423,User,2
jpochyla,1055497,User,2
lorenzschmid,3830671,User,2
mpalomer,4445811,User,2
mattbrejza,236292,User,2
Ivoah,2159017,User,2
falstaff84,34061,User,2
sylvainpelissier,7047419,User,2
melak,3941113,User,2
TDAbboud,5448017,User,2
fvincenzo,11818105,User,2
iabdalkader,4498013,User,2
w4kpm,236452,User,2
cpackham,155667,User,2
aexaey,1040844,User,1
capriele,1737334,User,1
alex-robbins,26225338,User,1
gbaman,833193,User,1
anmolsarma,623681,User,1
iSevenDays,3992716,User,1
cbenhagen,814785,User,1
nesos,5288579,User,1
thinkl33t,1016780,User,1
cnoviello,10483445,User,1
chrisdearman,597254,User,1
zsquareplusc,10556012,User,1
cpopp,5018677,User,1
tralamazza,132159,User,1
dbc,56740,User,1
dcurrie,577313,User,1
Dr-Syn,6295417,User,1
MrSurly,395016,User,1
eerimoq,176810,User,1
ruffy91,344634,User,1
utzig,107070,User,1
biazzotto,5622885,User,1
vitiral,5587659,User,1
garyaj,33563,User,1
Greh,416044,User,1
Gigozzo,1408223,User,1
techno,135050,User,1
igorgatis,1269388,User,1
nadrimajstor,1753467,User,1
JYOuyang,1312564,User,1
jasonhildebrand,7389806,User,1
JF002,2261652,User,1
johanhe,10895256,User,1
jossaren,8142052,User,1
kfricke,7383069,User,1
kimbauters,4560414,User,1
kushaldas,272303,User,1
myrual,201597,User,1
marcelstoer,624195,User,1
MarkR42,1682514,User,1
lispmeister,168889,User,1
hoihu,5887072,User,1
mattande,6118736,User,1
akkatracker,2032746,User,1
mattthias,966147,User,1
DSIW,744745,User,1
mbuesch,3619761,User,1
mikebryant,1478103,User,1
szinya,40746,User,1
nickovs,4205868,User,1
savant2212,53725,User,1
EddieParis,7921746,User,1
pao,140497,User,1
balloob,1444314,User,1
morpav,11899967,User,1
peter-conalgo,1482781,User,1
riklaunim,1822699,User,1
freespace,198178,User,1
stefanhoelzl,1478183,User,1
ls42,498359,User,1
stephenkyle-ARM,18005244,User,1
slzatz,6781999,User,1
thespooler,1179415,User,1
tomvonclef,784653,User,1
tori3852,412573,User,1
torwag,2484912,User,1
vriera,6151586,User,1
scop,109152,User,1
windelbouwman,1816500,User,1
suda,25722,User,1
BobRyan530,2755391,User,1
chrysn,442326,User,1
daniel-k,224128,User,1
dmanso,8074332,User,1
dmazzella,3988243,User,1
ernitron,12383856,User,1
evildmp,86222,User,1
ilovezfs,5268928,User,1
inaugurator,8082601,User,1
jonmills,104422,User,1
mad474,6282524,User,1
mhoffma,16842835,User,1
neilh10,2766619,User,1
SeanMollet,3322854,User,1
nyov,438293,User,1
sergiuszm,2063962,User,1
syndycat,6266848,User,1
transistortim,26510865,User,1
