mist64,869384,User,31
xez,10586576,User,16
alimoeeny,180452,User,4
AntonioMeireles,743527,User,4
c4milo,41681,User,4
ailispaw,10327896,User,2
zaa,5245,User,2
iankronquist,5192353,User,2
rickard-von-essen,557699,User,2
sometimesfood,153385,User,2
aflatter,168,User,1
amirmc,121855,User,1
ekohl,155810,User,1
therealmarv,1050582,User,1
bonifaido,23779,User,1
radupopescu,528669,User,1
ronyfadel,329601,User,1
caglar10ur,205498,User,1
delphij,1045626,User,1
practicalswift,7826565,User,1
