wm4,1387750,User,8846
pigoz,24681,User,645
haasn,1149047,User,294
kevmitch,116549,User,245
rossy,162837,User,166
divVerent,251568,User,139
giselher,364893,User,131
wiiaboo,111605,User,128
lachs0r,652892,User,93
Kovensky,73085,User,83
ChrisK2,3440203,User,68
Akemi,680386,User,59
ghedo,117643,User,49
mathstuf,97253,User,49
xylosper,4363181,User,43
ubitux,34467,User,39
olifre,166759,User,38
qmega,395817,User,36
bjin,175336,User,32
philipl,512286,User,27
shdown,5462697,User,25
avih,2164962,User,21
tmm1,2567,User,20
atomnuker,4661811,User,19
rr-,1045476,User,14
dubhater,1739488,User,13
torque,949138,User,12
rrooij,4800201,User,12
pavelxdd,7561226,User,11
igv,16772957,User,10
frau,6693014,User,9
jon-y,4688224,User,9
richardpl,469155,User,9
TimothyGu,1538624,User,9
maniak1349,2755776,User,9
grigorig,1834351,User,9
czarkoff,977491,User,8
Nyx0uf,284894,User,8
DanOscarsson,22575905,User,7
jeeb,27182,User,7
Cloudef,480330,User,7
qyot27,1296881,User,7
linkmauve,7755816,User,7
marcan,98387,User,6
henry0312,433434,User,6
jaimeMF,1239727,User,5
rcombs,819638,User,5
AoD314,437072,User,4
Coacher,1401448,User,4
MadFishTheOne,275555,User,4
michaelforney,52851,User,4
Nikoli,444492,User,4
otommod,2249516,User,4
percontation,563506,User,4
CyberShadow,160894,User,4
ahodesuka,1155344,User,4
sCreami,1769603,User,3
elenril,1765950,User,3
maletor,138785,User,3
Themaister,163683,User,3
lu-zero,239012,User,3
markun,1491,User,3
pa4,11859207,User,3
mikaoP,1354002,User,3
wrl,1824,User,3
quilloss,8151080,User,3
shinchiro,9623615,User,3
PombeirP,138074,User,3
andre-d,714162,User,2
Bilalh,171602,User,2
chengsun,1237933,User,2
cjmayo,921089,User,2
eworm-de,970853,User,2
chneukirchen,139,User,2
dobyrch,2789460,User,2
zekica,892955,User,2
Floens,1012578,User,2
jwilk,141546,User,2
jcowgill,1226825,User,2
medhefgo,7892635,User,2
ion1,39660,User,2
jozzse,6176593,User,2
enoposix,15961926,User,2
Argon-,540920,User,2
thebombzen,1342577,User,2
hahiserw,1544631,User,2
hroncok,2401856,User,2
MoSal,5631214,User,2
ncopa,66357,User,2
niklata,7399136,User,2
Shudouken,1529740,User,2
ricardomv,3892391,User,2
ryanmjacobs,4251257,User,2
Gusar321,10744281,User,2
viveksjain,1541998,User,2
vitorgalvao,1699443,User,2
wsldankers,1549656,User,2
yan12125,1937689,User,2
agiz,633486,User,2
c-14,2904297,User,2
cmdrkotori,11322485,User,2
elevengu,4462161,User,2
foo86,6837556,User,2
ivan-83,11380091,User,2
kwkam,16373649,User,2
schnusch,5104601,User,2
wang-bin,785206,User,2
Necior,2404518,User,1
liuch,877032,User,1
amosonn,3142573,User,1
d3xter,159784,User,1
xantoz,1481451,User,1
benf,124835,User,1
oxc,1388972,User,1
brunogm0,1731755,User,1
BtbN,294293,User,1
CrisBRM,9098352,User,1
brgmnn,1955273,User,1
djl,11758,User,1
DonDiego,3358278,User,1
veprbl,245573,User,1
eduardosm,761151,User,1
gileri,493438,User,1
ewtoombs,2224848,User,1
EvanPurkhiser,1421724,User,1
evgenyz,429134,User,1
fbriere,28689,User,1
gabrielrcp,282746,User,1
gs93,2463002,User,1
hiltjo,46579,User,1
hoyon,6924220,User,1
xyzz,1065521,User,1
j605,1107327,User,1
jpalus,484155,User,1
jmglogow,1110536,User,1
jashandeep-sohi,1811200,User,1
isyangban,12125303,User,1
jleclanche,235410,User,1
jhawthorn,131752,User,1
jostillmanns,4816048,User,1
keeperofdakeys,141626,User,1
juanfra684,180453,User,1
bucaneer,3195185,User,1
Kagami,533383,User,1
fhlfibh,13769638,User,1
grawity,31021,User,1
fhvwy,18668774,User,1
mercutiodesign,1114120,User,1
mati75,1886416,User,1
a-tze,8227685,User,1
jubalh,1658215,User,1
Ionic,1229578,User,1
mkoskar,4387891,User,1
mfcc64,7970785,User,1
CounterPillow,308818,User,1
nmaier,383665,User,1
noblehng,6649504,User,1
occivink,5473453,User,1
sardemff7,222943,User,1
RKalkani,4991124,User,1
rhlee,429410,User,1
ricotz,7433481,User,1
rohieb,192014,User,1
S2F0amEgS2xvdmVy,25454644,User,1
onceking,7388228,User,1
blinry,81277,User,1
eigengrau,4939947,User,1
ravenexp,559458,User,1
Skyrainfit,11022887,User,1
moskvax,577766,User,1
stianeikeland,680040,User,1
svenstaro,1664,User,1
teohhanhui,548843,User,1
m45t3r,844343,User,1
ita1024,508304,User,1
tpetazzoni,1089203,User,1
21isgonnabeagoodyear,2061576,User,1
scarabeusiv,1055830,User,1
Tracerneo,660285,User,1
kvaidas,7950944,User,1
vikaapelsinova,6264750,User,1
woodruffw,3059210,User,1
xuzhao9,502017,User,1
gam-phon,1763722,User,1
Yomi0,3170531,User,1
zmwangx,4149852,User,1
wzyboy,459384,User,1
niltsh,230659,User,1
adeshkp,29352104,User,1
archenemies,12960503,User,1
bitingsock,6302101,User,1
bugdone,615727,User,1
dequis,94108,User,1
dirb,665938,User,1
downthomas,26753904,User,1
enkore,1330164,User,1
giwhub,14066437,User,1
gunmantheh,4093289,User,1
jaseg,136313,User,1
jrodatus,13192123,User,1
kax4,2471128,User,1
lucy,1666345,User,1
lzmths,12284753,User,1
nodiscc,3950390,User,1
octos,3092142,User,1
openingnow,13010420,User,1
q66,222373,User,1
qrwyeui,26421066,User,1
057a3dd61f99517a3afea0051a49cb27994f94d,28706658,User,1
scootergrisen,1836590,User,1
selsta,7697454,User,1
sfan5,1042418,User,1
trUSTssc,11029001,User,1
wgmk,20602780,User,1
xnoreq,4028859,User,1
zymos,2293199,User,1
dodo,142709,User,1
