nothings,7525026,User,766
BSVino,815310,User,121
rygorous,1077496,User,74
rwhitworth,7214365,User,18
ocornut,8225057,User,15
kennethdmiller3,1566844,User,13
DanielGibson,1216493,User,8
Reedbeta,1578730,User,8
machinamentum,1700799,User,7
h-s-c,1242120,User,6
ronnychevalier,7366035,User,6
krig,25527,User,5
mmozeiko,1665010,User,5
fahickman,10904832,User,5
dbohdan,3179832,User,4
blackpawn,286270,User,4
rmitton,8029835,User,4
Mischanix,892369,User,4
oon3m0oo,11841654,User,3
IntellectualKitty,16893506,User,3
Skylark13,907768,User,3
karjonas,754587,User,3
manxorist,6185338,User,3
nlguillemot,1079061,User,3
sgraham,1822,User,3
guitarfreak,1862206,User,3
jarikomppa,4472647,User,3
jobtalle,3841563,User,3
cdwfs,1944792,User,2
eugeneopalev,25072145,User,2
guillaumechereau,107679,User,2
saitoha,1162739,User,2
triplefox,1550842,User,2
codeplea,14815717,User,2
Michaelangel007,7876796,User,2
rohit-n,1239111,User,2
corporateshark,2510143,User,2
serge-rgb,282970,User,2
tversteeg,2574730,User,2
baldurk,661798,User,2
enginmanap,237148,User,2
nodj,7957601,User,2
svdijk,2216486,User,2
aras-p,348087,User,2
dougallj,615170,User,2
bryongloden,3155274,User,1
cap,22780,User,1
friesencr,105460,User,1
d26435,8619751,User,1
jimon,1333661,User,1
ejulien,4431372,User,1
1ace,297576,User,1
xelatihy,1152872,User,1
filipwasil,1853117,User,1
Gargaj,1702533,User,1
cjxgm,490327,User,1
GrayHatter,243408,User,1
kritzikratzi,96657,User,1
HouQiming,8046615,User,1
Infatum,6483272,User,1
realitix,6367936,User,1
jsfdez,1779119,User,1
hpesoj,2169928,User,1
jsheard,3153547,User,1
jlnr,70772,User,1
jorgenpt,21258,User,1
kgabis,635855,User,1
looki,777411,User,1
LysanderGG,677006,User,1
mgerhardy,577713,User,1
kinetiknz,67343,User,1
mayanklahiri,898904,User,1
thedmd,1197433,User,1
debiatan,129583,User,1
pboettch,442684,User,1
g-pechorin,956075,User,1
philippwiesemann,5358527,User,1
zerhacken,1444972,User,1
ReadmeCritic,15367484,User,1
romigrou,15167357,User,1
kieselsteini,1853985,User,1
Sergobot,8546643,User,1
sglass68,1708748,User,1
socks-the-fox,10619770,User,1
saolsen,508702,User,1
scullion,4469942,User,1
terrehbyte,4968773,User,1
tgoulart,1531005,User,1
Sofahamster,11775534,User,1
RufUsul,24810215,User,1
timsjostrand,535938,User,1
onqtam,4648169,User,1
vincentisambart,34704,User,1
phprus,382460,User,1
cosmy1,1329119,User,1
sammyhw,8072429,User,1
snake5,1819544,User,1
themanagainstthetank,15232885,User,1
urraka,2616266,User,1
