charris,77272,User,3153
teoliphant,254880,User,2063
cournape,25111,User,1525
pearu,402156,User,1061
mwiebe,399551,User,759
pv,35046,User,737
juliantaylor,542663,User,722
rgommers,98330,User,522
stefanv,45071,User,425
seberg,61977,User,402
njsmith,609896,User,326
eric-wieser,425260,User,304
eric-jones,599431,User,248
jaimefrio,3343990,User,242
pierregm,151755,User,199
rkern,46135,User,183
jarrodmillman,123428,User,127
jayvius,1474463,User,127
matthew-brett,67612,User,90
mhvk,2789820,User,84
ahaldane,9040124,User,84
ovillellas,1890137,User,73
larsmans,335383,User,64
87,573342,User,56
alexbrc,26746,User,52
certik,20568,User,52
cgohlke,483428,User,51
endolith,58611,User,49
shoyer,1217238,User,49
gfyoung,9273653,User,47
jakirkham,3019665,User,46
mdboom,38294,User,40
huard,81219,User,32
madphysicist,4617010,User,31
dwf,60206,User,30
m-d-w,4601737,User,30
MSeifert04,14200878,User,29
timleslie,616382,User,29
ewmoore,2314641,User,26
chanley,112969,User,25
chatcannon,2848682,User,24
nouiz,180987,User,24
arinkverma,1556486,User,23
cowlicks,598099,User,23
fperez,57394,User,22
ahojnnes,134307,User,21
anntzer,1322974,User,19
mattip,823911,User,19
jsalvatier,270513,User,18
jjhelmus,1050278,User,17
pitrou,1721820,User,17
astrofrog,314716,User,16
aarchiba,136867,User,15
jonathanunderwood,992114,User,15
thouis,473043,User,15
jarondl,2776956,User,15
abalkin,535197,User,15
embray,676149,User,14
ogrisel,89061,User,13
tacaswell,199813,User,13
yarikoptic,39889,User,13
zerothi,4789793,User,13
ddasilva,536378,User,12
jseabold,296164,User,12
rolk,1829828,User,12
chrisjordansquire,788080,User,11
rc,44282,User,11
chebee7i,326005,User,11
shadchin,61256,User,10
cfarrow,842366,User,10
zindy,3523902,User,10
ericfode,50846,User,10
simongibbons,950457,User,10
skwbc,5057640,User,10
moreati,174450,User,9
walshb,905899,User,9
wfspotz,1002413,User,9
dongjoon-hyun,9700541,User,9
insertinterestingnamehere,1847484,User,8
saimn,311639,User,8
wrwrwr,1221991,User,8
ElDeveloper,375307,User,8
WeatherGod,291576,User,7
ddale,169586,User,7
dlax,1046124,User,7
pizzathief,2662541,User,7
yashmehrotra,5863972,User,7
ahmadia,512293,User,6
Nodd,506348,User,6
pdebuyl,1121690,User,6
rlamy,142362,User,6
wwendell,9608401,User,6
rainwoodman,138060,User,6
ahjulstad,6638265,User,6
k-kapp,10297320,User,6
MrBago,223219,User,5
bfroehle,204333,User,5
perimosocordiae,82855,User,5
dzagorny,13905471,User,5
efiring,85125,User,5
ev-br,2133832,User,5
Garrett-R,6614695,User,5
homu,10212162,User,5
joferkington,906803,User,5
lesteve,1680079,User,5
mattharrigan,10331018,User,5
Sankarshan-Mudkavi,1841654,User,5
esc,41563,User,5
jnothman,78827,User,5
fkbreitl,1030293,User,5
foogod,3247763,User,4
gandalf013,128740,User,4
aukejw,1319102,User,4
bertrand-l,3432536,User,4
bobeldering,29277204,User,4
bryevdv,1078448,User,4
kiwifb,151475,User,4
FelixHartmann,1019418,User,4
girving,70511,User,4
grlee77,6528957,User,4
hmeine,462802,User,4
kohr-h,5030250,User,4
longjon,940817,User,4
jotasi,10883104,User,4
mspacek,799467,User,4
newville,304251,User,4
npinto,41171,User,4
pletnes,708553,User,4
ivanov,118211,User,4
rnelsonchem,3750670,User,4
sandrotosi,346648,User,4
ssanderson,1588357,User,4
sotte,79138,User,4
timcera,297142,User,4
yolanda15,13790529,User,4
JDWarner,2184487,User,4
apbard,12557177,User,3
asford,282792,User,3
andyfaff,702934,User,3
behzadnouri,1288998,User,3
carlkl,5476002,User,3
cimarronm,1505899,User,3
cjermain,4521567,User,3
dabidan,1430751,User,3
dimasad,989045,User,3
fabianp,277639,User,3
fhs,183501,User,3
GaelVaroquaux,208217,User,3
garyo,139975,User,3
gdementen,832092,User,3
glyg,1426279,User,3
Juanlu001,316517,User,3
godaygo,20781495,User,3
krischer,800487,User,3
mwcraig,1147167,User,3
mgeier,705404,User,3
nbeaver,3036798,User,3
nils-werner,88704,User,3
pbugnion,1392879,User,3
pp-mo,2089069,User,3
peterjc,63959,User,3
rehassachdeva,9818774,User,3
sieben,300834,User,3
samuelstjean,3030760,User,3
saullocastro,3889819,User,3
scottza,122792,User,3
shitian-ni,20103571,User,3
notsimon,614955,User,3
steveha,917900,User,3
stuartarchibald,907717,User,3
sturlamolden,1970862,User,3
theultimatecrouton,20444824,User,3
zyv,607401,User,3
immerrr,579798,User,3
keflavich,143715,User,2
bastula,61406,User,2
2sn,1273110,User,2
alimuldal,2284074,User,2
AmitAronovitch,278328,User,2
adeak,17914410,User,2
andreas-h,358378,User,2
chiffa,1384395,User,2
abergeron,1002504,User,2
btel,41565,User,2
bennyrowland,5189118,User,2
bspinnler,5675168,User,2
Daetalus,3905926,User,2
b-carter,6495170,User,2
ChristopherHogan,14114829,User,2
cbrueffer,2705287,User,2
dnmiller,1864051,User,2
dsanders11,5820654,User,2
xdmiodz,563026,User,2
soupault,1315589,User,2
emilienkofman,551186,User,2
erensezener,759897,User,2
Eric89GXL,2365790,User,2
Linkid,1344753,User,2
g2p,61678,User,2
gmcastil,4260836,User,2
gmarkall,535640,User,2
hensing,1055581,User,2
ilam,533049,User,2
J-Sand,23218231,User,2
jasongrout,192614,User,2
jzwinck,1216791,User,2
josteinbf,907394,User,2
ordirules,705366,User,2
michaelaye,69774,User,2
navytux,1794248,User,2
leomao,1811303,User,2
luispedro,79334,User,2
lzkelley,3839265,User,2
omegahm,178448,User,2
msabramo,305268,User,2
MartinThoma,1658117,User,2
mcmtroffaes,158568,User,2
mortada,1642081,User,2
naveenarun,5258974,User,2
oleksandr-pavlyk,21087696,User,2
hpaulj,1126648,User,2
philipgura,6796909,User,2
flying-sheep,291575,User,2
raulcota,3325676,User,2
naritta,7600075,User,2
r0k3,461766,User,2
stuarteberg,1655821,User,2
Sumith1896,9217608,User,2
SuperBo,2666479,User,2
fuglede,6169306,User,2
tadeu,955251,User,2
takluyver,327925,User,2
pezcore,8358974,User,2
pyhits,3097275,User,2
nayyarv,1589119,User,2
scop,109152,User,2
yw5aj,3477741,User,2
keszybz,349618,User,2
ZZhaoTireless,15257767,User,2
aha66,2542665,User,2
empeeu,6653397,User,2
jamestwebber,963647,User,2
jess010,3363363,User,2
mbyt,1878241,User,2
mwtoews,895458,User,2
ajornetic3,6714901,User,2
dgasmith,1769841,User,2
idfah,5430747,User,2
helderc,386719,User,2
f0k,629706,User,2
Kreiswolke,10400144,User,2
ajdavis,84101,User,1
abdulmuneer,379885,User,1
TwistedHardware,3673326,User,1
adamlwgriffiths,1239156,User,1
adamreeve,626438,User,1
madawilliams,7693603,User,1
alaindomissy,71084,User,1
alanbriolat,12193,User,1
ales-erjavec,4716745,User,1
lxbarth,98233,User,1
arogozhnikov,6318811,User,1
cancan101,51059,User,1
Ladsgroup,5351225,User,1
techtonik,515889,User,1
andreabedini,69135,User,1
inducer,352067,User,1
andreas-schwab,2175493,User,1
AndresGuzman-Ballen,26230172,User,1
ajdawson,390602,User,1
Hoops,518867,User,1
stromnov,100656,User,1
rev112,1120468,User,1
astaric,588601,User,1
Arfrever,656294,User,1
153957,1433682,User,1
AustereCuriosity,15609154,User,1
godber,1249,User,1
brsr,945565,User,1
badhrink,16379997,User,1
venthur,128459,User,1
crayxt,33132,User,1
bennorth,9059396,User,1
heroxbd,303360,User,1
bobpoekert,45596,User,1
wogsland,3073735,User,1
brentp,1739,User,1
brettrmurphy,2158234,User,1
bdkearns,1072543,User,1
bsipocz,6788290,User,1
crbates,1195249,User,1
carletes,1711,User,1
cpelley,2071643,User,1
ChanderG,6350377,User,1
cgwaldman,5557735,User,1
ceball,1929,User,1
lamby,133209,User,1
claumann,945183,User,1
christianbrodbeck,145771,User,1
chrodan,1032439,User,1
chrisdembia,846001,User,1
congma,1029146,User,1
carterbox,9604511,User,1
danielhrisca,20952040,User,1
drasmuss,1952220,User,1
dhermes,520669,User,1
dranjan,404832,User,1
drhagen,2952478,User,1
pseudocubic,1757056,User,1
davidjn,1459727,User,1
ochoadavid,1143414,User,1
daschaich,1776497,User,1
denisalevi,11474000,User,1
ssbr,356788,User,1
dpinte,538104,User,1
diego898,742407,User,1
warut-vijit,22158205,User,1
nedlrichards,11950875,User,1
kl3n1nz,13105644,User,1
ktisha,437080,User,1
hunse,1952250,User,1
eamartin,287200,User,1
lebigot,5793,User,1
ecprice,140334,User,1
e-q,6894112,User,1
mamikonyan,4315091,User,1
ethankruse,6944089,User,1
jon536,5980005,User,1
heni,76932,User,1
evanlimanto,7029237,User,1
eltjpm,4974189,User,1
liufei11111,4622463,User,1
befelix,1336104,User,1
proinsias,2073530,User,1
FRidh,2129135,User,1
dunneff,9529616,User,1
mindw,578872,User,1
kgabor,1903641,User,1
Gabriel-p,6054951,User,1
barentsen,817669,User,1
gertingold,1056701,User,1
ggventurini,5038142,User,1
gmabey,7026512,User,1
golnazir,16702003,User,1
gopalmeena,6977895,User,1
grahamc,76716,User,1
gkBCCN,17353794,User,1
gthomsen,10014819,User,1
eulerreich,4183609,User,1
griffin-h,1976665,User,1
troublemagnet,28952053,User,1
gut,40444,User,1
hklemm,4246892,User,1
HaroldMills,4079139,User,1
has2k1,780341,User,1
hgomersall,701883,User,1
ImportanceOfBeingErnest,23121882,User,1
inesw,17128743,User,1
I--P,8004855,User,1
jakevdp,781659,User,1
jwilk,141546,User,1
jamescam,13858799,User,1
jcowgill,1226825,User,1
jjdmol,781638,User,1
jennystone,6185196,User,1
jarl-haggerty,445217,User,1
jamadden,1256082,User,1
jhelie,7881978,User,1
jtpio,591645,User,1
jesseakt,10455089,User,1
jgomo3,1125678,User,1
int3,228496,User,1
jcrist,2783717,User,1
behrmann,1044766,User,1
mrjbq7,24195,User,1
jbn,78835,User,1
JStech,519268,User,1
johntyree,108972,User,1
JonWaltman,216966,User,1
joonro,1063143,User,1
jpaalasm,659496,User,1
jorisvandenbossche,1020496,User,1
ieee8023,446367,User,1
person142,15134881,User,1
jleahy,36183,User,1
joshloyal,1054034,User,1
jni,492549,User,1
jdubois,316835,User,1
jphalip,68544,User,1
openturns-appveyor,23077847,User,1
joernhees,464192,User,1
kawochen,10709573,User,1
krytarowski,6665730,User,1
fdiary,378621,User,1
kwgoodman,299024,User,1
kjordahl,499079,User,1
kdeldycke,159718,User,1
KhaledTo,20525775,User,1
kpsychas,1818694,User,1
kumanna,163500,User,1
leifdenby,2405019,User,1
leonnnn,36083,User,1
LeartS,5588738,User,1
levitsky,3358268,User,1
chittti,15153194,User,1
lpellis,145486,User,1
splendido,6148980,User,1
MaPePeR,527679,User,1
mkowoods,4336798,User,1
maniteja123,6291963,User,1
MechCoder,1867024,User,1
MarcCote,660004,User,1
hrw,185508,User,1
MareinK,1388357,User,1
emmenlau,1098087,User,1
mdickinson,662003,User,1
herr-biber,1261704,User,1
llasram,185528,User,1
aisthesis,1923000,User,1
marshallward,462315,User,1
baeuml,793180,User,1
martingoodson,1798941,User,1
martinosorb,11293950,User,1
marv,53053,User,1
mlamarre,7805609,User,1
jiffyclub,920492,User,1
