octalmage,142006,User,388
BHamrick1,19434999,User,11
DamonOehlman,609693,User,10
Deltatiger,1459811,User,8
jub3i,867937,User,7
drobati,132388,User,5
noonat,2610,User,4
dthree,10319897,User,4
chaosprinz,322697,User,4
abhishekgarg120,12220539,User,3
mgmartel,1507000,User,3
drquinn,2586086,User,3
HarrySarson,16308754,User,2
javiereguiluz,73419,User,2
zenflow,3198597,User,2
Zeukkari,3033037,User,2
vshymanskyy,1506708,User,2
aj-ptw,11437469,User,1
ashleydavis,625126,User,1
ezefranca,3648336,User,1
gurel,1160905,User,1
IonicaBizau,2864371,User,1
Hypercubed,509946,User,1
illegalprime,4401220,User,1
qw3rtman,1139621,User,1
ReadmeCritic,15367484,User,1
tristanlievens,16271269,User,1
elemenofi,457364,User,1
gmpersons,2447494,User,1
infiniteluke,1127238,User,1
ligustah,529376,User,1
