agentzh,56241,User,2829
chaoslawful,56617,User,159
shrimp,319565,User,18
doujiang24,570391,User,16
jinglong,853403,User,15
zhuzhaoyuan,74670,User,13
liseen,94178,User,13
chipitsine,2217296,User,11
bakins,205350,User,9
PiotrSikora,190297,User,9
cubicdaiya,56752,User,8
thibaultcha,1125431,User,7
membphis,6814606,User,6
ghedo,117643,User,5
spacewander,4161644,User,5
orinc-tester,26909758,User,4
detailyang,3370345,User,4
kindy,50860,User,4
alubbe,2028065,User,3
dndx,1131072,User,3
dirkfeytons,1745712,User,3
maage,699415,User,3
moonming,26448043,User,3
pintsized,57508,User,2
tmthrgd,245984,User,2
cuiweixie,1579517,User,2
rainingmaster,8320024,User,2
typhonius,3642111,User,1
defanator,1309027,User,1
ctrochalakis,1865,User,1
es,2137369,User,1
mizzy,3620,User,1
hamishforbes,1282135,User,1
pracj3am,191928,User,1
Jayce,2687963,User,1
jdesgats,849031,User,1
pushrax,984857,User,1
lution,8815688,User,1
client9,217179,User,1
GUI,12112,User,1
ottok,668724,User,1
p0pr0ck5,4625425,User,1
monadbobo,331435,User,1
SmirnovW,12068000,User,1
tatsuyafw,1162665,User,1
strongpapa,1260415,User,1
bjoe2k4,1668390,User,1
drmingdrmer,44069,User,1
goecho,4278023,User,1
guanglinlv,10666676,User,1
halfcrazy,4113173,User,1
helloyi,5888524,User,1
itpp16,6222016,User,1
kindy61,42324,User,1
lhmwzy,1417894,User,1
othree,16474,User,1
qleeAI,8264588,User,1
r--w,1191700,User,1
skyever,8111714,User,1
noname007,8514816,User,1
xbsura,2181072,User,1
yejingx,2890050,User,1
smallfish,105860,User,1
