snhenson,6590984,User,4795
levitte,698918,User,3922
dot-asm,9038069,User,2476
mattcaswell,7422273,User,1984
45264,13218617,User,1713
richsalz,7332500,User,798
geoffthorpe,55455,User,424
ekasper,7046250,User,213
benlaurie,40044,User,197
kroeckx,1616242,User,191
FdaSilvaYY,15791524,User,182
RJPercival,1949076,User,114
paulidale,17916609,User,98
kaduk,1894506,User,77
tmshort,10981912,User,60
ghedo,117643,User,56
bernd-edlinger,17638929,User,52
dwmw2,911239,User,49
jmaebe,5994880,User,43
davidben,109690,User,40
InfoHunter,799430,User,26
jon-oracle,22827023,User,23
matbech,6642109,User,20
tomato42,618246,User,19
romen,338418,User,19
iamamoose,5450967,User,19
noloader,3538226,User,19
erbridge,1027364,User,18
t-j-h,7409473,User,18
vszakats,1446897,User,17
mbland,301547,User,16
alex,772,User,15
agrandi,15614904,User,15
Dmitry-Me,1277095,User,15
xoloki,188083,User,15
ajmohan,5351470,User,15
beldmit,13785747,User,15
x64architecture,1816568,User,14
dkg,66738,User,13
rhenium,1033740,User,12
Castaglia,821749,User,12
bbolli,21444,User,12
robstradling,958624,User,11
t8m,7125407,User,11
bbbrumley,8898947,User,9
pascal-cuoq,1143690,User,9
agl,21203,User,8
Lukasa,1382556,User,7
cristian-stoica,19388796,User,7
Voker57,22776,User,7
robert-scheck,10982488,User,7
scottdeboy,3944377,User,7
alokmenghrajani,441307,User,6
kmarinushkin,6437307,User,6
mrpre,5129205,User,6
mancha1,2091641,User,6
mo,7117,User,5
richmoore,32254,User,5
saschaefer,951841,User,5
tatsuhiro-t,404610,User,5
huangqinjin,8402260,User,5
dmitrykos,14150058,User,5
EasySec,23129020,User,5
jamercee,1328402,User,5
clopez,221181,User,4
github-cygwin,7604664,User,4
diego-santacruz,12938715,User,4
guidovranken,6846644,User,4
jsoref,2119212,User,4
kleinmrk,5577970,User,4
triska,7482140,User,4
PiotrSikora,190297,User,4
rainerjung,701263,User,4
frozencemetery,468294,User,4
xiaoyinl,16713498,User,4
qloong,5861951,User,4
tiran,444071,User,4
Pereida,6182930,User,3
finnhakansson,658422,User,3
hannob,990588,User,3
bukka,137594,User,3
trawick,1207350,User,3
ctz,579363,User,3
lpapp,141957,User,3
tuexen,62450,User,3
p-steuer,19472850,User,3
PeterMosmans,1465302,User,3
Lekensteyn,164530,User,3
rwg,1061164,User,3
clucey,16600034,User,3
Bhambya,2772073,User,3
martin-kaiser,4756554,User,3
aeijdenberg,5984070,User,2
AnnieYousar,18533636,User,2
csutherl,2897567,User,2
gperrow-SAP,8181717,User,2
jakkdu,960652,User,2
ipuustin,998633,User,2
korli,8371556,User,2
loganaden,1688420,User,2
lkundrak,92695,User,2
msmeissn,1862900,User,2
brejcham,8329427,User,2
mtrojnar,13538198,User,2
vapier,176950,User,2
npmccallum,288304,User,2
tefbop,22272763,User,2
nmav,1745073,User,2
dcsp,27372973,User,2
raycoll,4444641,User,2
zhjwpku,12639404,User,2
nnposter,10360850,User,2
naftulikay,347571,User,2
ngg,550654,User,2
bjori,72407,User,2
komainu8,19166236,User,2
Janpopan,1523002,User,2
mmiyashita,12301103,User,2
aashil,6216576,User,1
AdamWill,916551,User,1
AdrianVollmer,26064811,User,1
Interfere,1098419,User,1
alonbl,1263789,User,1
jeltz,78469,User,1
aghour,26070620,User,1
andygrundman,105828,User,1
radii,119524,User,1
antonblanchard,2029971,User,1
ardbiesheuvel,8448088,User,1
azat,430798,User,1
Sp1l,7547697,User,1
waywardgeek,350306,User,1
bear101,6716739,User,1
briansmith,16816,User,1
cacamille3,15172226,User,1
zenazn,12960,User,1
crorvick,824726,User,1
christianbundy,537700,User,1
conradoplg,35766,User,1
crrodriguez,44466,User,1
LeoLogeart,6475143,User,1
darizotas,3316586,User,1
daztucker,4781274,User,1
dbardbar,13233369,User,1
Davidllo,15309121,User,1
drwetter,8036727,User,1
ukreator,657287,User,1
cardoe,8839,User,1
doughd,16310786,User,1
dengert,865329,User,1
mspncp,11467854,User,1
edgar-pek,397006,User,1
EmericBr,913544,User,1
eay,125719,User,1
auerswal,5308154,User,1
ehershey,286008,User,1
eabalea,1999527,User,1
indutny,238531,User,1
flaviommedeiros,4147365,User,1
frankmorgner,1266577,User,1
fboranek,8427123,User,1
nnuggets,9371076,User,1
grahamedgecombe,231932,User,1
zaverucha,22176006,User,1
gknauf,231773,User,1
gnoack,1935592,User,1
Darnor,12041583,User,1
h-yamamo,7686032,User,1
woodyhymns,4462984,User,1
ecnepsnai,1607109,User,1
ischwarze,25379316,User,1
JackDanger,2071,User,1
jtbandes,14237,User,1
jwilk,141546,User,1
james-w,105423,User,1
jschauma,421543,User,1
exarkun,254565,User,1
jbasney,148492,User,1
JiriHorky,427968,User,1
johndoe31415,5919339,User,1
jfitzgibbon,10521178,User,1
johngmyers,1760720,User,1
msprotz,10673049,User,1
caladri,1023256,User,1
UncombedCoconut,1224111,User,1
kaie,1382288,User,1
keigo,46431,User,1
kapejod,5677162,User,1
kacf,4037094,User,1
flowher,1159844,User,1
lubomir,89674,User,1
Havner,6246347,User,1
lfaraone,73410,User,1
lyonplus,1673242,User,1
Manishearth,1617736,User,1
maramon,198126,User,1
MartinNowak,288976,User,1
mtausig,1511226,User,1
smartftp,764810,User,1
mcsmart76,9770239,User,1
mandree,5079167,User,1
makr,53297,User,1
mcrapet,378917,User,1
meena-vyas,28287454,User,1
mzlee,682724,User,1
mykhal,5636433,User,1
mxlbzn,15344870,User,1
mmihai,807988,User,1
aizatsky-at-google,26285067,User,1
mirekfranc,7672274,User,1
mouse07410,5923577,User,1
binki,82626,User,1
ngoyal,93254,User,1
nickalcock,6503005,User,1
NickLewisAtG4S,4093404,User,1
nickurbanik,2616411,User,1
olof,90647,User,1
OscarAyoy,2544500,User,1
runningdogx,441160,User,1
reaperhulk,161495,User,1
peterdettman,3423981,User,1
pspacek,11509590,User,1
arkamar,6185600,User,1
sshock,1693761,User,1
deemru,10706633,User,1
pra85,829526,User,1
peterbudai,5182078,User,1
rspreitzer,9879161,User,1
rgacogne,1086257,User,1
robertswiecki,12155236,User,1
robguima,6162854,User,1
cheese,303331,User,1
rcombs,819638,User,1
etbe,14937006,User,1
pdxJayhawk,1156757,User,1
Safari77,3876865,User,1
sneves,1407263,User,1
satta,27732,User,1
fschueller-ifd,25662808,User,1
agievich,5767055,User,1
ligurio,1151557,User,1
murillo128,1070835,User,1
Serge3leo,9138706,User,1
shlomif,3150,User,1
soheilpro,1636009,User,1
syzzer,3830300,User,1
sdann,9983647,User,1
sfackler,1455697,User,1
stevelinsell,15036083,User,1
dvorak42,545707,User,1
thiagoarrais,3014,User,1
xnyhps,85089,User,1
thoys,607735,User,1
mirabilos,861078,User,1
TimZhang0926,16603498,User,1
thomgree,13904022,User,1
tfukaya,4412670,User,1
vvidic,10667217,User,1
vlajos,3994645,User,1
ciz,696186,User,1
vladak,2934284,User,1
wiml,156891,User,1
yuchi1989,17109725,User,1
mejedi,1164291,User,1
zdw,60856,User,1
lziest,1222706,User,1
bluelineXY,5988879,User,1
choury,4332542,User,1
edelangh,9694304,User,1
enkore,1330164,User,1
fbroda,9336345,User,1
hesiod,3159881,User,1
hongliang5316,13626322,User,1
isnotnick,4659959,User,1
jfigus,3186778,User,1
jrmarino,1125622,User,1
letrhee-nsr,27466387,User,1
lolyonok,14940469,User,1
LaurensN,419920,User,1
marko-asplund,1002541,User,1
xemdetia,223207,User,1
