weltling,22016,User,6663
laruence,382813,User,4292
tony2001,42386,User,4114
smalyshev,155000,User,3545
pierrejoye,282408,User,3498
dstogov,2510034,User,3302
felipensp,773947,User,3282
nikic,216080,User,2357
zsuraski,2006098,User,2179
andigutmans,989370,User,1681
wez,117777,User,1535
krakjoe,2236138,User,1373
rlerdorf,54641,User,1323
cjbj,200778,User,1210
remicollet,270445,User,1096
bwoebi,3154871,User,1067
johannes,44364,User,931
bjori,72407,User,836
KalleZ,147050,User,742
Tyrael,199149,User,731
sgolemon,812538,User,721
m6w6,1265282,User,653
cataphract,496394,User,652
nunoplopes,2998477,User,619
sebastianbergmann,25218,User,564
cmb69,2306138,User,530
fmk,698470,User,519
edinkad,16270200,User,460
arnaud-lb,365207,User,427
derickr,208074,User,423
bukka,137594,User,408
jpauli,72415,User,398
LawnGnome,229984,User,382
tvvcox,743820,User,343
dsp,14013,User,333
kaplanlior,2017058,User,292
adoy,80873,User,290
colder,98322,User,283
mbeccati,282388,User,264
chregu,47106,User,255
hikari-no-yume,579774,User,225
datibbaw,87972,User,216
rdlowrey,1259291,User,203
lstrojny,79707,User,136
ircmaxell,660654,User,119
jparise,10311,User,115
uschindler,1005388,User,112
reeze,14658,User,104
trowski,1628287,User,98
marcosptf,1637541,User,97
mj,5277,User,93
adambaratz,472608,User,92
keyurdg,2280740,User,85
lt,1503065,User,79
indeyets,13445,User,62
arraypad,451166,User,58
masakielastic,49705,User,53
patrickallaert,195277,User,51
philip,42943,User,51
ardbiesheuvel,8448088,User,43
rgeissert,544526,User,43
thekid,696742,User,42
dshafik,58074,User,40
mhagstrand,685532,User,38
marcioAlmada,227395,User,35
salathe,13598,User,33
vlajos,3994645,User,31
mapopa,818815,User,30
Danack,1505719,User,29
morrisonlevi,253316,User,29
auroraeosrose,282573,User,28
Metabolix,603068,User,27
rdohms,94331,User,26
maatta,17344309,User,26
roojs,415282,User,24
winks,44402,User,22
igorw,88061,User,21
CyberBLN,378377,User,20
akat1,12752737,User,20
charlesportwoodii,630969,User,19
edgarsandi,2199147,User,19
staabm,120441,User,19
dark-panda,84783,User,18
tpunt,1403064,User,18
dzuelke,27900,User,18
jedisct1,124872,User,17
duncan3dc,546811,User,16
willfitch,759414,User,16
bbroerman30,2095142,User,15
ralt,1016379,User,15
orlitzky,1432135,User,15
SammyK,578780,User,15
flaupretre,1854207,User,15
ramsey,42941,User,14
IMSoP,667364,User,14
yohgaki,118485,User,14
andrewnester,2969996,User,14
DaveRandom,2396425,User,14
abannert,774245,User,13
oerdnj,130731,User,13
pmmaga,1273069,User,13
mariuz,18359,User,13
dejalatele,241451,User,11
bp1222,516652,User,11
Jille,460628,User,11
odoucet,199838,User,11
realityking,628508,User,11
dol,41777,User,11
ChadSikorra,388229,User,10
whatthejeff,306525,User,10
MegaManSec,2505339,User,10
ralflang,646976,User,10
Sobak,1347533,User,10
sskaje,208950,User,10
devnexen,4922778,User,9
moriyoshi,18755,User,9
kelunik,2743004,User,9
conf,124417,User,9
jfha73,534716,User,9
jhdxr,1993373,User,9
villfa,2891564,User,8
slusarz,381003,User,8
tvlooy,391674,User,8
manuelm,357694,User,8
dreamsxin,314295,User,8
bor0,1620929,User,7
carsonmcdonald,76552,User,7
madorin,11855141,User,7
gustavotemple,8224221,User,7
iliaal,158724,User,7
dunglas,57224,User,7
petk,1614009,User,7
Fleshgrinder,1059453,User,7
paragonie-scott,11591518,User,7
ptarjan,40143,User,7
mcq8,875023,User,7
adsr,315003,User,7
ovr,572096,User,7
aboks,815524,User,6
wenz,147852,User,6
notti,25723,User,6
jelly,67428,User,6
jmcastagnetto,364668,User,6
jrbasso,26548,User,6
mattficken,945052,User,6
Rican7,742384,User,6
axot,611054,User,6
royopa,442991,User,6
nikita2206,1030688,User,6
heiglandreas,91998,User,5
narfbg,1058011,User,5
andrey-dnh,19780891,User,5
antonblanchard,2029971,User,5
commercebyte,12351277,User,5
tml,35148,User,5
Ocramius,154256,User,5
NikV,5368857,User,5
olemarkus,77034,User,5
c9s,50894,User,5
y-uti,3460059,User,5
Irker,925247,User,5
blar,111508,User,4
cweiske,59036,User,4
cviebrock,166810,User,4
caldwell,45445,User,4
glensc,199095,User,4
malukenho,3275172,User,4
jbboehr,225601,User,4
jaytaph,241458,User,4
ksmiley,799064,User,4
fujimoto,19870,User,4
matslindh,101525,User,4
MiRacLe-RPZ,920542,User,4
mhei,1313451,User,4
pda,15759,User,4
ttoohey,11792246,User,4
TysonAndre,1904430,User,4
vhuk,20574963,User,4
zxcvdavid,1303201,User,4
wjzijderveld,450201,User,4
starsurgemedia,6250442,User,4
jubianchi,327237,User,4
redfoxli,8423428,User,4
PeeHaa,1330296,User,4
jedi-pl,8566336,User,3
lisachenko,640114,User,3
polachok,94035,User,3
Andrewpk,1033728,User,3
AskDrCatcher,308124,User,3
DQNEO,188741,User,3
pankdm,426145,User,3
Hywan,946104,User,3
vrana,117453,User,3
asgrim,496145,User,3
JelleZijlstra,906600,User,3
c9n,6159817,User,3
Majkl578,144181,User,3
pilif,4990,User,3
scoates,71983,User,3
Sean-Der,1302304,User,3
TerryE,690173,User,3
tomsommer,149171,User,3
jrchamp,625298,User,3
kusano,1194653,User,3
nil0x42,3504393,User,3
andrewcurioso,587738,User,2
aimnadze,1735343,User,2
abrender,474746,User,2
bishopb,6844145,User,2
bogdanandone,11390542,User,2
pinepain,2185793,User,2
cchamplin,1944818,User,2
camporter,494446,User,2
caferrari,89180,User,2
chriscct7,1324637,User,2
ashnazg,100170,User,2
emosenkis,1794126,User,2
EricSten-MSFT,27699852,User,2
t3rmin4t0r,348515,User,2
