michael-grunder,468149,User,698
nicolasff,7276,User,439
yatsukhnenko,1374472,User,265
remicollet,270445,User,51
titpetric,233360,User,29
weltling,22016,User,17
nasr,23347,User,13
Savar,246341,User,13
Zakay,315159,User,7
maxbeutel,521162,User,6
vostok4,528239,User,5
Jan-E,1757825,User,3
iyesin,13554666,User,3
albertofem,409472,User,2
CatKang,4082238,User,2
jmikola,244663,User,2
LeonLegion,479331,User,2
mheijkoop,199492,User,2
mcuelenaere,1682432,User,2
tersmitten,3392962,User,2
mithunsatheesh,572597,User,2
pepve,823248,User,2
shtouff,1014344,User,2
TysonAndre,1904430,User,2
matsubo,98103,User,2
ares333,7401387,User,1
mixdev,38874,User,1
itcom,816185,User,1
euskadi31,195383,User,1
Barbery,2239529,User,1
Bergstein,293768,User,1
bplus,50766,User,1
char101,71255,User,1
zined,1200504,User,1
0,140823,User,1
ehohenstein-imvu,14223101,User,1
erikdubbelboer,522870,User,1
iliaal,158724,User,1
unicast,617744,User,1
RahimovIR,597268,User,1
jamesrwhite,640960,User,1
mariano-perez-rodriguez,4775265,User,1
mathiasverraes,489516,User,1
mm0,4008256,User,1
poison,27069,User,1
SHyx0rmZ,654223,User,1
ProgerXP,1643195,User,1
CoolCold,316482,User,1
RomeroMalaquias,1242275,User,1
sapfeer0k,958172,User,1
shafreeck,418483,User,1
schrapel,3613405,User,1
TomA-R,1606901,User,1
szepeviktor,952007,User,1
wernight,145667,User,1
RickieL,1237624,User,1
amolrajoba,1285994,User,1
andyli029,15212006,User,1
brice,13319,User,1
cdoco,8597204,User,1
ddrager,408520,User,1
doodoori2,418882,User,1
goodsoft,2828228,User,1
hylent,2173216,User,1
isage,273697,User,1
joedevon,138038,User,1
kotas,10013,User,1
liaolliso2012,2314332,User,1
linfangrong,5061346,User,1
milkliker,1684142,User,1
mixiaojiong,7220367,User,1
oylbin,408037,User,1
rnamiki,2129183,User,1
sanpili,3733832,User,1
sergey-dryabzhinsky,717597,User,1
ndxbn,2140131,User,1
