radare,917142,User,8667
alvarofe,3474042,User,726
jroimartin,1223476,User,651
XVilka,203261,User,569
jvoisin,325724,User,459
ret2libc,562321,User,286
crowell,616288,User,268
deeso,1205295,User,219
Maijin,1408600,User,163
Svenito,31278,User,111
oddcoder,10424605,User,106
skuater,8082461,User,90
montekki,56672,User,86
earada,303102,User,83
Hyask,7489759,User,70
pwntester,125701,User,68
mrmacete,4139069,User,67
neuschaefer,1021512,User,63
xarkes,10772605,User,55
rlaemmert,4795767,User,52
h4ng3r,2039733,User,49
jody-frankowski,3500332,User,46
LemonBoy,77388,User,44
SrimantaBarua,8581292,User,44
kazarmy,12002672,User,43
inisider,1460778,User,42
P4N74,11134594,User,42
dmtch,13199836,User,39
wargio,561184,User,38
jpenalbae,8380459,User,38
MaskRay,416322,User,35
dequis,94108,User,35
killabytenow,1439575,User,32
lowlyw,20349928,User,32
jjdredd,4748239,User,29
jduck,479840,User,27
eddyb,77424,User,24
zlowram,627317,User,24
krytarowski,6665730,User,23
pastcompute,2771007,User,22
SchumBlubBlub,25528402,User,22
l4l,5658339,User,22
RKX1209,964758,User,20
leberus,8247317,User,20
sushant94,3993360,User,19
dkreuter,15789,User,18
esanfelix,5995124,User,18
kamou,4632264,User,18
cosarara97,1713879,User,18
trndr,3594102,User,17
Darredevil,6786777,User,17
aaronpuchert,1453952,User,16
zamaudio,3164348,User,15
qsantos,8493765,User,15
fenugrec,10098613,User,15
ricardoquesada,232330,User,14
resetnow,2057191,User,14
oblique,194040,User,13
bluec0re,638422,User,13
mrexodia,2458265,User,12
laanwj,126646,User,12
oleavr,735197,User,11
sghctoma,214533,User,11
m1ghtym0,12214074,User,10
poliva,1238981,User,10
SajjadPourali,20374762,User,10
brainstorm,175587,User,10
mrdanielps,9087084,User,10
j123123,4210789,User,10
condret,5904302,User,9
khrs,1768564,User,8
sferrini,3370782,User,8
tjemg,6250107,User,8
nevun,208243,User,8
zonkzonk,5694980,User,8
gtors,9943520,User,8
hummypkg,10621611,User,8
edsrzf,369904,User,7
hno,350735,User,7
grandemk,5851912,User,7
mikaoP,1354002,User,7
sre,1308398,User,7
madprogrammer,531058,User,7
deetch,202481,User,7
kolen,24191,User,7
lionaneesh,1305901,User,7
hamishcoleman,18585683,User,7
monosource,16955479,User,7
BatchDrake,610895,User,7
ZhangZhuoSJTU,14835483,User,7
Dax89,1503603,User,7
ITAYC0HEN,20182642,User,6
cgvwzq,4429485,User,6
sapir,896766,User,6
deffi420,5674089,User,6
n4x0r,14844304,User,6
dzruyk,1386925,User,6
Frefreak,7122156,User,6
q6r,1616882,User,6
vifino,5837359,User,5
a0rtega,1909038,User,5
sqaxomonophonen,7861256,User,5
cr,170331,User,5
Jo-Con-El,607909,User,5
guedou,11683796,User,5
VPaulV,5863225,User,5
semarie,8948701,User,5
sylvainpelissier,7047419,User,5
wllm-rbnt,11647900,User,5
qrux0,28104865,User,5
t00sh,6597478,User,5
mscherer,230335,User,5
adrianherrera,8626578,User,4
astuder,1166488,User,4
test-ac,20821471,User,4
begoon,84461,User,4
AntonDevil,5129337,User,4
BenGardiner,243321,User,4
felixheld,1683603,User,4
codido,1302219,User,4
milabs,624823,User,4
Ekleog,411447,User,4
mheistermann,1302738,User,4
c0riolis,7645529,User,4
Mizari,1175849,User,4
NaveenBoggarapu,4930078,User,4
codeuchiha,7694209,User,4
ampotos,5214561,User,4
yetmorecode,11893375,User,4
zlice,8009811,User,4
Manouchehri,7232674,User,4
Qwokka,7696485,User,4
saucec0de,21975209,User,4
chinmaydd,6960646,User,4
Lukas-Dresel,13377119,User,4
0x6d696368,22860825,User,3
plutec,444620,User,3
Tyilo,568036,User,3
CarolinaFernandez,2083208,User,3
crorvick,824726,User,3
cvuchener,3874173,User,3
balzarot,8833997,User,3
gipi,1107413,User,3
ieei,352842,User,3
thejh,499370,User,3
jkrshnmenon,10709215,User,3
yawkat,2395297,User,3
serval2412,976901,User,3
elektrischermoench,5123349,User,3
lenerd,1321702,User,3
sijskes,1328869,User,3
Tzaoh,5722357,User,3
aaSSfxxx,2188190,User,3
armijnhemel,10587952,User,3
davidpolverari,17207737,User,3
diouziou,17141627,User,3
daniel-rome,5633255,User,3
EasyHard,1419012,User,3
ninjahacker,11780234,User,3
shengdi,3973843,User,3
0x2Adr1,2210950,User,3
karliss,7101031,User,3
shaded-enmity,572844,User,3
queueRAM,129774,User,3
bhootravi,7000265,User,3
resilar,18658078,User,3
r0nk,2287992,User,3
soez,3946238,User,3
0x0dada,26696936,User,2
8tab,5006893,User,2
akihikodaki,17036990,User,2
asutoshpalai,8471682,User,2
aweinstock314,2462937,User,2
dukebarman,1186777,User,2
chemberger,14874894,User,2
DanTheColoradan,3826143,User,2
Darkkey,3229276,User,2
dholm,88668,User,2
EliaGeretto,9071002,User,2
eugenekolo,2424426,User,2
thestr4ng3r,1460997,User,2
mmuman,470143,User,2
randomstuff,946727,User,2
jrmuizel,332653,User,2
jg10,2336737,User,2
uKZqmf6e32,6423739,User,2
ekiwi,2456545,User,2
zutle,4159865,User,2
aronsky,4709644,User,2
m403,11081987,User,2
ehntoo,110989,User,2
NikolaiHampton,17169908,User,2
T045T,871405,User,2
oldtopman,715291,User,2
pborzenkov,434254,User,2
tnias,9853194,User,2
Diadlo,6306608,User,2
prazzb,1937625,User,2
sstjohn,1283340,User,2
drozdziak1,8928339,User,2
Susanne588586,6197447,User,2
Phrohdoh,4861023,User,2
Th4nat0s,1728186,User,2
VisualPrankDude,6604362,User,2
puxlit,1405147,User,2
bspar,1820672,User,2
rydnr,613702,User,2
cquaid,3765134,User,2
evanrichter,330292,User,2
fr33tux,5955898,User,2
lzmths,12284753,User,2
masapastosa,6136977,User,2
n0w,330482,User,2
neutralinsomniac,92071,User,2
ryarnyah,1074083,User,2
usrshare,84842,User,2
stanciuadrian,2334569,User,2
Kodoque1,683784,User,2
m4b4,20946663,User,2
ekse,77594,User,2
stefan2904,527767,User,2
AlexKornitzer,2750747,User,1
pixelindigo,1370291,User,1
lynxis,272583,User,1
d3bug3r,17805406,User,1
arno01,3791945,User,1
a-wortman,4615790,User,1
ANTodorov,15790491,User,1
0xbc,7539194,User,1
bengardiner-at-irdeto,16688119,User,1
bigendiansmalls,13771080,User,1
pandasauce,7682940,User,1
ballessay,159463,User,1
Cararasu,10063453,User,1
csarn,4563314,User,1
hewittc,1527475,User,1
daanfs,21979769,User,1
dan1t0,5350944,User,1
KuroAku,4370886,User,1
danigargu,1675387,User,1
droberson,5570998,User,1
webhat,164971,User,1
dariosharp,14238348,User,1
ddwo,1526167,User,1
Dreamdance61,5106527,User,1
davispuh,651800,User,1
edunham,812892,User,1
fxfactorial,3036816,User,1
ebtaleb,5064073,User,1
EmilyBragg,9000965,User,1
epost,834942,User,1
e0d1n,8972753,User,1
Flowm,1117666,User,1
gcolajan,4128709,User,1
nanomad,1129926,User,1
glslang,14957728,User,1
GovanifY,6375438,User,1
Greynad,5173529,User,1
grigory-rechistov,865468,User,1
Hamz-a,5333378,User,1
Hi-Angel,7935057,User,1
Inndy,3402337,User,1
virtualminds,1586414,User,1
gonzalezjo,22648562,User,1
rayjolt,5244112,User,1
Jaguar83,4597230,User,1
jcorina,10100790,User,1
jfsulliv,3289655,User,1
JanWerder,596986,User,1
magcius,40890,User,1
jean-quilbeuf,25028001,User,1
jahrome,165039,User,1
atrodo,233600,User,1
atalax,3966931,User,1
roysjosh,601535,User,1
josh-isec,13909946,User,1
jpcanepa,665727,User,1
xtraeme,860073,User,1
KenMacD,8961,User,1
therealkbhat,7105012,User,1
anthraxx,203012,User,1
maksqwe,2767700,User,1
manishmalik,3881393,User,1
Maykeye,13607441,User,1
Nevsor,15523614,User,1
securitykitten,5833122,User,1
NickStephens,1915867,User,1
invalid-email-address,148100,User,1
nirouviere,8627382,User,1
0xABD,991923,User,1
Nodepad,3817812,User,1
Owlz,7632864,User,1
psie,4272626,User,1
PankajKataria,15338137,User,1
diggit,512025,User,1
paulfertser,122414,User,1
pgrohe,359095,User,1
khorben,1081724,User,1
nl5887,3748903,User,1
lunixbochs,117642,User,1
sjcappella,2397331,User,1
sashs,8522003,User,1
schrodyn,2804291,User,1
0xroot,652946,User,1
trofi,226650,User,1
sparkhom,97196,User,1
sevan,150520,User,1
InBetweenNames,7820684,User,1
Siguza,1659374,User,1
Soly,3904838,User,1
stef,13735,User,1
tilsche,9112758,User,1
strazzere,623686,User,1
Sp4ssT63r,28724730,User,1
neobrain,4840017,User,1
travisgoodspeed,770671,User,1
vF-ukumar,8041380,User,1
ususdei,1419817,User,1
Anrock,1689392,User,1
wilhelmmatilainen,248596,User,1
cr1901,6418027,User,1
xiaoyinl,16713498,User,1
zachriggle,111640,User,1
zakharvoit,1755785,User,1
ahhh,836166,User,1
akrasuski1,5507813,User,1
anio,3686626,User,1
b1ack0wl,14972026,User,1
berney,3227426,User,1
bsmiles32,6403903,User,1
bydo,580105,User,1
chairkov,21986519,User,1
d0p,7989900,User,1
danitorregrosa,29839192,User,1
dialeth,7760362,User,1
dogtopus,3405234,User,1
eazy-f,1300821,User,1
emvivre,12485451,User,1
eroen,356280,User,1
ewtoombs,2224848,User,1
four0four,1302555,User,1
funktioniert,14811209,User,1
futex,3432159,User,1
giomismo,9871404,User,1
glindor87,10563497,User,1
gssincla,7648833,User,1
isra17,1420974,User,1
javierprtd,11447184,User,1
jmcfadyen,7542513,User,1
jnahorny,1479763,User,1
karel-,5636152,User,1
kroemeke,9605067,User,1
lonetech,5887144,User,1
ls80x,14771551,User,1
megabug,15011974,User,1
michalbednarski,1826899,User,1
mid-kid,1339276,User,1
mkosmach,2235900,User,1
mrpink17,13852200,User,1
as0ler,11234807,User,1
newlog,950789,User,1
nil0x42,3504393,User,1
pachulo,3256953,User,1
pagabuc,9197985,User,1
pinkflawd,5487036,User,1
pkerling,4533697,User,1
l-maes,14368361,User,1
digdugg,1303884,User,1
rdomanski,5232092,User,1
reddevillg,2016229,User,1
reenz0h,18370200,User,1
robbje,359146,User,1
s4lv0,3982554,User,1
sdlf,20252768,User,1
flanfly,5614769,User,1
sheinz,2250775,User,1
shua,175189,User,1
simonzack,628500,User,1
sroxy,26685752,User,1
thelightnet,26125498,User,1
v14dz,6154948,User,1
vraelvrangr,8733531,User,1
xn0px90,16927565,User,1
vjex,2093260,User,1
