robertdavidgraham,3814757,User,398
dmaynor,1238770,User,11
zeridon,5081863,User,9
kicdu,1025971,User,6
mzpqnxow,8016228,User,5
klondi,2823369,User,4
konlinedk,15610963,User,4
liudf0716,1182593,User,3
jedisct1,124872,User,3
cicku,686438,User,2
alessio,229356,User,2
taguchi-ch,2528499,User,1
Manouchehri,7232674,User,1
ctrlaltdel,8973,User,1
LocutusOfBorg,1227338,User,1
jaredthecoder,7459310,User,1
iamfromit,345894,User,1
jlund,144984,User,1
luciopileggi,265532,User,1
mlleparker,12137403,User,1
codetheweb,7410405,User,1
superhacker777,12213346,User,1
MrPumo,6469426,User,1
PaulMcMillan,494159,User,1
reinerh,3106950,User,1
ste,8573168,User,1
sudeepta-bhuyan,9820674,User,1
ravkr,3875202,User,1
invalid-email-address,148100,User,1
crackcomm,206368,User,1
