SamyPesse,845425,User,196
mandliya,4503796,User,3
0X1A,2829967,User,2
pato,608083,User,2
scoops,1953939,User,2
Tadwork,898629,User,2
zachriggle,111640,User,2
stunpix,129271,User,1
bbaugher,2530095,User,1
deardaniel,124254,User,1
escalant3,214898,User,1
GenaBitu,3134692,User,1
jamietanna,3315059,User,1
Xumeiquer,2176256,User,1
juliangruber,10247,User,1
akkartik,3161,User,1
Ocramius,154256,User,1
mslevin,6082757,User,1
mlloreda,226625,User,1
miekel,23314466,User,1
mortonfox,495892,User,1
peterkshultz,5421240,User,1
happy15,983570,User,1
simono,874148,User,1
skl,514343,User,1
steveno,116258,User,1
Tanner,166744,User,1
tcort,216720,User,1
zanderbaldwin,123245,User,1
dfyx,458055,User,1
dharmatech,20816,User,1
eiais,9858840,User,1
lakksam,9572723,User,1
kenvifire,1464416,User,1
neilss,3627512,User,1
zyfjeff,8816403,User,1
mikulely,4464227,User,1
