sdegutis,4399718,User,26
jhgg,5489149,User,24
ihodes,167803,User,5
Habbie,525838,User,5
cmsj,353427,User,4
sennah911,230987,User,4
jasonm23,71587,User,4
dennisv,63601,User,3
salutis,1158274,User,2
jaredsampson,149024,User,2
muescha,184316,User,2
DomT4,6998367,User,2
AdamCanady,2141945,User,1
eproxus,112878,User,1
Morhaus,1621758,User,1
barneyb,82654,User,1
benfb,706215,User,1
christianberg,136243,User,1
ddfisher,245905,User,1
githaff,1469488,User,1
ericbottard,313494,User,1
falk,30613,User,1
justmao945,619331,User,1
JoshCheek,77495,User,1
volker48,69447,User,1
matthewmichihara,79073,User,1
miksu,249685,User,1
vitorgalvao,1699443,User,1
arxanas,454057,User,1
zef,17274,User,1
asmagill,8139480,User,1
