nicowilliams,604851,User,488
stedolan,79765,User,327
dtolnay,1940490,User,122
wtlangford,3422295,User,31
pkoppstein,172847,User,13
agordon,523057,User,11
stagrlee,23431,User,9
DRMacIver,28623,User,8
dgryski,970862,User,6
janschulz,890156,User,6
stroan,156852,User,6
eiiches,230747,User,4
else,77769,User,3
zmwangx,4149852,User,3
mdaines,1383,User,3
arodland,6380,User,2
ashortland,492560,User,2
Janrain-Colin,2294656,User,2
filippog,93906,User,2
jingweno,169064,User,2
joelittlejohn,686384,User,2
phihag,779568,User,2
svnpenn,926619,User,2
wmark,191736,User,2
mattn,10111,User,2
eproxus,112878,User,1
alexchamberlain,1224578,User,1
AndrewO,550,User,1
lipidity,98757,User,1
AttilaFueloep,16562510,User,1
sparrc,7155926,User,1
merriam,159998,User,1
cykl,1764725,User,1
fasterit,7795424,User,1
haguenau,3029165,User,1
dougluce,1047838,User,1
erikbrinkman,858926,User,1
zackse,191733,User,1
FiloSottile,1225294,User,1
fcambus,825456,User,1
qqshfox,459733,User,1
ianmiell,7003341,User,1
phanimahesh,1690608,User,1
pearkes,846194,User,1
jwilk,141546,User,1
jamesandariese,2583421,User,1
xiongchiamiov,23369,User,1
jannecederberg,2441319,User,1
jay,965580,User,1
jnothman,78827,User,1
joelpurra,1398544,User,1
Argoday,1022865,User,1
juanxo,1255043,User,1
teleoq,12131007,User,1
kdeme,7857583,User,1
lcd047,1281736,User,1
Loamhoof,2034418,User,1
msabramo,305268,User,1
mbruggmann,24575,User,1
mmckinst,1631365,User,1
lanthaler,456407,User,1
maxme,40213,User,1
np,5548,User,1
Habbie,525838,User,1
richardgroves,715058,User,1
rominf,3449635,User,1
RomeroMalaquias,1242275,User,1
ryo1kato,185990,User,1
sieben,300834,User,1
hroptatyr,243996,User,1
l8nite,1711530,User,1
sseemayer,736556,User,1
StevenMaude,3818079,User,1
trhall,14863,User,1
timmc,78608,User,1
tgockel,386039,User,1
cdnbacon,1574577,User,1
isomorphisms,170678,User,1
polyester,456196,User,1
TomOnTime,1389289,User,1
