matyhtf,2017766,User,3674
shenzhe,916634,User,149
GXhua,7588080,User,142
xyzhu1120,2072473,User,115
tutanhamon,845773,User,37
bixuehujin,1145280,User,35
taobao-php,5545992,User,32
remicollet,270445,User,28
doubaokun,313478,User,27
recoye,491639,User,19
wenxuanguan,7418459,User,17
invalid-email-address,148100,User,15
shiguangqi,654869,User,12
jonnywang,960982,User,12
yangxikun,3364160,User,11
kimkit,1448791,User,10
youmingdot,6078171,User,9
neesenk,479152,User,9
lvht,2030591,User,8
LinkedDestiny,5689061,User,7
chalesi,6193775,User,7
zzjin,679757,User,7
fznply,5018409,User,6
Maikuolan,12571108,User,5
StevenTML,1646738,User,5
ideal,261698,User,5
samt42,2322103,User,5
wbbw55,24604435,User,4
netroby,278153,User,4
seumadwolf,7942933,User,4
firedtoad,1435686,User,4
bluefoxah,5079793,User,3
AJSoft,2383426,User,3
denghongcai,1433247,User,2
andot,232161,User,2
petk,1614009,User,2
redfoxli,8423428,User,2
dormscript,3317966,User,2
bryceliu,4398165,User,2
wangchuan3533,4327922,User,2
szyhf,14870120,User,1
xcl3721,1940307,User,1
Fishdrowned,3423411,User,1
eaglewu,3753615,User,1
garveen,3214266,User,1
hy0kl,398611,User,1
jorrit,521449,User,1
Nicksxs,7351669,User,1
rvantonder,888624,User,1
pantaovay,1916525,User,1
vanillahsu,22189,User,1
hylent,2173216,User,1
cdoco,8597204,User,1
feilengcui008,4131736,User,1
joostshao,3615951,User,1
joy2fun,7264066,User,1
mysteriouss,985230,User,1
redoufu,2084729,User,1
viile,8098978,User,1
winterswang,4125567,User,1
xujiajun,6065007,User,1
MaleicAcid,22858395,User,1
