XinyuHou,9194706,User,752
nlyan,2406188,User,198
speaker,148108,User,65
axelson,9973,User,27
SyedAmerGilani,206849,User,16
nyetwurk,1088639,User,13
sveith,552624,User,9
jpmcmu,7181610,User,8
jakepetroules,1312511,User,6
the-wes,1994203,User,6
legonigel,2592586,User,6
epakai,1901677,User,4
pdecat,318490,User,3
TehWan,772200,User,3
ali1234,651970,User,2
azanar,102823,User,2
ommokazza,5035099,User,2
ivebeenlinuxed,148362,User,2
cribe78,8061776,User,2
amandamcg,8716226,User,1
Anden,84489,User,1
AMagill,1924184,User,1
moben,556031,User,1
chrschmidt,1149223,User,1
cym13,4958985,User,1
ErikSwan,163976,User,1
foliveira,583162,User,1
jakesyl,6392429,User,1
conr2d,9255652,User,1
Celant,4339776,User,1
JoshMcCullough,4859660,User,1
Malcolmlowe,10990259,User,1
mwilck,15961354,User,1
maximd,108709,User,1
meowfaceman,1216662,User,1
reinder,886282,User,1
beefnog,8495534,User,1
sparrowt,793763,User,1
galkinvv,1609972,User,1
feng-ye,314167,User,1
j2gl,3269677,User,1
kahiroka,11551657,User,1
rishubil,382014,User,1
cnsworder,137293,User,1
