soumith,1310570,User,450
andresy,192030,User,144
koraykv,820731,User,74
clementfarabet,188959,User,56
Jokeren,2306281,User,47
nicholas-leonard,3520613,User,39
timharley,4367998,User,30
GeorgOstrovski,6409187,User,26
dominikgrewe,1619348,User,25
jucor,660037,User,24
apaszke,4583066,User,21
gchanan,3768583,User,18
colesbury,655866,User,18
deltheil,355031,User,13
adamlerer,5702157,User,12
d11,39658,User,12
zakattacktwitter,4247897,User,11
hughperkins,123560,User,10
pavanky,364829,User,10
BTNC,15757197,User,10
leonbottou,612213,User,9
fidlej,147710,User,8
sergomezcol,3340788,User,8
Atcold,2119355,User,7
tkoeppe,6378233,User,7
killeent,4529377,User,6
bamos,707462,User,6
borisfom,14189615,User,6
CDLuminate,5723047,User,6
rguthrie3,6862422,User,5
akfidjeland,1080827,User,4
davidsaxton,14928863,User,4
luketwitter,232884,User,4
srsriram,15086723,User,4
LeeTaewoo,11940782,User,4
albanD,6359743,User,4
liboyue,5857249,User,4
eliemichel,5802849,User,4
malcolmreynolds,36041,User,4
nkoumchatzky,6900572,User,4
fmassa,9110200,User,4
jjh42,371038,User,4
elikosan,19472554,User,3
howard0su,766788,User,3
JoostvDoorn,1589858,User,3
temerick,3578724,User,3
KaiyuYue,19852297,User,3
j-wilson,6174242,User,3
kosklain,1104579,User,2
ajabri,1448621,User,2
amartya18x,7704947,User,2
andreaskoepf,9976399,User,2
arnaudchauveur,1588447,User,2
atamahjoubfar,9168758,User,2
brunoalr,1791393,User,2
cliffwoolley,9682398,User,2
fbesse,4650638,User,2
jonathantompson,1355715,User,2
yangky11,5431913,User,2
keon,10793962,User,2
donglixp,1070872,User,2
lantiga,191033,User,2
tudor,125148,User,2
yf225,4063635,User,2
xwgeng,7008668,User,2
diz-vara,10057306,User,2
LambdaWill,26055298,User,2
achalddave,1168881,User,1
alschua,12139354,User,1
alvinlschua,3671749,User,1
anastasiuspernat,1848380,User,1
amrobbins,17150932,User,1
akhti,7470747,User,1
avrahamruderman,990409,User,1
bartvm,2299595,User,1
cypriendemasson,17859150,User,1
eddiepierce,12822460,User,1
ezyang,13564,User,1
georgevdd,5522431,User,1
Grisson,692057,User,1
jtbates,609080,User,1
dm-jrae,8439901,User,1
dmjlm,15985824,User,1
wickedfoo,1911637,User,1
jenaiz,16989,User,1
jiahao,1732,User,1
jdmartin86,5497950,User,1
johnmyleswhite,22064,User,1
jgehring,88510,User,1
JonyEpsilon,1678540,User,1
kieranmilan,9947991,User,1
LaurynasMiksys,4349071,User,1
vlasenkov,13369474,User,1
JacksonGL,4462454,User,1
LinusU,189580,User,1
mvitez,7524531,User,1
martinraison,2560662,User,1
massimobernava,1668537,User,1
mevGDM,15265361,User,1
Muhaeb,5113375,User,1
pkulchenko,77071,User,1
pedropgusmao,847743,User,1
pflaquerre,996522,User,1
ninjin,354934,User,1
pra85,829526,User,1
bunelr,3354626,User,1
szagoruyko,4953728,User,1
shivak,22960,User,1
gitter-badger,8518239,User,1
lanpa,2005323,User,1
vfonov,628822,User,1
iamalbert,4281586,User,1
willfrey,13784361,User,1
lejlot,1747438,User,1
wishstudio,946459,User,1
yozw,1745917,User,1
yotam,172845,User,1
ebetica,3605224,User,1
zkolter,2465474,User,1
clcarwin,808973,User,1
cpuhrsch,1716488,User,1
ethanluoyc,6040760,User,1
eulerreich,4183609,User,1
ibmua,2233511,User,1
ivpopov,16592342,User,1
lake4790k,15705158,User,1
ludamad,163993,User,1
marioyc,382898,User,1
ngimel,15841449,User,1
samehkhamis,845989,User,1
tpltnt,1172976,User,1
