vurtun,8057201,User,1210
DeXP,4019495,User,16
nsawa,18512546,User,12
fdb,8477,User,9
mmozeiko,1665010,User,8
ricanteja,1585607,User,8
ytsarko,7942487,User,8
mattn,10111,User,6
phoekz,712560,User,5
inolen,460296,User,4
wheybags,1093274,User,4
cxong,1083215,User,3
Fra-Ktus,10347920,User,3
rokups,19151258,User,3
hobbitalastair,6619576,User,2
angusholder,7407345,User,2
anton-bondarev,6949261,User,2
cwkx,5144374,User,2
jimon,1333661,User,2
juliuszint,11739398,User,2
timothyqiu,372476,User,2
ands,151513,User,2
kybin,595519,User,2
spaghetti-,2093506,User,1
ittner,110642,User,1
andreygursky,280321,User,1
waywardmonkeys,178582,User,1
ClaasJG,5501081,User,1
squarewave,4060604,User,1
ehmry,537775,User,1
ettoretorti,5710796,User,1
jwerle,1462973,User,1
KalenAnson,1873870,User,1
keharriso,1069512,User,1
mlabbe,1283217,User,1
McNopper,3677213,User,1
godlikepanos,2602423,User,1
RUSshy,18348637,User,1
r0fls,1858004,User,1
coderobe,8442384,User,1
skyhisi,1140384,User,1
tversteeg,2574730,User,1
tcyrus,4201229,User,1
tst2005,1117821,User,1
dankan1890,7107228,User,1
mogud,8814500,User,1
ocornut,8225057,User,1
sillyousu,1446131,User,1
