25939f605f207a727d95a7e790a31ed807ab9111,a823fad248aab2912a285dcfea2aae4cdde9ca7f,325,325,0,Normal,NULL,NULL,0,NULL,0
a823fad248aab2912a285dcfea2aae4cdde9ca7f,32fafb3508a6584405d6b6c0a7b86aaa9aa51a13,61,61,0,Normal,NULL,NULL,0,NULL,0
32fafb3508a6584405d6b6c0a7b86aaa9aa51a13,aed4305f684a9f9567e8f152265739fef96a2ffa,345,344,1,Document,NULL,NULL,0,NULL,0
8ef86942566bb1ff332330bb2b9f30b0952605ed,6b18f7ed456ef360fc21a072c8589cffc7cc2bbb,3,3,0,#,NULL,NULL,0,NULL,0
6b18f7ed456ef360fc21a072c8589cffc7cc2bbb,04544c712782e4a2607ace06e2aed6c277acb154,4,4,0,#,NULL,NULL,0,NULL,0
04544c712782e4a2607ace06e2aed6c277acb154,738b017f706e6f5607e58a3219ed6b55dbbb7e6d,336,336,0,#,NULL,NULL,0,NULL,0
738b017f706e6f5607e58a3219ed6b55dbbb7e6d,c8741490de028d678852c29ce7ce3d9d5c612980,2,1,1,Document,ISSUE,NULL,0,NULL,0
aed4305f684a9f9567e8f152265739fef96a2ffa,6e49f44c8e6773265e3ee33886ef91a567540ac1,193356,193328,28,Normal,NULL,NULL,0,NULL,0
96aae467b3029e504508db05fb5ab547a0efcee7,c8741490de028d678852c29ce7ce3d9d5c612980,2,1,1,Document,ISSUE,NULL,0,NULL,0
54970eab024993e256ef36c251c32aac656cef73,c8741490de028d678852c29ce7ce3d9d5c612980,336,336,0,Normal,NULL,NULL,0,NULL,0
022b00b4c9e93fe46cfcfdefc4db3e82587fd610,c8741490de028d678852c29ce7ce3d9d5c612980,4,4,0,Normal,NULL,NULL,0,NULL,0
fff5faa976521cf396aceb1eb7a8dbe831d3fda2,c8741490de028d678852c29ce7ce3d9d5c612980,3,3,0,Normal,NULL,NULL,0,NULL,0
c8741490de028d678852c29ce7ce3d9d5c612980,a70bd0234dba80603716cba75ca904273f93cf1e,3158,3129,29,Document,NULL,NULL,0,NULL,0
28b13864aa98507020839e9d5857d37dce89b0c8,6095c4198ff94d68171ee815c5cbf9f558f0834f,3156,3128,28,Normal,NULL,NULL,0,NULL,0
6095c4198ff94d68171ee815c5cbf9f558f0834f,536bb52e4620fe20ba1f6cf6a717b1922ca12cb7,290334,290334,0,Document,NULL,NULL,0,NULL,0
a70bd0234dba80603716cba75ca904273f93cf1e,bd2ffdc833c50c793254612b3f842b294fc19128,51,51,0,#,NULL,NULL,0,NULL,0
bd2ffdc833c50c793254612b3f842b294fc19128,7fe83722051e0e999f8f41e1909a8f34e99cc38e,4,4,0,#,NULL,NULL,0,NULL,0
6e49f44c8e6773265e3ee33886ef91a567540ac1,b012b32ee46ab54238d7aedc1229a4bce5c65d79,2,1,1,Document,NULL,NULL,0,NULL,0
7fe83722051e0e999f8f41e1909a8f34e99cc38e,b012b32ee46ab54238d7aedc1229a4bce5c65d79,190145,190145,0,#,NULL,NULL,0,NULL,0
b012b32ee46ab54238d7aedc1229a4bce5c65d79,4cd6f77ac1d0dcc542128df603a725ee5aaeeacf,2,2,0,Document,NULL,NULL,0,NULL,0
4cd6f77ac1d0dcc542128df603a725ee5aaeeacf,b4f21b34f5aaf2c1e615f1673dc0b80bd17281e0,100000,100000,0,Normal,NULL,NULL,0,NULL,0
b4f21b34f5aaf2c1e615f1673dc0b80bd17281e0,36b3182857eb182098fa4f1387b69b593111a13c,95,42,53,Normal,NULL,NULL,0,NULL,0
374707797a94b7122918e81ad18993ce40686fbc,c8f9315cbdb91ffde4472480858d080ce8ef13c2,190145,190145,0,Normal,NULL,NULL,0,NULL,0
36b3182857eb182098fa4f1387b69b593111a13c,9b8e66e6421a579dadae38fe3550be3967973f3a,0,0,0,Normal,NULL,NULL,0,NULL,0
9b8e66e6421a579dadae38fe3550be3967973f3a,601038eb4ea18c97177b43a757286d3c8a815db8,1,1,0,Document,NULL,NULL,0,NULL,0
601038eb4ea18c97177b43a757286d3c8a815db8,412603a5b7bada1a24d77ee02fe2f0ab0c3e4660,141,141,0,Normal,NULL,NULL,0,NULL,0
412603a5b7bada1a24d77ee02fe2f0ab0c3e4660,8a89ce69fc574f4ea4a523ae2ccb3e94d752106c,1,1,0,Document,NULL,NULL,0,NULL,0
536bb52e4620fe20ba1f6cf6a717b1922ca12cb7,8a89ce69fc574f4ea4a523ae2ccb3e94d752106c,2,1,1,Document,NULL,NULL,0,NULL,0
5b24e77bf8cca823acf2e626ad79ccdc151fcbf8,8a89ce69fc574f4ea4a523ae2ccb3e94d752106c,51,51,0,Normal,NULL,NULL,0,NULL,0
080978375235f791c5c3fb5a8c211b9206f950da,8a89ce69fc574f4ea4a523ae2ccb3e94d752106c,4,4,0,Normal,NULL,NULL,0,NULL,0
8a89ce69fc574f4ea4a523ae2ccb3e94d752106c,c4222708421950739bf9f1f8cfabe643fd654fb6,1,1,0,Document,NULL,NULL,0,NULL,0
c4222708421950739bf9f1f8cfabe643fd654fb6,5e4cfb6267c926f52168cca25c05e55c5d391d38,1634,1634,0,#,NULL,NULL,0,NULL,0
5e4cfb6267c926f52168cca25c05e55c5d391d38,b865fae17a26bf314f15026d28cf7e67eab993bc,14,14,0,#,NULL,NULL,11,NULL,10
18a53582d180f1c4d6ef5f84b6ce8bd912a6dc52,b865fae17a26bf314f15026d28cf7e67eab993bc,14,14,0,Normal,NULL,NULL,11,NULL,10
b865fae17a26bf314f15026d28cf7e67eab993bc,d698104724f9b1f5d4f06b9ee76ec64a496ec0a8,0,0,0,#,NULL,NULL,0,NULL,0
aad07fff50ca37af2926de4d07ff670bf3416fbc,164a5337b2234f8b8040065a96b9030392f70b3d,0,0,0,Normal,NULL,NULL,0,NULL,0
164a5337b2234f8b8040065a96b9030392f70b3d,89b249440960ec9e6fa508310306bc2e66848fc6,39,0,39,Normal,NULL,NULL,0,NULL,0
89b249440960ec9e6fa508310306bc2e66848fc6,457997fd6a1280b05dd2bebac8418f49f4c1663d,0,0,0,Document,NULL,NULL,0,NULL,0
457997fd6a1280b05dd2bebac8418f49f4c1663d,d698104724f9b1f5d4f06b9ee76ec64a496ec0a8,0,0,0,Document,NULL,NULL,0,NULL,0
856d10afd9f4d6803f5e874f60e831245dd4459e,d5d35ec0ee22ff69b88be254ed9a5114a0ea1dc3,2,1,1,Normal,NULL,NULL,0,NULL,0
d5d35ec0ee22ff69b88be254ed9a5114a0ea1dc3,c97ee1c06b10ad826df9e2fc48fce0a7b19d2a40,4,2,2,Normal,NULL,NULL,0,NULL,0
c97ee1c06b10ad826df9e2fc48fce0a7b19d2a40,a728bd6685340ddca2efee4dd9cb9319a09ec125,2,2,0,Normal,NULL,NULL,0,NULL,0
a728bd6685340ddca2efee4dd9cb9319a09ec125,bb4958046d5121b24c2c0be8351f1a6a5074fcdb,144,0,144,Normal,NULL,NULL,0,NULL,0
bb4958046d5121b24c2c0be8351f1a6a5074fcdb,a0d8b88b8ea0a824bccdc6c5c1597b5697d85c5f,2,2,0,Normal,NULL,NULL,0,NULL,0
a0d8b88b8ea0a824bccdc6c5c1597b5697d85c5f,d698104724f9b1f5d4f06b9ee76ec64a496ec0a8,1774,1774,0,Normal,NULL,NULL,0,NULL,0
d698104724f9b1f5d4f06b9ee76ec64a496ec0a8,7cde0877076200af59fb0baec8a2116281993f50,0,0,0,Normal,NULL,NULL,0,NULL,0
7cde0877076200af59fb0baec8a2116281993f50,15111f074b5349ebb86f9eef7eeeceb082661ae9,50,50,0,Normal,NULL,NULL,0,NULL,0
15111f074b5349ebb86f9eef7eeeceb082661ae9,7efd53adb66183351d6104f0bc2b4a134def7ecc,1,1,0,Document,NULL,NULL,0,NULL,0
7efd53adb66183351d6104f0bc2b4a134def7ecc,7120fcf3b5658458fa2bf70926107bd99aa01ddd,542,542,0,Normal,NULL,NULL,0,NULL,0
7120fcf3b5658458fa2bf70926107bd99aa01ddd,3a7bfa1b796b958d4ab6c2c0de01594c3a207d64,10861110,10861105,5,Normal,NULL,NULL,0,NULL,0
3a7bfa1b796b958d4ab6c2c0de01594c3a207d64,613e8b570be0ee5fe82e78e99e3f50b810546896,31,31,0,Normal,NULL,NULL,0,NULL,0
1cc9f353e08f86be34f4cee8f233535dadfab96d,d67b07d6d365796c955ac65f19abac9e2caade73,0,0,0,#,NULL,NULL,0,NULL,0
d67b07d6d365796c955ac65f19abac9e2caade73,eb51657fdbe2968c18e0569a1330e3ad41bf5f15,10,5,5,#,NULL,NULL,0,NULL,0
eb51657fdbe2968c18e0569a1330e3ad41bf5f15,5587dade082795f2903d5622333a01b451d8f481,1,1,0,#,NULL,NULL,0,NULL,0
5587dade082795f2903d5622333a01b451d8f481,613e8b570be0ee5fe82e78e99e3f50b810546896,7,7,0,#,NULL,NULL,0,NULL,0
5f4ab6138ea4e7a47032c41ae7735e20fc826a60,9309803f3f7d5c1e0b2f26721c1ea7ef36eeb1c8,7,7,0,#,NULL,NULL,0,NULL,0
d823b48baccc030bd93aa819b845b4db558d8741,9309803f3f7d5c1e0b2f26721c1ea7ef36eeb1c8,7,7,0,Normal,NULL,NULL,0,NULL,0
613e8b570be0ee5fe82e78e99e3f50b810546896,939624b921cedb2300240443d88936af7fc9da2a,23,23,0,Normal,NULL,NULL,0,NULL,0
939624b921cedb2300240443d88936af7fc9da2a,12771d37c3fce171b0caf41d94e62988c068d511,25,25,0,Normal,NULL,NULL,0,NULL,0
c64ee8540c5b447164c688d67f0cde4824b31248,12771d37c3fce171b0caf41d94e62988c068d511,1,1,0,Normal,NULL,NULL,0,NULL,0
2674664a49c006fdc59a2c064c2265677e8ef7d4,12771d37c3fce171b0caf41d94e62988c068d511,10,5,5,Normal,NULL,NULL,0,NULL,0
12771d37c3fce171b0caf41d94e62988c068d511,01e9b0cd6bf88ee49f155a56f7e72eb57835125a,2,1,1,Document,NULL,NULL,0,NULL,0
01e9b0cd6bf88ee49f155a56f7e72eb57835125a,1452e7dfa7320cf93ef9b6f5cface9a64af214f3,2,1,1,Document,NULL,NULL,0,NULL,0
1452e7dfa7320cf93ef9b6f5cface9a64af214f3,2dc456a3014b315e32b356467ac8876179c78cd8,5,0,5,Document,NULL,NULL,0,NULL,0
2dc456a3014b315e32b356467ac8876179c78cd8,d27cd4fae8dc21fd03690e2e612096cdb39bba27,7,6,1,Document,NULL,NULL,0,NULL,0
d27cd4fae8dc21fd03690e2e612096cdb39bba27,d6919d5e13c9286da5672b6fc2f52337cda6da06,4,1,3,Document,NULL,NULL,0,NULL,0
d6919d5e13c9286da5672b6fc2f52337cda6da06,2a90978371702e7f09f652518c961cf99f072150,2,2,0,Document,NULL,NULL,0,NULL,0
2a90978371702e7f09f652518c961cf99f072150,495d88ee1b0e82acbd29482874a195da81342e8a,5,1,4,Document,NULL,NULL,0,NULL,0
495d88ee1b0e82acbd29482874a195da81342e8a,d66b0437f5723b50f4c80d45c0441e0615e2e780,2,2,0,Document,NULL,NULL,0,NULL,0
d66b0437f5723b50f4c80d45c0441e0615e2e780,251422449e2520788989f8bdcc8dd56f9089acaa,3,1,2,Document,NULL,NULL,0,NULL,0
251422449e2520788989f8bdcc8dd56f9089acaa,1cd5f7ec6cd998bd818e5c255384adbde82d139c,2,2,0,Document,NULL,NULL,0,NULL,0
1cd5f7ec6cd998bd818e5c255384adbde82d139c,f1c981969d160710f3e63f0503f86050641f98f2,2,1,1,Document,NULL,NULL,0,NULL,0
f1c981969d160710f3e63f0503f86050641f98f2,1a34fe1b1fcc8b52c734e5ba08e8806f53a90c85,2,1,1,Document,NULL,NULL,0,NULL,0
1a34fe1b1fcc8b52c734e5ba08e8806f53a90c85,c80d59bf1096ba474f4834d5dbe6ab17b9c1ebc6,4,1,3,Document,NULL,NULL,0,NULL,0
c80d59bf1096ba474f4834d5dbe6ab17b9c1ebc6,1ad14887005c2fb2f9ad285bd57ff9140d5519e1,4,3,1,Document,NULL,NULL,0,NULL,0
1ad14887005c2fb2f9ad285bd57ff9140d5519e1,c22969906e6a387eceb066e34e715c28e56e0615,2,1,1,Document,NULL,NULL,0,NULL,0
c22969906e6a387eceb066e34e715c28e56e0615,e93990bd6e55fb8b3a0484b66f22dd7bac40fe93,2,1,1,Document,NULL,NULL,0,NULL,0
e93990bd6e55fb8b3a0484b66f22dd7bac40fe93,def68271b1694dd359780638720045c631f19b0f,2,2,0,Document,NULL,NULL,0,NULL,0
c10ea4264e038044b181667e7698cdadd7f10a7b,ba8f8bc0548b1d4a7a03ffdf7ee64614230ccdbe,116,116,0,Normal,NULL,NULL,0,NULL,0
ba8f8bc0548b1d4a7a03ffdf7ee64614230ccdbe,5cb4b1e12944dc4c980db4fcf4f0a956e896348f,161,161,0,Normal,NULL,NULL,0,NULL,0
5cb4b1e12944dc4c980db4fcf4f0a956e896348f,38caab17d2e5cdd9648cd123be6168791258eceb,38820,38820,0,Normal,NULL,NULL,0,NULL,0
38caab17d2e5cdd9648cd123be6168791258eceb,bc88922bce1bd8caeaed8df17d6f506971ff0921,3721255,3721255,0,Normal,NULL,NULL,0,NULL,0
bc88922bce1bd8caeaed8df17d6f506971ff0921,903fc3cdd30f8a95c935add740934a26c88577f4,47603,47603,0,Normal,NULL,NULL,0,NULL,0
903fc3cdd30f8a95c935add740934a26c88577f4,a5cc65511c1d2ddb114e1d036779a05ced05afd8,84202,84202,0,Normal,NULL,NULL,0,NULL,0
a5cc65511c1d2ddb114e1d036779a05ced05afd8,de218af0c600eab431e2740441c81b7cc79b9d67,3431341,3431341,0,Normal,NULL,NULL,0,NULL,0
de218af0c600eab431e2740441c81b7cc79b9d67,bd3cd853c37408e055cf1cfa2f3d16bc375e72e2,1152,1152,0,Normal,NULL,NULL,0,NULL,0
bd3cd853c37408e055cf1cfa2f3d16bc375e72e2,230d60fff40f20f8e28864c8ce485950e7a6b1a6,9801,9801,0,Normal,NULL,NULL,0,NULL,0
230d60fff40f20f8e28864c8ce485950e7a6b1a6,d8527a3a20c77cac9c8a8a27842af271f051a90b,8930,8930,0,Normal,NULL,NULL,0,NULL,0
d8527a3a20c77cac9c8a8a27842af271f051a90b,e273d0e2fef6e4f0f2600cac66b7f46b2f5e6ba6,815,815,0,Normal,NULL,NULL,0,NULL,0
e273d0e2fef6e4f0f2600cac66b7f46b2f5e6ba6,59672fa07b69674f9b4f8a7eb071f7579a54d15b,306709,306709,0,Normal,NULL,NULL,0,NULL,0
59672fa07b69674f9b4f8a7eb071f7579a54d15b,def68271b1694dd359780638720045c631f19b0f,3210187,3210187,0,Normal,NULL,NULL,0,NULL,0
def68271b1694dd359780638720045c631f19b0f,1032a7802cd946cebdb030652ec4fd8d1e0be857,15401419,1043845,14357574,Normal,NULL,NULL,0,NULL,0
1032a7802cd946cebdb030652ec4fd8d1e0be857,bd0bba249856bda5321a61721b6c5c7442e59aae,4,3,1,Document,NULL,NULL,0,NULL,0
90d45cddaeadc66e17f7538e9585e76b9465fec3,ee8e5385df2ed8105f5aae475c320dcec7004ba6,411317,411317,0,#,NULL,NULL,0,NULL,0
ee8e5385df2ed8105f5aae475c320dcec7004ba6,0b64f18607cbe30392b4dfe23dc0266ca3d922f0,2588,2588,0,#,NULL,NULL,0,NULL,0
0b64f18607cbe30392b4dfe23dc0266ca3d922f0,8cf50bd73382825c9651ec29c9aaad7f4aae8e00,2,2,0,#,NULL,NULL,0,NULL,0
8cf50bd73382825c9651ec29c9aaad7f4aae8e00,2038a528bf176d682b00cf307f32c11af686e280,0,0,0,#,NULL,NULL,0,NULL,0
2038a528bf176d682b00cf307f32c11af686e280,519752641467a94043a1014b3cd1ce37207e7ed2,0,0,0,#,NULL,NULL,0,NULL,0
519752641467a94043a1014b3cd1ce37207e7ed2,486d847fd7b4d9c547866f69d6e0b2f4f36c7795,139606,139606,0,#,NULL,NULL,0,NULL,0
486d847fd7b4d9c547866f69d6e0b2f4f36c7795,ede701f45bc4b082f2de5b42fb40e68bd1c9f3ea,8262,8262,0,#,NULL,NULL,0,NULL,0
ede701f45bc4b082f2de5b42fb40e68bd1c9f3ea,bd0bba249856bda5321a61721b6c5c7442e59aae,1000113,1000113,0,#,NULL,NULL,0,NULL,0
43fb6c8be9008949ba12cfdbb99a95324a5e3162,66a6d61a7f73e1b03f7b489db8aa54878951f16a,112,112,0,Normal,NULL,NULL,0,NULL,0
bd0bba249856bda5321a61721b6c5c7442e59aae,1d1030ec288b844ff514fe5135e705b799700501,2365,2365,0,Normal,NULL,NULL,0,NULL,0
66a6d61a7f73e1b03f7b489db8aa54878951f16a,1d1030ec288b844ff514fe5135e705b799700501,1000001,1000001,0,Normal,NULL,NULL,0,NULL,0
1d1030ec288b844ff514fe5135e705b799700501,b2e351ffd1e072c5952091c34dd6ab83fd620622,46,46,0,Normal,NULL,NULL,0,NULL,0
68c75f1c5d92e7a36efa79df4976a8ab7944d45e,b2e351ffd1e072c5952091c34dd6ab83fd620622,8262,8262,0,Normal,NULL,NULL,0,NULL,0
b2e351ffd1e072c5952091c34dd6ab83fd620622,34aaaa98a38e8dfddf87bc9086f4ee8a6acd7deb,6,5,1,Document,NULL,NULL,0,NULL,0
34aaaa98a38e8dfddf87bc9086f4ee8a6acd7deb,d10fb82647e0739d36ed43cced6bcaefd8c98eaa,1,1,0,Normal,NULL,NULL,0,NULL,0
d10fb82647e0739d36ed43cced6bcaefd8c98eaa,1d5183d834616f60eea53acca447e19ba2695410,16,15,1,Document,NULL,NULL,0,NULL,0
1d5183d834616f60eea53acca447e19ba2695410,8b4e1a4e852493276f427b0706aaa3f55cd97541,101,30,71,Document,NULL,NULL,71,NULL,1
8b4e1a4e852493276f427b0706aaa3f55cd97541,a7f9d8339cb4d903031ede79d2d73e14671e7049,102598,102598,0,Normal,NULL,NULL,0,NULL,0
a7f9d8339cb4d903031ede79d2d73e14671e7049,e5a00ce60e0fd866bcf023c613feda3169473d0c,1700,1700,0,Document,NULL,NULL,0,NULL,0
664b567805f3814664124777c7b3cfeda44d1ff7,155664bcce85e68a5ce333f90010a6fc063510bd,0,0,0,Normal,NULL,NULL,0,NULL,0
155664bcce85e68a5ce333f90010a6fc063510bd,0727f6efa812a62341310cd1861749590adea17a,1610,1610,0,Normal,NULL,NULL,0,NULL,0
8b235fb8a5511a0615112d37938a9d143dff1562,0727f6efa812a62341310cd1861749590adea17a,2,2,0,Normal,NULL,NULL,0,NULL,0
0727f6efa812a62341310cd1861749590adea17a,a52e63e4d5dcbe27e880d5bcc6bf0488f5791190,1,1,0,Document,NULL,NULL,0,NULL,0
a52e63e4d5dcbe27e880d5bcc6bf0488f5791190,5504f7483671f8e83200f3e4e38f921e0b879b23,101,30,71,Document,NULL,NULL,71,NULL,1
5504f7483671f8e83200f3e4e38f921e0b879b23,fe2b40dd840b3e99324d4e83eed50421687bcec7,89,89,0,Normal,NULL,NULL,0,NULL,0
e5a00ce60e0fd866bcf023c613feda3169473d0c,3bdab43348cbdfd98a709e4420030b6fa150ef19,101,71,30,Document,NULL,NULL,71,NULL,1
3bdab43348cbdfd98a709e4420030b6fa150ef19,fe2b40dd840b3e99324d4e83eed50421687bcec7,101,30,71,Document,NULL,NULL,71,NULL,1
47137336242d0dd69f141e92291ac8c8a686cb03,6ba1cc375185de484b10569b5f98299c81a47441,139606,139606,0,Normal,NULL,NULL,0,NULL,0
6ba1cc375185de484b10569b5f98299c81a47441,fe2b40dd840b3e99324d4e83eed50421687bcec7,0,0,0,Normal,NULL,NULL,0,NULL,0
492ab735996aaeb046e33439d771e1b577235049,c8f9315cbdb91ffde4472480858d080ce8ef13c2,376182,376171,11,Document,NULL,NULL,0,NULL,10
fe2b40dd840b3e99324d4e83eed50421687bcec7,cafd775959b1f30030f7f2b84b7d71738b0c2426,376120,376120,0,Normal,NULL,NULL,0,NULL,0
cafd775959b1f30030f7f2b84b7d71738b0c2426,44d69f467867c69b29416682b9129609f56d64af,2,2,0,Normal,NULL,NULL,0,NULL,0
44d69f467867c69b29416682b9129609f56d64af,3d2d40788715b65d1882f38ead4fa071839a7e9d,28,24,4,Normal,NULL,NULL,0,NULL,0
3d2d40788715b65d1882f38ead4fa071839a7e9d,549d3cc728dd68a810ab68a8b6af24b5e6984b4f,1,1,0,Document,NULL,NULL,0,NULL,0
9309803f3f7d5c1e0b2f26721c1ea7ef36eeb1c8,549d3cc728dd68a810ab68a8b6af24b5e6984b4f,2588,2588,0,Normal,NULL,NULL,0,NULL,0
4f42ae9ca9e1c37da2703301de7bb96ffe090daf,549d3cc728dd68a810ab68a8b6af24b5e6984b4f,411317,411317,0,Normal,NULL,NULL,0,NULL,0
549d3cc728dd68a810ab68a8b6af24b5e6984b4f,3343c9cc6cfbe857891f7dac17c610a5dd71d06c,2,1,1,Document,NULL,NULL,0,NULL,0
3343c9cc6cfbe857891f7dac17c610a5dd71d06c,f68e0819c97d23e51125d5f9caaf0fbd2864a027,9,5,4,Document,NULL,NULL,0,NULL,0
f68e0819c97d23e51125d5f9caaf0fbd2864a027,c9fb007c7dbca931c3bfd535238c8d5737e4ab4f,0,0,0,Normal,NULL,NULL,0,NULL,0
c9fb007c7dbca931c3bfd535238c8d5737e4ab4f,2d77ee371dedd11cc11c70a8de3259b917b72d73,3,3,0,Normal,NULL,NULL,0,NULL,0
2d77ee371dedd11cc11c70a8de3259b917b72d73,4425094f1b191d4de7d5864e917e9739a8a3a1dd,2,1,1,Document,NULL,NULL,0,NULL,0
4425094f1b191d4de7d5864e917e9739a8a3a1dd,232ce766d9c9e090128687571b28eed834c2f81e,1,0,1,Normal,NULL,NULL,0,NULL,0
232ce766d9c9e090128687571b28eed834c2f81e,103a049afec3eb6d514f6c0347a8b0e173627fa8,140,140,0,Document,NULL,NULL,0,NULL,10
103a049afec3eb6d514f6c0347a8b0e173627fa8,63282bf2cfabbc07a1052600c3c5987a85279d67,0,0,0,Document,NULL,NULL,0,NULL,10
63282bf2cfabbc07a1052600c3c5987a85279d67,a6dc96fe81d4ba4bd3c48e7349cb0a29b1acda23,1,0,1,Document,NULL,NULL,0,NULL,10
a6dc96fe81d4ba4bd3c48e7349cb0a29b1acda23,4a83f8edd777e01963dcf04476f08af73ee64e7f,135,0,135,Document,NULL,NULL,0,NULL,10
4a83f8edd777e01963dcf04476f08af73ee64e7f,a82d9bf532619ce25ed552564a15fcf4dc1e28bc,0,0,0,Document,NULL,NULL,0,NULL,0
a82d9bf532619ce25ed552564a15fcf4dc1e28bc,7690b959ecbaf89d1c28f95ea99616e25750449e,6,3,3,Document,NULL,NULL,0,NULL,0
7690b959ecbaf89d1c28f95ea99616e25750449e,70a2b58c5d6da115dbdc499f8e67ca6d8d73c8f1,4,0,4,Document,NULL,NULL,0,NULL,0
70a2b58c5d6da115dbdc499f8e67ca6d8d73c8f1,c90f845a8f065f9afede4492aba89f9fd6a4c6c6,0,0,0,Document,NULL,NULL,0,NULL,0
c90f845a8f065f9afede4492aba89f9fd6a4c6c6,49f1acb96c1d5e0bf412c3ba646585d674702708,0,0,0,Normal,NULL,NULL,0,NULL,0
49f1acb96c1d5e0bf412c3ba646585d674702708,b3ce2db2dd370ad6984e5288af748b00b2757412,1,1,0,Document,NULL,NULL,0,NULL,0
b3ce2db2dd370ad6984e5288af748b00b2757412,b58eb755f2d728c3878bb8999f9036243e01f915,2,2,0,Normal,NULL,NULL,0,NULL,0
b58eb755f2d728c3878bb8999f9036243e01f915,c8f9315cbdb91ffde4472480858d080ce8ef13c2,11,11,0,Normal,NULL,NULL,0,NULL,0
c8f9315cbdb91ffde4472480858d080ce8ef13c2,32591928bdf015f4c2f1406bb27f11323b4117aa,1,1,0,Document,NULL,NULL,0,NULL,0
32591928bdf015f4c2f1406bb27f11323b4117aa,fa2fd76540924cfb449822e0fad9d7c0bc24363d,332,332,0,Normal,NULL,NULL,0,NULL,0
fa2fd76540924cfb449822e0fad9d7c0bc24363d,4552e7a588cd699197d0edb271ed71323b94d08a,4,1,3,Normal,NULL,NULL,0,NULL,0
4552e7a588cd699197d0edb271ed71323b94d08a,4a11eb48b1d7513addac5038b4fb4840cb195721,1907,1907,0,Normal,NULL,NULL,0,NULL,0
4a11eb48b1d7513addac5038b4fb4840cb195721,6babb9ec9ad6f6b594380797b78b734500c1c453,6,6,0,Normal,NULL,NULL,0,NULL,0
d8fc4a59eda9042ffdfe1d93d8d3f3dcd10004a0,6babb9ec9ad6f6b594380797b78b734500c1c453,1907,1907,0,#,NULL,NULL,0,NULL,0
cde2f2de793501f1e707da37ff94fa70a3b5f3e7,6babb9ec9ad6f6b594380797b78b734500c1c453,1907,1907,0,Normal,NULL,NULL,0,NULL,0
6babb9ec9ad6f6b594380797b78b734500c1c453,f50231d90afeff9738d34d3041381ec44b6b202e,3,2,1,Document,NULL,NULL,0,NULL,0
f50231d90afeff9738d34d3041381ec44b6b202e,91f9d50b12d604d1da78d8b9e27a223f25db73f6,1111600,1111600,0,Normal,NULL,NULL,0,NULL,0
91f9d50b12d604d1da78d8b9e27a223f25db73f6,df0622ea7f566dd4c3fe5d5c326a42e8667f7691,3,2,1,#,NULL,NULL,0,NULL,0
df0622ea7f566dd4c3fe5d5c326a42e8667f7691,7f504f7c27709681fad04b9b831ea5bcbc77bb7f,64,64,0,#,NULL,NULL,0,NULL,0
7f504f7c27709681fad04b9b831ea5bcbc77bb7f,f1f512c541fe15e963287dc14b9664426825492d,5172,5172,0,#,NULL,NULL,0,NULL,0
fa8a4e3a2e5c99b67166f3bd15e91b0197b8b137,f1f512c541fe15e963287dc14b9664426825492d,5172,5172,0,Normal,NULL,NULL,0,NULL,0
8295de16800b4081757171adc33c62d6c48dab3b,f1f512c541fe15e963287dc14b9664426825492d,64,64,0,Normal,NULL,NULL,0,NULL,0
0dae1bf005d6f6ab3bcba1fef2ab068e7452f679,f1f512c541fe15e963287dc14b9664426825492d,3,2,1,fix,NULL,NULL,0,NULL,0
f1f512c541fe15e963287dc14b9664426825492d,null,0,0,0,null
424740cb9648f1968f765dfcaaa3086565d8e215,null,0,0,0,null
312e52462496be1bc55c765782465ce937dfa26a,null,0,0,0,null
1053114c0b182e65a7d882452a6ad0a4e5acaf60,null,0,0,0,null
18a02b63474cac628c998ab721995a7c8c104298,null,0,0,0,null
2cd5fc3a7f1977f4b6e252ce66df022174a14432,null,0,0,0,null
b47ad955ede40c79c9428586d7e54d45786245c6,null,0,0,0,null
22a501476ffb28c6a82c0d44068b3f83790ccbfe,null,0,0,0,null
c3fca504ae3084978dc8b2219609d5a770d40bf7,null,0,0,0,null
9fa9a5e34fd3ae9c5812f71a9cd11c7f719e1625,null,0,0,0,null
2ea652864c51c8a62534f8b8e362f77661238192,null,0,0,0,null
aaf7693aea2df782b390e3d3ade3966bf2eec4a9,null,0,0,0,null
84f0001241d720d90b0efb82196d5b8fa43817af,null,0,0,0,null
99ef24c0acd272003b4a92615cc1a81beeb7c009,null,0,0,0,null
061ccbde9fde9d14ca74e215d568b6dc6cc0dc67,null,0,0,0,null
8c76412dacf47825accc40cac5eff3fc5271e22a,null,0,0,0,null
261cb2c0e912f4ea585c03600fb01d817a100349,null,0,0,0,null
472ab129188711ed3ec421324712def83d4e31d2,null,0,0,0,null
525fe93f94b3fcececfdd3891c8649bcf159a09d,d1bdc1d65a2b7580b140ceb0780fc61da8d6d293,89,86,3,Normal,NULL,NULL,0,NULL,0
f658b4c283e01a8666d0c2bf9617d5f8d6c81f25,ea4dd6dfb0e1d196eda4a95b08a468afc6767abc,0,0,0,Normal,NULL,NULL,0,NULL,0
ea4dd6dfb0e1d196eda4a95b08a468afc6767abc,3f9855841c67ea82533b55f4c31162937e55e31f,0,0,0,Normal,NULL,NULL,0,NULL,0
3f9855841c67ea82533b55f4c31162937e55e31f,11fc75ad4f80567c3ce99e8e1280dea2374c89ff,25,25,0,Normal,NULL,NULL,0,NULL,0
2d8ad867e39f30677113fa701adcfc5e6b23d854,11fc75ad4f80567c3ce99e8e1280dea2374c89ff,11,11,0,Normal,NULL,NULL,0,NULL,0
11fc75ad4f80567c3ce99e8e1280dea2374c89ff,20b44ed8c70b96a8bb046d00d30ef975fe74b04e,3150,3000,150,#,NULL,NULL,0,NULL,0
20b44ed8c70b96a8bb046d00d30ef975fe74b04e,9cf7aa7343a5d545ff47a5cd30645f8753e514bd,10000,10000,0,#,NULL,NULL,0,NULL,0
9cf7aa7343a5d545ff47a5cd30645f8753e514bd,edb75b5be2232d6230c52e26cae2c0a383b7de62,4603062,4603062,0,#,NULL,NULL,0,NULL,0
edb75b5be2232d6230c52e26cae2c0a383b7de62,3f9bfc6519660d2621d6bb313f83c11732109954,43,43,0,Document,NULL,NULL,0,NULL,0
3f9bfc6519660d2621d6bb313f83c11732109954,9e5c7ad7baa215ef6f4a772bcc1f62710cfd4c09,2,1,1,Document,NULL,NULL,0,NULL,0
d1bdc1d65a2b7580b140ceb0780fc61da8d6d293,726901c9310eac410c19674c02f14ee24e73ceeb,2,2,0,Normal,NULL,NULL,0,NULL,0
726901c9310eac410c19674c02f14ee24e73ceeb,39802ff82f5d4a8d2124e3fbf0892cb238a30da1,26,26,0,Normal,NULL,NULL,0,NULL,0
39802ff82f5d4a8d2124e3fbf0892cb238a30da1,3570ebcd2fbcb5545da8799dbc8b60390dc06831,8,8,0,Document,NULL,NULL,0,NULL,0
3570ebcd2fbcb5545da8799dbc8b60390dc06831,9e5c7ad7baa215ef6f4a772bcc1f62710cfd4c09,7,7,0,Document,NULL,NULL,0,NULL,0
b95fcd60a4501c598df02ef44d76267c39731688,7ece44702e568d3701cb4439a9a24ecb4e76135f,0,0,0,Normal,NULL,NULL,0,NULL,0
ce9c9c395648dd6601395b0ff6dd17aa68172fbe,9e5c7ad7baa215ef6f4a772bcc1f62710cfd4c09,10000,10000,0,Normal,NULL,NULL,0,NULL,0
d39e9c0999f266d1eba15ea3c5d8aba246658d10,805e16340b8b0734ce4e09d6634a8d337a28b2c7,150,0,150,Normal,NULL,NULL,0,NULL,0
805e16340b8b0734ce4e09d6634a8d337a28b2c7,d98963d3a9661d33a9d943c351bbdbd079c7821a,1000,1000,0,Normal,NULL,NULL,0,NULL,0
d98963d3a9661d33a9d943c351bbdbd079c7821a,ce66fe29bf43117e5d68ad64199a6cf656d17111,1000,1000,0,Normal,NULL,NULL,0,NULL,0
ce66fe29bf43117e5d68ad64199a6cf656d17111,9e5c7ad7baa215ef6f4a772bcc1f62710cfd4c09,1000,1000,0,Normal,NULL,NULL,0,NULL,0
7ece44702e568d3701cb4439a9a24ecb4e76135f,7d360f46796a0f4c7714f39e11d877536d0cf437,3135920,3135920,0,Normal,NULL,NULL,0,NULL,0
9e5c7ad7baa215ef6f4a772bcc1f62710cfd4c09,73c85e7d640def82cae7f9d56da941acd2ba783f,2,1,1,Document,NULL,NULL,0,NULL,0
7d360f46796a0f4c7714f39e11d877536d0cf437,null,0,0,0,null
73c85e7d640def82cae7f9d56da941acd2ba783f,null,0,0,0,null
6fae683c4dee7022b75451eecaa2d6999fc79c49,null,0,0,0,null
f0683ecead8d76438f8dbd66dcd77cefb3c7a478,null,0,0,0,null
2eaeada47162c2a98fc00cbdbfcd66a8c7a44d62,null,0,0,0,null
13e3bbb40309cc3d1b7955fe456f1959e1fd6c52,null,0,0,0,null
de975f92ac22177930758791cef52793780251a9,null,0,0,0,null
96910294b0b67c6fb17c28aea1f566a44d284174,null,0,0,0,null
f765906f0aee84b95ccef811cd627fcf80a9e404,0109bf552973592761390ca2cadb442053fa3817,4,1,3,Document,NULL,NULL,0,NULL,0
0109bf552973592761390ca2cadb442053fa3817,aed900f4933c9133c79b2094b7c9e708a81c4832,4,2,2,Document,NULL,NULL,0,NULL,0
aed900f4933c9133c79b2094b7c9e708a81c4832,52692d54e3a8c8f01fbcacb9be08f61f9a4c7c70,2,1,1,Document,NULL,NULL,0,NULL,0
52692d54e3a8c8f01fbcacb9be08f61f9a4c7c70,09223dfb67513edc409e77c7460d9d01d73435f4,2,1,1,Document,NULL,NULL,0,NULL,0
09223dfb67513edc409e77c7460d9d01d73435f4,caf03db8c3b556f67fc73fa0bf50cb0445e30400,10,8,2,Document,NULL,NULL,0,NULL,0
caf03db8c3b556f67fc73fa0bf50cb0445e30400,e686654c3192223f471aaea2be393b3a01571483,6,5,1,Document,NULL,NULL,0,NULL,0
e686654c3192223f471aaea2be393b3a01571483,2a87902f79f05e9af373c535a7eb104d5533a8c1,0,0,0,Document,NULL,NULL,0,NULL,0
2a87902f79f05e9af373c535a7eb104d5533a8c1,35b2c4c1f250f8818bee60f0d25fe9cab4b729c3,1,0,1,Normal,NULL,NULL,0,NULL,0
35b2c4c1f250f8818bee60f0d25fe9cab4b729c3,null,0,0,0,null
691a4ce75c7ac9b8ecfaa149effb3d4a583f129f,null,0,0,0,null
4845842645df031bbe681aaaaabf483b1a4475f1,null,0,0,0,null
d8ef5caf6c31a7209a7942d1dc909131f385903b,null,0,0,0,null
61eff77c49867c549c1607436c25983370da4233,null,0,0,0,null
b50ae226abe77c8a524d375bcba71660f9175ffb,null,0,0,0,null
56e548b8c7a7833cf9217411850a6a24c735df7e,null,0,0,0,null
0932c87b6df7414d5f580ab77d296db14708e214,null,0,0,0,null
8398d3056d4ac22a9eb124d35f6842819be7d5a5,null,0,0,0,null
f7c91fcb6e8c1b2e8a8f0baa7d08fb67926bbf15,null,0,0,0,null
fa2f0529e322b4c42ed1925b1bcaaa47b0f83ef8,null,0,0,0,null
a5fcb22cd8518ebb31aab74f69f628fe48393b13,null,0,0,0,null
e99f140bff5a68d3ccd70c2c656c5f4ce87a1368,null,0,0,0,null
84fb88d30fd1f9aa389e536a9b81fe4c7afe0543,null,0,0,0,null
c1a65c7ae8d7b80bd5a02bf067949aab80aab1fc,null,0,0,0,null
7c2f724dc52af2660da7a771b97fc3b70f0f1f4f,null,0,0,0,null
b7f4b7d8279d6b66653b14df4286ed2da7be6bc9,null,0,0,0,null
a77a596dfd24bc0c9863ab1d711c645fab1ddefa,null,0,0,0,null
d70e19475909cbc0dff4af067dbff5c633af8349,null,0,0,0,null
e0450fd29d150f58ed4ce9e2e557a29ae38e0bea,null,0,0,0,null
9dc0d15475506bccc14c2a615a18538965de1d08,null,0,0,0,null
551cbe602ef23d388b893e571d65c6297bbb17c0,null,0,0,0,null
f2c9bd799cac944d50c7c4fdb3df93f3a347dd95,7d4d70db5a9a3934d807f363b9ac0a5401d1bad3,14,14,0,Normal,NULL,NULL,0,NULL,0
7d4d70db5a9a3934d807f363b9ac0a5401d1bad3,ac1b879536c275a504b6f5c65780c98501b5d4e6,2,2,0,Document,NULL,NULL,0,NULL,0
ac1b879536c275a504b6f5c65780c98501b5d4e6,b9581e8feeef83ece49a411208b791fa2973d285,25,25,0,Normal,NULL,NULL,0,NULL,0
b9581e8feeef83ece49a411208b791fa2973d285,20ce2d2f2d49df0b036e8c1100cdbacc7819ae32,11,11,0,Normal,NULL,NULL,0,NULL,0
cc5d54146d9525b7710139288e41c077747cd730,20ce2d2f2d49df0b036e8c1100cdbacc7819ae32,2,2,0,Document,NULL,NULL,0,NULL,0
20ce2d2f2d49df0b036e8c1100cdbacc7819ae32,e3ac09ed1c0381742d9302f09c7dae0f2f7e43ac,1,1,0,Document,NULL,NULL,0,NULL,0
e3ac09ed1c0381742d9302f09c7dae0f2f7e43ac,c8bfe0c7c8997cd25f00b26ad24651bbc4a3bc98,120562,120561,1,Document,NULL,NULL,1308,NULL,5
c8bfe0c7c8997cd25f00b26ad24651bbc4a3bc98,f4e07bebc0d179bb1b2fbbb13ca9fe547177301e,2280,2280,0,Normal,NULL,NULL,0,NULL,0
53d4fca98b764fedf940d9c791fbbbbfe33b2c8c,96b3dee15c91ffebf22916f5db0f11b22c07df14,2,1,1,Document,NULL,NULL,0,NULL,0
96b3dee15c91ffebf22916f5db0f11b22c07df14,1574930a758c4f777db5fc6f71954d9a9ae96659,4,4,0,Document,NULL,NULL,0,NULL,0
1574930a758c4f777db5fc6f71954d9a9ae96659,03d5620f5dd8702eb39850d98216754285026756,4001,3541,460,Document,NULL,NULL,1308,NULL,5
03d5620f5dd8702eb39850d98216754285026756,0e3255e3592cc27d4313b586aa23fd4a4375a9cd,115070,115070,0,Document,NULL,NULL,0,NULL,0
0e3255e3592cc27d4313b586aa23fd4a4375a9cd,951ea38c6590ff9a67983e6c9e434d7c2fe85eca,10,5,5,Normal,NULL,NULL,0,NULL,0
951ea38c6590ff9a67983e6c9e434d7c2fe85eca,b258cbf37c38e427fb8ca3b32722a50881aefead,713,713,0,Normal,NULL,NULL,0,NULL,0
b258cbf37c38e427fb8ca3b32722a50881aefead,026561d2267de26c7ef2f282e07d87603bae8f1c,1617,1617,0,Format,NULL,NULL,0,NULL,0
026561d2267de26c7ef2f282e07d87603bae8f1c,e0e9382ea4a64d5524b9f2f1c4d6b418f19c30b4,75,75,0,Normal,NULL,NULL,0,NULL,0
e0e9382ea4a64d5524b9f2f1c4d6b418f19c30b4,d4f558be884e7b7f7714c9d10b5eb072f4faee65,110,110,0,Normal,NULL,NULL,0,NULL,0
d4f558be884e7b7f7714c9d10b5eb072f4faee65,38ea38d9c5c8c01e24b8f6c9251e708eee8497c5,110,0,110,Normal,NULL,NULL,0,NULL,0
38ea38d9c5c8c01e24b8f6c9251e708eee8497c5,a2181239c98e8dc1acd703ada4c1b5951adcc672,110,110,0,Normal,NULL,NULL,0,NULL,0
a2181239c98e8dc1acd703ada4c1b5951adcc672,f4e07bebc0d179bb1b2fbbb13ca9fe547177301e,110,0,110,Normal,NULL,NULL,0,NULL,0
f4e07bebc0d179bb1b2fbbb13ca9fe547177301e,6bfd61a70f09a1bd9c668147e96579a3e4846866,2,0,2,Normal,NULL,NULL,0,NULL,0
6bfd61a70f09a1bd9c668147e96579a3e4846866,a4becc457661ea37c9b71df946273a71fd896e83,1057,1057,0,Normal,NULL,NULL,0,NULL,0
a4becc457661ea37c9b71df946273a71fd896e83,5c29b1121a30257c540f33e35cfd800ac30ba897,1,0,1,Normal,NULL,NULL,0,NULL,0
5c29b1121a30257c540f33e35cfd800ac30ba897,845aa6a48185d43a990b4c99a9ed9f38075a459e,0,0,0,Normal,NULL,NULL,0,NULL,0
845aa6a48185d43a990b4c99a9ed9f38075a459e,93c0c04582fb2580144bb37436adb47c3203b487,110,110,0,Normal,NULL,NULL,0,NULL,0
93c0c04582fb2580144bb37436adb47c3203b487,b9e6418c489583244c486f2ee1f8b77f08fea339,4755,4755,0,Normal,NULL,NULL,0,NULL,0
7a45990b376890e458b777b95a250f35d71b91c2,b9e6418c489583244c486f2ee1f8b77f08fea339,110,110,0,Normal,NULL,NULL,0,NULL,0
b9e6418c489583244c486f2ee1f8b77f08fea339,6f52e9bd4a689f82ad7d9760d644f87ec8ade91e,824124,824123,1,Document,NULL,NULL,0,NULL,5
6f52e9bd4a689f82ad7d9760d644f87ec8ade91e,57bb66deb3cdc8f74ed3dcf359180205e207ef65,6,0,6,Normal,NULL,NULL,0,NULL,0
57bb66deb3cdc8f74ed3dcf359180205e207ef65,bfdcb934c2f71445a8b1ec7714f5e1026ee0ead6,0,0,0,Normal,NULL,NULL,0,NULL,0
bfdcb934c2f71445a8b1ec7714f5e1026ee0ead6,null,0,0,0,null
90c26a255858f5950bc19ad7ad7b04a996785a25,null,0,0,0,null
c6491fc63588da29034195970a64d05f6630e33b,null,0,0,0,null
d81158faa8fab7b68757969d2d2c2d0fbd528a10,null,0,0,0,null
9bffc2b267dd53aa283dfb87c70ef342d0646280,null,0,0,0,null
c07f14476f8862e3741c6943151a9b026726f765,null,0,0,0,null
17edbec257de6e2e90edc341c410c7331b7f3726,null,0,0,0,null
48fc0db5fe9eb55a3276dea1342af45def5fc7cc,null,0,0,0,null
32f31a0990407808e2cebd9f895e1ec9871fe90f,null,0,0,0,null
feb2367d11f3ee78f9f336a121ee803744c92411,null,0,0,0,null
0588ecaa0200737688a46ee0ed7eb5d0e32c6815,null,0,0,0,null
7d438cdd1543990d4f3b2fb44656b711fea108f7,null,0,0,0,null
00e49dae3dbef1323b73495cc992044d85986903,null,0,0,0,null
3d05b3fe5a5ca77b042b0b52dea117e2c7cb0870,null,0,0,0,null
207dbe71f02982031b347242f1c89fd6be0aa631,null,0,0,0,null
3ccbcaf92cd88bbcd836efe29b8468378a422383,null,0,0,0,null
9be0bbd3c83b35e413d9b7adc3c3c428fd486180,null,0,0,0,null
a56d4043c86b02b8c1df78303b4adf7eadaaa730,null,0,0,0,null
