db5c28f4a010b4161d507d5304e28a7ebf211638,a584afcc5e7a3e5e1ddf3d4abb7123bfff3791a8,2,1,1,fix #,ISSUE,BUG,2,NULL,1
10e062b72c10eb2ec2f6879481735688472f0fe2,a584afcc5e7a3e5e1ddf3d4abb7123bfff3791a8,2,1,1,fix,NULL,NULL,2,NULL,1
a584afcc5e7a3e5e1ddf3d4abb7123bfff3791a8,8cc89de5e71daf84051859616891d3320d88a9e8,4,2,2,fix #,ISSUE,NULL,4,NULL,1
c990361e61467c4f4a7ff4f08d3cd6d7c6cd784d,8cc89de5e71daf84051859616891d3320d88a9e8,4,2,2,#,ISSUE,NULL,4,NULL,1
8cc89de5e71daf84051859616891d3320d88a9e8,4471f18306f66cce4218db28d047afa27df65cfd,2,1,1,Normal,NULL,NULL,0,NULL,0
4471f18306f66cce4218db28d047afa27df65cfd,4ebf0e28a0cd10b33ddbd2bc36ad733e174a913e,6,3,3,fix #,ISSUE,BUG,6,NULL,2
4ebf0e28a0cd10b33ddbd2bc36ad733e174a913e,9d35ba5c30785eca9ece38da936fda3e8e70a24f,12,6,6,Document,NULL,NULL,0,NULL,0
9d35ba5c30785eca9ece38da936fda3e8e70a24f,3a84d580b4485fa9911a73689fd5d1d881ea34c0,12,7,5,Document,ISSUE,NULL,0,REFACTOR,0
3a84d580b4485fa9911a73689fd5d1d881ea34c0,b60d7b726bf25a84cc0cbafb89f5c79b2afa0395,3,2,1,Document,NULL,NULL,0,NULL,0
b60d7b726bf25a84cc0cbafb89f5c79b2afa0395,81e99a2de72335d138e80c04ea9886cfd760dcda,11,9,2,Document,NULL,NULL,0,NULL,0
81e99a2de72335d138e80c04ea9886cfd760dcda,b47916e58d54f8b3abc74bda47f57815720668e4,2,1,1,#,NULL,NULL,0,NULL,0
b47916e58d54f8b3abc74bda47f57815720668e4,c8ad5abed7a9a08f76a42d7c0d6f0417973ac87c,49,49,0,#,NULL,NULL,49,NULL,2
08724f1d045d6f39623e9f560de6c76b73ea1a1e,c8ad5abed7a9a08f76a42d7c0d6f0417973ac87c,49,49,0,Normal,NULL,NULL,49,NULL,2
c8ad5abed7a9a08f76a42d7c0d6f0417973ac87c,3cbc6ed222422a28400e470050f14928a153207e,2,1,1,Document,ISSUE,NULL,0,NULL,0
80ea8bea913e9e538be14002e2ec27ef08d19af5,3cbc6ed222422a28400e470050f14928a153207e,2,1,1,Document,NULL,NULL,0,NULL,0
0280e19933ad5ce7ec4e0305c8d418bcfec6b7a9,3cbc6ed222422a28400e470050f14928a153207e,8,4,4,Document,NULL,NULL,0,NULL,0
5c98a43086da3e17ae1686b16f2cfb84f6d4a936,3cbc6ed222422a28400e470050f14928a153207e,2,1,1,Normal,NULL,NULL,0,NULL,0
c0b2f1d8859410f644770765ff29f45bd02c49e1,3cbc6ed222422a28400e470050f14928a153207e,10,6,4,Document,NULL,NULL,0,NULL,0
f4f73766c317b6ea5f89e67c6a96de39235722ed,3cbc6ed222422a28400e470050f14928a153207e,6,3,3,Normal,NULL,NULL,6,NULL,2
3cbc6ed222422a28400e470050f14928a153207e,751a3dc5c4d86ec3e97c9f27133ef9694d9243cc,6,3,3,#,NULL,NULL,0,NULL,0
2b4e1d891723213cb12bbe2db2585ee3c006f84d,751a3dc5c4d86ec3e97c9f27133ef9694d9243cc,6,3,3,Normal,NULL,NULL,0,NULL,0
863ae4de0907e3f209ea26dfeefd2d24379b5a96,751a3dc5c4d86ec3e97c9f27133ef9694d9243cc,11,9,2,Document,NULL,NULL,0,NULL,0
751a3dc5c4d86ec3e97c9f27133ef9694d9243cc,8f99a86fafdb3da755e4db9e9bcdace9f87b5a14,19,18,1,fix #,ISSUE,BUG,19,NULL,2
4c178c9417ba8205eb499a98ad39005377b8ba52,8f99a86fafdb3da755e4db9e9bcdace9f87b5a14,19,18,1,Normal,NULL,NULL,19,NULL,2
8f99a86fafdb3da755e4db9e9bcdace9f87b5a14,92bdbbc8ff44abceca24ac46440ddf349c15c038,13,2,11,Document,NULL,NULL,0,NULL,0
92bdbbc8ff44abceca24ac46440ddf349c15c038,614266b88e7c6de88f890cbdb2bbc7e52930073a,11,5,6,Document,NULL,NULL,0,NULL,0
614266b88e7c6de88f890cbdb2bbc7e52930073a,d9a5a28782d30e9f4e20176caea58a1d459f2c71,1,1,0,Document,NULL,NULL,0,NULL,0
d9a5a28782d30e9f4e20176caea58a1d459f2c71,7b51d12fc09a2d4875bb1039e04ac1eace9060fe,2,1,1,Normal,NULL,NULL,0,NULL,0
7b51d12fc09a2d4875bb1039e04ac1eace9060fe,8b647d977842e9458a0e97c3e95c440ecc07a13e,80,76,4,Comment,ISSUE,BUG,80,NULL,2
228173540a2c7ef25e06f81c5d8b9883ed15e7d4,8b647d977842e9458a0e97c3e95c440ecc07a13e,80,76,4,Normal,ISSUE,NULL,80,NULL,2
8b647d977842e9458a0e97c3e95c440ecc07a13e,357876943ab0594696e4869be7c49e0db618af38,292,149,143,Document,ISSUE,BUG,281,NULL,2
d12732a53e5c9da25e26a6d9260642258ca26713,357876943ab0594696e4869be7c49e0db618af38,292,149,143,Document,NULL,NULL,281,NULL,2
357876943ab0594696e4869be7c49e0db618af38,c0cea6d928ce58887b8e199fe9e003431d2750e6,2,1,1,#,NULL,NULL,2,NULL,1
e37800260c286c6415c9bb4e9a4835e15827e0f0,c0cea6d928ce58887b8e199fe9e003431d2750e6,2,1,1,Normal,NULL,NULL,2,NULL,1
c0cea6d928ce58887b8e199fe9e003431d2750e6,0ad3ee6dc2d0aaa832a80041a1e09bf394e99802,5,5,0,Document,ISSUE,NULL,0,NULL,0
580e635692b06514a15dd64504f4e3f1432373c9,0ad3ee6dc2d0aaa832a80041a1e09bf394e99802,5,5,0,Document,ISSUE,NULL,0,NULL,0
0ad3ee6dc2d0aaa832a80041a1e09bf394e99802,17131e3bcf29351bc6b7bc641eb6abc2126ad30c,1,0,1,fix #,ISSUE,BUG,1,NULL,1
4453d6011e591d0b651b31e546df00f158d3eacb,17131e3bcf29351bc6b7bc641eb6abc2126ad30c,1,0,1,Normal,NULL,NULL,1,NULL,1
17131e3bcf29351bc6b7bc641eb6abc2126ad30c,0089eb57a08a4d3d1c6ea5b6e14dc6bae13c9f0d,2,1,1,Document,NULL,NULL,0,NULL,0
5a3eefca4f86bab6439e7acbb9c8be5c187d6965,0089eb57a08a4d3d1c6ea5b6e14dc6bae13c9f0d,2,1,1,Document,NULL,NULL,0,NULL,0
0089eb57a08a4d3d1c6ea5b6e14dc6bae13c9f0d,23ac51e73be7ffdfb770499f09b47a5afe98f357,5,3,2,Document,NULL,NULL,0,NULL,0
23ac51e73be7ffdfb770499f09b47a5afe98f357,d751608afad65f3a4b56bbdc648cf5983d2ba29a,2,2,0,#,NULL,NULL,0,NULL,0
2cf0af0225f46042784c6ff42f93d6ee0241ffdb,d751608afad65f3a4b56bbdc648cf5983d2ba29a,2,2,0,Normal,NULL,NULL,0,NULL,0
d751608afad65f3a4b56bbdc648cf5983d2ba29a,f34a6a8d3aa885e8bfc278dc8d360a49c50e80f5,5,4,1,Document,NULL,NULL,0,NULL,0
f34a6a8d3aa885e8bfc278dc8d360a49c50e80f5,65ab61eae03d670b93a9044ad2328eb81aa1bde5,2,1,1,Document,NULL,NULL,0,NULL,0
65ab61eae03d670b93a9044ad2328eb81aa1bde5,513c8f832645626f60e8441955ceb339d89d0c23,2,1,1,fix #,ISSUE,NULL,2,NULL,1
d825c150c7557c512e376f8c25f24f592ddc522c,1569430bb92bf887b3505add84f53d41d038ff8c,2,1,1,Normal,NULL,NULL,2,NULL,1
513c8f832645626f60e8441955ceb339d89d0c23,f9361860792c6f807889a6e7e8e2a519a48a3d24,6,3,3,#,NULL,NULL,6,NULL,1
8bc98730f5c5830f862c10002acce1844ce9918b,f9361860792c6f807889a6e7e8e2a519a48a3d24,6,3,3,Normal,NULL,NULL,6,NULL,1
f9361860792c6f807889a6e7e8e2a519a48a3d24,1569430bb92bf887b3505add84f53d41d038ff8c,10,5,5,#,NULL,NULL,0,NULL,0
c57cd620f53cae6a6f06de3beff859f9d2935265,1569430bb92bf887b3505add84f53d41d038ff8c,10,5,5,Normal,NULL,NULL,0,NULL,0
1569430bb92bf887b3505add84f53d41d038ff8c,33b16e073667a3408b6a1e8c464614fbb731041a,4,2,2,#,NULL,NULL,0,NULL,0
94dc06eaf43db6b3c56d602559df7e95c0771077,33b16e073667a3408b6a1e8c464614fbb731041a,4,2,2,Normal,NULL,NULL,0,NULL,0
33b16e073667a3408b6a1e8c464614fbb731041a,2248aa9b05fb3d36321064248bcc304c7cad4db8,2,1,1,Normal,NULL,NULL,0,NULL,0
2248aa9b05fb3d36321064248bcc304c7cad4db8,41f26f1b2af312f131a63eee4ebf70173b0a27f1,15,7,8,fix,NULL,NULL,15,NULL,1
41f26f1b2af312f131a63eee4ebf70173b0a27f1,b12c3f7ec68d8814b50444cfe142fd0a056557f9,11,10,1,fix #,ISSUE,NULL,11,NULL,1
7c37f0f765f032f9ff2ec0753c0a2c13a2edb694,b12c3f7ec68d8814b50444cfe142fd0a056557f9,11,10,1,#,ISSUE,NULL,11,NULL,1
6a047803d3dd63e88dfcb53ac20728b1b35e1faa,b12c3f7ec68d8814b50444cfe142fd0a056557f9,2,1,1,Document,NULL,NULL,0,NULL,0
b12c3f7ec68d8814b50444cfe142fd0a056557f9,fa1cd6a2e5e7320308408aaf6458a69ab3ebdd74,3,1,2,Document,NULL,NULL,0,NULL,0
32cca6be5a04988512825dce422f2548d4fb4ac8,fa1cd6a2e5e7320308408aaf6458a69ab3ebdd74,3,1,2,Document,NULL,NULL,0,NULL,0
fa1cd6a2e5e7320308408aaf6458a69ab3ebdd74,5b076f1af253779e227cfab5440785e5727b99aa,2,1,1,Document,ISSUE,NULL,0,NULL,0
5b076f1af253779e227cfab5440785e5727b99aa,9687a224d823d065508adf093c3bb79d56d2e2bc,6,6,0,Document,NULL,NULL,0,NULL,0
ed80a4483aafbbb8e9d6d6447c4ae5bcb6be459f,9687a224d823d065508adf093c3bb79d56d2e2bc,6,6,0,Document,NULL,NULL,0,NULL,0
9687a224d823d065508adf093c3bb79d56d2e2bc,104ef44a9fc8a8dfe66fef5f8e8deb4567f3dc7c,14,7,7,fix #,ISSUE,BUG,14,NULL,2
48deddc85f95cd62cbe8af199c94d84d66e8d482,104ef44a9fc8a8dfe66fef5f8e8deb4567f3dc7c,14,7,7,Normal,NULL,NULL,14,NULL,2
104ef44a9fc8a8dfe66fef5f8e8deb4567f3dc7c,e1fe655f264a514b9defeda6c23af2278bbc3b60,15,14,1,fix #,ISSUE,BUG,15,NULL,2
87c8ffb25154f3eea27bdf3f19d912b4107e482e,e1fe655f264a514b9defeda6c23af2278bbc3b60,15,14,1,Normal,NULL,NULL,15,NULL,2
e1fe655f264a514b9defeda6c23af2278bbc3b60,9a5a3e5dcbe3a2eea045351a5f23e8ee1f945eb1,20,19,1,fix #,ISSUE,BUG,20,NULL,2
57b585341067595415abe9931e793e3ade6b497d,ca8daadca6d188383b2a6c5a88c88090aa3ae401,20,19,1,#,ISSUE,NULL,20,NULL,2
9a5a3e5dcbe3a2eea045351a5f23e8ee1f945eb1,ca8daadca6d188383b2a6c5a88c88090aa3ae401,17,17,0,fix #,ISSUE,BUG,17,NULL,2
393c94d0e64c60a351bb5116661cb8465ec92cb6,ca8daadca6d188383b2a6c5a88c88090aa3ae401,17,17,0,Normal,NULL,NULL,17,NULL,2
ca8daadca6d188383b2a6c5a88c88090aa3ae401,268a8d77e176d33816030cb89235b6e5dfc9cc2d,3,0,3,#,NULL,NULL,0,NULL,0
60cbfa4264c33a6029a532f68d3b3adb6f390fe5,268a8d77e176d33816030cb89235b6e5dfc9cc2d,3,0,3,Normal,NULL,NULL,0,NULL,0
268a8d77e176d33816030cb89235b6e5dfc9cc2d,374ca3b947f54b7e09192d000fc728c8e0d9606a,56,19,37,fix,NULL,NULL,56,NULL,2
374ca3b947f54b7e09192d000fc728c8e0d9606a,2735d2400aab84e5c26bc1c854478d5fbc27cff9,8,6,2,Document,NULL,NULL,0,NULL,0
2735d2400aab84e5c26bc1c854478d5fbc27cff9,06a5451288ffddd204b10fa6c6f9ab2b86dd515d,237,107,130,#,NULL,NULL,226,NULL,2
616210dfbf88f3790afb0f59fc86e586917d40a1,06a5451288ffddd204b10fa6c6f9ab2b86dd515d,237,107,130,Normal,NULL,NULL,226,NULL,2
06a5451288ffddd204b10fa6c6f9ab2b86dd515d,5e419ac8a699726407485751440c22e978a99de3,31,8,23,Document,NULL,NULL,0,NULL,0
5e419ac8a699726407485751440c22e978a99de3,cdafd57a87c9553fd8c51a9a49034666a2ffaa9c,29,25,4,Format,NULL,NULL,0,NULL,0
cdafd57a87c9553fd8c51a9a49034666a2ffaa9c,cf1731350b0d677476a786f17732b80dc6494c3a,10,1,9,fix #,ISSUE,NULL,10,NULL,1
cee172e26560743c23d4f86d2680999c1cc351f9,8d33f7042a2e2601a6d0c4db7325967ede999b14,10,1,9,fix,NULL,NULL,10,NULL,1
cf1731350b0d677476a786f17732b80dc6494c3a,36d7d9e9801a58a47860324a8ddf6256141623de,1,1,0,#,NULL,NULL,0,NULL,0
8d33f7042a2e2601a6d0c4db7325967ede999b14,36d7d9e9801a58a47860324a8ddf6256141623de,1,1,0,Normal,NULL,NULL,0,NULL,0
36d7d9e9801a58a47860324a8ddf6256141623de,33c03fbdeaf5f8a7a5cf0ad88b33c95eba43e7a3,7,0,7,Normal,NULL,NULL,0,NULL,0
33c03fbdeaf5f8a7a5cf0ad88b33c95eba43e7a3,a30e84e28fbaf14909d2d007249c24cd0ecd425e,2,1,1,#,NULL,NULL,2,NULL,1
39fb8bbcd37c4b9ba0c210cd04ebadcdf104faca,a30e84e28fbaf14909d2d007249c24cd0ecd425e,2,1,1,Normal,NULL,NULL,2,NULL,1
9a9b9f8b1ab03607e8d3329904d74f3b4e3d287f,a30e84e28fbaf14909d2d007249c24cd0ecd425e,29,25,4,Document,NULL,NULL,0,NULL,0
a30e84e28fbaf14909d2d007249c24cd0ecd425e,d385a5a27619b846b4959f421aa92c3d81b7bab8,6,3,3,fix,NULL,NULL,0,NULL,0
d385a5a27619b846b4959f421aa92c3d81b7bab8,e83f8f9d133dbf9b0254c2874f9c5c6287a3a8e0,6,3,3,Normal,NULL,NULL,0,NULL,0
e83f8f9d133dbf9b0254c2874f9c5c6287a3a8e0,fcd4ab8a66bf057a676470b34caf544587204504,4,4,0,Normal,NULL,NULL,0,NULL,0
fcd4ab8a66bf057a676470b34caf544587204504,9dc61c57418f4a82ba3fe8906de9615d946c0102,1,1,0,#,NULL,NULL,0,NULL,0
9dc61c57418f4a82ba3fe8906de9615d946c0102,91653aacc36f47e8d3a07c8607e885af5ec1d43a,2,1,1,Document,NULL,NULL,0,NULL,0
37c810f2f2a494ddb91e365a65d7381386bb09b8,93743429e205e2bafcfcf37c7840021d3ebfb53e,2,2,0,Normal,NULL,NULL,0,NULL,0
91653aacc36f47e8d3a07c8607e885af5ec1d43a,93743429e205e2bafcfcf37c7840021d3ebfb53e,783,44,739,#,NULL,NULL,109,NULL,2
953ddb7728f4fa8f069e54f19b1f953d05849a32,fd5723ea792aa7724d694f09996fabaf5c012eff,783,44,739,Normal,NULL,NULL,109,NULL,2
93743429e205e2bafcfcf37c7840021d3ebfb53e,fd5723ea792aa7724d694f09996fabaf5c012eff,46,25,21,Document,NULL,NULL,0,NULL,0
fd5723ea792aa7724d694f09996fabaf5c012eff,99c73b42fadcb9e3aaf8cea4173e5cadbdd170d0,134,67,67,Normal,NULL,NULL,0,NULL,0
99c73b42fadcb9e3aaf8cea4173e5cadbdd170d0,7c3221bbbeecbec9aa5c04cd7cc10e9684de0eb4,2,1,1,Document,NULL,NULL,0,NULL,0
829a78fee73bfb18cbf209fb06f76efc4144cdd5,7c3221bbbeecbec9aa5c04cd7cc10e9684de0eb4,2,1,1,Document,NULL,NULL,0,NULL,0
7c3221bbbeecbec9aa5c04cd7cc10e9684de0eb4,55af1133a3f1c82925e089393bf72b02abc98fb2,0,0,0,Normal,NULL,NULL,0,NULL,0
55af1133a3f1c82925e089393bf72b02abc98fb2,cff6881c93791edbfef88928ca6b1dfcf60d3273,2,1,1,fix #,ISSUE,BUG,2,NULL,1
31384faed44f3f302512e576d3f3d8e5b42cd279,cff6881c93791edbfef88928ca6b1dfcf60d3273,2,1,1,Normal,NULL,NULL,2,NULL,1
cff6881c93791edbfef88928ca6b1dfcf60d3273,4acbeb63d1019482f53cbce1937e40b74dd9b71f,6,3,3,Document,NULL,NULL,0,NULL,0
4acbeb63d1019482f53cbce1937e40b74dd9b71f,6db1a02449c82f5d7957c5be9d43389306b7468e,26,19,7,Document,NULL,NULL,0,NULL,0
6db1a02449c82f5d7957c5be9d43389306b7468e,aea51354c70e1244d887c54a12e49cd6aa41beb4,5,5,0,#,NULL,NULL,5,NULL,1
aea51354c70e1244d887c54a12e49cd6aa41beb4,75c9f23c4122caf4ea3e87a42a00b471366e707f,20,20,0,#,NULL,NULL,20,NULL,2
d4e40f1b11590dce2b2ad82b785d176d676e3e8c,75c9f23c4122caf4ea3e87a42a00b471366e707f,20,20,0,Normal,NULL,NULL,20,NULL,2
75c9f23c4122caf4ea3e87a42a00b471366e707f,c9b42a7296a5f9aa2a1f7a15bb731c0de1d80786,150,75,75,#,NULL,NULL,0,NULL,0
c9b42a7296a5f9aa2a1f7a15bb731c0de1d80786,11ce3d1d91c8b35ee98341472281a9c96f296e78,1,1,0,fix #,ISSUE,NULL,1,NULL,1
818d2728966c65ec6fca80c4eb3dd1322ef4f32f,36d2c4f7d491ff996b87c2e342d1bc46c9d097e8,0,0,0,Normal,NULL,NULL,0,NULL,0
36d2c4f7d491ff996b87c2e342d1bc46c9d097e8,11ce3d1d91c8b35ee98341472281a9c96f296e78,1,1,0,Normal,NULL,NULL,1,NULL,1
11ce3d1d91c8b35ee98341472281a9c96f296e78,2f5104765152d51b501de452a83153ac0b1492df,1,1,0,#,NULL,NULL,1,NULL,1
2f5104765152d51b501de452a83153ac0b1492df,5b8828ceebc3acca166c262c7d4a6702a4f7dbbc,2,1,1,fix #,ISSUE,NULL,2,NULL,1
5b8828ceebc3acca166c262c7d4a6702a4f7dbbc,25c69666af27e4f55f87c32b8c6c83290e2a8f03,1,1,0,#,NULL,NULL,0,NULL,0
25c69666af27e4f55f87c32b8c6c83290e2a8f03,08f1cc3c085d8e1a465c86dafea18a2a54ca0741,0,0,0,Normal,NULL,NULL,0,NULL,0
08f1cc3c085d8e1a465c86dafea18a2a54ca0741,9d536e6208e79cfb7afdefc8e142e0a420fc428d,84,44,40,Normal,NULL,NULL,0,NULL,0
9d536e6208e79cfb7afdefc8e142e0a420fc428d,8b47da017f006efc6557bccd1b3fffae5fa15e02,304,256,48,Document,NULL,NULL,0,NULL,0
7b4434464be6eecea73412403ed2b22ea8f36707,8b47da017f006efc6557bccd1b3fffae5fa15e02,304,256,48,Document,NULL,NULL,0,NULL,0
8b47da017f006efc6557bccd1b3fffae5fa15e02,fad68eb1a64668ea2f06525475bce61950bc3a40,0,0,0,Normal,NULL,NULL,0,NULL,0
fad68eb1a64668ea2f06525475bce61950bc3a40,e91360db7e91fa302ea21050bf85a7c4c1423b5f,2,1,1,#,NULL,NULL,2,NULL,1
df955411398239dec7cdfe3d770968a87ec85f74,68eaf90b3b81c4193e74753740e52441069e1b6b,2,1,1,Normal,NULL,NULL,2,NULL,1
e91360db7e91fa302ea21050bf85a7c4c1423b5f,c12239b8298074a2c0bebe08364d53061465da2d,35,34,1,#,NULL,NULL,35,NULL,2
68eaf90b3b81c4193e74753740e52441069e1b6b,c12239b8298074a2c0bebe08364d53061465da2d,35,34,1,Normal,NULL,NULL,35,NULL,2
c12239b8298074a2c0bebe08364d53061465da2d,3ebd52cee0c997d4e4c5e2fb5f10ee9de0e3fc46,31,17,14,#,NULL,NULL,0,NULL,0
8d99d0dd4dfa9ecbb065f9e59091f60832f4fa2e,3ebd52cee0c997d4e4c5e2fb5f10ee9de0e3fc46,31,17,14,Normal,NULL,NULL,0,NULL,0
a9f76dc675acff6a361946460fa643914b30886f,3ebd52cee0c997d4e4c5e2fb5f10ee9de0e3fc46,2,1,1,Normal,NULL,NULL,2,NULL,1
2c5709dc3c64c66850530b730ea1c9d5bc1b4d25,ad874a7545f77c6e79e96341daaabeec1a64b394,5,5,0,Normal,NULL,NULL,5,NULL,1
343bf4a257b60a77ad3091a28673e9f67613e315,0a7325254061062b8e8d9aba8bd801b4f8fc7a46,1,1,0,Normal,NULL,NULL,0,NULL,0
3ebd52cee0c997d4e4c5e2fb5f10ee9de0e3fc46,1eb47f0cf09a30f7195e56c3e945607473bedf26,2,1,1,#,NULL,NULL,2,REFACTOR,1
ad874a7545f77c6e79e96341daaabeec1a64b394,1eb47f0cf09a30f7195e56c3e945607473bedf26,2,1,1,Normal,NULL,NULL,2,NULL,1
1eb47f0cf09a30f7195e56c3e945607473bedf26,102d466be56fe3d095c93124142bd4cd647aee32,0,0,0,Normal,NULL,NULL,0,NULL,0
102d466be56fe3d095c93124142bd4cd647aee32,ab0a4307ab6f8ef4019b83f62e179803d9d1002c,208,110,98,#,NULL,NULL,0,NULL,0
ab0a4307ab6f8ef4019b83f62e179803d9d1002c,0311a8950449aede3f582788f2948704526434cc,2,1,1,#,ISSUE,NULL,2,NULL,1
0a7325254061062b8e8d9aba8bd801b4f8fc7a46,0311a8950449aede3f582788f2948704526434cc,2,1,1,Normal,NULL,NULL,2,NULL,1
0311a8950449aede3f582788f2948704526434cc,344444f75ca6b36c23ded36b25e48682ebe0c078,2,1,1,Normal,NULL,NULL,0,NULL,0
344444f75ca6b36c23ded36b25e48682ebe0c078,36b8fef6e78bda9200b952e714ed75b35ec94b9b,10,5,5,#,NULL,NULL,0,NULL,0
89de650ce0946b8f3dcb0273752a8093c5c27e0b,36b8fef6e78bda9200b952e714ed75b35ec94b9b,10,5,5,Normal,NULL,NULL,0,NULL,0
36b8fef6e78bda9200b952e714ed75b35ec94b9b,70c036b3ffe33521b95b8223bf062ae007da619f,1,1,0,fix #,ISSUE,BUG,1,NULL,1
70c036b3ffe33521b95b8223bf062ae007da619f,7e87fd73ffd644ba0fe6c7ac01a9e1abd4105d99,2,1,1,Document,ISSUE,NULL,0,NULL,0
62a8cee23059b43ecd0992f3dd8a491297343ce1,7e87fd73ffd644ba0fe6c7ac01a9e1abd4105d99,2,1,1,Document,ISSUE,NULL,0,NULL,0
fa7284b4ea25e9886e0b3dd4f5145535a555c25f,7e87fd73ffd644ba0fe6c7ac01a9e1abd4105d99,1,1,0,Normal,NULL,NULL,1,NULL,1
7e87fd73ffd644ba0fe6c7ac01a9e1abd4105d99,991e08bfdcf270579884142a507ff1e6eefa7fda,0,0,0,Normal,NULL,NULL,0,NULL,0
991e08bfdcf270579884142a507ff1e6eefa7fda,f2940f9c7c1f409159f5e9f512e575946c5cff48,474,394,80,fix #,ISSUE,NULL,12,NULL,2
80a00219191751db4dea4a81d044bfa6226b2238,f078c01f5bb8b82057b4734c9c79c7bba2a1b9df,8,8,0,Normal,NULL,NULL,0,NULL,0
f078c01f5bb8b82057b4734c9c79c7bba2a1b9df,ab7626907b1fd08a6a8c7baf3217c28dcbf66b28,452,380,72,Normal,NULL,NULL,0,NULL,0
ab7626907b1fd08a6a8c7baf3217c28dcbf66b28,f2940f9c7c1f409159f5e9f512e575946c5cff48,14,6,8,fix,NULL,NULL,12,NULL,2
f2940f9c7c1f409159f5e9f512e575946c5cff48,5e98b8fae308c1c4a6803f23270c86d49930c09a,0,0,0,Normal,NULL,NULL,0,NULL,0
5e98b8fae308c1c4a6803f23270c86d49930c09a,6685f83d77075fa655b0fe25a408a8dbfcc330c3,9,6,3,#,NULL,NULL,9,NULL,1
6685f83d77075fa655b0fe25a408a8dbfcc330c3,e1c3306617e350ac17e7631166fd3fd7d689e8ea,33,27,6,fix #,ISSUE,NULL,33,NULL,2
b060d79a03f9ba5af038318df8f481fc23f090e3,e1c3306617e350ac17e7631166fd3fd7d689e8ea,9,6,3,Normal,NULL,NULL,9,NULL,1
186e7a12e86fffa78e773c2b45aba4d8e5177fd2,6c663aca4362e448461e25357c78d0647e377e25,19,19,0,Normal,NULL,NULL,19,NULL,1
6c663aca4362e448461e25357c78d0647e377e25,e1c3306617e350ac17e7631166fd3fd7d689e8ea,14,8,6,Normal,NULL,NULL,14,NULL,1
e1c3306617e350ac17e7631166fd3fd7d689e8ea,4c192d55a62fb0e7c4362301e376db00df5ea809,0,0,0,Normal,NULL,NULL,0,NULL,0
4c192d55a62fb0e7c4362301e376db00df5ea809,1d72f22b21b37a8d38ea48e17b34c3afc73dfc46,50,48,2,Comment,ISSUE,NULL,50,NULL,2
3ae1a8c4be622cd991f9adc22d552e8f6d664e42,c05e1f0dc3d7dae340f285a45e38e4e910e2b1ee,29,27,2,Normal,NULL,NULL,29,NULL,2
c05e1f0dc3d7dae340f285a45e38e4e910e2b1ee,1d72f22b21b37a8d38ea48e17b34c3afc73dfc46,21,21,0,Normal,NULL,NULL,21,NULL,2
1d72f22b21b37a8d38ea48e17b34c3afc73dfc46,2101cfc2069d87a69e22ff91923aedb9182815da,34,16,18,Normal,NULL,NULL,0,NULL,0
2101cfc2069d87a69e22ff91923aedb9182815da,6d26279344736f6983a969e46afef082ebf30a67,2,1,1,fix #,ISSUE,NULL,2,NULL,1
d1344097d09cd352f7ed43eb71373618345373c4,6d26279344736f6983a969e46afef082ebf30a67,2,1,1,Normal,NULL,NULL,2,NULL,1
6d26279344736f6983a969e46afef082ebf30a67,5f7fd00c7f1c47a66e552f636450ff883e02cf33,54,45,9,fix #,ISSUE,NULL,54,NULL,2
b207ffcbde82dcfa7e84737942636f4d56a1d665,5f7fd00c7f1c47a66e552f636450ff883e02cf33,54,45,9,Normal,NULL,NULL,54,NULL,2
5f7fd00c7f1c47a66e552f636450ff883e02cf33,ba1ff09af161f4c99aacecd92e092e33767fa29f,15,8,7,Normal,NULL,NULL,0,NULL,0
ba1ff09af161f4c99aacecd92e092e33767fa29f,df14259688c7d6f1d366aa073a589695d2b9f451,18,15,3,fix #,ISSUE,NULL,18,NULL,2
699b563ea8ccd037bdf421c6747039f724f6c4e3,3b8148578676844cfb6b35ac998c64ce5be96dae,10,10,0,Normal,NULL,NULL,10,NULL,1
3b8148578676844cfb6b35ac998c64ce5be96dae,df14259688c7d6f1d366aa073a589695d2b9f451,8,5,3,Normal,NULL,NULL,8,NULL,1
df14259688c7d6f1d366aa073a589695d2b9f451,c2ea8d9a6682d14482e57ede2371001b8a5238d2,58,34,24,Comment,ISSUE,BUG,0,NULL,0
f8bcc3c56c36ea2840930f3b551b2d35946c567d,244e4c298e8578513aac86108d474a334f296bbe,36,23,13,#,NULL,NULL,0,NULL,0
244e4c298e8578513aac86108d474a334f296bbe,c2ea8d9a6682d14482e57ede2371001b8a5238d2,50,25,25,fix #,ISSUE,NULL,0,NULL,0
c2ea8d9a6682d14482e57ede2371001b8a5238d2,bd1d133871040d054f0ee35c9879e058655ae86e,1,0,1,#,NULL,NULL,0,NULL,0
bd1d133871040d054f0ee35c9879e058655ae86e,200dfa161e02cb72d82a6f056ac1eff04d3528b9,0,0,0,Normal,NULL,NULL,0,NULL,0
200dfa161e02cb72d82a6f056ac1eff04d3528b9,0c4c574b825378d9b2d74c382678e7c97cd0583b,11,10,1,fix #,ISSUE,NULL,11,NULL,1
0c4c574b825378d9b2d74c382678e7c97cd0583b,09cb5594df7174d030d86f0c607235b1b80df429,1,0,1,#,NULL,NULL,1,NULL,1
09cb5594df7174d030d86f0c607235b1b80df429,b1e5611edfff95a4872ae6ffc2501dd818b57223,1,1,0,#,NULL,NULL,0,NULL,0
20a64e61237636f5f674c937dc0761136bdd4ca6,b1e5611edfff95a4872ae6ffc2501dd818b57223,1,1,0,Normal,NULL,NULL,0,NULL,0
5da05f5ac9e3a340199c5bd862bac0bf3165f6c1,35209eb7e789402583f1e6984ade155813afb02c,12,10,2,fix,NULL,NULL,12,NULL,1
35209eb7e789402583f1e6984ade155813afb02c,ec3330757a25c34cdb578d6f0aaebe1ee263b08c,44,20,24,fix,NULL,NULL,10,NULL,2
83259b843eb2f86341af568e08aac883e1583b12,b1e5611edfff95a4872ae6ffc2501dd818b57223,1,0,1,Normal,NULL,NULL,1,NULL,1
b1e5611edfff95a4872ae6ffc2501dd818b57223,4e25eca53c88db21d2f1796dc37b3a2f5b4a1f12,2,1,1,#,NULL,NULL,2,NULL,1
f0d6027748ae6ebc4d7fe9c468bd285f147b7a36,4e25eca53c88db21d2f1796dc37b3a2f5b4a1f12,2,1,1,Normal,NULL,NULL,2,NULL,1
4e25eca53c88db21d2f1796dc37b3a2f5b4a1f12,f518d5cf807adc21133a8fb709458be02f4ac26b,40,18,22,fix #,ISSUE,NULL,6,NULL,1
437edb9e0014ee7458d0b6f99931806d90040a04,cda7c1f898aa0195eeca71a575ea6daa102dec85,40,18,22,Normal,NULL,NULL,6,NULL,1
f518d5cf807adc21133a8fb709458be02f4ac26b,73a9aac419bc1020fb7d7802e620e5bba489b041,2,1,1,#,NULL,NULL,2,NULL,1
cda7c1f898aa0195eeca71a575ea6daa102dec85,73a9aac419bc1020fb7d7802e620e5bba489b041,2,1,1,Normal,NULL,NULL,2,NULL,1
ec3330757a25c34cdb578d6f0aaebe1ee263b08c,f757aea5e357a5e3ebbabcf4b1e92ecc1f299d9b,2,1,1,Normal,NULL,NULL,2,NULL,1
f757aea5e357a5e3ebbabcf4b1e92ecc1f299d9b,73a9aac419bc1020fb7d7802e620e5bba489b041,2,1,1,fix,NULL,NULL,2,NULL,1
73a9aac419bc1020fb7d7802e620e5bba489b041,c65d65155c540b49c10935e89dcb0c189165a20c,44,23,21,Normal,NULL,NULL,0,NULL,0
c65d65155c540b49c10935e89dcb0c189165a20c,78a24d2981027eb142f35c13b1e7a73672a7a036,7,6,1,Format,ISSUE,NULL,7,NULL,1
aab31c411781e9110f4db19c1b07cfad5c71ecb6,78a24d2981027eb142f35c13b1e7a73672a7a036,7,6,1,Normal,NULL,NULL,7,NULL,1
78a24d2981027eb142f35c13b1e7a73672a7a036,9f65ec3c7a9e9b3af148bc360b1235a4221b2658,0,0,0,Normal,NULL,NULL,0,NULL,0
9f65ec3c7a9e9b3af148bc360b1235a4221b2658,d98d8ef33e5bc61fc7dd249ba5b0ba97d22a1620,2,1,1,#,NULL,NULL,2,NULL,1
da8e06af7c71649740937c007d822358b76636f8,d98d8ef33e5bc61fc7dd249ba5b0ba97d22a1620,2,1,1,Normal,NULL,NULL,2,NULL,1
d98d8ef33e5bc61fc7dd249ba5b0ba97d22a1620,983dc0ca736e58b6df04b4adba86056208f63179,3,0,3,fix,NULL,NULL,3,NULL,1
983dc0ca736e58b6df04b4adba86056208f63179,afac9e9dc9138a85c031a1b14582ec6fd313ec40,2,1,1,fix #,ISSUE,NULL,2,NULL,1
afac9e9dc9138a85c031a1b14582ec6fd313ec40,4de943268d397e990a32c53219c6dad3f10e8e7e,3,3,0,#,NULL,NULL,3,NULL,1
4de943268d397e990a32c53219c6dad3f10e8e7e,0fdf7fe60e1e87b2b126886295e32054ccd02dc5,10,9,1,fix #,ISSUE,BUG,10,NULL,1
a10349f2781daabfe3dfe807dc5c3f421c201305,0fdf7fe60e1e87b2b126886295e32054ccd02dc5,2,1,1,fix,ISSUE,NULL,2,NULL,1
e4c067e820a74dd083d668c731a90efd34da69c3,0fdf7fe60e1e87b2b126886295e32054ccd02dc5,3,3,0,Normal,NULL,NULL,3,NULL,1
f476e56b64dcf8c3f654768d8a8017d012761fda,0fdf7fe60e1e87b2b126886295e32054ccd02dc5,10,9,1,fix,ISSUE,BUG,10,NULL,1
0fdf7fe60e1e87b2b126886295e32054ccd02dc5,fa2ef3bab5aadd1978daf006074e05410ee65061,8,6,2,Normal,NULL,NULL,0,NULL,0
fa2ef3bab5aadd1978daf006074e05410ee65061,62b15e39d1a662b13a23d5b2da3969efaac18182,92,49,43,fix #,ISSUE,NULL,70,NULL,2
fe4152d8970acb46a6bb82adbbc74e4963f94321,62b15e39d1a662b13a23d5b2da3969efaac18182,92,49,43,Normal,NULL,NULL,70,NULL,2
62b15e39d1a662b13a23d5b2da3969efaac18182,512d1f2a63f28fbc35794ed7119457a3c4ae98c7,7,7,0,Normal,NULL,NULL,0,NULL,0
512d1f2a63f28fbc35794ed7119457a3c4ae98c7,06a690efb405693809fc239c026514d133da899f,8,4,4,Document,NULL,NULL,3,NULL,1
06a690efb405693809fc239c026514d133da899f,547c1d2ce48dbd779ae6c6b8ada342e812c89a1f,6,1,5,Normal,NULL,NULL,6,NULL,1
547c1d2ce48dbd779ae6c6b8ada342e812c89a1f,ea1858d3ef1b0d77fc61ce7278abf04eb5a9ee87,2,1,1,Document,NULL,NULL,0,NULL,1
ea1858d3ef1b0d77fc61ce7278abf04eb5a9ee87,96c8999ec7fead53bc0e3834dbd6d2c38dde4b8f,6,3,3,Normal,NULL,NULL,2,NULL,2
96c8999ec7fead53bc0e3834dbd6d2c38dde4b8f,1cda47ebf1b5afaead6ce597b0935e76afe5d80f,126,61,65,fix,NULL,NULL,126,NULL,1
1cda47ebf1b5afaead6ce597b0935e76afe5d80f,6fec6ef89630658e81d54dfe23125fac85492b00,205,131,74,Document,NULL,NULL,40,NULL,4
6fec6ef89630658e81d54dfe23125fac85492b00,2c649367eb44f0254ac0f73db1b9014ad94e9804,77,26,51,fix,NULL,NULL,77,NULL,2
2c649367eb44f0254ac0f73db1b9014ad94e9804,a7ed5276275db4f2ac04cb2d9a50536ecaf15de5,0,0,0,Document,NULL,NULL,0,NULL,0
a7ed5276275db4f2ac04cb2d9a50536ecaf15de5,5ecceb7c28a428fb93f283982cc4f5edfd96630b,370,268,102,Comment,ISSUE,NULL,338,NULL,5
5ecceb7c28a428fb93f283982cc4f5edfd96630b,dd59ba9ac4e7b7476987c07befe3e90cff0bd714,15,7,8,fix #,ISSUE,BUG,1,NULL,1
61278b957aca82c7cd329a4902fa11ed952dec5e,dd59ba9ac4e7b7476987c07befe3e90cff0bd714,15,7,8,Normal,NULL,NULL,1,NULL,1
dd59ba9ac4e7b7476987c07befe3e90cff0bd714,9909e2e5c7435318f00f73a80807136827bc1343,2,1,1,Document,ISSUE,NULL,0,NULL,0
6d8e80f179972f9105230169682de2d2db31f83e,9909e2e5c7435318f00f73a80807136827bc1343,2,1,1,Document,ISSUE,NULL,0,NULL,0
9909e2e5c7435318f00f73a80807136827bc1343,903f52758ad5eb43183ee4a43d2d0ab7fa38ec17,14,7,7,#,NULL,NULL,0,NULL,0
b966bcbd7220bc5cbfe0d323e22499aa022a6c75,903f52758ad5eb43183ee4a43d2d0ab7fa38ec17,14,7,7,Normal,NULL,NULL,0,NULL,0
903f52758ad5eb43183ee4a43d2d0ab7fa38ec17,0b873a8617209553a67cbcb87bc84088580d1b89,2,1,1,fix #,ISSUE,BUG,2,NULL,1
2d31862c8d7d02a8094cfd56d1c2f8c4982186a3,64c63e4b0e951be1fc9d0484605650c3fbdfd126,2,1,1,fix,NULL,NULL,2,NULL,1
0b873a8617209553a67cbcb87bc84088580d1b89,aefd2df012a3d02a80ee5b1fac42e578cc3641dc,0,0,0,Normal,NULL,NULL,0,NULL,0
aefd2df012a3d02a80ee5b1fac42e578cc3641dc,97e47f0bfdf6fe0544d66348d9bbe3c7270e05b6,4,4,0,#,NULL,NULL,4,NULL,1
64c63e4b0e951be1fc9d0484605650c3fbdfd126,97e47f0bfdf6fe0544d66348d9bbe3c7270e05b6,4,4,0,Normal,NULL,NULL,4,NULL,1
97e47f0bfdf6fe0544d66348d9bbe3c7270e05b6,f7d41a0d0a15c86ab8b0bd164c43b8d96e1b25f1,13,8,5,fix #,ISSUE,BUG,13,NULL,1
eb2fd70ff5adbebaf6ffb74976985045a16b3c87,f7d41a0d0a15c86ab8b0bd164c43b8d96e1b25f1,13,8,5,fix,ISSUE,BUG,13,NULL,1
f7d41a0d0a15c86ab8b0bd164c43b8d96e1b25f1,0218d1b39724fe32b035da2d82493d9e555aad81,0,0,0,Normal,NULL,NULL,0,NULL,0
0218d1b39724fe32b035da2d82493d9e555aad81,fdf97327860c366cf6155bdd89848a8f31750639,20,17,3,fix #,ISSUE,NULL,20,NULL,1
fdf97327860c366cf6155bdd89848a8f31750639,95c0f08b22ab19271398a39cf578807b77964dc6,14,7,7,Normal,NULL,NULL,0,NULL,0
b218d179780fc5cee722c9cb25b60c0558454341,95c0f08b22ab19271398a39cf578807b77964dc6,350,268,82,Document,NULL,NULL,318,NULL,5
95c0f08b22ab19271398a39cf578807b77964dc6,e5da2432b3f907c69c7ba38fe2c92264b98a3754,2,1,1,#,NULL,NULL,2,NULL,1
d4489902486a9f06f5bd6d7ac1df0e9ade25ab6e,e5da2432b3f907c69c7ba38fe2c92264b98a3754,2,1,1,Normal,NULL,NULL,2,NULL,1
cd09d7235807957277450ceb69425c40d33ec5eb,bda7be05adf363db524a400492d50ad810b364df,5,3,2,Normal,NULL,NULL,5,NULL,1
bda7be05adf363db524a400492d50ad810b364df,e5da2432b3f907c69c7ba38fe2c92264b98a3754,21,17,4,Normal,NULL,NULL,21,NULL,1
e5da2432b3f907c69c7ba38fe2c92264b98a3754,7ddbdbc4511290cac96b2b9bdc6a2992eebb5a9e,4,3,1,#,NULL,NULL,4,NULL,1
7ddbdbc4511290cac96b2b9bdc6a2992eebb5a9e,8915292cade210a955e531e2ea3cba11b07009f2,43,32,11,Normal,NULL,NULL,15,NULL,2
8915292cade210a955e531e2ea3cba11b07009f2,a338a651ee67a3c38a465274b3b3d9f692eb285a,2,1,1,fix #,ISSUE,NULL,2,NULL,1
ee0831180d98e19bc80e3af8ed47f1513bc8ae1d,72dff637aab1a8cd938425a676c1b8349b64e37a,2,1,1,fix,NULL,NULL,2,NULL,1
a338a651ee67a3c38a465274b3b3d9f692eb285a,f803926152b6ee01e386930f677b26c1dda734be,4,2,2,#,NULL,NULL,4,NULL,1
f803926152b6ee01e386930f677b26c1dda734be,0e1de4674b21474de13e11b4cb39352e6265954f,8,4,4,Normal,NULL,NULL,0,NULL,0
72dff637aab1a8cd938425a676c1b8349b64e37a,0e1de4674b21474de13e11b4cb39352e6265954f,4,2,2,Normal,NULL,NULL,4,NULL,1
09f00f42b70450d655e39b4eac070a5922aeb4b1,0e1de4674b21474de13e11b4cb39352e6265954f,4,3,1,Normal,NULL,NULL,4,NULL,1
0e1de4674b21474de13e11b4cb39352e6265954f,9b206f2f5904e4d14bee964213064861e8cffccf,2,1,1,Document,NULL,NULL,0,NULL,0
9b206f2f5904e4d14bee964213064861e8cffccf,650e1dd6192cdc7aa9d01999e657039532e6d4e7,2,0,2,Normal,NULL,NULL,0,NULL,0
c4aec5731a617b45e5829e56a1ac631e5d25b585,650e1dd6192cdc7aa9d01999e657039532e6d4e7,2,1,1,Document,NULL,NULL,0,NULL,0
650e1dd6192cdc7aa9d01999e657039532e6d4e7,55a15296a6c5750c00b1dcba43009dd1a8bd7f36,16,9,7,fix #,ISSUE,BUG,10,NULL,1
1d3371e77151fccd407d26d5272a7ac1a0c0774c,de5423d1e2036c7252f6fcc79e790fa98d46b998,0,0,0,Normal,NULL,NULL,0,NULL,0
de5423d1e2036c7252f6fcc79e790fa98d46b998,13a1ad552877c1c40cd5c66764e8ea89ef86e4fd,6,3,3,Normal,NULL,NULL,0,NULL,0
13a1ad552877c1c40cd5c66764e8ea89ef86e4fd,55a15296a6c5750c00b1dcba43009dd1a8bd7f36,10,6,4,fix #,ISSUE,NULL,10,NULL,1
55a15296a6c5750c00b1dcba43009dd1a8bd7f36,ba46fe1685eac247471a0a5ec8e8828f873034cb,0,0,0,Normal,NULL,NULL,0,NULL,0
ba46fe1685eac247471a0a5ec8e8828f873034cb,3e048a3bc7e3c0c96f8e3d4a7d55b45691524624,18,18,0,#,NULL,NULL,18,NULL,1
3e048a3bc7e3c0c96f8e3d4a7d55b45691524624,63f57ab4e2a022277d690e57a6cdc77e018f99e7,6,3,3,Normal,NULL,NULL,0,NULL,0
43c3b550933944c26958069731722caed377a89e,63f57ab4e2a022277d690e57a6cdc77e018f99e7,18,18,0,Normal,NULL,NULL,18,NULL,1
63f57ab4e2a022277d690e57a6cdc77e018f99e7,bba8ce35591be3bc1661d599c68ef71d934945c7,22,16,6,#,NULL,NULL,10,NULL,1
61c3a7af16a627a3bf6b18ffb5b95ff9f0576bc6,88c56c309ef10bb392f07592d65a2422312bedba,0,0,0,Normal,NULL,NULL,0,NULL,0
88c56c309ef10bb392f07592d65a2422312bedba,36cdc033bb7a0b1a0cada26d3f31f09477688882,10,10,0,Normal,NULL,NULL,10,NULL,1
36cdc033bb7a0b1a0cada26d3f31f09477688882,a91676ab9c93088941ccc28b7ad26adb434e9aaa,10,9,1,Normal,NULL,NULL,10,NULL,2
a91676ab9c93088941ccc28b7ad26adb434e9aaa,32bb1013d525ccf5ad832607ed922d0bb7e71d64,2,1,1,Normal,NULL,NULL,0,NULL,0
32bb1013d525ccf5ad832607ed922d0bb7e71d64,90eb3134051f0bd2ca8c5b1a93c82f0274706376,14,7,7,Normal,NULL,NULL,0,NULL,0
bba8ce35591be3bc1661d599c68ef71d934945c7,90eb3134051f0bd2ca8c5b1a93c82f0274706376,18,13,5,fix #,ISSUE,BUG,10,NULL,2
598e99d88cb1ae66f8d423ab9f5f016226045029,342549f9cc310b8de1b78f1dda89a3f2cbd58ec0,2,1,1,fix,NULL,NULL,2,NULL,1
342549f9cc310b8de1b78f1dda89a3f2cbd58ec0,baf4ebfaf0e209fac776ce4aa7d7fdadeff431b7,8,4,4,Normal,NULL,NULL,0,NULL,0
baf4ebfaf0e209fac776ce4aa7d7fdadeff431b7,fb75610ba15b418ee1d12f0157d5385cda68be39,0,0,0,Normal,NULL,NULL,0,NULL,0
fb75610ba15b418ee1d12f0157d5385cda68be39,90eb3134051f0bd2ca8c5b1a93c82f0274706376,8,8,0,Normal,NULL,NULL,8,NULL,1
90eb3134051f0bd2ca8c5b1a93c82f0274706376,a1207659c5ceb74322eb8b1b2ae491c489355fe9,0,0,0,Normal,NULL,NULL,0,NULL,0
a1207659c5ceb74322eb8b1b2ae491c489355fe9,6accf2a29e90ee80c04dc2947ec3e65e4119490c,2,1,1,fix,NULL,NULL,2,NULL,1
6accf2a29e90ee80c04dc2947ec3e65e4119490c,ed254876e17b75f4a5bd17e2e76a26b02e05283e,12,6,6,Normal,NULL,NULL,0,NULL,0
ed254876e17b75f4a5bd17e2e76a26b02e05283e,7c223fecc2c0400aacca82d5f68d073aead938c2,6,3,3,Normal,NULL,NULL,4,NULL,1
7c223fecc2c0400aacca82d5f68d073aead938c2,e12026a439e231066f8820c579097ce82dafb117,230,8,222,fix,ISSUE,NULL,230,NULL,3
e12026a439e231066f8820c579097ce82dafb117,950ede3ca87ef8cd6c6b0798917570290da9ee39,230,222,8,fix,ISSUE,NULL,230,NULL,3
950ede3ca87ef8cd6c6b0798917570290da9ee39,b222fdb47daab8f6271a75411cfed1be748583c7,230,8,222,Normal,NULL,NULL,230,NULL,3
b222fdb47daab8f6271a75411cfed1be748583c7,9588bc0c39e85c4f96b1cc47375097d7ec9e4a85,230,222,8,Normal,NULL,NULL,230,NULL,3
9588bc0c39e85c4f96b1cc47375097d7ec9e4a85,7b70e96f88d8d4f753a65eb38b3fbf1bd8614297,2,0,2,#,NULL,NULL,2,NULL,1
7b70e96f88d8d4f753a65eb38b3fbf1bd8614297,d897cf9489b76efb4fecf845e136445a60d6b3c8,0,0,0,Normal,NULL,NULL,0,NULL,0
d897cf9489b76efb4fecf845e136445a60d6b3c8,0ed3eed9b16d305508c25715771bba841be39da2,10,5,5,Normal,NULL,NULL,0,NULL,0
0ed3eed9b16d305508c25715771bba841be39da2,12c9919c48b05216d680ff25fa55943106d2dc0e,0,0,0,fix,NULL,NULL,0,NULL,0
12c9919c48b05216d680ff25fa55943106d2dc0e,5583ce5296ebad22e535f911c99a6d21f5c69406,6,3,3,Document,ISSUE,NULL,0,NULL,0
f2f1a2217fdea93d4935571a923c4d4ff0ce2bd9,bc1fda1260a4031e33c05ebf79f4e2319d1fad0f,2,1,1,Normal,NULL,NULL,2,NULL,1
5583ce5296ebad22e535f911c99a6d21f5c69406,488e9dc13d1de4c83d63e7b9c612695b0065c85f,1,1,0,Normal,NULL,NULL,1,NULL,1
488e9dc13d1de4c83d63e7b9c612695b0065c85f,40fbba39fce3ea89c8a5e89242e1b94605046ca6,108,58,50,Normal,NULL,NULL,58,NULL,3
40fbba39fce3ea89c8a5e89242e1b94605046ca6,7119a4164a3005003139b6792d2d38c67e77d2b5,6,3,3,fix,NULL,NULL,6,NULL,2
7119a4164a3005003139b6792d2d38c67e77d2b5,613fa0c029eb771eefa00eb2751e78881c833f79,1,1,0,Normal,NULL,NULL,0,NULL,0
613fa0c029eb771eefa00eb2751e78881c833f79,28da702ba4663642f83630427ff9a1aca53b05db,2,1,1,fix,NULL,NULL,2,NULL,1
08071c77f8b6b626ecfe3146fd040f99d4cf52dd,28da702ba4663642f83630427ff9a1aca53b05db,6,3,3,Normal,NULL,NULL,6,NULL,2
28da702ba4663642f83630427ff9a1aca53b05db,bc1fda1260a4031e33c05ebf79f4e2319d1fad0f,8,4,4,Normal,NULL,NULL,8,NULL,2
bc1fda1260a4031e33c05ebf79f4e2319d1fad0f,a205ed1f294c8a6f292bf007fde383b9dfff1c33,20,10,10,Normal,NULL,NULL,20,NULL,2
a205ed1f294c8a6f292bf007fde383b9dfff1c33,57ce5c7085e2e8ba0d1f76d7cdf88ab5ae8effc6,2,1,1,Normal,NULL,NULL,2,NULL,1
57ce5c7085e2e8ba0d1f76d7cdf88ab5ae8effc6,0449af222d5fb362247da1be820a1e15964c6163,12,6,6,Normal,NULL,NULL,12,NULL,2
0449af222d5fb362247da1be820a1e15964c6163,6e85fbf96b2181472229ae0a2b913d22b1d9cec3,10,5,5,Normal,NULL,NULL,10,NULL,3
6e85fbf96b2181472229ae0a2b913d22b1d9cec3,2a69d90b4977c91fdde5308c952ccd9742a170e8,20,20,0,Normal,NULL,NULL,0,NULL,0
2a69d90b4977c91fdde5308c952ccd9742a170e8,e8ae1bab290860dfea0cac3672b928f98c2bea3b,21,1,20,Normal,NULL,NULL,21,NULL,1
e8ae1bab290860dfea0cac3672b928f98c2bea3b,54287f4d2695f33d44afa00bb58dbd1628bafc8a,156,75,81,fix,NULL,NULL,156,NULL,3
54287f4d2695f33d44afa00bb58dbd1628bafc8a,05445f15caae3fa84d840f7a3ae5c0bcebe255b7,2,1,1,Document,ISSUE,NULL,0,NULL,0
05445f15caae3fa84d840f7a3ae5c0bcebe255b7,null,348,348,0,Document,NULL,NULL,248,NULL,4
