seanlinsley,688886,User,915
gregbell,719,User,883
timoschilling,165599,User,601
pcreux,45299,User,336
deivid-rodriguez,2887858,User,334
mattvague,64985,User,206
Fivell,120269,User,148
varyonic,780081,User,86
javierjulio,198547,User,83
jpmckinney,26463,User,76
macfanatic,162970,User,57
shekibobo,293858,User,36
jancel,157374,User,34
samvincent,57775,User,20
ccallebs,397982,User,19
felixbuenemann,909587,User,13
tinynumbers,1790173,User,13
amiel,27160,User,13
fabiokr,21800,User,12
zorab47,25094,User,12
chumakoff,4020700,User,11
jeremyruppel,251146,User,10
parndt,10128,User,9
brennovich,379894,User,8
petergoldstein,421488,User,8
davydovanton,1147484,User,8
dmitry,5091,User,7
ebeigarts,8155,User,7
nicolas-simplex,751154,User,7
dlackty,14349,User,7
strivedi183,3402149,User,7
TimPetricola,674084,User,7
quark-zju,445459,User,7
mindhalt,517798,User,7
samuelreh,128012,User,7
romansklenar,153201,User,7
quainjn,447498,User,6
marcomd,194608,User,6
damrbaby,237580,User,6
yagudaev,1386966,User,6
mperham,2911,User,6
rogerkk,97647,User,6
tricknotes,290782,User,6
doabit,330368,User,6
iamdeuterium,451401,User,6
whatthewhat,411554,User,6
WilliamZang,3470209,User,6
agrobbin,46724,User,5
ahx,8669,User,5
craigmcnamara,71831,User,5
dkubb,133,User,5
ball-hayden,1596233,User,5
jmgarnier,8051,User,5
jbhannah,179194,User,5
nathancarnes,13486,User,5
roshats,434466,User,5
comboy,23470,User,5
dtaniwaki,1162120,User,5
bolshakov,991265,User,5
orendon,1316543,User,5
knu,10236,User,4
alex-bogomolov,19406564,User,4
merqlove,18354,User,4
andreychernih,131281,User,4
DawidJanczak,1292568,User,4
Fire-Dragon-DoL,1329559,User,4
francois-ferrandis,6357692,User,4
ilyakatz,282514,User,4
johnnyshields,27655,User,4
yorch,60499,User,4
kennethkalmer,8756,User,4
kieranklaassen,209089,User,4
mateusg,82270,User,4
mauriciopasquier,142792,User,4
mauriciozaffari,26127,User,4
LTe,160962,User,4
pranas,91422,User,4
scarver2,2336088,User,4
tanraya,201753,User,4
fabien-michel,1167556,User,4
acconrad,422184,User,4
stereoscott,172409,User,4
AlexVPopov,3239252,User,3
sandrew,198381,User,3
emzeq,717020,User,3
benhutton,61645,User,3
whatcould,8288,User,3
aceofspades,81255,User,3
latortuga,9379,User,3
eostrom,8683,User,3
garysweaver,92330,User,3
goshakkk,315596,User,3
iurifq,2074433,User,3
jakubkosinski,2722,User,3
jamesalmond,159552,User,3
jitendra,13175,User,3
simi,193936,User,3
krishnasrihari,44224,User,3
lucianosousa,44833,User,3
webmat,2300,User,3
cadetstar,247453,User,3
oliverklee,765746,User,3
ptn,98363,User,3
PChambino,938444,User,3
doredesign,314104,User,3
rdsoze,519711,User,3
rraub,295804,User,3
steveklabnik,27786,User,3
RutSzymon,1850046,User,3
tf,26554,User,3
lautis,19264,User,3
dmilisic,646720,User,3
humancopy,147451,User,3
rheaton,115945,User,3
potatosalad,1804,User,3
gonzedge,218312,User,3
mikz,154571,User,3
olvap,178774,User,3
buren,922411,User,3
aaronsakowski,963659,User,2
adrienkohlbecker,70469,User,2
afurmanov,83098,User,2
alex-handley,354592,User,2
Squeegy,482,User,2
simonoff,14304,User,2
alfmatos,48969,User,2
allenhuang,881292,User,2
almirsarajcic,845364,User,2
Techbrunch,1835765,User,2
rottame,679865,User,2
amalagaura,498234,User,2
berkos,1176797,User,2
aurelien-iapp,30048195,User,2
bamorim,828081,User,2
Chipairon,672162,User,2
cschramm,464848,User,2
cndreisbach,956,User,2
cwoodcox,6783,User,2
danielevans,419699,User,2
elia,1051,User,2
behrends,50868,User,2
EtienneDepaulis,639743,User,2
fabn,324213,User,2
fmendez,845590,User,2
hron84,88636,User,2
hakanensari,31693,User,2
HeeL,287769,User,2
hephzibw,860040,User,2
igorbernstein,71188,User,2
caifara,21311,User,2
kjeldahl,19719,User,2
jhanggi,1099111,User,2
hvirring,5368,User,2
jgorset,195266,User,2
johnmaxwell,13686,User,2
jbarket,3543,User,2
diasjorge,2731,User,2
jschwindt,27816,User,2
macarthy,7726,User,2
joerichsen,1052,User,2
ksylvest,73432,User,2
leemhenson,515,User,2
MOZGIII,265507,User,2
mrzasa,67236,User,2
maknoll,615631,User,2
mcollina,52195,User,2
railscard,1060422,User,2
Neodelf,2521090,User,2
monfresh,811150,User,2
orbanbotond,160919,User,2
pda,15759,User,2
paulgoetze,1781347,User,2
ramigg,333731,User,2
ryanhertz,2022057,User,2
fd,591,User,2
fidel,29444,User,2
taka-oyama,748854,User,2
tomprats,1906547,User,2
ceccec,675674,User,2
vijaydev,146214,User,2
knoopx,100993,User,2
asancio,198565,User,2
avelexvi,3231887,User,2
charlierudolph,1676758,User,2
hoverlover,169285,User,2
krzysztofbialek,228601,User,2
mabras,9248917,User,2
nebirhos,312270,User,2
ronen,125620,User,2
sue445,608755,User,2
alzeih,163478,User,2
senid231,8393857,User,2
DiMarcello,48948,User,2
l4u,97841,User,2
j-manu,72501,User,2
shavit,252122,User,1
accessd,592430,User,1
adambrod,359049,User,1
14113,472927,User,1
saveav,166730,User,1
patizivs,152211,User,1
alex88,436888,User,1
AlessioRocco,308848,User,1
Adovenmuehle,27858,User,1
alexgerstein,1390314,User,1
flskif,12843,User,1
axvm,11821205,User,1
Bishop,48872,User,1
asyrovatsky,8308475,User,1
alexesDev,1255344,User,1
AlexeyMK,268126,User,1
alno,30774,User,1
nullset2,1520184,User,1
amirkarimi,2813838,User,1
Andrekra,885807,User,1
nextbyte,88761,User,1
ajw725,2425541,User,1
ai,19343,User,1
developer88,583275,User,1
ka8725,243846,User,1
morr,134610,User,1
optimisticanshul,4547169,User,1
syndbg,6031925,User,1
ahacop,1678968,User,1
armanddp,6898,User,1
arthurchui,81421,User,1
artinboghosian,482867,User,1
thesunwave,1277102,User,1
arturtr,783678,User,1
attilagyorffy,9091,User,1
b264,7057665,User,1
nbartlomiej,123853,User,1
zfben,215433,User,1
blimmer,630449,User,1
bendik,355,User,1
benbristow,1159378,User,1
bcavileer,96518,User,1
bookis,134635,User,1
salgadobreno,397315,User,1
balexand,181187,User,1
winterchord,4782,User,1
brunocascio,2397875,User,1
bborn,3760,User,1
brunojabs,3473678,User,1
brynary,19,User,1
caleywoods,402957,User,1
clalimarmo,390655,User,1
jethroo,2653013,User,1
chalmagean,8421,User,1
csbrooks6,144060,User,1
edestecd,107281,User,1
yaychris,13268,User,1
samadhiBot,143393,User,1
jnx,330989,User,1
shredding,930136,User,1
defsprite,165219,User,1
christopherstyles,183812,User,1
davidmh,594302,User,1
clamoris,2946397,User,1
cle61,7428736,User,1
codyrobbins,145600,User,1
coreyward,81224,User,1
corybuecker,928069,User,1
cknoxrun,35228,User,1
Goundar,2987904,User,1
dankohn,3083270,User,1
dlepage,12322,User,1
danielricecodes,169038,User,1
s0meone,82148,User,1
drn,885841,User,1
madeindata,66331,User,1
bdavidxyz,2937888,User,1
cinconnu,412251,User,1
dmfrancisco,212106,User,1
Davidslv,136777,User,1
davidstosik,816901,User,1
delynn,221,User,1
spacecowb0y,29119,User,1
diego-silva,8826716,User,1
mitio,129307,User,1
DMajrekar,28898,User,1
dbussink,7851,User,1
dimonzozo,887123,User,1
stgeneral,1227892,User,1
dmasur,83548,User,1
douweh,664829,User,1
fenelon,767838,User,1
epochwolf,96825,User,1
ericcumbee,734209,User,1
ejholmes,95166,User,1
ekosz,212829,User,1
ericpromislow,108392,User,1
sferik,10308,User,1
eskim,6403,User,1
evanwhalen,34138,User,1
edzhelyov,454463,User,1
razielgn,237493,User,1
federomero,104881,User,1
ferdinandrosario,1284503,User,1
francescor,424577,User,1
fredngo,11791,User,1
Gaurav2728,1284716,User,1
workgena,9843321,User,1
george,621,User,1
gzohari,859566,User,1
giuseb,10086,User,1
chancancode,55829,User,1
gernberg,308781,User,1
halilim,226712,User,1
hasghari,1388118,User,1
BukhariH,4641756,User,1
heikobornholdt,789788,User,1
henrikhodne,24421,User,1
henrrrik,117395,User,1
5t111111,333180,User,1
duksis,222101,User,1
nevir,41373,User,1
VorontsovIE,814984,User,1
betesh,2154282,User,1
igmarin,39272,User,1
neoriddle,67224,User,1
groony,1668362,User,1
ivanoats,4672,User,1
jacksonpires,5025,User,1
jherdman,3300,User,1
JanDupal,344930,User,1
jaredbeck,380809,User,1
jpowers,26801,User,1
jayshepherd,4238,User,1
dickeyxxx,216188,User,1
jmcnevin,12859,User,1
jochenschneider,4902826,User,1
alkema,43570,User,1
joelcollinsdc,124740,User,1
jokklan,700373,User,1
johnf,42590,User,1
jasajona,420607,User,1
dijonkitchen,11434205,User,1
zenbaku,529110,User,1
dustMason,369105,User,1
Pepan,714872,User,1
joshuacollins85,769511,User,1
jpemberthy,4005,User,1
JuanitoFatas,1000669,User,1
juhazi,2645,User,1
skuroki,353579,User,1
dziemian007,1257520,User,1
kaspth,350807,User,1
keichan34,1064513,User,1
kamarcum,13613,User,1
KelseyCohort,18673233,User,1
kmayer,19684,User,1
kennym,160117,User,1
iamkhaya,7568066,User,1
kirillplatonov,839922,User,1
kivanio,5107,User,1
koic,13203,User,1
imkmf,922353,User,1
krainboltgreene,334809,User,1
relip,308623,User,1
lenin,44883,User,1
sbleon,198711,User,1
illogikal,647815,User,1
leonelgalan,727774,User,1
lserman,1957122,User,1
lakim,418787,User,1
Flink,5648,User,1
lboix,3964870,User,1
lporras,232293,User,1
luisramalho,286655,User,1
manuelmeurer,16672,User,1
mrcasals,491891,User,1
mspanc,389651,User,1
marcusg,198369,User,1
marcusmateus,19707,User,1
olownia,378586,User,1
Nitrodist,385448,User,1
idyll,4642,User,1
scrooloose,1671,User,1
mattmckenny,14307,User,1
maax,563038,User,1
durrantm,408693,User,1
mmsommer,1206434,User,1
mzelenyuk,10253312,User,1
mirelon,1101497,User,1
prami,270501,User,1
Bastes,10667,User,1
hardbap,6355,User,1
mupkoo,1788571,User,1
RKushnir,205906,User,1
nbibler,3775,User,1
zetavg,3784687,User,1
nicinabox,246280,User,1
nicholassm,171919,User,1
nick-desteffen,174440,User,1
fauno,468204,User,1
faucct,5202503,User,1
godsent,1172808,User,1
nunopolonia,103002,User,1
mehanoid,2199887,User,1
exviva,80070,User,1
ondra-m,1942143,User,1
ozgun,5914,User,1
pmq20,13315,User,1
evjan,18362,User,1
pgolm,1444194,User,1
philipgiuliani,5446019,User,1
wpp,942021,User,1
gravis,12752,User,1
anthonylebrun,930079,User,1
polmiro,912337,User,1
PqBenoit,4798095,User,1
prasadsurase,562052,User,1
