m1guelpf,23558090,User,127
bayandin,864213,User,38
KleoPetroff,8289691,User,17
assp1r1n3,7226907,User,14
Kikobeats,2096101,User,9
caioteixeira,4420468,User,3
Hongbo-Miao,3375461,User,3
sumodirjo,44004,User,3
RichardLitt,910753,User,3
xohozu,2561942,User,3
adius,969983,User,2
dreikanter,126636,User,2
ashishb,389236,User,2
aviaryan,4047597,User,2
dictcp,1752436,User,2
eugene-g,9192922,User,2
kiloreux,6282557,User,2
kozross,8463904,User,2
matiassingers,938453,User,2
mre,175809,User,2
hugo53,1033299,User,2
phongvh,418857,User,2
svaksha,77602,User,2
sindresorhus,170270,User,2
therebelrobot,679178,User,2
tst2005,1117821,User,2
vsouza,484656,User,2
huyingjie,4664280,User,2
itech001,2016091,User,2
vasili111,7338799,User,2
ellerbrock,2029255,User,2
coreb1t,17534023,User,1
4xes,3606758,User,1
alec-c4,25312,User,1
aloisdg,3449303,User,1
DeepAnchor,2448125,User,1
zenkay,223858,User,1
arbox,357237,User,1
dhamaniasad,4560482,User,1
benoitjadinon,205116,User,1
byung-u,16890077,User,1
brabadu,177366,User,1
busterc,1676932,User,1
crazy-canux,14313415,User,1
rabschi,56228,User,1
cesardeazevedo,5366959,User,1
davidsonfellipe,381179,User,1
diegocard,4444386,User,1
diogo-fernan,11231644,User,1
vredniy,283295,User,1
dzharii,36020,User,1
jaspergould,8020186,User,1
elburz,11643409,User,1
ellisonleao,178641,User,1
ebertti,140394,User,1
fasouto,194200,User,1
fffaraz,895678,User,1
unbalancedparentheses,569014,User,1
Friz-zy,870618,User,1
Fr0sT-Brutal,1469388,User,1
guillaume-chevalier,11862328,User,1
gurre,491940,User,1
HQarroum,1384633,User,1
hzoo,588473,User,1
shime,703563,User,1
hmert,182906,User,1
igorbarinov,424628,User,1
JStumpp,4624747,User,1
jnv,616767,User,1
joeljfischer,1767063,User,1
JonZeolla,1385510,User,1
agsdot,1510449,User,1
jpetitcolas,688373,User,1
TehShrike,1141869,User,1
teles,762639,User,1
joubertredrat,1520407,User,1
julienhay,3984869,User,1
veggiemonk,5487021,User,1
J2TeaM,5250117,User,1
justin-j,4968816,User,1
kevinwuhoo,531488,User,1
krisskross,414023,User,1
kdabir,735240,User,1
webpro,456426,User,1
l4u,97841,User,1
lborgav,1133835,User,1
LewisJEllis,1445984,User,1
maciejczyzewski,1976088,User,1
marcobiedermann,5244986,User,1
matteocrippa,475463,User,1
maxov,1261779,User,1
melvin0008,5201724,User,1
paragonbliss,1863515,User,1
mischah,441011,User,1
mrecachinas,924243,User,1
mbuczko,586537,User,1
mpron,1489514,User,1
mortenjust,1548468,User,1
MostafaNawara,3069041,User,1
knutov,255869,User,1
silky,129525,User,1
onurakpolat,1712926,User,1
edobashira,185241,User,1
pedronveloso,416941,User,1
xyNNN,1929750,User,1
ReadmeCritic,15367484,User,1
rickboerebach,934211,User,1
rishirdua,4724852,User,1
rizo,308413,User,1
isRuslan,2136166,User,1
rshipp,1382374,User,1
dufferzafar,1449512,User,1
shevabam,1798289,User,1
shlomi-noach,2607934,User,1
sobolevn,4660275,User,1
Hunter-Github,9477484,User,1
stefanbuck,1393946,User,1
Superbil,59567,User,1
tallesl,3655047,User,1
tmrts,5067495,User,1
TimothyKlim,387270,User,1
tomByrer,1308419,User,1
tony,26336,User,1
torkale,764238,User,1
tulongf,19725345,User,1
utkuaydin,1607716,User,1
onqtam,4648169,User,1
hackerkid,7190633,User,1
quozd,2129162,User,1
veelenga,3624712,User,1
razum2um,122018,User,1
rabbiabram,1196791,User,1
westurner,50891,User,1
willianjusten,3991845,User,1
ahmdrefat,431262,User,1
anggiaj,367079,User,1
btomashvili,1749122,User,1
code-guru,1493603,User,1
coderyi,10682908,User,1
d1g,9402156,User,1
davidstutz,1203091,User,1
dkhamsing,4723115,User,1
hwclass,3750931,User,1
iCHAIT,8472314,User,1
kevingo,1113954,User,1
kud1ing,391975,User,1
ljubad,18151385,User,1
lukasz-madon,1547923,User,1
optikfluffel,379915,User,1
sachin1092,2112277,User,1
numetriclabz,5244035,User,1
tayllan,5643498,User,1
ty6tu7uytr,26850422,User,1
xiaobeicn,6057437,User,1
