bbatsov,103882,User,2576
jonas054,336720,User,767
alexdowad,1067359,User,411
yujinakayama,83656,User,363
rrosenblum,1528852,User,265
lumeet,7588782,User,263
Drenmi,5259935,User,193
pocke,4361134,User,155
bquorning,22333,User,85
backus,2085622,User,58
deivid-rodriguez,2887858,User,45
edzhelyov,454463,User,43
tamird,1535036,User,34
geniou,832633,User,23
owst,117234,User,21
segiddins,1946610,User,21
tejasbubane,980783,User,18
palkan,1516722,User,18
yous,853977,User,17
maxjacobson,1421211,User,17
amatsuda,11493,User,16
panthomakos,186424,User,15
zeroed,456318,User,15
agrimm,20378,User,14
nevir,41373,User,13
hannestyden,9516,User,12
dblock,542335,User,12
smakagon,71746,User,11
tscheffe,2453031,User,10
DNNX,447953,User,10
tjwp,1476506,User,10
savef,6241279,User,10
ptarjan,40143,User,10
mikegee,14068,User,9
bolandrm,860486,User,9
jurriaan,345809,User,8
unmanbearpig,399865,User,8
Dorian,129149,User,8
koic,13203,User,7
gotrevor,5340840,User,7
Ana06,16052290,User,6
chastell,56633,User,6
salbertson,154463,User,6
meganemura,290611,User,6
cyberdelia,44535,User,6
cgriego,4805,User,5
eitoball,34205,User,5
emou,48381,User,5
vassilevsky,252023,User,5
jawshooah,4551271,User,5
onk,203046,User,5
jfelchner,285582,User,5
QuinnHarris,5765486,User,5
mattjmcnaughton,3269376,User,5
andrew-stripe,23081836,User,4
barunio,321382,User,4
dgollahon,4211073,User,4
fshowalter,842058,User,4
lee-dohm,1038121,User,4
petehamilton,510845,User,4
scottmatthewman,18256,User,4
tmorris-fiksu,5528263,User,4
daviddavis,86290,User,4
gerrywastaken,71481,User,4
jspanjers,1527887,User,4
mockdeep,80543,User,4
hedgesky,3628124,User,3
bf4,142914,User,3
blainesch,769039,User,3
georgyangelov,756418,User,3
gylaz,116327,User,3
jeffcarbs,847027,User,3
iGEL,36442,User,3
klesse413,3683016,User,3
pmenglund,32618,User,3
mvidner,102056,User,3
grosser,11367,User,3
nelhage,16725,User,3
codez,271590,User,3
vrthra,70410,User,3
yaauie,210924,User,3
iguchi1124,6443461,User,3
sliuu,10489719,User,3
madwort,2082895,User,3
wli,649892,User,3
ypresto,400558,User,3
mzp,9650,User,3
ojab,153388,User,3
ota42y,6755375,User,3
swcraig,11495200,User,3
Neodelf,2521090,User,3
marxarelli,239740,User,3
NobodysNightmare,453584,User,3
musialik,5526728,User,3
ryu39,3458295,User,3
ivanovaleksey,11523473,User,2
AlexWayfer,6510020,User,2
bankair,365999,User,2
bfontaine,1334295,User,2
brandonweiss,4727,User,2
b-t-g,4975682,User,2
e2,150197,User,2
chulkilee,69235,User,2
smockle,3104489,User,2
connorjacobsen,1803137,User,2
logicminds,563900,User,2
dkubb,133,User,2
enriikke,1388106,User,2
ggilder,331289,User,2
gaganawhad,140718,User,2
toy,18144,User,2
lencioni,195534,User,2
jonahwh,794237,User,2
josh,137,User,2
jujugrrr,3965231,User,2
glasnt,813732,User,2
kevinjalbert,574871,User,2
carhartl,21918,User,2
mcls,714734,User,2
mkasztelnik,1265430,User,2
markijbema,624143,User,2
UniqMartin,11892150,User,2
mvz,10898,User,2
mmozuras,54526,User,2
promisedlandt,557201,User,2
olliebennett,1068525,User,2
ptrippett,4368852,User,2
fphilipe,128151,User,2
rafalchmiel,1687642,User,2
legendetm,1165749,User,2
rrrene,311914,User,2
sachin21,3052342,User,2
bronson,1776,User,2
sometimesfood,153385,User,2
l8nite,1711530,User,2
smangelsdorf,6358,User,2
urbanautomaton,383376,User,2
sihu,1132797,User,2
huerlisi,11375,User,2
soutaro,139089,User,2
skanev,10382,User,2
sfeldon,790043,User,2
imtayadeway,1710874,User,2
tmr08c,691365,User,2
volkert,80850,User,2
zuazo,1878434,User,2
alpaca-tc,1688137,User,2
deepj,33736,User,2
droptheplot,2979521,User,2
faucct,5202503,User,2
hoshinotsuyoshi,1394049,User,2
jmks,4923990,User,2
patbenatar,453695,User,2
sinsoku,248174,User,2
sooyang,15982960,User,2
amuino,47512,User,2
andreaseger,172702,User,2
edmz,18996,User,2
iainbeeston,111963,User,2
laurelfan,7763,User,2
dreyks,1481264,User,2
vergenzt,1725615,User,2
dabroz,179706,User,2
haziqhafizuddin,5515570,User,2
breckenedge,201360,User,1
aroben,917945,User,1
ChallahuAkbar,2047515,User,1
coorasse,1319150,User,1
Tei,14027,User,1
amogil,1420036,User,1
nodo,829178,User,1
abrom,3761400,User,1
GeekOnCoffee,240650,User,1
a-leung,1755768,User,1
jastkand,1298360,User,1
andriymosin,1206757,User,1
konto-andrzeja,6611542,User,1
andyw8,13400,User,1
annaswims,19188,User,1
panozzaj,51120,User,1
syndbg,6031925,User,1
sofaking,690515,User,1
Aqualon,4507945,User,1
kalabiyau,294998,User,1
attilahorvath,4081005,User,1
Atul9,3390330,User,1
AvnerCohen,1297254,User,1
Annih,559627,User,1
bhicks,775600,User,1
bmorrall,558455,User,1
biinari,148009,User,1
bimlas,7034200,User,1
BlakeWilliams,342554,User,1
zhuravel,1140581,User,1
islemaster,1615761,User,1
Br3nda,12266,User,1
bcobb,35545,User,1
awwaiid,8642,User,1
brunoocasali,4116980,User,1
burke,1284,User,1
camillebaldock,5455804,User,1
caseywebdev,1181237,User,1
cshaffer,2308312,User,1
cjlarose,954763,User,1
claco,20319,User,1
cschramm,464848,User,1
cltatman,6932310,User,1
Connorhd,92050,User,1
cornelius,23799,User,1
sadovnik,5960795,User,1
meatballhat,45143,User,1
croaky,198,User,1
dvandersluis,57964,User,1
bakongo,84138,User,1
Daniel-Worrall,21184739,User,1
daniloisr,157134,User,1
danny-andrews,14965732,User,1
albus522,7812,User,1
rifraf,111549,User,1
dmnd,4427,User,1
oboxodo,8324,User,1
mitio,129307,User,1
Zorbash,645514,User,1
dirkbolte,1572945,User,1
d-unseductable,6417870,User,1
dpostorivo,5647348,User,1
DylanDavidson,4359400,User,1
dylanahsmith,954402,User,1
nilbus,64751,User,1
flexoid,335778,User,1
etdev,6726985,User,1
sferik,10308,User,1
fabiopelosin,1048705,User,1
razielgn,237493,User,1
fancyremarker,156030,User,1
gPrado,767863,User,1
gareth,4975,User,1
gerry3,183249,User,1
giannileggio,465887,User,1
graemeboy,958017,User,1
kamaradclimber,503537,User,1
karreiro,1079279,User,1
guilhermesimoes,531168,User,1
vonTronje,1652244,User,1
harry-wood,227525,User,1
akihiro17,7583548,User,1
hisas,16996739,User,1
HookyQR,14353068,User,1
hmadison,7558231,User,1
biow0lf,93578,User,1
betesh,2154282,User,1
jpbarela,1527339,User,1
janraasch,425211,User,1
Fryguy,52120,User,1
thegedge,833576,User,1
jawwad,202240,User,1
jdoconnor,348383,User,1
tjwallace,91084,User,1
jeffreyjackson,867999,User,1
jeremyolliver,14826,User,1
jessieay,601515,User,1
machadoit,13315199,User,1
jhansche,99272,User,1
joejuzl,1702538,User,1
Aesthetikx,1302406,User,1
jweir,49975,User,1
jellybob,362,User,1
joventuraz,1166126,User,1
schmijos,245443,User,1
jules2689,3074765,User,1
junk0612,4271086,User,1
astorije,113730,User,1
katieschilling,8411213,User,1
kfrz,11085141,User,1
kddeisz,5093358,User,1
kevindew,282717,User,1
ksylvest,73432,User,1
kirs,522155,User,1
eagletmt,69755,User,1
wafcio,945115,User,1
krainboltgreene,334809,User,1
kylewelsby,110469,User,1
landonwilkins,1473134,User,1
lloeki,75445,User,1
saucemcboss,1090824,User,1
lucasuyezu,26002,User,1
buenaventure,5527431,User,1
mfinelli,3173946,User,1
supremebeing7,6739980,User,1
miquella,2895155,User,1
wndhydrnt,3942978,User,1
mbj,117966,User,1
ddrmanxbxfr,445401,User,1
mclark,44023,User,1
mlarraz,2575714,User,1
mattparlane,176572,User,1
MGerrior,203576,User,1
melch,1075406,User,1
mmcguinn,1275809,User,1
d4rky-pl,284395,User,1
mrfoto,986645,User,1
mikezter,20265,User,1
m1foley,199775,User,1
molawson,180317,User,1
natesholland,1545957,User,1
hackling,2245541,User,1
NickLaMuro,314014,User,1
nschonni,1297909,User,1
nikai3d,494755,User,1
noahd1,11672,User,1
hbd225,6078076,User,1
sakuro,10973,User,1
oneamtu,28197,User,1
twe4ked,71970,User,1
chessbyte,82161,User,1
RGBD,8408991,User,1
oliverklee,765746,User,1
pat,4183,User,1
weh,482423,User,1
pclalv,6750633,User,1
paulczar,2488346,User,1
mudge,287,User,1
magni-,1640976,User,1
prsimp,630902,User,1
tessi,206108,User,1
Silex,16015,User,1
piamancini,3671070,User,1
onemanstartup,980000,User,1
poudelprakash,6129641,User,1
rtlechow,33073,User,1
rahulcs,624925,User,1
SherSpock,14241275,User,1
ragesoss,848483,User,1
tansaku,30216,User,1
sdeframond,206747,User,1
scottohara,289327,User,1
sgringwe,2362370,User,1
seanhussey,10438,User,1
seanwalbran,398045,User,1
Godfather27,11158482,User,1
seikichi,133952,User,1
sds,677877,User,1
Zhann,719108,User,1
sue445,608755,User,1
sumeet,18086,User,1
ma2gedev,952100,User,1
troter,36563,User,1
takuyan,72418,User,1
bolshakov,991265,User,1
tdeo,6230277,User,1
tiagocasanovapt,2427867,User,1
codebeige,91858,User,1
til,11211,User,1
tcdowney,2096955,User,1
trliner,209264,User,1
timrogers,116134,User,1
tommeier,19973,User,1
tbrisker,1540531,User,1
mcfiredrill,66243,User,1
vsakarov,1109706,User,1
Koronen,543455,User,1
rakvium,6672367,User,1
apiology,3681194,User,1
veelenga,3624712,User,1
volmer,301187,User,1
wfleming,188402,User,1
wkurniawan07,7261051,User,1
knugie,1446195,User,1
yanisvieilly,1003612,User,1
yhirano55,15371677,User,1
unasuke,4487291,User,1
sinisterchipmunk,85851,User,1
dominh,11135943,User,1
dduugg,697964,User,1
ReadmeCritic,15367484,User,1
gohdaniel15,19161092,User,1
groddeck,7341977,User,1
ilansh,2265195,User,1
marcinkornek,7931279,User,1
matugm,1369748,User,1
maxbeizer,2006658,User,1
minustehbare,493868,User,1
natalzia-paperless,7770564,User,1
necojackarc,7670322,User,1
pderichs,2705356,User,1
phlco,1198291,User,1
saks,99110,User,1
tadyjp,1818082,User,1
tetsuya,1000796,User,1
zverok,129656,User,1
zvkemp,2286046,User,1
