cantino,83835,User,907
knu,10236,User,655
dsander,20943,User,442
Jngai,1547934,User,82
albertsun,382862,User,50
CloCkWeRX,365751,User,38
ianblenke,1844764,User,38
alias1,753891,User,34
umarsheikh,429490,User,33
rishabhjain,2570363,User,29
gtramontina,374635,User,28
stvnrlly,4156602,User,26
TildeWill,163532,User,21
deanputney,113293,User,17
darrencauthon,148768,User,15
racktear,6728841,User,14
chriseidhof,5382,User,13
spdustin,1342542,User,13
thiagotalma,612578,User,13
mfclarke,3276355,User,11
bencornelis,7178130,User,10
oroce,462848,User,10
irfancharania,3255038,User,10
Enfop,5695552,User,9
strugee,911174,User,8
brianpetro,1886014,User,8
International,1022918,User,8
Skarlso,182850,User,8
akilism,1005167,User,7
bobbysteel,295361,User,7
joek,202380,User,6
KimJungHun,10268864,User,6
robertjwhitney,25222,User,6
scavone,1462263,User,5
mandrews,120708,User,5
prathyush,483717,User,5
ms32035,5060473,User,5
Alex-Ikanow,851950,User,4
elijah,43155,User,4
justinrporter,3531723,User,4
wizonesolutions,344116,User,4
mwerner,50568,User,4
rloomba,2114180,User,4
tomknig,3586316,User,4
ZirconCode,309379,User,4
snicker,221540,User,4
movstox,1857476,User,3
andrey-yantsen,629281,User,3
berendt,419091,User,3
HyShai,1154806,User,3
helsus,312055,User,3
KenYN,1421571,User,3
mogorman,64710,User,3
Mirclus,2663045,User,3
younata,285321,User,3
necrodome,711,User,3
tvierling,397857,User,3
vitorbaptista,76945,User,3
willyg302,2390474,User,3
itkevin,3381461,User,3
miskreant,294747,User,3
johan--,2982,User,3
HyeongBaeYu,9605660,User,3
kares,45967,User,3
amokan,140038,User,2
drcapulet,50848,User,2
andrewcurioso,587738,User,2
ready4god2513,121682,User,2
chrishein,533313,User,2
singular0,1925883,User,2
JamiePhonic,4817698,User,2
joenas,1104793,User,2
lloydpick,71318,User,2
mcramm,150988,User,2
tijmenb,233676,User,2
tonmoy-saikia,5576825,User,2
aeter,238607,User,2
bennlich,704368,User,2
ixti,94782,User,1
xarses,2107834,User,1
ashleysommer,402468,User,1
bitdeli-chef,3092978,User,1
brock,654725,User,1
bbigras,24027,User,1
brynary,19,User,1
amoeba,563,User,1
xurizaemon,105608,User,1
csu,164822,User,1
evaryont,14547,User,1
crawfordcomeaux,921386,User,1
dsummersl,30856,User,1
dannysu,859317,User,1
dougaitken,52214,User,1
fourleafed,1687522,User,1
eugenesvk,12956286,User,1
kyzh,43065,User,1
gauravarora,1357988,User,1
gautamsawhney,5366837,User,1
elvetemedve,596431,User,1
jackvnimble,1232370,User,1
jeremi,9537,User,1
jerodsanto,8212,User,1
coolzilj,1059327,User,1
jwilkins,1087,User,1
K1773R,913817,User,1
careykevin,9685146,User,1
sentience,89772,User,1
smailq,433539,User,1
L2G,106988,User,1
Phyks,3856586,User,1
mathias,3340,User,1
mharris717,64296,User,1
MingShyanWei,6902864,User,1
nickmerwin,1129,User,1
NonaSuomy,1906575,User,1
pcarranza,4496338,User,1
PAStheLoD,109316,User,1
pawelnguyen,1530318,User,1
pungoyal,42866,User,1
sillygwailo,54067,User,1
mozz100,428696,User,1
rvictory,2174845,User,1
saesh,663578,User,1
skddc,842,User,1
owyongsk,813201,User,1
stesie,113068,User,1
virtadpt,639730,User,1
theofpa,668063,User,1
tobmaster,203823,User,1
twolfson,902488,User,1
tsaohucn,6713879,User,1
Warloxx,1365602,User,1
liangzan,40402,User,1
OmgImAlexis,6525926,User,1
squarel,886306,User,1
xu-cheng,3105373,User,1
yubuylov,681086,User,1
larry-fuy,1881605,User,1
zackfern,74598,User,1
zakfu,80246,User,1
abhimehta,1283232,User,1
ancientz,6853961,User,1
bugdone,615727,User,1
ericgascoine,1863635,User,1
gissehel,199364,User,1
klindecke,174998,User,1
luckylu,3285683,User,1
mikalauskas,2268118,User,1
othreed,87859,User,1
peter-x,1299204,User,1
yeouchien,973142,User,1
