leehambley,18952,User,483
mattbrictson,189693,User,234
seenmyfate,67072,User,160
will-in-wi,1298231,User,95
kirs,522155,User,70
townsen,2119527,User,28
teohm,164703,User,15
marcovtwout,438046,User,10
bruno-,1042682,User,9
andytinycat,759362,User,8
miry,21104,User,7
lebedev-yury,1379701,User,6
mikz,154571,User,6
ain,370576,User,5
quixoten,63675,User,5
betesh,2154282,User,5
signedbyte,260133,User,5
cseeger-epages,13348918,User,5
blackxored,133308,User,4
dbenamydd,16651846,User,4
DrorCohenCC,349247,User,4
kaikuchn,1019068,User,4
markri,946789,User,4
mpapis,48054,User,4
sponomarev,2322774,User,4
troelskn,37910,User,4
artemeff,769964,User,4
mmrwoods,138597,User,4
seuros,2394703,User,3
ayastreb,2777667,User,3
cshaffer,2308312,User,3
cyrusstoller,569702,User,3
dsthode,1084301,User,3
TheLonelyGhost,1276113,User,3
irvingwashington,628505,User,3
mdespuits,442443,User,3
killthekitten,1201569,User,3
paulschreiber,86784,User,3
rlisowski,7737,User,3
richardkmichael,364390,User,3
rosenfeld,32246,User,3
alexcameron89,5634381,User,3
caius,696,User,2
dballona,1319459,User,2
dmarkow,8009,User,2
fny,346068,User,2
felixbuenemann,909587,User,2
nanoxd,1889575,User,2
shirosaki,170831,User,2
IsoLinearCHiP,1899181,User,2
theunraveler,145273,User,2
jaredbeck,380809,User,2
jage,7913,User,2
bitencode,787250,User,2
juanibiapina,568764,User,2
x3ro,243719,User,2
maliqq,29834,User,2
MarkMT,37036,User,2
mikespokefire,326945,User,2
Mingan,186386,User,2
goyalmunish,1061118,User,2
Oliboy50,2571084,User,2
robd,11879,User,2
rsslldnphy,1231200,User,2
stamm,281218,User,2
dimitrid,662079,User,2
scottsuch,897179,User,2
harrykiselev,3241812,User,2
pwaterz,796131,User,2
SaiVardhan,5456598,User,2
lanrion,1432529,User,2
aqnouch,3692812,User,1
aackerman,786640,User,1
ajbonner,155929,User,1
adrienbrault,611271,User,1
aidistan,3037661,User,1
alepore,557414,User,1
Syra,1279009,User,1
Tei,14027,User,1
gazay,29658,User,1
arogachev,8326201,User,1
kejadlen,8639,User,1
andresilveira,228650,User,1
Tensho,892721,User,1
deitrick,1174470,User,1
quaternion,254143,User,1
caligo-mentis,464321,User,1
optimisticanshul,4547169,User,1
aquarhead,222272,User,1
arronmabrey,128298,User,1
radicaled,40635,User,1
arturhoo,119276,User,1
bsnape,1121863,User,1
blaugueux,767963,User,1
larson004,10771373,User,1
bry4n,73400,User,1
bricker,978899,User,1
caseyhelbling,12005,User,1
rampantmonkey,558491,User,1
chendrix,474000,User,1
cickes,4763755,User,1
nemesis,1492648,User,1
danoc,916038,User,1
darwin67,5746693,User,1
dmzza,120893,User,1
dwradcliffe,118850,User,1
schneiderderek,2245041,User,1
dwickwire,181901,User,1
plentz,4867,User,1
vredniy,283295,User,1
DylanFrese,11223986,User,1
etdev,6726985,User,1
InFog,72276,User,1
filipegiusti,7714,User,1
gerardo-navarro,592424,User,1
coffeeaddict,74743,User,1
shime,703563,User,1
igorsokolov,110544,User,1
wazery,470401,User,1
ihistand,490193,User,1
jackdesert,791315,User,1
jamesalmond,159552,User,1
jcoglan,9265,User,1
jjoos,1165788,User,1
ShepBook,1037047,User,1
jtwarren,1282605,User,1
jrmyward,172617,User,1
joebew42,1238549,User,1
plu,31597,User,1
jrochkind,149304,User,1
jdelStrother,2377,User,1
tilsammans,14680,User,1
joren,29230,User,1
joegiralt,4196348,User,1
jasl,1024162,User,1
igrowbeards,479185,User,1
thekeenant,1189775,User,1
Baltazore,1690675,User,1
koenpunt,351038,User,1
Kosmas,8461,User,1
kmwhite,253563,User,1
kylerippey,627901,User,1
leevigraham,25124,User,1
loganhasson,1240504,User,1
mkempe,74870,User,1
mattconnolly,416108,User,1
chamini2,2745502,User,1
arkadyan,42339,User,1
kronn,72198,User,1
mikegee,14068,User,1
mtwentyman,3282,User,1
ffmike,2514,User,1
mgrachev,700998,User,1
mitchlloyd,15169,User,1
nathanstitt,79566,User,1
nathanvda,34460,User,1
neekipatel,814507,User,1
BluescapeRuntime,5703141,User,1
npilch,4729395,User,1
nigelramsay,6838,User,1
olleolleolle,211,User,1
Undo1,5162342,User,1
parkr,237985,User,1
paulorodriguesxv,13763652,User,1
ShPakvel,282805,User,1
bauschan,3582028,User,1
RKushnir,205906,User,1
ReadmeCritic,15367484,User,1
robbertkl,5704510,User,1
rjocoleman,154176,User,1
salimane,403938,User,1
sammarx,826178,User,1
STRML,1197375,User,1
svanderbleek,491969,User,1
sauliusgrigaitis,6917,User,1
seanhandley,98526,User,1
boosty,4270,User,1
sergey-alekseev,2371639,User,1
shaneog,130415,User,1
ShaneSaww,8827228,User,1
sds,677877,User,1
tolien,1248396,User,1
aeroastro,4468155,User,1
ttrmw,3099390,User,1
websi,2857262,User,1
tpett,71626,User,1
DNNX,447953,User,1
wlmcewen,616234,User,1
waynn,318137,User,1
Narnach,7789,User,1
yagnik,777296,User,1
zsalzbank,939977,User,1
andrewhavens,446392,User,1
andyl,90030,User,1
whatbird,27287,User,1
daveslutzkin,78186,User,1
deeeki,115544,User,1
defeated,1920,User,1
glen0071,8259050,User,1
epifanov,1446405,User,1
godoftheds,5033084,User,1
griley,302162,User,1
joanbarros,363861,User,1
xavierholt,1435765,User,1
maesitos,3597038,User,1
ocha-,4980451,User,1
ojab,153388,User,1
freemanoid,180154,User,1
pex,60568,User,1
rbq,68766,User,1
tab,67445,User,1
w1mvy,362371,User,1
yonex,4462818,User,1
yui-knk,5356517,User,1
qhwa,43009,User,1
