jnicklas,134,User,581
bensie,4595,User,367
trevorturk,402,User,195
thiagofm,126355,User,86
mshibuya,486678,User,52
taavo,1038906,User,40
mehlah,224928,User,36
thomasfedb,193831,User,34
geemus,4138,User,33
pk,14301,User,31
eavgerinos,1211471,User,29
amatsuda,11493,User,17
samlown,13102,User,15
alexcrichton,64996,User,9
minter,955,User,8
nashbridges,380913,User,7
plribeiro3000,672952,User,7
bquorning,22333,User,7
durran,9030,User,5
scottwb,91148,User,5
snoopie,1815547,User,5
st0012,5079556,User,5
akahn,26099,User,4
andrewtimberlake,39077,User,4
chrisdurtschi,16745,User,4
netskin-ci,4057385,User,4
dimko,241633,User,4
felixbuenemann,909587,User,4
ferblape,17616,User,4
joshk,8701,User,4
kuraga,1063219,User,4
qhoxie,13416,User,4
rmm5t,740,User,4
mendab1e,854386,User,4
tomprats,1906547,User,4
zog,254393,User,4
Samy-Amar,16536800,User,4
cfcosta,14752,User,4
skyeagle,52268,User,3
TheOddLinguist,22903,User,3
DouweM,159434,User,3
frobichaud,3533748,User,3
hcatlin,111,User,3
pupeno,8425,User,3
mzubala,920878,User,3
mariovisic,112153,User,3
mattolson,168657,User,3
mauriciozaffari,26127,User,3
nddeluca,903469,User,3
stefanpenner,1377,User,3
tmaier,350038,User,3
meetme2meat,63040,User,3
aki77,163168,User,3
slbug,108694,User,3
dmathieu,9347,User,3
saberma,15178,User,3
ujifgc,108798,User,3
yui-knk,5356517,User,3
QuotableWater7,2163763,User,3
Arjeno,352834,User,2
c0,338738,User,2
chrisroberts,266674,User,2
dweinand,2990,User,2
danielevans,419699,User,2
stravid,103442,User,2
cover,76693,User,2
fredwu,31945,User,2
fbjork,4585,User,2
harikrishnan83,126087,User,2
div,168331,User,2
igas,175652,User,2
razorjack,26290,User,2
chopmo,1176,User,2
huacnlee,5518,User,2
jeroenvandijk,27645,User,2
jnimety,70484,User,2
koic,13203,User,2
malclocke,169126,User,2
neuhausler,156099,User,2
matthewford,215,User,2
ngauthier,13654,User,2
nikz,6474,User,2
oelmekki,54562,User,2
paulsturgess,4964,User,2
solnic,1066,User,2
rmarescu,399663,User,2
rjaus,773626,User,2
hsbt,12301,User,2
scottburton11,12917,User,2
ened,269860,User,2
shayarnett,236,User,2
noniq,244158,User,2
stephencelis,658,User,2
JangoSteve,93607,User,2
t-oginogin,1531739,User,2
iconara,73330,User,2
tonycoco,19303,User,2
nashby,200500,User,2
alpaca-tc,1688137,User,2
bananaappletw,6241350,User,2
dbloete,1888700,User,2
jebw,10818,User,2
klacointe,127756,User,2
motdotla,3848,User,2
stillwaiting,3062612,User,2
rogercampos,275992,User,2
abevoelker,153459,User,1
adamcrown,277306,User,1
adz,41101,User,1
awmichel,228378,User,1
saveav,166730,User,1
adrianpike,48357,User,1
agorf,87479,User,1
akhilstanis,955760,User,1
akiomik,1457682,User,1
mrsimo,19203,User,1
abatko,231088,User,1
a17levine,3523841,User,1
simonoff,14304,User,1
pointlessone,7405,User,1
anoras,160063,User,1
ahx,8669,User,1
alup,150174,User,1
potatosalad,1804,User,1
andreychernih,131281,User,1
kryzhovnik,283380,User,1
AndyObtiva,23052,User,1
annielytics,25351211,User,1
artemas,119425,User,1
arthurnn,833383,User,1
ArturT,662545,User,1
bartj3,390426,User,1
salzig,99911,User,1
benjreinhart,606233,User,1
benwoodward,1472981,User,1
DarkSwoop,5122,User,1
bernabas,1497438,User,1
brynary,19,User,1
brozturk,3933778,User,1
carlosantoniodasilva,26328,User,1
kevinclcn,1789301,User,1
chesterlaw,4144432,User,1
connorshea,2977353,User,1
kochis,814934,User,1
DarthSim,380856,User,1
chanind,200725,User,1
dwradcliffe,118850,User,1
deivid-rodriguez,2887858,User,1
nacengineer,240828,User,1
dei79,1666517,User,1
whomwah,2031,User,1
edmundsalvacion,151576,User,1
edgurgel,30873,User,1
edusantana,3603111,User,1
Eric-Guo,1131536,User,1
stormsilver,135457,User,1
erichurst,17706,User,1
edennis,47961,User,1
earksiinni,5427394,User,1
fgrehm,81859,User,1
federomero,104881,User,1
fedorkk,13397283,User,1
filipegiusti,7714,User,1
gautampunhani,2483883,User,1
goncalossilva,102931,User,1
gregwebs,1183,User,1
tgxworld,4335742,User,1
hasghari,1388118,User,1
chucai,501770,User,1
nahi,44209,User,1
frahugo,14030,User,1
Hakon,112802,User,1
iwarshak,471,User,1
indrekj,3438,User,1
dira,29137,User,1
jdewyea,8328,User,1
mitoyarzun,160042,User,1
janko-m,795488,User,1
jaredbeck,380809,User,1
jcarlson,57132,User,1
jeffkreeftmeijer,43621,User,1
jcfischer,3088,User,1
jvenezia,3819893,User,1
niedfelj,294487,User,1
jonasfa,21069,User,1
lephyrius,747215,User,1
jish,1817,User,1
shekibobo,293858,User,1
jkostolansky,3950656,User,1
elucid,2888,User,1
znz,11857,User,1
kjohnston,1643,User,1
kmewhort,402654,User,1
HarlemSquirrel,6445815,User,1
kevinold,21967,User,1
13k,4762,User,1
koriroys,1118323,User,1
krismartin,31802,User,1
kylecho,6693827,User,1
calvincorreli,7728,User,1
laurentqro,3141541,User,1
LukasSkywalker,282447,User,1
lukeasrodgers,816444,User,1
m7moud,3217954,User,1
manuelpradal,2404004,User,1
valakirka,49115,User,1
elmariofredo,82104,User,1
krekoten,150485,User,1
webtigerseu,20710302,User,1
meceo,56053,User,1
bostonaholic,362146,User,1
matthuhiggins,8185,User,1
matthewrudy,8659,User,1
maxhawkins,28565,User,1
LIYINGZHEN,11765228,User,1
mseckington,1144780,User,1
mguterl,3800,User,1
mikian,476032,User,1
nucleoid,310220,User,1
icco,20201,User,1
nickhoffman,21668,User,1
NickOttrando,6438971,User,1
ramhoj,116923,User,1
clyfe,40490,User,1
nviennot,297060,User,1
duhast,81665,User,1
thedrow,48936,User,1
Knack,26083,User,1
Deradon,385500,User,1
pauloschiavon,178682,User,1
chipiga,77704,User,1
pjg,10712,User,1
phiggins,22962,User,1
pdf,146192,User,1
betelgeuse,34627,User,1
Bonias,95517,User,1
pbzymek,339719,User,1
itsNikolay,786577,User,1
rdsoze,519711,User,1
ramon,1380,User,1
rkallensee,1005893,User,1
rin,294558,User,1
trebor8x,13396,User,1
mrreynolds,3011,User,1
fnordfish,12839,User,1
vanderhoorn,32971,User,1
rubemz,151245,User,1
ryancw,1441140,User,1
remiprev,11348,User,1
salimane,403938,User,1
scottmessinger,100121,User,1
rezwyi,302948,User,1
sethherr,1235441,User,1
willnet,82371,User,1
shuhei,498635,User,1
simonprev,464900,User,1
leemour,710919,User,1
StanBoyet,1906401,User,1
stefl,132138,User,1
zealot128,147175,User,1
stephensxu,6464677,User,1
steveh,535,User,1
steveklabnik,27786,User,1
sunny,132,User,1
theodorton,874365,User,1
Thibaut,17579,User,1
tsmango,9503,User,1
timgremore,49427,User,1
futhr,66969,User,1
trevrosen,1402,User,1
vaibhavhartler,19731699,User,1
norc,328950,User,1
gzigzigzeo,27830,User,1
wprater,10452,User,1
zacclark,12772,User,1
davekiss,1256071,User,1
deepj,33736,User,1
riffraff,37493,User,1
icebreaker,57083,User,1
jonnyandrew,4940864,User,1
jvdp,241947,User,1
labocho,428177,User,1
lwe,83660,User,1
martijnschuth,2798062,User,1
matthewbarram,5846639,User,1
mattmenefee,1178524,User,1
maxschulze,5386,User,1
msyesyan,2162116,User,1
nathankleyn,220826,User,1
oss92,6284234,User,1
printercu,1144890,User,1
randoum,3615944,User,1
ricn,6801,User,1
rilian,155563,User,1
Robovirtuoso,1187037,User,1
sanemat,75448,User,1
schneems,59744,User,1
syzspectroom,246045,User,1
ta1kt0me,1412864,User,1
toshimaru,803398,User,1
vanburg,600768,User,1
yanivpr,1135073,User,1
