rolandwalker,727482,User,13873
vitorgalvao,1699443,User,11892
victorpopkov,2471327,User,4982
tapeinosyne,3063022,User,1873
fanquake,863730,User,1831
jawshooah,4551271,User,1774
nanoxd,1889575,User,1747
colindunn,814070,User,1220
gobinathm,450222,User,1091
giannitm,25732197,User,1054
miccal,6127163,User,769
commitay,26216252,User,727
Amorymeltzer,480724,User,666
alebcay,3536482,User,614
phinze,37534,User,585
reitermarkus,1309829,User,582
artdevjs,7567983,User,441
adidalal,2555394,User,341
neutric,5984479,User,288
buo,12075736,User,281
ahbeng,1154867,User,202
vinkla,499192,User,181
federicobond,138426,User,165
Cottser,327943,User,156
jansauer,143302,User,145
yegortimoshenko,1643293,User,142
tsparber,1390036,User,132
radeksimko,287584,User,129
Jerzerak,6257454,User,114
denpatin,1271040,User,111
wickedsp1d3r,1852854,User,111
yurikoles,922873,User,106
leoj3n,990216,User,99
toonetown,97324,User,93
hanxue,760008,User,86
exherb,65154,User,85
nuomi1,3739017,User,85
koenrh,1307291,User,85
mauricerkelly,729402,User,81
grettir,30250,User,81
jcbot,25374602,User,77
crainiarc,793493,User,72
dlackty,14349,User,69
jconley,22428,User,66
mightyfree,26169414,User,62
numbermaniac,5206120,User,59
tolbkni,306605,User,58
chuanxd,4191668,User,58
SentinelWarren,12656473,User,56
vszakats,1446897,User,53
SeanSith,5067650,User,49
miguelfrde,1889916,User,48
AnastasiaSulyagina,6882628,User,48
linc01n,667272,User,47
julionc,981762,User,47
eugenesan,406768,User,46
RJHsiao,236116,User,46
shostakovich,91585,User,45
tjanson,532114,User,43
FinalDes,1146609,User,43
alexpetin,19589320,User,42
andyli,103977,User,40
Saklad5,4258823,User,40
zmwangx,4149852,User,38
scottsuch,897179,User,37
bashu,144783,User,36
cafferata,1150425,User,36
timsutton,119358,User,36
sanyer,1888892,User,36
szhu,1570168,User,35
sjackman,291551,User,35
cfillion,4297676,User,35
maartenpaauw,4550875,User,34
goxberry,321479,User,33
0rax,2822534,User,33
xyb,153287,User,33
mathbunnyru,12270691,User,33
albertico,1066016,User,32
claui,1239874,User,32
Dremora,242202,User,32
SeanTAllen,193596,User,32
rogeriopradoj,443391,User,31
mAAdhaTTah,4371429,User,31
psibre,1278639,User,30
fharbe,1294928,User,29
shoichiaizawa,1571648,User,29
mahori,4198737,User,29
decrement,834258,User,28
rimenes,84035,User,27
riyad,99679,User,27
tlvince,323761,User,27
vin047,1881273,User,27
yutarody,1732124,User,27
jamesottaway,19584,User,26
wmorin,3635875,User,26
Eitot,15073177,User,25
ngocphamm,395123,User,25
derphilipp,429154,User,25
samdoran,4047861,User,25
sebnash,477749,User,25
joshka,381361,User,25
optikfluffel,379915,User,25
FranklinChen,134491,User,24
zerrot,8922496,User,24
shonjir,11600703,User,24
danielbayley,7797479,User,23
friendimaginary,4670648,User,23
rinopo,45791,User,23
wKovacs64,1288694,User,23
cprecioso,511681,User,22
sosedoff,71051,User,22
jhen0409,3001525,User,22
tangestani,548320,User,22
tan9,638068,User,22
hswong3i,780562,User,22
Labutin,6604871,User,21
scw,1314,User,21
epsimatic,1821846,User,21
BenjaminHCCarr,8225968,User,20
rhendric,1570964,User,20
sgnh,4149159,User,20
epistrephein,4941334,User,20
root-io,6101308,User,19
kevinoconnor7,29744,User,19
aguynamedryan,117722,User,19
lalyos,464122,User,19
ptb,5335,User,19
githubutilities,9602414,User,19
stonerl,2091312,User,19
selesse,563658,User,18
davejacobs,10695,User,18
poltak,1130716,User,18
martinlindhe,181531,User,18
rednoah,1589068,User,18
Crazor,128295,User,17
DomT4,6998367,User,17
joaocc,2837860,User,17
joelpurra,1398544,User,17
eenick,19555741,User,17
ragusource,277663,User,17
slack4u,38500,User,17
jsfaint,571829,User,17
chulkilee,69235,User,17
thibmaek,6213695,User,17
alexg0,57680,User,16
cblecker,1431969,User,16
gabrielizaias,192261,User,16
jasmas,6385332,User,16
qiwenmin,298313,User,16
kTitan,516661,User,16
jeroenj,76424,User,16
leipert,2906107,User,16
anantshri,236843,User,15
hovancik,4745859,User,15
joschi,43951,User,15
bsdlp,744549,User,15
mlocher,7791,User,15
maxcnunes,680356,User,15
MikaelSmith,8162496,User,15
muammar,954209,User,15
stephenwade,4148577,User,15
xight,1628669,User,15
ywfwj2008,3824330,User,15
martinbjeldbak,823316,User,15
acollign,206320,User,14
hyviquel,1702404,User,14
johndbritton,123345,User,14
jfsiii,57655,User,14
MikeMcQuaid,125011,User,14
RobberPhex,1926185,User,14
saesh,663578,User,14
sohtsuka,11632736,User,14
troyxmccall,129784,User,14
usami-k,536781,User,14
forkbomber,2144010,User,14
tiiiecherle,7059936,User,14
shian48263,16824369,User,14
reelsense,5644977,User,14
L2G,106988,User,14
vincecima,131699,User,14
wujingke,565778,User,14
andystanton,1374614,User,14
alexoedelman,68505,User,13
karbassi,17738,User,13
aren55555,282619,User,13
macprince,136068,User,13
holidayworking,11025,User,13
jimbojsb,107836,User,13
shpoont,1372784,User,13
lvillani,241660,User,13
mjgardner,133483,User,13
miketheman,529516,User,13
mircomacrelli,1444396,User,13
OranShuster,1076161,User,13
forevergenin,1590665,User,13
burnsra,171054,User,13
yuhki50,377917,User,13
bingfoon,1288102,User,13
cedwardsmedia,1514767,User,12
singingwolfboy,132355,User,12
ericbn,4120606,User,12
jalaziz,247849,User,12
jgarber623,73866,User,12
ksylvan,1226059,User,12
mkjaer,7147176,User,12
sjml,1638331,User,12
simono,874148,User,12
tback,83432,User,12
billwanjohi,1226539,User,12
fcccbf8f8f1,20742547,User,12
jottr,2744198,User,12
kuno,161327,User,12
y00rb,444876,User,12
leonardvandriel,309343,User,12
seanzxx,542721,User,12
AlexKucera,898340,User,11
cgcai,1057679,User,11
ddinh,1832730,User,11
EdenSG,5727389,User,11
elyscape,792695,User,11
franklouwers,24672,User,11
gillesfabio,173784,User,11
Ephemera,1617580,User,11
1zaman,4244109,User,11
jiashuw,1437519,User,11
joewiz,59118,User,11
debo,493257,User,11
pelletencate,2717093,User,11
srod,457674,User,11
stqism,2031258,User,11
sindresorhus,170270,User,11
blogabe,6888675,User,11
cooclsee,553224,User,11
eMerzh,177003,User,11
gaoyifan,5450996,User,11
ickc,10970208,User,11
shawjia,361645,User,11
plessbd,683012,User,11
fincle,13896375,User,10
knilob,218796,User,10
bcomnes,166301,User,10
dixudx,5449021,User,10
diimdeep,485713,User,10
ElfSundae,526008,User,10
winkelsdorf,1413291,User,10
Gasol,108053,User,10
ianyh,212270,User,10
niksy,389286,User,10
jangalinski,814032,User,10
jefbarn,8163048,User,10
tonyseek,624598,User,10
jonafato,392720,User,10
jrwesolo,344114,User,10
jglenes,1737398,User,10
kasper,925851,User,10
lassebm,868007,User,10
metyl,435284,User,10
zorgiepoo,857267,User,10
mxl,1078685,User,10
mfilej,3621,User,10
nicholsn,463344,User,10
norio-nomura,33430,User,10
otaran,1595470,User,10
sebcode,508999,User,10
ShaneDelmore,4604933,User,10
shsu,1685860,User,10
elim,7157,User,10
tjnycum,6761573,User,10
thii,4506500,User,10
tonisuter,137841,User,10
criticlmind,6408813,User,10
zhangweijie-cn,7756507,User,10
chohner,8014374,User,10
inailuig,7287577,User,10
jk,40043,User,10
eunikolsky,9215359,User,10
weijianwen,908249,User,10
byelipk,5366716,User,10
mskblackbelt,3818510,User,10
antogg,2231444,User,10
decorate,18349362,User,10
dunn,985416,User,9
Andygol,369696,User,9
arronmabrey,128298,User,9
bdd,11135,User,9
bfanger,207248,User,9
inz,6045,User,9
liljenstolpe,982215,User,9
dwaite,4517,User,9
arbourd,7211830,User,9
enavarrocu,318491,User,9
TheZoc,924927,User,9
andromedarabbit,2077947,User,9
spaz926,990135,User,9
kongslund,1836149,User,9
jonathantneal,188426,User,9
umireon,1067855,User,9
sirn,4061,User,9
laurentperrinet,381808,User,9
lucashorton,538594,User,9
lukasbestle,1595007,User,9
marksteve,26679,User,9
MoOx,157534,User,9
mingzhi22,394217,User,9
majksner,512355,User,9
peterlewis,820394,User,9
zhedar,6633403,User,9
skellock,68273,User,9
trevorparker,361605,User,9
xliiauo,9721723,User,9
passerbyid,2075566,User,9
elseym,907478,User,9
matteocng,2705860,User,9
scribblemaniac,3461051,User,9
syscrusher,1023218,User,9
JiajunW,906878,User,9
thehunmonkgroup,43772,User,9
pan-long,4057238,User,9
RogerThiede,8585469,User,9
bchatard,829364,User,9
vg,207869,User,9
apetresc,14872,User,8
MelonSmasher,1491053,User,8
Philosoft,296326,User,8
inta,150137,User,8
rodionovd,5719520,User,8
esebastian,577074,User,8
EvanHahn,777712,User,8
gabeio,643410,User,8
gsong,607420,User,8
goronfreeman,5210483,User,8
jsmitley,1516891,User,8
languitar,1336287,User,8
jedahan,32407,User,8
MerelyAPseudonym,831177,User,8
jtriley,46910,User,8
keith,283886,User,8
ksato9700,175834,User,8
leafac,586813,User,8
l4u,97841,User,8
lourinaldi,2752925,User,8
mpolden,174496,User,8
mcs07,732185,User,8
mwarkentin,67560,User,8
designorant,87477,User,8
miikka,34607,User,8
molawson,180317,User,8
dziemba,7718617,User,8
nimajalali,1553599,User,8
OndroNR,978340,User,8
ohammersmith,2910,User,8
seijikohara,9543980,User,8
SergeStinckwich,327334,User,8
tmiller1996,4258783,User,8
tghs,241336,User,8
treyharris,97895,User,8
vmrob,622110,User,8
stylerw,1459106,User,8
dejavuzhang,16446396,User,8
digiou,327594,User,8
n0ts,19618,User,8
puffdad,8111322,User,8
SushiDude,794454,User,8
xcezx,111251,User,8
aaronky,400705,User,7
adamscott,270928,User,7
KELiON,594298,User,7
indeyets,13445,User,7
AndreTheHunter,1115048,User,7
anthonygreen,1336742,User,7
MindTooth,35828,User,7
boboldehampsink,378974,User,7
captainark,6699651,User,7
caarlos0,245435,User,7
sh0shin,2736816,User,7
xtian,602654,User,7
gyndav,61255,User,7
cubranic,600891,User,7
yurtaev,444503,User,7
kud,655838,User,7
gilesdring,1731108,User,7
fatlazycat,338975,User,7
ignlg,722609,User,7
remailednet,240516,User,7
uipoet,738256,User,7
tjwallace,91084,User,7
hanjianwei,995647,User,7
JikkuJose,227739,User,7
Jintin,3413874,User,7
jkrehm,999845,User,7
jvkersch,537559,User,7
kols,450732,User,7
lagilaper,841227,User,7
douglarek,1488134,User,7
lumaxis,406937,User,7
MattiSG,222463,User,7
g-maxime,20070803,User,7
mhmoretti,1009080,User,7
mtibben,980499,User,7
MisumiRize,4456724,User,7
My2ndAngelic,8387105,User,7
aint,3179252,User,7
pablopunk,4324982,User,7
pamo,784889,User,7
patsoffice,5921618,User,7
peteschaffner,411395,User,7
Rbcafe,2713634,User,7
reedriley,395974,User,7
rhoetsc,159173,User,7
SebTM,17243347,User,7
sbibauw,4708459,User,7
srushe,36988,User,7
hakamadare,154395,User,7
exiva,56931,User,7
varunyellina,1850730,User,7
Vayn,224407,User,7
schneidmaster,1896112,User,7
ch3n2k,1237860,User,7
drn,885841,User,7
anunez,144149,User,6
bigfug,8349802,User,6
