charliesome,179065,User,292
rstacruz,74385,User,43
rmm5t,740,User,11
bobbrez,143331,User,4
milushov,424326,User,4
antn,858504,User,4
rking,1808645,User,4
coryf,1045067,User,3
shime,703563,User,3
quadule,15299,User,3
Sephi-Chan,88009,User,3
amatsuda,11493,User,2
spicycode,222,User,2
fredwu,31945,User,2
loopj,104009,User,2
jarrodrobins,1313663,User,2
kostia,9946,User,2
maxim,7758,User,2
sirupsen,97400,User,2
virusman,932048,User,2
aqnouch,3692812,User,1
betawaffle,48613,User,1
brewski,38794,User,1
brynary,19,User,1
csexton,16963,User,1
ConradIrwin,94272,User,1
croaky,198,User,1
danlo,525181,User,1
caldwell,45445,User,1
latortuga,9379,User,1
picandocodigo,689327,User,1
qqshfox,459733,User,1
axelson,9973,User,1
jdelStrother,2377,User,1
simi,193936,User,1
josevalim,9582,User,1
kentaro,3458,User,1
kevintuhumury,412952,User,1
lucascaton,86755,User,1
auxbuss,82220,User,1
markburns,104158,User,1
mikian,476032,User,1
ndbroadbent,139536,User,1
nicolasleger,570901,User,1
oliverklee,765746,User,1
parndt,10128,User,1
amPerl,461652,User,1
salimane,403938,User,1
sj26,14028,User,1
stevenharman,48658,User,1
teoljungberg,810650,User,1
thomet,419651,User,1
toymachiner62,485782,User,1
travisvalentine,1275771,User,1
filp,382538,User,1
xanview,578881,User,1
i3zhe,1071138,User,1
jomo,3585743,User,1
y-yagi,987638,User,1
zhouguangming,1201049,User,1
