fabiopelosin,1048705,User,1767
segiddins,1946610,User,1382
alloy,2320,User,979
mrackwitz,1389011,User,533
kylef,44164,User,256
neonichu,118992,User,232
DanToml,1330683,User,184
benasher44,1120429,User,137
orta,49038,User,108
AliSoftware,216089,User,66
lukeredpath,613,User,59
manuyavuz,1665371,User,58
dnkoutso,310370,User,51
Kapin,995382,User,37
jasl8r,161671,User,31
nolanw,177228,User,29
goonzoid,1255755,User,28
ianyh,212270,User,26
siuying,8608,User,23
swizzlr,1848665,User,22
yanzhiwei147,5554220,User,21
floere,3022,User,20
nwest,466674,User,18
dustywusty,389949,User,17
kommen,258,User,16
subdigital,59140,User,15
mtitolo,763698,User,15
yas375,217368,User,15
kcoleman731,1423931,User,14
keith,283886,User,13
pietbrauer,759730,User,13
xslim,47062,User,13
timbodeit,4222754,User,11
0xced,51363,User,11
andreamazz,570797,User,10
vincentisambart,34704,User,10
sguillope,2593278,User,10
carsonmcdonald,76552,User,9
jweinberg,124000,User,9
schayes04,4382161,User,9
fmccann,5367929,User,8
maschall,727899,User,8
toto,15453,User,8
nevyn,34791,User,8
marcboquet,14408,User,8
seaders,955114,User,8
dtorres,71180,User,7
amorde,2281949,User,7
czechboy0,2182121,User,7
mk,1187,User,7
pRizz,3519085,User,7
gfontenot,124499,User,6
louisdh,1129119,User,6
luisdelarosa,12726,User,6
nschum,81999,User,6
robtimp,6910829,User,6
ulrikdamm,404118,User,6
marcelofabri,833072,User,6
rivera-ernesto,1261982,User,6
perotinus,5122391,User,6
adellibovi,67916,User,5
DarrylBayliss,1524343,User,5
emkosz,10301979,User,5
groue,54219,User,5
olarivain,536608,User,5
vhariable,11079319,User,5
danielribeiro,148319,User,5
dcutting,302799,User,5
IngmarStein,490610,User,5
flufff42,252173,User,5
Ashton-W,1650398,User,4
croach,10200,User,4
efirestone,656555,User,4
martincik,2183,User,4
lassebm,868007,User,4
sirlantis,56807,User,4
Thomvis,134170,User,4
es-kumagai,2109837,User,4
farcaller,693,User,4
dlvenable,293424,User,4
JamieREvans,2151018,User,4
alexrothenberg,12577,User,3
aaresu,7000900,User,3
modocache,552921,User,3
chriseidhof,5382,User,3
daveverwer,5180,User,3
dhennessy,5327,User,3
Inferis,8215,User,3
plu,31597,User,3
jhersh,175139,User,3
champo,202728,User,3
Lascorbe,1515520,User,3
fluidsonic,85242,User,3
naoty,413899,User,3
nmccann,3238769,User,3
dlackty,14349,User,3
z00b,75906,User,3
webmaster128,2603011,User,3
soutaro,139089,User,3
HeEAaD,118770,User,3
timshadel,2394,User,3
Bersaelor,4517582,User,3
sgammon,171897,User,3
atomkirk,2091439,User,2
aspyct,1143093,User,2
ashfurrow,498212,User,2
btaylor,2042,User,2
listrophy,26813,User,2
lembacon,251435,User,2
dbarden,104456,User,2
drodriguez,6338,User,2
garnett,829783,User,2
stel,429275,User,2
edwardvalentini,1571326,User,2
harlanhaskins,853032,User,2
imihaly,4698498,User,2
jeanregisser,57791,User,2
jverkoey,45670,User,2
joelparsons,1677731,User,2
shekibobo,293858,User,2
klundberg,867898,User,2
leshill,3938,User,2
araile,14365947,User,2
markspanbroek,1766771,User,2
MaxGabriel,1274145,User,2
themackworth,746028,User,2
nikolaykasyanov,136644,User,2
pcantrell,378162,User,2
petergoldstein,421488,User,2
radex,183747,User,2
ryanwmarsh,824046,User,2
b-ray,1121929,User,2
onato,107999,User,2
stigi,13815,User,2
dacaiguoguogmail,3024345,User,2
jdhealy,782837,User,2
l4u,97841,User,2
laiso,39830,User,2
samdmarshall,1087718,User,2
vtourraine,886053,User,2
aanand,1062,User,1
postmechanical,133463,User,1
sharplet,147686,User,1
tanob,5013,User,1
albertbori,1742709,User,1
alistra,233144,User,1
amccarri,540984,User,1
abiligiri,4073520,User,1
wilkinsona,914682,User,1
angelolloqui,1382659,User,1
Coeur,839992,User,1
atreat,1031555,User,1
zygoat,2467235,User,1
brentnycum,287015,User,1
charleshkang,12476080,User,1
chrisballinger,518687,User,1
cbrauchli,952825,User,1
cdpetersen,2464878,User,1
chrisfsampaio,1003067,User,1
codymoorhouse,10747839,User,1
nemesis,1492648,User,1
coryalder,135608,User,1
danthorpe,309420,User,1
davidair,2672766,User,1
nubbel,118781,User,1
lapfelix,4634735,User,1
punycode,179139,User,1
netbe,254198,User,1
fredjean,34087,User,1
Noreaster76,344851,User,1
iamleeg,237254,User,1
barbosa,235208,User,1
HBehrens,486904,User,1
hemal,1069584,User,1
twealm,610678,User,1
darthdeus,123374,User,1
jberkel,18891,User,1
eraserhd,147284,User,1
jgavris,178749,User,1
cellularmitosis,223396,User,1
Jaym3s,178023,User,1
jedlewison,2030036,User,1
Jesper84,472491,User,1
jinthagerman,1154508,User,1
dongle,124001,User,1
jrosssavant,10037810,User,1
justinseanmartin,5855270,User,1
kaelin,140898,User,1
KrauseFx,869950,User,1
Kurry,857247,User,1
lrz,8759,User,1
maikg,9554,User,1
marcc-orange,13434221,User,1
mrezk,1587829,User,1
calimarkus,807039,User,1
mjholgate,1170271,User,1
brutella,125641,User,1
mjbeauregard,135034,User,1
michaelmelanson,1318,User,1
michalkonturek,288030,User,1
tapi,455558,User,1
paulb777,73870,User,1
squarefrog,343450,User,1
paulyoung,84700,User,1
pbernery,13909,User,1
rsobik,161036,User,1
samjarman,343172,User,1
roothybrid7,217229,User,1
seivan,55424,User,1
shepting,48065,User,1
strand,509611,User,1
stuartwakefield,664303,User,1
devxoul,931655,User,1
ThibaultVlacich,334940,User,1
ashtom,70720,User,1
TomasLinhart,28642,User,1
uasi,22321,User,1
crazytonyli,1101828,User,1
UkuLoskit,920770,User,1
vslavik,145881,User,1
fulldecent,382183,User,1
woodruffw,3059210,User,1
CalQL8ed-K-OS,300235,User,1
rabovik,895456,User,1
zwaldowski,170812,User,1
briansoule,1596183,User,1
sodastsai,270913,User,1
