aslakhellesoy,1000,User,2969
mattwynne,19260,User,1103
os97673,450628,User,218
brasmusson,2105308,User,181
bmabey,1837,User,145
josephwilk,9792,User,139
jimvm,976767,User,73
dchelimsky,1075,User,69
chrismdp,4685,User,47
nodo,829178,User,45
brynary,19,User,37
Peeja,2407,User,36
danascheider,5115928,User,34
dcadenas,18184,User,34
ghnatiuk,116790,User,33
MadsBuus,62377,User,29
msassak,43266,User,24
johnvoloski,516124,User,23
danlucraft,6118,User,22
botandrose,17391,User,22
jarib,572,User,21
tmak,5101,User,21
tom025,144819,User,21
cavalle,856,User,19
kakutani,2160,User,17
andreacampi,33472,User,16
dkowis,28048,User,14
bv,113806,User,14
junaruga,121989,User,14
pdswan,71006,User,14
enkessler,690565,User,13
technicalpickles,159,User,13
chancancode,55829,User,12
weijen,11629,User,12
torbjornvatn,4453,User,12
olleolleolle,211,User,10
richarda,204173,User,10
brentsnook,33597,User,9
rdvdijk,501609,User,9
simsalabim,53946,User,9
dcrec1,13742,User,8
sferik,10308,User,8
pelle,8680,User,8
avakarev,745407,User,7
richardlawrence,41718,User,7
raldred,37096,User,7
cjapes02,17915061,User,7
hotovson,58858,User,7
adbatista,485381,User,7
aidamanna,9199692,User,7
larrytheliquid,1131,User,7
bryan-ash,24777,User,6
e2,150197,User,6
Kero,87043,User,6
rtyler,26594,User,6
ambirag,1718620,User,6
radar,2687,User,6
jaigouk,6720,User,6
stiak,345934,User,6
bfaloona,86428,User,6
akiellor,87759,User,5
chrisbloom7,21250,User,5
enaydanov,63434,User,5
jwilger,1654,User,5
charlierudolph,1676758,User,4
dwaite,4517,User,4
demetriusnunes,4699,User,4
drnic,108,User,4
granth,7819,User,4
jarl-dk,191521,User,4
joshknowles,48,User,4
ksylvest,73432,User,4
lukemelia,353,User,4
martkaru,25375,User,4
richardkmichael,364390,User,4
orangewolf,1054448,User,4
timfel,46235,User,4
yugui,8161,User,4
deepj,33736,User,4
phoebeclarke,9271923,User,4
amikula,8440,User,4
jasnow,43523,User,3
antono,7622,User,3
cflipse,3754,User,3
benilovj,23801,User,3
bracki,49786,User,3
jeremydurham,1721,User,3
jpshackelford,13136,User,3
teigen,25335,User,3
jdks,307656,User,3
lonnon,60671,User,3
coffeencoke,95773,User,3
mlex,514717,User,3
mwatkins,732476,User,3
ngocdaothanh,10095,User,3
niklas,9176,User,3
threedaymonk,17347,User,3
iromeo,72933,User,3
laserlemon,34264,User,3
voxik,14406,User,3
teacup-on-rockingchair,315160,User,3
mcrmfc,383421,User,3
trans,23423,User,2
aaronjensen,8588,User,2
alexrothenberg,12577,User,2
cyphactor,24400,User,2
ayr-ton,1090517,User,2
barrym,639,User,2
bartzon,104582,User,2
benlovell,41963,User,2
BenHall,82614,User,2
cowboyd,4205,User,2
codahale,207,User,2
cakebaker,26196,User,2
sldblog,1526295,User,2
maxmeyer,114236,User,2
dpetersen,408,User,2
serixscorpio,1740566,User,2
erran,1694055,User,2
fcoury,1371,User,2
gga,36687,User,2
guillermo,7533,User,2
undees,16794,User,2
ik5,73091,User,2
iulianu,18719,User,2
nkryptic,30738,User,2
jbr,13301,User,2
jakehow,209,User,2
jasp,15650,User,2
jpatokal,278761,User,2
jeffnyman,890903,User,2
johnf,42590,User,2
jmerrifield,608480,User,2
jnstq,20176,User,2
josephks,633246,User,2
jshraibman-mdsol,1839991,User,2
jbarreneche,98871,User,2
kamal,269,User,2
yairgo,25021,User,2
krasio,15127,User,2
kumarharsh,760112,User,2
L2G,106988,User,2
limlian,27625,User,2
limhoff-r7,2230482,User,2
martco,420959,User,2
fidothe,8550,User,2
mbykov,47331,User,2
foca,437,User,2
nikitachernov,206882,User,2
Paulche,554135,User,2
rezaprima,37050,User,2
rbxbx,45414,User,2
kofno,19907,User,2
sponte,47468,User,2
tcwitte,984289,User,2
twalpole,16556,User,2
timbertson,14172,User,2
eiel,92595,User,2
snowe2010,1534535,User,2
DarkTatka,24458,User,2
hotgazpacho,7071,User,2
yhara,12285,User,2
jinzhu,6843,User,2
codesnik,4512,User,2
herminiotorres,1036970,User,2
misza222,89839,User,2
moro,3419,User,2
romanvbabenko,23277,User,2
gbence,18962,User,2
l15n,3714,User,2
lleirborras,34919,User,2
dosire,22061,User,2
dmorgan3405,1184385,User,2
adamsalter,786,User,1
alhafoudh,43397,User,1
adelevie,86790,User,1
alg,11650,User,1
alexmuller,121219,User,1
litvinok,1155664,User,1
brain-geek,307982,User,1
abotalov,1497867,User,1
artismarti,111852,User,1
zuigon,59331,User,1
Empact,5470,User,1
beanieboi,29251,User,1
bingwei,445377,User,1
bosko,49883,User,1
bcardarella,18524,User,1
briandunn,93310,User,1
charleseff,2278,User,1
chasetopher,606164,User,1
cbusbey,572796,User,1
chrishunt,65323,User,1
chrismytton,22996,User,1
ccthiel,5322,User,1
cmeiklejohn,44939,User,1
ultraninja,142396,User,1
coreyhaines,3962,User,1
DaleGardner,3970939,User,1
bcleenders,1598300,User,1
lindes,223586,User,1
dtrasbo,111577,User,1
dwhelan,17627,User,1
rubystream,3200,User,1
dg-ratiodata,1267524,User,1
invalid-email-address,148100,User,1
positude,18035075,User,1
edbond,1044,User,1
elliotcm,109225,User,1
lime,562204,User,1
drbrain,9831,User,1
erikhansson,10565,User,1
burtlo,244426,User,1
cldwalker,11994,User,1
rhaseven7h,15249,User,1
gavinhughes,10154,User,1
georgeguimaraes,2929,User,1
graf0,645149,User,1
guewen,417223,User,1
graaff,11150,User,1
iain,12692,User,1
iafonov,32007,User,1
biow0lf,93578,User,1
jberkel,18891,User,1
jasonkarns,119972,User,1
jmcaffee,1085015,User,1
purp,4093,User,1
joakimk,13256,User,1
ion1,39660,User,1
duelinmarkers,9761,User,1
snowblink,7794,User,1
JonathanTron,2976,User,1
jballanc,5226,User,1
joshk,8701,User,1
jbpros,52343,User,1
kevgo,268934,User,1
madundead,944740,User,1
rousisk,1429943,User,1
Kosmas,8461,User,1
LGordon2,2446464,User,1
lucasmundim,32864,User,1
lucianosousa,44833,User,1
bowsersenior,40264,User,1
bilus,1025537,User,1
mtyaka,32585,User,1
maxlinc,896878,User,1
meeee,188986,User,1
mike-burns,4550,User,1
gaffo,12076,User,1
mikerobe,1505137,User,1
nickmerwin,1129,User,1
nickrivadeneira,1431996,User,1
niels,16709,User,1
rwz,129043,User,1
rwillmer,589821,User,1
rdammkoehler,39838,User,1
richardardrichard,872056,User,1
rhunter,27612,User,1
rslifka,231435,User,1
roschaefer,2110676,User,1
tricknotes,290782,User,1
chaiapodi,5591025,User,1
smiller-optoro,11392280,User,1
marocchino,128431,User,1
awls99,831346,User,1
fd,591,User,1
DuCalixte,4433878,User,1
stefanhaller,1225667,User,1
skanev,10382,User,1
SteveDonie,605418,User,1
turboladen,142010,User,1
tooky,349,User,1
tkm-kj,3395349,User,1
gitter-badger,8518239,User,1
tboerger,156964,User,1
tepreece,3920010,User,1
ravn,117042,User,1
timgaleckas,19242,User,1
sterrym,5184,User,1
t-morgan,2998891,User,1
slbug,108694,User,1
callahat,5581364,User,1
ciembor,702108,User,1
gravis,12752,User,1
idstein,743561,User,1
joshski,22017,User,1
jp-beaudry,3643881,User,1
kubicek,5595,User,1
leachdaniel,1204887,User,1
pikesley,885973,User,1
robertodecurnex,76379,User,1
siaynoq,127255,User,1
textarcana,29738,User,1
tindron,325748,User,1
wuleicanada,5652075,User,1
zeljkofilipin,23927,User,1
bolshakov,991265,User,1
