jhass,141294,User,3409
maxwell,69663,User,2339
danielgrippi,136649,User,2133
svbergerem,3798614,User,1057
SuperTux88,458548,User,623
denschub,344777,User,619
sarahmei,56125,User,539
Raven24,117366,User,347
leamas,405541,User,245
denniscollective,69591,User,203
OhaiBBQ,437360,User,178
Flaburgan,930064,User,162
zhitomirskiyi,212747,User,136
jmallach,929712,User,132
fabianrbz,715229,User,130
jaywink,1174866,User,125
movilla,1108789,User,108
grzuy,456459,User,103
KentShikama,6329898,User,99
AugierLe42e,3429231,User,98
Zauberstuhl,652428,User,86
Pistos,2885,User,85
cmrd-senya,10187586,User,84
ticho,343512,User,57
DeadSuperHero,401560,User,55
stevenh512,110500,User,54
Hexagon,419737,User,51
arielo,301949,User,50
pablocubico,340766,User,46
stwf,468262,User,42
manuels,31315,User,41
Gallaecio,705211,User,40
Faldrian,1184859,User,36
SansPseudoFix,6507951,User,29
jguyon,441820,User,28
JannikStreek,606519,User,25
dmorley,481091,User,24
rogerbraun,101936,User,23
hpetru,1880766,User,22
Ruxton,382760,User,22
zaziemo,2119496,User,20
brianwisti,161212,User,19
voxdolo,2149,User,19
anishsheela,148794,User,18
Realtin,507997,User,18
netom,695195,User,18
desyncr,1857707,User,17
prellele,752591,User,17
mnutt,3705,User,16
torrancew,235666,User,16
khall,82598,User,16
Dorian,129149,User,15
siefca,44707,User,15
juanazam,982261,User,15
vcuculo,642555,User,15
gandaro,811907,User,14
oliverbarnes,21290,User,13
milescellar,22643035,User,13
arzumy,27543,User,12
blase,453270,User,12
arlogn,914785,User,12
jaideng123,5483527,User,12
dangold1138,455849,User,12
hemanth,18315,User,11
jamiew,1903,User,11
taratatach,580382,User,10
zeph,209808,User,10
strivedi183,3402149,User,10
everplays,194719,User,10
davecocoa,405959,User,9
dimaursu,1288910,User,9
manwithtwowatches,151936,User,9
yolk,2177,User,9
fermionic,1003053,User,9
carolinagc,419973,User,9
uiri,364765,User,9
margori,1149126,User,9
felgru,402089,User,8
gdpelican,750477,User,8
geckoxx,688816,User,8
TomK32,3527,User,8
jerinphilip,727292,User,7
johnedmonds,865383,User,7
pravi,708222,User,7
buddhamagnet,35007,User,7
visualsayed,1685304,User,7
emembrives,198706,User,6
collimarco,90962,User,6
flah00,477982,User,6
rsofaer,212750,User,6
volkanunsal,151600,User,6
alda519,160893,User,6
devendram,817470,User,6
MrBison,405593,User,6
patcito,26435,User,6
aka001,4049383,User,5
anassahmed,928614,User,5
cryptomilk,545480,User,5
brauliomartinezlm,983448,User,5
guilleiguaran,160941,User,5
justindthomas,354734,User,5
bigbash,238902,User,5
lfortin,154208,User,5
juliaguar,4438616,User,5
sjain1107,4617609,User,5
shavit,252122,User,4
nolith,78752,User,4
beardedninja,1419366,User,4
bronislav,125880,User,4
21echoes,459117,User,4
hfase01,1084200,User,4
jdeisenberg,160096,User,4
pubis,290518,User,4
manuelVo,1705157,User,4
marienfressinaud,1436309,User,4
themasch,170171,User,4
UserAd,93435,User,4
rivendale2010,1795059,User,4
grancondor,2122198,User,4
johand,1388644,User,4
axilleas,340023,User,3
andrewcsmith,378677,User,3
thefulltimereader,400915,User,3
roonyh,3872221,User,3
CSammy,2164484,User,3
christophe-de,474166,User,3
davexunit,566416,User,3
fwoelm,7606194,User,3
giniouxe,8414330,User,3
tsujigiri,140724,User,3
JMSilla,1258723,User,3
mrbrdo,167990,User,3
JesseWeinstein,200568,User,3
tristil,15716,User,3
kashif,8100,User,3
marpo60,952074,User,3
manveru,3507,User,3
zikalify,1094772,User,3
remcohh,1011465,User,3
rwaldron,27985,User,3
galaxor,644907,User,3
sam09,6648290,User,3
sarithats,6883207,User,3
tkrehbiel,65760,User,3
tubbo,113026,User,3
cyberkov,312590,User,3
damzcodes,7262392,User,3
embs,1200033,User,3
kpcyrd,7763184,User,3
memarko,460520,User,3
op48,6764592,User,3
rmaskey,402612,User,3
robhogg,1298800,User,3
sennewood,406414,User,3
Chocobozzz,5180488,User,3
korun,5562931,User,3
ktkaushik,877806,User,3
L3MNcakes,658520,User,3
Flink,5648,User,3
lislis,1006478,User,3
deepy,905507,User,2
adedommelin,29274910,User,2
AntonTkachov,1481963,User,2
brunomachado,2215432,User,2
ChaseReid,1256220,User,2
cirnatdan,411060,User,2
drt24,314854,User,2
dash-rai,3491329,User,2
grimreaper,433817,User,2
fred,2520,User,2
santosgabriel,2584640,User,2
stultus,328309,User,2
iurikothe,161468,User,2
jeffrydegrande,42646,User,2
jkriss,6276,User,2
joedavis,368852,User,2
judytuna,315395,User,2
kiranh,16947,User,2
bagilevi,16766,User,2
mahonrig,6734403,User,2
untitaker,837573,User,2
MothOnMars,437455,User,2
michaelklishin,1090,User,2
mikicaivosevic,2887620,User,2
WebSpider,437323,User,2
paulrosania,1904,User,2
relrod,43930,User,2
SaiVardhan,5456598,User,2
ultrasaurus,41906,User,2
SWW13,1280142,User,2
szlend,7301807,User,2
s-f-s,1270492,User,2
sconover,14555,User,2
sgayda2,180523,User,2
theutahkate,5475551,User,2
williamtheaker,665387,User,2
yarons,406826,User,2
yurkobb,479389,User,2
fap-,459631,User,2
lyzellis,5298037,User,2
mousey,404791,User,2
pestrada,2215585,User,2
sentientwaffle,461112,User,2
ujdhesa,1289252,User,2
ZBarg,2453133,User,2
Fensterbank,1684826,User,2
morashid92,11273288,User,2
ecleel,25447,User,1
raid5,15592,User,1
aabril,125898,User,1
agconnor,475263,User,1
Amadren,9344379,User,1
ChaosCoder,1395240,User,1
ndee,535061,User,1
aredridel,2876,User,1
noplanman,9423417,User,1
adelcasse,403029,User,1
raisty,537310,User,1
bobbywilson0,4330,User,1
polsvoice,941129,User,1
brynary,19,User,1
Carabas,1174965,User,1
caarlos0,245435,User,1
colindean,197224,User,1
dan-mi-sun,6864509,User,1
danillos,54908,User,1
Darkmagister,405742,User,1
dhovart,764576,User,1
denys281,754467,User,1
disconn3ct,397465,User,1
diogenes,11559,User,1
donpdonp,13176,User,1
dukex,91538,User,1
fbrubacher,768,User,1
flamontagne,39555,User,1
RobotDisco,487847,User,1
maliktunga,6393838,User,1
Haidy777,5011101,User,1
hbons,103326,User,1
divout,438944,User,1
ivanzotov,147321,User,1
pupeno,8425,User,1
jperyl,1192130,User,1
jandom,395931,User,1
jancborchardt,925062,User,1
jeremyjh,90510,User,1
jbhannah,179194,User,1
joebew42,1238549,User,1
brinchj,64886,User,1
drummondj,166857,User,1
Vanuan,361985,User,1
joshk,8701,User,1
jish,1817,User,1
jwinky,170736,User,1
kaleemullah,56748,User,1
lancegilbert,22182740,User,1
L2G,106988,User,1
liamn,876495,User,1
lnakamura,207912,User,1
lstoll,694,User,1
MajorMashin,1491315,User,1
MarcBurt,6206269,User,1
marceloeloelo,805679,User,1
marco-gallardo,368763,User,1
artoartnik,719937,User,1
mattbaker,55462,User,1
Gonzih,266275,User,1
mehmetaergun,767161,User,1
meitar,18677,User,1
MrFrety,2821830,User,1
Muhannes,15647408,User,1
nsdevaraj,274062,User,1
nannubest,188623,User,1
paterson,2388722,User,1
Otacon,126057,User,1
WebDevFromScratch,7315398,User,1
PallaviTS,3283172,User,1
spieker,306968,User,1
qmaruf,530250,User,1
ralinc,10473586,User,1
Rete2,22132676,User,1
ritchiewilson,296062,User,1
gvx,25365,User,1
samdvr,831150,User,1
seanbrant,58734,User,1
S-Ercan,6837653,User,1
veganstraightedge,4361,User,1
olorin,737793,User,1
tsrivishnu,2265280,User,1
ashcrow,22706,User,1
steveklabnik,27786,User,1
laserlemon,34264,User,1
Stigjb,418181,User,1
5v3n,172351,User,1
tjpeden,134965,User,1
k0kubun,3138447,User,1
Thor77,4989736,User,1
bastos,11134,User,1
fmap,5616380,User,1
vbatts,67049,User,1
Darael,1635873,User,1
jakutis,4760120,User,1
Waithamai,3577985,User,1
wcs,407816,User,1
yuvadm,315080,User,1
zturtleman,405505,User,1
zscott,622556,User,1
afrerich,93538,User,1
adonix,401085,User,1
aoh0x7DE,20215563,User,1
apsc92,8034541,User,1
atulonruby,1123985,User,1
bdjnk,620722,User,1
clavisound,1759497,User,1
cori,46317,User,1
cryptix,111202,User,1
fabianfiorotto,898842,User,1
fhsdi2,3392026,User,1
gattytto,407397,User,1
hilkoc,5678428,User,1
jpope777,3165757,User,1
jtimberman,12483,User,1
kevivmatrix,2367863,User,1
malavbhavsar,1080592,User,1
duke-,415363,User,1
minilibra,147072,User,1
moziz,406528,User,1
netagonen,22200510,User,1
pivotalcommon,130711,User,1
pixelistik,170929,User,1
pskosinski,4135582,User,1
rschaden,1828662,User,1
spixi,3192596,User,1
