eviltrout,17538,User,5106
SamSaffron,5213,User,4965
ZogStriP,362783,User,2975
nlalonde,151885,User,2079
coding-horror,1522517,User,1943
tgxworld,4335742,User,1427
techAPJ,5732281,User,1051
riking,627891,User,392
awesomerobot,1681963,User,203
vikhyat,31063,User,137
kubamracek,1186214,User,115
gschlager,473736,User,113
jjaffeux,339945,User,106
xfalcox,1385470,User,95
velesin,241243,User,81
fantasticfears,297343,User,80
chrishunt,65323,User,73
scossar,2975917,User,71
cpradio,2060315,User,61
gdpelican,750477,User,55
gnunicorn,40496,User,42
abbat,802583,User,35
tms,449006,User,35
ofgeek,4425078,User,34
Elberet,361662,User,33
chancancode,55829,User,31
Supermathie,410018,User,31
Qasem-h,555779,User,30
oblakeerickson,1490496,User,27
sanderdatema,176252,User,27
mcwumbly,2217652,User,26
nschonni,1297909,User,21
mpalmer,357,User,20
pfaffman,2989668,User,20
stephankaag,6944,User,19
davidtaylorhq,6270921,User,18
alxndr,174307,User,18
caugner,495429,User,17
eriko,5929,User,17
erlend-sh,583842,User,16
vinothkannans,9372109,User,16
nverba,858684,User,16
netzpirat,13811,User,15
danneu,529580,User,14
jomaxro,15638256,User,14
xdite,9004,User,14
dandv,33569,User,13
goshakkk,315596,User,13
LeoMcA,755354,User,13
arthurnn,833383,User,12
nbianca,23153890,User,12
DeanMarkTaylor,52425,User,12
wojciechka,683972,User,12
verg,3401659,User,12
rimian,64749,User,12
akshaymohite,4837883,User,11
jmay,5931,User,11
mattvanhorn,20461,User,11
ThomasHarper,3199791,User,11
lidlanca,8693091,User,11
cfstras,1156864,User,10
joebuhlig,5321617,User,10
Hanzo55,816391,User,10
vipulnsward,567626,User,10
jd-erreape,1223781,User,10
xfix,1297598,User,10
Catrin,1037980,User,9
einarj,906081,User,9
peternlewis,83102,User,9
tangramor,491287,User,9
Onaldanm,6585778,User,9
jbruni,69181,User,9
jamesaanderson,2722987,User,9
adamloving,375123,User,8
trident523,174320,User,8
davidcelis,36873,User,8
potthast,1148967,User,8
ryantm,4804,User,8
salbertson,154463,User,8
hindenbug,304184,User,8
YesThatAllen,2879972,User,8
borisdamato,1525460,User,7
iancmyers,135977,User,7
jaimeiniesta,2629,User,7
dmacjam,5477556,User,7
Mikulas,192200,User,7
JaredReisinger,1609572,User,7
gsambrotta,1055531,User,7
angusmcleod,5931623,User,6
BenLubar,4257305,User,6
borhub,5316880,User,6
crohr,6114,User,6
dansingerman,457786,User,6
edgibbs,100718,User,6
eparreno,3028,User,6
lidel,157609,User,6
sir-pinecone,40753,User,6
blowmage,730,User,6
patdavid,2778928,User,6
sigginet,1608474,User,6
nicksahler,1386403,User,6
adrapereira,4313971,User,5
abezzub,3282823,User,5
callahad,24193,User,5
davidgnavas,2603574,User,5
GManzato,1064904,User,5
ok-harry,2290667,User,5
iamntz,132062,User,5
jeremyBanks,18020,User,5
joshk,8701,User,5
kidoman,206677,User,5
khoa-le,1911347,User,5
methodmissing,379,User,5
lucianosousa,44833,User,5
ento,21108,User,5
mabras,9248917,User,5
nickborromeo,1518902,User,5
tonytonyjan,809410,User,5
balpha,1763000,User,5
gwwar,1270189,User,5
merugear,2388259,User,5
sethherr,1235441,User,5
nicolasblanco,12682,User,5
voisintotoro,1245142,User,5
frictionel,10785122,User,5
adrianheine,139208,User,4
meglio,282177,User,4
arikfr,71468,User,4
toolness,124687,User,4
savef,6241279,User,4
ComputerDruid,34696,User,4
eyalev,117240,User,4
jamielinux,2598089,User,4
johnpaulashenfelter,19890,User,4
bbs4us,5357230,User,4
joallard,949482,User,4
kpfleming,305938,User,4
kirushik,152719,User,4
louismrose,77096,User,4
darix,230233,User,4
mark-rushakoff,290647,User,4
mfeckie,1583673,User,4
michaelkirk,217057,User,4
Mittineague,6453379,User,4
NickIvanter,1539786,User,4
nbalonso,1116445,User,4
cored,11719,User,4
rcgordon,673562,User,4
ibnesayeed,65147,User,4
ScotterC,313254,User,4
shivpkumar,3858670,User,4
staryume,6783175,User,4
tomasibarrab,9475326,User,4
rizka10,21168491,User,4
Krugloff,1621036,User,4
acshi,1449974,User,3
shapkin,1167234,User,3
Andersos,288977,User,3
lazywei,2840571,User,3
DanielMarquard,2532402,User,3
mrded,347098,User,3
fabricioflores,3495122,User,3
gammons,38560,User,3
longhotsummer,4178542,User,3
house9,52154,User,3
jyggen,264300,User,3
Bahanix,364924,User,3
lengarvey,724914,User,3
dachary,433594,User,3
lukegb,246745,User,3
kohenkatz,88755,User,3
marcoceppi,70613,User,3
mamhoff,703401,User,3
jk779,1104528,User,3
schmatz,603353,User,3
mikl,10263,User,3
Naiqus,2019328,User,3
PabloC,764,User,3
rubo77,1591563,User,3
bolandrm,860486,User,3
rcfox,164890,User,3
rumpelsepp,1961699,User,3
tareko,1128840,User,3
elegios,810210,User,3
williamherry,1032483,User,3
bekicot,1826884,User,3
zohararad,47259,User,3
nikhilgupta1211,14905919,User,3
illspirit,3095938,User,3
SafaAlfulaij,3509617,User,3
sghebuz,3830008,User,3
cassiuschen,4794297,User,3
czarneckid,72727,User,3
Xenograph,2067572,User,3
rhacker,2028062,User,3
joebew42,1238549,User,3
thecantero,4110071,User,3
ming-relax,7576663,User,3
Shahor,204561,User,3
shaktik1989,18455957,User,3
budnik,1160699,User,3
albaguirre,6685297,User,2
spockz,54579,User,2
ahuling13,174270,User,2
aryanraj,6408518,User,2
Axel-Naumann,144675,User,2
balinterdi,5022,User,2
blang,803897,User,2
bradx3,9651,User,2
bplexico,1105747,User,2
bbonamin,713787,User,2
bmamlin,860834,User,2
camilleroux,25977,User,2
carsonreinke,378481,User,2
choppen5,579336,User,2
CirnoKaster,6869730,User,2
Dax74,15278906,User,2
devinrhode2,539816,User,2
lroellin,3150983,User,2
emanuelet,8566422,User,2
ecuk,263540,User,2
abbasfaisal,9428333,User,2
fefrei,3078885,User,2
florianbeer,800047,User,2
forest,7829,User,2
frabrunelle,1114844,User,2
gaurish,235844,User,2
germanviscuso,246555,User,2
gcapizzi,251425,User,2
oppegard,86445,User,2
Mogztter,333276,User,2
steinwaywhw,316535,User,2
GitLaboratory,2738607,User,2
ismaelga,492663,User,2
phanimahesh,1690608,User,2
JSey,9109505,User,2
chapel,187515,User,2
jamesgecko,44252,User,2
featheredtoast,1322534,User,2
ArmedGuy,3276817,User,2
jjb,6097,User,2
b-studios,408265,User,2
yomybaby,621215,User,2
jorgemanrubia,129938,User,2
jpsullivan,570899,User,2
santouras,358368,User,2
jsilvanus,22452468,User,2
kamilbielawski,1784928,User,2
kasperpeulen,1035299,User,2
kennym,160117,User,2
kevinansfield,415,User,2
kgish,79195,User,2
linc01n,667272,User,2
lirent,5686908,User,2
manelvf,135327,User,2
mcg1969,2797735,User,2
mshappe,1122780,User,2
sigmike,28259,User,2
miromichalicka,1741875,User,2
novemberkilo,181086,User,2
nterray,232632,User,2
NomNuggetNom,1479568,User,2
PavelPenkov,375548,User,2
NuckChorris,430411,User,2
wpp,942021,User,2
phw,29852,User,2
quangbuule,5992964,User,2
RaceProUK,10373748,User,2
raul,2270,User,2
rriemann,111932,User,2
royguo,676543,User,2
ryanprayogo,57620,User,2
birarda,724069,User,2
stevenpslade,12888080,User,2
tjstein,82793,User,2
DukeofRealms,4025782,User,2
tancnle,756722,User,2
tomciopp,544875,User,2
toumou,248332,User,2
thomas-mcdonald,197928,User,2
squareleaf,2001078,User,2
tijmenb,233676,User,2
tobiaseigen,215677,User,2
PragTob,606517,User,2
towerhe,67080,User,2
vibol,390975,User,2
victor-cruz,227997,User,2
vvanpo,3506391,User,2
Wilhansen,69386,User,2
willkara,3278887,User,2
S-YOU,1001175,User,2
ypxu,381357,User,2
fysics,1084381,User,2
bdthinh,4838237,User,2
bsides,87631,User,2
charlieshum,5146933,User,2
ckeboss,723809,User,2
getabetterpic,1613599,User,2
jeremylan,5846306,User,2
jjangg96,927149,User,2
tytkal,264391,User,2
macournoyer,22,User,2
OsamaSayegh,17474474,User,2
pmusaraj,368961,User,2
windyson2008,4033451,User,2
zachGlasgow,19704935,User,2
blom,215454,User,2
infogulch,133882,User,2
5minpause,84148,User,1
achambers,416724,User,1
aashaka,10270239,User,1
derwiki,155087,User,1
aedensixty,16830523,User,1
AhmadFCheema,20906143,User,1
akshay-mohite,7801974,User,1
asdofindia,945777,User,1
albandiguer,689984,User,1
lex111,4408379,User,1
adkron,4253,User,1
ahx,8669,User,1
amotl,453543,User,1
andrewschleifer,141361,User,1
5thWall,280916,User,1
andyw8,13400,User,1
amalagaura,498234,User,1
anthonyalberto,872409,User,1
davydovanton,1147484,User,1
antonmoiseev,182853,User,1
darwin,5453,User,1
aputtu,1962581,User,1
arturtr,783678,User,1
arunisrael,65404,User,1
aslakknutsen,132158,User,1
barryvan,124363,User,1
benaadams,1142958,User,1
bendoerr,253068,User,1
bhicks,775600,User,1
lexibrent,1594962,User,1
begrif,28798848,User,1
bkerensa,859175,User,1
bradleypriest,167215,User,1
bradly,4227,User,1
bjfish,110023,User,1
balexand,181187,User,1
bcjordan,206973,User,1
brainkim,2996754,User,1
brittballard,129564,User,1
bryson,15582,User,1
duduribeiro,771411,User,1
charlesroper,176,User,1
baus,938787,User,1
chrisbeach,930131,User,1
cjbell,822528,User,1
cdesch,1207795,User,1
Yenwod,1895292,User,1
chrisgavin,5584439,User,1
cky,42980,User,1
keekerdc,474703,User,1
chris-ramon,1000404,User,1
claygriffiths,375381,User,1
crob611,515272,User,1
pixelcort,12979,User,1
shingara,1088,User,1
damiencaselli,37416,User,1
daemonsy,1251946,User,1
danielhers,263363,User,1
dpi,21850,User,1
darrennix,738245,User,1
djensen47,527865,User,1
dacap,39654,User,1
davguij,5205033,User,1
davh,2109282,User,1
DavidKeller,969244,User,1
davejlong,175317,User,1
davidpp,30426,User,1
deivid-rodriguez,2887858,User,1
davidsantoso,1288700,User,1
zsombor,3024,User,1
devonestes,8422484,User,1
dbarros,1286,User,1
dmitry,5091,User,1
dustalov,40397,User,1
happycollision,3663628,User,1
dougalcorn,31231,User,1
dtchau,832735,User,1
edward,325,User,1
ElTipejoLoco,22507424,User,1
intelliot,81505,User,1
elliots,622455,User,1
HeroicEric,602204,User,1
et,58678,User,1
ebernhardson,558434,User,1
eflynn,393986,User,1
fabianoleittes,279344,User,1
fny,346068,User,1
fayimora,648684,User,1
RauchF,7746494,User,1
piac,489572,User,1
grahammadden,4648478,User,1
practicingruby,4893,User,1
gtanczyk,1281113,User,1
karreiro,1079279,User,1
guillaumekln,4805513,User,1
Urth,654042,User,1
HerbJiang,875748,User,1
FooBarWidget,819,User,1
shime,703563,User,1
GriffinHeart,4281877,User,1
hungtrungthinh,6177853,User,1
mpakus,312477,User,1
JKillian,1400151,User,1
jhilden,69657,User,1
darthdeus,123374,User,1
jamesmarkcook,4274618,User,1
jamescook,4067,User,1
JEG2,5639,User,1
hyl,1311302,User,1
jammur,41523,User,1
jamiew,1903,User,1
jasonkriss,1836763,User,1
codetaylor,1240716,User,1
iamjarvo,321306,User,1
jetaggart,161737,User,1
jeffwidman,483314,User,1
jkingdon,16878,User,1
jithugopal,540232,User,1
