jnicklas,134,User,140
thomasklemm,1100176,User,46
deefour,14762,User,6
johnotander,1424573,User,4
iamvery,79619,User,4
olleolleolle,211,User,3
zeeraw,751958,User,3
ucarion,2180153,User,3
ecbypi,1111012,User,3
aapomm,1908272,User,2
asiniy,1296472,User,2
Envek,264400,User,2
bemurphy,124661,User,2
chrisalley,134437,User,2
igas,175652,User,2
justin808,1118459,User,2
rrrene,311914,User,2
twalpole,16556,User,2
timolehto,491473,User,2
nTraum,866318,User,2
Intrepidd,803765,User,1
AlexVPopov,3239252,User,1
isqad,751651,User,1
aderyabin,88676,User,1
somazx,7306,User,1
alindeman,395621,User,1
antulik,831942,User,1
bolshakov,991265,User,1
ayrton,440926,User,1
bmuller,182344,User,1
brookr,11095,User,1
ascendbruce,356911,User,1
astraldragon,846931,User,1
christiannelson,156139,User,1
koni84,2109144,User,1
DanielKehoe,950301,User,1
ramaboo,84117,User,1
Dillon-Benson,1431984,User,1
DylanFM,14375,User,1
elabs-dev,81170,User,1
eliotsykes,31698,User,1
HeroicEric,602204,User,1
fantasticfears,297343,User,1
djtal,5320,User,1
hwork,14731,User,1
ivanoats,4672,User,1
jeremyw,12091,User,1
joelcogen,414090,User,1
iGEL,36442,User,1
kirs,522155,User,1
m4i,8643,User,1
MatthewRDodds,1717864,User,1
maxcal,765647,User,1
michaelem,182228,User,1
michaldarda,1240505,User,1
md5,76367,User,1
sealocal,4951910,User,1
assembler,178890,User,1
nathanl,338814,User,1
nickrivadeneira,1431996,User,1
nicolasleger,570901,User,1
vanstee,228734,User,1
ShPakvel,282805,User,1
radanskoric,1065097,User,1
rob-murray,1809160,User,1
artofhuman,1192122,User,1
RaZer,54106,User,1
TrangPham,2117313,User,1
coop,64469,User,1
kathyonu,30484,User,1
wojtekmach,76071,User,1
wung-s,5159585,User,1
zach-taylor,2359186,User,1
beanieboi,29251,User,1
pathouse,4028193,User,1
yatmsu,436515,User,1
