jordansissel,131818,User,3770
fetep,314078,User,358
ph,640,User,326
suyograo,1595958,User,281
colinsurprenant,2010,User,241
untergeek,1020383,User,198
jsvd,31809,User,155
electrical,271677,User,147
nickethier,766500,User,138
original-brownbear,6490959,User,131
dedemorton,14206422,User,130
kurtado,1161427,User,129
andrewvc,131427,User,119
lusis,228958,User,107
wiibaa,659227,User,84
semiosis,1179099,User,48
talevy,388837,User,47
piavlo,111126,User,43
avishai-ish-shalom,174628,User,40
jamtur01,4365,User,37
dokipen,12744,User,35
mzaccari,646363,User,32
bodgit,559268,User,28
guyboertje,84912,User,28
MikeWorth,330807,User,26
theduke,241621,User,24
bfritz,70307,User,22
jakelandis,976291,User,21
alcy,308521,User,21
bernd,461,User,18
bleach,693486,User,16
organicveggie,861927,User,15
NickPadilla,1381015,User,14
michaelklishin,1090,User,14
adamjt,70330,User,13
awheeler,882180,User,13
jbochi,292712,User,13
robbavey,4061337,User,13
sbagmeijer,1921261,User,13
GregMefford,69467,User,12
andreacampi,33472,User,10
mrjcleaver,59202,User,10
wainersm,1249960,User,10
paulczar,2488346,User,10
mfournier,37533,User,8
nikicat,329262,User,8
ronnocol,5877013,User,8
ralphm,116741,User,7
bobtfish,42338,User,7
coolacid,1091410,User,7
AaronTheApe,112640,User,6
deverton,287143,User,6
rud,9337,User,6
yjpa7145,6790070,User,6
invadersmustdie,102175,User,6
rdcastro,241302,User,6
jarpy,119659,User,6
jbbarth,29363,User,6
timconradinc,1793879,User,6
acchen97,13039544,User,6
debadair,362578,User,6
alexdean,115486,User,5
bitprophet,6088,User,5
jnewland,47,User,5
KushalP,138382,User,5
mpilone,3026098,User,5
pieterlexis,731232,User,5
htam-net,3779325,User,5
kjoconnor,731233,User,5
magnusbaeck,9032797,User,5
lcawl,26471269,User,5
alappe,1357848,User,4
ecki,361432,User,4
bfulton,49157,User,4
clintongormley,56599,User,4
tabletcorry,456754,User,4
rasputnik,13841,User,4
dinomite,23986,User,4
ianneub,17455,User,4
jseidl,283041,User,4
jbuchbinder,954989,User,4
JonathanTron,2976,User,4
kamorin,779077,User,4
dakrone,19060,User,4
Neway6655,1468302,User,4
Finkregh,518090,User,4
jedi4ever,70908,User,4
runningman84,1699128,User,4
saez0pub,3484146,User,4
MattiaPeterle,4115895,User,4
gza,878724,User,4
7lima,20513943,User,3
blewa,658174,User,3
avleen,539525,User,3
bison,240676,User,3
clstokes,293763,User,3
danp,2182,User,3
dwbutler,746336,User,3
GlenRSmith,1327920,User,3
grantr,680,User,3
gdb,211857,User,3
gregretkowski,320556,User,3
jeremiahshirk,648199,User,3
joeyimbasciano,974317,User,3
joekiller,1022919,User,3
jsoref,2119212,User,3
jbussdieker,792768,User,3
leandromoreira,55913,User,3
breml,6205217,User,3
mrichar1,478653,User,3
mleinart,317999,User,3
neilprosser,231666,User,3
parkerd,1487150,User,3
purbon,68540,User,3
radu-gheorghe,1482088,User,3
luxflux,124441,User,3
StefanScherer,207759,User,3
gja,34746,User,3
turtlebender,41640,User,3
vbatts,67049,User,3
wesmaldonado,2290,User,3
alistar79,3536345,User,3
fbaligand,3750300,User,3
sbakke,1519841,User,3
xiaclo,1924401,User,3
masterzen,20242,User,3
machad,756937,User,3
tucker250,93297,User,3
vincentbernat,631446,User,3
shadyabhi,631797,User,2
dampcake,6202532,User,2
growse,378067,User,2
bdahon,5084243,User,2
bd808,6469,User,2
changsijay,245306,User,2
cluther,86579,User,2
cparedes,322741,User,2
stoni,571345,User,2
dpb587,207601,User,2
dfwarden,1267955,User,2
dkoprov,334030,User,2
fayep,565311,User,2
goncha,6884,User,2
gswallow,4225960,User,2
jake-nz,437471,User,2
jgaedicke,707739,User,2
lbjay,76242,User,2
smetj,1007219,User,2
JeremyEinfeld,2214238,User,2
jonathanq,589670,User,2
PriceChild,1044068,User,2
logongas,1575626,User,2
malthe,26405,User,2
manusfreedom,2192016,User,2
mv,41629,User,2
markwalkom,3184718,User,2
zimathias,609575,User,2
mguillaume,593098,User,2
rtkmhart,2601414,User,2
MikeSchuette,1688867,User,2
nick4eva,136439,User,2
nathanlburns,618290,User,2
ppf2,7216393,User,2
freethenation,541342,User,2
ryanmaclean,6923433,User,2
siddharthasahu,867424,User,2
simonmulser,2686617,User,2
smasset,2604733,User,2
tac0x2a,245998,User,2
thiyagu-p,406758,User,2
plankthom,1620679,User,2
timl,440164,User,2
zyphlar,48434,User,2
arnaudblancher,19363460,User,2
johnarnold,1329084,User,2
ruifcalves,2119775,User,2
sr-ix,2221789,User,2
tejaycar,3846348,User,2
vjestin,1961937,User,2
mrsolo,96771,User,2
cwurm,694597,User,2
khsing,40765,User,2
kkirsche,947110,User,2
pkubat,2483909,User,2
adler,107646,User,2
olagache,996562,User,2
rgevaert,66934,User,2
aqnouch,3692812,User,1
adambro,649233,User,1
atwardowski,727931,User,1
anayrat,6862220,User,1
aebm,1186256,User,1
selesse,563658,User,1
atambo,102009,User,1
spinscale,667544,User,1
andreaforni,1233582,User,1
AKoetsier,523991,User,1
Rotwang,11061,User,1
bboutier,1388172,User,1
bpowers,854918,User,1
boscoMW,736238,User,1
bwmeier,2432307,User,1
briandef,3241303,User,1
brianlow,938138,User,1
bgerm,75291,User,1
cmclaughlin,1061109,User,1
haoch,1282617,User,1
cgreatorexatonshape,16104853,User,1
KnightOfNight,1412769,User,1
pickypg,1501235,User,1
maguec,345153,User,1
chris-martin,399718,User,1
lofidellity,96076,User,1
tebriel,821688,User,1
jippi,22841,User,1
fujiiface,4998564,User,1
ciarand,2149341,User,1
QuinnyPig,489170,User,1
driegel,10881381,User,1
darrensony,8484289,User,1
LambdaDriver,904931,User,1
davialexandre,388373,User,1
arimus,228394,User,1
overplumbum,68717,User,1
DerekRoth,254092,User,1
quixoten,63675,User,1
timidri,1586813,User,1
drnic,108,User,1
drogerschariot,1655964,User,1
shurane,541433,User,1
erezzarum,2168711,User,1
daks,52996,User,1
decbis,860826,User,1
freimer,6484459,User,1
jagheterfredrik,253493,User,1
gmoskovicz,1675411,User,1
gshutler,81344,User,1
gehrhorn,286615,User,1
endemics,174683,User,1
quatre,262623,User,1
glefloch,1827790,User,1
gquintana,755587,User,1
hco,156839,User,1
harlanbarnes,879963,User,1
hectcastro,43639,User,1
hduregger,464487,User,1
hltbra,61387,User,1
z0rc,787519,User,1
nilya,131207,User,1
vassilevsky,252023,User,1
JWhy,656460,User,1
driskell,939815,User,1
jasperla,637504,User,1
jlgeering,388658,User,1
jeffcharles,154890,User,1
jelmerdereus,6837968,User,1
jjfalling,1078616,User,1
ronnicek,3885042,User,1
royaldark,1669397,User,1
joelio,263172,User,1
ururk,137989,User,1
jegt,217202,User,1
juliusl,5741075,User,1
jwoltman,223941,User,1
jlambert121,1409929,User,1
cosmok,21658,User,1
knuckolls,91188,User,1
kp96,8975718,User,1
doismellburning,817118,User,1
LeeDr,13542669,User,1
cyberplant,1236332,User,1
ManuelRauber,740791,User,1
volker48,69447,User,1
happymcplaksin,19288,User,1
Yggdrasil,61383,User,1
sathieu,741106,User,1
mbaxa,1420799,User,1
buckett,5921,User,1
mdaniel,22526,User,1
piepmatz,1163632,User,1
Mattias-,1002805,User,1
miah,49856,User,1
error418,7716544,User,1
mjr5749,1226257,User,1
ropiku,312,User,1
mortonfox,495892,User,1
Nagilum23,1509175,User,1
nuvan,1295405,User,1
ollyg,29653,User,1
olivierlemoal,1941583,User,1
pbarrera,497108,User,1
paurullan,305266,User,1
pfletch1023,1607180,User,1
ptinsleyicg,13279413,User,1
pdf,146192,User,1
coagentpai,909221,User,1
focusaurus,482377,User,1
hal-awesome,2215115,User,1
pusewicz,940,User,1
pitkley,833543,User,1
raf64flo,133268,User,1
raymondfeng,540892,User,1
ReadmeCritic,15367484,User,1
goblin,2834,User,1
robinbowes,104948,User,1
robin13,174291,User,1
romanzenka,66568,User,1
russorat,4805997,User,1
ryanschwartz,4556,User,1
scottwilkerson,1012726,User,1
dissonanz,1586146,User,1
szhem,1523889,User,1
ycombinator,51061,User,1
Shinjifox,3527584,User,1
shuge,57847,User,1
simono,874148,User,1
SpenserJ,90011,User,1
atmo,1881291,User,1
smat,129455,User,1
syntigo,5655342,User,1
ebuildy,1219817,User,1
ThomasdOtreppe,7316682,User,1
PragTob,606517,User,1
tolland,91288,User,1
tjrobinson,925311,User,1
laidig,793917,User,1
torrancew,235666,User,1
tugberkugurlu,328122,User,1
victorgp,593300,User,1
vreuter,12036370,User,1
vspiewak,2108652,User,1
wkruse,3473199,User,1
Wilfred,70800,User,1
Spredzy,1191411,User,1
lowstz,799701,User,1
bitsofinfo,1743646,User,1
bonky42,4395018,User,1
brizjin,3459211,User,1
cmertz,1691814,User,1
davux,134428,User,1
elliotmoore,1574673,User,1
pmyjavec,315096,User,1
emilesalem,16724715,User,1
eravenelle,3835223,User,1
wenpos,20151865,User,1
fbarbeira,2162415,User,1
hantuo,873728,User,1
izeye,1059363,User,1
jarsever,6435389,User,1
joemiller,377603,User,1
kcrayon,597256,User,1
seal-mt,6614267,User,1
olej-a,5099408,User,1
igormilovanovic,51771,User,1
prune998,1110398,User,1
rtoma,2914051,User,1
skokhanovskiy,10879527,User,1
stonith,1230015,User,1
stuart-warren,3208285,User,1
tobyw4n,1090153,User,1
vpranckaitis,9212555,User,1
vvuksan,260877,User,1
wickeddoc,121395,User,1
yangwei71,22551338,User,1
zhujinhe,3351040,User,1
hxtpoe,528685,User,1
truebit,754906,User,1
