KrauseFx,869950,User,8736
mfurtak,343134,User,483
asfalcone,1848683,User,434
ohayon,2587018,User,222
lacostej,24282,User,158
hjanuschka,2891702,User,139
snatchev,3312,User,116
milch,279407,User,104
lmirosevic,1628832,User,75
joshdholtz,401294,User,72
mpirri,1190389,User,69
taquitos,1304821,User,66
almassapargali,1816725,User,49
czechboy0,2182121,User,49
JaniJegoroff,2363231,User,43
samrobbins,986528,User,38
jinjorge,2208083,User,37
mathcarignani,484756,User,35
Liquidsoul,851631,User,33
dtrenz,639833,User,31
vpolouchkine,915660,User,30
squarefrog,343450,User,29
bartoszj,2134373,User,29
andrewpage,3052811,User,28
nafu,932290,User,27
neonichu,118992,User,27
radex,183747,User,25
henrinormak,1248491,User,24
xfreebird,201351,User,22
Ashton-W,1650398,User,21
giginet,147051,User,20
tmm1,2567,User,18
baarde,1251082,User,18
hemal,1069584,User,17
KiranPanesar,1433713,User,16
dral3x,447976,User,16
JaviSoto,666807,User,15
tobiasstrebitzer,222509,User,15
pajapro,3673765,User,14
ConfusedVorlon,586910,User,13
orta,49038,User,13
alexmx,1628901,User,12
alicertel,9300321,User,12
eytanbiala,1770794,User,12
ReadmeCritic,15367484,User,12
0xced,51363,User,12
mgrebenets,350654,User,11
maschall,727899,User,11
iOSAppMaker,15169453,User,11
skywinder,3356474,User,11
fabiomassimo,2462167,User,10
3arrett,1731082,User,10
gin0606,795891,User,10
ffittschen,7734806,User,10
joshrlesch,8480230,User,10
bassrock,1010384,User,10
adamcohenrose,104097,User,9
patoroco,701909,User,9
lyndsey-ferguson,5741516,User,9
birmacher,1549625,User,9
powtac,36167,User,9
marcelofabri,833072,User,9
paweldudek,968513,User,9
coreyfloyd,64771,User,8
dkhamsing,4723115,User,8
shrinkrayio,3394835,User,8
YYoko,14786158,User,8
yukiasai,6880730,User,8
dataich,15887,User,8
cbowns,474,User,7
HazAT,363802,User,7
dcordero,2320840,User,7
foozmeat,419456,User,7
johnboiles,218876,User,7
lgaches,64950,User,7
serluca,4053255,User,7
petester42,296718,User,7
sjrmanning,205064,User,7
taka0125,154242,User,7
thiagofelix,117622,User,7
jeeftor,6491743,User,7
Antondomashnev,2076088,User,6
DanToml,1330683,User,6
dbachrach,45016,User,6
GoodMirek,7804468,User,6
jacobvanorder,109652,User,6
marcboquet,14408,User,6
mathiasAichinger,1446177,User,6
maxgoedjen,342665,User,6
tadpol,1304946,User,6
Lutzifer,194417,User,6
fikeminkel,3966910,User,6
SemenovAlexander,6439273,User,6
olegoid,1524073,User,6
AliSoftware,216089,User,5
ashfurrow,498212,User,5
carlosefonseca,14120,User,5
ericertl,777783,User,5
jdee,121951,User,5
champo,202728,User,5
jules2689,3074765,User,5
keatongreve,596193,User,5
kcharwood,198768,User,5
koenpunt,351038,User,5
sirlantis,56807,User,5
mattdelves,1316785,User,5
futuretap,110374,User,5
PeterCen,685366,User,5
rafaortiz,710947,User,5
RishabhTayal,2100166,User,5
scottrhoyt,4259250,User,5
fulldecent,382183,User,5
kohtenko,800103,User,5
igor-makarov,16595309,User,5
getaaron,789577,User,4
brentkastner,3504948,User,4
KingOfBrian,114322,User,4
christopherstott,92120,User,4
Legoless,1434530,User,4
kommen,258,User,4
eliperkins,1051453,User,4
gersonmendes,10407690,User,4
jaleksynas,11510588,User,4
notjosh,33126,User,4
julsh,1628978,User,4
martinjuhasz,204190,User,4
martnu,186496,User,4
neilkimmett,1180883,User,4
oronbz,1288090,User,4
pbrooks,371931,User,4
samnung,352510,User,4
cooksimo,1697654,User,4
simonlevy5,498659,User,4
HeEAaD,118770,User,4
onato,107999,User,4
chreno,5689177,User,4
aln787,2243597,User,4
chevybowtie,5673752,User,4
tmtrademarked,16063079,User,4
znerol,23288,User,4
micnguyen,919166,User,4
aafa,755257,User,3
thelvis4,1589385,User,3
enozero,2337208,User,3
ngs,18631,User,3
phatblat,28851,User,3
fizker,736545,User,3
feralbob,8114,User,3
brianmichel,63919,User,3
brockboland,163838,User,3
chaselatta,638538,User,3
chrisamanse,12277586,User,3
jerolimov,139310,User,3
CraigSiemens,680442,User,3
DF-Franzi,8430672,User,3
doppelganger9,316439,User,3
Elaz,4477253,User,3
emilwojtaszek,735188,User,3
frobichaud,3533748,User,3
mcfedr,704356,User,3
gretzki,1668855,User,3
revolter,5748627,User,3
jeanregisser,57791,User,3
HughJeffner,9453825,User,3
hedjirog,242094,User,3
koglinjg,1810619,User,3
johnthepink,816517,User,3
juli1quere,231661,User,3
kballenegger,307861,User,3
kiliankoe,2625584,User,3
masa-beheim,13901943,User,3
matthewellis,760826,User,3
rs17b,5200882,User,3
panthomakos,186424,User,3
BalestraPatrick,3658887,User,3
pedrogimenez,2186324,User,3
raven,316931,User,3
reidab,13192,User,3
rossbeale,888271,User,3
soffes,52870,User,3
samsonjs,32487,User,3
zats,2688806,User,3
SiarheiFedartsou,266271,User,3
soheil,287288,User,3
vronin,1226916,User,3
bootstraponline,1173057,User,3
sunboshan,4976854,User,3
chinnawatp,9657800,User,3
colorbox,731436,User,3
esnick,11054583,User,3
gabu,17874,User,3
larryonoff,372616,User,3
nick2425,10333330,User,3
sebastianludwig,1715010,User,3
tiagomartinho,11032592,User,3
tnj,140446,User,3
snoato,4086170,User,3
flogehring,517510,User,3
mgamer,275666,User,3
onevcat,1019875,User,3
4brunu,784666,User,2
alexcristea,851201,User,2
alexsinger,626066,User,2
alliannas,1064453,User,2
mrgrauel,148758,User,2
armadsen,1057175,User,2
summera,2474416,User,2
beanieboi,29251,User,2
Dahlgren,288631,User,2
dusek,41975,User,2
BrettThePark,1700608,User,2
bgannin,7651093,User,2
lyricsboy,36460,User,2
bfcrampton,1890623,User,2
carolanitz,2445653,User,2
czivko,113611,User,2
chrisvire,517814,User,2
lalunamel,310232,User,2
d-date,20222809,User,2
dlo,38447,User,2
domhof,144998,User,2
Econa77,2995438,User,2
alloy,2320,User,2
fcy,105699,User,2
floriankrueger,646386,User,2
guidomb,390645,User,2
gfpacheco,3705660,User,2
gcamp,129745,User,2
hanneskaeufler,68024,User,2
huguesbr,1517759,User,2
igoris,604539,User,2
IngmarStein,490610,User,2
frisocki,404824,User,2
jlampa,919478,User,2
jack-stripe,23086671,User,2
jake,285917,User,2
JacobMuchow,5720430,User,2
jilouc,612462,User,2
johngibb,619602,User,2
grantjk,1066132,User,2
jcavar,3751289,User,2
JustinJiaDev,3337361,User,2
mokemokechicken,606549,User,2
knutigro,591532,User,2
kobim,679761,User,2
daniszewskik,16917590,User,2
kylejm,3501212,User,2
pieisgood,4284240,User,2
louislarry,4468580,User,2
lurbas,5858447,User,2
lipka,1035653,User,2
maciekish,442007,User,2
mandrizzle,1183297,User,2
marcomorain,448001,User,2
capyvara,1027847,User,2
markokeeffe,1211393,User,2
aquarius,42480,User,2
mposchen,1977528,User,2
WinterKirk,3236528,User,2
kmikael,1111937,User,2
mbogh,736606,User,2
MortenGregersen,759680,User,2
NachoSoto,685609,User,2
tsafrir,240442,User,2
Nodepad,3817812,User,2
pylebecq,351471,User,2
qmoya,653000,User,2
rafaelsachetto,42780,User,2
wolffan,1092080,User,2
rpowelll,320910,User,2
ravron,5354796,User,2
robertjpayne,214288,User,2
Palleas,48797,User,2
st3fan,28052,User,2
stufi,11847942,User,2
iCarambaa,7224274,User,2
sylvek,2259101,User,2
thasegaw,8136032,User,2
thii,4506500,User,2
ravinggenius,21517,User,2
thomasjoulin,52842,User,2
tcurdt,13697,User,2
icecrystal23,4441669,User,2
chipp,115227,User,2
WANGjieJacques,2981971,User,2
wanbok,68603,User,2
askl56,3062663,User,2
fastlane-bot-helper,17710331,User,2
ferdinandrosario,1284503,User,2
laiso,39830,User,2
ngutman,1540134,User,2
shoby,1694807,User,2
allewun,1256911,User,2
fullsailor,154187,User,2
benoittgt,8417720,User,2
nakiostudio,1814571,User,2
oysta,42010,User,2
davidrothera,2766321,User,2
dillan,225112,User,2
skevy,131916,User,1
adri,133832,User,1
agos,111486,User,1
aidenkeating,8698527,User,1
anurlybayev,131768,User,1
ajmccall,939454,User,1
alistra,233144,User,1
alaphao,7674479,User,1
alexmanzer,1938527,User,1
yanchenko,783598,User,1
sashabelonogov,3756452,User,1
iltempo,39845,User,1
avanderberg,215668,User,1
rymir,2323918,User,1
akofman,579922,User,1
a2,241156,User,1
alper,72429,User,1
anantn,37190,User,1
ChaosCoder,1395240,User,1
askielboe,52106,User,1
andrew,1060,User,1
SirArkimedes,3119506,User,1
AndreyNikiforov,158558,User,1
r00dY,775509,User,1
Zasuk,1292362,User,1
andydrizen,505385,User,1
amarcadet,1073483,User,1
anton-matosov,3339485,User,1
araratispiroglu,1640626,User,1
amenon,1328587,User,1
atreat,1031555,User,1
BKaaa,13520627,User,1
AdiDaniBaeyens,28343031,User,1
bkockx,6672864,User,1
benhanzl,5903,User,1
kreeger,58783,User,1
bsheats,515385,User,1
benjaminboxler,5331101,User,1
benoitsan,528847,User,1
berrygoudswaard,8527580,User,1
bitdeli-chef,3092978,User,1
Bogidon,3252307,User,1
bolom,72155,User,1
brad,1614,User,1
bradtheappguy,31060,User,1
bfolkens,2154,User,1
interstateone,594059,User,1
bgerstle,444217,User,1
samsonasu,205423,User,1
solon,48528,User,1
brookstalley,512114,User,1
belawaeckerlig,3233929,User,1
cadesalaberry,1447513,User,1
carlosh,31513,User,1
cwilhelm,731534,User,1
Fawxy,9826062,User,1
ChrisChares,1673075,User,1
cgoldsby,3449816,User,1
tache,594187,User,1
streeter,164168,User,1
LegNeato,368904,User,1
cmittendorf,119649,User,1
chrisfsampaio,1003067,User,1
jstart,108218,User,1
claesjacobsson,507101,User,1
cbrockschmidt,6626633,User,1
codykimberling,1019296,User,1
colinmcd94,3084745,User,1
colmdoyle,406463,User,1
corymsmith,7315,User,1
t4keo,6909701,User,1
edwardsdl,4146705,User,1
dbarden,104456,User,1
daniel-beard,2645146,User,1
danielbowden,1997110,User,1
kokuyoku82,637241,User,1
danramteke,15749,User,1
DanielMSchmidt,1337046,User,1
dwhitlow,1234839,User,1
danydev,2708453,User,1
daveanderson,961592,User,1
dbireta-mediafly,19611633,User,1
davidlormor,3712117,User,1
davidschreiber,1101857,User,1
dtorres,71180,User,1
djsison,2627001,User,1
DmitryArbuzov,8289095,User,1
dkra89,4573460,User,1
dasdom,4385357,User,1
nubbel,118781,User,1
dougsuriano,719583,User,1
tabuchid,39024,User,1
sainttail,3015139,User,1
somedev,425339,User,1
scompt,277576,User,1
elliot-nelson,58273,User,1
emmaviolet,8298818,User,1
esusatyo,598139,User,1
efrohnhoefer,1333982,User,1
intere,2284832,User,1
ejohansson,1080675,User,1
EricKuck,2039026,User,1
emcniece,1182187,User,1
ertemplin,203148,User,1
eskerber,75236,User,1
esttorhe,2642850,User,1
grisevg,155348,User,1
EvgeneOskin,1742201,User,1
egrim,401011,User,1
farshadtx,5616153,User,1
arsonik,1333734,User,1
phelgo,5181522,User,1
GantMan,997157,User,1
ghuntley,127353,User,1
giacgbj,1658549,User,1
gpbl,120693,User,1
