tagomoris,230654,User,1198
repeatedly,16928,User,927
frsyuki,40720,User,405
okkez,33111,User,316
cosmo0920,700876,User,172
sonots,2290461,User,108
mururu,978649,User,82
ganmacs,5616899,User,81
okahashi117,4837626,User,71
nurse,13423,User,51
kzk,108656,User,30
kiyoto,178554,User,28
kazegusuri,2457753,User,21
itiut,1145226,User,13
MasayukiKiyota,4554448,User,12
naritta,7600075,User,12
kentaro,3458,User,11
hotchpotch,3500,User,11
llby,1298664,User,8
toyama0919,734403,User,8
iantalarico,5264734,User,6
y-ken,1734549,User,6
edsiper,369718,User,6
komamitsu,59043,User,5
Telmo,109544,User,5
unak,17790,User,5
t-osakada,22335291,User,5
miyakawataku,712804,User,4
moriyoshi,18755,User,4
mr-salty,7683836,User,4
jitran,2791524,User,4
mzp,9650,User,4
a-robinson,7085343,User,3
ajohnstone,173567,User,3
icy,75696,User,3
CSharpRU,640600,User,3
tatsu-yam,6198297,User,3
yui-knk,5356517,User,3
nahi,44209,User,2
RafaelSzefler,1748270,User,2
piroor,70062,User,2
yuuki1224,1756640,User,2
joker1007,116996,User,2
takumakanari,2722762,User,2
uu59,499680,User,2
kou,27350,User,2
oza,104111,User,2
rail44,2589397,User,2
parolkar,4930,User,1
skippy,3746,User,1
angry-cellophane,3147673,User,1
atikhonov-avito,23142993,User,1
edevil,12426,User,1
agup006,3642874,User,1
abecciu,38887,User,1
baepiff,1399501,User,1
chad-skidmore,882753,User,1
dankohn,3083270,User,1
eiichiroi,430848,User,1
emsearcy,1682693,User,1
fesplugas,2720,User,1
georgebashi,172470,User,1
hhatto,150309,User,1
hiroyoshikawa,758474,User,1
tsuda7,516658,User,1
islue,376550,User,1
ichii386,1175405,User,1
methane,199592,User,1
jdconley,264746,User,1
sovioletta,8108554,User,1
jwolski2,26673285,User,1
HatsuneMiku3939,580053,User,1
kiela,680266,User,1
znz,11857,User,1
mokemokechicken,606549,User,1
giwa,1803581,User,1
mazgi,194222,User,1
mrb,2878,User,1
nparry,49201,User,1
nobu-k,61242,User,1
qwiggy,1396355,User,1
sakuro,10973,User,1
Paulche,554135,User,1
pjjw,638,User,1
richm,23066,User,1
dlackty,14349,User,1
riywo,37822,User,1
taichi,66100,User,1
sergeyfedotov,2290214,User,1
makimoto,34493,User,1
sorah,29440,User,1
chibicode,992008,User,1
shuji-koike,1072158,User,1
takebayashi,203699,User,1
kikumoto,86998,User,1
nokute78,16795275,User,1
luhn,1570245,User,1
thbishop,5088,User,1
wallyqs,26195,User,1
Spredzy,1191411,User,1
ysksn,1235270,User,1
hoshi-sano,1905688,User,1
ephemeralsnow,4017914,User,1
a-know,1097533,User,1
akihiro17,7583548,User,1
bitterb,2077708,User,1
camelmasa,189824,User,1
cynipe,242079,User,1
hirochachacha,898442,User,1
kawanet,9765,User,1
kenjiskywalker,1315074,User,1
knqyf263,2253692,User,1
loveshell,1836888,User,1
moccos,1900919,User,1
panage,18702821,User,1
tanipee323,2639825,User,1
tomykaira,789929,User,1
ymizushi,788785,User,1
zheolong,5104916,User,1
