randx,305940,User,10980
DouweM,159434,User,3108
tsigo,16124,User,2967
rymai,1168,User,2145
iamphill,741068,User,2032
grzesiek,7012031,User,1757
axilleas,340023,User,1453
godfat,10416,User,1188
jschatz1,322665,User,1125
stanhu,963826,User,1114
smcgivern,1120328,User,1094
annabel,3825729,User,1037
bluegod,999323,User,1012
jacobvosmaer,1336311,User,1011
asumaran,1025173,User,980
maxlazio,819559,User,854
dosire,22061,User,845
vsizov,417636,User,825
dbalexandre,2815,User,815
YorickPeterse,86065,User,780
mikegreiling,812328,User,667
fatihacet,712419,User,647
Razer6,278301,User,540
ClemMakesApps,3363898,User,529
ZJvandeWeg,2529595,User,516
LukeeeeBennett,5678671,User,509
timothyandrew,423650,User,359
selfup,9837366,User,359
riyad,99679,User,347
dosuken123,4432788,User,333
tiagonbotelho,9062611,User,331
connorshea,2977353,User,280
rdavila,9183,User,271
jvanbaarsen,1362793,User,235
brycepj,5140329,User,227
tmaczukin,628188,User,225
NARKOZ,253398,User,217
htve,12823374,User,189
felipefac,296733,User,183
bbodenmiller,1192780,User,181
cirosantilli,1429315,User,179
Reprazent,397196,User,169
supernova32,723365,User,167
brodock,20575,User,151
pchojnacki,812891,User,140
VirtuaCreative,13464393,User,129
adamniedzielski,2426386,User,127
MadLittleMods,558581,User,121
winniehell,1652293,User,116
zzet,510788,User,112
To1ne,121621,User,107
Andrew8xx8,672631,User,105
eReGeBe,2125699,User,104
pacoguzman,10926,User,95
blackst0ne,1610813,User,93
JobV,2085120,User,92
mr-vinn,2551678,User,89
hiroponz,72138,User,89
kradydal,9342599,User,88
twk3,2806882,User,88
dimitrieh,429659,User,87
ahmadsherif,1060507,User,82
nmrony,2513341,User,81
SaitoWu,348915,User,74
AlexDenisov,1175576,User,70
filipalacerda,1009240,User,69
ariejan,1913,User,64
psimyn,1731922,User,64
justahero,1305185,User,62
joshfng,302764,User,61
tnir,10229505,User,61
elvongray,9481023,User,53
mkozono,2146011,User,51
jewilmeer,13600,User,50
artofhuman,1192122,User,48
markpundsack,319891,User,47
otzy007,626792,User,44
SeanPackham,3830791,User,44
robbkidd,517302,User,39
miks,686243,User,39
dblessing,2394772,User,37
senny,5402,User,36
bkcsoft,4726179,User,35
dubcanada,120325,User,35
inner-whisper,456066,User,34
alexbrahastoll,2220181,User,33
kimquy,2282642,User,33
mathstuf,97253,User,32
koenpunt,351038,User,32
kushalpandya,1748044,User,32
koffeinfrei,176582,User,31
geoandri,7126008,User,31
skv-headless,1488195,User,31
MrChrisW,5282264,User,30
alexkv,390214,User,30
gizotti,1103597,User,27
randaalex,548306,User,27
ubudzisz,9639111,User,26
lawli3t,728952,User,25
jouve,1096799,User,25
jojosch,327488,User,25
h-sato79,13956643,User,23
toupeira,6501,User,23
jirutka,949228,User,22
spetri,1146420,User,22
deckar01,3108007,User,20
jeroennijhof,988746,User,20
0xbsec,8887221,User,20
mikew,4729,User,19
airatdev,1680978,User,17
glensc,199095,User,17
artem-sidorenko,1645670,User,17
intrip,1753245,User,16
rumpelsepp,1961699,User,16
barthc,8580864,User,16
andrebsguedes,5301739,User,15
skyruler,338507,User,15
jackbot,299340,User,15
leandro,10512,User,15
Soullivaneuh,1698357,User,15
amacarthur,2125484,User,14
eisnerd,441072,User,14
fuxu,1306258,User,14
rmacklin,1863540,User,14
samrose3,11774595,User,14
hanloong,195477,User,13
huacnlee,5518,User,13
Munken,773660,User,13
fidomax,3898699,User,13
victorwu416,10860550,User,13
Baldinof,1597384,User,13
yglukhov,6962409,User,13
Bugagazavr,683590,User,13
dgerhardt,3731006,User,12
stephanvl,1942599,User,12
Rovanion,632775,User,12
alexcern,2931658,User,11
crohr,6114,User,11
Jamedjo,1028741,User,11
brunsa2,131426,User,11
CyBeRoni,5394358,User,11
martincabrera,4931634,User,11
jubianchi,327237,User,11
devaroop,582200,User,11
dpursehouse,836426,User,10
filkra,7255767,User,10
vicvega,715065,User,10
janten,1794407,User,10
asedge,4359059,User,10
sekl,1530700,User,10
bladealslayer,790743,User,9
cperessini,21684324,User,9
DanKnox,967413,User,9
sorra,1264698,User,9
lyda,714124,User,9
linus,105278,User,9
vanadium23,2872741,User,9
ritave,1614945,User,9
jacargentina,517228,User,9
iamntz,132062,User,9
robertd,31543,User,9
EspadaV8,115825,User,8
atomaka,650603,User,8
avakarev,745407,User,8
CedricGatay,151195,User,8
cspicer,226306,User,8
dawagner,6430928,User,8
Xylakant,337823,User,8
hnrysmth,566159,User,8
Rukenshia,1899599,User,8
yuters,801718,User,8
m4tthumphrey,582971,User,8
Popl7,4224518,User,8
dixpac,7427365,User,8
jdamick,12317,User,8
tsl0922,1680515,User,8
saveav,166730,User,7
simonswine,223048,User,7
chulkilee,69235,User,7
danrowden,935215,User,7
veprbl,245573,User,7
dmedvinsky,104330,User,7
funglaub,32948,User,7
ggarnier,86251,User,7
jlogandavison,15239372,User,7
jasonblanchard,1238532,User,7
mltsy,248385,User,7
nikashitsa,1029908,User,7
patthoyts,30739,User,7
woodchuck,177995,User,7
visibletrap,625523,User,7
timmjd,508684,User,7
bogdanvlviv,6443532,User,7
the-undefined,191664,User,7
olhado,15039,User,7
pmq20,13315,User,7
yatish27,1014383,User,7
adamjleonard,80531,User,6
alexsanford,842193,User,6
arthurschreiber,2195,User,6
bennypowers,1466420,User,6
BeRMaNyA,142365,User,6
brunoga,1944863,User,6
saily,506283,User,6
novalis,77003,User,6
dsander,20943,User,6
drewblessing,2078248,User,6
flevour,62053,User,6
nilsding,1809170,User,6
raphendyr,2327687,User,6
jameswritescode,120390,User,6
nesk,817508,User,6
beydogan,1767434,User,6
samrocketman,875669,User,6
csware,428133,User,6
tmlee,110264,User,6
jurre,749864,User,6
wendy0402,4647969,User,6
cpallares,5558813,User,6
robbytaylor,2005679,User,6
babatakao,277476,User,6
abevoelker,153459,User,5
aliibrahim,79108,User,5
arif-ali,628790,User,5
artiom,15435,User,5
aus,549081,User,5
BM5k,29762,User,5
SuperQ,1320667,User,5
dewetblomerus,2397841,User,5
elygre,23876,User,5
troszok,17826,User,5
szechyjs,847739,User,5
jarkadlec,2269150,User,5
johanbrandhorst,6604151,User,5
trimentor,213738,User,5
lucasdchamps,24385006,User,5
fxposter,109216,User,5
pravi,708222,User,5
linniksa,424343,User,5
voxsim,1021456,User,5
hhoopes,14062214,User,5
secustor,17493763,User,5
sue445,608755,User,5
abner,42773,User,5
ameily,749571,User,4
alexmt,426437,User,4
bak1an,242988,User,4
aureliojargas,282592,User,4
duduribeiro,771411,User,4
bushong1,236700,User,4
Totof6942,3278827,User,4
dserodio,233589,User,4
didemacet,4073993,User,4
tribut,719105,User,4
gsmethells,3286666,User,4
jasperdenkers,2210857,User,4
j0k3r,62333,User,4
jerbob92,1312921,User,4
jbornschein,241247,User,4
johannesbecker,11005312,User,4
craftyjon,116737,User,4
Random-Primate,4970073,User,4
jllaneras,1679807,User,4
JDiPierro,867375,User,4
keithpitt,25882,User,4
LukeHowellDev,202615,User,4
makotogitdev,5796719,User,4
mrueg,489370,User,4
m-a-r-c-o,1237001,User,4
MrMarvin,100136,User,4
MatthewRDodds,1717864,User,4
kugaevsky,125203,User,4
certik,20568,User,4
pcarranza,4496338,User,4
pascalbetz,16653,User,4
PeterDaveHello,3691490,User,4
ESWAT,65468,User,4
yuchi,646609,User,4
rdoursenaud,1210367,User,4
rpadovani,1713343,User,4
oreofish,1166458,User,4
stevenorman,11871484,User,4
Thirumal737,7488417,User,4
iamtjg,2824082,User,4
PragTob,606517,User,4
kfei,1492892,User,4
marmis85,1887387,User,4
three18ti,1242835,User,4
zzjin,679757,User,4
3kami3,12627100,User,3
felipecabargas,1175479,User,3
sodabrew,39406,User,3
abhid,430394,User,3
strugee,911174,User,3
alexleutgoeb,143259,User,3
pupaxxo,2815664,User,3
jastkand,1298360,User,3
bozaro,2458138,User,3
bmonty,1451395,User,3
bernardodsanderson,5623786,User,3
clayzermk1,1075015,User,3
fantasywind,1902526,User,3
cmckni3,735717,User,3
chriscool,208954,User,3
docwhat,40799,User,3
FireFart,105281,User,3
CromFr,999188,User,3
dantudor,1281127,User,3
japgolly,202935,User,3
devkhan,8049092,User,3
dresende,157494,User,3
dmcrystax,16279002,User,3
eki,4764,User,3
frlan,1010248,User,3
fchasen,213312,User,3
GeorgeDewar,5344417,User,3
eval,290596,User,3
example123,87628,User,3
herminiotorres,1036970,User,3
hsanson,900716,User,3
begnini,283823,User,3
jdsn,27084,User,3
jacob-carlborg,306980,User,3
jbrooksuk,246103,User,3
earldouglas,424946,User,3
jeje-50,7947220,User,3
jblaine,438740,User,3
jeroenj,76424,User,3
jcorcuera,181718,User,3
josephfrazier,6473925,User,3
archiloque,3771,User,3
keikubo,42560,User,3
LeonB,3979,User,3
ldachary,11650351,User,3
mahcsig,6353867,User,3
mavimo,43941,User,3
maxraab,12211887,User,3
brugidou,167633,User,3
mmoll,1434927,User,3
mpotthoff,2939446,User,3
mitchty,611923,User,3
nkukard,2354782,User,3
oswaldoferreira,1419991,User,3
PaulCharlton,1747363,User,3
perryfaro,1935984,User,3
clorichel,12629433,User,3
PotHix,14836,User,3
djaiss,61099,User,3
richardc,55650,User,3
robmv,1652983,User,3
rtripault,300920,User,3
sstanovnik,8071628,User,3
Baertierchen,4766432,User,3
Backbone81,10520233,User,3
skburgart,1883102,User,3
seb4stien,4692513,User,3
TheTedHogan,6109940,User,3
terrywang,119261,User,3
tbalthazar,3520,User,3
misilot,1446856,User,3
tombruijn,282402,User,3
tdm00,750699,User,3
elvanja,674883,User,3
vitalybaev,724423,User,3
VonC,79478,User,3
waful,1301807,User,3
crazyscience,2654470,User,3
elliotec,4829208,User,3
fcat,835308,User,3
henthe-5,15998899,User,3
mattes,1240531,User,3
shtirlic,74080,User,3
twonegatives,1937799,User,3
alexkeramidas,4745693,User,3
adambuckland,1270184,User,2
ahmedshafeeq,4505024,User,2
akramfares,1431503,User,2
pkill,695501,User,2
agjmills,1158289,User,2
simonoff,14304,User,2
