netzpirat,13811,User,624
e2,150197,User,412
thibaudgg,1322,User,396
rymai,1168,User,247
yannlugrin,9294,User,30
Maher4Ever,277764,User,26
stereobooster,179534,User,19
limeyd,12856,User,16
johnbintz,27256,User,16
earlonrails,666467,User,10
foxycoder,309331,User,10
monocle,314922,User,10
alandipert,26024,User,8
joshbuddy,8898,User,8
anithri,62714,User,8
amiel,27160,User,7
docwhat,40799,User,7
matthijsgroen,23627,User,7
cablegram,788224,User,7
hawx,146390,User,6
mislav,887,User,6
niklas,9176,User,6
timmfin,60455,User,6
mrloop,12345,User,6
nickmabry,46992,User,5
capotej,6135,User,4
kiela,680266,User,4
pskocik,18250169,User,4
rrrene,311914,User,4
uk-ar,235329,User,4
webhat,164971,User,3
nestegg,6655,User,3
ianwhite,5980,User,3
ideasasylum,14988,User,3
jredville,524,User,3
envygeeks,99763,User,3
schmurfy,2983,User,3
oliamb,13450,User,3
hron,39293,User,2
lesniakania,193863,User,2
f1sherman,349804,User,2
bltavares,109474,User,2
ches,13277,User,2
christhekeele,1406220,User,2
daaain,69962,User,2
d1,358094,User,2
dnagir,195035,User,2
mcmire,7371,User,2
henare,48945,User,2
nevir,41373,User,2
IvanUkhov,57440,User,2
jrsacks,412296,User,2
viking,8177,User,2
npostolovski,5882833,User,2
nicksieger,154,User,2
gix,51795,User,2
octave,343,User,2
raulmt,632782,User,2
spadin,21626,User,2
tpope,378,User,2
philomory,200123,User,2
rking,1808645,User,2
deivid-rodriguez,2887858,User,2
rudicode,416305,User,2
rmm5t,740,User,2
aqnouch,3692812,User,1
adius,969983,User,1
indirect,78,User,1
tobarja,380136,User,1
bquorning,22333,User,1
tinogomes,6305,User,1
yous,853977,User,1
cknadler,476505,User,1
semperos,231375,User,1
zonque,106304,User,1
robert2d,813038,User,1
dmzza,120893,User,1
Dominik-Sauer,6087500,User,1
ericboehs,28198,User,1
tabfugnic,755201,User,1
fnichol,261548,User,1
Gaurav2728,1284716,User,1
gmacdougall,764390,User,1
hakanensari,31693,User,1
hedgehog,50418,User,1
iljoo,44770,User,1
jamesdabbs,1079270,User,1
jaredfolkins,176908,User,1
jasonly,7351267,User,1
jinzhu,6843,User,1
jgorset,195266,User,1
jgrocho,494435,User,1
tilsammans,14680,User,1
juanibiapina,568764,User,1
havran,326530,User,1
etehtsea,100999,User,1
lucianosousa,44833,User,1
maio,18138,User,1
martco,420959,User,1
martoche,39396,User,1
mattbrictson,189693,User,1
mattgreen,181487,User,1
mpapis,48054,User,1
nathany,4566,User,1
Nerian,259568,User,1
NickClark,239069,User,1
oli,10498,User,1
pritchie,15175,User,1
gdi2290,1016365,User,1
pedroadame,10598666,User,1
petervandenabeele,55656,User,1
pcreux,45299,User,1
Gazer,4705,User,1
ricardovaleriano,102638,User,1
rramsden,82835,User,1
rhec,62127,User,1
ryanricard,438435,User,1
bronson,1776,User,1
scottdavis,11871,User,1
Sheile,191358,User,1
shevaun,457431,User,1
voidus,124298,User,1
laserlemon,34264,User,1
sunaku,9863,User,1
takashi,1506738,User,1
thomasv314,584675,User,1
tvarley,2472280,User,1
tpiekos,5161,User,1
trayo,6809782,User,1
marocchino,128431,User,1
waldo,40235,User,1
wobh,2178906,User,1
brainopia,386,User,1
cartoloupe,4593934,User,1
dfyx,458055,User,1
ReadmeCritic,15367484,User,1
mordaroso,15565,User,1
namick,220893,User,1
kovalevsky,203871,User,1
theoretick,1449707,User,1
zoras,365783,User,1
oem,230631,User,1
