jacknagel,568243,User,7566
adamv,3566,User,5697
MikeMcQuaid,125011,User,3041
asparagui,518607,User,2056
DomT4,6998367,User,1971
xu-cheng,3105373,User,1436
mxcl,58962,User,1318
mistydemeo,780485,User,1042
bfontaine,1334295,User,966
vszakats,1446897,User,710
dunn,985416,User,591
nijikon,150547,User,518
Sharpie,54181,User,473
tschoonj,65736,User,401
tdsmith,173889,User,342
0xffea,24201,User,278
samueljohn,725299,User,272
afh,16507,User,237
Noctem,1787524,User,183
apjanke,2618447,User,178
asaph,760071,User,166
UniqMartin,11892150,User,152
dstftw,1908898,User,150
manphiz,47980,User,141
MindTooth,35828,User,133
mnaberez,52712,User,131
dholm,88668,User,123
cosmo0920,700876,User,108
makigumo,565430,User,101
lovebug356,51261,User,100
mkhl,505,User,99
zmwangx,4149852,User,98
kashif,8100,User,98
anarchivist,73732,User,96
jaimeMF,1239727,User,96
chdiza,3311113,User,84
stianeikeland,680040,User,82
ilovezfs,5268928,User,77
alex,772,User,76
mislav,887,User,74
chrmoritz,1686759,User,72
sferik,10308,User,69
FooBarWidget,819,User,68
sjackman,291551,User,67
fsouza,108725,User,65
fceller,392005,User,65
telemachus,62958,User,65
camillol,196272,User,64
John-Colvin,1867189,User,64
eagleflo,9784,User,64
jezdez,1610,User,63
joeploijens,2559697,User,61
denji,3759759,User,59
trevor,5945,User,56
guoxiao,528318,User,53
vladshablinsky,4408920,User,52
L2G,106988,User,50
lembacon,251435,User,50
AtnNn,706854,User,46
felixbuenemann,909587,User,46
toddboom,53132,User,46
fbrosson,8014660,User,45
nemith,349360,User,44
ssp,40549,User,44
lotia,194563,User,44
mbi,131808,User,43
HeEAaD,118770,User,43
dakcarto,1295919,User,42
tianyicui,53024,User,42
LoonyPandora,53843,User,41
TylerBrock,280807,User,41
avsm,53164,User,40
geoff-codes,3162811,User,40
dplarson,1169109,User,39
mietek,166207,User,39
darashi,2363,User,39
sinzui,243974,User,38
MerelyAPseudonym,831177,User,38
jpsim,474794,User,37
petere,105543,User,37
stuwil,2296959,User,37
seanjreilly,488180,User,37
CarlosBorroto,240588,User,36
chadcatlett,108175,User,36
tomyun,906626,User,36
michaelpq,985332,User,36
luzpaz,4140247,User,36
ehershey,286008,User,36
youtux,778703,User,35
yous,853977,User,35
josh,137,User,35
justinclift,406299,User,34
Moisan,31669,User,34
amarshall,153175,User,32
tedpennings,310323,User,32
uyjulian,1689374,User,32
robsonpeixoto,124390,User,32
bartleusink,577895,User,31
clemensg,201310,User,31
gastaldi,54133,User,30
gunnaraasen,628831,User,30
jconley,22428,User,29
hanxue,760008,User,29
sjonnet19,1060672,User,29
arnested,190005,User,28
jkarneges,521953,User,28
SaberUK,1565825,User,28
robert914,214286,User,28
jodal,43726,User,28
henry0312,433434,User,28
woodruffw,3059210,User,28
dlh,20690,User,27
jasontedor,4744941,User,27
josevalim,9582,User,27
koraktor,66112,User,27
tifayuki,5781551,User,27
Chilledheart,2123461,User,26
cehoffman,27545,User,26
QuinnyPig,489170,User,26
mdippery,22942,User,25
RuiPereira,349989,User,25
dinkypumpkin,243976,User,25
havenwood,378214,User,25
rubenfonseca,10713,User,25
staticfloat,130920,User,24
junegunn,700826,User,24
kevmoo,17034,User,24
sdorra,493333,User,24
urdh,105257,User,24
kylef,44164,User,24
seratch,19658,User,24
pthariensflame,1847577,User,23
alexbarton,174961,User,23
mnunberg,436049,User,23
adriancole,64215,User,23
zbeekman,279612,User,23
andypiper,552452,User,22
benjaminfrank,13114612,User,22
edwardgeorge,1572,User,22
l-hedgehog,31391,User,22
ianml,13529,User,22
rakkesh,8409113,User,22
scpeters,3650755,User,22
amscotti,598958,User,21
ColinHebert,232139,User,21
jawshooah,4551271,User,21
avsej,7280,User,21
alloy,2320,User,21
ELLIOTTCABLE,200,User,21
adammw,153219,User,20
indirect,78,User,20
kulakowski,531313,User,20
jasonkarns,119972,User,20
lgrz,158654,User,20
mattfarina,62991,User,20
rhendric,1570964,User,20
minrk,151929,User,20
mnuessler,433362,User,20
andyshinn,315485,User,20
afb,129896,User,19
thoughtpolice,3416,User,19
dtrebbien,277166,User,19
dcoeurjo,700165,User,19
dhess,2438,User,19
nandub,84796,User,19
gabelevi,1887264,User,19
rillian,225102,User,19
AAS,179733,User,19
mindrones,1309648,User,19
docwhat,40799,User,19
moyogo,1923747,User,19
CNA-Bld,2557768,User,18
sparrc,7155926,User,18
cdlm,136339,User,18
dpo,38760,User,18
msabramo,305268,User,18
adzenith,614934,User,18
sorin-ionescu,93816,User,18
theopolis,981645,User,18
spicyj,6820,User,18
marpaia,927168,User,18
AGWA,321605,User,17
andyli,103977,User,17
cndreisbach,956,User,17
emcrisostomo,6645610,User,17
Frizlab,523041,User,17
casallas,637011,User,17
bobthecow,53660,User,17
astiob,515193,User,17
Habbie,525838,User,17
robinkunde,3142400,User,17
pigoz,24681,User,17
tobiasbrunner,457648,User,17
dickeyxxx,216188,User,17
kbinani,1030301,User,17
adunning,1084407,User,16
bdd,11135,User,16
chriskau,6806,User,16
dericed,762604,User,16
domix,21805,User,16
esamson,126022,User,16
gergoerdosi,371149,User,16
urbaniak,25346,User,16
lra,122286,User,16
marcqualie,101022,User,16
waynegraham,45000,User,16
ojab,153388,User,16
yanniks,993397,User,16
mblair,63750,User,16
tokuhirom,21084,User,16
arlolra,123708,User,16
glehmann,325401,User,16
alexandregz,1374718,User,15
anatol,7032,User,15
davidbalbert,123350,User,15
jberkel,18891,User,15
marcoceppi,70613,User,15
mdaniel,22526,User,15
lvivski,150421,User,15
royhodgman,451054,User,15
nobeans,18579,User,15
richo,476418,User,15
secondplanet,536365,User,15
carlmod,1431547,User,14
chuanconggao,6963729,User,14
blackgear,4780199,User,14
eugenesan,406768,User,14
x2on,195724,User,14
janl,11321,User,14
ashgti,22535,User,14
karmi,4790,User,14
mavam,53797,User,14
tobstone,349584,User,14
kmowery,146162,User,14
remiprev,11348,User,14
thefloweringash,42933,User,13
dch,284368,User,13
drewwells,239123,User,13
frankban,1408172,User,13
fran6co,726088,User,13
josa42,423234,User,13
kballard,714,User,13
kozo2,12192,User,13
leepa,9469,User,13
godfat,10416,User,13
cypher,978,User,13
Sep102,350447,User,13
iMichka,3406519,User,13
MylesBorins,498775,User,13
scorphus,2112697,User,13
rlespinasse,1280212,User,13
ryansch,146013,User,13
tamird,1535036,User,13
durka,47007,User,12
nox,123095,User,12
ashb,34150,User,12
goodell,78560,User,12
Godin,138671,User,12
magicmonty,315639,User,12
mikegoodspeed,821007,User,12
tgray,186651,User,12
tuncer,4232,User,12
zhouyan,538601,User,12
kjedamzik,2249863,User,12
dgageot,153495,User,12
fpfeng,2508212,User,11
kad,41858,User,11
AlekSi,11512,User,11
bps,9909,User,11
cscetbon,2619840,User,11
decors,34811,User,11
nelstrom,7069,User,11
elig,499928,User,11
elyscape,792695,User,11
fmccann,5367929,User,11
zedtux,478564,User,11
dancek,245394,User,11
Kentzo,88809,User,11
zimbatm,3248,User,11
Midar,752237,User,11
ziz,6026,User,11
bilke,149656,User,11
liborw,132918,User,11
toonetown,97324,User,11
AliSoftware,216089,User,11
patrickxb,2508,User,11
knutwalker,633183,User,11
pdeffendol,8208,User,11
resmo,23809,User,11
wingyplus,484530,User,11
TingPing,798838,User,11
paxswill,178273,User,11
hydrajump,6806679,User,11
takahi-i,339436,User,11
jiegec,6127678,User,11
kyohsuke,573880,User,11
gizmomogwai,165273,User,11
xicilion,26833060,User,11
bayandin,864213,User,10
amjith,49260,User,10
aredridel,2876,User,10
ches,13277,User,10
acdha,46565,User,10
colindean,197224,User,10
dwalters,3239,User,10
david0,1685610,User,10
davvid,13196,User,10
sukima,70075,User,10
gbeine,2093685,User,10
haraldF,547273,User,10
houtanb,584723,User,10
brandt,706186,User,10
brunchboy,2228869,User,10
JensErat,628441,User,10
jeroen,216319,User,10
jou,32389,User,10
quag,35086,User,10
EHLOVader,701725,User,10
mv,41629,User,10
mafulafunk,99756,User,10
fanquake,863730,User,10
miguelarauj1o,7546651,User,10
mtigas,53129,User,10
aquynh,5965536,User,10
pingles,1150,User,10
gadomski,58314,User,10
peterneubauer,11977,User,10
hoelzro,107804,User,10
tcurdt,13697,User,10
tmc,3977,User,10
trevorpowell,525402,User,10
lautis,19264,User,10
conscell,1813630,User,10
dbr,509,User,10
xose,662304,User,10
acfoltzer,205266,User,9
indeyets,13445,User,9
AntonioMeireles,743527,User,9
auvi,19842,User,9
cbenhagen,814785,User,9
benswift,380241,User,9
benjaminweb,1290837,User,9
boztek,127536,User,9
brycied00d,435838,User,9
catsby,61721,User,9
dpcasady,1341762,User,9
davelab6,261579,User,9
dreynolds,5270,User,9
enilsen16,5035876,User,9
jearles,897904,User,9
jvshahid,297621,User,9
neckro,897054,User,9
koenrh,1307291,User,9
rgbkrk,836375,User,9
lfranchi,67976,User,9
superlukas,516484,User,9
markcornick,302,User,9
mprobst,7208,User,9
MartinSeeler,1043838,User,9
MrMarvin,100136,User,9
mreiferson,187441,User,9
max-horvath,81949,User,9
kavu,1994,User,9
Mcklaren,581713,User,9
mjbshaw,1204698,User,9
paulfitz,118367,User,9
paulp,9135,User,9
petervanderdoes,380071,User,9
Porkepix,709500,User,9
sj26,14028,User,9
sakra,354246,User,9
res0nat0r,24287,User,9
stuartcarnie,52852,User,9
sudish,28500,User,9
tuxu,147847,User,9
viktorbenei,430618,User,9
ynadji,6740,User,9
yyuu,63651,User,9
blogabe,6888675,User,9
acgetchell,434849,User,8
alex88,436888,User,8
alexeyxo,2980636,User,8
andrew,1060,User,8
backerman,115895,User,8
bretthoerner,1752,User,8
brettporter,49108,User,8
jensenb,720535,User,8
caius,696,User,8
cchacin,292938,User,8
damienmg,3721087,User,8
leedm777,133579,User,8
krupenik,10466,User,8
cardoe,8839,User,8
dougalsutherland,36478,User,8
gmacon,238853,User,8
oschwald,278835,User,8
xuhdev,325476,User,8
jakepetroules,1312511,User,8
jcgay,967336,User,8
mrjbq7,24195,User,8
johnclaus,2105,User,8
jbeezley,31890,User,8
klobucar,223349,User,8
julienXX,53949,User,8
jspahrsummers,432536,User,8
kashishm,5915802,User,8
wkentaro,4310419,User,8
lassebm,868007,User,8
LinusU,189580,User,8
marnen,34378,User,8
MartinDelille,879889,User,8
mgruner,211281,User,8
mathiasbynens,81942,User,8
jvz,791275,User,8
mcs07,732185,User,8
lewinski,61409,User,8
icco,20201,User,8
ndeloof,132757,User,8
pcottle,1135007,User,8
priteau,68227,User,8
pusewicz,940,User,8
nicolai86,111324,User,8
rmanalan,549,User,8
rybesh,84592,User,8
sparks,222161,User,8
simono,874148,User,8
stevemao,6316590,User,8
ssartor,212190,User,8
timsutton,119358,User,8
tojek,311923,User,8
kalbasit,87115,User,8
jamesyc,3722200,User,8
jdelisle,143723,User,8
sl4m,47347,User,8
ywjno,842383,User,8
apiri,502889,User,7
agatti,235740,User,7
mgax,27617,User,7
antifuchs,11864,User,7
attilagyorffy,9091,User,7
