jacknagel,568243,User,3191
MikeMcQuaid,125011,User,2968
adamv,3566,User,1072
reitermarkus,1309829,User,997
mxcl,58962,User,951
xu-cheng,3105373,User,808
DomT4,6998367,User,412
mistydemeo,780485,User,411
UniqMartin,11892150,User,267
bfontaine,1334295,User,167
alyssais,2768870,User,162
ilovezfs,5268928,User,134
vladshablinsky,4408920,User,112
tdsmith,173889,User,106
samueljohn,725299,User,82
Sharpie,54181,User,77
jawshooah,4551271,User,75
woodruffw,3059210,User,60
apjanke,2618447,User,60
zmwangx,4149852,User,57
dunn,985416,User,52
JCount,18537310,User,40
sjackman,291551,User,40
GauthamGoli,10331512,User,39
rwhogg,2373856,User,33
tschoonj,65736,User,33
vszakats,1446897,User,29
mansimarkaur,14019856,User,23
eirinikos,9170701,User,21
vitorgalvao,1699443,User,20
camillol,196272,User,19
manphiz,47980,User,19
joshka,381361,User,19
broder,14093913,User,16
alloy,2320,User,16
EricFromCanada,3324775,User,15
chrmoritz,1686759,User,15
scpeters,3650755,User,12
MatzFan,3764715,User,11
umireon,1067855,User,11
adzenith,614934,User,11
mislav,887,User,11
doughazell,1555987,User,9
jonchang,213484,User,9
geoff-codes,3162811,User,9
mkhl,505,User,9
CNA-Bld,2557768,User,8
dlh,20690,User,8
nath,1922800,User,8
retokromer,3246607,User,8
L2G,106988,User,8
jaimeMF,1239727,User,8
indirect,78,User,7
staticfloat,130920,User,7
josh,137,User,7
maxnordlund,664779,User,7
telemachus,62958,User,7
urdh,105257,User,7
spicyj,6820,User,7
AnastasiaSulyagina,6882628,User,7
aw1621107,566572,User,6
afh,16507,User,6
Git-Jiro,2174923,User,6
minamijoyo,6985802,User,6
rhendric,1570964,User,6
koraktor,66112,User,6
chdiza,3311113,User,6
wickles,4229542,User,5
abookyun,2224554,User,5
gregory-nisbet,4076227,User,5
ianml,13529,User,5
johnhawkinson,1270718,User,5
joshliu,4336885,User,5
baughj,194969,User,5
kke,224971,User,5
rakkesh,8409113,User,5
rednoah,1589068,User,5
timotheecour,2194784,User,5
nijikon,150547,User,5
maxim-belkin,13123663,User,5
clemensg,201310,User,4
cndreisbach,956,User,4
0xffea,24201,User,4
dakcarto,1295919,User,4
narendasan,1790613,User,4
nicolasdespres,614631,User,4
tobli,540266,User,4
dpo,38760,User,4
naoty,413899,User,4
chadcatlett,108175,User,3
ches,13277,User,3
cehoffman,27545,User,3
Syzygies,986305,User,3
caldwell,45445,User,3
Noctem,1787524,User,3
ewang12,1891342,User,3
maveonair,426412,User,3
goxberry,321479,User,3
jamie,1093,User,3
janl,11321,User,3
jasonkarns,119972,User,3
bobthecow,53660,User,3
mdippery,22942,User,3
astiob,515193,User,3
peternewman,6216436,User,3
priteau,68227,User,3
robinkunde,3142400,User,3
shuaimiaomi,12941327,User,3
wjlroe,43315,User,3
zachwhaley,2996465,User,3
dbr,509,User,3
dersvenhesse,1202880,User,3
lwe,83660,User,3
romellem,8504000,User,3
felixbuenemann,909587,User,3
MerelyAPseudonym,831177,User,3
int3h,567398,User,3
secondplanet,536365,User,3
ablyler,137642,User,2
amaltson,167443,User,2
burnto,15708,User,2
CharlieRoot,905777,User,2
yous,853977,User,2
docwhat,40799,User,2
mifix,8080,User,2
colindean,197224,User,2
ColinHebert,232139,User,2
mrtazz,68183,User,2
devkhan,8049092,User,2
dougalsutherland,36478,User,2
Eitot,15073177,User,2
elyscape,792695,User,2
fxcoudert,1980544,User,2
Riprock,148789,User,2
kulakowski,531313,User,2
issyl0,355033,User,2
whoisjake,2079,User,2
weakish,114114,User,2
jezdez,1610,User,2
jasontedor,4744941,User,2
zimbatm,3248,User,2
josephfrazier,6473925,User,2
xose,662304,User,2
kareman,46072,User,2
kballard,714,User,2
kevmoo,17034,User,2
leepa,9469,User,2
lucafavatella,1344255,User,2
junkblocker,20190,User,2
mcuelenaere,1682432,User,2
miccal,6127163,User,2
mxl,1078685,User,2
mikejs,56949,User,2
iMichka,3406519,User,2
toonetown,97324,User,2
numbermaniac,5206120,User,2
Blaisorblade,289960,User,2
pstadler,600097,User,2
rwanyoike,3677497,User,2
roryokane,79168,User,2
sj26,14028,User,2
humzashah,4441006,User,2
tma,4719,User,2
tianyicui,53024,User,2
trevorpowell,525402,User,2
trevor,5945,User,2
tt,19824,User,2
henry0312,433434,User,2
tuncer,4232,User,2
wang-boyu,10785873,User,2
wilmoore,51953,User,2
aereal,87649,User,2
BM5k,29762,User,2
enami,287238,User,2
neutric,5984479,User,2
etiennebarrie,3535,User,2
ntkme,899645,User,2
eregon,168854,User,2
christianbundy,537700,User,2
hivehand,1063575,User,2
chhantyal,862941,User,2
ktheory,975,User,1
acoffman,13370,User,1
kirb,773309,User,1
adrianmoisey,736329,User,1
apetresc,14872,User,1
alanthing,715868,User,1
apiri,502889,User,1
youtux,778703,User,1
durka,47007,User,1
alex,772,User,1
strugee,911174,User,1
akirk,203408,User,1
demonbane,7385,User,1
alexmuller,121219,User,1
MazterQyou,4062971,User,1
awreece,464471,User,1
alsemyonov,4524,User,1
a-b,585662,User,1
akahn,26099,User,1
udalov,292714,User,1
alexandregz,1374718,User,1
alexeymuranov,712698,User,1
AlekSi,11512,User,1
amberj,1271540,User,1
nddrylliog,88795,User,1
athundt,207934,User,1
amckinlay,1351003,User,1
apottere,1980504,User,1
ipsi,667984,User,1
1st,630224,User,1
AprilArcus,2045543,User,1
greymouser,15195,User,1
arnested,190005,User,1
ming13,200401,User,1
ashb,34150,User,1
aktowns,161137,User,1
bleything,270,User,1
benburkert,77,User,1
bencochran,13990,User,1
nebhale,60754,User,1
drbenmorgan,1102642,User,1
benmoss,239754,User,1
sionide21,60145,User,1
benjaminwhite,2468397,User,1
MindTooth,35828,User,1
bmaland,2651,User,1
gigabo,115908,User,1
bjeanes,2560,User,1
boztek,127536,User,1
bovard,997017,User,1
nemith,349360,User,1
brandonblack,489331,User,1
booi,709595,User,1
brantb,150953,User,1
brettcannon,54418,User,1
brettporter,49108,User,1
candlerb,44789,User,1
briandunn,93310,User,1
brixen,85,User,1
bps,9909,User,1
tecnobrat,145406,User,1
CamJN,6243207,User,1
whalec,175106,User,1
sparrc,7155926,User,1
carlorosati,10554783,User,1
carlosdagos,686190,User,1
carols10cents,193874,User,1
csstaub,639883,User,1
cesarandreu,656870,User,1
charlieegan3,1774239,User,1
napcae,1226732,User,1
chipturner,601111,User,1
ChrisBaker97,2942518,User,1
bitemyapp,320177,User,1
cbracco,1480677,User,1
chrisk,1426,User,1
cglong,137214,User,1
ctate,366502,User,1
cthachuk,1234,User,1
wordofchristian,555044,User,1
csexton,16963,User,1
pangratz,341877,User,1
prophittcorey,1202175,User,1
QuinnyPig,489170,User,1
crd,152584,User,1
cscetbon,2619840,User,1
DabeDotCom,201473,User,1
daemianmack,24476,User,1
cdlm,136339,User,1
makigumo,565430,User,1
ldhughes,2981241,User,1
dlo,38447,User,1
danielmartin,1573717,User,1
dtrebbien,277166,User,1
DanToml,1330683,User,1
Sutto,553,User,1
kastiglione,43429,User,1
dcoeurjo,700165,User,1
dplarson,1169109,User,1
leedm777,133579,User,1
david-macmahon,730406,User,1
phunculist,38277,User,1
davidjrice,1971,User,1
dturner-tw,6484012,User,1
davidxia,480621,User,1
deasmi,77708,User,1
dmnd,4427,User,1
plentz,4867,User,1
Dorian,129149,User,1
dcrodman,4449823,User,1
cooper6581,602054,User,1
dylanahsmith,954402,User,1
e-nomem,716896,User,1
ed-flanagan,3777891,User,1
erawk,33198,User,1
gonzedge,218312,User,1
rue,3393,User,1
maletor,138785,User,1
choco,85527,User,1
ericandrewlewis,1087646,User,1
evantill,609288,User,1
kastner,262,User,1
enilsen16,5035876,User,1
ehamberg,16063,User,1
SnoringFrog,3333002,User,1
eunikolsky,9215359,User,1
monomyth,45372,User,1
federicobond,138426,User,1
fnavarrov,19564,User,1
fdmanana,170624,User,1
finn,8585,User,1
ffleming,7241368,User,1
Frizlab,523041,User,1
gabebw,257678,User,1
glehmann,325401,User,1
geopet,632827,User,1
hartzell,312978,User,1
rasky,1014109,User,1
alias1,753891,User,1
GordonDiggs,245083,User,1
gchpaco,17789,User,1
nertzy,2488,User,1
guillaumealgis,1041337,User,1
hntrmrrs,4218,User,1
iainbeeston,111963,User,1
Zverik,766031,User,1
Imti,1896854,User,1
indrajitr,93846,User,1
zbeekman,279612,User,1
brandt,706186,User,1
InPermutation,1096993,User,1
netj,53634,User,1
jamandbees,434656,User,1
jcf,18374,User,1
brunchboy,2228869,User,1
jameswald,875535,User,1
marmarama,13947125,User,1
javian,527069,User,1
jhbruhn,1036566,User,1
zx2c4,10643,User,1
whittle,21054,User,1
Tenzer,68696,User,1
jmcnevin,12859,User,1
iHiD,286476,User,1
jiangxin,183860,User,1
mambocab,3753769,User,1
joao,1041,User,1
joschi,43951,User,1
joech4n,3519339,User,1
kaizensoze,218869,User,1
joelbschwartz,456566,User,1
languitar,1336287,User,1
jm3,12213,User,1
johnzeringue,3858785,User,1
jconley,22428,User,1
jgrocho,494435,User,1
vhata,419415,User,1
jplhomer,848147,User,1
joshuajabbour,66879,User,1
jozefizso,287778,User,1
Julian,329822,User,1
justinmayer,1503700,User,1
kashif,8100,User,1
kt0,1498791,User,1
kelcecil,373621,User,1
sirovenmitts,166686,User,1
kevinburke,234019,User,1
KevinSjoberg,503025,User,1
iKevinY,2434728,User,1
13k,4762,User,1
Luzifer,20142,User,1
etehtsea,100999,User,1
kylef,44164,User,1
tomyun,906626,User,1
LeFnord,120214,User,1
hanxue,760008,User,1
leojrfs,1101457,User,1
leshill,3938,User,1
LinusU,189580,User,1
loganrosen,512317,User,1
lloeki,75445,User,1
lsegal,686,User,1
Arcank,197492,User,1
lgrz,158654,User,1
bluesquall,514022,User,1
omegahm,178448,User,1
mandarg,160992,User,1
Manfred,1195,User,1
msavy,423513,User,1
marcsowen,4557484,User,1
marceloboeira,1898225,User,1
shulima,1492952,User,1
cheapwebmonkey,11792303,User,1
imbriaco,1198,User,1
cypher,978,User,1
monaka,101795,User,1
mlen,262503,User,1
VonUniGE,17067975,User,1
mbbroberg,1744971,User,1
ma11hew28,17276,User,1
matthauck,1308591,User,1
wamatt,1271434,User,1
MatthewFluet,931523,User,1
mauricerkelly,729402,User,1
jk2K,4025839,User,1
HackAttack,1222646,User,1
mtnygard,116714,User,1
jubalh,1658215,User,1
mgol,1758366,User,1
enriquez,61213,User,1
Sep102,350447,User,1
milkey-mouse,8070927,User,1
minrk,151929,User,1
mietek,166207,User,1
MoSal,5631214,User,1
n8henrie,1234956,User,1
e-moe,963424,User,1
dolmen,129536,User,1
orip,36193,User,1
oscardelben,3892,User,1
osman,122702,User,1
breadtk,1126756,User,1
patricklucas,95053,User,1
patsplat,178626,User,1
paulfitz,118367,User,1
todayman,178751,User,1
paulp,9135,User,1
phs,36229,User,1
PhilipMay,229382,User,1
ppuryear,943859,User,1
pnc,108524,User,1
