imathis,12732,User,497
fhemberger,153481,User,93
parkr,237985,User,64
pilif,4990,User,6
gisikw,10201,User,5
rslifka,231435,User,5
dbloete,1888700,User,5
zlu,20940,User,4
kAworu,109415,User,4
yous,853977,User,3
Darkhogg,237337,User,3
vyper,22549,User,3
lukearmstrong,306764,User,3
mikl,10263,User,3
ndbroadbent,139536,User,3
duckpuppy,19253,User,3
rwdaigle,1012,User,3
tomhoover,159040,User,3
treyhunner,285352,User,3
bendoerr,253068,User,3
Haacked,19977,User,3
omo,20232,User,3
aarongustafson,75736,User,2
IQAndreas,449027,User,2
floydpink,171072,User,2
howiehu,1574884,User,2
jbrains,61505,User,2
jakemcc,127910,User,2
KeenRivals,6865789,User,2
matrixagent,309726,User,2
elbowdonkey,51,User,2
pfista,728526,User,2
pw,89371,User,2
rythie,290010,User,2
SamWhited,512573,User,2
tgray,186651,User,2
axiac,1086598,User,2
sjml,1638331,User,2
aaroncm,355349,User,1
adibis,219119,User,1
alg,11650,User,1
vernak2539,521270,User,1
AlexVPopov,3239252,User,1
acusti,517889,User,1
alindeman,395621,User,1
simensen,191200,User,1
blbradley,1435085,User,1
brigham,973971,User,1
mysteriouspants,278804,User,1
jcsims,310375,User,1
Domon,69308,User,1
tangledhelix,294481,User,1
daphotron,1245304,User,1
dtchepak,70105,User,1
drewwells,239123,User,1
cloudbring,22373,User,1
enriquesaid,1223798,User,1
fcy,105699,User,1
grahamc,76716,User,1
TheChymera,950524,User,1
Confusion,307722,User,1
woodwardjd,127000,User,1
jerodsanto,8212,User,1
jcftang,652532,User,1
joliss,524783,User,1
joelclermont,298100,User,1
jsvensson,450287,User,1
jlong,4173,User,1
joseprio,1651923,User,1
kent,12737,User,1
leonsim,1264873,User,1
lukekarrys,542108,User,1
myoung34,879922,User,1
zanshin,70586,User,1
melwin,1471,User,1
kamatari,711079,User,1
masondesu,434750,User,1
wickedshimmy,32249,User,1
melriffe,2241,User,1
schwern,25888,User,1
ballou88,135099,User,1
nathanl,338814,User,1
nickhammond,17698,User,1
omasanori,167209,User,1
Blaisorblade,289960,User,1
rwz,129043,User,1
PeterDaveHello,3691490,User,1
rumdidumdum,6489927,User,1
raysrashmi,123855,User,1
rretsiem,248836,User,1
robertkowalski,298166,User,1
rtgibbons,8000,User,1
scottwater,188069,User,1
seankerr,1189297,User,1
simonewebdesign,2126073,User,1
tedkulp,5429,User,1
rixth,116910,User,1
tsmacdonald,784417,User,1
tobym,55384,User,1
joneslee85,135605,User,1
vaz,224078,User,1
victor,7311,User,1
vinc,305625,User,1
VincentTam,5748535,User,1
earaya,1690164,User,1
erizhang,1185383,User,1
hSATAC,88208,User,1
marutanm,225337,User,1
masukomi,2829,User,1
mattn,10111,User,1
muescha,184316,User,1
nagimov-blog,4478946,User,1
rcmdnk,1818935,User,1
richo,476418,User,1
xdite,9004,User,1
