javan,5355,User,259
benlangfeld,210221,User,40
cap10morgan,59748,User,17
phallstrom,16705,User,9
idlefingers,14457,User,8
yob,8132,User,8
attilahorvath,4081005,User,8
p,125612,User,6
kibitan,620884,User,5
t3hk0d3,86416,User,4
felixbuenemann,909587,User,4
bkzl,127219,User,3
rubys,4815,User,3
andfx,808114,User,3
amiryal,105565,User,2
andrew,1060,User,2
dce,3478,User,2
jeroenj,76424,User,2
szajbus,31995,User,2
niklas,9176,User,2
olleolleolle,211,User,2
richmeyers,306052,User,2
alexdean,115486,User,1
alvir,48585,User,1
halostatue,11361,User,1
bogdan,122436,User,1
cesidio,7215,User,1
1c7,1804755,User,1
cgriego,4805,User,1
cyrusstoller,569702,User,1
danhixon,9410,User,1
dleavitt,71686,User,1
dannyfallon,1104475,User,1
DGaffney,14244,User,1
plentz,4867,User,1
drewrothstein,333037,User,1
advectus,2375474,User,1
dreamwords,28122,User,1
esen,150481,User,1
ferdinandrosario,1284503,User,1
finn,8585,User,1
gorenje,67360,User,1
biow0lf,93578,User,1
betesh,2154282,User,1
jsuchal,26342,User,1
JDutil,25104,User,1
judithroth,9654673,User,1
elucid,2888,User,1
jlecour,5142,User,1
ktaragorn,2549496,User,1
lukaselmer,326935,User,1
botandrose,17391,User,1
mguterl,3800,User,1
mraidel,6256,User,1
sparrovv,196176,User,1
s-osa,2684231,User,1
shhavel,1169424,User,1
pcg79,10041,User,1
p8,28561,User,1
rafaelsales,1196663,User,1
rainchen,71397,User,1
stve,28044,User,1
stevenwilliamson,4931240,User,1
trobrock,94053,User,1
vitorbal,626038,User,1
alotofnoodles,432081,User,1
xli,17474,User,1
theotherzach,1697198,User,1
ahoward,6094,User,1
korolvs,7325847,User,1
sanemat,75448,User,1
steven-ferguson,5340925,User,1
ta1kt0me,1412864,User,1
teejayvanslyke,15572,User,1
ysksn,1235270,User,1
etiennebarrie,3535,User,1
