parkr,237985,User,3688
jekyllbot,6166343,User,1078
mattr-,77174,User,446
mojombo,1,User,400
envygeeks,99763,User,254
benbalter,282759,User,148
maul-esel,800556,User,145
alfredxing,2704010,User,131
pathawks,251545,User,129
penibelst,3617307,User,105
DirtyF,103008,User,104
ashmaroli,12479464,User,92
qrush,12610,User,86
XhmikosR,349621,User,68
chrisfinazzo,1534882,User,64
cobyism,296432,User,57
zachgersh,689411,User,49
krisb,17486,User,47
jglovier,1319791,User,46
tomjohnson1492,6385062,User,46
ayastreb,2777667,User,41
tombell,129327,User,37
MartinRogalla,1066157,User,36
brint,4013922,User,35
crispgm,1425636,User,24
Crunch09,570608,User,22
kleinfreund,5774638,User,22
gjtorikian,64050,User,19
afeld,86842,User,17
stephenmcd,116385,User,16
albertogg,451539,User,16
JackDanger,2071,User,15
willnorris,1112,User,14
mreid,484,User,14
tmm1,2567,User,13
budparr,115347,User,13
jpiasetz,171265,User,13
scribu,225715,User,13
fw42,2072686,User,12
jaybe-jekyll,5395940,User,12
yous,853977,User,12
laumann,390428,User,12
x3ro,243719,User,11
pup,6078550,User,11
robin850,354185,User,10
tkrotoff,643434,User,10
nitoyon,39562,User,10
vanpelt,17,User,10
jeffkole,286588,User,9
pborreli,77759,User,9
tomjoht,20977913,User,9
stomar,1112299,User,8
nickburlett,1033900,User,8
troyswanson,1420926,User,8
mccxj,98360,User,8
adampetrie,2235203,User,7
Kivlov84,8556342,User,7
konklone,4592,User,7
sferik,10308,User,7
jwillmer,1503577,User,7
yizeng,1937586,User,7
rebornix,876920,User,7
ducktyper,10379512,User,7
davidsilvasmith,691513,User,7
simensen,191200,User,6
mastahyeti,1144197,User,6
fabianrbz,715229,User,6
jbw,41447,User,6
nhoizey,78213,User,6
richbecks,880840,User,6
shigeya,69672,User,6
TheLucasMoore,10284147,User,6
ujh,28911,User,6
alexmalik,10272865,User,6
remi,280,User,6
timwis,761444,User,6
kwokfu,2534266,User,6
MattHall,13065,User,6
flyinprogrammer,1844847,User,5
antonk52,5817809,User,5
bmaland,2651,User,5
brainkim,2996754,User,5
caseylang,586829,User,5
christianhellsten,24801,User,5
calavera,1050,User,5
jashank,422947,User,5
zzot,4635,User,5
koron,468368,User,5
robwierzbowski,925735,User,5
stmpjmpr,15185,User,5
stevecrozz,133328,User,5
tschmidt,12368,User,5
thiagoarrais,3014,User,5
edeustace,101623,User,5
paulrobertlloyd,813383,User,5
shinkondo,2386004,User,5
alagu,39259,User,4
alexmedearis,39989,User,4
AlexanderEkdahl,1409734,User,4
akoeplinger,1376924,User,4
Anthony-Gaudino,2439728,User,4
BigBlueHat,43209,User,4
chrisnicotera,183303,User,4
daneharrigan,94443,User,4
daviewales,2499066,User,4
derekgottlieb,61840,User,4
dchest,52677,User,4
Lunderberg,3888575,User,4
elia,1051,User,4
erictheise,317680,User,4
gregkare,43297,User,4
HenryKobin,20289154,User,4
HugoGiraudel,1889710,User,4
Floppy,3565,User,4
jessepinho,1121544,User,4
jordanthornquest,1444819,User,4
mdenhoedt,3847508,User,4
Nursen,2696786,User,4
pheuko,1072386,User,4
createdbypete,703621,User,4
fenollp,278727,User,4
kingscott,8283063,User,4
stevecheckoway,1239089,User,4
vwochnik,373255,User,4
zdroid,2725611,User,4
sircapsalot,1025671,User,4
uu59,499680,User,4
imathis,12732,User,4
bcomnes,166301,User,4
Ivoz,199266,User,4
stereobooster,179534,User,4
ixti,94782,User,4
voidfiles,1764,User,3
sanandnarayan,433334,User,3
bdesham,354230,User,3
BlueberryFoxtrot,25068988,User,3
dhilgarth,1180105,User,3
dhcole,170641,User,3
erlend-sh,583842,User,3
Ezmyrelda,3228834,User,3
fotos,11336,User,3
RadicalZephyr,113102,User,3
ivanoats,4672,User,3
ivantsepp,4662860,User,3
jasongraham,399471,User,3
jpuck,15305396,User,3
purp,4093,User,3
johnkhughes,1375434,User,3
jroes,27847,User,3
blackjid,228037,User,3
omegahm,178448,User,3
tarebyte,564113,User,3
mlocher,7791,User,3
metamatt,313893,User,3
swanson,56947,User,3
rrgayhart,3967825,User,3
mkaito,20434,User,3
elemel,31885,User,3
tamagokun,487333,User,3
mlinksva,40415,User,3
pusewicz,940,User,3
karouf,2422,User,3
felicianotech,6017470,User,3
rdumont,430448,User,3
ryanburnette,2252601,User,3
23maverick23,905119,User,3
nternetinspired,1090182,User,3
tnhu,30633,User,3
tomjack,13118,User,3
IgnoredAmbience,98555,User,3
dysinger,447,User,3
codeslinger,884,User,3
sparanoid,96356,User,3
vlajos,3994645,User,3
fulldecent,382183,User,3
arika,14374,User,3
cblunt,96239,User,3
eksperimental,9133420,User,3
eugenebolshakov,4646,User,3
liufengyun,754633,User,3
mertkahyaoglu,7414026,User,3
robschia,5054879,User,3
Strangehill,6064830,User,3
sankage,392323,User,3
eduardoboucas,4162329,User,3
jlecour,5142,User,3
AJ-Acevedo,953092,User,2
abroder,2303161,User,2
adamvoss,965439,User,2
arogachev,8326201,User,2
smacz42,10110994,User,2
indirect,78,User,2
anthonyjsmith,1823180,User,2
darwin,5453,User,2
ap,1683,User,2
arthurnn,833383,User,2
assafgelber,2394509,User,2
austinpray,2192970,User,2
barryclark,692762,User,2
r00k,46677,User,2
blbradley,1435085,User,2
fusion809,4717341,User,2
chezou,916653,User,2
clarkwinkelmann,5264300,User,2
motlin,244258,User,2
dtao,409328,User,2
danayel,502786,User,2
d2s,135053,User,2
dafi,84500,User,2
daattali,952340,User,2
derekprior,152152,User,2
jehartzog,14143246,User,2
fabschurt,8007715,User,2
fniephaus,2368856,User,2
iamgabeortiz,6716191,User,2
henrik,216,User,2
jeffrydegrande,42646,User,2
jhauraw,3740843,User,2
jonblatho,12024811,User,2
JoopAue,6662540,User,2
joshbrw,779766,User,2
jhabdas,440298,User,2
phocks,437566,User,2
kakoma,1725251,User,2
kentonh,868295,User,2
KrzysiekJ,1598188,User,2
leo,6170607,User,2
Lewiscowles1986,2605791,User,2
lmullen,183672,User,2
lukebro,2486195,User,2
majioa,417632,User,2
tf2manu994,7333640,User,2
markphelps,209477,User,2
vilcans,48641,User,2
hickford,105314,User,2
mscharley,336509,User,2
mpchadwick,4132322,User,2
codethebeard,10758192,User,2
michaellee,1329644,User,2
galopin,4303760,User,2
soimort,342945,User,2
ebabel-eu,4309770,User,2
nateberkopec,845662,User,2
nasht00,329834,User,2
nfagerlund,484309,User,2
ndarville,198682,User,2
pjhyett,3,User,2
mokolabs,444,User,2
voxpelli,34457,User,2
pootsbook,35313,User,2
praveen612,2039089,User,2
cpicanco,6511849,User,2
rafaelrosafu,6105,User,2
rickyhan,1768528,User,2
rob-murray,1809160,User,2
ryandesign,429209,User,2
rtomayko,404,User,2
plaindocs,95874,User,2
thinkerbot,7307,User,2
slavapavlutin,854141,User,2
spencerbyw,7097976,User,2
stkent,6463980,User,2
meyer-sven,7890769,User,2
redox,29529,User,2
tmthrgd,245984,User,2
gabysbrain,926550,User,2
tomer,50206,User,2
sillylogger,168183,User,2
vtols,1188278,User,2
wdenton,54162,User,2
wbzyl,8049,User,2
fxn,3387,User,2
yihangho,4226956,User,2
zpinter,625,User,2
beeeswax,3516466,User,2
pilosus,6400248,User,2
schneems,59744,User,2
toshimaru,803398,User,2
admhlt,6955296,User,2
denilsonsa,121676,User,2
gmile,207112,User,2
falkorichter,50506,User,2
fhemberger,153481,User,2
4ensicLog,6425312,User,1
5jt,5923162,User,1
trans,23423,User,1
aarongustafson,75736,User,1
aaronsky,10502938,User,1
aheckler,5512652,User,1
adamzr,455518,User,1
ahazem,207673,User,1
aigarsdz,1450110,User,1
ajaykarwal,1458017,User,1
apodlaski,881608,User,1
AlessandroLorenzi,150980,User,1
lexoyo,715377,User,1
alexivkin,13511552,User,1
alexjbest,1688533,User,1
alexpls,301630,User,1
awood,17975,User,1
alfredmyers,12210687,User,1
alistaircom,855160,User,1
localheinz,605483,User,1
dudepare,731118,User,1
adunning,1084407,User,1
andrewmunsell,357386,User,1
thatguystone,921573,User,1
alindeman,395621,User,1
amenat,9079960,User,1
maban,237149,User,1
ariejan,1913,User,1
arnar,1498,User,1
raboof,131856,User,1
arthurhammer,4521216,User,1
ashellwig,25649488,User,1
Atul9,3390330,User,1
azizshamim,30761,User,1
bwillis,245096,User,1
bbakersmith,1828358,User,1
benhanzl,5903,User,1
hildred,6006262,User,1
bhollis,313208,User,1
bernardodiasc,131859,User,1
bogdanvlviv,6443532,User,1
bdimcheff,14111,User,1
brentyi,6992947,User,1
briandoll,4590,User,1
joshaidan,20797,User,1
puffnfresh,37715,User,1
bricejlin,4443267,User,1
oresmus,13971761,User,1
x43x61x69,1477686,User,1
cgroner,946024,User,1
CGarces,6617155,User,1
matallo,36676,User,1
carols10cents,193874,User,1
cash,199558,User,1
cchorn,9871941,User,1
enure,11152,User,1
Ch4s3,1943540,User,1
napcae,1226732,User,1
jonezy,6587,User,1
bksteiny,16196320,User,1
cdubz,10456740,User,1
grobmeier,873786,User,1
TheFox,353709,User,1
krockgardin,14029941,User,1
christianvuerings,127199,User,1
CHH,16783,User,1
Crissov,6200185,User,1
cs,9215,User,1
cgiroir,5131952,User,1
kelsin,40592,User,1
claco,20319,User,1
league,50286,User,1
ctrochalakis,1865,User,1
chunfeilung,10553406,User,1
catsby,61721,User,1
desiredpersona,2799922,User,1
colindean,197224,User,1
coreyward,81224,User,1
corysimmons,224636,User,1
DamianLettie,2377219,User,1
mojavelinux,79351,User,1
croaky,198,User,1
dankimio,6442492,User,1
danieldriver,708527,User,1
minad,50754,User,1
mrtazz,68183,User,1
davewasmer,707213,User,1
DavidBurela,1320729,User,1
davidcelis,36873,User,1
davidensinger,446958,User,1
d9n,6055013,User,1
dlitvakb,1032706,User,1
dpassage,277491,User,1
davidsawyer,724087,User,1
dvonlehman,1100867,User,1
davidized,124003,User,1
vscobot,4108540,User,1
digitalsparky,3377029,User,1
dimitri-koenig,4375825,User,1
diev,2707312,User,1
dommmel,15915,User,1
happycollision,3663628,User,1
kewljedi,30495,User,1
DougBeney,19509074,User,1
dougjohnston,12276,User,1
hockeybuggy,607279,User,1
edwardball,3170121,User,1
jqr,273,User,1
eloyesp,173797,User,1
enesgonultas,16865058,User,1
ericleong,1572011,User,1
esasse,148989,User,1
callmeed,25090,User,1
eug,240617,User,1
capnfabs,1336508,User,1
fzero,1115,User,1
Kraymer,84227,User,1
fadhilnapis,15516786,User,1
farukaydin,2501931,User,1
felixkiss,256075,User,1
relsqui,1859500,User,1
megalomono,2573476,User,1
GSI,1078037,User,1
jamesarosen,2406,User,1
gep13,1271146,User,1
gauteh,56827,User,1
georgeanderson,571682,User,1
georgemandis,21219,User,1
gerardorn,1422081,User,1
gcapizzi,251425,User,1
glaucocustodio,1907408,User,1
ghprince,1623110,User,1
schmidt,734,User,1
hqro,6996668,User,1
guilleiguaran,160941,User,1
gynter,1104399,User,1
hendrikschneider,835099,User,1
hgoodman,8300913,User,1
henrywright,1963288,User,1
heuripedes,59172,User,1
hugomd,1646536,User,1
duksis,222101,User,1
igas,175652,User,1
idmit,2546728,User,1
sensorberg-admin,7324910,User,1
mejackreed,1656824,User,1
jakubklimek,718827,User,1
