jondot,83390,User,560
spencercarli,1105429,User,9
GantMan,997157,User,7
7kfpun,2672802,User,7
yonahforst,1440796,User,6
alexandregz,1374718,User,5
hiaw,527296,User,5
originerd,2003265,User,5
Tinysymphony,7685233,User,5
rilyu,5363837,User,5
flybayer,8813276,User,4
testshallpass,7293079,User,4
di3goleite,5348158,User,4
doanndd,17023610,User,4
edwinbosire,1116125,User,4
morenoh149,587438,User,4
browniefed,1714673,User,4
jhabdas,440298,User,4
mahanhaz,3764096,User,4
MaxGraey,1301959,User,4
SiDevesh,17254413,User,4
kmdupr33,5463526,User,4
FaridSafi,388375,User,4
brh55,6020066,User,3
daveols,10344370,User,3
ekryski,599019,User,3
franzejr,868917,User,3
oney,4091190,User,3
jacklam718,5494638,User,3
jsdario,5166506,User,3
jhen0409,3001525,User,3
kevinvangelder,1771152,User,3
moklick,2857535,User,3
mkozhukharenko,9365923,User,3
olofd,933408,User,3
terrysahaidak,7809008,User,3
tlenclos,686101,User,3
vlad-doru,3881856,User,3
xcarpentier,923036,User,3
mfrachet,3874873,User,3
trazyn,1774898,User,3
vidyuthd,972067,User,3
FuYaoDe,6357215,User,3
dabit3,1857282,User,3
phil-r,577316,User,3
robcalcroft,3504764,User,3
stage88,9906800,User,3
thegamenicorus,21040043,User,3
vitalets,1473072,User,3
g6ling,8134523,User,3
abnersajr,1998649,User,2
agonzalezjr,8965941,User,2
arempe93,4637120,User,2
ArturKlajnerok,1889095,User,2
yogiben,1703155,User,2
caroaguilar,1471138,User,2
ycinfinity,7996189,User,2
cwadding,342085,User,2
cbrevik,4932625,User,2
yayolius,2339340,User,2
dchen,21080,User,2
dhruvdutt,5961873,User,2
rapportyou,15629104,User,2
doronpr,3373954,User,2
douglasjunior,1512341,User,2
vielmetti,35047,User,2
codeestX,12326467,User,2
hassankhan,1781985,User,2
simsim0709,10040154,User,2
ivpusic,450140,User,2
jmurzy,530147,User,2
notrab,950181,User,2
lodev09,6686328,User,2
junedomingo,5106887,User,2
Shrugs,1535001,User,2
michaelhelvey,12801974,User,2
maluramichael,1489383,User,2
nihgwu,2595058,User,2
mrpatiwi,7570744,User,2
callmephilip,492025,User,2
gran33,1650967,User,2
sohobloo,13310861,User,2
sibelius,2005841,User,2
iSimar,5649414,User,2
craftzdog,1332805,User,2
talkol,6762255,User,2
tiaanduplessis,18066992,User,2
tristanbbq,1390221,User,2
yleflour,1863461,User,2
mastermoo,7849822,User,2
iZaL,6410176,User,2
d-a-n,1060397,User,2
clthck,14348482,User,2
feyy,3056002,User,2
hejiaji,19968961,User,2
kiok46,7335120,User,2
lulutia,12456276,User,2
redbaron76,1061849,User,2
sriraman,2248359,User,2
zxcpoiu,5081771,User,2
williamtran29,9301504,User,2
cesardeazevedo,5366959,User,2
madox2,15847857,User,2
saleel,13466197,User,2
sonnylazuardi,856609,User,2
ngothanhtai,295174,User,2
leimd,5065625,User,2
yonibot,3327500,User,2
hendrikswan,273461,User,2
adamterlson,2498418,User,1
ahmed1490,623510,User,1
indatawetrust,6845298,User,1
deadcoder0904,16436270,User,1
alexleventer,3254549,User,1
AlexeyToksarov,3192682,User,1
scotbond,1583074,User,1
Amurmurmur,8608333,User,1
hassellof,101794,User,1
smartapant,3674348,User,1
CentaurWarchief,967317,User,1
huston007,4318513,User,1
creotiv,250125,User,1
anirudh24seven,617443,User,1
spoeck,8719777,User,1
Trailblazerr1,16671238,User,1
24ark,3472853,User,1
ArtemKosiakevych,17948785,User,1
ajwhite,656630,User,1
avishayil,827024,User,1
axelg12,2584475,User,1
bartonhammond,1282364,User,1
baspellis,1850042,User,1
BelinChung,4954264,User,1
bmcmahen,1236841,User,1
binchik,2890356,User,1
omulet,942632,User,1
bdryanovski,204564,User,1
marzolfb,1242149,User,1
chentsulin,3382565,User,1
cadichris,24898521,User,1
colinwren,2257156,User,1
Copypeng,3678212,User,1
derzunov,4807337,User,1
ngduc,639189,User,1
shonin,10857333,User,1
rozele,1106239,User,1
esbenp,934819,User,1
fab1an,55547,User,1
fabriziomoscon,721890,User,1
4ian,1280130,User,1
fredericksilva,410689,User,1
twist900,2437477,User,1
hsavit1,5156236,User,1
dyygtfx,3821390,User,1
guilhermebruzzi,1321766,User,1
Doweig,1850848,User,1
hasangilak,6544711,User,1
phuochau,1784243,User,1
diegohaz,3068563,User,1
DevHossamHassan,6613841,User,1
macalinao,401263,User,1
q6112345,6049450,User,1
JagdishUpadhyay,11144207,User,1
RealOrangeOne,6527489,User,1
jbkuczma,12615090,User,1
jamespearson,382457,User,1
jamonholmgren,1479215,User,1
jvliwanag,211068,User,1
jayesbe,3108980,User,1
JeanLebrument,3106676,User,1
jbpin,332405,User,1
xotahal,3531955,User,1
jodybrewster,303701,User,1
mrblueblue,9220038,User,1
cabaret,625152,User,1
JorritPosthuma,412253,User,1
gangster,4863,User,1
joshuapinter,180819,User,1
jpgarcia,95109,User,1
jcollum,704514,User,1
jgrancher,5517450,User,1
jfjonsson,5693123,User,1
dondoko-susumu,7107423,User,1
kenma9123,1641990,User,1
kennydee,1484406,User,1
kprimice,7632903,User,1
altern8tif,5793364,User,1
KevinOfNeu,8795397,User,1
chitezh,7795177,User,1
Kishanjvaghela,11232063,User,1
Kmaschta,1819833,User,1
KyleBanks,2164691,User,1
mfkp,67730,User,1
Dharmoslap,3543614,User,1
byennen,13984,User,1
laviavigdor,2911314,User,1
cpunion,8459,User,1
cheeaun,2296,User,1
Liqiankun,11532418,User,1
livioso,1672198,User,1
octopitus,6346034,User,1
ertrzyiks,2437969,User,1
knowbody,3802023,User,1
mbrookes,357702,User,1
arbesfeld,2458431,User,1
rastapasta,1259904,User,1
geremih,1194396,User,1
mihirsoni,578861,User,1
mikelambert,7953259,User,1
mohamed-habib,8175346,User,1
Mokto,5103928,User,1
mrzmyr,746429,User,1
mostafa,54546,User,1
naoufal,1627824,User,1
nickjanssen,2780160,User,1
charpeni,7189823,User,1
rauchy,289488,User,1
oronbz,1288090,User,1
pcofilada,4263778,User,1
paullaros,1512219,User,1
prithsharma,1752153,User,1
shoumma,10725804,User,1
sobstel,117428,User,1
ReadmeCritic,15367484,User,1
rebecabordini,7256809,User,1
Richard-Cao,5953992,User,1
kraffslol,152176,User,1
rstrobl,503385,User,1
milasevicius,1790265,User,1
sbycrosz,4867178,User,1
samuelcouch,1214373,User,1
SandroMachado,631739,User,1
SangramChavan,9999729,User,1
sankhadeeproy007,10998047,User,1
khaiql,9031129,User,1
shunpochang,3136510,User,1
gaykov,9068073,User,1
szhigunov,7438910,User,1
zecaptus,7048870,User,1
surmon-china,14019524,User,1
fisch0920,552829,User,1
unbug,799578,User,1
iVanPan,1687276,User,1
Vasiliev90,6060112,User,1
vigzmv,14950089,User,1
vinkla,499192,User,1
vivekagr,3046787,User,1
fangwei716,3692514,User,1
perkola,4265109,User,1
williamrijksen,1991582,User,1
Kerumen,5436545,User,1
zachgibson,10658888,User,1
adarshmuthappa,8210008,User,1
alcat2008,4625875,User,1
atlanteh,3952700,User,1
blackPeanut,12514390,User,1
bokuweb,10220449,User,1
bradoyler,425966,User,1
c-bata,5564044,User,1
checkraiser,1390196,User,1
chinloongtan,9411705,User,1
crazycodeboy,8716595,User,1
efkan,6974198,User,1
eigithub,19976317,User,1
ghsamm,10334192,User,1
gs-akhan,5646166,User,1
halilb,2227041,User,1
ianlin,914406,User,1
indivisable,22860891,User,1
irekrog,11172548,User,1
jeanpan,1307026,User,1
jineshshah36,6501089,User,1
just4fun,7512625,User,1
micahrye,4001336,User,1
magus,290084,User,1
pangpond,943742,User,1
qftgtr,8534188,User,1
sundayhd,9949238,User,1
thiagomurakami,10400340,User,1
unexge,16212576,User,1
maowug,639089,User,1
xudafeng,1011681,User,1
zerob4wl,6988203,User,1
leecade,533360,User,1
