jordansissel,131818,User,1260
djhaskin987,1186534,User,69
r4um,629631,User,54
Knetic,5728164,User,30
ptomulik,1761140,User,20
vStone,356719,User,18
tmm1,2567,User,17
hatt,91418,User,17
remh,1311477,User,15
nicobrevin,279077,User,12
adamcstephens,2071575,User,10
torrancew,235666,User,9
oker1,431237,User,9
liger1978,9326007,User,9
gerbercj,928621,User,8
jaybuff,49472,User,8
specialunderwear,52858,User,7
zllak,140642,User,7
ebastien,98142,User,6
pjjw,638,User,6
rutsky,46573,User,6
rjbell4,375968,User,5
amdprophet,120659,User,5
ohookins,362064,User,5
timsutton,119358,User,5
samcrang,374579,User,5
anthezium,599292,User,5
cpennington,30236,User,4
lofidellity,96076,User,4
iwonbigbro,4006083,User,4
mblair,63750,User,4
thiagofigueiro,4454565,User,4
glensc,199095,User,4
llasram,185528,User,4
scalp42,1475276,User,3
wyaeld,157392,User,3
tabletcorry,456754,User,3
ehealy,2730792,User,3
josegonzalez,65675,User,3
ketan,10598,User,3
doismellburning,817118,User,3
slact,5745,User,3
fidothe,8550,User,3
makushimu,4625258,User,3
miked63017,5140447,User,3
mildred,33804,User,3
pcarrier,8641,User,3
rajatvig,63058,User,3
stepanstipl,3027227,User,3
cure,149135,User,3
btisdall,85746,User,3
nervo,95935,User,3
adamlamar,13948507,User,2
ZeroPointEnergy,16792,User,2
ahammond,445764,User,2
barn,39111,User,2
brutasse,31269,User,2
dwb,151723,User,2
dlanderson,102774,User,2
dsludwig,787031,User,2
dpeters,495595,User,2
evan2645,1944142,User,2
Grantlyk,3958482,User,2
igalic,497249,User,2
ivuk,681816,User,2
jalawrence,8440843,User,2
jimbrowne,240575,User,2
nzjrs,41891,User,2
jwittkoski,791849,User,2
jbcraig,1633581,User,2
jdolitsky,393494,User,2
jkanywhere,230438,User,2
justintime,144090,User,2
kwilczynski,250723,User,2
auxesis,12306,User,2
mlafeldt,158074,User,2
mmb,24275,User,2
nareshov,273009,User,2
pstengel,101141,User,2
ploubser,282369,User,2
quiffman,1026117,User,2
robkinyon,37937,User,2
rnelson0,1898351,User,2
svenihoney,1413751,User,2
joshado,124285,User,2
tjnicholas,2461162,User,2
tristanls,730640,User,2
vincentbernat,631446,User,2
chakkakuru,1538990,User,2
hellysmile,1834317,User,2
iordanisg,9437250,User,2
luto,2158203,User,2
phrawzty,625232,User,2
sabowski,385523,User,2
cfstras,1156864,User,2
dknecht,58620,User,2
mriehl,1955590,User,2
tomduckering,310856,User,2
adamhjk,4304,User,1
ajf8,1476635,User,1
alanfranz,230827,User,1
alanthing,715868,User,1
aconchillo,951761,User,1
alxwr,1920805,User,1
fasterthanlime,7998310,User,1
potatosalad,1804,User,1
andrewbunday,294137,User,1
agaffney,825875,User,1
drwl,1362443,User,1
antoncohen,784476,User,1
ashkulz,854352,User,1
bernd,461,User,1
pillarsdotnet,173180,User,1
bakins,205350,User,1
sciurus,677595,User,1
BrunoGrasselli,67680,User,1
meshy,767671,User,1
chrisa,3774,User,1
chrisroberts,266674,User,1
cwarden,387035,User,1
cdodd,1753915,User,1
dankegel,170976,User,1
liv3d,849874,User,1
dcaba,15898942,User,1
Daniel15,91933,User,1
dansimau,203031,User,1
ddollar,3308,User,1
dlindquist,311353,User,1
denik,86671,User,1
someword,225537,User,1
dmmartins,176215,User,1
malinoff,1702083,User,1
hejeke,5195613,User,1
elisiano,1678271,User,1
EvanKrall,233961,User,1
ctgswallow,587407,User,1
grierj,367857,User,1
indrat,213066,User,1
JacekLach,1210649,User,1
jscheinblum,43085,User,1
jcopenha,231721,User,1
tail,3673,User,1
jterrace,154510,User,1
fatlotus,14364,User,1
taverentech,2576626,User,1
josephholsten,7495,User,1
josephfrazier,6473925,User,1
joseph-onsip,15805439,User,1
kylegato,153946,User,1
lloydpick,71318,User,1
shalq,10528576,User,1
lovell,210965,User,1
LStuker,149860,User,1
mfournier,37533,User,1
mv,41629,User,1
kowal,10665,User,1
mdom,62118,User,1
bionix,1423494,User,1
mkopta,1152498,User,1
brimstone,812795,User,1
mcallaway,517288,User,1
mjhoffman65,1480930,User,1
rfc1459,113221,User,1
MichaelBlume,208853,User,1
specnazzz,261334,User,1
agenticarus,1618612,User,1
mdub,610,User,1
nbrownus,957319,User,1
nfriedly,114976,User,1
nhuff,348102,User,1
nemanja-boric-sociomantic,7437552,User,1
PabloCastellano,73274,User,1
morpheu,55638,User,1
pstoll,1385538,User,1
fetep,314078,User,1
petere,105543,User,1
godp1301,715344,User,1
ppoilbarbe,4868596,User,1
pdaukintis,509639,User,1
rnowling,1114888,User,1
radim,140621,User,1
rafacas,83906,User,1
ranjib,316306,User,1
rimmington,318261,User,1
justrich,2925106,User,1
rcrowley,11151,User,1
robyoung,14287,User,1
Romain-Geissler-1A,13091109,User,1
uglyog,863666,User,1
skyzyx,39447,User,1
svanhess,482500,User,1
ServiusHack,1020544,User,1
shrijeetrf,10124297,User,1
sgnn7,175811,User,1
svmaris,1929157,User,1
lum,512351,User,1
sbuss,494522,User,1
setempler,3781869,User,1
xelwarto,1395763,User,1
trel,55238,User,1
thijstriemstra,305679,User,1
TomyLobo,963797,User,1
torarnv,7536,User,1
trotter,413,User,1
brian-cole-bluenewt,12732255,User,1
ge-fa,8934138,User,1
jakerobinson,493661,User,1
jaytho,23433,User,1
jesusbagpuss,846579,User,1
mbakke,1269099,User,1
memory,394064,User,1
lepht,130093,User,1
reamer77,4692334,User,1
sergeyromanov,1035118,User,1
invalid-email-address,148100,User,1
vbakayev,7300513,User,1
