amatsuda,11493,User,843
yuki24,386234,User,234
zzak,277819,User,38
hsbt,12301,User,21
wbyoung,57162,User,11
udzura,91011,User,11
l15n,3714,User,9
eitoball,34205,User,8
yui-knk,5356517,User,7
dblock,542335,User,7
juno,5352,User,6
bricker,978899,User,5
apotonick,10406,User,5
plribeiro3000,672952,User,4
HeeL,287769,User,4
ajrkerr,78062,User,3
antstorm,118353,User,3
denysonique,631834,User,3
Ragmaanir,113789,User,3
sachin21,3052342,User,3
neilang,34724,User,3
anthonyalberto,872409,User,2
davydovanton,1147484,User,2
holinnn,87913,User,2
Empact,5470,User,2
shingara,1088,User,2
frrrances,4327102,User,2
vladimir-vg,227746,User,2
hamin,28212,User,2
joealba,22587,User,2
seejohnrun,64965,User,2
jonathanhefner,771968,User,2
keiko713,911433,User,2
klebershimabuku,147294,User,2
Konstantin-Beda,10115852,User,2
Linuus,379823,User,2
hundred,2479759,User,2
petergoldstein,421488,User,2
rrrene,311914,User,2
timgremore,49427,User,2
timoschilling,165599,User,2
tmilewski,26691,User,2
zpieslak,1268778,User,2
hasimo,26832,User,2
izumin5210,2010175,User,2
krzysztofbialek,228601,User,2
NoICE,195891,User,2
lukaszsliwa,185065,User,2
aaronjensen,8588,User,1
sarmiena,250349,User,1
arsduo,48325,User,1
alsemyonov,4524,User,1
cinic,67061,User,1
ka8725,243846,User,1
rtsinani,653565,User,1
arthurnn,833383,User,1
ikeay,1245781,User,1
bsimpson,3703,User,1
bf4,142914,User,1
bfad,379467,User,1
bmsatierf,40842,User,1
camallen,295329,User,1
cesarandreu,656870,User,1
aew,726169,User,1
lime,562204,User,1
audionerd,23459,User,1
ernsheong,1343284,User,1
flop,12178,User,1
forresty,171245,User,1
tagliala,556268,User,1
watsonbox,17737,User,1
shime,703563,User,1
koic,13203,User,1
ignatiusreza,667726,User,1
igorkasyanchuk,11101,User,1
pupeno,8425,User,1
peashutop,12373,User,1
janx,5958,User,1
jasonkim,474442,User,1
j15e,143380,User,1
jeffreyiacono,63325,User,1
jc00ke,18191,User,1
jimryan,796235,User,1
joshk,8701,User,1
jcoyne,92044,User,1
Kacpert,7271453,User,1
keeran,848,User,1
kouyaf77,1861028,User,1
googya,118465,User,1
Draiken,287889,User,1
webmat,2300,User,1
maxprokopiev,18645,User,1
mrfoto,986645,User,1
tyok,89855,User,1
noahd1,11672,User,1
pablocrivella,1854923,User,1
mrhead,522375,User,1
pjaspers,52989,User,1
gurgelrenan,691159,User,1
rimenes,84035,User,1
tricknotes,290782,User,1
samdalton,327903,User,1
seanlinsley,688886,User,1
avsej,7280,User,1
sethvargo,408570,User,1
sorah,29440,User,1
detrain,57750,User,1
tsuwatch,1159644,User,1
yuroyoro,18634,User,1
jodeci,5399330,User,1
utkarshkukreti,217126,User,1
ValentinTrinque,4662842,User,1
kolodovskyy,1611258,User,1
yhara,12285,User,1
Zhomart,830536,User,1
aptx4869,1173599,User,1
joker1007,116996,User,1
jomo,3585743,User,1
lucapette,124274,User,1
mizoR,1257116,User,1
negipo,9780,User,1
rubyonme,1825322,User,1
sanemat,75448,User,1
toshimaru,803398,User,1
