kaizensoze,218869,User,435
kilimchoi,1356007,User,335
meisyal,3685290,User,71
griffio,346896,User,18
nucreativa,792586,User,12
ssundarraj,4509724,User,10
Loetn,10846582,User,10
muazhud,7228824,User,9
aoozdemir,6544741,User,8
DEKHTIARJonathan,10923599,User,7
ksashikumar,2421332,User,7
NanXiao,2338189,User,7
efeelaiho,8105085,User,7
simar7,1254783,User,6
aspyatkin,4273812,User,5
victorcete,751773,User,5
vincetse,1501612,User,5
elbrujohalcon,93657,User,4
dideler,497458,User,4
leo,6170607,User,4
pawandubey,2499863,User,4
3lackRos3,2031640,User,4
deanhume,167827,User,3
Deborah-Digges,3866405,User,3
jayeshsolanki93,6861614,User,3
jaysingh,2509970,User,3
jjanvier,3691804,User,3
xamroc,3961452,User,3
nisrulz,2096087,User,3
timbroder,121503,User,3
vedatmahir,5601908,User,3
mike-u,8935879,User,3
nicolaiparlog,6537432,User,3
adionditsak,1625366,User,2
Anenth,1499218,User,2
citrusui,9056756,User,2
TheConnMan,1328448,User,2
gearnode,4477761,User,2
cyrilf,1302282,User,2
cesarferreira,277426,User,2
david90,1916493,User,2
dylan8902,150938,User,2
fbergin,7940394,User,2
hnq90,1875666,User,2
jacobbednarz,283234,User,2
TheCodedSelf,10298140,User,2
onmyway133,2284279,User,2
mgonto,723723,User,2
Hitman666,1001064,User,2
blundell,655860,User,2
pwittchen,695319,User,2
pravj,3437250,User,2
rseroter,1229614,User,2
heussd,887095,User,2
wlads,43899,User,2
diddierh,2763475,User,2
naoyashiga,1988660,User,2
imkarthikk,973265,User,2
kavehmz,230843,User,2
wendigo,66972,User,2
rdlh,3074184,User,2
aaronwinter,7871622,User,1
dossett,7207582,User,1
Abhishek-lodha,7737588,User,1
akariv,265333,User,1
adammck,19543,User,1
askhubchandani,15832980,User,1
adilapapaya,4053020,User,1
rastasheep,695790,User,1
alexnederlof,992615,User,1
Bloggerschmidt,1226135,User,1
Andersos,288977,User,1
andrepraeiro,5289074,User,1
andrewzk,2158864,User,1
lifmus,1624687,User,1
askl56,3062663,User,1
andygrunwald,320064,User,1
ankeshanand,2134563,User,1
ankurp,498669,User,1
anthnyprschka,9882602,User,1
bobek,26891,User,1
ariejan,1913,User,1
ArturSkowronski,395778,User,1
dash1291,870428,User,1
bharaththiruveedula,1144919,User,1
psyclaudeZ,1214652,User,1
BradWalton,16767271,User,1
pandacalculus,965253,User,1
caarlos0,245435,User,1
ceven,3506010,User,1
caseymhunt,2065615,User,1
pattu777,2204619,User,1
ckorhonen,39121,User,1
cjsaylor,157755,User,1
connorjacobsen,1803137,User,1
ConsularGull,10631924,User,1
daveloyall,1524866,User,1
David-Wobrock,8582749,User,1
Devinsuit,11741306,User,1
panzerdp,1078719,User,1
dlion,2125236,User,1
eddsteel,206872,User,1
edwinv,563294,User,1
anonymint,1860126,User,1
etaham,10993993,User,1
ealliaume,114580,User,1
evandempsey,5140530,User,1
EvanHahn,777712,User,1
evantahler,303226,User,1
halfdan,176576,User,1
allouis,3218915,User,1
ftomassetti,439078,User,1
gardnervickers,2684011,User,1
4Giedrius,3658151,User,1
bahmutov,2212006,User,1
graiz,503720,User,1
ggajos,988790,User,1
firstdoit,1633518,User,1
gusaaaaa,947449,User,1
hannesfostie,888168,User,1
hansdubois,792766,User,1
hkellaway,5456481,User,1
eyberg,22410,User,1
ianmiell,7003341,User,1
icaroseara,3177703,User,1
isaacseymour,1834049,User,1
ivanursul,3056498,User,1
ivanyuen,1958746,User,1
jacopotarantino,1176888,User,1
InPermutation,1096993,User,1
jpatel3,1363884,User,1
yez,638533,User,1
janlelis,111510,User,1
jsoverson,842798,User,1
stripethree,1305168,User,1
jeffreyksmithjr,2244907,User,1
jeremyeder,1919640,User,1
jiashuw,1437519,User,1
romefort,334703,User,1
brownhead,367832,User,1
jonblack,175080,User,1
jof,52706,User,1
jkresner,979542,User,1
jomsdev,3369356,User,1
hibikir,7410363,User,1
JuanitoFatas,1000669,User,1
juristr,542458,User,1
krissy,574526,User,1
choonkending,3787885,User,1
kevinjalbert,574871,User,1
restlessdesign,128779,User,1
hynd,1405193,User,1
kikihakiem,4023108,User,1
kirillshevch,5091851,User,1
leominov,2360290,User,1
leogrim,1554338,User,1
naush,232740,User,1
lmammino,205629,User,1
lukaseder,734593,User,1
marios-zindilis,412713,User,1
gbstack,7066813,User,1
dereuromark,39854,User,1
markoa,8651,User,1
majjoha,233988,User,1
mdesanti,754482,User,1
meinac,1840945,User,1
michael-balint,3503731,User,1
mbcrump,534885,User,1
MichaelEvans,1211302,User,1
mjhea0,2018167,User,1
seymour7,5460564,User,1
mwarkentin,67560,User,1
krzyzak,185015,User,1
DarthMike,1030987,User,1
easyCZ,1419286,User,1
miloszpp,729022,User,1
mmozuras,54526,User,1
mcupak,1255598,User,1
nagas,3353494,User,1
mb-dev,807807,User,1
mustafaturan,637021,User,1
msemenistyi,1871054,User,1
nickhammond,17698,User,1
geekjuice,1654587,User,1
nicksergeant,27332,User,1
rtens,1468866,User,1
prayerslayer,878512,User,1
nitishparkar,2040887,User,1
nslater,23469,User,1
dscape,8577,User,1
oferze,5157769,User,1
sage-oli-wood,9049161,User,1
muraty,817164,User,1
oshanz,5364479,User,1
bearprada,1080103,User,1
parth-patil,81567,User,1
veverkap,22348,User,1
pdybka-ep,12063594,User,1
paulblei,6217683,User,1
obipawan,5319269,User,1
focusaurus,482377,User,1
pietbrauer,759730,User,1
prabakarviji,6371437,User,1
prashantpandeyfun10,4577102,User,1
prtkgpt,2454349,User,1
pazdera,169328,User,1
piskvorky,610412,User,1
rgupta-okta,4962210,User,1
Ramzi-Alqrainy,4533327,User,1
rdegges,90247,User,1
ReadmeCritic,15367484,User,1
reiz,652130,User,1
rodrigopdl,3510791,User,1
rosehosting,5490396,User,1
rmarchei,1294245,User,1
ryanbateman,1236394,User,1
stalaie,12240532,User,1
s4kibs4mi,5650785,User,1
bryant1410,3905501,User,1
scottwrobinson,2948719,User,1
Journerist,11048868,User,1
saimon24,2514208,User,1
SudhagarS,1620848,User,1
tjmaher,9785677,User,1
yangshun,1315101,User,1
rajadain,1430060,User,1
thomasdarimont,314690,User,1
crispweed,7702490,User,1
mence,888121,User,1
thieman,1414305,User,1
tuvttran,13454011,User,1
utsengar,137799,User,1
v1v,2871786,User,1
vinothgopi,515151,User,1
vishwajeetv,5512198,User,1
jakutis,4760120,User,1
welll,1483436,User,1
wenbinf,1719237,User,1
hako,2040416,User,1
redswallow,1172545,User,1
yqian1991,3368398,User,1
Zolmeister,700546,User,1
azam3d,2094128,User,1
bagia,3504904,User,1
dblock,542335,User,1
eistrati,27417,User,1
enxebre,1230698,User,1
evalphobia,2827521,User,1
freekmurze,483853,User,1
hwclass,3750931,User,1
jbranchaud,694063,User,1
johanneslagos,675931,User,1
7kfpun,2672802,User,1
liamjbennett,363476,User,1
alpaca-power,8486212,User,1
matugm,1369748,User,1
mellowcandle,2503953,User,1
michal-se,15686427,User,1
mrisoli,1952141,User,1
olso,7975158,User,1
philcryer,43070,User,1
rmcintosh,2124557,User,1
siddharthgopi,4048781,User,1
tkfx,1812943,User,1
wjamro,4352707,User,1
weilii,1926796,User,1
