tdreyno,233,User,2206
bhollis,313208,User,489
karlfreeman,139095,User,41
Arcovion,2716027,User,37
stevenosloan,868115,User,17
matt-hh,360135,User,16
hagenburger,103399,User,16
maxmeyer,114236,User,16
arronmabrey,128298,User,10
indirect,78,User,9
tricknotes,290782,User,9
rumpuslabs,1949723,User,8
FearGoidte,6306740,User,8
AndrewKvalheim,1844746,User,7
trevor,5945,User,7
jsdalton,235836,User,6
mauro-oto,1296641,User,6
artm,64227,User,6
alex88,436888,User,5
barraponto,134005,User,5
mojavelinux,79351,User,5
danielbayerlein,457834,User,5
kematzy,6571,User,5
joallard,949482,User,5
Mark-Simulacrum,5047365,User,5
dvdsgl,108197,User,4
techthumb,1367,User,4
manuelmeurer,16672,User,4
rstacruz,74385,User,4
rolftimmermans,78237,User,4
adam-h,604449,User,4
747,3427854,User,3
agorf,87479,User,3
puyo,15878,User,3
johnnyshields,27655,User,3
nsteiner,111835,User,3
ttilley,9715,User,3
GhostGambler,969344,User,3
yterajima,89116,User,3
alexpeattie,636814,User,2
mootpointer,126967,User,2
bradgessler,4628,User,2
CaseyLeask,430277,User,2
bitgangsta,86184,User,2
joost,91466,User,2
Mic92,96200,User,2
kjg,2205,User,2
Krystosterone,1095896,User,2
bdash,54825,User,2
GUI,12112,User,2
paulcpederson,1031758,User,2
paulozoom,69427,User,2
pusewicz,940,User,2
sethvargo,408570,User,2
ueokande,534166,User,2
tysongach,903327,User,2
Vasfed,135265,User,2
cwebbdesign,1191555,User,2
sandstrom,122287,User,2
zuf,105518,User,2
jimothyGator,1726610,User,2
yawboakye,929886,User,2
adamesque,134433,User,1
al,10687,User,1
alibosworth,63747,User,1
andrezimpel,1418896,User,1
lolmaus,200884,User,1
arthurnn,833383,User,1
Vaguery,81171,User,1
bramswenson,190979,User,1
brettgoulder,22752,User,1
docwhat,40799,User,1
daniel-illi,636849,User,1
danilovaz,1218337,User,1
workergnome,34536,User,1
dg-ratiodata,1267524,User,1
dennisreimann,886,User,1
canterberry,4053794,User,1
railsbros-dirk,1948,User,1
fabianrbz,715229,User,1
akarzim,130560,User,1
gltarsa,4733453,User,1
henrik,216,User,1
nevir,41373,User,1
vassilevsky,252023,User,1
minivan,1770364,User,1
jamespearson,382457,User,1
jarednorman,471667,User,1
jharwig,7098,User,1
Minimalistic,3077684,User,1
jasonwebster,409110,User,1
jeffkreeftmeijer,43621,User,1
jagthedrummer,58702,User,1
balthisar,3053246,User,1
joefiorini,3648,User,1
tavon,3383,User,1
JonRowe,162976,User,1
nybblr,794113,User,1
datapimp,42960,User,1
iiska,38529,User,1
juls,51707,User,1
kaleworsley,164566,User,1
dahlbyk,133987,User,1
kennethkalmer,8756,User,1
kevin8t8,212275,User,1
LeonB,3979,User,1
Linuus,379823,User,1
zamith,166304,User,1
mkempe,74870,User,1
iblue,93362,User,1
schurig,2672413,User,1
matiaskorhonen,43314,User,1
coffeencoke,95773,User,1
matthewlehner,136013,User,1
melvinsh,1312973,User,1
michaelbaudino,1447321,User,1
mvastola,599767,User,1
mbreit,70710,User,1
mortonfox,495892,User,1
natebird,4560,User,1
nickhutchinson,755692,User,1
patbenatar,453695,User,1
pauby,12760779,User,1
argent-smith,448040,User,1
pas256,92010,User,1
splattael,28908,User,1
PiotrMisiurek,140750,User,1
komor72,5731271,User,1
reneklacan,1935686,User,1
roryokane,79168,User,1
rmm5t,740,User,1
cllns,632942,User,1
lest,36079,User,1
svicalifornia,134837,User,1
matsu911,138606,User,1
c01nd01r,3511312,User,1
steel,21513,User,1
southpolesteve,471400,User,1
TMaYaD,78673,User,1
gitter-badger,8518239,User,1
thomasbruketta,5964541,User,1
thomasritz,1152,User,1
douo,743074,User,1
taf2,1568,User,1
carrete,19260155,User,1
pwnall,11460,User,1
willkoehler,889420,User,1
zacps,9827696,User,1
adamjonas,755825,User,1
audionerd,23459,User,1
bootstraponline,1173057,User,1
claudiob,10076,User,1
dannguyen,121520,User,1
dznz,245206,User,1
fukayatsu,1041857,User,1
ne-sachirou,452772,User,1
jordanandree,235503,User,1
blech75,9916,User,1
minusfive,33695,User,1
m-o-e,1622080,User,1
theotheo,1499744,User,1
utensil,64258,User,1
y-yagi,987638,User,1
ilovenwd,32542,User,1
zeke,2289,User,1
