mislav,887,User,456
bernardosrulzon,6955526,User,3
metaskills,2381,User,3
nathany,4566,User,3
poporul,434619,User,2
benpickles,3637,User,2
chriseppstein,1839,User,2
denis,805,User,2
edariedl,163762,User,2
kamal,269,User,2
kjg,2205,User,2
mattetti,113,User,2
useruby,131643,User,1
brandonarbini,151,User,1
bryanlarsen,32073,User,1
chandresh,57285,User,1
dnrce,1084619,User,1
flyingmachine,1421,User,1
DanielVartanov,21388,User,1
dbackeus,3461,User,1
dhh,2741,User,1
dejan,4494,User,1
plentz,4867,User,1
fabioyamate,121605,User,1
fwininger,4974759,User,1
phene,166528,User,1
gcirne,41139,User,1
epid,5473,User,1
jeremyblalock,955154,User,1
jeremywadsack,241324,User,1
jingoro,21310,User,1
jonatack,2415484,User,1
jordimassaguerpla,1148215,User,1
kirs,522155,User,1
l-schirrmeister,525115,User,1
Flink,5648,User,1
marcgg,127343,User,1
matthuhiggins,8185,User,1
maxehmookau,690977,User,1
enriquez,61213,User,1
phuesler,16091,User,1
pjb3,726,User,1
pawelpacana,116740,User,1
pietern,9845,User,1
pusewicz,940,User,1
lifo,91,User,1
spastorino,52642,User,1
tiegz,5054,User,1
pnomolos,36223,User,1
