mitchellh,1299,User,5972
sethvargo,408570,User,1138
chrisroberts,266674,User,635
gildegoma,434654,User,178
fgrehm,81859,User,116
johnbender,23505,User,85
sneal,197023,User,78
tmatilai,79116,User,68
briancain,810277,User,64
bbrala,3294970,User,34
maxlinc,896878,User,30
pearkes,846194,User,27
mwrock,655165,User,27
phinze,37534,User,25
benh57,847794,User,22
justincampbell,246978,User,17
jasoncostello,416727,User,16
captainill,438899,User,15
berendt,419091,User,13
jtopper,739117,User,13
legal90,4846154,User,12
carlosefr,937276,User,12
PatOShea,278138,User,11
kikitux,1255709,User,10
commandtab,3069,User,9
miketheman,529516,User,9
emyl,562707,User,9
glensc,199095,User,8
bdwyertech,2973273,User,8
mpoeter,8653812,User,8
phyber,169223,User,7
sax,77073,User,7
kamigerami,9321510,User,7
handlers,370182,User,7
sthulb,103217,User,7
tboerger,156964,User,7
timsutton,119358,User,7
vvchik,4928248,User,7
voxik,14406,User,7
chenz-svsarrazin,24549954,User,6
databus23,439223,User,6
johnbarney,1023415,User,6
YpNo,883643,User,6
erSitzt,1625376,User,5
MiLk,29782,User,5
jcockhren,316840,User,5
pdericson,2298137,User,5
tomassrnka,1406694,User,5
trombik,240118,User,5
pellegrino,5819,User,5
justinlynn,31369,User,5
markpeek,638982,User,5
agriffis,50637,User,4
sevos,120079,User,4
b2jrock,1132257,User,4
dcarley,260438,User,4
calavera,1050,User,4
hasyimibhar,1431045,User,4
HerrBertling,1827373,User,4
miurahr,123720,User,4
jfbibeau,5847314,User,4
bitprophet,6088,User,4
copperlight,1192501,User,4
benesch,882976,User,4
oscarrenalias,199804,User,4
samphippen,96662,User,4
schisamo,6164,User,4
shadowfax-chc,3118978,User,4
tknerr,365744,User,4
vishvananda,142222,User,4
dragon788,487774,User,4
evverx,10195800,User,4
lstoll,694,User,4
DAXaholic,5146032,User,3
andyfowler,107073,User,3
aneeshusa,2085567,User,3
eventualbuddha,1938,User,3
bpo,3795,User,3
masterzen,20242,User,3
ches,13277,User,3
dandunckelman,1153702,User,3
dreamcat4,63074,User,3
obfusk,1260687,User,3
Aigeruth,146820,User,3
ivuk,681816,User,3
Ingramz,1017132,User,3
jamtur01,4365,User,3
jrob,613402,User,3
johnbellone,241756,User,3
jonnywilliamson,2513663,User,3
titanous,13026,User,3
justincwatt,1240939,User,3
KFishner,1972457,User,3
krig,25527,User,3
lsimons,47133,User,3
matthewferderber,3495163,User,3
Mattias-,1002805,User,3
michaelglass,60136,User,3
mdub,610,User,3
nickanderson,202896,User,3
PatrickLang,11345431,User,3
hedinfaok,4027036,User,3
rcreasey,18412,User,3
rtgibbons,8000,User,3
ryanuber,1642288,User,3
kaorimatz,1951519,User,3
jssjr,79608,User,3
jharveysmith,6226895,User,3
tarrant,39023,User,3
timoguin,671968,User,3
timuralp,703870,User,3
tsmolka,1853021,User,3
cammoraton,1749347,User,3
Poohblah,3742215,User,3
alh84001,2332355,User,3
StefanScherer,207759,User,3
elliotsegler,361995,User,3
mbrodala,5037116,User,3
wakeful,5229238,User,2
adamlazz,453811,User,2
adrianbravo,52630,User,2
alexoj,9037535,User,2
kamazee,231518,User,2
altexdim,2601025,User,2
anatol,7032,User,2
aknrdureegaesr,1033352,User,2
deviantintegral,255023,User,2
theengineear,6611546,User,2
aszeszo,857002,User,2
andytson,199783,User,2
melekes,1282182,User,2
catharsis,90487,User,2
derks,130503,User,2
b-dean,3189231,User,2
hollow,14734,User,2
Stanzilla,75278,User,2
bmorg,842699,User,2
BlackIkeEagle,293691,User,2
bgreenlee,2901,User,2
philips,33544,User,2
brianknight10,776994,User,2
sciurus,677595,User,2
brooksbrown,1601343,User,2
acharlieh,413832,User,2
Sharpie,54181,User,2
cbednarski,649798,User,2
catsby,61721,User,2
ody,193064,User,2
dcbw,10926354,User,2
gonzolino,3019505,User,2
electrofelix,912324,User,2
dizzyd,20146,User,2
cournape,25111,User,2
davidsiefert,5030667,User,2
zzamboni,32876,User,2
pronix,86234,User,2
dougm,30171,User,2
drnic,108,User,2
uggedal,71,User,2
ericpulvino,7875697,User,2
nikelmwann,2039829,User,2
erran,1694055,User,2
eugeneware,38154,User,2
frapposelli,541832,User,2
Ferdy89,1112217,User,2
cisco87,169945,User,2
fpletz,114159,User,2
frosario,513268,User,2
gimler,200904,User,2
goshakkk,315596,User,2
gustavobgama,1511294,User,2
ndwns,746497,User,2
vassilevsky,252023,User,2
psi,243,User,2
imjacobclark,1641689,User,2
jpfuentes2,87429,User,2
jsoriano,15763,User,2
justjake,296279,User,2
jen20,548524,User,2
purpleidea,135091,User,2
Jamezz,2925904,User,2
cazzerson,349269,User,2
jquast,972584,User,2
jzohrab,1637133,User,2
jessabe,4947705,User,2
jkutner,1589,User,2
jyggen,264300,User,2
jlduran,83901,User,2
julienvey,455944,User,2
jbrown,47560,User,2
kamito300,17798672,User,2
keiths-osc,3358621,User,2
interdev,8702,User,2
KierranM,5109455,User,2
lamont-granquist,454857,User,2
spk,98590,User,2
invernizzi,140925,User,2
lukebakken,514926,User,2
bitprocessor,754068,User,2
mfournier,37533,User,2
MarcMeszaros,1537017,User,2
schlamar,238652,User,2
mcourtois,2489820,User,2
mmickan,6725303,User,2
rossi-fi,20414769,User,2
marnovdm,3329313,User,2
mattalexx,250466,User,2
zigg,56017,User,2
mattes,1240531,User,2
obnoxxx,8081179,User,2
nmische,156452,User,2
nesQuick,584259,User,2
patcon,305339,User,2
petyosi,13347,User,2
philippfranke,956546,User,2
kenorb,266306,User,2
Raman148,1636745,User,2
rtkrruvinskiy,3708124,User,2
rquadling,12801,User,2
rickard-von-essen,557699,User,2
rockymadden,538508,User,2
ryansb,636610,User,2
ryansch,146013,User,2
ryon,1154929,User,2
salimane,403938,User,2
scoates,71983,User,2
sschuberth,349154,User,2
senglin,4164195,User,2
shanegibbs,2838876,User,2
gdouezangrard,6490707,User,2
gh2k,6530014,User,2
simonvetter,90988,User,2
stevehodgkiss,62331,User,2
stoned,120598,User,2
takekazuomi,73158,User,2
thierrymarianne,1053622,User,2
otagi,83604,User,2
aligenttimaslat,19722980,User,2
trensen,3601548,User,2
tolbrino,1107,User,2
tbriggs-curse,13543660,User,2
treyhyde,62077,User,2
trivoallan,23811,User,2
pwnall,11460,User,2
wkral,105114,User,2
gajdaw,676675,User,2
louy2,2263580,User,2
YungSang,21843,User,2
zev,16501,User,2
agdula,5443593,User,2
agreenbhm,622379,User,2
techtonik,515889,User,2
bmx0r,2677766,User,2
follower,189962,User,2
guessi,984415,User,2
jtimberman,12483,User,2
linyows,72049,User,2
matthewcodes,7092887,User,2
instilled,11434,User,2
pbrisbin,50812,User,2
rugo,9132874,User,2
semarj,549538,User,2
timcooper,456151,User,2
uchagani,1053584,User,2
viq,639461,User,2
ajw0100,1923158,User,1
AJCStriker,1078766,User,1
aqnouch,3692812,User,1
quirkey,1097,User,1
Mulkave,2647333,User,1
Achimh3011,479001,User,1
coddingtonbear,527661,User,1
duro,17632,User,1
adamv,3566,User,1
AdamGelderAeriandi,3483117,User,1
adrianguenter,399091,User,1
adrianlzt,3237784,User,1
afeld,86842,User,1
akzhan,112516,User,1
abraithwaite,3791413,User,1
alanshields,138825,User,1
p0deje,665846,User,1
tomkins,177332,User,1
alexmv,28347,User,1
aleno,1141250,User,1
alexey-chebotar,157585,User,1
videlalvaro,30834,User,1
anandsuresh,1027513,User,1
andreaso,285964,User,1
arBmind,44107,User,1
amontalban,941928,User,1
andrew-rose,1417730,User,1
penguincoder,12350,User,1
amracks,7939998,User,1
PerilousApricot,93354,User,1
radarhere,3112309,User,1
andyclarke,1957685,User,1
andytson-inviqa,11387086,User,1
ankopainting,50975,User,1
Sauraus,3769441,User,1
scalp42,1475276,User,1
styro,221200,User,1
DrowningElysium,9342313,User,1
ArloL,195367,User,1
armon,592032,User,1
arthurnn,833383,User,1
athak,68638,User,1
apupier,1105127,User,1
Azulinho,851757,User,1
Barthalion,380403,User,1
bmabey,1837,User,1
bnmrrs,96860,User,1
benjixx,45906,User,1
bennlich,704368,User,1
bheuvel,2699104,User,1
bobmaerten,907274,User,1
Boohbah,4573335,User,1
bdon,77501,User,1
brenttheisen,658541,User,1
brettporter,49108,User,1
mightybs,157826,User,1
brianloveswords,166258,User,1
gii-brian-johnson,1534243,User,1
beporter,637270,User,1
brianretford,18471401,User,1
bcwaldon,548759,User,1
bbinet,76281,User,1
bbonamin,713787,User,1
budhrg,1132451,User,1
marblenix,6401427,User,1
calvinhp,157091,User,1
morrizon,4554805,User,1
caseylang,586829,User,1
ampedandwired,541054,User,1
cstrahan,143982,User,1
freshteapot,305673,User,1
chrisbaldauf,488984,User,1
chrisvire,517814,User,1
chriskuehl,665269,User,1
hh,31331,User,1
teaforthecat,360112,User,1
cwarden,387035,User,1
zeha,26175,User,1
Oakie3CR,95581,User,1
channui,1313950,User,1
clayallsopp,153704,User,1
claytononeill,27088,User,1
evaryont,14547,User,1
cgwalters,244096,User,1
chorankates-sfdc,1832086,User,1
dafyddj,4195158,User,1
marxarelli,239740,User,1
falconed,224644,User,1
danmidwood,582485,User,1
dmerrick,49680,User,1
danielbachhuber,36432,User,1
blueyed,9766,User,1
derdanne,1272546,User,1
danielparks,154427,User,1
daniel-sc,117919,User,1
dansimau,203031,User,1
davegudge,1736807,User,1
dmangot,991892,User,1
davedevelopment,61351,User,1
davidkuridza,953796,User,1
dlundgren,1322393,User,1
synth3tk,2099988,User,1
DavidWittman,714287,User,1
davidjb,1002811,User,1
dsesh,1769760,User,1
denisbr,478790,User,1
dhoppe,1111056,User,1
dharmab,4450708,User,1
aglarond,637935,User,1
lookfwd,789359,User,1
dmcrystax,16279002,User,1
donaldguy,43136,User,1
drogerschariot,1655964,User,1
dmacvicar,15332,User,1
dustymabe,4530030,User,1
dylanegan,94,User,1
scompt,277576,User,1
herdani,685607,User,1
skeggse,1348991,User,1
blaise-zaga,3141704,User,1
ecoleman,1598,User,1
erichelgeson,271734,User,1
sferik,10308,User,1
ebelew,3860810,User,1
ekalinin,234891,User,1
ezamriy,3872669,User,1
md55,5460049,User,1
ewencp,47366,User,1
sumkincpp,738925,User,1
Xylakant,337823,User,1
felixrabe,400795,User,1
frodenas,405846,User,1
florianb,983507,User,1
flozano,1159291,User,1
frsantos,195364,User,1
sigi,89823,User,1
fcharlier,165673,User,1
Fuhrmann,1160365,User,1
keeguon,322354,User,1
oddtazz,374361,User,1
s7726,1107801,User,1
hexdoll,67891,User,1
geo4orce,4029417,User,1
gildub,1901741,User,1
