mperham,2911,User,2137
brandonhilkert,744212,User,104
seuros,2394703,User,78
jc00ke,18191,User,58
jonhyman,832655,User,46
davydovanton,1147484,User,40
ryanlecompte,637158,User,33
badosu,347552,User,17
jmazzi,2273,User,16
maxjustus,24899,User,15
cpuguy83,799078,User,12
aackerman,786640,User,11
jcoene,283933,User,11
grosser,11367,User,9
jakemack,279781,User,8
mrnugget,1185253,User,8
ismaelga,492663,User,7
moserke,1779323,User,7
petergoldstein,421488,User,7
phallstrom,16705,User,7
tysonmote,111501,User,7
perldork,46721,User,7
fumin,765222,User,7
jackrg,962177,User,6
manishval,1205026,User,6
unity,9458,User,6
ryansch,146013,User,6
madebydna,30317,User,6
dtaniwaki,1162120,User,5
ezkl,40455,User,5
bensie,4595,User,5
jcavalieri,2171614,User,5
sentience,89772,User,5
cainlevy,4449,User,5
lucianosousa,44833,User,5
matthewford,215,User,5
panthomakos,186424,User,5
digitalextremist,21095,User,4
aprescott,342081,User,4
bzanchet,8005,User,4
charliesome,179065,User,4
ckersh,296769,User,4
masterkain,12844,User,4
krasnoukhov,944286,User,4
eugeneius,432189,User,4
guiceolin,126978,User,4
jkassemi,215266,User,4
ardell,90694,User,4
jonhinson,51923,User,4
juanibiapina,568764,User,4
lian,6937,User,4
jlecour,5142,User,4
mariovisic,112153,User,4
betelgeuse,34627,User,4
RafaelChefe,1452322,User,4
sj26,14028,User,4
ogom,471923,User,4
jsantos,32199,User,4
alex-handley,354592,User,3
antstorm,118353,User,3
dimko,241633,User,3
sferik,10308,User,3
espen,32258,User,3
eugenk,339751,User,3
fbjork,4585,User,3
boek,1250545,User,3
jfirebaugh,98601,User,3
karlfreeman,139095,User,3
nogara,61724,User,3
mhfs,78422,User,3
rafaelss,5477,User,3
emq,1527612,User,3
dlackty,14349,User,3
salimane,403938,User,3
seamusabshere,15787,User,3
joneslee85,135605,User,3
victor-huang,2643033,User,3
bray,237632,User,3
indirect,78,User,3
brainopia,386,User,3
adrianpacala,9934,User,2
mrsimo,19203,User,2
Tonkonozhenko,1307646,User,2
scalp42,1475276,User,2
davetoxa,417317,User,2
amcaplan,6288426,User,2
benubois,133809,User,2
Empact,5470,User,2
substars,81067,User,2
bwthomas,1060797,User,2
bradleypriest,167215,User,2
bnorton,401631,User,2
gaffneyc,7095,User,2
colszowka,13972,User,2
czarneckid,72727,User,2
dennisvdvliet,789163,User,2
dim,16614,User,2
DouweM,159434,User,2
fuJiin,203277,User,2
LeakyBucket,90523,User,2
guivinicius,141650,User,2
hakanensari,31693,User,2
hinrik,43533,User,2
xamut,451082,User,2
janoelze,893542,User,2
jmdeldin,48903,User,2
jdanielnd,571693,User,2
nirvdrum,12584,User,2
Locke23rus,25555,User,2
godfat,10416,User,2
cavalle,856,User,2
mrkjlchvz,2158281,User,2
ddrmanxbxfr,445401,User,2
betamatt,23032,User,2
ragalie,19682,User,2
nateberkopec,845662,User,2
firedev,115612,User,2
Nowaker,611746,User,2
phstc,105652,User,2
sorentwo,270831,User,2
bbhoss,7044,User,2
ryohashimoto,1477268,User,2
remiprev,11348,User,2
smolnar,1520466,User,2
shaneog,130415,User,2
stanhu,963826,User,2
tmaier,350038,User,2
PragTob,606517,User,2
kremso,19076,User,2
vipulnsward,567626,User,2
weichienhung,1462027,User,2
cap10morgan,59748,User,2
willcosgrove,77887,User,2
yuritomanek,38002,User,2
lwe,83660,User,2
lyfeyaj,1445568,User,2
nrakochy,3740177,User,2
pik,10236920,User,2
ramiyer28,2174928,User,2
vanstee,228734,User,2
ctaintor,113958,User,2
JacobEvelyn,1114569,User,2
adisos,592907,User,1
asanghi,762,User,1
Intrepidd,803765,User,1
amencarini,1100003,User,1
le0pard,98444,User,1
AlfonsoUceda,925961,User,1
andrew,1060,User,1
aselder,11577,User,1
andreychernih,131281,User,1
antoinefinkelstein,2157992,User,1
artempartos,1943859,User,1
arthurfurlan,52408,User,1
arthurnn,833383,User,1
KensoDev,79502,User,1
knuti,240724,User,1
ayrton,440926,User,1
bbulpett,6424805,User,1
bartolsthoorn,106586,User,1
benweint,982820,User,1
brandonweiss,4727,User,1
newdark,13140,User,1
brianebeyer,800279,User,1
buccolo,276707,User,1
bosslee,993948,User,1
spra85,423943,User,1
epchris,120530,User,1
wllrd,1679078,User,1
cbaines,1130010,User,1
clouvet,1325668,User,1
clemensg,201310,User,1
dbachet,675579,User,1
damireh,429845,User,1
dazuma,8911,User,1
dleavitt,71686,User,1
damselem,110622,User,1
dleung,1117652,User,1
davidstosik,816901,User,1
dennisreimann,886,User,1
devaroop,582200,User,1
plentz,4867,User,1
dbussink,7851,User,1
TheHodge,15485,User,1
nilbus,64751,User,1
elia,1051,User,1
eprothro,798287,User,1
fpgentil,356881,User,1
Ferdy89,1112217,User,1
Bartuz,4388676,User,1
fpetrini,1908570,User,1
garrensmith,179458,User,1
guipdutra,613194,User,1
zedtux,478564,User,1
gleseur,1303269,User,1
wonderer007,2243326,User,1
Spone,38524,User,1
naaano,37500,User,1
thefron,449334,User,1
ilja,138199,User,1
wazery,470401,User,1
bjjb,10744,User,1
ncr,5796,User,1
benilovj,23801,User,1
jhilden,69657,User,1
jsrn,1489178,User,1
chewi,35072,User,1
junghlee90,17445405,User,1
ideasasylum,14988,User,1
jaredbeck,380809,User,1
jharbert,753580,User,1
jasonrclark,130504,User,1
statianzo,57737,User,1
jeremyruppel,251146,User,1
jdantonio,173910,User,1
jbourassa,224311,User,1
jgeiger,10274,User,1
johanlunds,22144,User,1
jroes,27847,User,1
titanous,13026,User,1
jhass,141294,User,1
jbgo,150256,User,1
ceritium,16633,User,1
joseluistorres,216166,User,1
josepjaume,111746,User,1
Geesu,170654,User,1
interlinked,542240,User,1
queso,106,User,1
AvonGenesis,905293,User,1
julik,16446,User,1
justindowning,974521,User,1
kaspergrubbe,334273,User,1
keithpitt,25882,User,1
kreynolds,324744,User,1
Burgestrand,99166,User,1
khellan,51441,User,1
simpl1g,1674393,User,1
krisquigley,5502215,User,1
kyledrake,28153,User,1
leemhenson,515,User,1
liorsion,462660,User,1
jodosha,5089,User,1
maksimf,860283,User,1
mpugach,426179,User,1
marcboquet,14408,User,1
mariokostelac,1917451,User,1
mkremer,72702,User,1
bittersweet,39115,User,1
marten,277,User,1
martijn,107915,User,1
srecnig,292139,User,1
allaire,304461,User,1
mdespuits,442443,User,1
invalidusrname,2727,User,1
msmithstubbs,22266,User,1
mauro-oto,1296641,User,1
michaeldiscala,1103270,User,1
mikegee,14068,User,1
ijin,93147,User,1
mikz,154571,User,1
mhenrixon,106795,User,1
mikaeljorhult,215694,User,1
mdesjardins,19634,User,1
subelsky,12020,User,1
mitchellh,1299,User,1
alouanemed,7117097,User,1
mhdrahmoun,4639990,User,1
TheSmartnik,8058230,User,1
nkondratyev,1068531,User,1
MadRabbit,14523,User,1
killthekitten,1201569,User,1
noahd1,11672,User,1
nolman,22493,User,1
elpic,138424,User,1
pablito,78922,User,1
ppadron,41304,User,1
pedroreys,130238,User,1
PikachuEXE,1018543,User,1
prokopsimek,5487217,User,1
fidelisrafael,1542608,User,1
reizist,4850156,User,1
rmello,228061,User,1
robinboening,342977,User,1
rodolfospalenza,623173,User,1
dreyks,1481264,User,1
ryanbrainard,966764,User,1
zenspider,9832,User,1
meltingice,126393,User,1
ryanlower,101410,User,1
rmm5t,740,User,1
rselk,3610779,User,1
rymai,1168,User,1
SaitoWu,348915,User,1
tzwm,828837,User,1
stereoscott,172409,User,1
seanpdoyle,2575027,User,1
SebastianSzturo,2699745,User,1
SamMolokanov,4699081,User,1
DarthSim,380856,User,1
sivagollapalli,280199,User,1
sisnkemp,14861240,User,1
stepantubanov,1050523,User,1
stephankaag,6944,User,1
StephenOTT,1994838,User,1
snkashis,361323,User,1
steverandy,525332,User,1
laserlemon,34264,User,1
Strnadj,1773690,User,1
ssut,2366668,User,1
tejasbubane,980783,User,1
siong1987,5866,User,1
theodorton,874365,User,1
tdantas,1008684,User,1
thibaudgg,1322,User,1
thbar,10141,User,1
thilo,8471,User,1
thomey,812358,User,1
bruckhaus,1251008,User,1
halorgium,263,User,1
timdorr,17882,User,1
timhaines,19700,User,1
tombenner,193898,User,1
vyorkin,988849,User,1
vicentllongo,1669674,User,1
marshall-lee,3194530,User,1
warrenguy,5602790,User,1
amitsuroliya,2149795,User,1
artiom,15435,User,1
notbakaneko,1694544,User,1
barberj,503436,User,1
cconstantine,14189,User,1
dgasper,1153245,User,1
didil,1284255,User,1
dipnlik,223484,User,1
edmz,18996,User,1
eigilsagafos,3509385,User,1
ferdinandrosario,1284503,User,1
chonglou,6397317,User,1
hartator,307597,User,1
humancopy,147451,User,1
icleversoft,289476,User,1
inkstak,474554,User,1
jejacks0n,13765,User,1
kosh-jelly,8193914,User,1
jtimberman,12483,User,1
lulalala,366910,User,1
mhuggins,169093,User,1
mizoR,1257116,User,1
mm580486,10347945,User,1
pnevyk,2601371,User,1
onigra,1232216,User,1
pisaacs,3520040,User,1
pote,132684,User,1
sebastienvercammen,4874269,User,1
wndfly,963529,User,1
yui-knk,5356517,User,1
pitr,102791,User,1
