sferik,10308,User,316
tmilewski,26691,User,82
jamesarosen,2406,User,56
chrispeterson,371561,User,44
he9qi,29342,User,34
pyu10055,4018,User,19
lexer,108267,User,17
boyvanamstel,225410,User,9
rainux,13707,User,9
jerryluk,12464,User,8
jamiew,1903,User,7
jaigouk,6720,User,6
pchilton,222631,User,6
gacha,34115,User,5
jch,19874,User,5
kachick,1180335,User,5
leemartin,199962,User,5
leshill,3938,User,5
mbleigh,1022,User,5
md5,76367,User,5
twalpole,16556,User,5
achiu,24772,User,4
quake,8990,User,4
tomtaylor,565,User,4
holman,2723,User,4
pupeno,8425,User,4
amatsuda,11493,User,3
halfdan,176576,User,3
nekodex,272140,User,3
ngauthier,13654,User,3
vinibaggio,33053,User,3
andersonleite,52427,User,3
BrianTheCoder,102,User,3
philnash,31462,User,3
nicolasblanco,12682,User,3
estepan,5442154,User,3
needto,100998,User,2
aduffeck,203813,User,2
Caged,25,User,2
unixcharles,78458,User,2
dalyons,43060,User,2
dcu,73729,User,2
dylanegan,94,User,2
felipecsl,190648,User,2
fujimura,134072,User,2
gduquesnay,84978,User,2
janx,5958,User,2
jeremyf,2130,User,2
lanej,79638,User,2
l4u,97841,User,2
nowa,3835,User,2
petergoldstein,421488,User,2
soorajb,235641,User,2
wesgibbs,9358,User,2
chouti,27688,User,2
coderoshi,63749,User,2
waiting-for-dev,52650,User,2
raecoo,4910,User,2
schneems,59744,User,2
softprops,2242,User,2
keeguon,322354,User,2
aitor,4295,User,1
paratiger,64196,User,1
alexkirmse,12135,User,1
rickenharp,8414,User,1
meduza,16512,User,1
alexis,15784,User,1
teddy-linden,1139440,User,1
AndrewO,550,User,1
andrewwillis,5482,User,1
aagrawal2001,332628,User,1
benpickles,3637,User,1
bdotdub,5719,User,1
bitdeli-chef,3092978,User,1
bobbymarko,153379,User,1
brandonweiss,4727,User,1
brynary,19,User,1
brycethornton,4918,User,1
christoffer,151489,User,1
claco,20319,User,1
djanowski,2268,User,1
danlite,153104,User,1
jazzdan,452453,User,1
davidgaya,85780,User,1
elisehuard,8934,User,1
filiptepper,3822,User,1
GuillauG,746022,User,1
hstove,1109058,User,1
watsonbox,17737,User,1
doitian,35768,User,1
SkyWriter,105392,User,1
jwilson511,222656,User,1
janko-m,795488,User,1
viking,8177,User,1
joefiorini,3648,User,1
jjb,6097,User,1
jrom,9952,User,1
joshjordan,521674,User,1
joshuaxls,58410,User,1
jbasdf,4086,User,1
kamal,269,User,1
kltcalamay,503004,User,1
kepi,105303,User,1
kevinwmerritt,590874,User,1
kvnsmth,127,User,1
lalithr95,4562611,User,1
marcbey,3525,User,1
mkdynamic,4312,User,1
MSch,7475,User,1
majormajors,7573,User,1
matthewrudy,8659,User,1
printercu,1144890,User,1
gorsuch,148854,User,1
michaelherold,424833,User,1
nixmaniack,542810,User,1
nashbridges,380913,User,1
nickstamas,86578,User,1
nithinbekal,121782,User,1
paulj,52834,User,1
fxposter,109216,User,1
pierrevalade,11172,User,1
quickerbuy,765151,User,1
raebot,2976047,User,1
volh,12028,User,1
ryanwood,8504,User,1
sailavu,145252,User,1
samsm,937,User,1
inkstak,474554,User,1
sethladd,5479,User,1
semmons99,27679,User,1
stve,28044,User,1
whilefalse,95246,User,1
szimek,9873,User,1
thomaswitt,46834,User,1
timurvafin,571,User,1
tomhughes,147741,User,1
afn,2779422,User,1
toyokazu,7023,User,1
vasinov,286876,User,1
albb0920,276340,User,1
azul,102902,User,1
jugyo,7354,User,1
kei-s,8451,User,1
laserlemon,34264,User,1
ramn,100515,User,1
mmrwoods,138597,User,1
yui-knk,5356517,User,1
zeantsoi,339024,User,1
