josevalim,9582,User,1441
carlosantoniodasilva,26328,User,315
lucasmazza,80978,User,286
nashby,200500,User,64
rafaelfranca,47848,User,61
ulissesalmeida,867308,User,30
dwhenry,63736,User,21
Chun-Yang,2827867,User,19
latortuga,9379,User,19
georgeguimaraes,2929,User,18
jphenow,319230,User,16
rodrigoflores,51603,User,16
joliss,524783,User,15
mhfs,78422,User,13
fredwu,31945,User,13
vinibaggio,33053,User,11
ches,13277,User,10
joshk,8701,User,10
rosenfeld,32246,User,9
jacquescrocker,206662,User,8
SSDany,10669,User,8
sbounmy,159814,User,7
heimidal,1901,User,7
excid3,67093,User,7
jm81,94846,User,7
sikachu,4912,User,7
alexsoble,3209501,User,7
bogdanvlviv,6443532,User,7
andmej,9726,User,6
crx,646297,User,6
jackdempsey,479,User,6
laurocaetano,611891,User,6
promisedlandt,557201,User,6
pat,4183,User,6
sj26,14028,User,6
timoschilling,165599,User,6
trevorturk,402,User,6
stjhimy,105491,User,6
slbug,108694,User,6
robhurring,21606,User,6
adahl,209822,User,5
grimen,4783,User,5
lmduc,1940280,User,5
mattconnolly,416108,User,5
Radagaisus,550061,User,5
spastorino,52642,User,5
twalpole,16556,User,5
udaysinghcode,4100520,User,5
hauleth,291639,User,5
matthewrudy,8659,User,5
3wille,6792668,User,4
gregates,1359580,User,4
Bregor,745,User,4
michaelklishin,1090,User,4
p,125612,User,4
seanski,78908,User,4
stanhu,963826,User,4
victor-cruz,227997,User,4
vipulnsward,567626,User,4
hakanensari,31693,User,4
adrianpacala,9934,User,3
wildchild,5239,User,3
kukula,968383,User,3
BM5k,29762,User,3
cheerfulstoic,301415,User,3
fortuity,8665,User,3
deivid-rodriguez,2887858,User,3
dkastner,16464,User,3
sferik,10308,User,3
gtd,5603,User,3
dropletzz,6430318,User,3
hugobarauna,2719,User,3
iamvery,79619,User,3
jwilger,1654,User,3
nviennot,297060,User,3
petervandenabeele,55656,User,3
philly-mac,15437,User,3
stepheneb,7188,User,3
sslotnick,1660630,User,3
worker8,1988156,User,3
timscott,118409,User,3
Lightpower,1280504,User,3
ysiadf,712099,User,3
fschwahn,57876,User,3
lest,36079,User,3
Mandaryn,71698,User,3
snusnu,1186,User,3
blom,215454,User,3
abevoelker,153459,User,2
asanghi,762,User,2
xymbol,13948,User,2
al,10687,User,2
sekrett,264848,User,2
Antiarchitect,50209,User,2
andygeers,1673899,User,2
Angelmmiguel,4056725,User,2
bbenezech,26794,User,2
bjnord,854790,User,2
brentkearney,1550934,User,2
carlosgaldino,48889,User,2
nakhli,260555,User,2
chrismacias,12903049,User,2
dpehrson,263184,User,2
dcmorse,10550086,User,2
dcu,73729,User,2
dbloete,1888700,User,2
seddy,1778711,User,2
georgemillo,2656485,User,2
gbataille,1113065,User,2
ianks,3303032,User,2
merbjedi,34694,User,2
james-pellow,10053,User,2
twinge,23668,User,2
JuanitoFatas,1000669,User,2
f3ndot,740289,User,2
kgiszczak,43841,User,2
ssendev,450793,User,2
kushkella,2130630,User,2
lucianosousa,44833,User,2
luisico,28566,User,2
louman,116700,User,2
mkremer,72702,User,2
MarkMT,37036,User,2
martinrehfeld,12546,User,2
Dinuz,1139472,User,2
mathieuravaux,38495,User,2
michiel3,140043,User,2
NAndreasson,611104,User,2
olivierlacan,65950,User,2
paulca,1229,User,2
paulrosania,1904,User,2
pelle,8680,User,2
pootsbook,35313,User,2
fphilipe,128151,User,2
pungoyal,42866,User,2
RStankov,9867,User,2
richardaday,52923,User,2
yokomizor,514767,User,2
rpechayr,271047,User,2
posgarou,8039360,User,2
saizai,40273,User,2
sbc100,515813,User,2
codeodor,23479,User,2
stephenbaldwin,620421,User,2
laserlemon,34264,User,2
tod,28280,User,2
vincentwoo,613320,User,2
kalbasit,87115,User,2
aditya-kapoor,1955930,User,2
bodhi,28731,User,2
camelmasa,189824,User,2
henrypoydar,12004,User,2
julp,343021,User,2
lancecarlson,107,User,2
randoum,3615944,User,2
salidux,460695,User,2
schneems,59744,User,2
siong1987,5866,User,2
takahashim,10401,User,2
yui-knk,5356517,User,2
djpowers,4978418,User,2
jgeiger,10274,User,2
postmodern,12671,User,2
scottjacobsen,86936,User,2
allenwq,4983239,User,1
tenderlove,3124,User,1
seuros,2394703,User,1
wasabhi,246075,User,1
adammcnamara,64082,User,1
adzap,6318,User,1
adamniedzielski,2426386,User,1
shanab,1216585,User,1
adacosta,37958,User,1
adelevie,86790,User,1
alex88,436888,User,1
alexpeattie,636814,User,1
alexdreher,471472,User,1
AlexanderZaytsev,508532,User,1
naveda89,1290374,User,1
indirect,78,User,1
ahmeij,527143,User,1
ahx,8669,User,1
zmack,1037,User,1
pixeltrix,6321,User,1
aderyabin,88676,User,1
ka8725,243846,User,1
Envek,264400,User,1
moll,156837,User,1
andriytyurnikov,3668,User,1
lesniakania,193863,User,1
AnnaGulstine,10109119,User,1
optimisticanshul,4547169,User,1
anthonyto,1906585,User,1
aried3r,1301152,User,1
atd,26228,User,1
ArneZsng,2211837,User,1
pechkin,74748,User,1
AstonJ,759626,User,1
Atul9,3390330,User,1
bvsatyaram,166072,User,1
bartoszkopinski,1584002,User,1
benknowles,605103,User,1
benmanns,27628,User,1
bloudermilk,142254,User,1
BrentWheeldon,764206,User,1
britto,54433,User,1
brynary,19,User,1
blase,453270,User,1
cadejscroggins,2367158,User,1
mrchrisadams,17906,User,1
Yenwod,1895292,User,1
buggle,20729,User,1
cmeiklejohn,44939,User,1
csexton,16963,User,1
masterkain,12844,User,1
clody69,702345,User,1
shingara,1088,User,1
jd-erreape,1223781,User,1
DamirSvrtan,1437202,User,1
sidonath,15397,User,1
danschultzer,1254724,User,1
tigris,26856,User,1
dyba,296219,User,1
danielvlopes,6641,User,1
invisiblefunnel,331023,User,1
bakongo,84138,User,1
Dbz,628429,User,1
davetron5000,22282,User,1
dgynn,103968,User,1
obiwanchinobi,99063,User,1
dwbutler,746336,User,1
dayweek,144325,User,1
dctrotz,5331672,User,1
dhennessy,5327,User,1
yakovenkodenis,8517673,User,1
diegosouzapb,1693064,User,1
dmitriy-kiriyenko,124430,User,1
aceofspades,81255,User,1
durran,9030,User,1
eloyesp,173797,User,1
ecarnevale,2395,User,1
emilsoman,1707078,User,1
rumblestrut,18155,User,1
erichkist,130042,User,1
eugeneius,432189,User,1
edelpero,1726530,User,1
fabiokr,21800,User,1
FlaviaFortes,3044499,User,1
fgo,360276,User,1
fgro,156759,User,1
gaganawhad,140718,User,1
gavinhughes,10154,User,1
gtalton,923163,User,1
giedriusr,210713,User,1
glebm,216339,User,1
gwagener,507152,User,1
bgreg,3711139,User,1
greysteil,1144873,User,1
glittershark,1481027,User,1
arnvald,135708,User,1
guilhermesilveira,51391,User,1
guilhermesimoes,531168,User,1
zedtux,478564,User,1
gfvcastro,10352597,User,1
hamadata,231988,User,1
hbriggs,4731354,User,1
weih,1162450,User,1
hinrik,43533,User,1
irohiroki,152269,User,1
takitsuba,11292872,User,1
hosamaly,330633,User,1
shime,703563,User,1
rubyrider,417169,User,1
betesh,2154282,User,1
scaryzet,1671714,User,1
jbnunn,1584861,User,1
jamescook,4067,User,1
james,425,User,1
jherdman,3300,User,1
gdpelican,750477,User,1
floehopper,3169,User,1
bensie,4595,User,1
jsanders,38320,User,1
JamesFerguson,89383,User,1
janpantel,1828275,User,1
janx,5958,User,1
jaredbeck,380809,User,1
ShepBook,1037047,User,1
xemexpress,22487340,User,1
diminish7,29417,User,1
jayshepherd,4238,User,1
jrmyward,172617,User,1
jeroenvisser101,1941348,User,1
jbhannah,179194,User,1
jessy,27324,User,1
jimherz,259890,User,1
jbourassa,224311,User,1
TechFounder,2199036,User,1
jinzhu,6843,User,1
jjuliano,439095,User,1
joeyAghion,28120,User,1
jjb,6097,User,1
JohnPlummer,506343,User,1
jroes,27847,User,1
trammel,97644,User,1
gajon,474975,User,1
Juanmcuello,112913,User,1
julianvargasalvarez,383826,User,1
juliend2,30395,User,1
jlerpscher,742241,User,1
jcoyne,92044,User,1
jetheredge,64120,User,1
kv109,399968,User,1
kaleemullah,56748,User,1
znz,11857,User,1
max-power,207775,User,1
kbullaughey,613650,User,1
nirvdrum,12584,User,1
RudyOnRails,1021154,User,1
kjbekkelund,5259,User,1
kirs,522155,User,1
13k,4762,User,1
rousisk,1429943,User,1
Kosmas,8461,User,1
kosdiamantis,6030161,User,1
kramerc,114056,User,1
krishandley,521598,User,1
lloydpick,71318,User,1
lleger,52359,User,1
lucasuyezu,26002,User,1
lboix,3964870,User,1
maartenvanvliet,54566,User,1
magnusvk,704153,User,1
mantas,36944,User,1
marcgg,127343,User,1
marcinb,158127,User,1
dui,1360,User,1
milgner,160025,User,1
vimutter,1164751,User,1
djmaze,7229,User,1
mathieul,5443,User,1
matiaskorhonen,43314,User,1
mattbrictson,189693,User,1
fauxparse,530,User,1
mattupstate,166176,User,1
Yanchek99,611022,User,1
Mab879,207087,User,1
mxhold,1921012,User,1
parallel588,7176,User,1
borski,207674,User,1
crismali,3209502,User,1
yandy,535319,User,1
mikevic,1719146,User,1
QaDeS,30152,User,1
miry,21104,User,1
mreinsch,33982,User,1
rykov,35549,User,1
mtarnovan,4074,User,1
mikegehard,128210,User,1
mikel,3366,User,1
moisesvw,403136,User,1
nambrot,571810,User,1
NeilvB,1370570,User,1
nickborromeo,1518902,User,1
nicolasblanco,12682,User,1
pomnikita,530330,User,1
killthekitten,1201569,User,1
trollixx,714940,User,1
avocade,8943,User,1
pjungwir,660353,User,1
paulanunda,155981,User,1
paulbellamy,250199,User,1
barodeur,303170,User,1
paulmars,8290,User,1
rwz,129043,User,1
betelgeuse,34627,User,1
parndt,10128,User,1
prathamesh-sonpatki,621238,User,1
ricardohsd,46654,User,1
rmanalan,549,User,1
dlackty,14349,User,1
darpified,423860,User,1
robinroestenburg,693266,User,1
rodrigoargumedo,7613139,User,1
reu,191614,User,1
RogerE,92803,User,1
ronalchn,1328735,User,1
roryokane,79168,User,1
rossta,11673,User,1
ryanbooker,7423,User,1
slant,8280,User,1
rmm5t,740,User,1
rymohr,730211,User,1
rthbound,708692,User,1
kamipo,12642,User,1
sadjow,177525,User,1
salimane,403938,User,1
stereoscott,172409,User,1
cllns,632942,User,1
seancribbs,1772,User,1
samdec11,2918454,User,1
sagmor,4744,User,1
skojin,8044,User,1
shaliko,36139,User,1
willnet,82371,User,1
Neschur,995682,User,1
netmute,574582,User,1
SimonC4,7613950,User,1
SimonDKnight,11687224,User,1
sivagollapalli,280199,User,1
joelparkerhenderson,27145,User,1
sboesen,248703,User,1
basiszwo,24071,User,1
schmartmann,19958555,User,1
MSNexploder,101456,User,1
stve,28044,User,1
stevehodgkiss,62331,User,1
steverob,1220480,User,1
sxross,655,User,1
stevenspiel,1630091,User,1
take,1095842,User,1
erdostom,3744979,User,1
TamiasSibiricus,648814,User,1
theodorton,874365,User,1
thibaudgg,1322,User,1
Thibaut,17579,User,1
thomasdarde,812048,User,1
tkrajcar,621861,User,1
