rafaelfranca,47848,User,439
carlosantoniodasilva,26328,User,407
josevalim,9582,User,237
nashby,200500,User,109
lucasmazza,80978,User,65
laurocaetano,611891,User,21
ulissesalmeida,867308,User,17
erichkist,130042,User,12
dasch,6351,User,11
rab,21304,User,11
volmer,301187,User,10
ckundo,108163,User,8
webgago,191476,User,6
balexand,181187,User,6
butsjoh,96848,User,6
rmascarenhas,613784,User,6
deivid-rodriguez,2887858,User,6
georgeguimaraes,2929,User,6
haines,785641,User,5
klobuczek,81925,User,5
krzyzak,185015,User,5
dfens,116947,User,5
vinibaggio,33053,User,5
andrielfn,232190,User,4
bradly,4227,User,4
jorge-d,1178099,User,4
rejeep,20277,User,4
johnvoloski,516124,User,4
britto,54433,User,4
fagiani,2450,User,4
achempion,1409852,User,3
dw2,746347,User,3
edison,149353,User,3
ehoch,852746,User,3
joshk,8701,User,3
medihack,120626,User,3
reu,191614,User,3
NOX73,975907,User,3
shwoodard,34149,User,3
srbartlett,125731,User,3
timscott,118409,User,3
allomov,122246,User,3
jduff,441,User,3
olivierlacan,65950,User,3
petrgazarov,5581195,User,3
brynary,19,User,2
cfcosta,14752,User,2
carolfs,55320,User,2
ebonical,19772,User,2
fabiob,140875,User,2
georgehemmings,910258,User,2
gmanley,117649,User,2
strangeworks,1908752,User,2
isc,27415,User,2
jackdempsey,479,User,2
jim,3331,User,2
jo,17586,User,2
artfuldodger,225802,User,2
kaichen,4048,User,2
koenpunt,351038,User,2
mfila,1105175,User,2
mvdamme,237616,User,2
tyok,89855,User,2
nruth,26158,User,2
obfuscoder,1779230,User,2
parndt,10128,User,2
solnic,1066,User,2
rrrene,311914,User,2
rcillo,344648,User,2
rmm5t,740,User,2
sailavu,145252,User,2
swrobel,157270,User,2
svendahlstrand,35639,User,2
ZenCocoon,10502,User,2
jurglic,112600,User,2
dreamfall,332810,User,2
morgoth,10766,User,2
takkanm,43500,User,2
benlinton,766787,User,2
aaronchi,6336,User,1
ajb,1270317,User,1
adammathys,876067,User,1
agis,827224,User,1
alexcp,684172,User,1
alistairholt,5109,User,1
aziz,3202,User,1
aaparmeggiani,6909,User,1
amaierhofer,180780,User,1
funwhilelost,127476,User,1
andmej,9726,User,1
aried3r,1301152,User,1
ArnoHolo,6376958,User,1
Atul9,3390330,User,1
julian7,68158,User,1
bmishkin,31664,User,1
Bertg,1434,User,1
heycait,7475663,User,1
celsodantas,408219,User,1
coryschires,104563,User,1
jeriko,273466,User,1
danielevans,419699,User,1
flanger001,1645017,User,1
dlee,7035,User,1
derekprior,152152,User,1
ericsullivan,698585,User,1
etagwerker,17584,User,1
gauravtiwari,771039,User,1
glebm,216339,User,1
Guv0,22517547,User,1
gcirne,41139,User,1
tgxworld,4335742,User,1
morenoh149,587438,User,1
herminiotorres,1036970,User,1
IanVaughan,158600,User,1
VorontsovIE,814984,User,1
JESii,486,User,1
jasonmp85,50673,User,1
jasonwebster,409110,User,1
jayshepherd,4238,User,1
jedschneider,82204,User,1
jeffkreeftmeijer,43621,User,1
jeroenhouben,10760,User,1
jpzwarte,3968,User,1
jcoyne,92044,User,1
justinledwards,684524,User,1
karellm,119841,User,1
kassio,120483,User,1
rience,1983566,User,1
PuGGee,1169455,User,1
louim,923718,User,1
mantas,36944,User,1
marcamillion,137772,User,1
MarceloCajueiro,26076,User,1
marcioj,821095,User,1
mjankowski,225,User,1
maurogeorge,260746,User,1
subelsky,12020,User,1
nicholasjhenry,40253,User,1
nielsbuus,3750087,User,1
killthekitten,1201569,User,1
oliverklee,765746,User,1
patrick99e99,28946,User,1
pgeraghty,11458,User,1
pkmiec,7186,User,1
slothbear,13285,User,1
petergoldstein,421488,User,1
PikachuEXE,1018543,User,1
rafamoreira,1935241,User,1
fringd,272709,User,1
remofritzsche,109765,User,1
retoo,37776,User,1
rhodrid,66650,User,1
robbertkl,5704510,User,1
rogelio2k,113741,User,1
RohanM,154210,User,1
runephilosof,948625,User,1
rywall,7904,User,1
tricknotes,290782,User,1
sadjow,177525,User,1
inkstak,474554,User,1
scouttyg,463175,User,1
Untainted123,1221621,User,1
TMaYaD,78673,User,1
thiagofm,126355,User,1
tibomogul,694755,User,1
timstott,1334474,User,1
tjogin,275,User,1
tokafish,56414,User,1
tpitale,163,User,1
tjgrathwell,1041691,User,1
VonTeacher,17757205,User,1
vesan,4531,User,1
voxik,14406,User,1
wilkerlucio,25736,User,1
wolframarnold,42257,User,1
senny,5402,User,1
amoose,1328699,User,1
bli,417086,User,1
brendon,81871,User,1
capripot,190479,User,1
dinnouti,1165229,User,1
humancopy,147451,User,1
igorffs,2921671,User,1
jfelchner,285582,User,1
jgeiger,10274,User,1
edatrix,2637904,User,1
mcbsys,865498,User,1
nyjt,601853,User,1
pcantrell,378162,User,1
pivotal-cloudplanner,3179469,User,1
rupert654,459011,User,1
nicolasblanco,12682,User,1
tundrax,381501,User,1
vala,792772,User,1
wvengen,503804,User,1
