jnavila,156172,User,848
schacon,70,User,308
m-takagi,10872,User,263
daftano,1671122,User,261
GArik,214816,User,154
harupong,204623,User,94
dduan,75067,User,76
gvx,25365,User,65
pepr,1481366,User,53
pismute,853528,User,53
chunzi,36890,User,52
Cpt-xx,548977,User,51
juniorbl,37365,User,48
mizar,68691,User,38
gibas,1529170,User,37
mesjetiu,753505,User,36
limansky,111185,User,30
odin793,411886,User,27
jpwenzel,110417,User,26
uncorrelated,28875,User,25
tuanva,776411,User,24
lethee,68858,User,23
marionline,203003,User,22
brentdewe,1529815,User,21
unindented,69485,User,20
gypark,1311090,User,20
ashchan,1391,User,19
mseppae,16020,User,19
duairc,64967,User,19
Laureano,117699,User,15
Onizuka89,952150,User,15
mviktor,177932,User,15
andrecardoso,161674,User,14
fritzek,23871,User,14
dborsatto,94651,User,12
deniscostadsc,358777,User,12
Isammoc,693554,User,12
rogerz,43471,User,12
greatsnows,107862,User,11
vcpp,774043,User,11
florianb,983507,User,11
grgrzybek,306565,User,11
PhiLhoSoft,1087902,User,11
LaPingvino,10294,User,11
igormilovanovic,51771,User,11
lnyarl,440749,User,10
janl,11321,User,10
jhemmje,113904,User,10
jukkah,1504091,User,10
micheleorselli,173605,User,10
svenax,8472,User,10
timglabisch,689269,User,10
jublo,6348321,User,10
roheim,297956,User,9
slavuta,112519,User,9
culebron,119675,User,9
hdl645,96369,User,9
alecthegeek,14003,User,8
suifengdaren,10786,User,8
rastersize,23453,User,8
MikeDSmith,14564,User,8
ya-hsiung,6780611,User,8
Fl4t,141258,User,8
clee704,220039,User,7
Matt-Deacalion,1128480,User,7
phambourg,3084895,User,7
tombouctou,529780,User,7
YueLinHo,5831804,User,7
beshrkayali,17021,User,7
iven,56165,User,7
nicesw123,7419913,User,7
sunny,132,User,7
measles,510043,User,6
AngleMortSociety,4933584,User,6
DavidePastore,1949364,User,6
dwiash,123225,User,6
zhukangyi,8002846,User,6
kheyse,2493640,User,6
dodowell,546605,User,6
salty-horse,28355,User,6
randomecho,743877,User,6
Zorgatone,2664036,User,6
afgomez,57448,User,6
dawncold,502856,User,6
brickgit,2739767,User,5
gioele,237141,User,5
lijunle,1296500,User,5
nmoura,4635670,User,5
tamami,1628857,User,5
avsej,7280,User,5
tarciosaraiva,893428,User,5
vergiliu,512091,User,5
boobaloo,827184,User,5
thegeekbird,54063,User,5
matthewmccullough,24734,User,5
joaodubas,90532,User,5
agorf,87479,User,4
engbert,7070805,User,4
BertramScharpf,5341957,User,4
carlosschults,2357860,User,4
CupIvan,217988,User,4
CzBiX,760097,User,4
dulebel,214174,User,4
fenre,4764820,User,4
ptitfred,346377,User,4
sleeper,30812,User,4
dghilardi,3985239,User,4
kelvinh,1457003,User,4
southly,53910,User,4
encukou,302922,User,4
RayCHOU,1132241,User,4
darashi,2363,User,4
sitaramc,43316,User,4
sukit,44314,User,4
euler0,549734,User,4
wking,209920,User,4
itsimoshka,1329574,User,4
mxamin,1111410,User,4
onovy,1649603,User,4
aduman,1140168,User,3
BrodaNoel,1837969,User,3
crquan,45689,User,3
nico87,1362662,User,3
gmccreight,38080,User,3
Flatlineato,128301,User,3
jrstjohn,1393510,User,3
jean,84800,User,3
josernestodavila,39853,User,3
Benzirpi,295629,User,3
JuanLuM,4263130,User,3
marco-buttu,3822393,User,3
yasikoba,469882,User,3
dagget,126897,User,3
mikegr,47275,User,3
michalt,119711,User,3
mirekm,249912,User,3
mishin,2354218,User,3
nishantshreshth,1048604,User,3
rones,388956,User,3
StevenGhyselbrecht,21920,User,3
uasi,22321,User,3
vbatts,67049,User,3
xfq,2863444,User,3
Denommus,721022,User,3
hayamiz,22444,User,3
isaacx,741336,User,3
kimhyunkang,10231,User,3
wfhu,1288346,User,3
rc5hack,1535521,User,3
drjolo,725643,User,3
lb1a,896344,User,3
yangrongwei,368148,User,3
ajschumacher,1071322,User,2
bearbin,1297699,User,2
alno,30774,User,2
bpo,3795,User,2
cniekel,39879,User,2
frakturfreak,236319,User,2
cirosantilli,1429315,User,2
skiasaurus,5809600,User,2
dilipm,31454,User,2
alienbob,169309,User,2
Wuji,142088,User,2
feridmovsumov,2485826,User,2
fernandoalmeida,73923,User,2
hiroshi-manabe,606304,User,2
hozaka,31612,User,2
icalvo,187623,User,2
worklez,220386,User,2
hansek,378835,User,2
jang574,266561,User,2
engycz,6651271,User,2
kidchenko,5432753,User,2
Sternenstauner,10907666,User,2
muhtasib,1618875,User,2
linquize,791115,User,2
mmacedo,323764,User,2
Nullizer,4851833,User,2
outsideris,390146,User,2
artlantis,188478,User,2
paulodrjr,128084,User,2
PerhunAndrey,544060,User,2
reyesyang,874608,User,2
okuryu,34588,User,2
Pinkbyte,1030422,User,2
BlueHaunter,20745588,User,2
ernix,343556,User,2
tfnico,252063,User,2
tctimmeh,1034708,User,2
TobsCore,1383085,User,2
choclo,145279,User,2
TossShinHwa,3007674,User,2
burningTyger,263378,User,2
chusiang,219066,User,2
lyrixx,408368,User,2
hopsor,954626,User,2
lord63,5268051,User,2
mahammad,5662768,User,2
Oxtay,5361193,User,2
pcasaretto,817039,User,2
idoidone,6820807,User,2
Rabierre,599971,User,2
sim0629,1014342,User,2
archersmind,1461331,User,2
Borisov-German,936817,User,2
Reizinixc,1935919,User,2
rinopo,45791,User,2
8loser,10674245,User,1
abelsiqueira,1068752,User,1
adericbourg,615743,User,1
technmsg,5230531,User,1
kensanata,1145712,User,1
akahn,26099,User,1
Totktonada,92749,User,1
alexandresaiz,239624,User,1
shytikov,1185905,User,1
lupino3,200139,User,1
Okapi,112620,User,1
andrewmccarthy,6887733,User,1
arian,109243,User,1
BeniaminK,1889516,User,1
BenBergman,142754,User,1
blabos,107270,User,1
Brackmeister,3956374,User,1
brennon,159993,User,1
modocache,552921,User,1
bry4n,73400,User,1
burakerdem,244163,User,1
camwright,2886470,User,1
carlosp420,710117,User,1
changwoo,47143,User,1
liancheng,230655,User,1
cdown,660663,User,1
cfinnberg,2817326,User,1
c17r,148640,User,1
biluncloud,2743094,User,1
croaky,198,User,1
ComputerDruid,34696,User,1
dlondero,209782,User,1
dr-itz,400625,User,1
davedash,59497,User,1
davebv,67429,User,1
spiechu,673912,User,1
DeepSilence,1895800,User,1
denisazevedo,21963,User,1
x-cray,242510,User,1
DieterDePaepe,3605663,User,1
dsbonev,1313633,User,1
dchusovitin,371252,User,1
qmx,66734,User,1
dwaddle,3381018,User,1
egens,748807,User,1
zuf,105518,User,1
epologee,218289,User,1
EugenGanshorn,8372121,User,1
jeserkin,183512,User,1
dobladez,152839,User,1
Fil,7001,User,1
fullo,8750,User,1
francisbesset,471525,User,1
farevalod,279497,User,1
FrankLo,2887154,User,1
gmaghera,940137,User,1
Geno1024,6427392,User,1
haway,1576254,User,1
hginzel,5886916,User,1
tclh123,1311043,User,1
tessus,223439,User,1
hiroakit,359823,User,1
iissnan,32269,User,1
ingorichter,86214,User,1
JLuc,443278,User,1
JnRouvignac,3717323,User,1
peff,45925,User,1
jforman,58740,User,1
bamtor,2075851,User,1
achimnol,555156,User,1
JordiPujol,7987772,User,1
jorti,1035223,User,1
julwong,3479239,User,1
jungjoon,222291,User,1
hyde1004,1361705,User,1
jungkarol,8066152,User,1
ksm,747910,User,1
kbrock,1930,User,1
hlee,83296,User,1
conkiztador,1217253,User,1
abtris,100356,User,1
larrys,111836,User,1
lanurmi,5632407,User,1
Liam0205,3348485,User,1
mwpark,48461,User,1
ManuelSchneid3r,3252315,User,1
marcanuy,954673,User,1
marcelometal,665903,User,1
mjaschen,328130,User,1
masakik,986915,User,1
garak,179866,User,1
moy,14709,User,1
eins78,134942,User,1
PinGwynn,1649711,User,1
mjwalter,3750681,User,1
maicki,25288,User,1
MikE87,1780542,User,1
mvaello,332321,User,1
vincent0629,7674894,User,1
miukoba,345965,User,1
ehrenfeu,697157,User,1
otrichet,7985870,User,1
weh,482423,User,1
paulbaumgart,47379,User,1
PeterDaveHello,3691490,User,1
petervojtek,225506,User,1
philipp-kempgen,21623,User,1
PowerKiKi,72603,User,1
kaliczp,219848,User,1
radeksimko,287584,User,1
rphlrmblt,4006281,User,1
zombiezen,181535,User,1
rsky,120796,User,1
ohm,5571,User,1
sebastianw,504962,User,1
etr,1201536,User,1
sevko,4467604,User,1
hanada,338048,User,1
Sicaine,717768,User,1
Sledge,111301,User,1
Southparkfan,5605877,User,1
tkmtmkt,246445,User,1
weynhamz,816673,User,1
tschady,1934009,User,1
torus,65044,User,1
suutari,2368817,User,1
fnumatic,1319530,User,1
nvie,83844,User,1
bai,17348,User,1
valmaev,1835363,User,1
vbrednikov,172418,User,1
wojtekk,59187,User,1
wcarss,435879,User,1
gajdaw,676675,User,1
yandy,535319,User,1
npcode,1129852,User,1
ygpark,681874,User,1
takasuka,1138274,User,1
JerzySpendel,1176069,User,1
yuta-aoyagi,942742,User,1
kbaniszack,665461,User,1
riccoyu,359600,User,1
anaran,621600,User,1
annoab,6068347,User,1
bdukes,59507,User,1
berniedurfee-ge,10135025,User,1
bes-internal,2046529,User,1
better88,21365692,User,1
CatTail,1606069,User,1
chzju,981325,User,1
denty,4972911,User,1
diceit,284452,User,1
iahu,1704588,User,1
fuzhli,294022,User,1
georgexsh,32751,User,1
greenbigfrog,6208894,User,1
hoeggi,1011509,User,1
icemanpro,1924688,User,1
iosias,163954,User,1
jianlin,324306,User,1
jmanelsg,2649564,User,1
johanv,586145,User,1
jooneyp,4610410,User,1
kall,131077,User,1
kanhua,5557778,User,1
klern,341655,User,1
kocio-pl,5439713,User,1
konradkonrad,3705643,User,1
kyab,197653,User,1
lusecond,3806025,User,1
nefarel,138539,User,1
rns,366934,User,1
ruebezahl,59127,User,1
sampablokuper,85394,User,1
