spastorino,52642,User,81
steveklabnik,27786,User,50
carlosantoniodasilva,26328,User,26
rafaelfranca,47848,User,6
bmorton,376390,User,4
jmonteiro,3586,User,4
adomokos,80530,User,3
alexey-chebotar,157585,User,2
carlesjove,1800981,User,2
dpowell,4571,User,2
harlow,739782,User,2
joshk,8701,User,2
litch,465946,User,2
kjg,2205,User,2
tamird,1535036,User,2
vipulnsward,567626,User,2
davidpaulhunt,6889054,User,2
lukaszx0,11562,User,2
indirect,78,User,1
bf4,142914,User,1
codeblooded,1209285,User,1
dyba,296219,User,1
davidcelis,36873,User,1
educobuci,72661,User,1
et,58678,User,1
garysweaver,92330,User,1
guiferrpereira,756762,User,1
hugo,1704089,User,1
ibroadfo,1550,User,1
theunraveler,145273,User,1
jaredonline,14482,User,1
jordan-thoms,403810,User,1
jpemberthy,4005,User,1
kenips,794915,User,1
fsmanuel,54812,User,1
mauricio,5742,User,1
michaelrkn,1266530,User,1
xsuchy,85769,User,1
sidane,53722,User,1
philm,8496,User,1
Pym,89233,User,1
RMaksymczuk,5939407,User,1
semmons99,27679,User,1
knoopx,100993,User,1
wintery,563020,User,1
aarongray,660463,User,1
buddhamagnet,35007,User,1
dgsan,313910,User,1
j-wilkins,337891,User,1
jtmkrueger,155123,User,1
shazadmaved,2951582,User,1
thorncp,72176,User,1
vassyz,1636476,User,1
