rafaelfranca,47848,User,5113
tenderlove,3124,User,4166
dhh,2741,User,3963
jeremy,199,User,3680
josevalim,9582,User,2573
fxn,3387,User,2175
senny,5402,User,1636
carlosantoniodasilva,26328,User,1444
spastorino,52642,User,1348
sgrif,1529387,User,1115
josh,137,User,1109
vijaydev,146214,User,1059
lifo,91,User,986
kaspth,350807,User,973
jonleighton,1979,User,946
kamipo,12642,User,760
guilleiguaran,160941,User,715
pixeltrix,6321,User,702
matthewd,1034,User,653
amatsuda,11493,User,616
NZKoz,197,User,556
drogus,5004,User,517
vipulnsward,567626,User,510
y-yagi,987638,User,491
miloops,3359,User,472
technoweenie,21,User,461
arunagw,3948,User,449
zzak,277819,User,443
maclover7,3020626,User,441
prathamesh-sonpatki,621238,User,437
wycats,4,User,431
eileencodes,1080678,User,421
radar,2687,User,403
arthurnn,833383,User,381
schneems,59744,User,378
chancancode,55829,User,355
jamis,1627,User,354
robin850,354185,User,268
ffmike,2514,User,241
mikel,3366,User,238
claudiob,10076,User,234
kennyj,13426,User,233
seckar,41155,User,231
yui-knk,5356517,User,224
steveklabnik,27786,User,214
sikachu,4912,User,200
seuros,2394703,User,191
lukaszx0,11562,User,154
fcheung,5927,User,149
smartinez87,83449,User,148
oscardelben,3892,User,138
lest,36079,User,137
gbuesing,6653,User,130
joshk,8701,User,116
avakhov,92554,User,106
sstephenson,2603,User,103
tgxworld,4335742,User,103
FooBarWidget,819,User,103
bogdan,122436,User,98
jaimeiniesta,2629,User,92
vishnuatrai,111473,User,92
rizwanreza,16111,User,88
jasonnoble,22501,User,88
JuanitoFatas,1000669,User,87
yahonda,73684,User,86
javan,5355,User,85
meinac,1840945,User,85
wangjohn,1075780,User,83
kuldeepaggarwal,1930730,User,80
aditya-kapoor,1955930,User,78
goncalossilva,102931,User,77
leonbreedt,167841,User,77
agis,827224,User,74
dmathieu,9347,User,71
kirs,522155,User,70
gsamokovarov,604618,User,68
gaurish,235844,User,67
rohit,14514,User,67
nashby,200500,User,65
jonatack,2415484,User,64
thedarkone,15688,User,61
marcandre,33770,User,60
tarmo,3509,User,58
cassiomarques,13071,User,56
cristianbica,150381,User,56
rsim,4736,User,56
dasch,6351,User,54
madrobby,3390,User,53
amitsuroliya,2149795,User,53
koic,13203,User,49
pftg,125715,User,48
ronakjangir47,1909242,User,48
Empact,5470,User,47
robertomiranda,505427,User,47
nicksieger,154,User,47
Mik-die,426230,User,46
Gaurav2728,1284716,User,46
brainopia,386,User,46
r00k,46677,User,44
zuhao,681699,User,44
laurocaetano,611891,User,44
htanata,21238,User,43
karmi,4790,User,43
tilsammans,14680,User,42
jmbejar,487140,User,42
dchelimsky,1075,User,42
trevorturk,402,User,41
mislav,887,User,41
kenta-s,6219390,User,40
norman,5042,User,39
yuki24,386234,User,39
ernie,14947,User,39
bensie,4595,User,39
al2o3cr,1191,User,38
mechanicles,77895,User,38
waynn,318137,User,38
bogdanvlviv,6443532,User,38
rubys,4815,User,37
toretore,251,User,37
bcardarella,18524,User,35
raysrashmi,123855,User,35
packagethief,10987,User,35
foobarfighter,31485,User,34
chuyeow,213,User,34
alloy,2320,User,34
byroot,44640,User,34
zilkey,2451,User,34
erikstmartin,50041,User,33
franckverrot,108369,User,33
repinel,1685896,User,33
acapilleri,46208,User,33
goshakkk,315596,User,31
indirect,78,User,30
Karunakar,16808,User,30
Manfred,1195,User,30
mperham,2911,User,30
morgoth,10766,User,30
AvnerCohen,1297254,User,30
davydovanton,1147484,User,29
tomkadwill,907365,User,29
alexcameron89,5634381,User,29
carllerche,6180,User,28
thejamespinto,335238,User,28
ugisozols,148708,User,28
thiagopradi,6090,User,28
clemens,3749,User,27
dcrec1,13742,User,27
sferik,10308,User,27
jroes,27847,User,27
joshsusser,156,User,27
raybaxter,10649,User,27
judearasu,167749,User,27
mrduncan,14761,User,26
apotonick,10406,User,26
eparreno,3028,User,26
aditya,248,User,26
eugeneius,432189,User,25
maurogeorge,260746,User,25
stevestmartin,22630,User,25
ankit8898,422039,User,25
tricknotes,290782,User,25
shime,703563,User,24
parndt,10128,User,24
andreynering,7011819,User,24
mtsmfm,1796864,User,23
metaskills,2381,User,23
mjtko,206834,User,23
ptn,98363,User,23
spohlenz,7600,User,23
TheEmpty,371940,User,23
bquorning,22333,User,23
brynary,19,User,22
st0012,5079556,User,22
siong1987,5866,User,22
anupamc,244418,User,21
brianmario,11571,User,21
harshadsabne,3154126,User,21
DNNX,447953,User,21
chrisk,1426,User,21
henrik,216,User,21
bf4,142914,User,20
greysteil,1144873,User,20
take,1095842,User,20
grosser,11367,User,20
iamvery,79619,User,20
gazay,29658,User,19
dmitry,5091,User,19
lucasmazza,80978,User,19
mjankowski,225,User,19
rafmagana,92894,User,19
tjschuck,308724,User,19
subbarao,9062,User,19
fgo,360276,User,18
mhfs,78422,User,18
mark-rushakoff,290647,User,18
xuanxu,6528,User,18
alvaropereyra,166259,User,17
aderyabin,88676,User,17
derekprior,152152,User,17
route,414803,User,17
Erol,20772,User,17
evanfarrar,7092,User,17
lsylvester,191128,User,17
mohitnatoo,10565622,User,17
thewoolleyman,158,User,16
Edouard-chin,8122246,User,16
oggy,11112,User,16
JosephPecoraro,11351,User,16
josiahivey,34174,User,16
ryanb,161,User,16
cllns,632942,User,16
imtayadeway,1710874,User,16
tomstuart,3192,User,16
yaroslav,4277,User,16
homakov,174693,User,16
jeroenvandijk,27645,User,16
rahul100885,208253,User,16
rosenfeld,32246,User,16
anildigital,266,User,15
dlee,7035,User,15
lawrencepit,115,User,15
rodzyn,274277,User,15
rajinder-yadav,439226,User,15
semaperepelitsa,347921,User,15
asanghi,762,User,14
akaspick,24056,User,14
fredwu,31945,User,14
georgeclaghorn,94129,User,14
iainbeeston,111963,User,14
txus,83234,User,14
MarkMT,37036,User,14
pat,4183,User,14
rwz,129043,User,14
codeodor,23479,User,14
stevenharman,48658,User,14
mcfiredrill,66243,User,14
willbryant,12062,User,14
akihiro17,7583548,User,14
whiteboardmonk,776629,User,14
tekin,3687,User,14
lexmag,248290,User,13
andhapp,6663,User,13
ccarruitero,1203517,User,13
egilburg,242532,User,13
razielgn,237493,User,13
csshsh,1220,User,13
gregmolnar,752058,User,13
DefV,3363,User,13
javiervidal,52032,User,13
jeffkreeftmeijer,43621,User,13
kassio,120483,User,13
MMSequeira,935926,User,13
nixterrimus,18454,User,13
rtlechow,33073,User,13
sivsushruth,5187494,User,13
utilum,6261109,User,13
SamSaffron,5213,User,13
Neodelf,2521090,User,13
alexeymuranov,712698,User,12
alindeman,395621,User,12
aripollak,451345,User,12
dalibor,48384,User,12
dgeb,29122,User,12
joliss,524783,User,12
simi,193936,User,12
krekoten,150485,User,12
imkmf,922353,User,12
mdespuits,442443,User,12
FotoVerite,5941,User,12
michaelklishin,1090,User,12
blowmage,730,User,12
NARKOZ,253398,User,12
exviva,80070,User,12
zenspider,9832,User,12
waseem,42636,User,12
MattStopa,191057,User,12
abhishekjain16,1992113,User,11
notalex,1637711,User,11
DouweM,159434,User,11
gramos,10948,User,11
georgemillo,2656485,User,11
kmcphillips,84159,User,11
lugray,6557101,User,11
mrgilman,1314085,User,11
h-lame,608,User,11
pwnall,11460,User,11
wvanbergen,15870,User,11
tsigo,16124,User,11
piton4eg,2287163,User,11
Envek,264400,User,11
brchristian,2460418,User,11
xoen,238563,User,10
adomokos,80530,User,10
brooksreese,201071,User,10
carsonmcdonald,76552,User,10
cmeiklejohn,44939,User,10
cldwalker,11994,User,10
swistak,22162,User,10
myronmarston,49391,User,10
shernade,4113023,User,10
stefanpenner,1377,User,10
sunny,132,User,10
hone,16457,User,10
huoxito,245662,User,10
wincent,7074,User,10
reu,191614,User,10
willnet,82371,User,10
davetoxa,417317,User,10
ayrton,440926,User,9
kommen,258,User,9
edtsech,118158,User,9
eliotsykes,31698,User,9
nertzy,2488,User,9
hawe,12286,User,9
qoobaa,10659,User,9
jcoleman,125331,User,9
JDutil,25104,User,9
jfirebaugh,98601,User,9
jdelStrother,2377,User,9
markmcspadden,1148,User,9
bsodmike,368260,User,9
mikegehard,128210,User,9
nateberkopec,845662,User,9
nishantmodak,323028,User,9
pabloh,134495,User,9
HeeL,287769,User,9
prikha,594872,User,9
westonplatter,492603,User,9
yoongkang,4401925,User,9
hnatt,781760,User,9
gregolsen,287994,User,9
deivid-rodriguez,2887858,User,9
janx,5958,User,9
TomK32,3527,User,9
atambo,102009,User,8
andrewferk,113192,User,8
KensoDev,79502,User,8
headius,10135,User,8
charliesome,179065,User,8
djpowers,4978418,User,8
dmitriy-kiriyenko,124430,User,8
dolzenko,43391,User,8
gtd,5603,User,8
gouravtiwari,39390,User,8
jaredbeck,380809,User,8
larrylv,531650,User,8
malclocke,169126,User,8
marklazz,188407,User,8
mipearson,97317,User,8
miguelgraz,426507,User,8
pwim,30756,User,8
roryokane,79168,User,8
sergey-alekseev,2371639,User,8
riseshia,7338443,User,8
szimek,9873,User,8
sbagdat,465752,User,8
k0kubun,3138447,User,8
tpope,378,User,8
tomafro,1287,User,8
karanarora,939635,User,8
palkan,1516722,User,8
thoefer2,4157555,User,8
adzap,6318,User,7
agrobbin,46724,User,7
wildchild,5239,User,7
melekes,1282182,User,7
bdewater,496367,User,7
imanel,36869,User,7
bratish,336893,User,7
ccutrer,191320,User,7
ddollar,3308,User,7
dtrasbo,111577,User,7
dharamgollapudi,737325,User,7
libc,7838,User,7
igas,175652,User,7
biow0lf,93578,User,7
jwworth,2782858,User,7
jmileham,40619,User,7
jcorcuera,181718,User,7
jaggederest,3559,User,7
kddeisz,5093358,User,7
eagletmt,69755,User,7
kulbirsaini,127315,User,7
larskanis,176234,User,7
leereilly,121322,User,7
schuetzm,560664,User,7
vrish88,36475,User,7
lovitt,22803,User,7
baroquebobcat,7378,User,7
qrush,12610,User,7
nikitug,237785,User,7
pacoguzman,10926,User,7
tardate,16432,User,7
ranjaykrishna,1275334,User,7
paneq,65587,User,7
simonjefford,136,User,7
stephencelis,658,User,7
yangchenyun,1043403,User,7
timrogers,116134,User,7
tomlea,20390,User,7
dharmatech,20816,User,7
kares,45967,User,7
aayushkhandelwal11,1920701,User,6
chmod600,19159143,User,6
andmej,9726,User,6
acangiano,1687,User,6
assain,10774488,User,6
bryanwoods,18175,User,6
bronzle,610096,User,6
