h00die,752491,User,206
pedrib,5311656,User,164
nixawk,7352479,User,143
aushack,1175434,User,133
msjenkins-r7,5332090,User,116
stephenfewer,1172185,User,115
rcvalle,3988004,User,107
shipcod3,3483615,User,95
benpturner,2518196,User,90
itsmeroy2012,20739241,User,86
juushya,4639200,User,84
cbrnrd,16970798,User,77
tabassassin,4990957,User,76
agix,2556191,User,68
xistence,4629127,User,67
Meatballs1,1854557,User,66
0x41414141,6853837,User,65
tasos-r7,1943841,User,61
mandreko,419731,User,57
mmetince,4004716,User,54
sn0wfa11,12484685,User,51
sgabe,5206619,User,49
rastating,2500434,User,48
jiuweigui,3492980,User,47
jjarmoc,48389,User,45
jakxx,1746973,User,45
martinvigo,496645,User,44
averagesecurityguy,1117951,User,42
nstarke,2895826,User,42
philophobia78,8155715,User,41
invalid-email-address,148100,User,39
KINGSABRI,1071827,User,39
us3r777,8191240,User,39
zeknox,2473269,User,39
zerosum0x0,3971576,User,38
BorjaMerino,1701534,User,38
talos-arch3y,14933583,User,37
AnwarMohamed,2848916,User,36
TheNaterz,2198138,User,35
andrewkabai,3336678,User,34
dougsko,44484,User,34
zombieCraig,569845,User,33
morisson,1868570,User,32
MSadek-r7,12971129,User,32
julianvilas,3331668,User,30
godinezj,2982057,User,28
bigendiansmalls,13771080,User,28
jvoisin,325724,User,27
dnkolegov,6521369,User,25
claudijd,794283,User,24
neinwechter,1188572,User,24
peto01,2733299,User,24
jamesbcook,5258649,User,22
efraintorres,1188569,User,21
veritysr,1907758,User,21
p3nt4,19682240,User,21
mcantoni,1330061,User,21
kn0,2043879,User,21
Mekanismen,6065905,User,20
kaospunk,3227499,User,20
webstersprodigy,1940826,User,20
Console,699884,User,19
h0ng10,1886150,User,19
danilbaz,10693088,User,19
altjx,4023423,User,19
modpr0be,1862836,User,18
dmaasland,5823830,User,18
stevenseeley,1301421,User,17
tkmru,1628214,User,17
NickTyrer,22723839,User,16
bwall,1644144,User,16
kicks4kittens,6264332,User,16
mfadzilr,4267222,User,16
0a2940,1621858,User,15
CharlieEriksen,1864062,User,15
crashbrz,1440712,User,15
gregory-m,148958,User,15
justinsteven,1893909,User,15
TecR0c,3655282,User,15
wizard32,5232577,User,15
smilingraccoon,2489055,User,15
Opperkip,3584362,User,14
mwulftange,92552,User,14
Th4nat0s,1728186,User,14
drforbin,879892,User,14
wez3,9705192,User,14
m0t,500273,User,14
dejanviris,3964795,User,13
jholgui,2709307,User,13
Karmanovskii,6502088,User,13
parzamendi-r7,3900108,User,13
nanotechz9l,712468,User,13
sho-luv,1679089,User,13
Ar0xA,1157977,User,13
andurin,541348,User,13
AgoraSecurity,14286143,User,13
earthquake,319949,User,13
inokii,7478234,User,13
chrisdcmoore,5628773,User,12
epinna,1578960,User,12
bermannoah,15199622,User,12
ykoster,8354045,User,12
dcbz,2381157,User,12
midnitesnake,2156094,User,12
finackieee,573886,User,12
itseco,1725054,User,12
dazhouzhou,7042246,User,12
kfr-ma,8555276,User,12
inkrypto,4985649,User,12
Chiggins,350596,User,11
tkisason,577380,User,11
vysec,3596242,User,11
nodeofgithub,4393110,User,11
DanielRTeixeira,11260062,User,11
xychix,307655,User,11
ringt,1191760,User,11
dmchell,9010884,User,11
bonsaiviking,768278,User,11
sagishahar,1144900,User,11
Ceenix,8256314,User,11
fozavci,2786118,User,10
joncave,621103,User,10
jhartftw,1331017,User,10
kacpern,1493775,User,10
marcuscarey,3375540,User,10
argp,145419,User,10
ricardojba,4868297,User,10
tijldeneut,11348540,User,10
dummys,1941445,User,10
wolfthefallen,9035933,User,10
mvdevnull,2874448,User,10
geyslan,3372117,User,10
ChrisTruncer,1674822,User,9
kernelsmith,620129,User,9
Mzack9999,13421144,User,9
totaldowner,3499427,User,9
aczire,612190,User,9
void-in,1746697,User,9
joernchen,1334559,User,9
n3phos,1549346,User,9
staaldraad,4200832,User,9
Jack64,11641285,User,9
mephos,1419774,User,9
kholia,79528,User,8
freis,1261004,User,8
flibustier,9994935,User,8
jvazquez-r7,1742838,User,8
nieldk,4446241,User,8
kenkeiras,354122,User,8
mokhan,80475,User,8
samvartaka,13459814,User,8
h4ckninja,41105,User,8
sectorix,1334256,User,7
blincoln682F048A,6634198,User,7
catatonicprime,2341167,User,7
cmaruti,2283072,User,7
dozernz,6723850,User,7
L1ghtn1ng,3628354,User,7
jjarmoc-mtso,9286409,User,7
digininja,117081,User,7
ColonelMoran,19599738,User,7
ikkini,1234525,User,7
mccurls,10793211,User,7
sekritskwurl,4975832,User,7
Newpid0,3169615,User,7
disenchant,686611,User,7
kyuz0,6874658,User,7
Ahmed-Elhady-Mohamed,3787190,User,6
C-P-949,11320724,User,6
charles-n2netsec,1334008,User,6
dfreamon,12144144,User,6
ilyaglow,1165242,User,6
noperand,1406680,User,6
madmantm,806561,User,6
nanomebia,5112627,User,6
renpic,28714012,User,6
sam-sharps,607850,User,6
Starwarsfan2099,12116340,User,6
Zinterax,2131699,User,6
erwanlr,1668843,User,6
geckom,1195397,User,6
salcho,4675359,User,6
somename11111,3406617,User,6
JonValt,1656173,User,6
silascutler,2154372,User,6
ddouhine,4519330,User,6
a-darwish,1285386,User,5
arnaudsoullie,93718,User,5
dzruyk,1386925,User,5
jakoblell,8539143,User,5
JanMitchell,16954480,User,5
grutz,171865,User,5
trolldbois,157819,User,5
luisfontes19,5262312,User,5
flowztul,5297798,User,5
mak,48786,User,5
pat-riot,1315405,User,5
cayee,11321740,User,5
dana-at-cp,17770666,User,5
eyalgr,10583745,User,5
HeyderAndrade,7864569,User,5
j91321,10012872,User,5
jstnkndy,5360387,User,5
luh2,2047083,User,5
thenavs,1892721,User,5
sammbertram,5989847,User,5
wvandevanter-r7,1172745,User,5
j0hnf,1561073,User,5
umerov1999,3888404,User,4
farkwun,10249655,User,4
carmaa,584586,User,4
daniel-wer,1702075,User,4
dbfarrow,29875126,User,4
St0rn,9295802,User,4
interference-security,5358495,User,4
whoot,8066322,User,4
jsherwood0,185633,User,4
jselvi,773518,User,4
matthias-brun,10801000,User,4
ir0njaw,8223037,User,4
addenial,4261203,User,4
Th3R3p0,7598178,User,4
esmnemon,1789898,User,4
floyd-fuh,1428689,User,4
fraf0,15234442,User,4
jamcut,3229709,User,4
jww519,12597083,User,4
karllll,10437631,User,4
khr0x40sh,6656699,User,4
rcnunez,5296668,User,4
shellster,262451,User,4
ssyy201506,18317781,User,4
danielemartini,3129098,User,4
nnam,2849214,User,4
ZeroChaos-,1670905,User,4
booboule,1482367,User,4
lincoln-corelan,1396098,User,4
hal3002,82838,User,4
exploitagency,15370593,User,3
nahualito,581523,User,3
Fr330wn4g3,6675677,User,3
faber-rwx,20214205,User,3
hacksysteam,4098538,User,3
dyntopia,8175517,User,3
b6938236,9010137,User,3
jtesta,2982011,User,3
johnhsawyer,1183632,User,3
gojhonny,806668,User,3
b0telh0,1626917,User,3
LittleLightLittleFire,1166022,User,3
ganzm,3010942,User,3
nikolai-r,1975980,User,3
corelanc0d3r,639369,User,3
QKaiser,569494,User,3
Rogdham,3994389,User,3
SJCaldwell,9037594,User,3
pagedegeek,1368211,User,3
saltthehash,9340887,User,3
allfro,618125,User,3
thealpiste,25386374,User,3
attackdebris,2340327,User,3
f7b053223a9e,17126551,User,3
headlesszeke,5738482,User,3
jaguasch,6979744,User,3
m7x,5778033,User,3
matugm,1369748,User,3
pyoor,1735164,User,3
JulienPlas,8898965,User,3
saintpatrick,759779,User,3
a-marionette,16928471,User,3
omarix,12851334,User,2
adamziaja,1296443,User,2
bencann-bubble,14994107,User,2
carnal0wnage,735360,User,2
Crypt0-M3lon,7677901,User,2
davehardy20,874172,User,2
dirkjanm,1773762,User,2
EgiX,7792537,User,2
emanuelb,1792055,User,2
frederic,21579,User,2
gpapakyriakopoulos,1657784,User,2
guikcd,676032,User,2
ianlovering,13082457,User,2
iquaba,4010275,User,2
mrjefftang,1735064,User,2
jennamagius,7319967,User,2
jnqpblc,10349141,User,2
bugch3ck,4165895,User,2
jharms,2148804,User,2
p4tchw0rk,6001616,User,2
Sinkmanu,2855329,User,2
FreedomCoder,15326,User,2
megabug,15011974,User,2
ndavis-r7,4820751,User,2
theninj4,3055120,User,2
philwantsfish,5597751,User,2
psychomario,1041406,User,2
RaMMicHaeL,4129781,User,2
mubix,679319,User,2
robertchrk,20660887,User,2
ajdnik,922975,User,2
russell,2660,User,2
rwincey,5438659,User,2
Swiftb0y,12380386,User,2
graingert,413772,User,2
tyll,197720,User,2
Nakilon,2870363,User,2
herself,609094,User,2
ettisan,3719824,User,2
ztgrace,2554037,User,2
dmooray,930813,User,2
dukebarman,1186777,User,2
ethicalhack3r,323113,User,2
flakey-biscuits,12411560,User,2
