defunkt,2,User,668
steveklabnik,27786,User,174
chrisccerami,7838511,User,56
hone,16457,User,55
tarcieri,797,User,36
fw42,2072686,User,34
yaauie,210924,User,27
jonhyman,832655,User,24
Jacobkg,487216,User,22
rcarver,2343,User,16
magec,83188,User,13
hoffmanc,191607,User,11
RochesterinNYC,1504464,User,10
mrduncan,14761,User,10
raykrueger,3784,User,10
gravis,12752,User,10
wuputah,3321,User,8
quirkey,1097,User,7
dylanahsmith,954402,User,7
jamster,9894,User,6
alce,1133,User,6
kjg,2205,User,6
sirupsen,97400,User,6
tenderlove,3124,User,5
adamcooke,4765,User,5
jbarnette,3117,User,5
lukeasrodgers,816444,User,5
morgoth,10766,User,5
humancopy,147451,User,5
ashleym1972,78932,User,4
irenemachine,450064,User,4
lazyatom,145,User,4
ealdent,34518,User,4
joakimk,13256,User,4
maclover7,3020626,User,4
kjwierenga,42066,User,4
michaeldwan,5628,User,4
mmangino,12206,User,4
sideshowcoder,108488,User,4
sr,90,User,4
trevorturk,402,User,4
davetron5000,22282,User,4
ql,16793,User,3
cleishm,79651,User,3
dceballos,131104,User,3
vangberg,252,User,3
jroith,266824,User,3
nirvdrum,12584,User,3
lmarlow,628,User,3
jazzido,27584,User,3
mindreframer,1232,User,3
chewbranca,5326,User,3
thbar,10141,User,3
trliner,209264,User,3
jgeiger,10274,User,3
martinstuecklschwaiger,1061218,User,3
alexeyfrank,1286315,User,2
aselder,11577,User,2
bogdan,122436,User,2
ctrochalakis,1865,User,2
danp,2182,User,2
darkhelmet,36123,User,2
dsabanin,8316,User,2
dylanlingelbach,213594,User,2
evanwhalen,34138,User,2
gohanlon,3375,User,2
JackDanger,2071,User,2
jakemack,279781,User,2
jakewilkins,19231792,User,2
jeremywadsack,241324,User,2
jhuckabee,4247,User,2
manuelmeurer,16672,User,2
mlarraz,2575714,User,2
crazymykl,234584,User,2
orenmazor,384279,User,2
m1lt0n,812886,User,2
ersatzryan,89319,User,2
ryanschwartz,4556,User,2
stevenschobert,896486,User,2
tamird,1535036,User,2
ono,46496,User,2
gregkare,43297,User,2
kzgs,71806,User,2
rbroemeling,149464,User,2
agibralter,1079,User,1
ktheory,975,User,1
abhi-patel,242816,User,1
ale7714,1709578,User,1
andreacampi,33472,User,1
arthurgeek,2992,User,1
bendiken,4963,User,1
benweint,982820,User,1
cokron,32624,User,1
bpo,3795,User,1
cade,3403,User,1
CamJN,6243207,User,1
cehoffman,27545,User,1
chrislerum,7773,User,1
Sinjo,237226,User,1
skizz,3661,User,1
christiannelson,156139,User,1
etdsoft,53006,User,1
redsquirrel,2512,User,1
fimmtiu,1072142,User,1
plashchynski,30833,User,1
edshadi,207551,User,1
EdvardM,6535,User,1
ecoffey,46906,User,1
eric,470,User,1
EugZol,835,User,1
federomero,104881,User,1
flori,15918,User,1
ggilder,331289,User,1
gjastrab,15297,User,1
gosuri,70293,User,1
greysteil,1144873,User,1
dzjuck,1269260,User,1
jpang-h4,7469575,User,1
jadeforrest,167022,User,1
jsanders,38320,User,1
NobodysNightmare,453584,User,1
sixfeetover,52384,User,1
jlecour,5142,User,1
ice799,21102,User,1
begriffs,911911,User,1
softwaregravy,426690,User,1
jonathanclarke,11335,User,1
joshk,8701,User,1
josh,137,User,1
noplay,345437,User,1
karmi,4790,User,1
ktdreyer,620295,User,1
kemper,56835,User,1
kneath,1354,User,1
lorn,45376,User,1
luccastera,8567,User,1
ldnunes,47944,User,1
lucas-ibotta,22599275,User,1
lucasmundim,32864,User,1
girasquid,60324,User,1
tapajos,3357,User,1
matth,53077,User,1
mpalmer,357,User,1
zr40,616299,User,1
subelsky,12020,User,1
MishaConway,588859,User,1
nengxu,23847,User,1
NielsIA,16368182,User,1
orend,408587,User,1
pjhyett,3,User,1
panthomakos,186424,User,1
paulrosania,1904,User,1
katafrakt,119904,User,1
pjambet,717637,User,1
rjwalsh88,538392,User,1
rainerborene,101501,User,1
rickmzp,1114,User,1
rmoriz,1527,User,1
rubycut,1165807,User,1
rtlong,199912,User,1
rtomayko,404,User,1
sgonyea,76871,User,1
seamusabshere,15787,User,1
stephencelis,658,User,1
stevedomin,512246,User,1
steverandy,525332,User,1
SKoschnicke,105162,User,1
szymon-jez,35540,User,1
tneems,15414,User,1
toddthomas,737725,User,1
equivalent,721990,User,1
mcfiredrill,66243,User,1
wandenberg,89909,User,1
will,1973,User,1
willywg,43669,User,1
daz,37650,User,1
mrzor,54230,User,1
elubow,82815,User,1
guilleiguaran,160941,User,1
malomalo,716,User,1
nathantsoi,399770,User,1
nevans,6142,User,1
oss92,6284234,User,1
phiggins,22962,User,1
snusnu,1186,User,1
dan-g,196353,User,1
