nobu,16700,User,14524
akr,10538,User,4717
nurse,13423,User,2472
ko1,9558,User,1960
unak,17790,User,1959
eban,4447,User,1414
znz,11857,User,861
drbrain,9831,User,796
knu,10236,User,739
hsbt,12301,User,731
kosaki,82712,User,626
mame,21557,User,574
shugo,34552,User,532
zzak,277819,User,518
tenderlove,3124,User,400
marcandre,33770,User,395
kou,27350,User,310
yugui,8161,User,297
mrkn,3959,User,274
nahi,44209,User,247
nagachika,21976,User,245
shyouhei,15377,User,177
k-tsj,32117,User,153
mmasaki,315008,User,144
eregon,168854,User,140
emboss,486012,User,129
authorNari,18746,User,121
rhenium,1033740,User,114
sorah,29440,User,100
tarui,305451,User,93
ayumin,37002,User,90
charliesome,179065,User,89
tmm1,2567,User,83
amatsuda,11493,User,77
shirosaki,170831,User,69
stomar,1112299,User,69
wanabe,54183,User,67
gogotanaka,5266933,User,32
takano32,16088,User,29
k0kubun,3138447,User,28
luislavena,4182,User,25
yui-knk,5356517,User,24
sonots,2290461,User,21
Watson1978,199156,User,12
yuki24,386234,User,6
hone,16457,User,3
