dblock,542335,User,887
namusyaka,309329,User,65
jch,19874,User,32
dm1try,486807,User,28
mbleigh,1022,User,24
towanda,17824,User,22
marshall-lee,3194530,User,20
adamgotterer,223498,User,18
niedhui,66329,User,18
dabrorius,690113,User,15
schmurfy,2983,User,13
asross,1022564,User,11
ppadron,41304,User,11
myitcv,3374574,User,10
u2,161756,User,10
jlfaber,399242,User,10
bobbytables,521627,User,9
yalongzhang,10265610,User,9
stevschmid,2707380,User,9
xevix,510743,User,8
simulacre,169852,User,8
jpmckinney,26463,User,8
dpsk,481810,User,8
robertopedroso,409334,User,8
tim-vandecasteele,556191,User,8
bwalex,317281,User,6
ajvondrak,600924,User,6
benrosenblum,410325,User,6
evansj,4680,User,6
meh,40204,User,6
aiwilliams,2571,User,5
dslh,1450065,User,5
thinkgareth,154131,User,5
glaucocustodio,1907408,User,5
qqshfox,459733,User,5
kbarrette,896780,User,5
flah00,477982,User,5
rnubel,850438,User,5
tylerdooling,533751,User,5
jwkoelewijn,389317,User,5
paulnicholson,9052,User,5
304,335635,User,5
oivoodoo,54469,User,4
arempe93,4637120,User,4
arthurnn,833383,User,4
croeck,2677623,User,4
georgimitev,9316110,User,4
gustavosaume,684801,User,4
jthornec,17649387,User,4
kiela,680266,User,4
LeFnord,120214,User,4
NARKOZ,253398,User,4
wagenet,9835,User,4
tedkulp,5429,User,4
lukaszsliwa,185065,User,4
allenwei,83094,User,4
sunnyrjuneja,1108341,User,4
thogg4,379922,User,4
hedgesky,3628124,User,3
edelgado,143209,User,3
jyn,83088,User,3
karayusuf,412083,User,3
joeyAghion,28120,User,3
rodzyn,274277,User,3
marcusg,198369,User,3
yesmeck,465125,User,3
ochagata,4699540,User,3
pablonahuelgomez,4276387,User,3
flyerhzm,66836,User,3
rhunter,27612,User,3
seansu4you87,507797,User,3
suan,192727,User,3
walski,16268,User,3
alexandru-calinoiu,679198,User,3
stjhimy,105491,User,3
ka8725,243846,User,3
benmoss,239754,User,3
dieb,75843,User,2
andyw8,13400,User,2
apaganobeleno,645522,User,2
bcm,186480,User,2
dquimper,81811,User,2
danhawkins,108635,User,2
aew,726169,User,2
elado,51488,User,2
kainosnoema,145951,User,2
lfidnl,417475,User,2
pragmaticivan,301291,User,2
jrforrest,109654,User,2
reset,54036,User,2
zimbatm,3248,User,2
jonmchan,1827190,User,2
jordansexton,1173161,User,2
jbarreneche,98871,User,2
justinmcp,200975,User,2
karlfreeman,139095,User,2
etehtsea,100999,User,2
goodwink,14239,User,2
lasseebert,728042,User,2
spraints,20158,User,2
yrgoldteeth,66574,User,2
oliverbarnes,21290,User,2
orta,49038,User,2
ShPakvel,282805,User,2
phallstrom,16705,User,2
LTe,160962,User,2
luxflux,124441,User,2
rrrene,311914,User,2
reynardmh,10164,User,2
rosa,813033,User,2
salimane,403938,User,2
seanmoon,183836,User,2
brucehsu,18601,User,2
ktimothy,1556432,User,2
tomconroy,1223187,User,2
jwillis,1025962,User,2
mfunaro,4819184,User,2
rubyengineer,1389494,User,2
Radagaisus,550061,User,2
kuraga,1063219,User,2
ipkes,2821612,User,2
qcam,5930347,User,2
dgasper,1153245,User,2
reprah,2564322,User,2
ridiculous,1151682,User,2
AlexYankee,557092,User,1
blewa,658174,User,1
aserafin,778667,User,1
ghiculescu,509837,User,1
aw,153401,User,1
cutalion,103887,User,1
akoltun,2728235,User,1
imsaar,5759,User,1
subosito,73028,User,1
akabraham,1848501,User,1
Antti,29559,User,1
bobek,26891,User,1
Arkanain,685681,User,1
arunthampi,1048,User,1
arvida,158177,User,1
BastianHofmann,4151945,User,1
bmarini,13173,User,1
bernd,461,User,1
brandonweiss,4727,User,1
brianstorti,183363,User,1
brynary,19,User,1
charlesetc,5167293,User,1
ctdean,46933,User,1
tyre,1015847,User,1
cpetschnig,48502,User,1
gaiottino,81958,User,1
dcsg,744921,User,1
ddzz,3535749,User,1
flanger001,1645017,User,1
dim,16614,User,1
dmitry,5091,User,1
urkle,101123,User,1
ekampp,40206,User,1
emma-borhanian,1713748,User,1
eproulx-petalmd,8418467,User,1
strathmeyer,23256,User,1
FreakenK,422247,User,1
glennpratt,202230,User,1
GvS666,342720,User,1
railsmith,5390273,User,1
hemslo,982709,User,1
hughbien,532,User,1
Galathius,5315954,User,1
inclooder,5146265,User,1
jackcasey,45890,User,1
james2m,677,User,1
jrichter1,4181232,User,1
jhecking,1900876,User,1
yaneq,453041,User,1
JanStevens,1540483,User,1
serv,103456,User,1
jf,7270,User,1
jeradphelps,1202792,User,1
jsteinberg,393840,User,1
calfzhou,3761553,User,1
joelvh,129096,User,1
johanfirebase,15232770,User,1
johnallen3d,184915,User,1
JohnMorales,360409,User,1
binarycleric,197226,User,1
grimen,4783,User,1
joshk,8701,User,1
joaomilho,308196,User,1
Juanmcuello,112913,User,1
bobthecow,53660,User,1
krbs,833284,User,1
kwugirl,3782112,User,1
yairgo,25021,User,1
kmewhort,402654,User,1
kesha-antonov,11584712,User,1
klausmeyer,615777,User,1
klaustopher,522537,User,1
krainboltgreene,334809,User,1
Morred,4008608,User,1
leifg,110321,User,1
lokeshkumar,683222,User,1
lsimoneau,31768,User,1
lukeivers,962696,User,1
bowsersenior,40264,User,1
padi,807110,User,1
marceloboeira,1898225,User,1
mcastilho,12323,User,1
markiz,53611,User,1
idyll,4642,User,1
mmclead,898851,User,1
mtmcfarl,10049,User,1
mzikherman,1457859,User,1
mibon,1325043,User,1
Lavode,1827358,User,1
treacher,918794,User,1
xmjw,255708,User,1
MichaelXavier,15840,User,1
mikefischer,952760,User,1
styx,39037,User,1
mkou,1579258,User,1
ronald,69295,User,1
natecj,22107,User,1
nayan-leo,10816358,User,1
ngpestelos,5047,User,1
bugaiov,32787,User,1
nikolai-b,6289830,User,1
killthekitten,1201569,User,1
ovargas27,128294,User,1
pat,4183,User,1
pauldipietro,1251024,User,1
alovak,19233,User,1
petergoldstein,421488,User,1
O-I,2505852,User,1
rajcybage,3119321,User,1
reedloden,352251,User,1
Razer6,278301,User,1
ffloyd,482491,User,1
mynameisrufus,118455,User,1
tricknotes,290782,User,1
rymai,1168,User,1
saulius,13653,User,1
luke-han,899934,User,1
fixme,171999,User,1
sethpollack,4913482,User,1
sime,216917,User,1
stanio,1247730,User,1
stefl,132138,User,1
stephencelis,658,User,1
laserlemon,34264,User,1
dnd,37888,User,1
stuartchaney,259605,User,1
szymon-jez,35540,User,1
siong1987,5866,User,1
tiarly,2394744,User,1
timhabermaas,96054,User,1
tjwp,1476506,User,1
rngtng,23027,User,1
Tyr0,108483,User,1
ujjwalt,660290,User,1
ugisozols,148708,User,1
vickychijwani,439616,User,1
fuksito,193692,User,1
williamn,27722,User,1
fay-jai,2865947,User,1
xcambar,657654,User,1
zbelzer,13127,User,1
akicho8,808955,User,1
ashkan18,1230819,User,1
askl56,3062663,User,1
avellable,1854179,User,1
chrisrhoden,61664,User,1
daddz,953,User,1
danielspector,4230316,User,1
elliotlarson,73437,User,1
ferdinandrosario,1284503,User,1
ReadmeCritic,15367484,User,1
hodak,3764926,User,1
inst,2856196,User,1
ionis111,1729271,User,1
jrhe,4038905,User,1
jugyo,7354,User,1
markgeek,888252,User,1
loveltyoic,3195924,User,1
manovotn,4181235,User,1
mateuszkosmider,974368,User,1
reiz,652130,User,1
swamp09,27663117,User,1
takkanm,43500,User,1
tonilin,1931560,User,1
vad4msiu,576091,User,1
wakeless,224373,User,1
