ryanb,161,User,293
bowsersenior,40264,User,13
nashby,200500,User,9
funny-falcon,249427,User,8
andhapp,6663,User,4
emmanuel,7657,User,3
flop,12178,User,3
stellard,181257,User,3
nhocki,17035,User,3
dchelimsky,1075,User,2
DavidMikeSimon,350396,User,2
Gimi,134496,User,2
jbarreneche,98871,User,2
manuelmeurer,16672,User,2
mikepack,247668,User,2
steerio,194688,User,2
albertobajo,157021,User,1
moffff,82414,User,1
Aryk,525212,User,1
benmoss,239754,User,1
inossidabile,930257,User,1
brynary,19,User,1
calebthompson,711717,User,1
cgunther,107416,User,1
plentz,4867,User,1
icrowley,9141,User,1
skhisma,9072,User,1
nertzy,2488,User,1
jeremyf,2130,User,1
kimberninger,2368507,User,1
logandk,20273,User,1
marksim,65283,User,1
mauriciozaffari,26127,User,1
mlooney,3905,User,1
mphalliday,201959,User,1
schlick,18456,User,1
thatothermitch,58738,User,1
nandalopes,202825,User,1
natemueller,220318,User,1
NickClark,239069,User,1
xinuc,57373,User,1
twe4ked,71970,User,1
codeprimate,14264,User,1
ramontayag,25332,User,1
rogercampos,275992,User,1
spohlenz,7600,User,1
spatil,154881,User,1
stefanoverna,51573,User,1
tanordheim,49933,User,1
tylergannon,50593,User,1
fl00r,121505,User,1
yuszuv,1167370,User,1
jonsgreen,3073,User,1
kirkconnell,108687,User,1
mccraigmccraig,29339,User,1
psanford,33375,User,1
soopa,54309,User,1
vfrride,655911,User,1
