nex3,188,User,5078
chriseppstein,1839,User,774
thedarkone,15688,User,44
mislav,887,User,28
tenderlove,3124,User,16
JonathanTR,4335783,User,15
ChristianPeters,56810,User,11
twalpole,16556,User,8
junaruga,121989,User,8
eitoball,34205,User,7
kaelig,85783,User,7
tmm1,2567,User,6
joerixaop,59470,User,6
josh,137,User,6
srawlins,103167,User,5
pointlessone,7405,User,4
indirect,78,User,4
cristibalan,122,User,4
norman,5042,User,4
rrrene,311914,User,4
carletex,2486142,User,4
hlb,4609,User,4
jede,7389,User,3
kamal,269,User,3
piouPiouM,22614,User,3
technomancy,141,User,3
xzyfer,579928,User,3
jina,53273,User,3
alanhogan,6808,User,2
myabc,755,User,2
brijohn,776,User,2
ericmason,17150,User,2
febuiles,2161,User,2
foysavas,1735,User,2
ggilder,331289,User,2
glebm,216339,User,2
gdelfino,11764,User,2
harthur,140420,User,2
henrik,216,User,2
rurounijones,21911,User,2
mocoso,2445,User,2
maciej-ka,5403694,User,2
Maher4Ever,277764,User,2
moeffju,14829,User,2
mikefowler,744542,User,2
nschonni,1297909,User,2
NikV,5368857,User,2
olek,17121,User,2
petebrowne,23861,User,2
pushcx,6262,User,2
Roman2K,2480,User,2
roryokane,79168,User,2
spohlenz,7600,User,2
purcell,5636,User,2
wincent,7074,User,2
nitoyon,39562,User,2
ronen,125620,User,2
royels,4454340,User,2
robwierzbowski,925735,User,2
rmm5t,740,User,2
Snugug,377188,User,2
MSNexploder,101456,User,2
xi,202576,User,2
Addisonbean,2948220,User,1
amatsuda,11493,User,1
alekstorm,711371,User,1
argv-minus-one,1386885,User,1
langalex,2173,User,1
agarbutt,734757,User,1
andrewpthorp,139962,User,1
ariunbayar,1480970,User,1
fliptheweb,308726,User,1
bassjobsen,954055,User,1
ind1go,1038350,User,1
bhollis,313208,User,1
bernardogalindo,208863,User,1
brandondrew,9854,User,1
BMorearty,16927,User,1
theaboutbox,59781,User,1
cv,5445,User,1
cheald,9830,User,1
xtian,602654,User,1
redinger,673,User,1
danfinnie,92105,User,1
cakebaker,26196,User,1
hassox,104,User,1
dlmiles,293087,User,1
dnesting,7342162,User,1
AE9RB,40563,User,1
DohMoose,157946,User,1
sax,77073,User,1
felixbuenemann,909587,User,1
flori,15918,User,1
georgemarshall,132688,User,1
gmccreight,38080,User,1
JuanitoFatas,1000669,User,1
HugoGiraudel,1889710,User,1
hyunlim,394900,User,1
icedtoast,61196,User,1
jackie,1202360,User,1
jacobrask,58563,User,1
jcnetdev,2104,User,1
jacquescrocker,206662,User,1
jcoglan,9265,User,1
ulbrich,100239,User,1
apfelbox,1032411,User,1
deadlyicon,8385,User,1
whittle,21054,User,1
jeremyevans,3846,User,1
jeremy,199,User,1
jshawl,3824954,User,1
coderifous,8860,User,1
lostapathy,437470,User,1
JohnAlbin,33429,User,1
jordimassaguerpla,1148215,User,1
imagentleman,2272928,User,1
JuanC,36036,User,1
kjvarga,95378,User,1
KatieK2,3174626,User,1
hokaccha,39471,User,1
lackac,1352,User,1
lawrencepit,115,User,1
fblee,24203,User,1
superlukas,516484,User,1
padi,807110,User,1
Marzelpan,117442,User,1
saper,248374,User,1
mondoreale,320066,User,1
malept,11417,User,1
mprins,1165786,User,1
nanodeath,10625,User,1
manveru,3507,User,1
vrish88,36475,User,1
rykov,35549,User,1
michaelklishin,1090,User,1
boone,6807,User,1
movitto,166845,User,1
nicolaisi,2225781,User,1
hagenburger,103399,User,1
benesch,882976,User,1
oliverklee,765746,User,1
pascalduez,335467,User,1
pjb3,726,User,1
pdaoust,346054,User,1
phanle,95933,User,1
parndt,10128,User,1
pra85,829526,User,1
richiethomas,3839713,User,1
robinroestenburg,693266,User,1
alyssais,2768870,User,1
russelldavis,551404,User,1
ry5n,804014,User,1
ranvis,139048,User,1
zessx,3398490,User,1
scottgonzalez,141167,User,1
cllns,632942,User,1
sebweaver,1648321,User,1
hanachin,167012,User,1
sds,677877,User,1
nog,11278,User,1
darvishzadeh,865596,User,1
stefanpenner,1377,User,1
sdsykes,32757,User,1
stewx,6986171,User,1
bakert,1541,User,1
halorgium,263,User,1
everyonesdesign,3520704,User,1
vlajos,3994645,User,1
pwnall,11460,User,1
wfarr,203,User,1
willglynn,118362,User,1
lkdjiin,498017,User,1
yinso,697837,User,1
wycats,4,User,1
zonak,447805,User,1
alex-teren,15961106,User,1
amikula,8440,User,1
amitsuroliya,2149795,User,1
curtisk,2028068,User,1
hasclass,26909,User,1
k-funk,1933021,User,1
kematzy,6571,User,1
kethomassen,3010837,User,1
namusyaka,309329,User,1
sumul,565666,User,1
tav,30302,User,1
aTei,963212,User,1
