bbenezech,26794,User,1033
sferik,10308,User,633
mshibuya,486678,User,522
kaapa,215071,User,310
gunn,42500,User,269
ccabot,331883,User,80
caboteria,85106,User,59
dalpo,56606,User,43
slawosz,11747,User,35
jphpsf,100218,User,21
luizpicolo,1373275,User,19
ml,1509,User,18
fb3,2751729,User,18
ryanb,161,User,15
lucasmazza,80978,User,14
ideadapt,1071386,User,14
tagliala,556268,User,13
parndt,10128,User,12
wolframarnold,42257,User,12
fmh,56861,User,11
akitaonrails,2840,User,10
piotrj,9296,User,10
joshk,8701,User,9
brewster1134,217428,User,9
akm,18912,User,9
jackdempsey,479,User,8
jacksonpires,5025,User,8
lucassimao,143240,User,8
rikkipitt,1147871,User,8
johanneskrtek,419747,User,8
DarthMax,1449357,User,8
amacneil,637671,User,7
awagener,189705,User,7
jorgeramos,611561,User,7
mattsears,11594,User,7
taavo,1038906,User,7
theodorton,874365,User,7
barberj,503436,User,7
akzhan,112516,User,6
AlainPilon,37088,User,6
andrewculver,217218,User,6
codynguyen,252787,User,6
aceofspades,81255,User,6
jibidus,7377177,User,6
miry,21104,User,6
linchus,1073949,User,6
neilang,34724,User,6
igmarin,39272,User,6
benlangfeld,210221,User,5
dburt,139988,User,5
baldowl,16362,User,5
ehoch,852746,User,5
qqshfox,459733,User,5
istana,690332,User,5
quainjn,447498,User,5
stevemoulton,61813,User,5
loicginoux,824936,User,5
rosenfeld,32246,User,5
timkurvers,378235,User,5
glebtv,1041407,User,5
jayasi,4542290,User,5
semenovDL,2780315,User,4
btucker,6181,User,4
bradphelan,17650,User,4
hassox,104,User,4
bakongo,84138,User,4
audionerd,23459,User,4
goosetav,57294,User,4
ahhrrr,173440,User,4
frankel,20370,User,4
JDutil,25104,User,4
jc00ke,18191,User,4
johnmdonahue,200543,User,4
twinge,23668,User,4
koic,13203,User,4
MblKiTA,454696,User,4
swcool,529799,User,4
tmesquita,566882,User,4
dexion,177283,User,3
kryzhovnik,283380,User,3
antage,1032,User,3
bcardarella,18524,User,3
hoelmer,14165,User,3
christophermanning,289331,User,3
dallas,5059,User,3
dwbutler,746336,User,3
mvj3,22362,User,3
carlesso,207895,User,3
federomero,104881,User,3
ivanzotov,147321,User,3
jcoleman,125331,User,3
jbescoyez,26732,User,3
jdmorani,69175,User,3
jvortmann,57185,User,3
jgorset,195266,User,3
kaylarose,223142,User,3
martndemus,903637,User,3
kuboon,48445,User,3
PikachuEXE,1018543,User,3
drogus,5004,User,3
rafaellima,642494,User,3
chamun,907946,User,3
saulius,13653,User,3
simonc,119303,User,3
versilov,669812,User,3
rockdog,22312,User,3
moro,3419,User,3
elsupergomez,355298,User,3
gokure,88591,User,3
bostonaholic,362146,User,3
RafaelMCarvalho,95682,User,3
caiotarifa,197979,User,3
krishan1390,6287545,User,3
8398a7,8043276,User,2
aaronjensen,8588,User,2
AlexEscalante,656454,User,2
softpro,1022687,User,2
alexshk,82994,User,2
scarfacedeb,706648,User,2
optimisticanshul,4547169,User,2
stympy,1070,User,2
kimptoc,38746,User,2
thechrisoshow,3727,User,2
crosebrugh,294735,User,2
hydrat,65542,User,2
SuperMasterBlasterLaser,8684688,User,2
ohrite,381219,User,2
nando,9823,User,2
fernandomm,439774,User,2
GeoffTidey,319408,User,2
glebm,216339,User,2
hrp,119183,User,2
iainbeeston,111963,User,2
biow0lf,93578,User,2
zambot,365641,User,2
ordinaryzelig,41839,User,2
jeroenvandijk,27645,User,2
MrJoy,113625,User,2
jmccartie,133393,User,2
bartocc,47953,User,2
dziulius,63702,User,2
jure,238667,User,2
kuchida,1650795,User,2
durhamka,3475913,User,2
nicovak,6214452,User,2
liorsion,462660,User,2
luizfonseca,249782,User,2
soupmatt,263409,User,2
smidwap,794163,User,2
kavu,1994,User,2
meghaarora42,5927134,User,2
zapnap,194,User,2
pmariano,65677,User,2
splattael,28908,User,2
omoshetech-t,6673702,User,2
vincentwoo,613320,User,2
kalbasit,87115,User,2
tiii,1043854,User,2
gogojimmy,726221,User,2
mengu,113091,User,2
nahue,96837,User,2
s12chung,263394,User,2
samdebutcha,70509,User,2
simaob,10764,User,2
snmgian,73134,User,2
rovermicrover,1587624,User,2
berislavbabic,418219,User,2
cschiewek,76575,User,2
maokomioko,767496,User,2
pencilcheck,116532,User,2
reedlaw,1344,User,2
yhourdel,674825,User,2
agrberg,410469,User,1
aroop,62619,User,1
aless,10650,User,1
herk,2334782,User,1
gazay,29658,User,1
andreazaupa,696791,User,1
ahx,8669,User,1
ai,19343,User,1
dru,5803,User,1
peresleguine,365816,User,1
fc-arny,2686403,User,1
Atul9,3390330,User,1
Aztre,3920828,User,1
bensheldon,47554,User,1
bf4,142914,User,1
benjaminwood,1232531,User,1
bterkuile,202443,User,1
bessl,914431,User,1
bbwharris,43513,User,1
bretdavidson,221781,User,1
brynary,19,User,1
catsby,61721,User,1
bantic,2023,User,1
damsonn,2840366,User,1
danbeaulieu,902943,User,1
dhedlund,449605,User,1
deardaniel,124254,User,1
Daniel254,3640170,User,1
davidgoli,44666,User,1
drubin,237513,User,1
dianakimball,153317,User,1
dcrec1,13742,User,1
plashchynski,30833,User,1
eapair2,333795,User,1
ebeigarts,8155,User,1
elado,51488,User,1
erictheise,317680,User,1
ineu,24980,User,1
evanbeard,68382,User,1
fedegl,17049,User,1
GabrielLidenor,765963,User,1
gchaincl,1288313,User,1
hidenba,32135,User,1
mtfuji,512634,User,1
hbu50,1133426,User,1
hugomaiavieira,73012,User,1
iwarshak,471,User,1
iwz,141314,User,1
pupeno,8425,User,1
japetheape,20259,User,1
aquajach,146160,User,1
buren,922411,User,1
jamesotron,59449,User,1
jsanders,38320,User,1
javiyu,83056,User,1
JayTeeSF,83524,User,1
JeffreyATW,266170,User,1
CalvinMcGee,36564,User,1
jmondo,603431,User,1
jm3,12213,User,1
jque,57797,User,1
josedonizetti,34032,User,1
JoshTGreenwood,1872899,User,1
jgrevich,24955,User,1
bobthecow,53660,User,1
joerichsen,1052,User,1
Kabie,492619,User,1
libkazz,25481,User,1
n3bulous,5499,User,1
kayzee,855606,User,1
klebershimabuku,147294,User,1
krekoten,150485,User,1
corbt,176426,User,1
lengarvey,724914,User,1
luan,223760,User,1
klyonrad,1453955,User,1
luishmelo,4423170,User,1
invalid-email-address,148100,User,1
martinciu,34633,User,1
mspanc,389651,User,1
milgner,160025,User,1
markbates,3528,User,1
MarkOates,772949,User,1
martijnrusschen,1412392,User,1
fourseven,895039,User,1
mxswd,136101,User,1
MichaelWhi,51182,User,1
radiokills,1025889,User,1
mpospelov,1548210,User,1
TheEmpty,371940,User,1
MrOutis,7363250,User,1
marcioj,821095,User,1
ndbroadbent,139536,User,1
nathanl,338814,User,1
nroose,177314,User,1
oruen,7712,User,1
foca,437,User,1
niksan,277510,User,1
nfedyashev,61983,User,1
killthekitten,1201569,User,1
oponder,455309,User,1
orendon,1316543,User,1
gdi2290,1016365,User,1
pawelpacana,116740,User,1
pepijn,85931,User,1
sporkd,11115,User,1
peteonrails,9593,User,1
peymano,32817,User,1
pjaspers,52989,User,1
pietia,33452,User,1
phocke,95556,User,1
ReadmeCritic,15367484,User,1
rrrene,311914,User,1
rickr,334550,User,1
robotex82,655932,User,1
robsonmwoc,14308,User,1
rogerbraun,101936,User,1
rolftimmermans,78237,User,1
mynameisrufus,118455,User,1
rgarner,194511,User,1
rmm5t,740,User,1
ojiry,409323,User,1
tricknotes,290782,User,1
sarahleeashraf,487738,User,1
swalkinshaw,295605,User,1
srgpqt,591721,User,1
shawndrost,160210,User,1
Neschur,995682,User,1
celeryclub,750809,User,1
stevenh512,110500,User,1
yangchenyun,1043403,User,1
k0kubun,3138447,User,1
thiagobrandam,194487,User,1
thomas-mcdonald,197928,User,1
kollektiv,85360,User,1
toddmazierski,544541,User,1
tonywok,62091,User,1
estum,1584968,User,1
uiltondutra,143682,User,1
ugisozols,148708,User,1
vyorkin,988849,User,1
vortizhe,777846,User,1
dodecaphonic,48337,User,1
waseem,42636,User,1
wcharlton,5159411,User,1
morgoth,10766,User,1
woahdae,25282,User,1
ysiadf,712099,User,1
zbelzer,13127,User,1
zzak,277819,User,1
aaronchi,6336,User,1
andreas,2518,User,1
buyaka,36476,User,1
charlieschwabacher,533045,User,1
deeeki,115544,User,1
ecin,646,User,1
m4tm4t,197191,User,1
galmail,191608,User,1
jklimke,1150217,User,1
joergschiller,628391,User,1
khoan,45188,User,1
lidi,19185,User,1
mankind,329514,User,1
monocle,314922,User,1
mytrile,11741,User,1
railscard,1060422,User,1
ronen,125620,User,1
gamafranco,37790,User,1
thoefer,202410,User,1
tsukasaoishi,15423,User,1
xdite,9004,User,1
xoxoxo,1919843,User,1
