fw42,2072686,User,223
pushrax,984857,User,143
dylanahsmith,954402,User,143
trishume,887610,User,76
tobi,347,User,59
arthurnn,833383,User,38
jasonhl,7451862,User,20
gauravmc,1014540,User,19
sirupsen,97400,User,16
titanous,13026,User,14
byroot,44640,User,10
mhw,1914,User,10
richardmonette,1041278,User,8
tjoyal,207902,User,8
Soleone,2923,User,8
davidcornu,325821,User,7
ssoroka,7130,User,7
trans,23423,User,6
stomar,1112299,User,6
mcr,25774,User,6
evulse,1631174,User,6
candlerb,44789,User,5
eapache,1706826,User,5
jasonroelofs,3223,User,5
kristianpd,378038,User,5
thedarkone,15688,User,5
bouk,97820,User,4
darkhelmet,36123,User,4
djreimer,341387,User,4
qoobaa,10659,User,4
raggi,348,User,4
ktdreyer,620295,User,4
arthanzel,1077378,User,4
dntj,418659,User,4
phoet,48745,User,4
jerryliu55,15824429,User,4
awd,65078,User,3
bogdan,122436,User,3
carsonreinke,378481,User,3
t6d,77060,User,3
halorium,81805,User,3
scomma,126537,User,3
sunblaze,6825,User,3
arg,1044277,User,2
dasch,6351,User,2
Dillon-Benson,1431984,User,2
airhorns,158950,User,2
ismasan,1081,User,2
jnormore,1075591,User,2
jeremyf,2130,User,2
binarycleric,197226,User,2
kreynolds,324744,User,2
larcher,24921,User,2
PhilibertDugas,5460957,User,2
rrrene,311914,User,2
jsw0528,197375,User,2
gmalette,351915,User,2
mrmanc,547606,User,2
zacstewart,435548,User,2
admtnnr,27502,User,1
knu,10236,User,1
alex-ross,1231475,User,1
alfredxing,2704010,User,1
andmej,9726,User,1
adomokos,80530,User,1
amateurhuman,374244,User,1
christianblais,596120,User,1
claco,20319,User,1
gaiottino,81958,User,1
AE9RB,40563,User,1
Dorian,129149,User,1
DrewMartin,1687807,User,1
coding46,1724196,User,1
biow0lf,93578,User,1
zerobase,1480739,User,1
Jeiwan,8029346,User,1
jaredbeck,380809,User,1
unreal,9277,User,1
jeroenvisser101,1941348,User,1
jstorimer,27818,User,1
joliss,524783,User,1
d-Pixie,1247102,User,1
jcheatham,1170999,User,1
dijonkitchen,11434205,User,1
joost,91466,User,1
joshk,8701,User,1
kainjow,271035,User,1
lasseebert,728042,User,1
gnowoel,543961,User,1
mcary,24826,User,1
mgreen,718498,User,1
moklett,4657,User,1
nbibler,3775,User,1
nickpearson,1329273,User,1
ozeias,2783,User,1
pathawks,251545,User,1
pjb3,726,User,1
renevanpelt,6897635,User,1
ROFISH,5236,User,1
tanelj,378755,User,1
astathopoulos,827828,User,1
timfel,46235,User,1
zackchandler,208,User,1
arika,14374,User,1
dvbeato,213964,User,1
jamesallardice,1089719,User,1
here,583685,User,1
