rkh,30442,User,1391
zzak,277819,User,377
rtomayko,404,User,290
gnandretta,120195,User,144
sr,90,User,87
bmizerany,46,User,70
michelc,47089,User,66
kytrinyx,276834,User,65
TrevorBramble,92880,User,57
burningTyger,263378,User,42
kgrz,400299,User,39
vipulnsward,567626,User,37
vast,25136,User,33
patriciomacadden,321978,User,28
cypher,978,User,23
yegortimoshenko,1643293,User,22
timfel,46235,User,21
floere,3022,User,21
namusyaka,309329,User,16
ReadmeCritic,15367484,User,15
stjhimy,105491,User,14
davydovanton,1147484,User,13
foca,437,User,13
ashleygwilliams,1163554,User,13
jkowens,585943,User,11
mdesantis,283320,User,11
apotonick,10406,User,11
cschneid,6119,User,10
mattwildig,411426,User,10
iffyuva,1108398,User,10
melborne,17398,User,8
marocchino,128431,User,8
p0deje,665846,User,7
alexeymuranov,712698,User,7
yb66,326444,User,7
jeremyevans,3846,User,7
mwpastore,8540936,User,7
lest,36079,User,7
DamirSvrtan,1437202,User,6
Wolg,538630,User,6
sylvaindesve,6241,User,6
adamwiggins,177,User,5
gcapizzi,251425,User,5
olleolleolle,211,User,5
iguchi1124,6443461,User,5
nashby,200500,User,5
yeban,90373,User,4
gaku,36295,User,4
grempe,117,User,4
shime,703563,User,4
jamesdabbs,1079270,User,4
unakatsuo,95236,User,4
nathanstitt,79566,User,4
nmeans,568,User,4
tjbladez,32470,User,4
pvande,2350,User,4
rafmagana,92894,User,4
304,335635,User,4
sbonami,1145657,User,4
nouse,63635,User,4
raggi,348,User,4
blambeau,56934,User,3
mkristian,35058,User,3
djanowski,2268,User,3
dekellum,54785,User,3
DAddYE,6537,User,3
scudelletti,410080,User,3
dougireton,30452,User,3
dylanegan,94,User,3
baldowl,16362,User,3
horaciob,293929,User,3
kamui,2255,User,3
statianzo,57737,User,3
junaruga,121989,User,3
mnoble,36059,User,3
nesquena,6511,User,3
pje,319655,User,3
reinh,52,User,3
tricknotes,290782,User,3
stevehodgkiss,62331,User,3
tj,25254,User,3
mcfiredrill,66243,User,3
kares,45967,User,3
DyegoCosta,636899,User,3
vangberg,252,User,3
splattael,28908,User,3
jc00ke,18191,User,3
wuleicanada,5652075,User,3
trans,23423,User,2
acco,927029,User,2
ausmarton,427908,User,2
bleything,270,User,2
sporkmonger,1778,User,2
bdimcheff,14111,User,2
chanks,300058,User,2
0x203,883855,User,2
dmathieu,9347,User,2
Zemmiph0bia,1581440,User,2
cldwalker,11994,User,2
schmidt,734,User,2
nico-hn,1096907,User,2
dayflower,42583,User,2
license2e,7691847,User,2
itamarst,3266662,User,2
jacobo,10033,User,2
jamiehodge,448777,User,2
jeffWelling,105077,User,2
jbottigliero,694253,User,2
jcrosby,157,User,2
karmi,4790,User,2
kyanagi,181194,User,2
krekoten,150485,User,2
lucianosousa,44833,User,2
bugant,307121,User,2
kintamanimatt,1854641,User,2
micahredding,1943626,User,2
npenzin,1782287,User,2
nusco,17791,User,2
nakajima,483,User,2
postmodern,12671,User,2
rennex,449856,User,2
robin850,354185,User,2
koraktor,66112,User,2
steveprice67,168148,User,2
sjoonk,14421,User,2
Ortuna,221008,User,2
humzashah,4441006,User,2
ishikawa,18448,User,2
trevor,5945,User,2
udzura,91011,User,2
ysksn,1235270,User,2
zaki,21428,User,2
aidewoode,6188618,User,2
jammur,41523,User,2
jaseg,136313,User,2
kematzy,6571,User,2
ninoseki,291028,User,2
tayler1,8282132,User,2
xentek,61488,User,2
JonMidhir,39089,User,2
JonRowe,162976,User,2
mig-hub,117441,User,2
Ice-Storm,10904646,User,2
tobiashm,5422,User,2
7stud,891276,User,1
aqnouch,3692812,User,1
seuros,2394703,User,1
adamvaughan,472854,User,1
adrianpacala,9934,User,1
amatsuda,11493,User,1
akzhan,112516,User,1
anachronistic,20905313,User,1
adelevie,86790,User,1
droppedoncaprica,1487206,User,1
aledalgrande,87186,User,1
maccman,2142,User,1
svetlyak40wt,24827,User,1
907th,800362,User,1
tmm1,2567,User,1
amaurymedeiros,673690,User,1
ahx,8669,User,1
jeltz,78469,User,1
allenan,792845,User,1
asquared,96175,User,1
acrmp,444264,User,1
deitrick,1174470,User,1
andrewhampton,187061,User,1
aderyabin,88676,User,1
ka8725,243846,User,1
kryzhovnik,283380,User,1
Ptico,69933,User,1
antw,4383,User,1
edg3r,237208,User,1
attilaolah,196617,User,1
Aupajo,14123,User,1
abyx,114588,User,1
BenMorganIO,3117356,User,1
kapowaz,25730,User,1
fluxusfrequency,4485051,User,1
bjoerge,876086,User,1
bjeanes,2560,User,1
bkabrda,1050061,User,1
brixen,85,User,1
kch,8216,User,1
carlosplusplus,3589911,User,1
cheald,9830,User,1
chrismytton,22996,User,1
defunkt,2,User,1
coreyward,81224,User,1
craiglittle,762635,User,1
dannytatom,60604,User,1
dariocravero,376268,User,1
kant,32717,User,1
vidbina,335406,User,1
dwaite,4517,User,1
dominicimhof,475690,User,1
dopin,11515,User,1
drichardson,36176,User,1
errm,115280,User,1
homakov,174693,User,1
slowernet,991,User,1
drbrain,9831,User,1
eckz,567737,User,1
erikj,20881,User,1
kastner,262,User,1
Ferenc-,6553695,User,1
filp,382538,User,1
skade,47542,User,1
fojas,333588,User,1
fgo,360276,User,1
ggoral,4493791,User,1
GordonDiggs,245083,User,1
onebree,9038433,User,1
iainbeeston,111963,User,1
undees,16794,User,1
igal,15668,User,1
ujifgc,108798,User,1
jphastings,42999,User,1
JackDanger,2071,User,1
jstewart,1564,User,1
giga,94320,User,1
snej,43241,User,1
ulferts,617519,User,1
jschementi,8699,User,1
jbarnette,3117,User,1
johnvoloski,516124,User,1
Igneous,113178,User,1
jormon,399335,User,1
joshk,8701,User,1
jsoref,2119212,User,1
josh,137,User,1
josevalim,9582,User,1
julie-ng,1269507,User,1
capotej,6135,User,1
kennym,160117,User,1
koic,13203,User,1
ko1,9558,User,1
niconegoto,13882615,User,1
etehtsea,100999,User,1
kylewlacy,1362179,User,1
lvonk,104943,User,1
leereilly,121322,User,1
fighterleslie,8318937,User,1
lucasdavila,225011,User,1
lukejahnke,389316,User,1
hanklords,20122,User,1
metakeule,180603,User,1
dui,1360,User,1
stomar,1112299,User,1
markbates,3528,User,1
ferrous26,38430,User,1
Frost,2308,User,1
nightscape,35170,User,1
matschaffer,690,User,1
allaire,304461,User,1
maafy6,522914,User,1
mattly,891,User,1
mattreduce,66427,User,1
schinckel,23411,User,1
yesmeck,465125,User,1
mjackson,92839,User,1
mikejones,5645,User,1
michaelklishin,1090,User,1
michihuber,1193296,User,1
mikegehard,128210,User,1
systemnate,6797093,User,1
nbaum,335497,User,1
benders,25198,User,1
nicksieger,154,User,1
neektza,816489,User,1
olivierlacan,65950,User,1
pjc0247,1961216,User,1
raxoft,3293702,User,1
petedmarsh,1192314,User,1
SaberUK,1565825,User,1
HollowerMan,3944454,User,1
chastell,56633,User,1
modrachel,2991265,User,1
karouf,2422,User,1
rlivsey,3740,User,1
rogeriozambon,642685,User,1
romankuznietsov,1574320,User,1
megamoose,1047932,User,1
rossabaker,142698,User,1
boucher,22065,User,1
ruben1,4315770,User,1
r7kamura,111689,User,1
rkmathi,404167,User,1
remiprev,11348,User,1
rymai,1168,User,1
send,18252,User,1
salimane,403938,User,1
sam-github,17607,User,1
Dinduks,504977,User,1
sholden,8165,User,1
Syd,12973,User,1
sborrazas,750314,User,1
nzwsch,19492382,User,1
selman,172931,User,1
porras,3830,User,1
weppos,5387,User,1
savulchik,187893,User,1
singpolyma,12770,User,1
stve,28044,User,1
shreeve,142875,User,1
tobynet,20859,User,1
tejasbubane,980783,User,1
thibautsacreste,306677,User,1
halorgium,263,User,1
tehpeh,100957,User,1
watchdogtimer,8805,User,1
tdawe,73707,User,1
vic,331,User,1
marshall-lee,3194530,User,1
huoxito,245662,User,1
wharsojo,11621,User,1
willbailey,4264,User,1
wbzyl,8049,User,1
akicho8,808955,User,1
brookemckim,245680,User,1
codeworm96,8407172,User,1
detomastah,112113,User,1
dtaniwaki,1162120,User,1
hakeda,10025340,User,1
kami-zh,4456532,User,1
kektre,382248,User,1
krissi,436758,User,1
loveky,1198651,User,1
mono0x,231380,User,1
sonots,2290461,User,1
pangel,2977,User,1
phiggins,22962,User,1
rbq,68766,User,1
richo,476418,User,1
scottj97,86350,User,1
snaggled,42983,User,1
undr,126763,User,1
vaudoc,40755,User,1
wilkie,31674,User,1
yaanno,1091,User,1
windy,291258,User,1
msysyamamoto,491754,User,1
yui-knk,5356517,User,1
y-yagi,987638,User,1
z2s8,1375289,User,1
shenqihui,4081063,User,1
