skwp,1731,User,703
kylewest,6247,User,71
lfilho,282756,User,37
FWFabio,5451123,User,23
duhanebel,367104,User,11
maletor,138785,User,10
ianks,3303032,User,9
nikolai-b,6289830,User,9
stevenbarragan,850686,User,7
taybin,58964,User,6
fabiopelosin,1048705,User,5
jby,1584888,User,5
rafaelregis,37031,User,4
giorni,17139,User,4
piotryordanov,753950,User,4
dsimmons,694034,User,3
jasonwbarnett,862300,User,3
JeanMertz,383250,User,3
MarioRicalde,125900,User,3
nandalopes,202825,User,3
timstott,1334474,User,3
victormours,1840367,User,3
petRUShka,146893,User,3
blackxored,133308,User,2
randaalex,548306,User,2
bastnic,84887,User,2
darylrobbins,2270905,User,2
gonzedge,218312,User,2
ethanmad,6319850,User,2
fayimora,648684,User,2
jeffwidman,483314,User,2
padi,807110,User,2
markcornick,302,User,2
paulnsorensen,429793,User,2
c0nspiracy,71886,User,2
n0nick,206795,User,2
sagmor,4744,User,2
vdmgolub,87082,User,2
cap10morgan,59748,User,2
DNNX,447953,User,2
alikaragoz,1283783,User,1
andreazevedo,741321,User,1
andyattebery,199135,User,1
bobek,26891,User,1
suchov,1478985,User,1
blittle,1566869,User,1
keikun17,74308,User,1
casaper,5822656,User,1
treppo,563961,User,1
DanielWright,642817,User,1
daxgames,7318053,User,1
dcrec1,13742,User,1
gerrywastaken,71481,User,1
yonilerner,278810,User,1
katgironpe,50656,User,1
kmees,649769,User,1
kris-luminar,751779,User,1
KristerV,2750622,User,1
ldong,5491695,User,1
lukeorland,11611,User,1
mlazarov,976139,User,1
mplatts,184383,User,1
merty,235273,User,1
msaffitz,239137,User,1
szajbus,31995,User,1
gringocl,3166322,User,1
moshe,7490448,User,1
mul14,113989,User,1
ndelage,547853,User,1
prouty,571204,User,1
durdn,1219,User,1
NilsHaldenwang,77387,User,1
Omer,144857,User,1
p7k,231786,User,1
peteschaffner,411395,User,1
phillipalexander,1577682,User,1
brotbert,112577,User,1
storypixel,62480,User,1
Slotos,314453,User,1
Sumukh,882381,User,1
gitter-badger,8518239,User,1
razum2um,122018,User,1
adamenger,1205898,User,1
chrisbutcher,1916444,User,1
grossjonas,680503,User,1
jravetch,316190,User,1
martco,420959,User,1
rkowalewski,2558154,User,1
sonnius,4184826,User,1
rocknrollMarc,5292972,User,1
