radar,2687,User,4059
schof,85518,User,2202
JDutil,25104,User,951
joneslee85,135605,User,788
damianlegawiec,55154,User,786
BDQ,22470,User,634
huoxito,245662,User,620
romul,28540,User,432
LBRapid,19807,User,343
davidnorth,49211,User,266
paulcc,51752,User,253
danabrit,29824,User,252
peterberkenbosch,4252,User,220
devilcoders,29921,User,210
cmar,74861,User,184
reinaris,106335,User,171
GeekOnCoffee,240650,User,167
priyank-gupta,894818,User,159
Mafi88,643748,User,103
BenMorganIO,3117356,User,100
tanmay3011,4212447,User,95
mauazua,2800299,User,91
jhawthorn,131752,User,84
krzysiek1507,8144559,User,78
parndt,10128,User,65
nishant-cyro,1930749,User,64
jordan-brough,23050,User,58
calas,2703,User,53
gmacdougall,764390,User,53
alepore,557414,User,51
dkubb,133,User,50
cbrunsdon,279013,User,48
brchristian,2460418,User,46
swistak,22162,User,38
iloveitaly,150855,User,36
futhr,66969,User,35
athal7,467872,User,35
nimish13,13478899,User,34
camelmasa,189824,User,33
abhishekjain16,1992113,User,32
lbrehmer,1675873,User,30
MattFenelon,165826,User,30
HoyaBoya,134368,User,30
smartacus,77801,User,30
wuboy0307,2128976,User,29
nnande,5675517,User,28
kennyadsl,167946,User,27
edmundo,24392,User,27
WesKetch,2319279,User,26
laurens,94158,User,25
mleglise,28571,User,24
mbj,117966,User,22
Willianvdv,102915,User,22
jsqu99,190274,User,21
symarys,10439953,User,21
vishalzambre,2970724,User,20
hybridindie,20465,User,19
richardnuno,2223534,User,19
mamhoff,703401,User,19
rounders,71225,User,17
manishrawat0212,21332195,User,17
sbounmy,159814,User,17
eliotsykes,31698,User,16
joshRpowell,6732638,User,16
nimish-mehta,2488470,User,16
philbirt,208828,User,16
vfonic,67437,User,16
Senjai,1831235,User,15
metade,3056,User,14
drogus,5004,User,14
dilpreet92,8027341,User,14
Argonus,9743549,User,13
Gregg,2618,User,13
phstc,105652,User,13
darbs,1442142,User,13
ajjahn,138160,User,12
AnuragBhardwaj1,11751717,User,12
Hates,4784,User,12
sohara,172627,User,12
sonny,2928,User,12
bullrico,6874,User,11
IrvinFan,5523239,User,11
magnusvk,704153,User,11
melvinram,10756,User,11
tiagoamaro,1538066,User,11
odk211,1321120,User,11
jitendra,13175,User,11
ademidov,1005969,User,10
balexand,181187,User,10
dpritchett,147981,User,10
fbrubacher,768,User,10
kunalchaudhari,222453,User,10
mtomov,1651750,User,10
mushishi78,406258,User,10
mohsen-alizadeh,4325532,User,10
rterbush,526416,User,10
vinay-mittal,12937284,User,10
adaddeo,1143517,User,10
alexdowad,1067359,User,9
cmaujean,8022,User,9
laspluviosillas,67325,User,9
jafffmen,6264084,User,9
mrpollo,317648,User,9
citrus,67736,User,9
adhlssu07,1440884,User,9
mikz,154571,User,9
Aeon,2532,User,8
cyu,2431,User,8
jeebster,1044652,User,8
imme5150,149497,User,8
MattDunbar,445619,User,8
mtuckergd,4377828,User,8
pdamer,2838,User,8
petergoldstein,421488,User,8
tomash,38259,User,8
curlyheads,156981,User,8
steveh,535,User,8
kei-s,8451,User,8
j1mr10rd4n,946427,User,8
beneggett,347537,User,7
five18pm,687519,User,7
greinacker,759955,User,7
grzlus,1580215,User,7
hnatt,781760,User,7
josv,153824,User,7
kitwalker12,2351670,User,7
mscottford,21340,User,7
ndbroadbent,139536,User,7
pawelnguyen,1530318,User,7
randomecho,743877,User,7
charliestarkpl,16268015,User,7
adammathys,876067,User,6
ayb,8072,User,6
cmattson,116414,User,6
Calamitous,12469,User,6
akitaonrails,2840,User,6
joshnuss,4437,User,6
sanchojaf,4213488,User,6
gamecreature,577933,User,6
tiagomjorge,194452,User,6
zeeyang,2062827,User,6
sbeam,33286,User,6
bmarini,13173,User,5
BMorearty,16927,User,5
bryanmtl,12205,User,5
cwise,244897,User,5
onedanshow,149438,User,5
complistic-gaff,450422,User,5
docelic,112993,User,5
ethier,930849,User,5
wapcaplet,238395,User,5
kylecrum,52822,User,5
larssmit,77982,User,5
pusewicz,940,User,5
volksport,55130,User,5
SebAshton,881759,User,5
westonplatter,492603,User,5
davekiss,1256071,User,5
hoverlover,169285,User,5
Ben-M,958918,User,5
myfreeweb,208340,User,5
MisinformedDNA,1784452,User,5
swrobel,157270,User,5
Lordnibbler,199422,User,4
shioyama,561827,User,4
crossblaim,4374,User,4
dv,44360,User,4
jumph4x,109290,User,4
softr8,127449,User,4
eric1234,43233,User,4
ehoch,852746,User,4
fgo,360276,User,4
jseifer,204,User,4
jschwertfeger,253229,User,4
lani13,3835232,User,4
methyl,692367,User,4
mtylty,167670,User,4
Bregor,745,User,4
mguterl,3800,User,4
montebrown,57874,User,4
paultyng,422474,User,4
rlister,195942,User,4
robertoles,88021,User,4
trappist,35682,User,4
rsiddle,18415,User,4
siddharth28,6944204,User,4
timcase,6670,User,4
tneems,15414,User,4
venkatesh3007,3645443,User,4
yu-liang-kono,3981242,User,4
lucapette,124274,User,4
tka,65579,User,4
alexshuhin,630203,User,4
BGuimberteau,645726,User,4
jay2u,782031,User,4
stevenbarragan,850686,User,4
alexandremcosta,766569,User,4
modology,530808,User,4
AlainPilon,37088,User,3
braincomb,455925,User,3
hron,39293,User,3
amencarini,1100003,User,3
lethjakman,2230555,User,3
anthonycreates,882606,User,3
arthurtalkgoal,7088330,User,3
arvindvyas,1496150,User,3
muzykabart,3935954,User,3
Bharat311,1005808,User,3
gaqzi,18167,User,3
bbuchalter,540762,User,3
buccolo,276707,User,3
callumacrae,472830,User,3
carlesjove,1800981,User,3
dkonishi,50530,User,3
dougjohnston,12276,User,3
farukaydin,2501931,User,3
frankmt,10518,User,3
argami,230512,User,3
frahugo,14030,User,3
vkvelho,1226045,User,3
joahking,8817,User,3
JonathanTron,2976,User,3
lucianosousa,44833,User,3
maco,401264,User,3
marshmallowcreme,40305,User,3
mvz,10898,User,3
nhippenmeyer,656637,User,3
rubenrails,99602,User,3
t-k,426779,User,3
kalkov,103871,User,3
deJaVisions,566891,User,3
dougbradbury,21624,User,3
ezekg,6979737,User,3
gjselten,2063622,User,3
maxendpoint,51216,User,3
parhs,1659018,User,3
themetric,1435186,User,3
awagener,189705,User,3
deepakmahakale,14993828,User,3
leggers,3916124,User,3
kpitn,41059,User,3
danmorin,73661,User,3
hbakhtiyor,3434496,User,2
codesavvy,1220097,User,2
aganov,176610,User,2
divineforest,22360,User,2
andreacampi,33472,User,2
nerdrew,10101,User,2
Krule,38747,User,2
arnie05,530686,User,2
relu,681456,User,2
BrianTheCoder,102,User,2
charlie-hadden,903643,User,2
r3ap3r2004,103284,User,2
ccschmitz,308182,User,2
clemens,3749,User,2
danxexe,125711,User,2
dan-ding,4367170,User,2
taweili,6722,User,2
jalada,126989,User,2
ddomingues,2476690,User,2
ebeigarts,8155,User,2
EduardoBautista,1585126,User,2
ericsaupe,5138892,User,2
erikaxel,373841,User,2
delphaber,139284,User,2
omgaz,908155,User,2
guioum,58069,User,2
isaacfreeman,342659,User,2
jackkinsella,151206,User,2
jackbot,299340,User,2
wildtangent,2795,User,2
joeswann,4190380,User,2
jgadbois,268375,User,2
MettaAudio,95966,User,2
jonjensen,3811,User,2
jkelleyj,579300,User,2
jmbejar,487140,User,2
twinge,23668,User,2
jmandala,205213,User,2
skorbut,956640,User,2
lailsonbm,114001,User,2
leiyangyou,104397,User,2
smt116,619324,User,2
mvidaurre,12237,User,2
mdlima,589457,User,2
marcosteixeira,1292319,User,2
MatayoshiMariano,4236217,User,2
Matho,856220,User,2
MatthewKennedy,1240766,User,2
michaelmichael,100786,User,2
maokomioko,767496,User,2
nesquena,6511,User,2
hackling,2245541,User,2
nickfrandsen,844730,User,2
nbrookie,915868,User,2
hebnern,1630148,User,2
NARKOZ,253398,User,2
orenf,3095315,User,2
paulsponagl,23183,User,2
Paveltarno,7635240,User,2
peterz,31419,User,2
piotrdz,1151708,User,2
gmile,207112,User,2
racx,29407,User,2
RaVbaker,56023,User,2
sevenseacat,543859,User,2
renatocn,24940,User,2
shadowmaru,422,User,2
widescape,80869,User,2
robinsingh-bw,9305866,User,2
robinboening,342977,User,2
RohanM,154210,User,2
sajadtorkamani,9380313,User,2
codeodor,23479,User,2
sepastian,14915,User,2
simonmd,155209,User,2
traels,708298,User,2
alexstoick,1664100,User,2
ugisozols,148708,User,2
vrosancic,8770941,User,2
StupidCodeFactory,100796,User,2
yeeguy,8314,User,2
alanzheng88,10336657,User,2
aneta-bielska,7216741,User,2
dandyc,1599764,User,2
dracito,134082,User,2
dunric,1522770,User,2
harssh,2812994,User,2
bmjoan,14879300,User,2
krazedkrish,2356636,User,2
pex,60568,User,2
spariev,12550,User,2
thedarkone,15688,User,2
tommiller1,12786516,User,2
ifokeev,2017148,User,2
greendog,39190,User,2
andreapavoni,142753,User,2
dru,5803,User,2
schustafa,126731,User,1
crypticsymbols,1591971,User,1
dalton,12886,User,1
axisofentropy,66315,User,1
adisutanto,2127973,User,1
aditya-kapoor,1955930,User,1
arambert,288781,User,1
talanoa,136475,User,1
albertstill,2787876,User,1
AlessioRocco,308848,User,1
crystalneth,25253,User,1
visheshell,6602362,User,1
soulim,2370,User,1
alexanderadam,372620,User,1
sashich,557073,User,1
KELiON,594298,User,1
alexcp,684172,User,1
alexandre025,8995429,User,1
nilcolor,163602,User,1
aamax,1069336,User,1
andrew,1060,User,1
xorrbit,526414,User,1
andrewmp1,186297,User,1
andrzejpolis,1905468,User,1
chunkerchunker,181738,User,1
Anirudh-Gupta,3327653,User,1
anthonybatchelor-examtime,1670580,User,1
roja,116761,User,1
gwik,11162,User,1
alopes,86951,User,1
blax,211345,User,1
arpitchauhan,2369359,User,1
r72cccp,1719293,User,1
FestivalBobcats,251029,User,1
ben-ole,433592,User,1
benjamintanweihao,861236,User,1
benoitr,205774,User,1
bernd,461,User,1
archSeer,1372918,User,1
