stympy,1070,User,388
Newman101,4118513,User,38
kytrinyx,276834,User,18
salexzee,7700131,User,13
bryanmytko,617982,User,11
npauzenga,5838826,User,10
PascalSchumacher,2707245,User,10
kkirsche,947110,User,9
maxmiliano,997850,User,8
tenderlove,3124,User,7
tiagofsilva,796353,User,7
cgore,92470,User,6
jorgegorka,9585,User,6
taryneast,34846,User,6
morozgrafix,1007608,User,6
kupolak,7570742,User,5
kakakakakku,1573290,User,5
leifcr,421391,User,5
acurley,572840,User,4
drbrain,9831,User,4
fdeschenes,876332,User,4
igas,175652,User,4
smathy,50139,User,4
jsyeo,1090020,User,4
amasses,100632,User,4
mkosma,54120,User,4
taki3,3800237,User,4
dawid-sklodowski,459346,User,4
abraham,3341,User,3
mumualex,1614871,User,3
andy-j,1342365,User,3
dv2,246222,User,3
thedeeno,84087,User,3
darrenterhune,23212,User,3
plainprogrammer,651,User,3
jeanmartin,28971,User,3
tonytonyjan,809410,User,3
jordifebrer,1145228,User,3
swrobel,157270,User,3
swapnilchincholkar,562081,User,3
tejasbubane,980783,User,3
h4r1sh,9008045,User,3
dkniffin,1680080,User,3
ohbarye,1811616,User,3
redfield,182764,User,3
sshaw,17570,User,3
tharoldD,5029799,User,3
hex0cter,9008480,User,3
epintos,1047402,User,3
adamstrickland,78512,User,2
amatsuda,11493,User,2
lethjakman,2230555,User,2
akintner,20585744,User,2
kovpack,883341,User,2
supercleanse,312388,User,2
bobbrez,143331,User,2
listrophy,26813,User,2
casi,921385,User,2
claytron,41368,User,2
Dakurei,8146474,User,2
ejhayes,310233,User,2
Fire-Dragon-DoL,1329559,User,2
efexen,1451215,User,2
gssbzn,461027,User,2
HeeL,287769,User,2
Jedeu,12180334,User,2
dasmoose,1015742,User,2
jdbalistreri,8519483,User,2
karlwilbur,55618,User,2
ktrant84,21183514,User,2
landongrindheim,5278382,User,2
leereilly,121322,User,2
Kiwwa,3986174,User,2
moretea,99988,User,2
martymclaugh,18268393,User,2
maxglassie,19553401,User,2
mayerseidman,5168405,User,2
manveru,3507,User,2
oliverklee,765746,User,2
myitcv,3374574,User,2
typekpb,499820,User,2
PeterWuMC,771681,User,2
irakeshraut,2246836,User,2
Ryanspink1,21284870,User,2
SagareGanesh,16730632,User,2
swe20144,5517260,User,2
tisba,75156,User,2
shinwang1,9370640,User,2
szh,546965,User,2
mrstebo,3327152,User,2
toddnestor,6495028,User,2
ToadJamb,488923,User,2
vitormil,391209,User,2
dmxhZGp1c2hh,16829313,User,2
kalbasit,87115,User,2
apantaliao,161037,User,2
bakunyo,2487437,User,2
bozydar,225232,User,2
comboy,23470,User,2
gkunwar,1822907,User,2
igbanam,390059,User,2
kdmsnr,23315,User,2
suweller,70916,User,2
makaroni4,768070,User,2
geordidearns,5615153,User,2
xiaotuanzi,3678830,User,1
AaronCowan,3231817,User,1
gadtfly,2624505,User,1
dr-impossible,945558,User,1
ahmed-taj,12673605,User,1
pixenix,11803723,User,1
FanaHOVA,6490430,User,1
asiniy,1296472,User,1
alex-rodriguez,1107285,User,1
allam-matsubara,775697,User,1
amoludage,10542896,User,1
andrewmbyrd,18648941,User,1
fobo66,4471821,User,1
anuj-verma,16353963,User,1
haggen,270076,User,1
audy,115904,User,1
alienxp03,672704,User,1
baron816,7305257,User,1
MrWilhelm,16444991,User,1
bprayudha,6486672,User,1
benmoss,239754,User,1
benpolinsky,10874030,User,1
archbloom,6891638,User,1
boblail,151907,User,1
bradherman,384172,User,1
bemurphy,124661,User,1
brookr,11095,User,1
CjMoore,22529806,User,1
ctlong,12767276,User,1
cmacaulay,9217701,User,1
CatFlyFlyFly,5879608,User,1
rabidaudio,3444382,User,1
Cdunagan05,17072308,User,1
keathley,1642095,User,1
cknadler,476505,User,1
chriskottom,114899,User,1
colehecht,1923797,User,1
probablycorey,596,User,1
damienbrz,229829,User,1
toobulkeh,1342064,User,1
danmakenoise,12228305,User,1
Lockyy,1465268,User,1
ieldanr,1143424,User,1
smilansky,3640724,User,1
ulyssesrex,7935931,User,1
dukedave,48232,User,1
madeindata,66331,User,1
davidelbe,482337,User,1
dmccown,213237,User,1
backpackerhh,685978,User,1
dbwest,1122691,User,1
deansc,2566077,User,1
senid231,8393857,User,1
weltschmerz1,2866749,User,1
denys281,754467,User,1
dima-groupon,6606222,User,1
DmitryTsepelev,842700,User,1
donaldpiret,35408,User,1
dslh,1450065,User,1
DrewMartin,1687807,User,1
Dpalazzari,19585280,User,1
edtjones,4377783,User,1
edilenedacruz,17166293,User,1
carlesso,207895,User,1
cews7,15043085,User,1
emidander,442051,User,1
tkhduracell,1007519,User,1
forresty,171245,User,1
aomega08,854304,User,1
garyharan,492,User,1
tagliala,556268,User,1
yovasx2,3578401,User,1
goulvench,419086,User,1
gclikkec,665593,User,1
guilhermesimoes,531168,User,1
guvarallo,4613916,User,1
wonderer007,2243326,User,1
steakunderscore,92489,User,1
hilarysk,6457189,User,1
hisas,16996739,User,1
hrp,119183,User,1
Kjarrigan,310475,User,1
iainbeeston,111963,User,1
joiggama,712278,User,1
IlkhamGaysin,17009998,User,1
IngoAlbers,7128145,User,1
jacknoble,1051472,User,1
jaimerodas,1501321,User,1
justjake,296279,User,1
janderson16,14007739,User,1
roninCode,18723127,User,1
janpieper,426371,User,1
jarkadlec,2269150,User,1
jtrost,1156272,User,1
jdconrad89,18131669,User,1
jsonreeder,10589114,User,1
jasonrudolph,2988,User,1
whittle,21054,User,1
littleforest,1938665,User,1
JessCodes,16108115,User,1
huyderman,209594,User,1
Joe11000,4231108,User,1
joel-g,26105158,User,1
backus,2085622,User,1
jjbohn,401301,User,1
johnnyshields,27655,User,1
jbkimble,18093048,User,1
thejonanshow,270746,User,1
jonmast,599037,User,1
JonathanSR,13320451,User,1
jtibbertsma,12464281,User,1
j0an,658334,User,1
jkarttunen,914822,User,1
Mangoov,9557311,User,1
jGRUBBS,338605,User,1
exige81,20071764,User,1
duduribeiro,771411,User,1
Yaakushi,7680980,User,1
kmuthupa,308052,User,1
kielkowicz,424802,User,1
kfrz,11085141,User,1
kachick,1180335,User,1
kitt,224854,User,1
simpl1g,1674393,User,1
ksinkar,649059,User,1
neonowy,5042328,User,1
kuatro,5260027,User,1
kaiuhl,77820,User,1
lauramosher,2660801,User,1
leanucci,8025,User,1
retroGiant89,6086481,User,1
lemanchester,119282,User,1
lengarvey,724914,User,1
Letladi,8325223,User,1
li-xinyang,3349406,User,1
maartenvg,3832753,User,1
MaicolBen,3474627,User,1
malmckay,33397,User,1
manoj2411,2099583,User,1
mhutter,346819,User,1
Yobilat,1817322,User,1
marco-gallardo,368763,User,1
nofxx,6831,User,1
doits,148003,User,1
martinbjeldbak,823316,User,1
mbaxa,1420799,User,1
MatthewDG,21087163,User,1
mwgalloway,14036756,User,1
manfe,971608,User,1
mgold,1191970,User,1
mlawrie,1307301,User,1
minton,750757,User,1
mscherer11,10468242,User,1
michalzagrodzki,4341982,User,1
miloprice,5651669,User,1
Mirv,4913930,User,1
nathanjh,17604799,User,1
Nathan-O,13594010,User,1
ski-climb,19230981,User,1
nschmoller,629616,User,1
oluosiname,14161156,User,1
OAGr,377065,User,1
pablox-cl,275754,User,1
mrhead,522375,User,1
phoenixweiss,3630353,User,1
ZipoKing,670514,User,1
pedroCervi,21227797,User,1
philipgiuliani,5446019,User,1
PlanetEfficacy,15135934,User,1
RaimundHuebel,20623301,User,1
rajivrnair,423427,User,1
Ranhiru,2367456,User,1
raphaeleidus,333260,User,1
pedantic-git,962930,User,1
rickypai,1469579,User,1
robharrop,64684,User,1
Robbie-Smith,15495167,User,1
robbyrussell,257,User,1
Roemerb,4710404,User,1
posgarou,8039360,User,1
SherSpock,14241275,User,1
samoli,15641,User,1
samanthamorco,7397089,User,1
supernullset,984832,User,1
smangelsdorf,6358,User,1
marocchino,128431,User,1
Shkrt,10468452,User,1
DonkeyFish456,18062693,User,1
scarver2,2336088,User,1
starchow,836532,User,1
stefanvermaas,1470863,User,1
stephengroat,1159138,User,1
steveh,535,User,1
Strnadj,1773690,User,1
susiirwin,17547270,User,1
sdsantos,106415,User,1
tjschuck,308724,User,1
tachiba,529660,User,1
taleh007,12513631,User,1
thomasguillory,540217,User,1
nysthee,11569296,User,1
Uelb,1913426,User,1
RISCfuture,15338,User,1
tvarley,2472280,User,1
timoschilling,165599,User,1
tomdracz,6048970,User,1
tomkadwill,907365,User,1
RasMachineMan,8084433,User,1
doriath,150959,User,1
cyeet,1642715,User,1
ash1day,5855137,User,1
alebian,5826668,User,1
andrewdwooten,21285661,User,1
blackknight75,20252614,User,1
darkstego,2610287,User,1
doglasbatista,5438099,User,1
dushi27,4869510,User,1
epinault,479143,User,1
f440,9423,User,1
ferdinandrosario,1284503,User,1
grbritz,1458268,User,1
jaclynjessup,23533895,User,1
jc00ke,18191,User,1
jellyfunk,3755844,User,1
jgeiger,10274,User,1
jordanluyke,2245814,User,1
joao-batista,20053994,User,1
johnbentcope,329833,User,1
jsteel,605442,User,1
kenta-s,6219390,User,1
korolvs,7325847,User,1
laurens,94158,User,1
liluo,741755,User,1
losingle,540630,User,1
luki3k5,616913,User,1
marcelo-leal,26974372,User,1
michaelachrisco,398491,User,1
nahankid,5739947,User,1
petrosg,2220644,User,1
pokka,524319,User,1
ppopov1357,10511826,User,1
randoum,3615944,User,1
rhymes,146201,User,1
schasse,3882305,User,1
seankellyaus,801790,User,1
selaromi,4027617,User,1
shadefinale,6621477,User,1
temirov,1078274,User,1
totzyuta,3541156,User,1
vamsipavanmahesh,1875074,User,1
iz4blue,979297,User,1
