jnicklas,134,User,1054
twalpole,16556,User,753
joliss,524783,User,143
abotalov,1497867,User,38
remogatto,22067,User,16
kou,27350,User,15
denro,144658,User,11
amatsuda,11493,User,9
badcarl,2053,User,8
alovak,19233,User,8
smparkes,4292,User,8
aslakhellesoy,1000,User,7
DouweM,159434,User,7
jonleighton,1979,User,7
mkdynamic,4312,User,7
grzuy,456459,User,7
omenking,7776,User,6
sobrinho,26460,User,6
tricknotes,290782,User,6
bernerdschaefer,193,User,5
ingemar,29814,User,5
jarl-dk,191521,User,5
tristandunn,8506,User,5
nashby,200500,User,5
benlovell,41963,User,5
ordinaryzelig,41839,User,5
bjeanes,2560,User,4
carols10cents,193874,User,4
quamen,1268,User,4
jeffkreeftmeijer,43621,User,4
parndt,10128,User,4
thomas-holmes,881693,User,4
randoum,3615944,User,4
y-yagi,987638,User,4
agibralter,1079,User,3
alextaylor000,7259082,User,3
deivid-rodriguez,2887858,User,3
ebeigarts,8155,User,3
elabs-dev,81170,User,3
mcmire,7371,User,3
shepmaster,174509,User,3
byrnejb,37126,User,3
jfirebaugh,98601,User,3
jdelStrother,2377,User,3
josevalim,9582,User,3
marcofognog,350491,User,3
mhoran,5330,User,3
myronmarston,49391,User,3
rmontgomery429,272434,User,3
soutaro,139089,User,3
thhermansen,92300,User,3
mocoso,2445,User,3
tenderlove,3124,User,2
madadam,5271,User,2
lysenko,142554,User,2
akasper,69873,User,2
carlosantoniodasilva,26328,User,2
dchelimsky,1075,User,2
route,414803,User,2
nidalaa,7466903,User,2
eoinkelly,599867,User,2
Nerian,259568,User,2
gvc,77246,User,2
joho,4092,User,2
jwilger,1654,User,2
jmbejar,487140,User,2
CodingItWrong,15832198,User,2
ursm,7548,User,2
koriroys,1118323,User,2
cavalle,856,User,2
Nitrodist,385448,User,2
gurix,95456,User,2
drogus,5004,User,2
dnd,37888,User,2
TimMoore,44385,User,2
simmerz,24327,User,2
tjgrathwell,1041691,User,2
mr-vinn,2551678,User,2
wincent,7074,User,2
bodhi,28731,User,2
sanemat,75448,User,2
gmile,207112,User,2
sodabrew,39406,User,1
wisq,255758,User,1
AhmedKamal20,14352372,User,1
alexch,8524,User,1
alishutc,1273291,User,1
afoster,20520,User,1
awilfox,303838,User,1
gravitystorm,360803,User,1
alindeman,395621,User,1
zatapathique,3431467,User,1
bencates,431849,User,1
r00k,46677,User,1
Empact,5470,User,1
bbatsov,103882,User,1
bcardarella,18524,User,1
brynary,19,User,1
e2,150197,User,1
cschramm,464848,User,1
cirosantilli,1429315,User,1
booch,7849,User,1
craigw,1540,User,1
djanowski,2268,User,1
archfear,286,User,1
ironcladlou,298299,User,1
danryan,9564,User,1
darrenhinderer,7301,User,1
darrinholst,4854,User,1
bjornblomqvist,122777,User,1
dbalatero,59429,User,1
dvrensk,14046,User,1
stgeneral,1227892,User,1
dguzzo,571624,User,1
elia,1051,User,1
etaque,40526,User,1
Erkan-Yilmaz,642286,User,1
espen,32258,User,1
eprothro,798287,User,1
thegcat,22835,User,1
Gaelan,4495750,User,1
glenbray,1418791,User,1
gmcnaughton,78888,User,1
gma,2122,User,1
gylaz,116327,User,1
gregmolnar,752058,User,1
hiroshi,24933,User,1
elliterate,6326,User,1
vassilevsky,252023,User,1
jcoglan,9265,User,1
raggi,348,User,1
jamie,1093,User,1
jaredbeck,380809,User,1
deadlyicon,8385,User,1
jarib,572,User,1
Fryguy,52120,User,1
copiousfreetime,11256,User,1
jc00ke,18191,User,1
lencioni,195534,User,1
jslag,37537,User,1
JoelQ,1006966,User,1
jhawthorn,131752,User,1
artfuldodger,225802,User,1
jmccartie,133393,User,1
JonRowe,162976,User,1
jaswope,75763,User,1
grimen,4783,User,1
JonathanTron,2976,User,1
jordelver,6588,User,1
simi,193936,User,1
josephholsten,7495,User,1
lanej,79638,User,1
joshuaclayton,1574,User,1
JuanitoFatas,1000669,User,1
justincampbell,246978,User,1
justinledwards,684524,User,1
kamarcum,13613,User,1
yairgo,25021,User,1
koic,13203,User,1
khasinski,702380,User,1
ignu,40636,User,1
negonicrac,5223,User,1
lucasmazza,80978,User,1
lukebaker,84748,User,1
martijnwalraven,54485,User,1
nightscape,35170,User,1
mdgreenfield,540634,User,1
matthewd,1034,User,1
w1150n,12096,User,1
MatthiasWinkelmann,10232033,User,1
arr-ee,331939,User,1
ElMassimo,1158253,User,1
michaelrkn,1266530,User,1
michaelklishin,1090,User,1
mikepack,247668,User,1
nambrot,571810,User,1
naw,8030877,User,1
strika,737903,User,1
nruth,26158,User,1
wtfiwtz,1445450,User,1
exviva,80070,User,1
olivierlacan,65950,User,1
pezra,4122,User,1
asmega,92580,User,1
phillbaker,94505,User,1
anthonylebrun,930079,User,1
heypiotr,1155764,User,1
randycoulman,1406203,User,1
ReadmeCritic,15367484,User,1
rubyredrick,2870,User,1
theroberts,13856590,User,1
rohit,14514,User,1
rshurts,1779472,User,1
ryansch,146013,User,1
srawlins,103167,User,1
sbonebrake,5275941,User,1
hanachin,167012,User,1
laserlemon,34264,User,1
sly7-7,1826661,User,1
takashi,1506738,User,1
tpope,378,User,1
tslocke,360,User,1
tgaff,1916144,User,1
trevorturk,402,User,1
donv,57275,User,1
khustochka,137464,User,1
igrep,227057,User,1
YSavir,5168781,User,1
yannp,361056,User,1
suemoc,2887750,User,1
yozlet,173848,User,1
xaph,124090,User,1
aceofbassgreg,2547658,User,1
adammck,19543,User,1
asceth,32672,User,1
Bartuz,4388676,User,1
cafedomancer,7645585,User,1
deepj,33736,User,1
dylanlive,4992944,User,1
vangberg,252,User,1
jessicard,621904,User,1
lucasprim,98293,User,1
molfar,235048,User,1
kwyt,2329452,User,1
noinkling,4338251,User,1
