Thibaut,17579,User,2046
TrangPham,2117313,User,8
romeovs,1250185,User,7
japborst,1426824,User,6
dhenson02,6307088,User,4
ShaneQful,1859598,User,4
Styrke,1035167,User,3
yosiat,306253,User,3
edno,324670,User,3
Glandos,297578,User,2
hyjk2000,4647136,User,2
ccorcoveanu,12337100,User,2
nucular,5305459,User,2
046569,1674647,User,1
alexbrazier,5689874,User,1
lex111,4408379,User,1
kaos,72965,User,1
qq99,150352,User,1
xuchunyang,4550353,User,1
cahna,1045603,User,1
elegantcoder,1222972,User,1
davidyew,544229,User,1
dirk-thomas,1335366,User,1
EddyShure,5896293,User,1
faustinoaq,3067335,User,1
graphaelli,83483,User,1
hzamani,397413,User,1
sarhugo,974762,User,1
jairovsky,1995580,User,1
jdsteinbach,1395360,User,1
JbIPS,2248473,User,1
johnzeringue,3858785,User,1
forivall,760204,User,1
julianwachholz,519966,User,1
jledentu,3941646,User,1
aquarhead,222272,User,1
lpopov,837343,User,1
wikimatze,264708,User,1
mellery451,463430,User,1
mikonieminen,3456836,User,1
nitay,34,User,1
pborreli,77759,User,1
ESWAT,65468,User,1
prashnts,5663391,User,1
rainsun,898548,User,1
rpowelll,320910,User,1
screendriver,149248,User,1
th-we,1147152,User,1
voithos,744228,User,1
doertedev,1579335,User,1
freayd,36454,User,1
kikyous,818616,User,1
nikhilkalige,1267404,User,1
mkwardakov,8199717,User,1
r3Fuze,840291,User,1
