tysongach,903327,User,329
joshuaogle,111194,User,51
whmii,2489247,User,7
kylefiedler,223180,User,6
sikachu,4912,User,6
mike-burns,4550,User,6
dgalarza,105694,User,5
mendozagioo,1576290,User,5
thejameskyle,952783,User,5
mjankowski,225,User,5
renaudleo,617989,User,5
twome,1880526,User,5
hmps,1231909,User,4
HugoGiraudel,1889710,User,4
tmazeika,5958957,User,4
glovertom,26155989,User,4
kennethormandy,1581276,User,3
Thibaut,17579,User,3
borodean,1530865,User,3
hotmeteor,378585,User,2
bmorrall,558455,User,2
chriseppstein,1839,User,2
creuter,2317604,User,2
damln,382099,User,2
shreve,253634,User,2
knuton,47458,User,2
metaskills,2381,User,2
mmwtsn,1479130,User,2
mondoreale,320066,User,2
mattbrictson,189693,User,2
travishaynes,628050,User,2
conchan,662225,User,2
mikeymike,2174476,User,2
lifeiscontent,180963,User,1
apatten,26947,User,1
aristretto,1207032,User,1
andmej,9726,User,1
robocoder,922051,User,1
imakewebthings,406639,User,1
caarlos0,245435,User,1
chrislloyd,718,User,1
clemenshelm,141632,User,1
csuhta,769083,User,1
coryschires,104563,User,1
croaky,198,User,1
danielbayley,7797479,User,1
djfpaagman,170034,User,1
Devinsuit,11741306,User,1
edwinvdgraaf,626884,User,1
Emerson,186545,User,1
emiliemarchand,1138942,User,1
hans2103,639822,User,1
harmdewit,423118,User,1
vassilevsky,252023,User,1
jdewyea,8328,User,1
jasford,123403,User,1
jmmcduffie,714143,User,1
jraines,28857,User,1
jonathanhefner,771968,User,1
joshukraine,615841,User,1
ysbaddaden,47380,User,1
laurens,94158,User,1
linrock,208617,User,1
kvakes,377005,User,1
floptwo,1260551,User,1
msonnabaum,49792,User,1
matiassingers,938453,User,1
Mab879,207087,User,1
MSchmidt,38004,User,1
mehlah,224928,User,1
mrb,2878,User,1
msikma,1507745,User,1
mikereinmiller,956747,User,1
mikesusz,354392,User,1
qrush,12610,User,1
nickrivadeneira,1431996,User,1
nickspiel,5096172,User,1
octave,343,User,1
killercup,20063,User,1
pbougie,58460,User,1
pat270,788266,User,1
paulozoom,69427,User,1
renatocarvalho,16294,User,1
s-espinosa,10855116,User,1
cllns,632942,User,1
sebmor,405407,User,1
tesujimath,4411912,User,1
stianjensen,1413267,User,1
colymba,978040,User,1
reggi,296798,User,1
xi,202576,User,1
iamtyce,433865,User,1
WillsB3,868834,User,1
audetpascale,15899378,User,1
battaglr,1921409,User,1
cganterh,5922460,User,1
davejtoews,9664035,User,1
vis-kid,1353214,User,1
jiraiyame,1323814,User,1
latentflip,78225,User,1
nybblr,794113,User,1
polarblau,123923,User,1
sunderls,2394070,User,1
tka,65579,User,1
