jyurek,4632,User,562
sikachu,4912,User,261
tute,54260,User,86
mike-burns,4550,User,70
betesh,2154282,User,17
henrik,216,User,16
maclover7,3020626,User,15
dgynn,103968,User,13
Sporky023,27087,User,11
qrush,12610,User,11
soramugi,1216011,User,11
bjhess,1175,User,8
dasch,6351,User,7
mschulkind,523089,User,7
monde,201,User,7
princemaple,1329716,User,7
alexgodin,405271,User,6
tilsammans,14680,User,6
joshuaclayton,1574,User,6
nickrivadeneira,1431996,User,6
cavi21,146249,User,5
croaky,198,User,5
phene,166528,User,5
georgebrock,35861,User,5
xuanxu,6528,User,5
murbanski,43840,User,5
mvanholstyn,769,User,5
menno,5396,User,5
fxposter,109216,User,5
zmillman,1028921,User,5
kitop,143179,User,4
jhawthorn,131752,User,4
johnnyshields,27655,User,4
jonberke,1307491,User,4
lucascaton,86755,User,4
mkremer,72702,User,4
szajbus,31995,User,4
ScotterC,313254,User,4
pierallard,1590933,User,4
takuyan,72418,User,4
maxigs,13007,User,4
marcoow,1510,User,4
michiels,42268,User,4
rwz,129043,User,4
tiegz,5054,User,4
bdewater,496367,User,4
printercu,1144890,User,4
momolog,71108,User,3
f1sherman,349804,User,3
danielevans,419699,User,3
davetchen,755162,User,3
dmitry,5091,User,3
gonzedge,218312,User,3
lime,562204,User,3
francocatena,85371,User,3
farisj,7132760,User,3
janko-m,795488,User,3
jimryan,796235,User,3
jjb,6097,User,3
JuanitoFatas,1000669,User,3
kreynolds,324744,User,3
cainlevy,4449,User,3
lardawge,35866,User,3
webmat,2300,User,3
mreinsch,33982,User,3
Overbryd,21111,User,3
pedrosmmoreira,658761,User,3
rrrene,311914,User,3
tamc,43987,User,3
morgoth,10766,User,3
knapo,63880,User,3
ralph,2190,User,3
squadette,3052,User,3
jferris,7591,User,3
kmcbride,597435,User,3
will-r,872859,User,3
abelmartin,29429,User,2
adamniedzielski,2426386,User,2
asanghi,762,User,2
aarellano,600493,User,2
andrewhubbs,371962,User,2
andrewtimberlake,39077,User,2
Envek,264400,User,2
airblade,7265,User,2
yodarjun,37193,User,2
nono,2767,User,2
djanowski,2268,User,2
danmakenoise,12228305,User,2
lancedikson,1955931,User,2
holetse,301446,User,2
gfvcastro,10352597,User,2
jasonm,1031,User,2
iHiD,286476,User,2
yawn,18242,User,2
jmileham,40619,User,2
dzsibi,4534880,User,2
leshill,3938,User,2
lewisou,135776,User,2
keram,578608,User,2
martinstreicher,31319,User,2
halogenandtoast,201288,User,2
manorie,1708139,User,2
boone,6807,User,2
hardbap,6355,User,2
nragaz,10078,User,2
jastix,52580,User,2
byterussian,72166,User,2
siruguri,40653,User,2
urbanautomaton,383376,User,2
midu,188390,User,2
scpike,536381,User,2
deiga,27202,User,2
porteta,957184,User,2
victorngkp,397034,User,2
ezuhaib,1741732,User,2
gouthamvel,161274,User,2
iltempo,39845,User,2
mankyuhan,1776943,User,2
geoffharcourt,319471,User,2
joneslee85,135605,User,2
adamnbowen,475879,User,1
alassek,57652,User,1
adsteel,4186462,User,1
agis,827224,User,1
ahmad-alkheat,7452567,User,1
ahmadsherif,1060507,User,1
tonidas,548878,User,1
alanho,71258,User,1
sarmiena,250349,User,1
alexandrz,81225,User,1
LongMan,22303,User,1
jbmeerkat,847534,User,1
creature,244541,User,1
atambo,102009,User,1
Tei,14027,User,1
poporul,434619,User,1
anderslemke,708095,User,1
asaganda,12720767,User,1
andyatkinson,2161008,User,1
ajh,10419,User,1
alindeman,395621,User,1
optimisticanshul,4547169,User,1
sandfoxme,963485,User,1
arunagw,3948,User,1
Atul9,3390330,User,1
halostatue,11361,User,1
yottanami,54559,User,1
benpickles,3637,User,1
benmanns,27628,User,1
bterkuile,202443,User,1
Bertg,1434,User,1
bladealslayer,790743,User,1
bradly,4227,User,1
developish,120054,User,1
BMorearty,16927,User,1
brynary,19,User,1
bricker,978899,User,1
calebthompson,711717,User,1
cfinucane,545118,User,1
cjcaj,2321353,User,1
carpodaster,164400,User,1
chadoh,221614,User,1
cpytel,5015,User,1
houhoulis,95658,User,1
cgs,16057,User,1
cbeckr,1845525,User,1
clupprich,773,User,1
christophed,921985,User,1
clemensg,201310,User,1
ruckus,320,User,1
codyrobbins,145600,User,1
DanielVartanov,21388,User,1
gagoit,3380093,User,1
ddonahue99,259967,User,1
faber,43680,User,1
unixmonkey,8360,User,1
denyago,489554,User,1
derekprior,152152,User,1
dim,16614,User,1
donokuda,1174461,User,1
dustinbrownman,4685176,User,1
edison,149353,User,1
eakret,87350,User,1
teefax,14892,User,1
eprothro,798287,User,1
fabiokr,21800,User,1
nonninz,701816,User,1
gabrielecirulli,886011,User,1
gaurish,235844,User,1
oppegard,86445,User,1
grzuy,456459,User,1
ggordan,196237,User,1
glappen,92961,User,1
guilleva,1103134,User,1
thehenster,78311,User,1
HormyAJP,2164842,User,1
shime,703563,User,1
isaac,2070,User,1
korun,5562931,User,1
jboyens,10693,User,1
jacobbullock,296827,User,1
jcbpl,3600,User,1
quainjn,447498,User,1
jamesbrooks,4400,User,1
jaredbeck,380809,User,1
JDutil,25104,User,1
jpinnix,4436,User,1
jeremywadsack,241324,User,1
jeroenvisser101,1941348,User,1
lencioni,195534,User,1
jhnvz,166270,User,1
johngrimes,55939,User,1
jonahbron,607976,User,1
netmask,38984,User,1
snowblink,7794,User,1
jviney,7051,User,1
yopefonic,151257,User,1
jjn2009,3632264,User,1
jerefrer,140954,User,1
keichan34,1064513,User,1
keithpitt,25882,User,1
metaskills,2381,User,1
kesha-antonov,11584712,User,1
kir,56328,User,1
krzychk,2318034,User,1
lawrencepit,115,User,1
lemuelbarango,7395051,User,1
lsegal,686,User,1
mariopeixoto,25545,User,1
vimutter,1164751,User,1
marshmallowcreme,40305,User,1
urbas,771193,User,1
lemoinem,234992,User,1
mattbrictson,189693,User,1
mhawkins,14561,User,1
mjankowski,225,User,1
fidothe,8550,User,1
automatthew,105,User,1
kronn,72198,User,1
mauriciopasquier,142792,User,1
maxim,7758,User,1
maximeg,252162,User,1
michaelbaudino,1447321,User,1
mdotterer,19941,User,1
mbailey,4409,User,1
mikeric,36068,User,1
mikel,3366,User,1
nzifnab,106189,User,1
nick-desteffen,174440,User,1
nicksieger,154,User,1
norman,5042,User,1
phstc,105652,User,1
sorentwo,270831,User,1
pbrisbin,50812,User,1
pcg79,10041,User,1
pbyrne,34053,User,1
pmcconnell,1334391,User,1
tardate,16432,User,1
mudge,287,User,1
pvdb,17322,User,1
parndt,10128,User,1
pcorliss,141914,User,1
Piioo,4640423,User,1
preetpalS,6419959,User,1
pguillory,304366,User,1
rjurado01,1703608,User,1
rafaelfranca,47848,User,1
juniorz,30809,User,1
richpeck,1104431,User,1
rob-at-thewebfellas,30018,User,1
reshleman,7756801,User,1
paneq,65587,User,1
ivanoblomov,113809,User,1
rodrigoargumedo,7613139,User,1
rolfb,10254,User,1
ryansch,146013,User,1
humzashah,4441006,User,1
salimane,403938,User,1
samlecuyer,867225,User,1
codeodor,23479,User,1
seanpdoyle,2575027,User,1
sguignot,986704,User,1
sdogruyol,990485,User,1
droptheplot,2979521,User,1
sethbro,144916,User,1
kasatani,33153,User,1
s-andringa,54975,User,1
sjmadsen,57522,User,1
laserlemon,34264,User,1
Strech,920053,User,1
teeparham,54017,User,1
thiagogabriel,97197,User,1
thijsc,9794,User,1
ravinggenius,21517,User,1
squareleaf,2001078,User,1
aka47,7011,User,1
coop,64469,User,1
stretchkennedy,4391828,User,1
tpope,378,User,1
tomhughes,147741,User,1
tomafro,1287,User,1
equivalent,721990,User,1
mcfiredrill,66243,User,1
tristandunn,8506,User,1
tylerwillingham,171991,User,1
tysongach,903327,User,1
GhostGambler,969344,User,1
vasinov,286876,User,1
chezka,99005,User,1
wnadeau,169076,User,1
fxn,3387,User,1
thekindofme,53257,User,1
ylansegal,561180,User,1
zgchurch,77020,User,1
kulte,633289,User,1
antico5,2818438,User,1
aya-soft,829209,User,1
beachbc,91640,User,1
braddunbar,11674,User,1
caneroj1,3110602,User,1
dilipror,4425523,User,1
elliefichtelman,23224222,User,1
garethrees,282788,User,1
geemus,4138,User,1
gmarik,31292,User,1
groe,515293,User,1
jaredmoody,27690,User,1
guilhermefelipecgs,1387165,User,1
jmsoper,11150372,User,1
lister,126756,User,1
mikong,4162,User,1
mrzasa,67236,User,1
ramn,100515,User,1
sleung-ttc,4314208,User,1
schneems,59744,User,1
schrockwell,30214,User,1
shaileshkalamkar,938837,User,1
simonjsmithuk,1372168,User,1
tony-brewerio,494692,User,1
weexpectedTHIS,439809,User,1
willchapin,4730920,User,1
willnet,82371,User,1
wynksaiddestroy,1565041,User,1
ycohn,13307573,User,1
