joshuaclayton,1574,User,425
jferris,7591,User,140
eugenebolshakov,4646,User,17
twalpole,16556,User,13
qrush,12610,User,7
r00k,46677,User,6
croaky,198,User,6
jyurek,4632,User,6
technicalpickles,159,User,6
weppos,5387,User,6
kristianmandrup,125005,User,5
nickrivadeneira,1431996,User,5
tristandunn,8506,User,5
mjankowski,225,User,4
odlp,4125410,User,4
mike-burns,4550,User,3
nashby,200500,User,3
sikachu,4912,User,3
ajm188,4276638,User,2
barunio,321382,User,2
cpytel,5015,User,2
cgriego,4805,User,2
dpickett,1082,User,2
dnagir,195035,User,2
eostrom,8683,User,2
flori,15918,User,2
jaredbeck,380809,User,2
drapergeek,89965,User,2
jasonm,1031,User,2
jeffcole,1175290,User,2
JDutil,25104,User,2
Jwan622,6790201,User,2
janxious,50124,User,2
justinko,14007,User,2
nate,130,User,2
ovargas27,128294,User,2
ryana,16389,User,2
sandro,9643,User,2
morgoth,10766,User,2
olivierlacan,65950,User,2
aqnouch,3692812,User,1
AdamZaczek,14284341,User,1
amatsuda,11493,User,1
coorasse,1319150,User,1
amcnamara,180786,User,1
ajsharp,12774,User,1
agronemann,667244,User,1
agrimm,20378,User,1
ndp,54177,User,1
andynu,59033,User,1
mironov,20403,User,1
aepstein,87617,User,1
aripollak,451345,User,1
Atul9,3390330,User,1
ayrton,440926,User,1
umerkulovb,1033021,User,1
bradleypriest,167215,User,1
wied03,297123,User,1
bjfish,110023,User,1
bkeepers,173,User,1
brandondrew,9854,User,1
bricestacey,136454,User,1
carlosantoniodasilva,26328,User,1
chrishunt,65323,User,1
ckib16,2160186,User,1
christoomey,420113,User,1
pythonandchips,209137,User,1
comron,126529,User,1
boutil,990732,User,1
dgalarza,105694,User,1
dasch,6351,User,1
flanger001,1645017,User,1
davidw,5064,User,1
djbender,170351,User,1
derekprior,152152,User,1
eliotsykes,31698,User,1
zetter,149785,User,1
lime,562204,User,1
futureperfect,4185,User,1
flavio,22728,User,1
georgemillo,2656485,User,1
hosamaly,330633,User,1
iainbeeston,111963,User,1
ijcd,12153,User,1
iwz,141314,User,1
evilguc,350977,User,1
betesh,2154282,User,1
RochesterinNYC,1504464,User,1
fearoffish,79,User,1
releu,348907,User,1
jtrupiano,12331,User,1
tilsammans,14680,User,1
jordimassaguerpla,1148215,User,1
queso,106,User,1
monkbroc,1919681,User,1
karmi,4790,User,1
metaskills,2381,User,1
kunitoo,490213,User,1
manuelmeurer,16672,User,1
marcocampana,54384,User,1
mark-rushakoff,290647,User,1
matthuhiggins,8185,User,1
megantiu,12753198,User,1
michaelklishin,1090,User,1
mlomnicki,70491,User,1
cibernox,265339,User,1
subelsky,12020,User,1
quadule,15299,User,1
nwjsmith,1348,User,1
ifesdjeen,12669,User,1
pjg,10712,User,1
splattael,28908,User,1
betelgeuse,34627,User,1
phlipper,984,User,1
gmile,207112,User,1
greyblake,113512,User,1
RobertLowe,601141,User,1
rmm5t,740,User,1
rringler,1390064,User,1
saadbinakhlaq,1243433,User,1
salimane,403938,User,1
seanpdoyle,2575027,User,1
urbanautomaton,383376,User,1
huerlisi,11375,User,1
sivagollapalli,280199,User,1
stve,28044,User,1
laserlemon,34264,User,1
humzashah,4441006,User,1
szimek,9873,User,1
tejasbubane,980783,User,1
espadrine,100689,User,1
timdiggins,18395,User,1
tinabme,464067,User,1
tobiasfeistmantl,7838269,User,1
tomstuart,3192,User,1
tysongach,903327,User,1
victornamuso,503585,User,1
vcavallo,3201135,User,1
VFedyk,489576,User,1
waldyr,1893997,User,1
kt3k,613956,User,1
czuger,567344,User,1
Alwahsh,3496597,User,1
bogdanvlviv,6443532,User,1
cj,1819,User,1
durrantm,408693,User,1
kddeisz,5093358,User,1
leriksen,441543,User,1
PlugIN73,708845,User,1
rubyengineer,1389494,User,1
romanvbabenko,23277,User,1
tsigo,16124,User,1
rutaka-n,7860550,User,1
sinsoku,248174,User,1
tadp,4078758,User,1
lastcat,2026375,User,1
