croaky,198,User,66
jferris,7591,User,39
tysongach,903327,User,28
seanpdoyle,2575027,User,16
mike-burns,4550,User,14
gfontenot,124499,User,13
gylaz,116327,User,11
gabebw,257678,User,7
jessieay,601515,User,7
calebthompson,711717,User,7
drapergeek,89965,User,6
derekprior,152152,User,5
keith,283886,User,5
kylefiedler,223180,User,5
JoelQ,1006966,User,5
BlakeWilliams,342554,User,4
jakecraige,3799709,User,4
MattMSumner,759721,User,4
purinkle,185321,User,4
sgrif,1529387,User,4
sardaukar,153407,User,4
georgebrock,35861,User,4
tonyd256,1169797,User,4
brendastorer,919800,User,3
dgalarza,105694,User,3
geoffharcourt,319471,User,3
penge,907255,User,3
pbrisbin,50812,User,3
mandybess,5386934,User,2
jcmorrow,5903784,User,2
joshuaclayton,1574,User,2
mrhead,522375,User,2
sikachu,4912,User,2
kaishin,519433,User,2
stevenpetryk,1724000,User,2
conchan,662225,User,2
calleerlandsson,66666,User,2
harlow,739782,User,2
reshleman,7756801,User,2
salbertson,154463,User,2
sharplet,147686,User,1
cxyokk,4216545,User,1
galenandrew,796368,User,1
as-cii,482957,User,1
AnuragRamdasan,1795026,User,1
aenain,349641,User,1
bkoltai,464764,User,1
bernerdschaefer,193,User,1
blainesch,769039,User,1
toomey8,1425116,User,1
budmc29,7063792,User,1
crueber,703845,User,1
thorncp,72176,User,1
creuter,2317604,User,1
coreyleveen,6034916,User,1
davejachimiak,1289249,User,1
TheLonelyGhost,1276113,User,1
Proghat,800337,User,1
ezekg,6979737,User,1
5vankmajer,6957739,User,1
graysonwright,829576,User,1
greggles,392568,User,1
hgmnz,41895,User,1
iancanderson,180798,User,1
yakschuss,14119092,User,1
jasonm,1031,User,1
jasonramirez,6471384,User,1
jcwilk,39782,User,1
jyurek,4632,User,1
jontonsoup,845636,User,1
joseVFernandez,683349,User,1
JuanitoFatas,1000669,User,1
hyperspacemark,938746,User,1
mjankowski,225,User,1
WaKeMaTTa,3450257,User,1
boddhisattva,655963,User,1
nneal,1542516,User,1
killthekitten,1201569,User,1
rob-murray,1809160,User,1
robwierzbowski,925735,User,1
ryancoughlin,1182341,User,1
srt32,2181356,User,1
teoljungberg,810650,User,1
ugisozols,148708,User,1
halogenandtoast,201288,User,1
JSalig1,6198542,User,1
linduxed,222098,User,1
rbeene,69861,User,1
