Soliah,141213,User,199
aziz,3202,User,78
ethagnawl,289949,User,48
J3RN,2058614,User,44
adamstrickland,78512,User,41
podung,5726027,User,20
HaleTom,13854417,User,14
geggo98,54929,User,12
endorama,526307,User,11
thedeeno,84087,User,10
fabianschwarzfritz,1759672,User,10
deivid-rodriguez,2887858,User,9
spiegela,3212,User,8
doitian,35768,User,8
jneen,225017,User,7
pczarn,3356767,User,7
ncoop,3425234,User,7
marcosinger,355174,User,5
Richard-Walton,481427,User,5
dannluciano,44121,User,4
rpassis,387079,User,4
latortuga,9379,User,3
DuncSmith,1025225,User,3
hedgehog,50418,User,3
drapergeek,89965,User,3
rglassett,4405501,User,3
kerams,5063478,User,3
andyw8,13400,User,2
antoinelyset,1465371,User,2
bmaland,2651,User,2
alal,1897627,User,2
drawks,410276,User,2
jkatzer,152635,User,2
tuxcanfly,132667,User,2
aMoniker,915878,User,2
kenbolton,28277,User,2
nathankot,1400871,User,2
rominf,3449635,User,2
sachin21,3052342,User,2
seanmalloy,685221,User,2
TSFoster,510520,User,2
linsong,36017,User,2
jpablobr,20233,User,2
jackturnbull,3958636,User,2
ajwalters,22035,User,1
arturdent,702026,User,1
X-dark,533161,User,1
cwhits,7746625,User,1
cih,762443,User,1
chrislerum,7773,User,1
darai2k,556985,User,1
DanielArndt,607732,User,1
lightningdb,12274,User,1
dfournier,2329786,User,1
dbloete,1888700,User,1
dougnukem,56662,User,1
edvb,6385358,User,1
ElijahLynn,1504756,User,1
xentek,61488,User,1
erikbgithub,84987,User,1
underscorenygren,1165692,User,1
evverx,10195800,User,1
fpietka,150428,User,1
hgrimelid,40372,User,1
iNecas,190443,User,1
shreve,253634,User,1
johnbeynon,62826,User,1
johnmcdonnell,702989,User,1
JonRowe,162976,User,1
jlipps,605053,User,1
dzello,174777,User,1
ktaragorn,2549496,User,1
DexterTheDragon,96819,User,1
KevinSjoberg,503025,User,1
lwilletts,8454096,User,1
fleadope,2146,User,1
padi,807110,User,1
markscholtz,329931,User,1
maxprokopiev,18645,User,1
noahhendrix,88490,User,1
oscardelben,3892,User,1
rpunkfu,7048281,User,1
latentflip,78225,User,1
rbudiharso,43447,User,1
rabellamy,1263878,User,1
slawosz,11747,User,1
potetm,1499654,User,1
ohcibi,61993,User,1
tony,26336,User,1
cinaeco,515654,User,1
wil,26890,User,1
pengwynn,865,User,1
yvaucher,4158438,User,1
yevgenko,62760,User,1
crobicha,4731915,User,1
icereval,3111541,User,1
knakayama,1545919,User,1
mois3x,5833678,User,1
mvaraga,2885768,User,1
n0ts,19618,User,1
nicoder,365210,User,1
ornicar,140370,User,1
simlegate,2359726,User,1
