Gargron,184731,User,1709
ykzts,12539,User,196
mjankowski,225,User,189
akihikodaki,17036990,User,111
yiskah,12243190,User,103
unarist,705555,User,66
sorin-davidoi,2109702,User,61
m4sk1n,21127288,User,47
nolanlawson,283842,User,45
alpaca-tc,1688137,User,41
nclm,923008,User,36
ineffyble,834880,User,35
blackle,3506025,User,31
JantsoP,4145151,User,30
yookoala,91274,User,26
ashfurrow,498212,User,21
abcang,4199439,User,19
jeroenpraat,3049892,User,19
ticky,282113,User,17
ThibG,384364,User,17
eramdam,1409924,User,16
matteoaquila,27067347,User,16
krainboltgreene,334809,User,16
Quent-in,7094296,User,15
stephenburgess8,6003351,User,15
Wonderfall,5507232,User,15
rkarabut,2141440,User,14
marrus-sh,3212430,User,13
Artoria2e5,6459309,User,12
kschaper,386066,User,11
adbelle,937781,User,10
evanminto,616660,User,10
masarakki,26023,User,10
yhirano55,15371677,User,10
BoFFire,16989948,User,9
clworld,1680550,User,9
camponez,41401,User,9
zunda,30968,User,8
danhunsaker,1534396,User,8
fpiesche,393620,User,8
johnsudaar,3317829,User,8
lindwurm,1874549,User,8
hikari-no-yume,579774,User,7
Angristan,11699655,User,7
seefood,409600,User,7
jackjennings,46891,User,7
lynlynlynx,27640522,User,7
expenses,13566135,User,7
walf443,2655,User,7
JoelQ,1006966,User,7
yukimochi,18753048,User,7
mistydemeo,780485,User,7
Aldarone,2682011,User,6
dunn,985416,User,6
xqus,203013,User,6
patf,277794,User,6
fakenine,5814696,User,6
tsuwatch,1159644,User,6
victorhck,1514206,User,6
beatrix-bitrot,884801,User,6
rainyday,491434,User,5
valentin2105,12403145,User,5
kadiix,22171490,User,5
kodacs,20390204,User,5
ProgVal,406946,User,5
sterdev,15799238,User,5
AA4ch1,18212035,User,4
alexgleason,3639540,User,4
cpytel,5015,User,4
hnrysmth,566159,User,4
hugogameiro,2203024,User,4
znz,11857,User,4
mabkenar,3006332,User,4
diomed,72777,User,4
Naouak,150214,User,4
trebmuh,8705846,User,4
MightyPork,2041118,User,4
rtucker,97437,User,4
reneklacan,1935686,User,4
STJrInuyasha,539749,User,4
Sylvhem,5222316,User,4
tcitworld,2197836,User,4
geta6,665440,User,4
happycoloredbanana,16704632,User,4
leopku,145652,User,4
SansPseudoFix,6507951,User,4
salvadorpla,27005879,User,4
tomfhowe,19882099,User,4
noraworld,17060801,User,4
178inaba,12012186,User,3
alyssais,2768870,User,3
kodnaplakal,24268143,User,3
huertanix,72914,User,3
genesixx,10486029,User,3
fhemberger,153481,User,3
halkeye,110087,User,3
treby,1079365,User,3
d6rkaiz,170124,User,3
jpdevries,592335,User,3
rndm-stranger,10185839,User,3
saper,248374,User,3
nevillepark,16054979,User,3
ornithocoder,19753339,User,3
ramlmn,12368291,User,3
harukasan,44918,User,3
stamak,5549415,User,3
TheKinrar,8020878,User,3
Eychics,7293238,User,3
thor-the-norseman,4744778,User,3
0x70b1a5,10970247,User,3
gled-rs,5700851,User,3
R0ckweb,15029076,User,3
esetomo,21495,User,3
foxiehkins,21956874,User,3
goofy-bz,858630,User,3
nightpool,233815,User,3
nullkal,418982,User,3
unsmell,2267475,User,3
ikuradon,713033,User,3
AndreLewin,14772765,User,3
aaribaud,13677427,User,2
estuans,1159754,User,2
dissolve,2546145,User,2
PurpleBooth,133327,User,2
bradurani,4195952,User,2
wavebeem,176815,User,2
wchristian,175467,User,2
cdutson,1514313,User,2
farlistener,10474315,User,2
DavidLibeau,11574966,User,2
SirCmpwn,1310872,User,2
Fjoerfoks,1695656,User,2
fmauNeko,46060,User,2
unstabler,964412,User,2
potato4d,6993514,User,2
h-izumi,7273960,User,2
ian-kelling,54232,User,2
foozmeat,419456,User,2
jasonrhodes,159370,User,2
asm,113964,User,2
jviide,19776768,User,2
kayleej,27916112,User,2
Kazhnuz,8832470,User,2
Komic,6867979,User,2
LindseyB,33750,User,2
alimony,331091,User,2
mig5,99173,User,2
ndarville,198682,User,2
Abzol,3305358,User,2
pfm-eyesightjp,28813809,User,2
xPaw,613331,User,2
pierreozoux,1863453,User,2
raymestalez,4761235,User,2
mcat-ee,2766980,User,2
tototoshi,264469,User,2
VirtuBox,11673784,User,2
vayan,2945291,User,2
ikasoumen,7677637,User,2
zacanger,12520493,User,2
amazedkoumei,385720,User,2
anon5r,66147,User,2
fhalna,6985165,User,2
haoyayoi,18229,User,2
ik11235,1401147,User,2
kawax,1502086,User,2
007lva,1860816,User,2
matsurai25,8326789,User,2
mecab,1580772,User,2
nicobz25,18504426,User,2
oliverkeeble,2052337,User,2
pinfort,19170349,User,2
rbaumert,22948100,User,2
usagi-f,9045135,User,2
vidarlee,16576010,User,2
vjackson725,12696923,User,2
wxcafe,3009327,User,2
fvh-P,8458066,User,2
NeetShin,19276905,User,2
Awea,630023,User,2
vahnj,8795527,User,2
halcy,59633,User,2
8398a7,8043276,User,1
857b,27144402,User,1
thurloat,38740,User,1
unascribed,6185037,User,1
Aguay-val,2204373,User,1
knu,10236,User,1
console-cowboy,24661119,User,1
pointlessone,7405,User,1
a2,241156,User,1
0xa,1952600,User,1
virtualpain,3953905,User,1
sapphirus,1960383,User,1
amandavisconti,899033,User,1
ameliavoncat,19511039,User,1
Chronister,1606822,User,1
schas002,5538659,User,1
jumbosushi,9669739,User,1
ayumin,37002,User,1
bzg,63500,User,1
benediktg,14795615,User,1
blakebarnett,19394251,User,1
bradj,438362,User,1
brycied00d,435838,User,1
carlosjs23,10473519,User,1
cgxxx,21238985,User,1
foxsan48,495512,User,1
ChristopherWMartin,17181697,User,1
chrisheninger,5051745,User,1
chris-martin,399718,User,1
DoubleMalt,1197112,User,1
Moosh-be,388085,User,1
Motoma,250355,User,1
chriswk,177402,User,1
csu,164822,User,1
kklleemm,8337559,User,1
muffinista,49172,User,1
cygnan,25865313,User,1
watilde,1716463,User,1
daprice,3615519,User,1
dar5hak,8205055,User,1
kant,32717,User,1
singingwolfboy,132355,User,1
davidcelis,36873,User,1
debanshuk,2102907,User,1
dereklewis,17770407,User,1
aranaur,7493966,User,1
d3vgru,1072565,User,1
Elizafox,659425,User,1
ericblade,1451847,User,1
mikoim,3958340,User,1
siuying,8608,User,1
hattori6789,12538161,User,1
Fastbyte01,16869546,User,1
myfreeweb,208340,User,1
gfaivre,400505,User,1
Fiaxhs,707985,User,1
reedcourty,876701,User,1
suzukaze,1078126,User,1
Hiromi-Kai,2163883,User,1
musashino205,10043798,User,1
iwaim,72528,User,1
IMcD23,1221567,User,1
immae,510202,User,1
iblech,3661115,User,1
jack-michaud,13189762,User,1
Floppy,3565,User,1
loomchild,2506014,User,1
docjkl,464523,User,1
TrollDecker,4513715,User,1
jonathanklee,4184494,User,1
jguerder,12753501,User,1
Tiwy57,1915575,User,1
xuv,192539,User,1
Jnsll,15047775,User,1
j0k3r,62333,User,1
futoase,72997,User,1
KitRedgrave,3581736,User,1
abjectio,3600521,User,1
mkody,843787,User,1
k0ta0uchi,1085968,User,1
leowzukw,7347374,User,1
lmorchard,21687,User,1
ldidry,922350,User,1
jemus42,1613346,User,1
lfuelling,5144843,User,1
Grabacr07,1779073,User,1
mistermantas,11616378,User,1
wirehack7,1439039,User,1
marvinkopf,12144728,User,1
otsune,13574,User,1
mattjmattj,1842012,User,1
mtparet,754770,User,1
maximeborges,159235,User,1
michaeljdeeb,1417123,User,1
Themimitoof,1113348,User,1
cyweo,17124227,User,1
M1dgard,4283376,User,1
tchncs,10698140,User,1
milmazz,34700,User,1
Mnkai,10909652,User,1
mitchhentges,7784737,User,1
mouse-reeve,1807695,User,1
lae,1318013,User,1
ngerakines,12125,User,1
vonneudeck,3678775,User,1
Ninetailed,1348714,User,1
kwaio,5406429,User,1
joyeusenoelle,4139417,User,1
fahy,405804,User,1
Pangoraw,9824244,User,1
peterkeen,13977,User,1
ignisf,1153188,User,1
rfreebern,414858,User,1
staticsafe,497804,User,1
snwh,1217306,User,1
skoji,119629,User,1
imolein,14206433,User,1
blinry,81277,User,1
Noiwex,1125405,User,1
yuki764,14988965,User,1
shnjp,141229,User,1
ernix,343556,User,1
shouko,4538186,User,1
sossii,11001268,User,1
StefOfficiel,5942432,User,1
svetlik,1100307,User,1
dereckson,135563,User,1
takp,5838870,User,1
tkusano,65759,User,1
Technowix,1571367,User,1
shug0,2612496,User,1
Fortyseven,156409,User,1
tobypinder,618992,User,1
tomosm,6571766,User,1
optikfluffel,379915,User,1
vmincev,15110727,User,1
waldyrious,478237,User,1
tahnok,362769,User,1
kaniini,1522444,User,1
YDrogen,13053644,User,1
YOSHIOKAEiichiro,2908295,User,1
S-YOU,1001175,User,1
orzFly,158528,User,1
chansuke,501052,User,1
LogicalDash,1334358,User,1
ZiiX,2234740,User,1
benklop,2729824,User,1
caasi,1164470,User,1
caesarologia,23587453,User,1
chrolis,8405842,User,1
codl,315139,User,1
d0p1s4m4,17814263,User,1
evilny0,8269734,User,1
fsubal,5250706,User,1
dikky1218,8464231,User,1
gentarok,26685009,User,1
hakoai,4888181,User,1
isati,227061,User,1
jkap,224587,User,1
jirayudech,3005075,User,1
jukper,4922813,User,1
karlyeurl,3105484,User,1
kuro5hin,3065686,User,1
maxypy,26444398,User,1
mayaeh,766076,User,1
marcus-herrmann,505181,User,1
mshrtkch,3304069,User,1
rch850,446352,User,1
rysiekpl,6271171,User,1
saturday06,532872,User,1
scriptjunkie,1174495,User,1
sdukhovni,6477010,User,1
seekr,2786460,User,1
tackeyy,8916877,User,1
takayamaki,24884114,User,1
tmyt,347017,User,1
walfie,11370525,User,1
y-temp4,13657589,User,1
ymmtmdk,1563960,User,1
ozcanzaferayan,1326963,User,1
magurotabetai,3165765,User,1
KenOokamiHoro,26817553,User,1
deflis,206113,User,1
pandeiro245,125965,User,1
