glebm,216339,User,543
thomas-mcdonald,197928,User,196
trisweb,89588,User,51
sporkd,11115,User,47
cvrebert,419884,User,26
jkelleyj,579300,User,4
wndxlori,17056,User,4
mahnunchik,780935,User,3
corny,23553,User,3
mjonuschat,203423,User,3
Blackhawkso,1903777,User,3
bbenezech,26794,User,2
danielbayerlein,457834,User,2
aeyoll,1472285,User,2
rafaelfranca,47848,User,2
sbandyopadhyay,2052398,User,2
umairsiddique,55158,User,2
walgitrus,879768,User,2
AJ-Acevedo,953092,User,1
adamakhtar,238342,User,1
agis,827224,User,1
ixti,94782,User,1
AlexZaytsav,1477925,User,1
amitport,1131991,User,1
andrew,1060,User,1
aderyabin,88676,User,1
Atul9,3390330,User,1
julian7,68158,User,1
bernardo,11086,User,1
BobRazoswki,7914154,User,1
bkerley,4354,User,1
caarlos0,245435,User,1
cabgfx,530941,User,1
masterkain,12844,User,1
djanowski,2268,User,1
thedamfr,2880446,User,1
mojavelinux,79351,User,1
danbower,2092299,User,1
danchapman,773083,User,1
epegzz,770269,User,1
derekprior,152152,User,1
duaconn,367749,User,1
behrends,50868,User,1
everaldo,892012,User,1
etienne,9656,User,1
gabceb,470852,User,1
gpakosz,553208,User,1
morenoh149,587438,User,1
htanata,21238,User,1
lazyatom,145,User,1
jasononeil,315158,User,1
JohnAlbin,33429,User,1
JonathonMA,522435,User,1
juggy,1108,User,1
boxofrox,636691,User,1
kevva,709159,User,1
kflorence,156143,User,1
Linuus,379823,User,1
lucasmazza,80978,User,1
marcofugaro,7217420,User,1
mdo,98681,User,1
synthdnb,572316,User,1
mhlavac,743421,User,1
Dinuz,1139472,User,1
thetamind,872,User,1
maxguzenski,6819,User,1
grosser,11367,User,1
mohnish,138171,User,1
Nerian,259568,User,1
nschonni,1297909,User,1
nickurban,431788,User,1
niklas,9176,User,1
noahd1,11672,User,1
holli,100112,User,1
fofr,319055,User,1
puffy,261818,User,1
bittner,665072,User,1
parndt,10128,User,1
ReadmeCritic,15367484,User,1
rsoule3,8433750,User,1
shawnacscott,1648967,User,1
sindresorhus,170270,User,1
owyongsk,813201,User,1
sunnyrjuneja,1108341,User,1
theo-bittencourt,405703,User,1
tdreyno,233,User,1
timoschilling,165599,User,1
ZacharyAdams,6615001,User,1
brief,91160,User,1
chopan,154869,User,1
hlb,4609,User,1
intuxicated,1641461,User,1
taki3,3800237,User,1
theverything,1922957,User,1
asecondwill,156546,User,1
