projectname,ptime
cloudwu-skynet,2.9
cloudwu-skynet,0.42
h2o-h2o,1.02
h2o-h2o,93.81
h2o-h2o,38.36
h2o-h2o,1.71
h2o-h2o,1.88
h2o-h2o,1113.24
h2o-h2o,11.21
h2o-h2o,10.36
h2o-h2o,0.54
h2o-h2o,2.88
h2o-h2o,3.22
h2o-h2o,3.14
h2o-h2o,0.75
h2o-h2o,0.92
h2o-h2o,6.37
h2o-h2o,9.25
h2o-h2o,0.05
h2o-h2o,4.99
h2o-h2o,5.08
h2o-h2o,28.88
h2o-h2o,31.93
h2o-h2o,6.11
h2o-h2o,70.96
h2o-h2o,0.45
h2o-h2o,3.98
h2o-h2o,0.34
h2o-h2o,1.87
h2o-h2o,89.81
h2o-h2o,61.12
h2o-h2o,0.06
h2o-h2o,0.24
h2o-h2o,2.82
h2o-h2o,1.46
h2o-h2o,14.58
h2o-h2o,14.73
h2o-h2o,6.37
h2o-h2o,8.92
h2o-h2o,4.3
h2o-h2o,2.46
h2o-h2o,191.58
h2o-h2o,1.93
h2o-h2o,8.47
h2o-h2o,191.44
h2o-h2o,85.01
h2o-h2o,74.26
h2o-h2o,20.48
h2o-h2o,1.97
h2o-h2o,89.61
h2o-h2o,21.56
h2o-h2o,1436.5
h2o-h2o,319.89
h2o-h2o,501.41
sdegutis-mjolnir,6105.64
sdegutis-mjolnir,10.38
sdegutis-mjolnir,7.35
sdegutis-mjolnir,0.35
sdegutis-mjolnir,2.42
sdegutis-mjolnir,26.94
sdegutis-mjolnir,1.74
sdegutis-mjolnir,99.2
firehol-netdata,1.79
firehol-netdata,64.57
firehol-netdata,8.18
firehol-netdata,3.89
firehol-netdata,3.62
firehol-netdata,10.69
firehol-netdata,169.2
firehol-netdata,0.63
firehol-netdata,16.92
firehol-netdata,40.96
firehol-netdata,35.0
firehol-netdata,3.74
firehol-netdata,0.41
firehol-netdata,7.98
firehol-netdata,10.52
firehol-netdata,5.86
firehol-netdata,2.11
firehol-netdata,156.83
firehol-netdata,30.41
firehol-netdata,184.26
firehol-netdata,53.77
firehol-netdata,3.2
firehol-netdata,14.34
firehol-netdata,6.62
firehol-netdata,1.4
firehol-netdata,280.05
firehol-netdata,16.47
firehol-netdata,9.85
firehol-netdata,520.1
firehol-netdata,497.9
firehol-netdata,2.8
firehol-netdata,451.48
firehol-netdata,29.97
firehol-netdata,3.95
firehol-netdata,5.87
firehol-netdata,1.76
firehol-netdata,4.95
firehol-netdata,11.82
firehol-netdata,1.19
firehol-netdata,256.87
firehol-netdata,441.29
firehol-netdata,44.0
firehol-netdata,2.7
firehol-netdata,86.34
firehol-netdata,297.58
firehol-netdata,13.68
firehol-netdata,0.95
firehol-netdata,0.54
firehol-netdata,5.6
firehol-netdata,779.49
firehol-netdata,0.58
firehol-netdata,2.26
firehol-netdata,1.33
firehol-netdata,5.05
firehol-netdata,25.46
firehol-netdata,1.54
firehol-netdata,293.09
firehol-netdata,1.95
firehol-netdata,2702.28
firehol-netdata,38.38
firehol-netdata,14.6
firehol-netdata,15.51
firehol-netdata,22.6
firehol-netdata,3.82
firehol-netdata,4.36
firehol-netdata,9.68
firehol-netdata,1.86
firehol-netdata,56.98
firehol-netdata,125.37
firehol-netdata,8.17
firehol-netdata,71.7
firehol-netdata,17.24
firehol-netdata,1.92
firehol-netdata,1.28
firehol-netdata,10.29
firehol-netdata,678.93
firehol-netdata,15.97
firehol-netdata,0.11
firehol-netdata,10.08
firehol-netdata,3536.2
firehol-netdata,1248.46
firehol-netdata,11.01
firehol-netdata,4.85
firehol-netdata,140.71
firehol-netdata,9.65
firehol-netdata,14.45
firehol-netdata,21.59
firehol-netdata,1.46
firehol-netdata,30.52
firehol-netdata,1422.33
firehol-netdata,32.27
firehol-netdata,103.57
firehol-netdata,780.37
firehol-netdata,3.57
firehol-netdata,2.11
firehol-netdata,3.64
firehol-netdata,10.34
firehol-netdata,11.17
firehol-netdata,11.22
firehol-netdata,5.81
firehol-netdata,783.58
firehol-netdata,6.86
firehol-netdata,12.01
firehol-netdata,20.81
firehol-netdata,103.25
firehol-netdata,9.24
firehol-netdata,102.33
firehol-netdata,2.58
firehol-netdata,7.15
firehol-netdata,316.07
firehol-netdata,3.26
firehol-netdata,63.93
firehol-netdata,1.59
firehol-netdata,1.01
firehol-netdata,75.44
firehol-netdata,2.92
firehol-netdata,0.07
firehol-netdata,9.9
firehol-netdata,4.57
firehol-netdata,96.24
firehol-netdata,67.11
firehol-netdata,248.64
firehol-netdata,6.54
firehol-netdata,3.56
firehol-netdata,22.3
firehol-netdata,86.74
firehol-netdata,49.3
firehol-netdata,1.54
firehol-netdata,419.82
firehol-netdata,1.66
firehol-netdata,3.93
firehol-netdata,146.6
firehol-netdata,9.93
firehol-netdata,3.52
firehol-netdata,94.91
firehol-netdata,4.82
firehol-netdata,415.07
firehol-netdata,6.57
firehol-netdata,13.9
firehol-netdata,5.7
firehol-netdata,25.08
firehol-netdata,5.06
firehol-netdata,13.28
firehol-netdata,3614.44
firehol-netdata,14.56
firehol-netdata,15.99
firehol-netdata,0.38
firehol-netdata,2.72
firehol-netdata,45.49
firehol-netdata,14.18
firehol-netdata,272.88
firehol-netdata,312.05
firehol-netdata,966.89
firehol-netdata,3.35
firehol-netdata,5.41
firehol-netdata,6.46
firehol-netdata,20.06
firehol-netdata,1.44
firehol-netdata,9.67
firehol-netdata,491.78
firehol-netdata,137.72
firehol-netdata,2.21
firehol-netdata,108.69
firehol-netdata,679.15
firehol-netdata,8.19
firehol-netdata,4.0
firehol-netdata,0.76
firehol-netdata,863.1
firehol-netdata,14.89
firehol-netdata,2.05
firehol-netdata,1.12
firehol-netdata,2.67
firehol-netdata,420.3
firehol-netdata,1.77
firehol-netdata,65.9
firehol-netdata,7178.43
firehol-netdata,23.38
firehol-netdata,16.13
firehol-netdata,140.27
firehol-netdata,11.07
firehol-netdata,801.81
firehol-netdata,196.3
firehol-netdata,0.3
firehol-netdata,8363.41
firehol-netdata,5.44
firehol-netdata,3.98
firehol-netdata,1.28
firehol-netdata,6.36
firehol-netdata,12.94
firehol-netdata,936.55
firehol-netdata,35.26
firehol-netdata,375.76
firehol-netdata,3.83
firehol-netdata,1981.27
firehol-netdata,67.78
firehol-netdata,108.25
firehol-netdata,84.25
firehol-netdata,1.0
vurtun-nuklear,30.1
vurtun-nuklear,140.12
vurtun-nuklear,96.87
vurtun-nuklear,624.34
vurtun-nuklear,92.2
vurtun-nuklear,237.42
vurtun-nuklear,158.68
vurtun-nuklear,23.79
vurtun-nuklear,0.34
vurtun-nuklear,243.76
vurtun-nuklear,26.44
vurtun-nuklear,6.12
vurtun-nuklear,1.42
vurtun-nuklear,49.19
vurtun-nuklear,611.58
vurtun-nuklear,5.8
vurtun-nuklear,0.34
vurtun-nuklear,3.44
vurtun-nuklear,537.58
vurtun-nuklear,586.05
vurtun-nuklear,2.41
vurtun-nuklear,3.42
vurtun-nuklear,0.74
vurtun-nuklear,3.35
vurtun-nuklear,5.71
vurtun-nuklear,0.69
vurtun-nuklear,8.68
vurtun-nuklear,13.39
vurtun-nuklear,1.24
vurtun-nuklear,238.4
vurtun-nuklear,11.52
vurtun-nuklear,14.13
vurtun-nuklear,1012.23
vurtun-nuklear,190.45
vurtun-nuklear,3253.25
vurtun-nuklear,31.74
vurtun-nuklear,267.53
vurtun-nuklear,10.25
vurtun-nuklear,18.76
vurtun-nuklear,5.05
vurtun-nuklear,16.84
vurtun-nuklear,14.59
vurtun-nuklear,9.71
vurtun-nuklear,1.13
vurtun-nuklear,22.52
vurtun-nuklear,787.19
vurtun-nuklear,788.74
vurtun-nuklear,2.14
vurtun-nuklear,15.89
vurtun-nuklear,857.04
mpv-player-mpv,0.04
mpv-player-mpv,1.96
mpv-player-mpv,1.03
mpv-player-mpv,18.98
mpv-player-mpv,10.36
mpv-player-mpv,1.15
mpv-player-mpv,0.04
mpv-player-mpv,1.45
mpv-player-mpv,0.23
mpv-player-mpv,0.03
mpv-player-mpv,0.1
mpv-player-mpv,1.22
mpv-player-mpv,0.78
mpv-player-mpv,0.48
mpv-player-mpv,189.99
mpv-player-mpv,0.38
mpv-player-mpv,0.17
mpv-player-mpv,6.11
mpv-player-mpv,11.61
mpv-player-mpv,484.12
mpv-player-mpv,3.45
mpv-player-mpv,11.19
mpv-player-mpv,5.22
mpv-player-mpv,5.36
mpv-player-mpv,1.98
mpv-player-mpv,9.75
mpv-player-mpv,0.87
mpv-player-mpv,425.67
mpv-player-mpv,1518.81
mpv-player-mpv,0.05
mpv-player-mpv,6.12
mpv-player-mpv,25.99
mpv-player-mpv,5.78
mpv-player-mpv,185.7
mpv-player-mpv,2428.04
mpv-player-mpv,3.71
mpv-player-mpv,4.06
mpv-player-mpv,0.35
mpv-player-mpv,16.32
mpv-player-mpv,50.92
mpv-player-mpv,0.19
mpv-player-mpv,0.13
mpv-player-mpv,10.19
mpv-player-mpv,48.71
mpv-player-mpv,0.08
mpv-player-mpv,0.98
mpv-player-mpv,0.15
mpv-player-mpv,0.48
mpv-player-mpv,15.53
mpv-player-mpv,129.63
mpv-player-mpv,71.46
mpv-player-mpv,4488.14
mpv-player-mpv,4497.67
mpv-player-mpv,421.69
mpv-player-mpv,533.26
mpv-player-mpv,13.33
mpv-player-mpv,0.54
mpv-player-mpv,0.05
mpv-player-mpv,0.13
mpv-player-mpv,8388.96
mpv-player-mpv,23.67
mpv-player-mpv,4.76
mpv-player-mpv,15.48
mpv-player-mpv,32.55
mpv-player-mpv,0.65
mpv-player-mpv,70.92
mpv-player-mpv,0.05
mpv-player-mpv,4.62
mpv-player-mpv,13.83
mpv-player-mpv,0.18
mpv-player-mpv,48.26
mpv-player-mpv,528.19
mpv-player-mpv,75.24
mpv-player-mpv,32.92
mpv-player-mpv,43.63
mpv-player-mpv,136.18
mpv-player-mpv,1430.78
mpv-player-mpv,93.43
mpv-player-mpv,19.77
mpv-player-mpv,13.78
mpv-player-mpv,2054.98
mpv-player-mpv,0.65
mpv-player-mpv,0.29
mpv-player-mpv,697.2
mpv-player-mpv,0.06
mpv-player-mpv,0.08
mpv-player-mpv,3.3
mpv-player-mpv,10.81
mpv-player-mpv,4.87
mpv-player-mpv,25.84
mpv-player-mpv,10.17
mpv-player-mpv,2231.21
mpv-player-mpv,432.42
mpv-player-mpv,3.29
mpv-player-mpv,1.04
mpv-player-mpv,1742.03
mpv-player-mpv,29.96
mpv-player-mpv,0.16
mpv-player-mpv,167.77
mpv-player-mpv,1737.33
mpv-player-mpv,8099.02
mpv-player-mpv,41.12
mpv-player-mpv,562.66
mpv-player-mpv,0.07
mpv-player-mpv,0.56
mpv-player-mpv,3.75
mpv-player-mpv,0.37
mpv-player-mpv,30.42
mpv-player-mpv,101.11
mpv-player-mpv,11.28
mpv-player-mpv,538.07
mpv-player-mpv,0.06
mpv-player-mpv,0.92
mpv-player-mpv,0.06
mpv-player-mpv,26.62
mpv-player-mpv,0.23
mpv-player-mpv,18.51
mpv-player-mpv,229.88
mpv-player-mpv,1.6
mpv-player-mpv,0.1
mpv-player-mpv,1759.05
mpv-player-mpv,10634.62
mpv-player-mpv,9.18
mpv-player-mpv,0.37
mpv-player-mpv,4.86
mpv-player-mpv,17.53
mpv-player-mpv,32.68
mpv-player-mpv,468.19
mpv-player-mpv,33.57
mpv-player-mpv,20.99
mpv-player-mpv,290.94
mpv-player-mpv,658.44
mpv-player-mpv,232.22
mpv-player-mpv,3157.21
mpv-player-mpv,0.35
mpv-player-mpv,0.51
mpv-player-mpv,9706.34
mpv-player-mpv,0.62
mpv-player-mpv,633.04
mpv-player-mpv,8024.02
mpv-player-mpv,41.74
mpv-player-mpv,0.04
mpv-player-mpv,2133.2
mpv-player-mpv,0.08
mpv-player-mpv,250.01
mpv-player-mpv,5.38
mpv-player-mpv,0.14
mpv-player-mpv,22.1
mpv-player-mpv,0.74
mpv-player-mpv,35.07
mpv-player-mpv,9.43
mpv-player-mpv,1.61
mpv-player-mpv,17.38
mpv-player-mpv,14998.3
mpv-player-mpv,11.32
mpv-player-mpv,0.28
mpv-player-mpv,41.81
mpv-player-mpv,14.08
mpv-player-mpv,15347.51
mpv-player-mpv,0.61
mpv-player-mpv,12.54
mpv-player-mpv,118.96
mpv-player-mpv,15792.88
mpv-player-mpv,24.33
mpv-player-mpv,0.78
mpv-player-mpv,45.5
mpv-player-mpv,3942.83
mpv-player-mpv,65.94
mpv-player-mpv,250.38
mpv-player-mpv,11.65
mpv-player-mpv,4.6
mpv-player-mpv,48.27
mpv-player-mpv,3.06
mpv-player-mpv,81.68
mpv-player-mpv,115.58
mpv-player-mpv,0.17
mpv-player-mpv,120.52
mpv-player-mpv,16.78
mpv-player-mpv,5.05
mpv-player-mpv,5.65
mpv-player-mpv,12.27
mpv-player-mpv,0.22
mpv-player-mpv,43.41
mpv-player-mpv,4297.9
mpv-player-mpv,40.78
mpv-player-mpv,5.68
mpv-player-mpv,15.61
mpv-player-mpv,8.87
mpv-player-mpv,0.34
mpv-player-mpv,4.44
mpv-player-mpv,9.93
mpv-player-mpv,183.71
mpv-player-mpv,3691.79
mpv-player-mpv,19.06
mpv-player-mpv,118.61
mpv-player-mpv,1097.81
mpv-player-mpv,0.52
mpv-player-mpv,4845.26
mpv-player-mpv,137.1
mpv-player-mpv,906.55
mpv-player-mpv,3.29
mpv-player-mpv,13.73
mpv-player-mpv,3906.02
mpv-player-mpv,0.79
mpv-player-mpv,779.44
mpv-player-mpv,0.79
mpv-player-mpv,1984.76
mpv-player-mpv,777.72
mpv-player-mpv,43.69
mpv-player-mpv,4.9
mpv-player-mpv,158.73
mpv-player-mpv,89.99
mpv-player-mpv,5233.28
mpv-player-mpv,1.1
mpv-player-mpv,6.09
mpv-player-mpv,162.74
mpv-player-mpv,0.78
mpv-player-mpv,3.39
mpv-player-mpv,26.14
mpv-player-mpv,0.87
mpv-player-mpv,47.9
mpv-player-mpv,29.27
mpv-player-mpv,8571.78
mpv-player-mpv,3000.24
mpv-player-mpv,8339.8
mpv-player-mpv,0.07
mpv-player-mpv,6.75
mpv-player-mpv,0.21
mpv-player-mpv,2324.25
mpv-player-mpv,722.32
mpv-player-mpv,3.12
mpv-player-mpv,554.48
mpv-player-mpv,403.16
mpv-player-mpv,4.53
mpv-player-mpv,1.05
mpv-player-mpv,634.43
mpv-player-mpv,76.78
mpv-player-mpv,9.12
mpv-player-mpv,295.1
mpv-player-mpv,3.91
mpv-player-mpv,77.93
mpv-player-mpv,6.85
mpv-player-mpv,22.56
mpv-player-mpv,3857.82
mpv-player-mpv,10.05
mpv-player-mpv,1022.44
mpv-player-mpv,4047.78
mpv-player-mpv,660.52
mpv-player-mpv,166.9
mpv-player-mpv,7452.83
mpv-player-mpv,4.53
mpv-player-mpv,5534.38
mpv-player-mpv,1387.64
mpv-player-mpv,1.26
mpv-player-mpv,0.04
mpv-player-mpv,2297.84
mpv-player-mpv,1.08
mpv-player-mpv,83.61
mpv-player-mpv,53.39
mpv-player-mpv,158.26
mpv-player-mpv,0.38
mpv-player-mpv,128.77
mpv-player-mpv,0.93
mpv-player-mpv,1001.13
mpv-player-mpv,66.47
mpv-player-mpv,16.03
mpv-player-mpv,2979.81
mpv-player-mpv,0.9
mpv-player-mpv,18.04
mpv-player-mpv,55.14
mpv-player-mpv,11479.72
mpv-player-mpv,169.51
mpv-player-mpv,134.39
mpv-player-mpv,1367.3
mpv-player-mpv,5384.64
mpv-player-mpv,1765.85
mpv-player-mpv,73.25
mpv-player-mpv,7.39
mpv-player-mpv,23.86
mpv-player-mpv,533.04
mpv-player-mpv,1.73
mpv-player-mpv,0.41
mpv-player-mpv,358.27
mpv-player-mpv,164.36
mpv-player-mpv,2923.56
mpv-player-mpv,14082.06
mpv-player-mpv,0.63
grpc-grpc,16.0
grpc-grpc,43.2
grpc-grpc,19.79
grpc-grpc,24.74
grpc-grpc,16.43
grpc-grpc,5.93
grpc-grpc,4.78
grpc-grpc,22.76
grpc-grpc,9.88
grpc-grpc,14.95
grpc-grpc,13.69
grpc-grpc,1314.53
grpc-grpc,1.94
grpc-grpc,937.26
grpc-grpc,144.54
grpc-grpc,22.4
grpc-grpc,0.08
grpc-grpc,168.52
grpc-grpc,168.52
grpc-grpc,359.59
grpc-grpc,12.22
grpc-grpc,2.66
grpc-grpc,1.68
grpc-grpc,0.86
grpc-grpc,644.14
grpc-grpc,145.35
grpc-grpc,60.55
grpc-grpc,233.91
grpc-grpc,0.81
grpc-grpc,2381.48
grpc-grpc,0.13
grpc-grpc,15.75
grpc-grpc,2.41
grpc-grpc,149.62
grpc-grpc,95.74
grpc-grpc,23.3
grpc-grpc,313.93
grpc-grpc,3.12
grpc-grpc,227.7
grpc-grpc,523.98
grpc-grpc,14.5
grpc-grpc,15.67
grpc-grpc,0.55
grpc-grpc,7.62
grpc-grpc,326.68
grpc-grpc,6381.04
grpc-grpc,824.4
grpc-grpc,161.1
grpc-grpc,699.08
grpc-grpc,6.04
grpc-grpc,699.77
grpc-grpc,244.24
grpc-grpc,23.06
grpc-grpc,147.2
grpc-grpc,676.16
grpc-grpc,17.01
grpc-grpc,25.65
grpc-grpc,1692.23
grpc-grpc,868.57
grpc-grpc,887.55
grpc-grpc,63.75
grpc-grpc,58.17
grpc-grpc,78.99
grpc-grpc,25.77
grpc-grpc,142.44
grpc-grpc,0.86
grpc-grpc,271.86
grpc-grpc,214.31
grpc-grpc,7.27
grpc-grpc,708.95
grpc-grpc,36.74
grpc-grpc,56.2
grpc-grpc,60.07
grpc-grpc,8.33
grpc-grpc,4367.38
grpc-grpc,19.71
grpc-grpc,0.48
grpc-grpc,73.19
grpc-grpc,598.76
grpc-grpc,9.63
grpc-grpc,140.01
grpc-grpc,30.33
grpc-grpc,19.83
grpc-grpc,140.59
grpc-grpc,49.75
grpc-grpc,7.08
grpc-grpc,0.04
grpc-grpc,187.5
grpc-grpc,1.3
grpc-grpc,90.13
grpc-grpc,4165.86
grpc-grpc,65.84
grpc-grpc,0.07
grpc-grpc,388.26
grpc-grpc,8.68
grpc-grpc,25.12
grpc-grpc,30.81
grpc-grpc,42.44
grpc-grpc,0.97
grpc-grpc,1.73
grpc-grpc,23.75
grpc-grpc,1.61
grpc-grpc,102.9
grpc-grpc,102.98
grpc-grpc,22.98
grpc-grpc,1355.5
grpc-grpc,115.54
grpc-grpc,123.19
grpc-grpc,2.74
grpc-grpc,1.43
grpc-grpc,63.73
grpc-grpc,9.96
grpc-grpc,31.88
grpc-grpc,7091.02
grpc-grpc,3.96
grpc-grpc,4.59
grpc-grpc,1872.54
grpc-grpc,0.11
grpc-grpc,1037.37
grpc-grpc,223.03
grpc-grpc,1.17
grpc-grpc,3.39
grpc-grpc,0.97
grpc-grpc,21.18
grpc-grpc,6640.39
grpc-grpc,397.8
grpc-grpc,71.72
grpc-grpc,65.79
grpc-grpc,0.64
grpc-grpc,68.21
grpc-grpc,0.26
grpc-grpc,251.78
grpc-grpc,55.36
grpc-grpc,162.15
grpc-grpc,2497.11
grpc-grpc,1.82
grpc-grpc,1.13
grpc-grpc,8.62
grpc-grpc,2.35
grpc-grpc,11.78
grpc-grpc,193.84
grpc-grpc,0.15
grpc-grpc,119.82
grpc-grpc,5.43
grpc-grpc,8.05
grpc-grpc,751.85
grpc-grpc,0.82
grpc-grpc,4.72
grpc-grpc,14.89
grpc-grpc,1.88
grpc-grpc,0.64
grpc-grpc,0.15
grpc-grpc,124.86
grpc-grpc,262.57
grpc-grpc,0.6
grpc-grpc,36.71
grpc-grpc,336.33
grpc-grpc,118.9
grpc-grpc,0.41
grpc-grpc,1.02
grpc-grpc,1.2
grpc-grpc,0.73
grpc-grpc,0.05
grpc-grpc,30.19
grpc-grpc,0.34
grpc-grpc,1.99
grpc-grpc,22.47
grpc-grpc,12873.25
grpc-grpc,1605.31
grpc-grpc,1.74
grpc-grpc,1.26
grpc-grpc,1570.22
grpc-grpc,0.42
grpc-grpc,0.99
grpc-grpc,1.13
grpc-grpc,0.18
grpc-grpc,2.91
grpc-grpc,13.26
grpc-grpc,5.9
grpc-grpc,5.94
grpc-grpc,6.2
grpc-grpc,6.36
grpc-grpc,9.77
grpc-grpc,9.97
grpc-grpc,0.34
grpc-grpc,20.09
grpc-grpc,1012.69
grpc-grpc,42.95
grpc-grpc,146.63
grpc-grpc,319.1
grpc-grpc,160.14
grpc-grpc,0.14
grpc-grpc,85.44
grpc-grpc,0.05
grpc-grpc,126.38
grpc-grpc,0.4
grpc-grpc,4.03
grpc-grpc,0.22
grpc-grpc,18.02
grpc-grpc,21.26
grpc-grpc,21.61
grpc-grpc,18.35
grpc-grpc,41.15
grpc-grpc,123.69
grpc-grpc,2.12
grpc-grpc,29.39
grpc-grpc,88.43
grpc-grpc,189.11
grpc-grpc,93.3
grpc-grpc,635.52
grpc-grpc,0.63
grpc-grpc,20.13
grpc-grpc,9.94
grpc-grpc,3.89
grpc-grpc,4.15
grpc-grpc,25.08
grpc-grpc,21.54
grpc-grpc,0.65
grpc-grpc,4.55
grpc-grpc,4.43
grpc-grpc,22.43
grpc-grpc,0.62
grpc-grpc,0.03
grpc-grpc,20.77
grpc-grpc,293.14
grpc-grpc,5.14
grpc-grpc,484.1
grpc-grpc,0.08
grpc-grpc,0.86
grpc-grpc,13.43
grpc-grpc,1.06
grpc-grpc,238.78
grpc-grpc,2397.36
grpc-grpc,17.56
grpc-grpc,27.95
grpc-grpc,117.32
grpc-grpc,2.35
grpc-grpc,6.76
grpc-grpc,82.0
grpc-grpc,107.09
grpc-grpc,215.64
grpc-grpc,11.17
grpc-grpc,0.63
grpc-grpc,6.0
grpc-grpc,159.5
grpc-grpc,96.08
grpc-grpc,311.89
grpc-grpc,0.24
grpc-grpc,810.21
grpc-grpc,0.08
grpc-grpc,1893.58
grpc-grpc,7.1
grpc-grpc,0.69
grpc-grpc,2011.27
grpc-grpc,833.65
grpc-grpc,0.58
grpc-grpc,0.08
grpc-grpc,0.28
grpc-grpc,0.38
grpc-grpc,0.33
grpc-grpc,0.36
grpc-grpc,0.07
grpc-grpc,2177.44
grpc-grpc,1625.8
grpc-grpc,0.19
grpc-grpc,21.36
grpc-grpc,24.29
grpc-grpc,0.32
grpc-grpc,0.05
grpc-grpc,2.87
grpc-grpc,36.78
grpc-grpc,36.94
grpc-grpc,37.0
grpc-grpc,55.07
grpc-grpc,0.16
grpc-grpc,92.0
grpc-grpc,5.04
grpc-grpc,0.38
grpc-grpc,6.53
grpc-grpc,84.72
grpc-grpc,0.46
grpc-grpc,14.55
grpc-grpc,1.64
grpc-grpc,1.81
grpc-grpc,0.69
grpc-grpc,66.78
grpc-grpc,507.62
grpc-grpc,3.83
grpc-grpc,122.9
grpc-grpc,24.84
grpc-grpc,2071.72
grpc-grpc,221.88
grpc-grpc,142.07
grpc-grpc,285.28
grpc-grpc,2.56
grpc-grpc,19.34
grpc-grpc,6.8
andlabs-libui,2409.94
andlabs-libui,18.5
andlabs-libui,15.18
andlabs-libui,26.76
allinurl-goaccess,1.28
allinurl-goaccess,0.75
allinurl-goaccess,22.0
allinurl-goaccess,1.44
allinurl-goaccess,528.12
allinurl-goaccess,71.44
allinurl-goaccess,60.17
allinurl-goaccess,45.39
allinurl-goaccess,300.76
allinurl-goaccess,30.4
allinurl-goaccess,31.99
allinurl-goaccess,13.58
allinurl-goaccess,90.81
allinurl-goaccess,20.1
allinurl-goaccess,47.31
allinurl-goaccess,9.76
allinurl-goaccess,0.23
allinurl-goaccess,397.68
allinurl-goaccess,225.86
allinurl-goaccess,1.85
allinurl-goaccess,0.08
allinurl-goaccess,255.46
allinurl-goaccess,4.69
allinurl-goaccess,188.6
allinurl-goaccess,233.78
allinurl-goaccess,1.72
allinurl-goaccess,7.03
allinurl-goaccess,5.66
allinurl-goaccess,7.75
allinurl-goaccess,2.71
allinurl-goaccess,4.08
allinurl-goaccess,4.64
allinurl-goaccess,279.87
allinurl-goaccess,71.5
allinurl-goaccess,74.85
allinurl-goaccess,1.49
allinurl-goaccess,24.57
allinurl-goaccess,24.92
allinurl-goaccess,44.5
allinurl-goaccess,25.42
allinurl-goaccess,1000.8
allinurl-goaccess,24.41
allinurl-goaccess,84.04
allinurl-goaccess,0.38
allinurl-goaccess,194.99
allinurl-goaccess,14.26
allinurl-goaccess,86.84
allinurl-goaccess,1.37
allinurl-goaccess,29.67
allinurl-goaccess,4511.24
allinurl-goaccess,0.8
allinurl-goaccess,1.09
allinurl-goaccess,0.65
allinurl-goaccess,1.0
allinurl-goaccess,110.47
allinurl-goaccess,12.05
allinurl-goaccess,7.1
allinurl-goaccess,1.99
stedolan-jq,44.05
stedolan-jq,16.31
stedolan-jq,45.72
stedolan-jq,7.82
stedolan-jq,2.57
stedolan-jq,2.21
stedolan-jq,0.74
stedolan-jq,137.14
stedolan-jq,34.34
stedolan-jq,8895.25
stedolan-jq,6.82
stedolan-jq,34.4
stedolan-jq,53.37
stedolan-jq,38.89
stedolan-jq,155.0
stedolan-jq,1.41
stedolan-jq,149.37
stedolan-jq,2.24
stedolan-jq,7.05
stedolan-jq,179.4
stedolan-jq,0.89
stedolan-jq,2.08
stedolan-jq,98.75
stedolan-jq,79.58
stedolan-jq,87.85
stedolan-jq,108.66
stedolan-jq,7.19
stedolan-jq,0.86
stedolan-jq,30.55
stedolan-jq,259.64
stedolan-jq,5.87
stedolan-jq,1.82
stedolan-jq,45.59
stedolan-jq,0.65
stedolan-jq,7.37
stedolan-jq,6.37
stedolan-jq,0.15
stedolan-jq,2.02
stedolan-jq,25.5
stedolan-jq,0.97
stedolan-jq,1.32
stedolan-jq,1.23
stedolan-jq,0.14
stedolan-jq,22.66
stedolan-jq,4.32
stedolan-jq,128.71
stedolan-jq,14333.99
stedolan-jq,49.59
stedolan-jq,6.6
stedolan-jq,1273.25
stedolan-jq,5.56
stedolan-jq,144.62
stedolan-jq,0.28
stedolan-jq,27.11
stedolan-jq,38.09
stedolan-jq,15429.88
stedolan-jq,5.27
stedolan-jq,25.61
stedolan-jq,0.07
stedolan-jq,191.85
stedolan-jq,322.52
stedolan-jq,1.36
stedolan-jq,1.77
stedolan-jq,0.19
stedolan-jq,15.37
stedolan-jq,76.91
stedolan-jq,11.68
stedolan-jq,1.43
stedolan-jq,3330.39
stedolan-jq,40.3
stedolan-jq,17.59
stedolan-jq,1869.24
stedolan-jq,981.25
stedolan-jq,166.74
stedolan-jq,3.74
stedolan-jq,0.04
stedolan-jq,0.31
stedolan-jq,62.42
stedolan-jq,4487.92
stedolan-jq,4596.28
stedolan-jq,10.34
stedolan-jq,0.07
stedolan-jq,47.55
stedolan-jq,60.27
stedolan-jq,1.78
stedolan-jq,217.1
stedolan-jq,0.32
stedolan-jq,3.61
stedolan-jq,401.18
stedolan-jq,0.09
stedolan-jq,559.87
stedolan-jq,54.03
stedolan-jq,227.81
stedolan-jq,87.52
stedolan-jq,1.8
stedolan-jq,71.91
stedolan-jq,3.47
stedolan-jq,855.27
stedolan-jq,3001.57
stedolan-jq,0.14
stedolan-jq,57.85
stedolan-jq,3634.36
stedolan-jq,1.14
stedolan-jq,15.4
stedolan-jq,3.98
stedolan-jq,72.81
stedolan-jq,0.06
stedolan-jq,3.11
stedolan-jq,3.14
stedolan-jq,1.24
stedolan-jq,5.75
stedolan-jq,7.81
stedolan-jq,1.47
stedolan-jq,23.89
stedolan-jq,4296.93
stedolan-jq,21.45
stedolan-jq,23.41
stedolan-jq,72.12
stedolan-jq,0.28
stedolan-jq,236.41
stedolan-jq,566.39
stedolan-jq,0.14
stedolan-jq,35.28
stedolan-jq,1.22
stedolan-jq,125.63
stedolan-jq,639.77
stedolan-jq,1026.19
stedolan-jq,0.78
stedolan-jq,124.04
stedolan-jq,0.04
stedolan-jq,3179.62
stedolan-jq,13431.77
stedolan-jq,703.28
stedolan-jq,13663.21
stedolan-jq,0.81
stedolan-jq,48.64
stedolan-jq,164.83
stedolan-jq,572.1
stedolan-jq,22.19
stedolan-jq,9661.22
stedolan-jq,96.23
stedolan-jq,1795.34
stedolan-jq,2483.79
stedolan-jq,47.26
stedolan-jq,2892.0
stedolan-jq,8.15
stedolan-jq,0.76
stedolan-jq,67.18
stedolan-jq,28.07
stedolan-jq,48.72
stedolan-jq,4.4
stedolan-jq,5.99
stedolan-jq,0.45
stedolan-jq,1.84
micropython-micropython,0.42
micropython-micropython,165.05
micropython-micropython,183.98
micropython-micropython,2.25
micropython-micropython,16.76
micropython-micropython,1.73
micropython-micropython,501.17
micropython-micropython,30.65
micropython-micropython,1.03
micropython-micropython,43.92
micropython-micropython,217.42
micropython-micropython,3.21
micropython-micropython,254.56
micropython-micropython,212.06
micropython-micropython,47.31
micropython-micropython,0.91
micropython-micropython,7749.73
micropython-micropython,27.61
micropython-micropython,3.59
micropython-micropython,4.74
micropython-micropython,82.17
micropython-micropython,62.69
micropython-micropython,87.61
micropython-micropython,328.52
micropython-micropython,462.39
micropython-micropython,20.19
micropython-micropython,5.25
micropython-micropython,3.78
micropython-micropython,0.15
micropython-micropython,4.66
micropython-micropython,352.77
micropython-micropython,161.01
micropython-micropython,17.01
micropython-micropython,4.97
micropython-micropython,8871.93
micropython-micropython,25.37
micropython-micropython,1117.67
micropython-micropython,159.51
micropython-micropython,4388.57
micropython-micropython,9.85
micropython-micropython,64.22
micropython-micropython,10.39
micropython-micropython,1.55
micropython-micropython,0.61
micropython-micropython,133.7
micropython-micropython,31.25
micropython-micropython,25.43
micropython-micropython,2.09
micropython-micropython,52.86
micropython-micropython,961.63
micropython-micropython,310.85
micropython-micropython,0.37
micropython-micropython,7.23
micropython-micropython,20.4
micropython-micropython,1.01
micropython-micropython,14.68
micropython-micropython,28.3
micropython-micropython,1.47
micropython-micropython,594.61
micropython-micropython,3726.57
micropython-micropython,699.81
micropython-micropython,96.14
micropython-micropython,87.55
micropython-micropython,3776.1
micropython-micropython,14.12
micropython-micropython,17.29
micropython-micropython,38.29
micropython-micropython,399.45
micropython-micropython,1.16
micropython-micropython,911.86
micropython-micropython,162.13
micropython-micropython,1024.41
micropython-micropython,54.45
micropython-micropython,22.46
micropython-micropython,52.18
micropython-micropython,20.6
micropython-micropython,28.69
micropython-micropython,569.44
micropython-micropython,2.14
micropython-micropython,24.73
micropython-micropython,0.62
micropython-micropython,1342.48
micropython-micropython,4.32
micropython-micropython,1.37
micropython-micropython,71.98
micropython-micropython,15.39
micropython-micropython,11.46
micropython-micropython,1826.59
micropython-micropython,2.61
micropython-micropython,2.62
swoole-swoole-src,1.11
swoole-swoole-src,56.96
swoole-swoole-src,37.62
swoole-swoole-src,3.15
swoole-swoole-src,16.46
swoole-swoole-src,25.76
swoole-swoole-src,0.82
swoole-swoole-src,28.32
swoole-swoole-src,27.87
swoole-swoole-src,66.57
swoole-swoole-src,119.07
swoole-swoole-src,12.54
swoole-swoole-src,531.98
swoole-swoole-src,41.34
swoole-swoole-src,2532.22
swoole-swoole-src,25.8
swoole-swoole-src,0.09
swoole-swoole-src,3.38
swoole-swoole-src,1.25
swoole-swoole-src,3.69
swoole-swoole-src,3.53
swoole-swoole-src,22.29
swoole-swoole-src,0.76
swoole-swoole-src,91.14
swoole-swoole-src,41.71
swoole-swoole-src,2.46
swoole-swoole-src,98.58
swoole-swoole-src,1.73
swoole-swoole-src,14.94
swoole-swoole-src,222.47
swoole-swoole-src,1.79
swoole-swoole-src,42.06
swoole-swoole-src,1530.23
swoole-swoole-src,73.15
swoole-swoole-src,22.39
swoole-swoole-src,41.52
swoole-swoole-src,8.86
swoole-swoole-src,50.22
swoole-swoole-src,296.74
swoole-swoole-src,94.27
swoole-swoole-src,127.34
swoole-swoole-src,789.36
swoole-swoole-src,662.17
swoole-swoole-src,3908.92
swoole-swoole-src,11730.32
swoole-swoole-src,3025.54
robertdavidgraham-masscan,46.13
libuv-libuv,307.95
libuv-libuv,4407.38
libuv-libuv,4546.04
libuv-libuv,85.49
libuv-libuv,25.24
libuv-libuv,61.42
libuv-libuv,10.2
libuv-libuv,1994.07
libuv-libuv,18.86
libuv-libuv,17.61
numpy-numpy,15.58
numpy-numpy,17.33
numpy-numpy,321.72
numpy-numpy,107.95
numpy-numpy,112.56
numpy-numpy,9.61
numpy-numpy,0.44
numpy-numpy,23.53
numpy-numpy,97.94
numpy-numpy,43.79
numpy-numpy,0.77
numpy-numpy,83.01
numpy-numpy,83.3
numpy-numpy,99.5
numpy-numpy,0.71
numpy-numpy,56.19
numpy-numpy,79.71
numpy-numpy,140.37
numpy-numpy,2.08
numpy-numpy,0.65
numpy-numpy,20.82
numpy-numpy,6.7
numpy-numpy,36.89
numpy-numpy,0.52
numpy-numpy,396.67
numpy-numpy,13.53
numpy-numpy,16.89
numpy-numpy,16.54
numpy-numpy,1181.43
numpy-numpy,169.49
numpy-numpy,2.82
numpy-numpy,20.07
numpy-numpy,0.3
numpy-numpy,0.6
numpy-numpy,1317.88
numpy-numpy,289.96
numpy-numpy,1.1
numpy-numpy,17.2
numpy-numpy,57.56
numpy-numpy,293.81
numpy-numpy,0.2
numpy-numpy,17.29
numpy-numpy,5.16
numpy-numpy,15.78
numpy-numpy,25.01
numpy-numpy,1038.05
numpy-numpy,1222.29
numpy-numpy,1225.88
numpy-numpy,16.82
numpy-numpy,137.5
numpy-numpy,22.5
numpy-numpy,120.4
numpy-numpy,0.65
numpy-numpy,0.75
numpy-numpy,3.83
numpy-numpy,1280.31
numpy-numpy,1280.95
numpy-numpy,0.55
numpy-numpy,269.84
numpy-numpy,31.25
numpy-numpy,452.6
numpy-numpy,1318.31
numpy-numpy,25.73
numpy-numpy,0.54
numpy-numpy,828.15
numpy-numpy,1.51
numpy-numpy,1.7
numpy-numpy,56.47
numpy-numpy,61.31
numpy-numpy,1.49
numpy-numpy,3.55
numpy-numpy,740.81
numpy-numpy,265.82
numpy-numpy,581.44
numpy-numpy,998.81
numpy-numpy,270.05
numpy-numpy,0.94
numpy-numpy,3.37
numpy-numpy,27.62
numpy-numpy,6.08
numpy-numpy,1.37
numpy-numpy,27.32
numpy-numpy,337.85
numpy-numpy,42.35
numpy-numpy,189.55
numpy-numpy,958.14
numpy-numpy,0.46
numpy-numpy,46.32
numpy-numpy,41.91
numpy-numpy,0.57
numpy-numpy,13.89
numpy-numpy,357.48
numpy-numpy,50.48
numpy-numpy,0.11
numpy-numpy,2.02
numpy-numpy,0.74
numpy-numpy,0.2
numpy-numpy,1956.5
numpy-numpy,28.46
numpy-numpy,5.42
numpy-numpy,33.44
numpy-numpy,998.28
numpy-numpy,1811.23
numpy-numpy,1.43
numpy-numpy,0.95
numpy-numpy,1.16
numpy-numpy,0.37
numpy-numpy,0.69
numpy-numpy,137.94
numpy-numpy,0.27
numpy-numpy,0.53
numpy-numpy,25.45
numpy-numpy,66.79
numpy-numpy,0.68
numpy-numpy,1.47
numpy-numpy,2.35
numpy-numpy,5.86
numpy-numpy,54.68
numpy-numpy,1.44
numpy-numpy,2.32
numpy-numpy,108.31
numpy-numpy,0.71
numpy-numpy,92.34
numpy-numpy,0.16
numpy-numpy,0.3
numpy-numpy,0.59
numpy-numpy,138.48
numpy-numpy,1652.99
numpy-numpy,0.47
numpy-numpy,0.1
numpy-numpy,0.51
numpy-numpy,499.47
numpy-numpy,1.33
numpy-numpy,936.96
numpy-numpy,10.26
numpy-numpy,257.62
numpy-numpy,1.68
numpy-numpy,27.04
numpy-numpy,0.84
numpy-numpy,59.34
numpy-numpy,42.45
numpy-numpy,22.74
numpy-numpy,69.98
numpy-numpy,69.92
numpy-numpy,48.04
numpy-numpy,312.74
numpy-numpy,2.08
numpy-numpy,0.81
numpy-numpy,27.66
numpy-numpy,1.86
numpy-numpy,12.73
numpy-numpy,101.83
numpy-numpy,493.9
numpy-numpy,135.27
numpy-numpy,5.9
numpy-numpy,3.99
numpy-numpy,31.05
numpy-numpy,860.95
numpy-numpy,0.54
numpy-numpy,14.79
numpy-numpy,3755.35
numpy-numpy,80.88
numpy-numpy,1.6
numpy-numpy,185.86
numpy-numpy,0.32
numpy-numpy,0.69
numpy-numpy,23.86
numpy-numpy,2059.89
numpy-numpy,0.48
numpy-numpy,5.32
numpy-numpy,5.35
numpy-numpy,20.91
numpy-numpy,4093.5
numpy-numpy,1.59
numpy-numpy,28.0
numpy-numpy,24.46
numpy-numpy,5.17
numpy-numpy,3.97
numpy-numpy,0.5
numpy-numpy,6.05
numpy-numpy,17.57
numpy-numpy,1.8
numpy-numpy,1.86
numpy-numpy,2.31
numpy-numpy,2.51
numpy-numpy,4559.02
numpy-numpy,0.5
numpy-numpy,61.4
numpy-numpy,26.18
numpy-numpy,90.11
numpy-numpy,0.66
numpy-numpy,4.29
numpy-numpy,43.69
numpy-numpy,1.02
numpy-numpy,0.05
numpy-numpy,0.07
numpy-numpy,1.02
numpy-numpy,64.42
numpy-numpy,18.96
numpy-numpy,71.76
numpy-numpy,122.68
numpy-numpy,59.5
numpy-numpy,83.91
numpy-numpy,598.01
numpy-numpy,1123.1
numpy-numpy,165.75
numpy-numpy,1.1
numpy-numpy,3.31
numpy-numpy,11.4
numpy-numpy,4.17
numpy-numpy,0.68
numpy-numpy,19.52
numpy-numpy,35.51
numpy-numpy,77.34
numpy-numpy,2661.22
numpy-numpy,1.49
numpy-numpy,688.88
numpy-numpy,6.52
numpy-numpy,43.78
numpy-numpy,2.22
numpy-numpy,12.08
numpy-numpy,12.22
numpy-numpy,0.91
numpy-numpy,1.62
numpy-numpy,1.08
numpy-numpy,0.37
numpy-numpy,2.91
numpy-numpy,24.53
numpy-numpy,2.99
numpy-numpy,30.63
numpy-numpy,65.62
numpy-numpy,0.05
numpy-numpy,1.62
numpy-numpy,0.96
numpy-numpy,1.14
numpy-numpy,2.42
numpy-numpy,504.42
numpy-numpy,3.03
numpy-numpy,3.85
numpy-numpy,1.69
numpy-numpy,6.18
numpy-numpy,4.66
numpy-numpy,219.74
numpy-numpy,2.52
numpy-numpy,18.89
numpy-numpy,19.04
numpy-numpy,20.15
numpy-numpy,16.91
numpy-numpy,19.96
numpy-numpy,31.71
numpy-numpy,268.53
numpy-numpy,11.33
numpy-numpy,11.6
numpy-numpy,202.3
numpy-numpy,407.82
numpy-numpy,160.18
numpy-numpy,3.84
numpy-numpy,3.97
numpy-numpy,40.66
numpy-numpy,1.54
numpy-numpy,25.46
numpy-numpy,63.73
numpy-numpy,0.86
numpy-numpy,21.02
numpy-numpy,0.31
numpy-numpy,386.47
numpy-numpy,19.51
numpy-numpy,32.33
numpy-numpy,1.06
numpy-numpy,1.33
numpy-numpy,20.67
numpy-numpy,19.2
numpy-numpy,1.39
numpy-numpy,1.71
numpy-numpy,4.69
numpy-numpy,4.99
numpy-numpy,556.92
numpy-numpy,1.54
numpy-numpy,1.75
numpy-numpy,1236.88
numpy-numpy,1629.11
numpy-numpy,27.91
numpy-numpy,33.61
numpy-numpy,8.37
numpy-numpy,4.3
numpy-numpy,42.66
numpy-numpy,18.12
numpy-numpy,8.16
numpy-numpy,13.21
numpy-numpy,101.99
numpy-numpy,1.95
numpy-numpy,0.9
numpy-numpy,2.0
numpy-numpy,40.44
numpy-numpy,1.74
numpy-numpy,7663.62
numpy-numpy,41.86
numpy-numpy,998.26
numpy-numpy,62.92
numpy-numpy,1601.42
numpy-numpy,0.76
numpy-numpy,4.14
numpy-numpy,2.54
numpy-numpy,243.94
numpy-numpy,24.2
numpy-numpy,12.89
numpy-numpy,0.99
numpy-numpy,14.2
numpy-numpy,116.57
numpy-numpy,644.84
numpy-numpy,0.31
numpy-numpy,0.1
numpy-numpy,1005.93
numpy-numpy,22.12
numpy-numpy,6.62
numpy-numpy,17.06
numpy-numpy,0.96
numpy-numpy,1.84
numpy-numpy,2219.12
numpy-numpy,6.82
numpy-numpy,2.32
numpy-numpy,36.55
numpy-numpy,28.59
numpy-numpy,62.7
numpy-numpy,5.44
numpy-numpy,148.57
numpy-numpy,115.31
numpy-numpy,51.41
numpy-numpy,40.77
numpy-numpy,68.96
numpy-numpy,10086.15
numpy-numpy,30.22
numpy-numpy,1.45
numpy-numpy,1.48
numpy-numpy,2.22
numpy-numpy,89.31
numpy-numpy,405.33
numpy-numpy,48.78
numpy-numpy,950.54
numpy-numpy,3259.05
numpy-numpy,0.78
numpy-numpy,0.98
numpy-numpy,2.18
numpy-numpy,2.65
numpy-numpy,2.87
numpy-numpy,1.55
numpy-numpy,16.58
numpy-numpy,2.12
numpy-numpy,5121.61
numpy-numpy,106.38
numpy-numpy,17.06
numpy-numpy,142.73
numpy-numpy,0.96
numpy-numpy,0.44
numpy-numpy,9.36
numpy-numpy,1.34
numpy-numpy,1.38
numpy-numpy,1.11
numpy-numpy,30.22
numpy-numpy,18.09
numpy-numpy,19.64
numpy-numpy,2.37
numpy-numpy,139.38
numpy-numpy,20.72
numpy-numpy,5.42
numpy-numpy,6.08
numpy-numpy,27.79
numpy-numpy,16.82
numpy-numpy,77.35
numpy-numpy,15.76
numpy-numpy,1490.17
numpy-numpy,70.09
numpy-numpy,0.81
numpy-numpy,93.44
numpy-numpy,0.62
numpy-numpy,0.33
numpy-numpy,1.01
numpy-numpy,22.27
numpy-numpy,9771.85
numpy-numpy,0.53
numpy-numpy,2.01
numpy-numpy,0.12
numpy-numpy,359.13
numpy-numpy,17.42
numpy-numpy,0.78
numpy-numpy,9.62
numpy-numpy,6110.97
numpy-numpy,133.91
numpy-numpy,11.26
numpy-numpy,12.54
numpy-numpy,15.91
numpy-numpy,15.22
numpy-numpy,0.58
numpy-numpy,0.87
numpy-numpy,0.1
numpy-numpy,0.28
numpy-numpy,24.03
numpy-numpy,1.77
numpy-numpy,0.58
numpy-numpy,0.71
numpy-numpy,0.6
numpy-numpy,17.79
numpy-numpy,191.77
numpy-numpy,15.35
numpy-numpy,25.82
numpy-numpy,1.49
numpy-numpy,1.51
numpy-numpy,1.18
numpy-numpy,239.08
numpy-numpy,25.74
numpy-numpy,1.07
numpy-numpy,0.79
numpy-numpy,47.5
numpy-numpy,74.33
numpy-numpy,8.23
numpy-numpy,38.36
numpy-numpy,2233.2
numpy-numpy,0.32
numpy-numpy,0.96
numpy-numpy,123.4
numpy-numpy,122.46
numpy-numpy,3.37
numpy-numpy,16.52
numpy-numpy,14.65
numpy-numpy,1156.86
numpy-numpy,19.35
numpy-numpy,161.22
numpy-numpy,1.4
numpy-numpy,218.49
numpy-numpy,982.85
numpy-numpy,4831.6
numpy-numpy,0.74
numpy-numpy,0.76
numpy-numpy,0.83
numpy-numpy,117.85
numpy-numpy,106.1
numpy-numpy,1418.84
numpy-numpy,1.06
numpy-numpy,44.59
numpy-numpy,5.23
numpy-numpy,1106.21
numpy-numpy,719.14
numpy-numpy,232.73
numpy-numpy,1298.5
numpy-numpy,0.56
numpy-numpy,0.5
numpy-numpy,1.67
numpy-numpy,1.39
numpy-numpy,12636.78
numpy-numpy,0.04
numpy-numpy,29.11
numpy-numpy,0.44
numpy-numpy,2.86
numpy-numpy,0.37
numpy-numpy,24.4
numpy-numpy,944.63
numpy-numpy,30.23
numpy-numpy,36.08
numpy-numpy,0.48
numpy-numpy,0.18
numpy-numpy,46.6
numpy-numpy,5.99
numpy-numpy,87.65
numpy-numpy,1883.3
numpy-numpy,1.14
numpy-numpy,0.49
numpy-numpy,0.56
numpy-numpy,12.95
numpy-numpy,14.31
numpy-numpy,45.61
numpy-numpy,49.13
numpy-numpy,0.48
numpy-numpy,0.05
numpy-numpy,4.84
numpy-numpy,4.86
numpy-numpy,0.67
numpy-numpy,0.5
numpy-numpy,0.36
numpy-numpy,1.43
numpy-numpy,24.17
numpy-numpy,8362.44
numpy-numpy,21.05
numpy-numpy,21.45
numpy-numpy,88.81
numpy-numpy,28.27
numpy-numpy,0.43
numpy-numpy,45.91
numpy-numpy,1.89
numpy-numpy,0.55
numpy-numpy,0.44
numpy-numpy,0.4
numpy-numpy,1.63
numpy-numpy,4.35
numpy-numpy,4.44
numpy-numpy,50.35
numpy-numpy,44.34
numpy-numpy,186.8
numpy-numpy,10.16
numpy-numpy,462.2
numpy-numpy,830.38
numpy-numpy,831.39
numpy-numpy,3466.92
numpy-numpy,1.29
numpy-numpy,14086.24
numpy-numpy,1.95
numpy-numpy,19.33
numpy-numpy,656.0
numpy-numpy,113.56
numpy-numpy,3396.55
numpy-numpy,142.81
numpy-numpy,26.44
numpy-numpy,359.45
numpy-numpy,4099.9
numpy-numpy,94.42
numpy-numpy,2.05
numpy-numpy,52.1
numpy-numpy,369.49
numpy-numpy,1858.59
numpy-numpy,4349.46
numpy-numpy,0.48
numpy-numpy,4.59
numpy-numpy,0.47
numpy-numpy,0.53
numpy-numpy,95.28
numpy-numpy,7684.7
numpy-numpy,38.49
numpy-numpy,11.98
numpy-numpy,129.13
numpy-numpy,11.12
numpy-numpy,4671.1
numpy-numpy,125.64
numpy-numpy,100.66
numpy-numpy,340.32
numpy-numpy,5996.7
numpy-numpy,121.53
numpy-numpy,326.01
numpy-numpy,350.13
numpy-numpy,5.05
numpy-numpy,3388.66
numpy-numpy,3074.94
numpy-numpy,3719.61
numpy-numpy,551.18
numpy-numpy,30.0
numpy-numpy,22.62
numpy-numpy,1.94
numpy-numpy,23.14
numpy-numpy,1.29
numpy-numpy,16296.86
numpy-numpy,0.43
numpy-numpy,0.23
numpy-numpy,76.47
numpy-numpy,4967.71
numpy-numpy,11.28
numpy-numpy,182.45
numpy-numpy,10.99
numpy-numpy,16.0
numpy-numpy,295.6
numpy-numpy,19.43
numpy-numpy,1.17
numpy-numpy,13043.79
numpy-numpy,94.82
numpy-numpy,329.7
numpy-numpy,408.14
numpy-numpy,1773.35
numpy-numpy,17513.5
numpy-numpy,1825.31
numpy-numpy,13.41
numpy-numpy,19.32
numpy-numpy,4.48
numpy-numpy,2019.04
numpy-numpy,44.53
numpy-numpy,23.35
numpy-numpy,48.08
numpy-numpy,0.37
numpy-numpy,25.24
numpy-numpy,306.24
numpy-numpy,237.64
numpy-numpy,6.51
numpy-numpy,1112.23
numpy-numpy,0.72
numpy-numpy,13911.57
numpy-numpy,0.22
numpy-numpy,9.61
numpy-numpy,2.0
numpy-numpy,0.89
numpy-numpy,2425.62
numpy-numpy,25.2
numpy-numpy,17.16
numpy-numpy,42.94
numpy-numpy,50.66
numpy-numpy,7793.48
numpy-numpy,150.57
numpy-numpy,18.81
numpy-numpy,8681.89
numpy-numpy,113.02
numpy-numpy,179.54
numpy-numpy,3508.35
numpy-numpy,3960.61
numpy-numpy,1.88
numpy-numpy,8.47
numpy-numpy,22660.39
numpy-numpy,43.16
numpy-numpy,0.05
numpy-numpy,6.69
numpy-numpy,23133.99
numpy-numpy,4.74
numpy-numpy,15141.45
numpy-numpy,2.89
numpy-numpy,11874.36
numpy-numpy,1.83
numpy-numpy,45.6
numpy-numpy,6132.63
numpy-numpy,14.02
numpy-numpy,0.42
numpy-numpy,13.1
numpy-numpy,1228.41
numpy-numpy,101.91
numpy-numpy,161.6
numpy-numpy,11.47
numpy-numpy,18.65
numpy-numpy,3475.57
numpy-numpy,13.25
numpy-numpy,31.93
numpy-numpy,1589.28
numpy-numpy,122.26
numpy-numpy,8604.95
numpy-numpy,6913.23
numpy-numpy,850.6
numpy-numpy,217.72
numpy-numpy,122.74
numpy-numpy,15.6
numpy-numpy,0.34
numpy-numpy,13079.98
numpy-numpy,106.57
numpy-numpy,221.36
numpy-numpy,211.53
numpy-numpy,0.48
numpy-numpy,886.02
numpy-numpy,1.93
numpy-numpy,246.95
numpy-numpy,348.9
numpy-numpy,1.56
numpy-numpy,244.0
numpy-numpy,897.09
numpy-numpy,848.07
numpy-numpy,49.02
numpy-numpy,1942.38
numpy-numpy,8940.03
numpy-numpy,96.56
numpy-numpy,1.81
numpy-numpy,1.46
numpy-numpy,10996.38
numpy-numpy,3244.24
numpy-numpy,2881.87
numpy-numpy,22797.98
numpy-numpy,9699.35
numpy-numpy,11098.65
numpy-numpy,4.99
numpy-numpy,3275.3
numpy-numpy,3700.98
numpy-numpy,3370.62
numpy-numpy,0.29
numpy-numpy,16.17
numpy-numpy,3823.54
numpy-numpy,55.2
numpy-numpy,7565.63
numpy-numpy,20.94
numpy-numpy,16039.89
numpy-numpy,22225.94
numpy-numpy,17128.22
numpy-numpy,0.17
numpy-numpy,1.11
numpy-numpy,10249.35
numpy-numpy,23116.64
numpy-numpy,4044.21
numpy-numpy,1878.73
numpy-numpy,6755.97
numpy-numpy,7216.34
numpy-numpy,7208.28
numpy-numpy,21759.74
numpy-numpy,2217.16
numpy-numpy,7477.42
numpy-numpy,7478.39
numpy-numpy,22377.53
numpy-numpy,1171.59
numpy-numpy,0.17
numpy-numpy,7941.77
numpy-numpy,7793.76
numpy-numpy,7952.24
numpy-numpy,16777.76
numpy-numpy,17245.47
numpy-numpy,455.01
numpy-numpy,9647.16
numpy-numpy,19210.57
numpy-numpy,10062.79
numpy-numpy,9934.48
numpy-numpy,3602.86
numpy-numpy,10661.18
numpy-numpy,10581.25
numpy-numpy,31.09
numpy-numpy,0.68
numpy-numpy,723.0
numpy-numpy,7939.74
numpy-numpy,7541.35
numpy-numpy,2.06
numpy-numpy,2576.16
numpy-numpy,2253.15
numpy-numpy,11753.5
numpy-numpy,11753.23
numpy-numpy,2.08
numpy-numpy,8451.81
numpy-numpy,11839.42
numpy-numpy,1326.67
numpy-numpy,8897.3
numpy-numpy,16880.85
numpy-numpy,11611.57
numpy-numpy,11743.86
numpy-numpy,11616.23
numpy-numpy,11744.82
numpy-numpy,29533.86
numpy-numpy,12077.15
numpy-numpy,8812.96
numpy-numpy,4414.09
numpy-numpy,76.23
numpy-numpy,11742.42
numpy-numpy,9875.8
numpy-numpy,9875.61
numpy-numpy,5832.94
numpy-numpy,11742.18
numpy-numpy,11742.08
numpy-numpy,4889.22
numpy-numpy,31722.3
numpy-numpy,37870.69
numpy-numpy,3853.97
numpy-numpy,9356.03
numpy-numpy,25756.23
numpy-numpy,5739.27
numpy-numpy,8505.38
numpy-numpy,11739.08
numpy-numpy,1199.87
numpy-numpy,4842.25
numpy-numpy,11644.66
numpy-numpy,3970.29
numpy-numpy,3070.56
numpy-numpy,11738.36
numpy-numpy,8897.85
numpy-numpy,13356.28
numpy-numpy,5178.82
numpy-numpy,11738.16
numpy-numpy,5762.19
numpy-numpy,11737.63
numpy-numpy,29012.44
numpy-numpy,5761.99
numpy-numpy,4091.51
numpy-numpy,11496.78
numpy-numpy,11735.84
numpy-numpy,11735.77
numpy-numpy,11735.66
numpy-numpy,6140.63
numpy-numpy,2835.91
numpy-numpy,1198.51
numpy-numpy,11878.93
numpy-numpy,11713.16
numpy-numpy,2790.14
numpy-numpy,11712.67
numpy-numpy,11673.99
numpy-numpy,5739.8
numpy-numpy,11711.85
numpy-numpy,11711.74
numpy-numpy,4593.58
numpy-numpy,9011.42
numpy-numpy,11672.37
numpy-numpy,11710.62
numpy-numpy,12269.72
numpy-numpy,11709.88
numpy-numpy,11643.47
numpy-numpy,11709.22
numpy-numpy,12005.72
numpy-numpy,11873.48
numpy-numpy,11732.73
numpy-numpy,11710.24
numpy-numpy,11708.99
numpy-numpy,11642.15
numpy-numpy,11621.89
numpy-numpy,29281.63
numpy-numpy,25684.45
numpy-numpy,8271.28
numpy-numpy,10013.49
numpy-numpy,5734.87
numpy-numpy,8275.88
numpy-numpy,11708.23
numpy-numpy,76.43
numpy-numpy,9289.0
numpy-numpy,25912.88
numpy-numpy,76.44
numpy-numpy,11712.64
numpy-numpy,9356.35
numpy-numpy,11707.67
numpy-numpy,12094.73
numpy-numpy,25986.85
numpy-numpy,7552.74
numpy-numpy,11706.71
numpy-numpy,11706.58
numpy-numpy,10.36
numpy-numpy,7662.81
numpy-numpy,30117.66
numpy-numpy,2791.78
numpy-numpy,399.44
numpy-numpy,11707.97
numpy-numpy,11707.23
numpy-numpy,23412.95
numpy-numpy,2791.05
numpy-numpy,1890.68
numpy-numpy,2394.15
numpy-numpy,11698.4
numpy-numpy,22429.83
numpy-numpy,26686.87
numpy-numpy,11645.8
numpy-numpy,9867.64
numpy-numpy,5739.87
numpy-numpy,9867.34
numpy-numpy,77.69
numpy-numpy,18728.09
numpy-numpy,11692.58
numpy-numpy,13609.06
numpy-numpy,11692.33
numpy-numpy,11692.1
numpy-numpy,11716.9
numpy-numpy,4747.86
numpy-numpy,2697.85
numpy-numpy,11754.96
numpy-numpy,7554.33
numpy-numpy,34023.77
numpy-numpy,9686.48
numpy-numpy,28351.97
numpy-numpy,11691.62
numpy-numpy,9881.29
numpy-numpy,11741.51
numpy-numpy,11620.95
numpy-numpy,36895.63
numpy-numpy,4989.33
numpy-numpy,2791.26
numpy-numpy,7554.66
numpy-numpy,77.9
numpy-numpy,2945.18
numpy-numpy,29346.8
numpy-numpy,11686.32
numpy-numpy,19798.88
numpy-numpy,77.95
numpy-numpy,11684.99
numpy-numpy,11685.21
numpy-numpy,6303.07
numpy-numpy,66.49
numpy-numpy,11684.46
numpy-numpy,11684.39
numpy-numpy,11499.68
numpy-numpy,11685.2
numpy-numpy,11886.21
numpy-numpy,4752.55
numpy-numpy,4752.62
numpy-numpy,11684.1
numpy-numpy,67.52
numpy-numpy,79.75
numpy-numpy,11649.23
numpy-numpy,16197.04
numpy-numpy,4994.6
numpy-numpy,11674.25
numpy-numpy,7549.4
numpy-numpy,11835.94
numpy-numpy,10802.35
numpy-numpy,11684.8
numpy-numpy,12730.82
numpy-numpy,59.51
numpy-numpy,20585.36
numpy-numpy,584.2
numpy-numpy,11619.18
numpy-numpy,11606.22
numpy-numpy,5769.33
numpy-numpy,11678.51
numpy-numpy,83.61
numpy-numpy,8278.33
numpy-numpy,8820.64
numpy-numpy,14532.75
numpy-numpy,11645.26
numpy-numpy,5769.32
numpy-numpy,2262.79
numpy-numpy,83.62
numpy-numpy,11880.6
numpy-numpy,11631.26
numpy-numpy,4896.68
numpy-numpy,83.62
numpy-numpy,11594.09
numpy-numpy,8691.77
numpy-numpy,7115.95
numpy-numpy,9868.01
numpy-numpy,7946.14
numpy-numpy,11645.89
numpy-numpy,7666.49
numpy-numpy,11659.83
numpy-numpy,8094.26
numpy-numpy,11613.07
numpy-numpy,1419.46
numpy-numpy,4204.78
numpy-numpy,5769.51
numpy-numpy,83.63
numpy-numpy,1662.5
numpy-numpy,1855.99
numpy-numpy,3571.55
numpy-numpy,11667.92
numpy-numpy,26173.55
numpy-numpy,13874.12
numpy-numpy,13289.09
numpy-numpy,21918.67
numpy-numpy,3307.3
radare-radare2,130.0
radare-radare2,98.01
radare-radare2,33.06
radare-radare2,15.81
radare-radare2,0.72
radare-radare2,29.8
radare-radare2,165.27
radare-radare2,348.46
radare-radare2,91.62
radare-radare2,101.62
radare-radare2,16.08
radare-radare2,2.22
radare-radare2,54.97
radare-radare2,12.99
radare-radare2,1.75
radare-radare2,6.99
radare-radare2,6.2
radare-radare2,24.07
radare-radare2,23.79
radare-radare2,47.63
radare-radare2,138.99
radare-radare2,50.06
radare-radare2,166.97
radare-radare2,162.67
radare-radare2,9.18
radare-radare2,3.51
radare-radare2,46.52
radare-radare2,1.6
radare-radare2,1.72
radare-radare2,83.13
radare-radare2,2.03
radare-radare2,144.9
radare-radare2,21.05
radare-radare2,72.52
radare-radare2,1.63
radare-radare2,21.03
radare-radare2,1.17
radare-radare2,915.7
radare-radare2,915.37
radare-radare2,141.86
radare-radare2,859.4
radare-radare2,14.03
radare-radare2,126.82
radare-radare2,202.35
radare-radare2,22.6
radare-radare2,224.3
radare-radare2,3.29
radare-radare2,1.62
radare-radare2,101.05
radare-radare2,3.88
radare-radare2,386.76
radare-radare2,644.47
radare-radare2,1.56
radare-radare2,37.86
radare-radare2,89.25
radare-radare2,15.93
radare-radare2,34.09
radare-radare2,90.56
radare-radare2,3.05
radare-radare2,1.82
radare-radare2,1.23
radare-radare2,91.87
radare-radare2,11.88
radare-radare2,1.17
radare-radare2,12.78
radare-radare2,118.1
radare-radare2,50.13
radare-radare2,92.91
radare-radare2,0.26
radare-radare2,1.12
radare-radare2,214.91
radare-radare2,60.69
radare-radare2,2712.73
radare-radare2,121.88
radare-radare2,227.56
radare-radare2,226.72
radare-radare2,9.9
radare-radare2,7.95
radare-radare2,0.11
radare-radare2,0.61
radare-radare2,36.11
radare-radare2,448.49
radare-radare2,1252.36
radare-radare2,22.85
radare-radare2,22.02
radare-radare2,125.41
radare-radare2,553.58
radare-radare2,38.9
radare-radare2,0.19
radare-radare2,263.19
radare-radare2,1595.24
radare-radare2,32.75
radare-radare2,13.16
radare-radare2,9.38
radare-radare2,15.27
radare-radare2,2.35
radare-radare2,1.76
radare-radare2,112.52
radare-radare2,3.97
radare-radare2,183.69
radare-radare2,1807.41
radare-radare2,33.15
radare-radare2,1.66
radare-radare2,0.93
radare-radare2,48.53
radare-radare2,329.47
radare-radare2,0.77
radare-radare2,194.01
radare-radare2,1220.52
radare-radare2,118.2
radare-radare2,4469.7
radare-radare2,1293.86
radare-radare2,535.86
radare-radare2,0.42
radare-radare2,128.86
radare-radare2,281.49
radare-radare2,419.01
radare-radare2,270.92
radare-radare2,0.09
radare-radare2,7.14
radare-radare2,63.67
radare-radare2,3582.81
radare-radare2,16.57
radare-radare2,44.88
radare-radare2,62.63
radare-radare2,103.34
radare-radare2,7.91
radare-radare2,4.31
radare-radare2,18.99
radare-radare2,863.55
radare-radare2,1026.74
radare-radare2,320.9
radare-radare2,3.67
radare-radare2,2.09
radare-radare2,2.36
radare-radare2,22.9
radare-radare2,4.65
radare-radare2,2202.68
radare-radare2,34.07
radare-radare2,2634.45
radare-radare2,67.17
radare-radare2,0.18
radare-radare2,5666.58
radare-radare2,0.09
radare-radare2,398.8
radare-radare2,18.39
radare-radare2,49.97
radare-radare2,46.78
radare-radare2,202.26
radare-radare2,225.85
radare-radare2,2200.7
radare-radare2,2162.47
radare-radare2,2.99
radare-radare2,231.48
radare-radare2,1470.98
radare-radare2,34.29
radare-radare2,21.09
radare-radare2,4.19
radare-radare2,95.11
radare-radare2,2223.39
radare-radare2,3866.97
radare-radare2,200.2
radare-radare2,428.25
radare-radare2,1092.15
radare-radare2,15.49
radare-radare2,3186.48
radare-radare2,650.76
radare-radare2,0.42
radare-radare2,3230.87
radare-radare2,203.43
radare-radare2,64.4
radare-radare2,787.6
radare-radare2,3367.01
radare-radare2,823.49
radare-radare2,44.88
radare-radare2,228.87
radare-radare2,131.69
radare-radare2,177.85
radare-radare2,2.13
radare-radare2,169.89
radare-radare2,120.28
radare-radare2,106.77
radare-radare2,31.16
radare-radare2,13.31
radare-radare2,97.14
radare-radare2,2833.68
radare-radare2,3353.69
radare-radare2,211.2
radare-radare2,194.8
radare-radare2,66.75
radare-radare2,45.98
radare-radare2,6126.66
radare-radare2,1288.65
radare-radare2,0.87
radare-radare2,111.96
radare-radare2,17.48
radare-radare2,189.0
radare-radare2,92.68
radare-radare2,0.22
radare-radare2,206.61
radare-radare2,5.29
radare-radare2,185.08
radare-radare2,0.18
radare-radare2,196.63
radare-radare2,36.69
radare-radare2,867.92
radare-radare2,1842.8
radare-radare2,984.06
radare-radare2,3793.51
radare-radare2,1337.04
radare-radare2,5283.85
radare-radare2,31.0
radare-radare2,9502.41
radare-radare2,16.01
radare-radare2,118.5
radare-radare2,90.58
radare-radare2,8.95
radare-radare2,1688.07
radare-radare2,87.25
radare-radare2,5.21
radare-radare2,119.62
radare-radare2,93.76
radare-radare2,2.46
radare-radare2,17.08
radare-radare2,131.53
radare-radare2,5683.57
radare-radare2,7.72
radare-radare2,16.59
radare-radare2,190.07
radare-radare2,29.32
radare-radare2,1.44
radare-radare2,561.05
radare-radare2,1161.03
radare-radare2,9.75
radare-radare2,3.23
radare-radare2,54.9
radare-radare2,788.07
radare-radare2,0.71
radare-radare2,44.82
radare-radare2,105.02
radare-radare2,0.87
radare-radare2,68.33
radare-radare2,568.31
radare-radare2,72.62
radare-radare2,287.7
radare-radare2,371.36
radare-radare2,2252.75
radare-radare2,695.56
radare-radare2,2212.12
radare-radare2,1178.24
radare-radare2,203.4
radare-radare2,2842.99
radare-radare2,22.06
radare-radare2,20.7
radare-radare2,3.92
radare-radare2,1630.86
radare-radare2,44.2
radare-radare2,118.34
radare-radare2,5087.6
radare-radare2,0.96
radare-radare2,18.95
radare-radare2,12.12
radare-radare2,13.71
radare-radare2,278.01
radare-radare2,0.74
radare-radare2,5.55
radare-radare2,54.62
radare-radare2,11.42
radare-radare2,206.01
radare-radare2,287.44
radare-radare2,770.39
radare-radare2,11069.38
radare-radare2,2653.07
radare-radare2,228.8
radare-radare2,246.78
radare-radare2,601.95
radare-radare2,1824.55
radare-radare2,304.92
radare-radare2,30.47
radare-radare2,8219.39
radare-radare2,1020.26
radare-radare2,0.56
radare-radare2,96.07
radare-radare2,3.98
radare-radare2,966.44
radare-radare2,8414.23
radare-radare2,8.79
radare-radare2,4.38
radare-radare2,183.54
radare-radare2,172.83
radare-radare2,127.76
radare-radare2,1.34
radare-radare2,45.08
radare-radare2,138.5
radare-radare2,40.88
radare-radare2,42.87
radare-radare2,10.23
radare-radare2,288.58
radare-radare2,56.16
radare-radare2,6.44
radare-radare2,168.17
radare-radare2,10893.37
radare-radare2,8.54
radare-radare2,0.33
radare-radare2,282.7
radare-radare2,12017.06
radare-radare2,0.19
radare-radare2,13067.47
radare-radare2,72.32
radare-radare2,0.42
radare-radare2,89.51
radare-radare2,4260.54
radare-radare2,77.51
radare-radare2,261.5
radare-radare2,8632.8
radare-radare2,234.14
radare-radare2,5.49
radare-radare2,64.67
radare-radare2,429.33
radare-radare2,175.05
radare-radare2,0.09
radare-radare2,11692.13
radare-radare2,1.81
radare-radare2,107.31
radare-radare2,10.48
radare-radare2,0.37
radare-radare2,20.56
radare-radare2,34.71
radare-radare2,16.36
radare-radare2,61.38
radare-radare2,60.39
radare-radare2,51.89
radare-radare2,12384.28
radare-radare2,141.03
radare-radare2,144.79
radare-radare2,23.12
radare-radare2,185.16
radare-radare2,0.91
radare-radare2,12925.95
radare-radare2,3359.41
radare-radare2,10876.15
radare-radare2,41.53
radare-radare2,222.72
radare-radare2,0.19
radare-radare2,5229.52
radare-radare2,298.69
radare-radare2,10.08
radare-radare2,0.69
radare-radare2,0.31
radare-radare2,20.7
radare-radare2,2144.35
radare-radare2,35.75
radare-radare2,2.76
radare-radare2,12.87
radare-radare2,93.52
radare-radare2,0.54
radare-radare2,1639.08
radare-radare2,10.03
radare-radare2,24.11
radare-radare2,29.04
radare-radare2,0.04
radare-radare2,4.49
radare-radare2,13783.29
radare-radare2,4536.34
radare-radare2,3.33
radare-radare2,0.1
radare-radare2,4.57
radare-radare2,27.21
radare-radare2,280.75
radare-radare2,77.1
radare-radare2,9.36
radare-radare2,20.22
radare-radare2,7.26
radare-radare2,2438.07
radare-radare2,275.91
radare-radare2,62.84
radare-radare2,319.54
radare-radare2,45.9
radare-radare2,13.23
radare-radare2,18.11
radare-radare2,23.1
radare-radare2,0.5
radare-radare2,661.22
radare-radare2,0.32
radare-radare2,15.83
radare-radare2,133.43
radare-radare2,4011.68
radare-radare2,10348.96
radare-radare2,1.36
radare-radare2,1993.39
radare-radare2,1108.95
radare-radare2,154.89
radare-radare2,6571.06
radare-radare2,112.69
radare-radare2,112.75
radare-radare2,2306.84
radare-radare2,83.91
radare-radare2,18.39
radare-radare2,3486.64
radare-radare2,0.1
radare-radare2,108.46
radare-radare2,3626.12
radare-radare2,174.88
radare-radare2,51.03
radare-radare2,0.47
radare-radare2,0.48
radare-radare2,9.82
radare-radare2,57.86
radare-radare2,454.53
radare-radare2,94.89
radare-radare2,99.75
radare-radare2,117.34
radare-radare2,1708.53
radare-radare2,0.16
radare-radare2,2715.99
radare-radare2,162.59
radare-radare2,156.12
radare-radare2,91.54
radare-radare2,12144.1
radare-radare2,8099.02
radare-radare2,1893.33
radare-radare2,3103.21
radare-radare2,17.9
radare-radare2,41.08
radare-radare2,122.06
radare-radare2,46.96
radare-radare2,46.99
radare-radare2,0.04
radare-radare2,2927.24
radare-radare2,2.12
radare-radare2,96.64
radare-radare2,18.47
radare-radare2,20.7
radare-radare2,5236.02
radare-radare2,113.09
radare-radare2,126.88
radare-radare2,156.62
radare-radare2,64.95
radare-radare2,16372.18
radare-radare2,3304.02
radare-radare2,35.47
radare-radare2,55.56
radare-radare2,3548.75
radare-radare2,4.67
radare-radare2,0.2
radare-radare2,6.8
radare-radare2,12369.69
radare-radare2,1005.62
radare-radare2,12409.85
radare-radare2,104.21
radare-radare2,1.3
radare-radare2,147.3
radare-radare2,17.93
radare-radare2,163.4
radare-radare2,134.12
radare-radare2,9723.83
radare-radare2,507.02
radare-radare2,19.05
radare-radare2,353.28
radare-radare2,6.66
radare-radare2,21.55
radare-radare2,101.83
radare-radare2,16151.66
radare-radare2,1.25
radare-radare2,15455.94
radare-radare2,3.95
radare-radare2,17.73
radare-radare2,65.11
radare-radare2,16.04
radare-radare2,1.91
radare-radare2,644.99
radare-radare2,2844.08
radare-radare2,9151.91
radare-radare2,10120.26
radare-radare2,13381.5
radare-radare2,13618.65
radare-radare2,13618.67
radare-radare2,13393.88
radare-radare2,13.25
radare-radare2,1.99
radare-radare2,43.55
radare-radare2,17.51
radare-radare2,0.27
radare-radare2,11991.9
radare-radare2,5.71
radare-radare2,838.5
radare-radare2,0.91
radare-radare2,1289.53
radare-radare2,854.5
radare-radare2,1289.78
radare-radare2,1.83
radare-radare2,409.66
radare-radare2,53.22
radare-radare2,212.3
radare-radare2,9.75
radare-radare2,145.21
radare-radare2,4846.71
radare-radare2,16.58
radare-radare2,9.29
radare-radare2,0.14
radare-radare2,4610.32
radare-radare2,14233.56
radare-radare2,118.92
radare-radare2,66.74
radare-radare2,0.32
radare-radare2,123.09
radare-radare2,160.42
radare-radare2,16504.88
radare-radare2,300.58
radare-radare2,0.22
radare-radare2,760.36
radare-radare2,1193.27
radare-radare2,7.44
radare-radare2,73.79
radare-radare2,7.3
radare-radare2,1.68
radare-radare2,12618.71
radare-radare2,18162.97
radare-radare2,10556.52
radare-radare2,259.6
radare-radare2,18.67
radare-radare2,474.99
radare-radare2,695.54
radare-radare2,10.56
radare-radare2,25.57
radare-radare2,94.58
radare-radare2,7.98
radare-radare2,161.43
radare-radare2,0.98
radare-radare2,20.58
radare-radare2,11.61
radare-radare2,2.9
radare-radare2,0.67
radare-radare2,2.71
radare-radare2,5.37
radare-radare2,25.08
radare-radare2,14.1
radare-radare2,1.0
radare-radare2,14778.29
radare-radare2,688.41
radare-radare2,1654.75
radare-radare2,246.82
radare-radare2,14944.87
radare-radare2,375.91
radare-radare2,3639.72
radare-radare2,93.17
radare-radare2,93.42
radare-radare2,24.35
radare-radare2,231.01
radare-radare2,165.67
radare-radare2,9232.1
radare-radare2,12.53
radare-radare2,0.36
radare-radare2,12.9
radare-radare2,235.07
radare-radare2,13149.26
radare-radare2,2215.58
radare-radare2,2824.08
radare-radare2,2434.7
radare-radare2,3.53
radare-radare2,21.8
radare-radare2,1904.6
radare-radare2,73.23
radare-radare2,47.44
radare-radare2,128.69
radare-radare2,8667.65
radare-radare2,200.3
radare-radare2,1.75
radare-radare2,19267.21
radare-radare2,122.26
radare-radare2,17.29
radare-radare2,383.69
radare-radare2,5.95
radare-radare2,90.12
radare-radare2,114.39
radare-radare2,507.42
radare-radare2,299.74
radare-radare2,28.63
radare-radare2,5.41
radare-radare2,83.15
radare-radare2,3322.03
radare-radare2,66.99
radare-radare2,18589.88
radare-radare2,0.68
radare-radare2,124.22
radare-radare2,158.0
radare-radare2,396.23
radare-radare2,13.11
radare-radare2,127.84
radare-radare2,423.84
radare-radare2,47.03
radare-radare2,431.62
radare-radare2,7660.14
radare-radare2,244.5
radare-radare2,767.09
radare-radare2,191.71
radare-radare2,14375.69
radare-radare2,11.98
radare-radare2,14.96
radare-radare2,968.34
radare-radare2,18.39
radare-radare2,41.05
radare-radare2,18903.62
radare-radare2,91.51
radare-radare2,15.6
radare-radare2,0.63
radare-radare2,3.87
radare-radare2,17.53
radare-radare2,1101.66
radare-radare2,2015.62
radare-radare2,454.95
radare-radare2,5180.75
radare-radare2,6645.56
radare-radare2,4685.16
radare-radare2,2.96
radare-radare2,144.02
radare-radare2,2.51
radare-radare2,21.99
radare-radare2,4872.54
radare-radare2,0.2
radare-radare2,2122.48
radare-radare2,6363.65
radare-radare2,5.04
radare-radare2,269.42
radare-radare2,20.61
radare-radare2,0.26
radare-radare2,18435.39
radare-radare2,9085.43
radare-radare2,10.73
radare-radare2,5.55
radare-radare2,2529.05
radare-radare2,832.25
radare-radare2,375.0
radare-radare2,24.32
radare-radare2,13.01
radare-radare2,117.09
radare-radare2,1.2
radare-radare2,48.17
radare-radare2,178.74
radare-radare2,1295.53
radare-radare2,9216.37
radare-radare2,223.76
radare-radare2,0.47
radare-radare2,0.37
radare-radare2,1367.42
radare-radare2,0.12
radare-radare2,0.05
radare-radare2,16542.97
radare-radare2,128.23
radare-radare2,23.38
radare-radare2,18.65
radare-radare2,27.9
radare-radare2,10.03
radare-radare2,121.23
radare-radare2,34.03
radare-radare2,57.06
radare-radare2,117.56
radare-radare2,2.75
radare-radare2,12949.25
radare-radare2,5441.81
radare-radare2,617.73
radare-radare2,91.27
radare-radare2,3.47
radare-radare2,181.09
radare-radare2,167.88
radare-radare2,29.92
radare-radare2,7.81
radare-radare2,84.48
radare-radare2,87.44
radare-radare2,1119.92
radare-radare2,14.96
radare-radare2,16176.16
radare-radare2,1.51
radare-radare2,4173.69
radare-radare2,23.91
radare-radare2,4.18
radare-radare2,55.06
radare-radare2,85.99
radare-radare2,19.88
radare-radare2,12.92
radare-radare2,126.91
radare-radare2,79.57
radare-radare2,413.31
radare-radare2,6.23
radare-radare2,168.52
radare-radare2,231.91
radare-radare2,465.63
radare-radare2,131.59
radare-radare2,2439.48
radare-radare2,22054.35
radare-radare2,9594.41
radare-radare2,0.21
radare-radare2,10.19
radare-radare2,22.67
radare-radare2,21.33
radare-radare2,6404.73
radare-radare2,94.53
radare-radare2,4010.12
radare-radare2,9483.92
radare-radare2,943.39
radare-radare2,167.68
radare-radare2,2.67
radare-radare2,48.59
radare-radare2,646.02
radare-radare2,526.03
radare-radare2,12.88
radare-radare2,91.18
radare-radare2,7.41
radare-radare2,76.72
radare-radare2,1892.43
radare-radare2,2371.15
radare-radare2,21827.85
radare-radare2,13.03
radare-radare2,287.44
radare-radare2,5.43
radare-radare2,964.62
radare-radare2,2.04
radare-radare2,632.28
radare-radare2,8.48
radare-radare2,2434.24
radare-radare2,3894.46
radare-radare2,3.31
radare-radare2,777.0
radare-radare2,9798.03
radare-radare2,78.08
radare-radare2,108.67
radare-radare2,840.45
radare-radare2,2104.35
radare-radare2,10473.21
radare-radare2,2432.74
radare-radare2,11.42
radare-radare2,7.66
radare-radare2,929.9
radare-radare2,222.42
radare-radare2,242.69
radare-radare2,3661.63
radare-radare2,26407.84
radare-radare2,4103.09
radare-radare2,203.24
radare-radare2,3099.9
radare-radare2,26456.69
radare-radare2,3.18
radare-radare2,1183.97
radare-radare2,4445.53
radare-radare2,16695.86
radare-radare2,33.67
radare-radare2,122.66
radare-radare2,0.43
radare-radare2,4881.09
radare-radare2,4400.35
radare-radare2,15.0
radare-radare2,1.07
radare-radare2,12.44
radare-radare2,10.23
radare-radare2,162.4
radare-radare2,370.55
radare-radare2,15.48
radare-radare2,243.68
radare-radare2,133.06
radare-radare2,2.64
radare-radare2,1.21
radare-radare2,12490.11
radare-radare2,2.28
radare-radare2,0.38
radare-radare2,180.6
radare-radare2,18.04
radare-radare2,458.98
radare-radare2,6354.41
radare-radare2,5823.79
radare-radare2,13747.88
radare-radare2,130.47
radare-radare2,14.48
radare-radare2,26.17
radare-radare2,32.1
radare-radare2,11.83
radare-radare2,15967.86
radare-radare2,17330.53
radare-radare2,25.74
radare-radare2,21.58
radare-radare2,3.72
radare-radare2,18.62
radare-radare2,21298.75
radare-radare2,1.49
radare-radare2,24177.21
radare-radare2,14.99
radare-radare2,309.45
radare-radare2,53.48
radare-radare2,10951.3
radare-radare2,6244.45
radare-radare2,492.03
radare-radare2,14253.35
radare-radare2,938.14
radare-radare2,938.98
radare-radare2,5.75
radare-radare2,14638.98
radare-radare2,5907.56
radare-radare2,1466.77
radare-radare2,0.07
radare-radare2,24683.41
radare-radare2,1904.43
radare-radare2,1031.27
radare-radare2,25.8
radare-radare2,599.95
radare-radare2,44.45
radare-radare2,2402.05
radare-radare2,7042.26
radare-radare2,8238.64
radare-radare2,1878.43
radare-radare2,1468.0
radare-radare2,25949.37
radare-radare2,2501.27
radare-radare2,120.39
radare-radare2,3186.0
radare-radare2,14745.73
radare-radare2,5814.91
radare-radare2,23133.09
radare-radare2,34526.94
radare-radare2,14225.36
alibaba-tengine,431.1
alibaba-tengine,67.84
alibaba-tengine,210.53
alibaba-tengine,147.19
alibaba-tengine,2.7
alibaba-tengine,14.38
alibaba-tengine,2.85
alibaba-tengine,138.36
alibaba-tengine,291.27
alibaba-tengine,261.6
alibaba-tengine,760.9
alibaba-tengine,0.28
alibaba-tengine,1.81
alibaba-tengine,71.44
alibaba-tengine,2319.79
libgit2-libgit2,1051.07
libgit2-libgit2,1.53
libgit2-libgit2,1.24
libgit2-libgit2,22.1
libgit2-libgit2,114.77
libgit2-libgit2,3.52
libgit2-libgit2,2.94
libgit2-libgit2,4062.35
libgit2-libgit2,1079.48
libgit2-libgit2,863.71
libgit2-libgit2,11042.8
libgit2-libgit2,1077.1
libgit2-libgit2,0.43
libgit2-libgit2,1984.82
libgit2-libgit2,330.37
libgit2-libgit2,4966.38
libgit2-libgit2,1.47
libgit2-libgit2,195.07
libgit2-libgit2,39.59
libgit2-libgit2,52.43
libgit2-libgit2,2.69
libgit2-libgit2,3498.0
libgit2-libgit2,454.5
libgit2-libgit2,30.48
libgit2-libgit2,0.43
libgit2-libgit2,145.67
libgit2-libgit2,23.89
libgit2-libgit2,158.41
libgit2-libgit2,842.78
libgit2-libgit2,4219.56
libgit2-libgit2,144.22
libgit2-libgit2,15.65
libgit2-libgit2,3.85
libgit2-libgit2,1.21
libgit2-libgit2,247.06
libgit2-libgit2,1724.25
libgit2-libgit2,4442.61
libgit2-libgit2,124.11
libgit2-libgit2,4.73
libgit2-libgit2,25.58
libgit2-libgit2,275.69
libgit2-libgit2,0.5
libgit2-libgit2,0.16
libgit2-libgit2,161.79
libgit2-libgit2,885.12
libgit2-libgit2,1.38
libgit2-libgit2,144.37
libgit2-libgit2,0.75
libgit2-libgit2,3563.7
libgit2-libgit2,262.99
libgit2-libgit2,81.94
libgit2-libgit2,372.57
libgit2-libgit2,0.1
libgit2-libgit2,17.75
libgit2-libgit2,1502.38
libgit2-libgit2,140.47
libgit2-libgit2,355.83
libgit2-libgit2,6.54
facebook-zstd,20.6
facebook-zstd,389.21
antirez-redis,0.25
antirez-redis,2307.27
antirez-redis,337.06
antirez-redis,388.81
antirez-redis,2164.33
antirez-redis,24.09
antirez-redis,55.14
antirez-redis,0.92
antirez-redis,0.58
antirez-redis,9334.42
antirez-redis,763.64
antirez-redis,6042.91
antirez-redis,1.73
antirez-redis,63.39
antirez-redis,145.9
antirez-redis,1526.63
antirez-redis,250.1
antirez-redis,1322.84
antirez-redis,489.69
antirez-redis,3886.45
antirez-redis,24.94
antirez-redis,0.68
antirez-redis,62.75
antirez-redis,50.97
antirez-redis,0.25
antirez-redis,1.73
antirez-redis,974.43
antirez-redis,4826.2
antirez-redis,9362.29
antirez-redis,147.7
antirez-redis,20649.86
antirez-redis,2015.46
antirez-redis,1.71
antirez-redis,9.73
antirez-redis,46.05
antirez-redis,228.92
antirez-redis,421.67
antirez-redis,3.18
antirez-redis,162.96
antirez-redis,366.34
antirez-redis,18218.7
antirez-redis,501.75
antirez-redis,17.27
antirez-redis,55.84
antirez-redis,268.95
antirez-redis,293.9
antirez-redis,61.03
antirez-redis,162.06
antirez-redis,781.93
antirez-redis,207.57
antirez-redis,2251.64
antirez-redis,766.13
antirez-redis,721.59
antirez-redis,1434.73
antirez-redis,21354.92
antirez-redis,5.6
antirez-redis,5.69
antirez-redis,2031.89
antirez-redis,20171.33
antirez-redis,1.16
antirez-redis,94.05
antirez-redis,86.45
antirez-redis,2329.35
antirez-redis,2.86
antirez-redis,1.63
antirez-redis,24.38
antirez-redis,5.98
antirez-redis,1804.88
antirez-redis,0.04
antirez-redis,1.35
antirez-redis,17.72
antirez-redis,1015.3
antirez-redis,138.87
antirez-redis,4251.06
antirez-redis,478.55
antirez-redis,6.89
antirez-redis,3025.87
antirez-redis,4055.76
antirez-redis,3897.32
antirez-redis,0.92
antirez-redis,0.19
bang590-JSPatch,217.49
php-php-src,12.99
php-php-src,0.96
php-php-src,6.97
php-php-src,53.7
php-php-src,23.61
php-php-src,142.72
php-php-src,319.17
php-php-src,142.51
php-php-src,48.76
php-php-src,366.0
php-php-src,5.97
php-php-src,11.55
php-php-src,137.24
php-php-src,20.9
php-php-src,116.31
php-php-src,3.1
php-php-src,19.17
php-php-src,42.42
php-php-src,13.87
php-php-src,37.17
php-php-src,8.06
php-php-src,8.54
php-php-src,0.3
php-php-src,7.85
php-php-src,0.72
php-php-src,264.92
php-php-src,158.77
php-php-src,9.38
php-php-src,20.77
php-php-src,1.38
php-php-src,109.19
php-php-src,179.26
php-php-src,10.06
php-php-src,0.4
php-php-src,2.81
php-php-src,1.0
php-php-src,42.2
php-php-src,810.54
php-php-src,1.31
php-php-src,2.6
php-php-src,3.71
php-php-src,445.69
php-php-src,2278.71
php-php-src,3.86
php-php-src,19.78
php-php-src,6.2
php-php-src,14.7
php-php-src,1.25
php-php-src,1342.77
php-php-src,1.14
php-php-src,33.39
php-php-src,5.67
php-php-src,5.41
php-php-src,67.4
php-php-src,278.71
php-php-src,568.84
php-php-src,50.17
php-php-src,92.23
php-php-src,25.68
php-php-src,0.12
php-php-src,8.7
php-php-src,1.24
php-php-src,142.1
php-php-src,1332.91
php-php-src,102.17
php-php-src,109.98
php-php-src,1442.53
php-php-src,588.03
php-php-src,171.07
php-php-src,1460.63
php-php-src,660.17
php-php-src,1901.21
php-php-src,116.86
php-php-src,3641.47
php-php-src,2285.63
php-php-src,2102.06
php-php-src,69.48
php-php-src,2.9
php-php-src,595.62
php-php-src,2692.03
php-php-src,808.11
php-php-src,895.57
php-php-src,3677.71
php-php-src,4543.49
php-php-src,47.36
php-php-src,4059.23
php-php-src,3584.87
php-php-src,273.98
php-php-src,61.28
php-php-src,3586.79
php-php-src,20.83
php-php-src,4.71
php-php-src,672.27
php-php-src,5125.43
php-php-src,889.02
php-php-src,5833.88
php-php-src,4958.93
php-php-src,16.56
php-php-src,38.61
php-php-src,86.65
php-php-src,10.22
php-php-src,770.1
php-php-src,172.42
php-php-src,1320.45
php-php-src,4126.44
php-php-src,3.19
php-php-src,263.93
php-php-src,7682.01
php-php-src,25.41
php-php-src,1340.06
php-php-src,8071.33
php-php-src,141.8
php-php-src,632.87
php-php-src,640.51
php-php-src,8319.58
php-php-src,207.26
php-php-src,66.32
php-php-src,880.55
php-php-src,79.64
php-php-src,55.58
php-php-src,7048.4
php-php-src,437.77
php-php-src,46.25
php-php-src,1471.96
php-php-src,206.08
php-php-src,121.89
php-php-src,8182.89
php-php-src,669.64
php-php-src,10934.96
php-php-src,1177.45
php-php-src,18.33
php-php-src,304.36
php-php-src,4.89
php-php-src,1344.49
php-php-src,1097.27
php-php-src,10628.55
php-php-src,10741.64
php-php-src,5796.97
php-php-src,147.41
php-php-src,215.92
php-php-src,72.74
php-php-src,216.15
php-php-src,533.07
php-php-src,542.02
php-php-src,224.46
php-php-src,1951.43
php-php-src,608.71
php-php-src,1870.52
php-php-src,463.24
php-php-src,80.17
php-php-src,5129.19
php-php-src,536.9
php-php-src,11744.7
php-php-src,236.48
php-php-src,27.38
php-php-src,4.97
php-php-src,12278.54
php-php-src,24.22
php-php-src,75.02
php-php-src,106.29
php-php-src,12701.21
php-php-src,13229.7
php-php-src,715.11
php-php-src,12748.08
php-php-src,5456.04
php-php-src,12957.64
php-php-src,404.75
php-php-src,1356.22
php-php-src,169.18
php-php-src,531.79
php-php-src,2558.57
php-php-src,5.05
php-php-src,333.29
php-php-src,305.34
php-php-src,92.58
php-php-src,240.05
php-php-src,78.78
php-php-src,21.41
php-php-src,251.07
php-php-src,57.19
php-php-src,436.59
php-php-src,130.78
php-php-src,104.91
php-php-src,168.85
php-php-src,84.16
php-php-src,10895.71
php-php-src,874.87
php-php-src,0.33
php-php-src,15440.94
php-php-src,955.56
php-php-src,953.06
php-php-src,163.66
php-php-src,656.41
php-php-src,21.65
php-php-src,1322.25
php-php-src,43.34
php-php-src,12128.52
php-php-src,258.73
php-php-src,13432.97
php-php-src,14929.35
php-php-src,73.54
php-php-src,108.04
php-php-src,3552.48
php-php-src,10550.64
php-php-src,14096.55
php-php-src,8932.5
php-php-src,104.58
php-php-src,8.19
php-php-src,126.0
php-php-src,7428.48
php-php-src,15575.94
php-php-src,11753.63
php-php-src,9.29
php-php-src,40.0
php-php-src,7627.75
php-php-src,106.56
php-php-src,3697.76
php-php-src,51.12
php-php-src,12096.69
php-php-src,399.49
php-php-src,402.09
php-php-src,447.62
php-php-src,817.11
php-php-src,817.43
php-php-src,16749.24
php-php-src,44.32
php-php-src,52.47
php-php-src,28.7
php-php-src,0.71
php-php-src,45.29
php-php-src,253.28
php-php-src,135.77
php-php-src,245.79
php-php-src,115.65
php-php-src,89.6
php-php-src,228.09
php-php-src,281.3
php-php-src,17195.06
php-php-src,34.01
php-php-src,822.03
php-php-src,461.62
php-php-src,541.61
php-php-src,34.44
php-php-src,47.64
php-php-src,17603.03
php-php-src,509.04
php-php-src,140.98
php-php-src,20.43
php-php-src,0.29
php-php-src,2.86
php-php-src,1314.96
php-php-src,19.1
php-php-src,19.42
php-php-src,121.16
php-php-src,129.35
php-php-src,89.16
php-php-src,683.64
php-php-src,2252.22
php-php-src,19673.33
php-php-src,13257.5
php-php-src,1163.75
php-php-src,1168.52
php-php-src,10.87
php-php-src,5724.68
php-php-src,834.41
php-php-src,858.87
php-php-src,1183.65
php-php-src,4966.33
php-php-src,2868.81
php-php-src,20593.75
php-php-src,0.19
php-php-src,549.29
php-php-src,550.97
php-php-src,20593.17
php-php-src,2130.14
php-php-src,67.67
php-php-src,5706.39
php-php-src,9021.98
php-php-src,3107.94
php-php-src,1401.88
php-php-src,185.51
php-php-src,612.74
php-php-src,5787.16
php-php-src,24345.62
php-php-src,24744.88
php-php-src,26887.74
php-php-src,7677.93
Bilibili-ijkplayer,25.67
Bilibili-ijkplayer,66.09
Bilibili-ijkplayer,89.58
Bilibili-ijkplayer,116.09
Bilibili-ijkplayer,402.78
Bilibili-ijkplayer,1043.65
Bilibili-ijkplayer,73.89
Bilibili-ijkplayer,62.59
Bilibili-ijkplayer,200.22
Bilibili-ijkplayer,460.58
Bilibili-ijkplayer,68.45
Bilibili-ijkplayer,5995.09
Bilibili-ijkplayer,225.24
Bilibili-ijkplayer,27.63
Bilibili-ijkplayer,92.63
Bilibili-ijkplayer,102.44
Bilibili-ijkplayer,25.81
Bilibili-ijkplayer,667.18
Bilibili-ijkplayer,726.86
Bilibili-ijkplayer,3141.28
Bilibili-ijkplayer,461.39
Bilibili-ijkplayer,503.31
Bilibili-ijkplayer,332.26
Bilibili-ijkplayer,4.27
Bilibili-ijkplayer,5856.17
Bilibili-ijkplayer,1.28
Bilibili-ijkplayer,7868.58
Bilibili-ijkplayer,11856.62
Bilibili-ijkplayer,4797.52
Bilibili-ijkplayer,4948.93
Bilibili-ijkplayer,25.38
Bilibili-ijkplayer,263.13
Bilibili-ijkplayer,13041.75
Bilibili-ijkplayer,10.81
Bilibili-ijkplayer,0.61
Bilibili-ijkplayer,358.07
Bilibili-ijkplayer,305.95
Bilibili-ijkplayer,264.59
irungentoo-toxcore,6.86
irungentoo-toxcore,27.04
irungentoo-toxcore,97.07
irungentoo-toxcore,265.09
irungentoo-toxcore,7544.8
irungentoo-toxcore,8084.09
irungentoo-toxcore,3646.53
haiwen-seafile,221.8
haiwen-seafile,24.95
haiwen-seafile,2616.97
haiwen-seafile,18.4
haiwen-seafile,523.64
haiwen-seafile,14.34
haiwen-seafile,3478.24
haiwen-seafile,2674.92
haiwen-seafile,909.88
haiwen-seafile,8602.55
haiwen-seafile,8413.98
haiwen-seafile,0.6
haiwen-seafile,8478.47
haiwen-seafile,393.89
haiwen-seafile,14682.25
haiwen-seafile,49.58
haiwen-seafile,6.42
haiwen-seafile,18132.43
haiwen-seafile,738.61
haiwen-seafile,26.74
haiwen-seafile,0.95
haiwen-seafile,46.05
haiwen-seafile,1081.87
haiwen-seafile,2612.74
haiwen-seafile,455.26
haiwen-seafile,4.98
haiwen-seafile,970.77
haiwen-seafile,1.24
haiwen-seafile,51.53
haiwen-seafile,0.1
haiwen-seafile,77.45
haiwen-seafile,19.11
haiwen-seafile,641.54
haiwen-seafile,2.02
haiwen-seafile,1077.47
haiwen-seafile,29.43
arduino-Arduino,225.96
arduino-Arduino,24.26
arduino-Arduino,15.44
arduino-Arduino,572.34
arduino-Arduino,422.42
arduino-Arduino,500.04
arduino-Arduino,147.72
arduino-Arduino,35.06
arduino-Arduino,101.15
arduino-Arduino,1374.04
arduino-Arduino,1442.16
arduino-Arduino,222.2
arduino-Arduino,125.06
arduino-Arduino,1956.72
arduino-Arduino,682.6
arduino-Arduino,35.82
arduino-Arduino,2691.13
arduino-Arduino,48.92
arduino-Arduino,13.61
arduino-Arduino,353.06
arduino-Arduino,550.67
arduino-Arduino,1888.79
arduino-Arduino,7.63
arduino-Arduino,128.34
arduino-Arduino,528.41
arduino-Arduino,33.41
arduino-Arduino,2.3
arduino-Arduino,48.37
arduino-Arduino,213.32
arduino-Arduino,802.14
arduino-Arduino,145.34
arduino-Arduino,30.83
arduino-Arduino,0.06
arduino-Arduino,0.26
arduino-Arduino,40.77
arduino-Arduino,71.23
arduino-Arduino,145.35
arduino-Arduino,0.16
arduino-Arduino,293.81
arduino-Arduino,10.27
arduino-Arduino,36.93
arduino-Arduino,57.21
arduino-Arduino,489.98
arduino-Arduino,83.35
arduino-Arduino,41.02
arduino-Arduino,243.75
arduino-Arduino,0.76
arduino-Arduino,4061.38
arduino-Arduino,50.79
arduino-Arduino,252.68
arduino-Arduino,0.72
arduino-Arduino,47.89
arduino-Arduino,517.25
arduino-Arduino,105.67
arduino-Arduino,818.45
arduino-Arduino,104.17
arduino-Arduino,104.18
arduino-Arduino,2711.11
arduino-Arduino,39.22
arduino-Arduino,112.86
arduino-Arduino,12.39
arduino-Arduino,35.09
arduino-Arduino,3.62
arduino-Arduino,1213.37
arduino-Arduino,7.96
arduino-Arduino,338.95
arduino-Arduino,5211.67
arduino-Arduino,20.91
arduino-Arduino,1320.08
arduino-Arduino,7.44
arduino-Arduino,1343.38
arduino-Arduino,565.05
arduino-Arduino,124.96
arduino-Arduino,12954.92
arduino-Arduino,7892.54
arduino-Arduino,48.63
arduino-Arduino,264.0
arduino-Arduino,525.75
arduino-Arduino,26.05
arduino-Arduino,101.22
arduino-Arduino,1827.06
arduino-Arduino,0.93
arduino-Arduino,50.48
arduino-Arduino,5687.24
arduino-Arduino,14.41
arduino-Arduino,0.32
arduino-Arduino,51.68
arduino-Arduino,55.22
arduino-Arduino,123.91
arduino-Arduino,290.13
arduino-Arduino,934.78
arduino-Arduino,1.14
arduino-Arduino,0.13
arduino-Arduino,3.36
arduino-Arduino,87.61
arduino-Arduino,66.99
arduino-Arduino,65.81
arduino-Arduino,0.37
arduino-Arduino,21.26
arduino-Arduino,102.26
arduino-Arduino,10.9
arduino-Arduino,11.85
arduino-Arduino,39.8
arduino-Arduino,3.6
arduino-Arduino,105.41
arduino-Arduino,0.09
arduino-Arduino,380.49
arduino-Arduino,208.19
arduino-Arduino,1.4
arduino-Arduino,69.42
arduino-Arduino,101.34
arduino-Arduino,3918.35
arduino-Arduino,603.18
arduino-Arduino,3914.34
arduino-Arduino,55.12
arduino-Arduino,100.31
arduino-Arduino,621.24
arduino-Arduino,8.96
arduino-Arduino,489.54
arduino-Arduino,8263.88
arduino-Arduino,23.4
arduino-Arduino,0.33
arduino-Arduino,1834.35
arduino-Arduino,1.71
arduino-Arduino,11468.84
arduino-Arduino,120.97
arduino-Arduino,1771.72
arduino-Arduino,5.45
arduino-Arduino,42.64
arduino-Arduino,87.79
arduino-Arduino,2427.99
arduino-Arduino,620.21
arduino-Arduino,5.27
arduino-Arduino,276.66
arduino-Arduino,590.99
arduino-Arduino,3698.9
arduino-Arduino,348.47
arduino-Arduino,519.59
arduino-Arduino,3163.11
arduino-Arduino,433.29
arduino-Arduino,580.06
arduino-Arduino,6741.84
arduino-Arduino,24.63
arduino-Arduino,4870.6
arduino-Arduino,4239.06
arduino-Arduino,1348.78
arduino-Arduino,11861.74
arduino-Arduino,65.86
arduino-Arduino,1609.32
arduino-Arduino,47.99
arduino-Arduino,167.17
arduino-Arduino,204.48
arduino-Arduino,17.15
arduino-Arduino,14546.79
arduino-Arduino,4907.21
arduino-Arduino,4652.48
arduino-Arduino,6503.13
arduino-Arduino,1577.63
arduino-Arduino,2611.71
arduino-Arduino,20.21
arduino-Arduino,6737.1
arduino-Arduino,1.36
arduino-Arduino,100.07
arduino-Arduino,3612.15
arduino-Arduino,910.13
arduino-Arduino,2534.61
arduino-Arduino,914.98
arduino-Arduino,1059.35
arduino-Arduino,42.05
arduino-Arduino,399.69
arduino-Arduino,4.31
arduino-Arduino,118.38
arduino-Arduino,11.41
arduino-Arduino,4483.15
arduino-Arduino,104.57
arduino-Arduino,1.62
arduino-Arduino,3012.18
arduino-Arduino,6120.08
arduino-Arduino,13.47
arduino-Arduino,1190.33
arduino-Arduino,3232.63
arduino-Arduino,3084.59
arduino-Arduino,2385.32
arduino-Arduino,6337.86
arduino-Arduino,531.86
arduino-Arduino,11695.26
arduino-Arduino,160.94
arduino-Arduino,45.89
arduino-Arduino,1873.26
arduino-Arduino,401.34
arduino-Arduino,10663.64
arduino-Arduino,2.63
arduino-Arduino,8946.31
arduino-Arduino,6383.95
arduino-Arduino,4534.98
arduino-Arduino,7565.54
arduino-Arduino,10263.66
arduino-Arduino,22846.32
arduino-Arduino,8573.03
arduino-Arduino,5466.58
arduino-Arduino,3668.08
arduino-Arduino,4764.1
arduino-Arduino,11367.31
arduino-Arduino,11959.38
arduino-Arduino,338.92
arduino-Arduino,12617.84
arduino-Arduino,16126.57
arduino-Arduino,46.41
arduino-Arduino,22656.57
arduino-Arduino,22656.76
arduino-Arduino,22801.57
arduino-Arduino,15.75
arduino-Arduino,12701.34
arduino-Arduino,1203.45
arduino-Arduino,0.57
arduino-Arduino,69.75
arduino-Arduino,413.44
arduino-Arduino,24534.54
arduino-Arduino,1.1
arduino-Arduino,20.48
arduino-Arduino,17386.35
arduino-Arduino,5833.6
arduino-Arduino,19143.69
arduino-Arduino,14659.94
arduino-Arduino,16098.33
arduino-Arduino,12298.88
arduino-Arduino,13268.41
arduino-Arduino,4057.73
arduino-Arduino,25400.4
arduino-Arduino,4793.61
arduino-Arduino,0.39
arduino-Arduino,20641.0
arduino-Arduino,147.46
arduino-Arduino,3.4
arduino-Arduino,20.39
arduino-Arduino,1487.82
arduino-Arduino,151.98
arduino-Arduino,0.07
arduino-Arduino,34938.67
arduino-Arduino,22.47
arduino-Arduino,2064.1
arduino-Arduino,161.35
arduino-Arduino,15899.29
arduino-Arduino,21052.61
arduino-Arduino,22.94
arduino-Arduino,22339.47
arduino-Arduino,19293.24
arduino-Arduino,1340.55
arduino-Arduino,23029.71
arduino-Arduino,836.58
arduino-Arduino,3210.94
arduino-Arduino,3284.17
arduino-Arduino,22122.58
arduino-Arduino,24643.11
arduino-Arduino,32033.79
arduino-Arduino,19244.66
arduino-Arduino,10733.8
arduino-Arduino,19293.88
arduino-Arduino,27023.48
kripken-emscripten,313.02
kripken-emscripten,3.94
kripken-emscripten,898.81
kripken-emscripten,4754.37
kripken-emscripten,5412.69
kripken-emscripten,35.01
kripken-emscripten,370.49
kripken-emscripten,99.09
kripken-emscripten,388.96
kripken-emscripten,143.35
kripken-emscripten,6389.06
kripken-emscripten,138.92
kripken-emscripten,659.28
kripken-emscripten,258.61
kripken-emscripten,147.5
kripken-emscripten,219.28
kripken-emscripten,8051.96
kripken-emscripten,14379.79
kripken-emscripten,24.06
kripken-emscripten,3227.01
kripken-emscripten,967.55
kripken-emscripten,4396.9
kripken-emscripten,100.64
kripken-emscripten,12274.06
kripken-emscripten,9481.64
kripken-emscripten,33727.85
curl-curl,51.71
curl-curl,4.52
curl-curl,2876.98
curl-curl,1308.74
curl-curl,42.24
curl-curl,67.85
curl-curl,2199.52
curl-curl,41.09
curl-curl,2264.49
curl-curl,1952.44
curl-curl,57.23
curl-curl,26.29
curl-curl,93.87
curl-curl,842.64
curl-curl,893.21
curl-curl,589.7
curl-curl,4028.87
curl-curl,27.97
curl-curl,3181.07
curl-curl,994.46
curl-curl,89.85
octalmage-robotjs,1791.14
octalmage-robotjs,2644.38
octalmage-robotjs,309.27
octalmage-robotjs,0.17
octalmage-robotjs,135.21
octalmage-robotjs,39.07
octalmage-robotjs,81.26
octalmage-robotjs,6057.4
octalmage-robotjs,1665.33
octalmage-robotjs,100.95
octalmage-robotjs,871.85
octalmage-robotjs,0.24
octalmage-robotjs,3616.09
octalmage-robotjs,3830.88
octalmage-robotjs,3.95
octalmage-robotjs,5776.84
symless-synergy,41.85
symless-synergy,13.73
symless-synergy,425.01
symless-synergy,584.97
symless-synergy,729.56
symless-synergy,212.27
symless-synergy,18.36
symless-synergy,96.88
symless-synergy,2.63
symless-synergy,22.26
symless-synergy,272.01
symless-synergy,232.12
symless-synergy,35.33
symless-synergy,62.6
symless-synergy,0.05
symless-synergy,275.16
symless-synergy,1900.1
symless-synergy,59.38
symless-synergy,0.18
symless-synergy,660.73
symless-synergy,4535.09
symless-synergy,1105.44
symless-synergy,1179.33
symless-synergy,2306.01
symless-synergy,433.87
symless-synergy,1389.36
symless-synergy,3.21
symless-synergy,63.13
symless-synergy,220.41
symless-synergy,6576.14
symless-synergy,1419.96
symless-synergy,1630.13
symless-synergy,1180.55
symless-synergy,3146.16
symless-synergy,3646.63
symless-synergy,7651.02
symless-synergy,2242.33
symless-synergy,6331.29
symless-synergy,6885.37
symless-synergy,624.44
symless-synergy,122.96
symless-synergy,0.44
symless-synergy,9452.99
symless-synergy,6569.53
symless-synergy,3936.71
symless-synergy,183.03
symless-synergy,1006.66
symless-synergy,4020.14
symless-synergy,33.74
symless-synergy,4502.12
symless-synergy,0.76
symless-synergy,793.26
symless-synergy,1797.45
symless-synergy,6481.45
symless-synergy,1606.89
symless-synergy,725.38
symless-synergy,5258.8
symless-synergy,1090.4
symless-synergy,2227.71
symless-synergy,311.68
symless-synergy,6098.86
symless-synergy,7408.46
symless-synergy,23.74
symless-synergy,6266.72
symless-synergy,17.11
symless-synergy,5469.6
symless-synergy,22.08
symless-synergy,6618.63
symless-synergy,6719.42
symless-synergy,6735.73
symless-synergy,315.24
symless-synergy,311.95
symless-synergy,384.39
symless-synergy,18.46
symless-synergy,469.53
symless-synergy,259.16
symless-synergy,6929.97
symless-synergy,4027.4
symless-synergy,0.42
symless-synergy,21.35
symless-synergy,25.28
symless-synergy,1174.26
symless-synergy,68.62
symless-synergy,9577.84
symless-synergy,18.43
symless-synergy,9.77
symless-synergy,1.17
symless-synergy,10317.32
symless-synergy,712.66
symless-synergy,314.25
symless-synergy,344.85
symless-synergy,11328.06
symless-synergy,429.42
symless-synergy,4267.47
symless-synergy,96.05
symless-synergy,23.8
symless-synergy,528.55
symless-synergy,1274.49
symless-synergy,1662.53
symless-synergy,722.78
symless-synergy,325.14
symless-synergy,1426.48
symless-synergy,0.8
symless-synergy,0.7
symless-synergy,0.8
symless-synergy,15756.4
symless-synergy,88.49
symless-synergy,15780.86
symless-synergy,620.88
symless-synergy,0.1
symless-synergy,657.87
symless-synergy,701.33
symless-synergy,93.2
symless-synergy,0.88
symless-synergy,4389.28
symless-synergy,217.94
symless-synergy,11.39
symless-synergy,102.62
symless-synergy,364.93
symless-synergy,847.79
symless-synergy,1075.29
symless-synergy,626.87
symless-synergy,1103.25
symless-synergy,168.52
symless-synergy,195.53
symless-synergy,24.08
symless-synergy,0.07
symless-synergy,174.74
symless-synergy,57.23
symless-synergy,139.33
symless-synergy,596.9
symless-synergy,503.68
symless-synergy,1006.79
symless-synergy,19.13
symless-synergy,87.36
symless-synergy,656.84
symless-synergy,787.37
symless-synergy,209.04
symless-synergy,502.76
symless-synergy,0.15
symless-synergy,1.6
symless-synergy,2.49
symless-synergy,1.37
symless-synergy,0.46
symless-synergy,25.0
symless-synergy,20.18
symless-synergy,329.85
symless-synergy,93.54
symless-synergy,119.89
symless-synergy,5.8
symless-synergy,374.02
symless-synergy,11059.32
symless-synergy,1243.74
symless-synergy,164.31
symless-synergy,116.55
symless-synergy,14.88
symless-synergy,132.4
symless-synergy,9454.06
symless-synergy,7363.65
symless-synergy,2.94
symless-synergy,165.04
symless-synergy,3.8
symless-synergy,113.97
symless-synergy,260.44
symless-synergy,152.98
symless-synergy,303.09
symless-synergy,14480.4
symless-synergy,961.16
symless-synergy,1099.76
symless-synergy,3.53
symless-synergy,4776.51
symless-synergy,430.93
symless-synergy,972.69
symless-synergy,30.06
symless-synergy,446.68
symless-synergy,20.66
symless-synergy,7226.29
symless-synergy,1040.21
symless-synergy,1254.64
symless-synergy,2520.05
symless-synergy,482.6
symless-synergy,852.19
symless-synergy,358.51
symless-synergy,76.9
symless-synergy,5278.0
symless-synergy,14518.89
symless-synergy,18568.69
symless-synergy,2416.89
symless-synergy,6300.67
symless-synergy,12074.69
symless-synergy,591.0
symless-synergy,2551.83
symless-synergy,16770.48
symless-synergy,2793.25
symless-synergy,3234.95
symless-synergy,194.78
symless-synergy,826.22
symless-synergy,16.58
symless-synergy,40.77
symless-synergy,12774.27
symless-synergy,1.25
symless-synergy,43.2
symless-synergy,168.07
symless-synergy,94.32
symless-synergy,1.12
symless-synergy,39.43
symless-synergy,267.61
symless-synergy,494.32
symless-synergy,282.58
symless-synergy,831.81
symless-synergy,876.43
symless-synergy,1236.08
symless-synergy,5587.88
symless-synergy,215.71
symless-synergy,17382.34
symless-synergy,3612.6
symless-synergy,244.06
symless-synergy,1113.46
symless-synergy,1375.55
symless-synergy,1256.11
symless-synergy,3831.17
symless-synergy,9125.7
symless-synergy,323.66
symless-synergy,4595.14
symless-synergy,1274.66
symless-synergy,3385.64
symless-synergy,2948.88
symless-synergy,13262.34
symless-synergy,6282.28
symless-synergy,8801.66
symless-synergy,3830.43
symless-synergy,15193.22
symless-synergy,13215.31
symless-synergy,10092.84
symless-synergy,16226.12
symless-synergy,2914.0
symless-synergy,16699.99
symless-synergy,9601.2
symless-synergy,12309.55
symless-synergy,20589.54
symless-synergy,8169.15
symless-synergy,1694.86
symless-synergy,17362.47
symless-synergy,0.12
nothings-stb,7.16
nothings-stb,8.41
nothings-stb,8.82
nothings-stb,9.47
nothings-stb,10.09
nothings-stb,10.9
nothings-stb,14.24
nothings-stb,214.63
nothings-stb,423.06
nothings-stb,826.83
nothings-stb,790.22
nothings-stb,1587.65
nothings-stb,11.7
nothings-stb,748.0
nothings-stb,926.71
nothings-stb,5.71
nothings-stb,1003.21
nothings-stb,696.04
nothings-stb,1020.57
nothings-stb,3320.39
nothings-stb,0.27
nothings-stb,0.15
nothings-stb,3799.65
nothings-stb,4270.54
nothings-stb,3730.41
nothings-stb,2426.91
nothings-stb,4816.63
nothings-stb,2725.72
nothings-stb,3949.23
nothings-stb,742.97
nothings-stb,4469.57
nothings-stb,2130.19
nothings-stb,4121.06
nothings-stb,6273.01
nothings-stb,4636.49
nothings-stb,366.9
nothings-stb,2.3
nothings-stb,4657.8
nothings-stb,4658.61
nothings-stb,4659.3
nothings-stb,4659.37
nothings-stb,4653.77
nothings-stb,2782.01
nothings-stb,84.47
nothings-stb,528.19
nothings-stb,185.47
nothings-stb,199.24
nothings-stb,209.42
nothings-stb,207.61
nothings-stb,233.82
nothings-stb,383.91
nothings-stb,386.39
nothings-stb,385.54
nothings-stb,525.93
nothings-stb,743.74
nothings-stb,17.0
nothings-stb,1018.82
nothings-stb,2.88
nothings-stb,1213.21
nothings-stb,35.73
nothings-stb,94.61
nothings-stb,95.38
nothings-stb,2059.55
nothings-stb,0.82
nothings-stb,6.67
nothings-stb,2698.97
nothings-stb,12.47
nothings-stb,1230.18
nothings-stb,125.5
nothings-stb,1603.05
nothings-stb,3487.48
nothings-stb,4.23
nothings-stb,1723.73
nothings-stb,3590.82
nothings-stb,1955.09
nothings-stb,2003.34
nothings-stb,1899.25
nothings-stb,2047.61
nothings-stb,2110.01
nothings-stb,1.29
nothings-stb,2369.68
nothings-stb,2509.03
nothings-stb,138.87
nothings-stb,2421.68
nothings-stb,2810.07
nothings-stb,3092.32
nothings-stb,15.14
nothings-stb,75.29
nothings-stb,130.63
nothings-stb,143.19
nothings-stb,602.03
nothings-stb,875.63
nothings-stb,880.33
nothings-stb,922.81
nothings-stb,1099.79
nothings-stb,972.75
nothings-stb,2.84
nothings-stb,283.96
nothings-stb,357.81
nothings-stb,0.33
nothings-stb,608.65
nothings-stb,1648.18
nothings-stb,1733.74
nothings-stb,7.68
nothings-stb,1798.63
nothings-stb,782.15
nothings-stb,1978.23
nothings-stb,2208.83
nothings-stb,2299.62
nothings-stb,6023.04
nothings-stb,1011.61
nothings-stb,14.37
nothings-stb,3502.29
nothings-stb,2.18
nothings-stb,21.29
nothings-stb,0.74
nothings-stb,269.4
nothings-stb,18.45
nothings-stb,611.02
nothings-stb,479.59
nothings-stb,548.85
nothings-stb,1176.11
nothings-stb,1231.24
nothings-stb,1375.99
nothings-stb,1587.85
nothings-stb,1816.2
nothings-stb,5704.2
nothings-stb,126.39
nothings-stb,4.38
nothings-stb,447.6
nothings-stb,328.95
nothings-stb,712.88
nothings-stb,1.79
nothings-stb,1275.12
nothings-stb,790.38
nothings-stb,611.73
nothings-stb,1.08
nothings-stb,0.31
nothings-stb,16.49
nothings-stb,2.85
nothings-stb,0.55
nothings-stb,27.38
nothings-stb,1.24
nothings-stb,0.77
nothings-stb,4.14
antirez-disque,15.23
antirez-disque,1151.55
antirez-disque,104.33
antirez-disque,5208.7
torch-torch7,4060.63
torch-torch7,0.58
torch-torch7,12174.56
torch-torch7,1053.82
torch-torch7,992.34
torch-torch7,352.26
torch-torch7,282.64
torch-torch7,2574.56
torch-torch7,1051.24
torch-torch7,16381.2
jonas-tig,2209.82
jonas-tig,28.75
jonas-tig,1269.28
jonas-tig,4616.48
jonas-tig,1074.05
jonas-tig,5054.99
liuliu-ccv,40.04
liuliu-ccv,6276.02
