projectname,ptime
CoderMJLee-MJRefresh,2.93
git-up-GitUp,487.36
git-up-GitUp,2.45
git-up-GitUp,36.38
git-up-GitUp,5.81
git-up-GitUp,6.09
git-up-GitUp,866.52
git-up-GitUp,0.13
git-up-GitUp,2.04
git-up-GitUp,2.34
git-up-GitUp,701.31
git-up-GitUp,1.97
git-up-GitUp,961.54
git-up-GitUp,4.74
git-up-GitUp,4.8
git-up-GitUp,0.84
git-up-GitUp,0.17
git-up-GitUp,1.82
git-up-GitUp,0.05
git-up-GitUp,3.6
git-up-GitUp,0.15
git-up-GitUp,0.16
git-up-GitUp,1.37
git-up-GitUp,6.09
git-up-GitUp,167.11
git-up-GitUp,3.18
git-up-GitUp,499.62
git-up-GitUp,8.7
git-up-GitUp,6.81
git-up-GitUp,0.19
git-up-GitUp,0.41
git-up-GitUp,0.62
git-up-GitUp,5.95
git-up-GitUp,18.54
git-up-GitUp,0.1
git-up-GitUp,20.51
git-up-GitUp,50.25
git-up-GitUp,1.26
git-up-GitUp,0.38
git-up-GitUp,0.26
ibireme-YYKit,158.82
ibireme-YYKit,27.61
ibireme-YYKit,17.1
ibireme-YYKit,1.18
ibireme-YYKit,1.02
ibireme-YYKit,0.49
mwaterfall-MWPhotoBrowser,2.54
mwaterfall-MWPhotoBrowser,13.25
mwaterfall-MWPhotoBrowser,1416.94
dzenbot-DZNEmptyDataSet,426.91
dzenbot-DZNEmptyDataSet,5.66
dzenbot-DZNEmptyDataSet,23.37
dzenbot-DZNEmptyDataSet,2.45
facebook-SocketRocket,19.22
facebook-SocketRocket,13.49
facebook-SocketRocket,4974.59
airbnb-lottie-ios,140.35
airbnb-lottie-ios,35.27
airbnb-lottie-ios,0.22
hackiftekhar-IQKeyboardManager,609.15
hackiftekhar-IQKeyboardManager,185.78
hackiftekhar-IQKeyboardManager,417.77
hackiftekhar-IQKeyboardManager,38.25
hackiftekhar-IQKeyboardManager,337.69
hackiftekhar-IQKeyboardManager,346.99
hackiftekhar-IQKeyboardManager,520.41
hackiftekhar-IQKeyboardManager,149.41
hackiftekhar-IQKeyboardManager,142.37
hackiftekhar-IQKeyboardManager,340.85
hackiftekhar-IQKeyboardManager,230.02
hackiftekhar-IQKeyboardManager,6.15
hackiftekhar-IQKeyboardManager,804.07
hackiftekhar-IQKeyboardManager,2.07
hackiftekhar-IQKeyboardManager,691.65
hackiftekhar-IQKeyboardManager,766.2
hackiftekhar-IQKeyboardManager,6.57
hackiftekhar-IQKeyboardManager,277.04
hackiftekhar-IQKeyboardManager,4.77
hackiftekhar-IQKeyboardManager,671.41
hackiftekhar-IQKeyboardManager,1314.21
hackiftekhar-IQKeyboardManager,2.8
hackiftekhar-IQKeyboardManager,211.16
hackiftekhar-IQKeyboardManager,41.43
hackiftekhar-IQKeyboardManager,1030.12
hackiftekhar-IQKeyboardManager,1943.32
hackiftekhar-IQKeyboardManager,5.67
hackiftekhar-IQKeyboardManager,848.43
hackiftekhar-IQKeyboardManager,12.9
hackiftekhar-IQKeyboardManager,609.33
hackiftekhar-IQKeyboardManager,1.88
hackiftekhar-IQKeyboardManager,425.72
hackiftekhar-IQKeyboardManager,2.58
hackiftekhar-IQKeyboardManager,16.26
hackiftekhar-IQKeyboardManager,5.34
hackiftekhar-IQKeyboardManager,644.05
hackiftekhar-IQKeyboardManager,19.3
hackiftekhar-IQKeyboardManager,586.88
hackiftekhar-IQKeyboardManager,716.61
hackiftekhar-IQKeyboardManager,1028.38
hackiftekhar-IQKeyboardManager,468.79
hackiftekhar-IQKeyboardManager,283.95
hackiftekhar-IQKeyboardManager,132.55
hackiftekhar-IQKeyboardManager,0.06
hackiftekhar-IQKeyboardManager,0.24
hackiftekhar-IQKeyboardManager,0.19
hackiftekhar-IQKeyboardManager,65.79
hackiftekhar-IQKeyboardManager,1320.54
hackiftekhar-IQKeyboardManager,314.29
hackiftekhar-IQKeyboardManager,97.16
hackiftekhar-IQKeyboardManager,606.32
hackiftekhar-IQKeyboardManager,368.49
hackiftekhar-IQKeyboardManager,2851.51
hackiftekhar-IQKeyboardManager,1989.81
hackiftekhar-IQKeyboardManager,0.32
hackiftekhar-IQKeyboardManager,6.19
hackiftekhar-IQKeyboardManager,158.02
hackiftekhar-IQKeyboardManager,1385.88
hackiftekhar-IQKeyboardManager,1272.22
hackiftekhar-IQKeyboardManager,9.49
hackiftekhar-IQKeyboardManager,3.04
hackiftekhar-IQKeyboardManager,0.86
hackiftekhar-IQKeyboardManager,792.46
hackiftekhar-IQKeyboardManager,3.01
hackiftekhar-IQKeyboardManager,1.87
hackiftekhar-IQKeyboardManager,410.59
hackiftekhar-IQKeyboardManager,189.53
hackiftekhar-IQKeyboardManager,255.31
hackiftekhar-IQKeyboardManager,271.05
hackiftekhar-IQKeyboardManager,100.81
hackiftekhar-IQKeyboardManager,0.55
hackiftekhar-IQKeyboardManager,7.92
hackiftekhar-IQKeyboardManager,4685.55
hackiftekhar-IQKeyboardManager,4.53
hackiftekhar-IQKeyboardManager,10.47
hackiftekhar-IQKeyboardManager,24.92
hackiftekhar-IQKeyboardManager,11.77
hackiftekhar-IQKeyboardManager,5.94
hackiftekhar-IQKeyboardManager,26.71
hackiftekhar-IQKeyboardManager,8.22
hackiftekhar-IQKeyboardManager,56.55
hackiftekhar-IQKeyboardManager,5741.3
hackiftekhar-IQKeyboardManager,39.42
hackiftekhar-IQKeyboardManager,5273.55
hackiftekhar-IQKeyboardManager,269.24
hackiftekhar-IQKeyboardManager,21.55
hackiftekhar-IQKeyboardManager,2.09
hackiftekhar-IQKeyboardManager,796.96
hackiftekhar-IQKeyboardManager,185.22
hackiftekhar-IQKeyboardManager,0.96
hackiftekhar-IQKeyboardManager,43.28
hackiftekhar-IQKeyboardManager,990.23
hackiftekhar-IQKeyboardManager,169.42
hackiftekhar-IQKeyboardManager,30.17
hackiftekhar-IQKeyboardManager,54.83
hackiftekhar-IQKeyboardManager,2.73
hackiftekhar-IQKeyboardManager,13.06
hackiftekhar-IQKeyboardManager,7.83
hackiftekhar-IQKeyboardManager,21.56
hackiftekhar-IQKeyboardManager,652.18
hackiftekhar-IQKeyboardManager,351.18
hackiftekhar-IQKeyboardManager,1003.71
hackiftekhar-IQKeyboardManager,1218.83
hackiftekhar-IQKeyboardManager,0.57
hackiftekhar-IQKeyboardManager,27.68
hackiftekhar-IQKeyboardManager,2.96
hackiftekhar-IQKeyboardManager,1.27
hackiftekhar-IQKeyboardManager,236.04
hackiftekhar-IQKeyboardManager,505.45
hackiftekhar-IQKeyboardManager,1151.57
hackiftekhar-IQKeyboardManager,286.47
hackiftekhar-IQKeyboardManager,302.07
hackiftekhar-IQKeyboardManager,542.9
hackiftekhar-IQKeyboardManager,53.62
hackiftekhar-IQKeyboardManager,7.97
hackiftekhar-IQKeyboardManager,13.47
hackiftekhar-IQKeyboardManager,89.3
hackiftekhar-IQKeyboardManager,57.57
hackiftekhar-IQKeyboardManager,0.96
hackiftekhar-IQKeyboardManager,7.53
hackiftekhar-IQKeyboardManager,12.22
hackiftekhar-IQKeyboardManager,26.23
hackiftekhar-IQKeyboardManager,121.97
hackiftekhar-IQKeyboardManager,16.47
hackiftekhar-IQKeyboardManager,4.84
hackiftekhar-IQKeyboardManager,1232.6
hackiftekhar-IQKeyboardManager,53.15
hackiftekhar-IQKeyboardManager,1252.81
hackiftekhar-IQKeyboardManager,51.02
hackiftekhar-IQKeyboardManager,0.84
hackiftekhar-IQKeyboardManager,191.71
hackiftekhar-IQKeyboardManager,11.81
hackiftekhar-IQKeyboardManager,85.92
hackiftekhar-IQKeyboardManager,179.87
hackiftekhar-IQKeyboardManager,0.58
hackiftekhar-IQKeyboardManager,0.96
hackiftekhar-IQKeyboardManager,3.1
hackiftekhar-IQKeyboardManager,7.08
hackiftekhar-IQKeyboardManager,0.6
hackiftekhar-IQKeyboardManager,0.06
hackiftekhar-IQKeyboardManager,99.72
hackiftekhar-IQKeyboardManager,1.14
hackiftekhar-IQKeyboardManager,138.12
hackiftekhar-IQKeyboardManager,20.56
hackiftekhar-IQKeyboardManager,102.38
hackiftekhar-IQKeyboardManager,9.16
hackiftekhar-IQKeyboardManager,120.3
hackiftekhar-IQKeyboardManager,786.14
hackiftekhar-IQKeyboardManager,1.64
hackiftekhar-IQKeyboardManager,4008.65
hackiftekhar-IQKeyboardManager,8.06
hackiftekhar-IQKeyboardManager,1610.14
hackiftekhar-IQKeyboardManager,8.35
hackiftekhar-IQKeyboardManager,1.18
hackiftekhar-IQKeyboardManager,0.14
hackiftekhar-IQKeyboardManager,35.39
hackiftekhar-IQKeyboardManager,0.23
hackiftekhar-IQKeyboardManager,79.56
hackiftekhar-IQKeyboardManager,38.02
hackiftekhar-IQKeyboardManager,25.25
hackiftekhar-IQKeyboardManager,32.39
hackiftekhar-IQKeyboardManager,112.47
hackiftekhar-IQKeyboardManager,36.17
hackiftekhar-IQKeyboardManager,35.81
hackiftekhar-IQKeyboardManager,1.11
hackiftekhar-IQKeyboardManager,29.85
hackiftekhar-IQKeyboardManager,9.21
hackiftekhar-IQKeyboardManager,0.73
hackiftekhar-IQKeyboardManager,55.88
hackiftekhar-IQKeyboardManager,4.51
hackiftekhar-IQKeyboardManager,45.3
hackiftekhar-IQKeyboardManager,277.35
hackiftekhar-IQKeyboardManager,3.61
hackiftekhar-IQKeyboardManager,291.46
hackiftekhar-IQKeyboardManager,1013.87
hackiftekhar-IQKeyboardManager,1.6
hackiftekhar-IQKeyboardManager,49.41
hackiftekhar-IQKeyboardManager,6.35
hackiftekhar-IQKeyboardManager,18.85
hackiftekhar-IQKeyboardManager,143.96
hackiftekhar-IQKeyboardManager,52.15
hackiftekhar-IQKeyboardManager,42.44
hackiftekhar-IQKeyboardManager,24.9
hackiftekhar-IQKeyboardManager,2.81
hackiftekhar-IQKeyboardManager,7.22
hackiftekhar-IQKeyboardManager,2.78
hackiftekhar-IQKeyboardManager,21.46
hackiftekhar-IQKeyboardManager,0.51
hackiftekhar-IQKeyboardManager,330.57
hackiftekhar-IQKeyboardManager,0.27
hackiftekhar-IQKeyboardManager,0.45
hackiftekhar-IQKeyboardManager,13.69
hackiftekhar-IQKeyboardManager,14.96
hackiftekhar-IQKeyboardManager,4.81
hackiftekhar-IQKeyboardManager,3.41
hackiftekhar-IQKeyboardManager,0.55
hackiftekhar-IQKeyboardManager,8.76
hackiftekhar-IQKeyboardManager,241.86
hackiftekhar-IQKeyboardManager,32.33
hackiftekhar-IQKeyboardManager,176.14
hackiftekhar-IQKeyboardManager,62.78
hackiftekhar-IQKeyboardManager,4.36
hackiftekhar-IQKeyboardManager,168.77
hackiftekhar-IQKeyboardManager,1.38
hackiftekhar-IQKeyboardManager,1.96
hackiftekhar-IQKeyboardManager,143.26
hackiftekhar-IQKeyboardManager,5.85
hackiftekhar-IQKeyboardManager,17.23
jigish-slate,36.52
jigish-slate,44.43
jigish-slate,7.88
jigish-slate,52.27
jigish-slate,32.93
jigish-slate,3.6
jigish-slate,242.73
jigish-slate,65.69
jigish-slate,162.18
jigish-slate,4.14
jigish-slate,17.16
jigish-slate,1528.14
jigish-slate,2192.26
jigish-slate,1140.61
jigish-slate,2.17
jigish-slate,169.25
jigish-slate,0.26
jigish-slate,12.57
jigish-slate,33.09
jigish-slate,559.8
jigish-slate,9.36
jigish-slate,20.77
jigish-slate,3.18
jigish-slate,31.92
jigish-slate,46.99
jigish-slate,1263.65
jigish-slate,0.11
jigish-slate,2293.95
jigish-slate,73.36
jigish-slate,72.97
jigish-slate,120.41
jigish-slate,97.34
jigish-slate,97.36
jigish-slate,285.55
jigish-slate,47.18
jigish-slate,47.34
jigish-slate,46.62
jigish-slate,142.01
jigish-slate,31.0
jigish-slate,32.39
jigish-slate,26.14
jigish-slate,241.85
jigish-slate,219.66
jigish-slate,0.4
jigish-slate,16.25
jigish-slate,27.0
jigish-slate,73.59
jigish-slate,0.56
jigish-slate,1.02
jigish-slate,29.77
jigish-slate,6878.07
jigish-slate,60.92
jigish-slate,263.54
jigish-slate,0.43
jigish-slate,0.97
jigish-slate,7.27
jigish-slate,10.47
jigish-slate,523.47
jigish-slate,32.98
jessesquires-JSQMessagesViewController,90.72
jessesquires-JSQMessagesViewController,70.9
jessesquires-JSQMessagesViewController,8.02
jessesquires-JSQMessagesViewController,21.75
jessesquires-JSQMessagesViewController,120.27
jessesquires-JSQMessagesViewController,9.17
jessesquires-JSQMessagesViewController,21.59
jessesquires-JSQMessagesViewController,6.43
jessesquires-JSQMessagesViewController,24.55
jessesquires-JSQMessagesViewController,0.31
jessesquires-JSQMessagesViewController,52.84
jessesquires-JSQMessagesViewController,17.09
jessesquires-JSQMessagesViewController,16.1
jessesquires-JSQMessagesViewController,2328.5
jessesquires-JSQMessagesViewController,8.22
jessesquires-JSQMessagesViewController,54.35
jessesquires-JSQMessagesViewController,865.72
jessesquires-JSQMessagesViewController,27.85
jessesquires-JSQMessagesViewController,1045.07
jessesquires-JSQMessagesViewController,9.82
jessesquires-JSQMessagesViewController,1.98
jessesquires-JSQMessagesViewController,1231.02
jessesquires-JSQMessagesViewController,12.04
jessesquires-JSQMessagesViewController,0.65
jessesquires-JSQMessagesViewController,20.4
jessesquires-JSQMessagesViewController,11.82
jessesquires-JSQMessagesViewController,1.7
jessesquires-JSQMessagesViewController,104.02
jessesquires-JSQMessagesViewController,0.1
jessesquires-JSQMessagesViewController,0.74
jessesquires-JSQMessagesViewController,43.11
jessesquires-JSQMessagesViewController,249.97
jessesquires-JSQMessagesViewController,185.59
jessesquires-JSQMessagesViewController,71.4
jessesquires-JSQMessagesViewController,639.41
jessesquires-JSQMessagesViewController,1.3
jessesquires-JSQMessagesViewController,1839.25
jessesquires-JSQMessagesViewController,9.02
jessesquires-JSQMessagesViewController,0.74
jessesquires-JSQMessagesViewController,6202.36
jessesquires-JSQMessagesViewController,4722.49
jessesquires-JSQMessagesViewController,4049.07
jessesquires-JSQMessagesViewController,50.3
jessesquires-JSQMessagesViewController,2147.43
jessesquires-JSQMessagesViewController,4.01
jessesquires-JSQMessagesViewController,6.11
jessesquires-JSQMessagesViewController,4990.71
jessesquires-JSQMessagesViewController,514.93
jessesquires-JSQMessagesViewController,2501.59
jessesquires-JSQMessagesViewController,72.84
jessesquires-JSQMessagesViewController,6.05
jessesquires-JSQMessagesViewController,0.17
jessesquires-JSQMessagesViewController,8.63
jessesquires-JSQMessagesViewController,5320.77
jessesquires-JSQMessagesViewController,12.96
jessesquires-JSQMessagesViewController,3.78
jessesquires-JSQMessagesViewController,621.98
jessesquires-JSQMessagesViewController,1772.11
jessesquires-JSQMessagesViewController,8654.76
jessesquires-JSQMessagesViewController,244.42
jessesquires-JSQMessagesViewController,4.32
jessesquires-JSQMessagesViewController,273.88
jessesquires-JSQMessagesViewController,0.29
jessesquires-JSQMessagesViewController,8.94
jessesquires-JSQMessagesViewController,72.52
jessesquires-JSQMessagesViewController,5.48
jessesquires-JSQMessagesViewController,4.97
jessesquires-JSQMessagesViewController,8344.07
jessesquires-JSQMessagesViewController,6994.01
jessesquires-JSQMessagesViewController,2592.48
jessesquires-JSQMessagesViewController,61.52
jessesquires-JSQMessagesViewController,7028.36
jessesquires-JSQMessagesViewController,830.56
jessesquires-JSQMessagesViewController,7339.44
jessesquires-JSQMessagesViewController,6130.26
jessesquires-JSQMessagesViewController,309.54
jessesquires-JSQMessagesViewController,10.16
jessesquires-JSQMessagesViewController,0.09
jessesquires-JSQMessagesViewController,1031.54
jessesquires-JSQMessagesViewController,1225.88
jessesquires-JSQMessagesViewController,112.99
jessesquires-JSQMessagesViewController,3.78
jessesquires-JSQMessagesViewController,0.69
jessesquires-JSQMessagesViewController,639.95
jessesquires-JSQMessagesViewController,27.34
jessesquires-JSQMessagesViewController,564.22
jessesquires-JSQMessagesViewController,7.22
jessesquires-JSQMessagesViewController,253.7
jessesquires-JSQMessagesViewController,335.48
jessesquires-JSQMessagesViewController,0.11
jessesquires-JSQMessagesViewController,3.16
jessesquires-JSQMessagesViewController,0.43
jessesquires-JSQMessagesViewController,0.48
jessesquires-JSQMessagesViewController,8.54
jessesquires-JSQMessagesViewController,233.1
jessesquires-JSQMessagesViewController,328.07
jessesquires-JSQMessagesViewController,545.98
jessesquires-JSQMessagesViewController,5.72
jessesquires-JSQMessagesViewController,1.71
jessesquires-JSQMessagesViewController,2.83
jessesquires-JSQMessagesViewController,199.68
jessesquires-JSQMessagesViewController,153.82
jessesquires-JSQMessagesViewController,1.77
jessesquires-JSQMessagesViewController,3.82
jessesquires-JSQMessagesViewController,19.45
jessesquires-JSQMessagesViewController,22.22
jessesquires-JSQMessagesViewController,11165.7
jessesquires-JSQMessagesViewController,257.54
jessesquires-JSQMessagesViewController,315.53
jessesquires-JSQMessagesViewController,6.41
jessesquires-JSQMessagesViewController,771.75
jessesquires-JSQMessagesViewController,5.47
jessesquires-JSQMessagesViewController,5.89
jessesquires-JSQMessagesViewController,503.95
jessesquires-JSQMessagesViewController,7.37
jessesquires-JSQMessagesViewController,0.89
jessesquires-JSQMessagesViewController,119.08
jessesquires-JSQMessagesViewController,172.26
jessesquires-JSQMessagesViewController,29.47
jessesquires-JSQMessagesViewController,20.97
jessesquires-JSQMessagesViewController,167.83
jessesquires-JSQMessagesViewController,2081.53
jessesquires-JSQMessagesViewController,0.51
jessesquires-JSQMessagesViewController,1580.1
jessesquires-JSQMessagesViewController,2595.17
jessesquires-JSQMessagesViewController,0.15
jessesquires-JSQMessagesViewController,375.99
jessesquires-JSQMessagesViewController,11.77
jessesquires-JSQMessagesViewController,1167.48
jessesquires-JSQMessagesViewController,5.83
jessesquires-JSQMessagesViewController,10.5
jessesquires-JSQMessagesViewController,11.67
jessesquires-JSQMessagesViewController,50.56
jessesquires-JSQMessagesViewController,0.98
jessesquires-JSQMessagesViewController,0.22
jessesquires-JSQMessagesViewController,93.2
jessesquires-JSQMessagesViewController,72.46
jessesquires-JSQMessagesViewController,66.48
jessesquires-JSQMessagesViewController,390.2
jessesquires-JSQMessagesViewController,195.7
jessesquires-JSQMessagesViewController,46.48
jessesquires-JSQMessagesViewController,30.57
jessesquires-JSQMessagesViewController,685.97
jessesquires-JSQMessagesViewController,48.75
jessesquires-JSQMessagesViewController,11.82
jessesquires-JSQMessagesViewController,128.13
jessesquires-JSQMessagesViewController,128.6
jessesquires-JSQMessagesViewController,9.4
jessesquires-JSQMessagesViewController,86.41
jessesquires-JSQMessagesViewController,232.2
jessesquires-JSQMessagesViewController,159.3
jessesquires-JSQMessagesViewController,236.11
jessesquires-JSQMessagesViewController,1426.66
jessesquires-JSQMessagesViewController,607.05
jessesquires-JSQMessagesViewController,3.66
jessesquires-JSQMessagesViewController,17.54
jessesquires-JSQMessagesViewController,5.08
jessesquires-JSQMessagesViewController,0.18
jessesquires-JSQMessagesViewController,0.45
jessesquires-JSQMessagesViewController,1.31
jessesquires-JSQMessagesViewController,4918.27
jessesquires-JSQMessagesViewController,1.46
jessesquires-JSQMessagesViewController,8.79
jessesquires-JSQMessagesViewController,178.7
jessesquires-JSQMessagesViewController,254.95
jessesquires-JSQMessagesViewController,1893.27
jessesquires-JSQMessagesViewController,18.99
jessesquires-JSQMessagesViewController,14.27
jessesquires-JSQMessagesViewController,5113.28
jessesquires-JSQMessagesViewController,20.43
jessesquires-JSQMessagesViewController,1953.29
jessesquires-JSQMessagesViewController,4.15
jessesquires-JSQMessagesViewController,1182.91
jessesquires-JSQMessagesViewController,0.4
jessesquires-JSQMessagesViewController,897.83
jessesquires-JSQMessagesViewController,121.6
jessesquires-JSQMessagesViewController,128.29
jessesquires-JSQMessagesViewController,293.8
jessesquires-JSQMessagesViewController,12.02
jessesquires-JSQMessagesViewController,2.74
jessesquires-JSQMessagesViewController,0.23
jessesquires-JSQMessagesViewController,90.89
jessesquires-JSQMessagesViewController,742.02
jessesquires-JSQMessagesViewController,1.52
jessesquires-JSQMessagesViewController,2.55
jessesquires-JSQMessagesViewController,0.82
jessesquires-JSQMessagesViewController,2.36
jessesquires-JSQMessagesViewController,32.61
jessesquires-JSQMessagesViewController,5359.25
jessesquires-JSQMessagesViewController,7.13
jessesquires-JSQMessagesViewController,7.52
jessesquires-JSQMessagesViewController,92.73
jessesquires-JSQMessagesViewController,2344.76
jessesquires-JSQMessagesViewController,4.0
jessesquires-JSQMessagesViewController,16272.99
jessesquires-JSQMessagesViewController,1.72
jessesquires-JSQMessagesViewController,6.98
jessesquires-JSQMessagesViewController,901.89
jessesquires-JSQMessagesViewController,1506.93
jessesquires-JSQMessagesViewController,4.45
jessesquires-JSQMessagesViewController,7.14
jessesquires-JSQMessagesViewController,4.09
jessesquires-JSQMessagesViewController,1633.06
jessesquires-JSQMessagesViewController,943.73
jessesquires-JSQMessagesViewController,9995.65
jessesquires-JSQMessagesViewController,828.16
jessesquires-JSQMessagesViewController,1.47
jessesquires-JSQMessagesViewController,8.32
jessesquires-JSQMessagesViewController,1173.85
jessesquires-JSQMessagesViewController,444.51
jessesquires-JSQMessagesViewController,3.63
jessesquires-JSQMessagesViewController,3567.42
jessesquires-JSQMessagesViewController,8.4
jessesquires-JSQMessagesViewController,2362.23
jessesquires-JSQMessagesViewController,4141.11
jessesquires-JSQMessagesViewController,0.15
jessesquires-JSQMessagesViewController,1459.91
jessesquires-JSQMessagesViewController,3.37
jessesquires-JSQMessagesViewController,2880.28
jessesquires-JSQMessagesViewController,1506.02
jessesquires-JSQMessagesViewController,0.11
jessesquires-JSQMessagesViewController,0.92
jessesquires-JSQMessagesViewController,108.35
jessesquires-JSQMessagesViewController,1.44
jessesquires-JSQMessagesViewController,8.64
jessesquires-JSQMessagesViewController,2570.37
jessesquires-JSQMessagesViewController,74.37
jessesquires-JSQMessagesViewController,10.06
jessesquires-JSQMessagesViewController,7199.64
jessesquires-JSQMessagesViewController,5084.26
jessesquires-JSQMessagesViewController,0.43
jessesquires-JSQMessagesViewController,11.91
jessesquires-JSQMessagesViewController,4.69
jessesquires-JSQMessagesViewController,1.83
jessesquires-JSQMessagesViewController,119.64
jessesquires-JSQMessagesViewController,141.61
jessesquires-JSQMessagesViewController,237.16
jessesquires-JSQMessagesViewController,31.13
jessesquires-JSQMessagesViewController,252.36
jessesquires-JSQMessagesViewController,0.25
jessesquires-JSQMessagesViewController,288.74
jessesquires-JSQMessagesViewController,76.46
jessesquires-JSQMessagesViewController,129.14
jessesquires-JSQMessagesViewController,51.01
jessesquires-JSQMessagesViewController,423.11
jessesquires-JSQMessagesViewController,4.24
jessesquires-JSQMessagesViewController,197.77
jessesquires-JSQMessagesViewController,126.83
jessesquires-JSQMessagesViewController,238.56
jessesquires-JSQMessagesViewController,360.55
jessesquires-JSQMessagesViewController,710.39
jessesquires-JSQMessagesViewController,2.86
jessesquires-JSQMessagesViewController,0.19
jessesquires-JSQMessagesViewController,0.75
jessesquires-JSQMessagesViewController,47.33
jessesquires-JSQMessagesViewController,1000.82
jessesquires-JSQMessagesViewController,9.01
jessesquires-JSQMessagesViewController,509.39
jessesquires-JSQMessagesViewController,12.75
jessesquires-JSQMessagesViewController,1706.26
jessesquires-JSQMessagesViewController,48.65
jessesquires-JSQMessagesViewController,298.18
jessesquires-JSQMessagesViewController,52.38
jessesquires-JSQMessagesViewController,209.91
jessesquires-JSQMessagesViewController,1.16
jessesquires-JSQMessagesViewController,5.67
jessesquires-JSQMessagesViewController,817.16
jessesquires-JSQMessagesViewController,10.51
jessesquires-JSQMessagesViewController,240.71
jessesquires-JSQMessagesViewController,1183.36
jessesquires-JSQMessagesViewController,11.22
jessesquires-JSQMessagesViewController,19.15
jessesquires-JSQMessagesViewController,19.13
jessesquires-JSQMessagesViewController,188.32
jessesquires-JSQMessagesViewController,38.97
jessesquires-JSQMessagesViewController,40.18
jessesquires-JSQMessagesViewController,5.8
jessesquires-JSQMessagesViewController,1218.81
jessesquires-JSQMessagesViewController,1.06
jessesquires-JSQMessagesViewController,6.79
jessesquires-JSQMessagesViewController,212.88
jessesquires-JSQMessagesViewController,5.46
jessesquires-JSQMessagesViewController,127.23
jessesquires-JSQMessagesViewController,784.29
jessesquires-JSQMessagesViewController,355.57
jessesquires-JSQMessagesViewController,4.16
jessesquires-JSQMessagesViewController,4.07
jessesquires-JSQMessagesViewController,30.51
jessesquires-JSQMessagesViewController,4.77
jessesquires-JSQMessagesViewController,365.7
jessesquires-JSQMessagesViewController,731.43
jessesquires-JSQMessagesViewController,1.8
jessesquires-JSQMessagesViewController,1305.68
jessesquires-JSQMessagesViewController,671.52
jessesquires-JSQMessagesViewController,2226.64
jessesquires-JSQMessagesViewController,1339.59
jessesquires-JSQMessagesViewController,16.63
jessesquires-JSQMessagesViewController,17.22
jessesquires-JSQMessagesViewController,5.37
jessesquires-JSQMessagesViewController,40.45
jessesquires-JSQMessagesViewController,17.04
jessesquires-JSQMessagesViewController,2928.68
jessesquires-JSQMessagesViewController,52.63
matryer-bitbar,1.17
matryer-bitbar,3.19
matryer-bitbar,0.26
matryer-bitbar,81.97
matryer-bitbar,40.89
matryer-bitbar,2.34
matryer-bitbar,14.21
matryer-bitbar,0.53
matryer-bitbar,85.6
matryer-bitbar,701.21
matryer-bitbar,101.43
matryer-bitbar,638.92
matryer-bitbar,432.61
matryer-bitbar,254.03
matryer-bitbar,1883.11
matryer-bitbar,2244.3
matryer-bitbar,0.61
ViccAlexander-Chameleon,29.24
ViccAlexander-Chameleon,189.07
ViccAlexander-Chameleon,994.64
ViccAlexander-Chameleon,3429.38
ViccAlexander-Chameleon,8.0
ViccAlexander-Chameleon,3883.19
ViccAlexander-Chameleon,6106.37
ViccAlexander-Chameleon,3389.74
ViccAlexander-Chameleon,119.12
ViccAlexander-Chameleon,274.6
ViccAlexander-Chameleon,87.65
ViccAlexander-Chameleon,985.05
ViccAlexander-Chameleon,7690.27
ViccAlexander-Chameleon,96.78
ViccAlexander-Chameleon,0.35
ViccAlexander-Chameleon,18.02
ViccAlexander-Chameleon,0.51
ViccAlexander-Chameleon,19.89
ViccAlexander-Chameleon,41.07
ViccAlexander-Chameleon,0.66
ViccAlexander-Chameleon,40.55
ViccAlexander-Chameleon,1757.32
ViccAlexander-Chameleon,13.85
ViccAlexander-Chameleon,5.08
ViccAlexander-Chameleon,83.86
ViccAlexander-Chameleon,2.04
ViccAlexander-Chameleon,4.77
alcatraz-Alcatraz,88.01
alcatraz-Alcatraz,92.88
alcatraz-Alcatraz,10.26
alcatraz-Alcatraz,88.06
realm-realm-cocoa,3.31
realm-realm-cocoa,264.75
realm-realm-cocoa,7.64
realm-realm-cocoa,261.33
realm-realm-cocoa,21.07
realm-realm-cocoa,32.68
realm-realm-cocoa,671.1
realm-realm-cocoa,679.27
realm-realm-cocoa,275.13
realm-realm-cocoa,455.61
realm-realm-cocoa,26.62
realm-realm-cocoa,32.38
realm-realm-cocoa,797.63
realm-realm-cocoa,66.81
realm-realm-cocoa,324.06
realm-realm-cocoa,0.89
realm-realm-cocoa,22.47
realm-realm-cocoa,70.47
realm-realm-cocoa,528.82
realm-realm-cocoa,37.64
realm-realm-cocoa,90.22
realm-realm-cocoa,120.87
realm-realm-cocoa,8.4
realm-realm-cocoa,58.12
realm-realm-cocoa,22.89
realm-realm-cocoa,92.35
realm-realm-cocoa,87.0
realm-realm-cocoa,116.47
realm-realm-cocoa,1316.26
realm-realm-cocoa,187.3
realm-realm-cocoa,343.18
realm-realm-cocoa,10.93
realm-realm-cocoa,390.82
realm-realm-cocoa,1.89
realm-realm-cocoa,551.83
realm-realm-cocoa,2007.67
realm-realm-cocoa,1320.84
realm-realm-cocoa,9.12
realm-realm-cocoa,26.89
realm-realm-cocoa,144.19
realm-realm-cocoa,104.45
realm-realm-cocoa,377.75
realm-realm-cocoa,243.02
realm-realm-cocoa,723.81
realm-realm-cocoa,110.47
realm-realm-cocoa,304.39
realm-realm-cocoa,49.76
realm-realm-cocoa,960.1
realm-realm-cocoa,1.36
realm-realm-cocoa,623.4
realm-realm-cocoa,1016.44
realm-realm-cocoa,0.48
realm-realm-cocoa,2374.17
realm-realm-cocoa,2173.71
realm-realm-cocoa,1149.37
realm-realm-cocoa,1132.13
realm-realm-cocoa,635.29
realm-realm-cocoa,1.81
realm-realm-cocoa,92.9
realm-realm-cocoa,1064.73
realm-realm-cocoa,0.67
realm-realm-cocoa,25.59
realm-realm-cocoa,32.78
realm-realm-cocoa,0.55
realm-realm-cocoa,996.86
realm-realm-cocoa,167.68
realm-realm-cocoa,76.66
realm-realm-cocoa,0.18
realm-realm-cocoa,80.84
realm-realm-cocoa,8.5
realm-realm-cocoa,1.79
realm-realm-cocoa,165.29
realm-realm-cocoa,25.97
realm-realm-cocoa,30.51
realm-realm-cocoa,35.95
realm-realm-cocoa,2282.12
realm-realm-cocoa,269.81
realm-realm-cocoa,14.35
realm-realm-cocoa,207.12
realm-realm-cocoa,61.85
realm-realm-cocoa,68.15
realm-realm-cocoa,15.25
realm-realm-cocoa,121.42
realm-realm-cocoa,165.62
realm-realm-cocoa,4222.3
realm-realm-cocoa,24.01
realm-realm-cocoa,2.44
realm-realm-cocoa,0.54
realm-realm-cocoa,2.61
realm-realm-cocoa,242.15
realm-realm-cocoa,253.09
realm-realm-cocoa,169.03
realm-realm-cocoa,452.09
realm-realm-cocoa,0.16
realm-realm-cocoa,3358.1
realm-realm-cocoa,3358.17
realm-realm-cocoa,16.57
realm-realm-cocoa,61.23
realm-realm-cocoa,3.04
realm-realm-cocoa,628.6
realm-realm-cocoa,152.88
realm-realm-cocoa,149.3
realm-realm-cocoa,85.39
realm-realm-cocoa,261.1
realm-realm-cocoa,6738.51
realm-realm-cocoa,4045.84
realm-realm-cocoa,232.09
realm-realm-cocoa,4541.21
realm-realm-cocoa,9.84
realm-realm-cocoa,5.62
realm-realm-cocoa,1800.77
realm-realm-cocoa,315.48
realm-realm-cocoa,44.57
realm-realm-cocoa,7.06
realm-realm-cocoa,3154.59
realm-realm-cocoa,30.05
realm-realm-cocoa,491.18
realm-realm-cocoa,0.15
realm-realm-cocoa,335.2
realm-realm-cocoa,793.06
realm-realm-cocoa,1.01
realm-realm-cocoa,8.89
realm-realm-cocoa,26.15
realm-realm-cocoa,3.95
realm-realm-cocoa,83.39
realm-realm-cocoa,4.17
realm-realm-cocoa,41.3
realm-realm-cocoa,50.87
realm-realm-cocoa,3.35
realm-realm-cocoa,883.62
realm-realm-cocoa,1407.94
realm-realm-cocoa,957.74
realm-realm-cocoa,158.43
realm-realm-cocoa,261.31
realm-realm-cocoa,112.47
realm-realm-cocoa,828.37
realm-realm-cocoa,4584.0
realm-realm-cocoa,4685.69
realm-realm-cocoa,63.95
realm-realm-cocoa,26.17
realm-realm-cocoa,107.83
realm-realm-cocoa,124.48
realm-realm-cocoa,265.28
realm-realm-cocoa,659.75
realm-realm-cocoa,1382.68
realm-realm-cocoa,57.27
realm-realm-cocoa,326.69
realm-realm-cocoa,917.73
realm-realm-cocoa,1371.4
realm-realm-cocoa,7.11
realm-realm-cocoa,0.15
realm-realm-cocoa,1314.45
realm-realm-cocoa,339.81
realm-realm-cocoa,19.2
realm-realm-cocoa,2112.21
realm-realm-cocoa,156.73
realm-realm-cocoa,18.03
realm-realm-cocoa,27.62
realm-realm-cocoa,0.5
realm-realm-cocoa,60.88
realm-realm-cocoa,102.69
realm-realm-cocoa,16.25
realm-realm-cocoa,1559.5
realm-realm-cocoa,105.64
realm-realm-cocoa,340.0
realm-realm-cocoa,443.22
realm-realm-cocoa,3052.43
realm-realm-cocoa,652.48
realm-realm-cocoa,414.05
realm-realm-cocoa,20.02
realm-realm-cocoa,0.81
realm-realm-cocoa,3.34
realm-realm-cocoa,974.4
realm-realm-cocoa,345.24
realm-realm-cocoa,64.66
realm-realm-cocoa,112.59
realm-realm-cocoa,69.07
realm-realm-cocoa,711.5
realm-realm-cocoa,1199.47
realm-realm-cocoa,203.76
realm-realm-cocoa,267.96
realm-realm-cocoa,41.6
realm-realm-cocoa,0.4
realm-realm-cocoa,1900.97
realm-realm-cocoa,435.97
realm-realm-cocoa,6.51
realm-realm-cocoa,149.39
realm-realm-cocoa,1001.99
realm-realm-cocoa,34.99
realm-realm-cocoa,190.87
realm-realm-cocoa,1679.16
realm-realm-cocoa,324.47
realm-realm-cocoa,11783.54
realm-realm-cocoa,203.16
realm-realm-cocoa,10761.09
realm-realm-cocoa,0.22
realm-realm-cocoa,292.84
realm-realm-cocoa,431.77
realm-realm-cocoa,141.06
realm-realm-cocoa,37.12
realm-realm-cocoa,652.06
realm-realm-cocoa,69.79
realm-realm-cocoa,2132.92
realm-realm-cocoa,13.04
realm-realm-cocoa,111.72
realm-realm-cocoa,41.85
realm-realm-cocoa,1.46
realm-realm-cocoa,4745.03
realm-realm-cocoa,40.42
realm-realm-cocoa,719.89
realm-realm-cocoa,118.78
realm-realm-cocoa,705.12
realm-realm-cocoa,338.02
realm-realm-cocoa,1642.65
realm-realm-cocoa,8.33
realm-realm-cocoa,96.93
realm-realm-cocoa,2425.89
realm-realm-cocoa,1136.46
realm-realm-cocoa,7.8
realm-realm-cocoa,3241.42
realm-realm-cocoa,1248.51
realm-realm-cocoa,26.36
realm-realm-cocoa,28.74
realm-realm-cocoa,370.59
realm-realm-cocoa,5911.1
realm-realm-cocoa,1.18
realm-realm-cocoa,421.82
realm-realm-cocoa,634.17
realm-realm-cocoa,3042.88
realm-realm-cocoa,0.54
realm-realm-cocoa,9.28
realm-realm-cocoa,0.37
realm-realm-cocoa,34.42
realm-realm-cocoa,24.94
realm-realm-cocoa,2474.88
realm-realm-cocoa,366.29
realm-realm-cocoa,6090.59
realm-realm-cocoa,1396.98
realm-realm-cocoa,0.1
realm-realm-cocoa,30.15
realm-realm-cocoa,1014.74
realm-realm-cocoa,22.04
realm-realm-cocoa,22.76
realm-realm-cocoa,42.78
realm-realm-cocoa,3.46
realm-realm-cocoa,348.18
realm-realm-cocoa,310.2
realm-realm-cocoa,3.82
realm-realm-cocoa,7.51
realm-realm-cocoa,5.25
realm-realm-cocoa,20.34
realm-realm-cocoa,259.71
realm-realm-cocoa,7.77
realm-realm-cocoa,5.54
realm-realm-cocoa,5050.74
realm-realm-cocoa,2584.24
realm-realm-cocoa,6217.37
realm-realm-cocoa,85.31
realm-realm-cocoa,6.44
realm-realm-cocoa,216.78
realm-realm-cocoa,83.76
realm-realm-cocoa,258.18
realm-realm-cocoa,1309.49
realm-realm-cocoa,26.38
realm-realm-cocoa,2.67
realm-realm-cocoa,2292.33
realm-realm-cocoa,1.92
realm-realm-cocoa,311.64
realm-realm-cocoa,2851.12
realm-realm-cocoa,2.37
realm-realm-cocoa,118.91
realm-realm-cocoa,135.19
realm-realm-cocoa,120.0
realm-realm-cocoa,267.04
realm-realm-cocoa,67.66
realm-realm-cocoa,1517.69
realm-realm-cocoa,5.26
realm-realm-cocoa,23.26
realm-realm-cocoa,2682.64
realm-realm-cocoa,1561.16
realm-realm-cocoa,76.36
realm-realm-cocoa,33.34
realm-realm-cocoa,427.48
realm-realm-cocoa,406.31
realm-realm-cocoa,2694.11
realm-realm-cocoa,3377.92
realm-realm-cocoa,17.48
realm-realm-cocoa,464.97
realm-realm-cocoa,89.86
realm-realm-cocoa,332.31
realm-realm-cocoa,651.23
realm-realm-cocoa,3.02
realm-realm-cocoa,250.89
realm-realm-cocoa,512.22
realm-realm-cocoa,77.55
realm-realm-cocoa,4714.56
realm-realm-cocoa,401.93
realm-realm-cocoa,288.0
realm-realm-cocoa,1509.75
realm-realm-cocoa,4.79
realm-realm-cocoa,0.93
realm-realm-cocoa,1.06
realm-realm-cocoa,23.28
realm-realm-cocoa,419.2
realm-realm-cocoa,1.6
realm-realm-cocoa,1.05
realm-realm-cocoa,25.47
Mantle-Mantle,15.53
Mantle-Mantle,95.87
Mantle-Mantle,457.84
Mantle-Mantle,1661.52
Mantle-Mantle,2239.02
Mantle-Mantle,9911.41
Mantle-Mantle,334.86
Mantle-Mantle,1007.96
Mantle-Mantle,3301.28
Mantle-Mantle,397.71
Mantle-Mantle,2.82
Mantle-Mantle,6.65
Mantle-Mantle,91.83
Mantle-Mantle,207.16
Mantle-Mantle,127.18
Mantle-Mantle,3.1
Mantle-Mantle,1555.94
Mantle-Mantle,71.65
Mantle-Mantle,14.29
Mantle-Mantle,0.21
Mantle-Mantle,604.91
Mantle-Mantle,4238.54
Mantle-Mantle,8.18
Mantle-Mantle,0.19
Mantle-Mantle,14.23
slackhq-SlackTextViewController,3548.69
slackhq-SlackTextViewController,281.02
slackhq-SlackTextViewController,698.11
slackhq-SlackTextViewController,401.11
slackhq-SlackTextViewController,72.62
slackhq-SlackTextViewController,6.33
slackhq-SlackTextViewController,254.76
slackhq-SlackTextViewController,141.46
slackhq-SlackTextViewController,0.23
slackhq-SlackTextViewController,5.03
slackhq-SlackTextViewController,633.34
slackhq-SlackTextViewController,127.59
slackhq-SlackTextViewController,0.26
slackhq-SlackTextViewController,1617.9
slackhq-SlackTextViewController,133.57
slackhq-SlackTextViewController,622.98
slackhq-SlackTextViewController,100.86
slackhq-SlackTextViewController,51.59
slackhq-SlackTextViewController,7389.82
slackhq-SlackTextViewController,0.65
AFNetworking-AFNetworking,0.14
AFNetworking-AFNetworking,0.19
AFNetworking-AFNetworking,1.06
AFNetworking-AFNetworking,233.26
AFNetworking-AFNetworking,666.85
AFNetworking-AFNetworking,693.93
AFNetworking-AFNetworking,2467.9
AFNetworking-AFNetworking,1272.74
AFNetworking-AFNetworking,2909.59
AFNetworking-AFNetworking,292.22
AFNetworking-AFNetworking,1309.0
AFNetworking-AFNetworking,428.18
AFNetworking-AFNetworking,1.77
AFNetworking-AFNetworking,0.56
AFNetworking-AFNetworking,157.89
AFNetworking-AFNetworking,333.22
AFNetworking-AFNetworking,89.35
AFNetworking-AFNetworking,11.6
AFNetworking-AFNetworking,10.85
AFNetworking-AFNetworking,760.15
AFNetworking-AFNetworking,1.78
AFNetworking-AFNetworking,7.2
AFNetworking-AFNetworking,0.26
AFNetworking-AFNetworking,1.47
AFNetworking-AFNetworking,0.22
AFNetworking-AFNetworking,1.81
AFNetworking-AFNetworking,0.8
AFNetworking-AFNetworking,9.99
AFNetworking-AFNetworking,5028.48
AFNetworking-AFNetworking,0.16
AFNetworking-AFNetworking,1.13
AFNetworking-AFNetworking,139.11
AFNetworking-AFNetworking,186.66
AFNetworking-AFNetworking,435.33
AFNetworking-AFNetworking,560.34
AFNetworking-AFNetworking,97.45
AFNetworking-AFNetworking,3049.3
AFNetworking-AFNetworking,480.17
AFNetworking-AFNetworking,1432.09
AFNetworking-AFNetworking,44.81
AFNetworking-AFNetworking,571.67
AFNetworking-AFNetworking,328.46
AFNetworking-AFNetworking,192.15
RestKit-RestKit,9.05
RestKit-RestKit,0.71
RestKit-RestKit,123.41
RestKit-RestKit,140.37
RestKit-RestKit,327.5
RestKit-RestKit,327.54
RestKit-RestKit,0.84
RestKit-RestKit,165.29
RestKit-RestKit,209.46
RestKit-RestKit,536.78
RestKit-RestKit,373.29
RestKit-RestKit,2783.28
RestKit-RestKit,2517.13
RestKit-RestKit,83.92
RestKit-RestKit,189.02
RestKit-RestKit,365.91
RestKit-RestKit,3.63
RestKit-RestKit,127.9
RestKit-RestKit,164.59
RestKit-RestKit,1649.6
RestKit-RestKit,1.43
RestKit-RestKit,0.13
RestKit-RestKit,2189.93
RestKit-RestKit,2189.95
RestKit-RestKit,2756.8
RestKit-RestKit,29.19
RestKit-RestKit,2388.2
RestKit-RestKit,0.4
RestKit-RestKit,3654.36
RestKit-RestKit,3681.84
RestKit-RestKit,3731.19
RestKit-RestKit,32.72
RestKit-RestKit,3055.0
RestKit-RestKit,3.31
RestKit-RestKit,1.66
RestKit-RestKit,5264.47
RestKit-RestKit,0.33
RestKit-RestKit,8144.19
RestKit-RestKit,0.8
RestKit-RestKit,0.1
RestKit-RestKit,5.75
RestKit-RestKit,102.23
RestKit-RestKit,3264.44
RestKit-RestKit,9.83
RestKit-RestKit,8038.92
RestKit-RestKit,1.4
RestKit-RestKit,0.46
RestKit-RestKit,0.28
RestKit-RestKit,0.07
RestKit-RestKit,101.35
RestKit-RestKit,499.6
RestKit-RestKit,4.11
RestKit-RestKit,4076.33
RestKit-RestKit,203.01
RestKit-RestKit,6712.14
RestKit-RestKit,2337.5
RestKit-RestKit,0.75
RestKit-RestKit,0.06
RestKit-RestKit,3343.65
RestKit-RestKit,8.9
RestKit-RestKit,0.08
RestKit-RestKit,3.08
RestKit-RestKit,477.48
RestKit-RestKit,1135.07
RestKit-RestKit,570.16
RestKit-RestKit,727.21
RestKit-RestKit,9143.03
RestKit-RestKit,664.94
RestKit-RestKit,1417.16
RestKit-RestKit,980.41
RestKit-RestKit,228.84
RestKit-RestKit,0.21
RestKit-RestKit,28.48
RestKit-RestKit,37.04
RestKit-RestKit,207.58
RestKit-RestKit,29.3
RestKit-RestKit,138.44
RestKit-RestKit,189.26
RestKit-RestKit,1474.43
RestKit-RestKit,580.33
RestKit-RestKit,39.85
RestKit-RestKit,718.21
RestKit-RestKit,339.46
RestKit-RestKit,993.49
RestKit-RestKit,0.05
RestKit-RestKit,132.54
RestKit-RestKit,1603.16
RestKit-RestKit,2653.45
RestKit-RestKit,1277.51
RestKit-RestKit,1483.65
RestKit-RestKit,0.12
OpenEmu-OpenEmu,12.0
OpenEmu-OpenEmu,747.97
OpenEmu-OpenEmu,2.42
OpenEmu-OpenEmu,765.83
OpenEmu-OpenEmu,406.21
OpenEmu-OpenEmu,1155.9
OpenEmu-OpenEmu,435.91
OpenEmu-OpenEmu,388.26
OpenEmu-OpenEmu,3399.42
OpenEmu-OpenEmu,1366.46
OpenEmu-OpenEmu,100.3
OpenEmu-OpenEmu,20.46
OpenEmu-OpenEmu,96.05
OpenEmu-OpenEmu,17.59
OpenEmu-OpenEmu,35.48
OpenEmu-OpenEmu,180.15
OpenEmu-OpenEmu,499.16
OpenEmu-OpenEmu,740.89
OpenEmu-OpenEmu,1619.35
OpenEmu-OpenEmu,2179.4
OpenEmu-OpenEmu,2544.68
OpenEmu-OpenEmu,217.66
OpenEmu-OpenEmu,2606.51
OpenEmu-OpenEmu,2948.58
OpenEmu-OpenEmu,3219.28
OpenEmu-OpenEmu,3797.93
OpenEmu-OpenEmu,210.48
OpenEmu-OpenEmu,3.23
OpenEmu-OpenEmu,6314.57
OpenEmu-OpenEmu,9143.64
OpenEmu-OpenEmu,10.34
OpenEmu-OpenEmu,53.51
OpenEmu-OpenEmu,202.27
OpenEmu-OpenEmu,1.02
OpenEmu-OpenEmu,9749.17
OpenEmu-OpenEmu,1285.96
OpenEmu-OpenEmu,2769.68
OpenEmu-OpenEmu,26.69
OpenEmu-OpenEmu,71.33
OpenEmu-OpenEmu,67.35
OpenEmu-OpenEmu,39.58
OpenEmu-OpenEmu,1390.75
OpenEmu-OpenEmu,3.63
OpenEmu-OpenEmu,355.86
OpenEmu-OpenEmu,89.6
OpenEmu-OpenEmu,226.63
OpenEmu-OpenEmu,793.18
OpenEmu-OpenEmu,16.4
OpenEmu-OpenEmu,109.22
OpenEmu-OpenEmu,39.81
OpenEmu-OpenEmu,8977.08
OpenEmu-OpenEmu,105.51
OpenEmu-OpenEmu,232.55
OpenEmu-OpenEmu,3038.55
OpenEmu-OpenEmu,4203.88
OpenEmu-OpenEmu,249.62
OpenEmu-OpenEmu,307.05
OpenEmu-OpenEmu,6808.52
OpenEmu-OpenEmu,952.61
OpenEmu-OpenEmu,2202.73
OpenEmu-OpenEmu,61.98
OpenEmu-OpenEmu,124.61
OpenEmu-OpenEmu,1037.77
OpenEmu-OpenEmu,8379.97
OpenEmu-OpenEmu,4251.22
OpenEmu-OpenEmu,1.15
OpenEmu-OpenEmu,4.42
OpenEmu-OpenEmu,3399.25
OpenEmu-OpenEmu,385.21
OpenEmu-OpenEmu,408.16
OpenEmu-OpenEmu,1678.9
OpenEmu-OpenEmu,84.78
OpenEmu-OpenEmu,2916.69
OpenEmu-OpenEmu,5737.97
OpenEmu-OpenEmu,411.22
OpenEmu-OpenEmu,514.86
OpenEmu-OpenEmu,2925.21
OpenEmu-OpenEmu,1509.87
OpenEmu-OpenEmu,7335.11
OpenEmu-OpenEmu,2179.34
OpenEmu-OpenEmu,431.3
OpenEmu-OpenEmu,376.91
OpenEmu-OpenEmu,31.8
OpenEmu-OpenEmu,12249.62
OpenEmu-OpenEmu,340.62
OpenEmu-OpenEmu,5.14
OpenEmu-OpenEmu,16.72
OpenEmu-OpenEmu,5.5
OpenEmu-OpenEmu,1.91
OpenEmu-OpenEmu,2.05
OpenEmu-OpenEmu,0.13
OpenEmu-OpenEmu,28.08
OpenEmu-OpenEmu,3.62
OpenEmu-OpenEmu,21.72
OpenEmu-OpenEmu,10954.55
OpenEmu-OpenEmu,7431.27
OpenEmu-OpenEmu,15.32
OpenEmu-OpenEmu,1.48
OpenEmu-OpenEmu,494.26
OpenEmu-OpenEmu,0.04
OpenEmu-OpenEmu,0.43
OpenEmu-OpenEmu,7.93
OpenEmu-OpenEmu,8.67
OpenEmu-OpenEmu,12.63
OpenEmu-OpenEmu,38.88
OpenEmu-OpenEmu,8.31
OpenEmu-OpenEmu,1.49
OpenEmu-OpenEmu,249.18
OpenEmu-OpenEmu,12.36
OpenEmu-OpenEmu,1.16
OpenEmu-OpenEmu,201.46
OpenEmu-OpenEmu,13.12
OpenEmu-OpenEmu,16.37
OpenEmu-OpenEmu,3.84
OpenEmu-OpenEmu,2.97
OpenEmu-OpenEmu,222.48
OpenEmu-OpenEmu,272.35
OpenEmu-OpenEmu,342.21
OpenEmu-OpenEmu,23.86
OpenEmu-OpenEmu,475.74
OpenEmu-OpenEmu,1175.29
OpenEmu-OpenEmu,961.1
OpenEmu-OpenEmu,0.97
OpenEmu-OpenEmu,266.9
OpenEmu-OpenEmu,0.1
OpenEmu-OpenEmu,4695.86
OpenEmu-OpenEmu,1.23
OpenEmu-OpenEmu,16.41
OpenEmu-OpenEmu,683.36
OpenEmu-OpenEmu,1.85
OpenEmu-OpenEmu,591.52
OpenEmu-OpenEmu,330.34
OpenEmu-OpenEmu,4.24
OpenEmu-OpenEmu,222.98
OpenEmu-OpenEmu,0.09
OpenEmu-OpenEmu,0.18
OpenEmu-OpenEmu,1530.2
OpenEmu-OpenEmu,18.69
OpenEmu-OpenEmu,7.14
OpenEmu-OpenEmu,1666.27
OpenEmu-OpenEmu,27.32
OpenEmu-OpenEmu,8.57
OpenEmu-OpenEmu,84.21
OpenEmu-OpenEmu,16.56
OpenEmu-OpenEmu,1682.34
OpenEmu-OpenEmu,0.52
OpenEmu-OpenEmu,127.35
OpenEmu-OpenEmu,125.23
OpenEmu-OpenEmu,2062.67
OpenEmu-OpenEmu,31.27
OpenEmu-OpenEmu,24.57
OpenEmu-OpenEmu,350.67
OpenEmu-OpenEmu,295.18
OpenEmu-OpenEmu,14953.21
OpenEmu-OpenEmu,1900.34
OpenEmu-OpenEmu,303.39
OpenEmu-OpenEmu,2158.83
OpenEmu-OpenEmu,29.68
OpenEmu-OpenEmu,2470.27
OpenEmu-OpenEmu,17.75
OpenEmu-OpenEmu,772.36
OpenEmu-OpenEmu,125.76
OpenEmu-OpenEmu,2141.1
OpenEmu-OpenEmu,25.63
OpenEmu-OpenEmu,203.94
OpenEmu-OpenEmu,11.45
OpenEmu-OpenEmu,0.65
OpenEmu-OpenEmu,2607.38
OpenEmu-OpenEmu,1.93
OpenEmu-OpenEmu,11.79
OpenEmu-OpenEmu,6.53
OpenEmu-OpenEmu,118.25
OpenEmu-OpenEmu,2.05
OpenEmu-OpenEmu,0.77
OpenEmu-OpenEmu,105.89
OpenEmu-OpenEmu,46.97
OpenEmu-OpenEmu,2.43
OpenEmu-OpenEmu,0.15
OpenEmu-OpenEmu,348.98
OpenEmu-OpenEmu,98.55
OpenEmu-OpenEmu,99.92
OpenEmu-OpenEmu,349.81
OpenEmu-OpenEmu,145.64
OpenEmu-OpenEmu,3037.32
OpenEmu-OpenEmu,19.06
OpenEmu-OpenEmu,416.43
OpenEmu-OpenEmu,2925.17
OpenEmu-OpenEmu,33.68
OpenEmu-OpenEmu,6.7
OpenEmu-OpenEmu,21.3
OpenEmu-OpenEmu,21.15
OpenEmu-OpenEmu,5.14
OpenEmu-OpenEmu,93.11
OpenEmu-OpenEmu,3042.43
OpenEmu-OpenEmu,24.85
OpenEmu-OpenEmu,15958.14
OpenEmu-OpenEmu,292.31
OpenEmu-OpenEmu,2356.76
OpenEmu-OpenEmu,7.54
OpenEmu-OpenEmu,373.58
OpenEmu-OpenEmu,199.66
OpenEmu-OpenEmu,37.61
OpenEmu-OpenEmu,48.23
OpenEmu-OpenEmu,101.12
OpenEmu-OpenEmu,153.41
OpenEmu-OpenEmu,147.49
OpenEmu-OpenEmu,1029.13
OpenEmu-OpenEmu,1.68
OpenEmu-OpenEmu,0.56
OpenEmu-OpenEmu,270.77
OpenEmu-OpenEmu,1.59
OpenEmu-OpenEmu,14143.3
OpenEmu-OpenEmu,1972.61
OpenEmu-OpenEmu,7.44
OpenEmu-OpenEmu,75.12
OpenEmu-OpenEmu,1259.9
OpenEmu-OpenEmu,1275.67
OpenEmu-OpenEmu,1277.11
OpenEmu-OpenEmu,10.6
OpenEmu-OpenEmu,1392.49
OpenEmu-OpenEmu,89.23
OpenEmu-OpenEmu,90.42
OpenEmu-OpenEmu,1398.95
OpenEmu-OpenEmu,2.7
OpenEmu-OpenEmu,204.98
OpenEmu-OpenEmu,1413.71
OpenEmu-OpenEmu,1413.74
OpenEmu-OpenEmu,1413.78
OpenEmu-OpenEmu,1413.88
OpenEmu-OpenEmu,1414.08
OpenEmu-OpenEmu,1414.12
OpenEmu-OpenEmu,1414.17
OpenEmu-OpenEmu,1436.89
OpenEmu-OpenEmu,113.36
OpenEmu-OpenEmu,22.84
OpenEmu-OpenEmu,47.67
OpenEmu-OpenEmu,373.71
OpenEmu-OpenEmu,4000.78
OpenEmu-OpenEmu,945.8
OpenEmu-OpenEmu,962.33
OpenEmu-OpenEmu,552.77
OpenEmu-OpenEmu,514.25
OpenEmu-OpenEmu,594.63
OpenEmu-OpenEmu,37.19
OpenEmu-OpenEmu,673.68
OpenEmu-OpenEmu,2121.14
OpenEmu-OpenEmu,2136.45
OpenEmu-OpenEmu,720.26
OpenEmu-OpenEmu,2217.22
OpenEmu-OpenEmu,2558.61
OpenEmu-OpenEmu,3.46
OpenEmu-OpenEmu,24.85
OpenEmu-OpenEmu,38.78
OpenEmu-OpenEmu,1.35
OpenEmu-OpenEmu,2341.91
OpenEmu-OpenEmu,0.46
OpenEmu-OpenEmu,4.65
OpenEmu-OpenEmu,133.76
OpenEmu-OpenEmu,6574.37
OpenEmu-OpenEmu,1.5
OpenEmu-OpenEmu,2335.05
OpenEmu-OpenEmu,11.98
OpenEmu-OpenEmu,31.11
OpenEmu-OpenEmu,32.42
OpenEmu-OpenEmu,2297.1
OpenEmu-OpenEmu,4446.34
OpenEmu-OpenEmu,3838.06
OpenEmu-OpenEmu,4456.66
OpenEmu-OpenEmu,6579.25
OpenEmu-OpenEmu,4042.75
OpenEmu-OpenEmu,6798.19
OpenEmu-OpenEmu,6601.91
OpenEmu-OpenEmu,2918.67
OpenEmu-OpenEmu,189.14
OpenEmu-OpenEmu,4496.1
OpenEmu-OpenEmu,6666.2
OpenEmu-OpenEmu,4686.4
OpenEmu-OpenEmu,6961.13
magicalpanda-MagicalRecord,102.76
magicalpanda-MagicalRecord,0.4
magicalpanda-MagicalRecord,4.06
magicalpanda-MagicalRecord,637.96
magicalpanda-MagicalRecord,20.34
magicalpanda-MagicalRecord,651.39
magicalpanda-MagicalRecord,17.4
magicalpanda-MagicalRecord,884.47
magicalpanda-MagicalRecord,0.04
magicalpanda-MagicalRecord,768.19
magicalpanda-MagicalRecord,19.61
magicalpanda-MagicalRecord,1251.67
magicalpanda-MagicalRecord,63.6
magicalpanda-MagicalRecord,0.09
magicalpanda-MagicalRecord,5.07
magicalpanda-MagicalRecord,0.63
magicalpanda-MagicalRecord,7.65
magicalpanda-MagicalRecord,7.63
magicalpanda-MagicalRecord,4252.23
magicalpanda-MagicalRecord,10.29
magicalpanda-MagicalRecord,5931.8
magicalpanda-MagicalRecord,0.74
magicalpanda-MagicalRecord,2.17
magicalpanda-MagicalRecord,93.42
magicalpanda-MagicalRecord,7.96
magicalpanda-MagicalRecord,13.6
magicalpanda-MagicalRecord,11.68
magicalpanda-MagicalRecord,0.21
magicalpanda-MagicalRecord,255.15
magicalpanda-MagicalRecord,7292.76
magicalpanda-MagicalRecord,1828.63
magicalpanda-MagicalRecord,20.84
magicalpanda-MagicalRecord,210.45
magicalpanda-MagicalRecord,4064.67
magicalpanda-MagicalRecord,123.24
magicalpanda-MagicalRecord,11.54
magicalpanda-MagicalRecord,333.94
magicalpanda-MagicalRecord,0.68
magicalpanda-MagicalRecord,1704.58
magicalpanda-MagicalRecord,5.2
magicalpanda-MagicalRecord,738.41
magicalpanda-MagicalRecord,0.08
magicalpanda-MagicalRecord,144.39
magicalpanda-MagicalRecord,166.22
magicalpanda-MagicalRecord,320.04
magicalpanda-MagicalRecord,1190.91
magicalpanda-MagicalRecord,1915.44
magicalpanda-MagicalRecord,48.84
magicalpanda-MagicalRecord,3.56
magicalpanda-MagicalRecord,132.05
magicalpanda-MagicalRecord,184.33
magicalpanda-MagicalRecord,4179.49
magicalpanda-MagicalRecord,373.8
magicalpanda-MagicalRecord,503.67
magicalpanda-MagicalRecord,614.9
magicalpanda-MagicalRecord,44.54
magicalpanda-MagicalRecord,67.26
magicalpanda-MagicalRecord,1.0
magicalpanda-MagicalRecord,24.59
magicalpanda-MagicalRecord,157.68
magicalpanda-MagicalRecord,718.6
magicalpanda-MagicalRecord,382.36
magicalpanda-MagicalRecord,1173.99
magicalpanda-MagicalRecord,0.23
magicalpanda-MagicalRecord,138.62
magicalpanda-MagicalRecord,1014.75
magicalpanda-MagicalRecord,1935.5
magicalpanda-MagicalRecord,160.77
magicalpanda-MagicalRecord,2070.56
magicalpanda-MagicalRecord,18.72
magicalpanda-MagicalRecord,1577.73
magicalpanda-MagicalRecord,1269.09
magicalpanda-MagicalRecord,66.74
magicalpanda-MagicalRecord,6495.78
magicalpanda-MagicalRecord,445.61
magicalpanda-MagicalRecord,389.0
magicalpanda-MagicalRecord,13512.47
magicalpanda-MagicalRecord,904.77
magicalpanda-MagicalRecord,3011.58
magicalpanda-MagicalRecord,632.87
magicalpanda-MagicalRecord,1.25
magicalpanda-MagicalRecord,167.93
magicalpanda-MagicalRecord,493.31
magicalpanda-MagicalRecord,236.41
magicalpanda-MagicalRecord,62.0
magicalpanda-MagicalRecord,9.24
magicalpanda-MagicalRecord,1.55
magicalpanda-MagicalRecord,1.4
magicalpanda-MagicalRecord,0.59
magicalpanda-MagicalRecord,5.64
magicalpanda-MagicalRecord,6.11
magicalpanda-MagicalRecord,1922.45
magicalpanda-MagicalRecord,36.86
magicalpanda-MagicalRecord,5.65
magicalpanda-MagicalRecord,271.27
magicalpanda-MagicalRecord,337.42
magicalpanda-MagicalRecord,3142.26
magicalpanda-MagicalRecord,1048.8
magicalpanda-MagicalRecord,501.93
magicalpanda-MagicalRecord,744.89
magicalpanda-MagicalRecord,948.37
magicalpanda-MagicalRecord,1188.95
magicalpanda-MagicalRecord,1365.27
magicalpanda-MagicalRecord,1409.89
magicalpanda-MagicalRecord,0.82
magicalpanda-MagicalRecord,1617.18
magicalpanda-MagicalRecord,1218.88
magicalpanda-MagicalRecord,2.46
magicalpanda-MagicalRecord,2288.3
magicalpanda-MagicalRecord,4.54
magicalpanda-MagicalRecord,0.28
magicalpanda-MagicalRecord,5.33
magicalpanda-MagicalRecord,2936.93
magicalpanda-MagicalRecord,305.64
magicalpanda-MagicalRecord,52.65
magicalpanda-MagicalRecord,5046.95
magicalpanda-MagicalRecord,9339.47
magicalpanda-MagicalRecord,2784.33
magicalpanda-MagicalRecord,3.99
magicalpanda-MagicalRecord,40.07
magicalpanda-MagicalRecord,0.77
magicalpanda-MagicalRecord,4903.58
magicalpanda-MagicalRecord,90.45
magicalpanda-MagicalRecord,0.11
magicalpanda-MagicalRecord,8247.81
magicalpanda-MagicalRecord,10744.96
magicalpanda-MagicalRecord,8370.93
magicalpanda-MagicalRecord,0.65
magicalpanda-MagicalRecord,15157.45
magicalpanda-MagicalRecord,8467.24
magicalpanda-MagicalRecord,32.37
magicalpanda-MagicalRecord,7002.91
magicalpanda-MagicalRecord,8778.58
magicalpanda-MagicalRecord,256.86
magicalpanda-MagicalRecord,9169.57
magicalpanda-MagicalRecord,9260.8
magicalpanda-MagicalRecord,3.21
magicalpanda-MagicalRecord,1325.49
magicalpanda-MagicalRecord,3768.11
magicalpanda-MagicalRecord,13930.65
magicalpanda-MagicalRecord,86.68
magicalpanda-MagicalRecord,10922.07
magicalpanda-MagicalRecord,8184.77
magicalpanda-MagicalRecord,3005.98
magicalpanda-MagicalRecord,455.09
magicalpanda-MagicalRecord,1940.16
magicalpanda-MagicalRecord,9540.2
magicalpanda-MagicalRecord,1440.72
magicalpanda-MagicalRecord,9996.25
magicalpanda-MagicalRecord,1266.79
magicalpanda-MagicalRecord,1954.14
magicalpanda-MagicalRecord,3121.27
magicalpanda-MagicalRecord,15994.66
magicalpanda-MagicalRecord,7057.74
magicalpanda-MagicalRecord,18837.25
magicalpanda-MagicalRecord,212.63
onevcat-VVDocumenter-Xcode,377.64
onevcat-VVDocumenter-Xcode,404.06
onevcat-VVDocumenter-Xcode,128.32
onevcat-VVDocumenter-Xcode,294.35
onevcat-VVDocumenter-Xcode,1206.28
onevcat-VVDocumenter-Xcode,2465.72
onevcat-VVDocumenter-Xcode,2729.44
onevcat-VVDocumenter-Xcode,436.62
onevcat-VVDocumenter-Xcode,1561.15
onevcat-VVDocumenter-Xcode,48.63
onevcat-VVDocumenter-Xcode,4491.02
onevcat-VVDocumenter-Xcode,606.74
onevcat-VVDocumenter-Xcode,0.06
onevcat-VVDocumenter-Xcode,0.1
onevcat-VVDocumenter-Xcode,7.7
onevcat-VVDocumenter-Xcode,63.57
onevcat-VVDocumenter-Xcode,7470.67
Flipboard-FLEX,263.44
Flipboard-FLEX,429.52
Flipboard-FLEX,671.47
Flipboard-FLEX,5223.09
Flipboard-FLEX,104.49
facebook-xctool,190.87
facebook-xctool,313.56
facebook-xctool,53.69
facebook-xctool,113.1
facebook-xctool,383.57
facebook-xctool,875.64
facebook-xctool,27.05
facebook-xctool,1190.12
facebook-xctool,2224.64
facebook-xctool,33.86
facebook-xctool,72.13
facebook-xctool,1012.48
facebook-xctool,386.33
facebook-xctool,431.95
facebook-xctool,4239.53
facebook-xctool,243.04
facebook-xctool,550.33
facebook-xctool,6718.53
facebook-xctool,967.96
facebook-xctool,6760.39
facebook-xctool,9394.56
facebook-xctool,8149.91
facebook-xctool,873.46
facebook-xctool,9889.32
facebook-xctool,9793.64
facebook-xctool,10113.27
facebook-xctool,10125.67
facebook-xctool,10751.19
facebook-xctool,14468.46
facebook-xctool,11427.34
facebook-xctool,12264.47
facebook-xctool,12943.39
facebook-xctool,188.59
facebook-xctool,40.18
facebook-xctool,13979.41
facebook-xctool,2348.57
facebook-xctool,3.15
facebook-xctool,15061.22
facebook-xctool,13.05
facebook-xctool,189.74
facebook-xctool,410.17
facebook-xctool,64.01
facebook-xctool,151.52
facebook-xctool,3939.69
facebook-xctool,155.05
facebook-xctool,15911.07
facebook-xctool,1052.61
facebook-xctool,106.28
facebook-xctool,142.85
facebook-xctool,29.59
facebook-xctool,7.32
facebook-xctool,4.24
facebook-xctool,46.78
facebook-xctool,512.95
facebook-xctool,0.36
facebook-xctool,346.18
facebook-xctool,563.39
facebook-xctool,1838.14
facebook-xctool,1.55
facebook-xctool,959.3
facebook-xctool,1589.45
facebook-xctool,695.95
facebook-xctool,0.19
facebook-xctool,1076.99
facebook-xctool,286.41
facebook-xctool,420.26
facebook-xctool,1618.12
SnapKit-Masonry,693.89
SnapKit-Masonry,1357.45
SnapKit-Masonry,226.2
BradLarson-GPUImage,2559.85
BradLarson-GPUImage,13971.42
BradLarson-GPUImage,333.05
BradLarson-GPUImage,116.25
BradLarson-GPUImage,129.5
BradLarson-GPUImage,337.66
BradLarson-GPUImage,16633.41
BradLarson-GPUImage,38.48
BradLarson-GPUImage,769.57
BradLarson-GPUImage,1664.03
BradLarson-GPUImage,442.25
BradLarson-GPUImage,1446.58
BradLarson-GPUImage,813.33
BradLarson-GPUImage,95.49
BradLarson-GPUImage,191.4
BradLarson-GPUImage,24.39
BradLarson-GPUImage,23.84
BradLarson-GPUImage,1835.67
BradLarson-GPUImage,17727.85
BradLarson-GPUImage,17875.23
BradLarson-GPUImage,1222.46
BradLarson-GPUImage,25.09
BradLarson-GPUImage,3046.75
romaonthego-RESideMenu,770.77
romaonthego-RESideMenu,809.63
romaonthego-RESideMenu,1066.41
romaonthego-RESideMenu,0.17
romaonthego-RESideMenu,1350.65
romaonthego-RESideMenu,2121.68
romaonthego-RESideMenu,363.97
romaonthego-RESideMenu,125.79
romaonthego-RESideMenu,1563.49
PureLayout-PureLayout,826.96
jverkoey-nimbus,12.71
jverkoey-nimbus,3.1
jverkoey-nimbus,5.58
jverkoey-nimbus,0.13
jverkoey-nimbus,0.09
jverkoey-nimbus,32.48
jverkoey-nimbus,2.04
jverkoey-nimbus,8.65
jverkoey-nimbus,53.09
jverkoey-nimbus,4.75
jverkoey-nimbus,1.14
jverkoey-nimbus,92.5
jverkoey-nimbus,419.81
jverkoey-nimbus,710.25
jverkoey-nimbus,737.79
jverkoey-nimbus,945.58
jverkoey-nimbus,965.98
jverkoey-nimbus,863.61
jverkoey-nimbus,232.55
jverkoey-nimbus,1403.33
jverkoey-nimbus,1655.6
jverkoey-nimbus,1919.1
jverkoey-nimbus,863.06
jverkoey-nimbus,19.13
jverkoey-nimbus,0.47
jverkoey-nimbus,2448.89
jverkoey-nimbus,2499.75
jverkoey-nimbus,2715.72
jverkoey-nimbus,2765.25
jverkoey-nimbus,2820.69
jverkoey-nimbus,3059.98
jverkoey-nimbus,3090.17
jverkoey-nimbus,28.05
jverkoey-nimbus,3098.61
jverkoey-nimbus,3467.56
jverkoey-nimbus,396.45
jverkoey-nimbus,1535.51
jverkoey-nimbus,306.75
jverkoey-nimbus,337.61
jverkoey-nimbus,3657.15
jverkoey-nimbus,3766.37
jverkoey-nimbus,4206.28
jverkoey-nimbus,4246.89
jverkoey-nimbus,4600.33
jverkoey-nimbus,4740.1
jverkoey-nimbus,526.36
jverkoey-nimbus,5257.51
jverkoey-nimbus,2488.96
jverkoey-nimbus,116.6
jverkoey-nimbus,5690.37
jverkoey-nimbus,5998.96
jverkoey-nimbus,6593.12
jverkoey-nimbus,476.51
jverkoey-nimbus,3347.41
jverkoey-nimbus,6853.27
jverkoey-nimbus,6921.94
jverkoey-nimbus,7116.5
jverkoey-nimbus,7285.7
jverkoey-nimbus,7346.88
jverkoey-nimbus,7524.67
jverkoey-nimbus,0.2
jverkoey-nimbus,1434.63
jverkoey-nimbus,1349.62
jverkoey-nimbus,8186.97
jverkoey-nimbus,8418.0
jverkoey-nimbus,5046.59
jverkoey-nimbus,8596.72
jverkoey-nimbus,8921.22
jverkoey-nimbus,9419.39
jverkoey-nimbus,6679.74
jverkoey-nimbus,1101.09
jverkoey-nimbus,5277.38
jverkoey-nimbus,13222.75
jverkoey-nimbus,281.13
jverkoey-nimbus,167.48
jverkoey-nimbus,238.09
jverkoey-nimbus,12.54
jverkoey-nimbus,383.33
jverkoey-nimbus,8062.85
jverkoey-nimbus,530.61
jverkoey-nimbus,746.7
jverkoey-nimbus,13138.54
jverkoey-nimbus,35.83
jverkoey-nimbus,13308.54
jverkoey-nimbus,2.14
jverkoey-nimbus,3.71
jverkoey-nimbus,6962.94
jverkoey-nimbus,78.65
jverkoey-nimbus,13485.69
jverkoey-nimbus,209.34
jverkoey-nimbus,43.47
jverkoey-nimbus,4.3
jverkoey-nimbus,6.64
jverkoey-nimbus,2.23
jverkoey-nimbus,125.68
jverkoey-nimbus,85.65
jverkoey-nimbus,1.99
jverkoey-nimbus,6198.7
jverkoey-nimbus,8186.88
jverkoey-nimbus,2664.64
jverkoey-nimbus,3111.68
jverkoey-nimbus,3682.53
jverkoey-nimbus,4843.39
jverkoey-nimbus,118.89
jverkoey-nimbus,554.22
jverkoey-nimbus,136.98
jverkoey-nimbus,608.51
jverkoey-nimbus,406.01
jverkoey-nimbus,2.67
jverkoey-nimbus,164.82
jverkoey-nimbus,6.17
jverkoey-nimbus,258.49
jverkoey-nimbus,78.94
jverkoey-nimbus,159.07
CocoaLumberjack-CocoaLumberjack,0.41
CocoaLumberjack-CocoaLumberjack,167.59
CocoaLumberjack-CocoaLumberjack,185.6
CocoaLumberjack-CocoaLumberjack,572.04
CocoaLumberjack-CocoaLumberjack,115.55
CocoaLumberjack-CocoaLumberjack,2458.87
CocoaLumberjack-CocoaLumberjack,1260.11
CocoaLumberjack-CocoaLumberjack,330.19
CocoaLumberjack-CocoaLumberjack,0.42
CocoaLumberjack-CocoaLumberjack,40.75
CocoaLumberjack-CocoaLumberjack,3410.57
CocoaLumberjack-CocoaLumberjack,5.69
CocoaLumberjack-CocoaLumberjack,1.63
CocoaLumberjack-CocoaLumberjack,3674.25
CocoaLumberjack-CocoaLumberjack,0.28
CocoaLumberjack-CocoaLumberjack,115.65
CocoaLumberjack-CocoaLumberjack,14.61
CocoaLumberjack-CocoaLumberjack,6452.28
CocoaLumberjack-CocoaLumberjack,187.24
CocoaLumberjack-CocoaLumberjack,867.09
CocoaLumberjack-CocoaLumberjack,1271.8
CocoaLumberjack-CocoaLumberjack,1310.31
CocoaLumberjack-CocoaLumberjack,83.25
CocoaLumberjack-CocoaLumberjack,7950.63
CocoaLumberjack-CocoaLumberjack,13.81
CocoaLumberjack-CocoaLumberjack,1312.02
CocoaLumberjack-CocoaLumberjack,896.14
CocoaLumberjack-CocoaLumberjack,1336.65
CocoaLumberjack-CocoaLumberjack,916.64
CocoaLumberjack-CocoaLumberjack,4982.57
CocoaLumberjack-CocoaLumberjack,5.46
CocoaLumberjack-CocoaLumberjack,83.74
CocoaLumberjack-CocoaLumberjack,3521.28
CocoaLumberjack-CocoaLumberjack,59.38
CocoaLumberjack-CocoaLumberjack,4.24
CocoaLumberjack-CocoaLumberjack,0.47
CocoaLumberjack-CocoaLumberjack,9.22
CocoaLumberjack-CocoaLumberjack,6.65
CocoaLumberjack-CocoaLumberjack,2.59
CocoaLumberjack-CocoaLumberjack,723.15
CocoaLumberjack-CocoaLumberjack,6981.57
CocoaLumberjack-CocoaLumberjack,1390.63
CocoaLumberjack-CocoaLumberjack,2159.4
CocoaLumberjack-CocoaLumberjack,4716.68
CocoaLumberjack-CocoaLumberjack,17891.08
CocoaLumberjack-CocoaLumberjack,6082.56
CocoaLumberjack-CocoaLumberjack,15318.65
CocoaLumberjack-CocoaLumberjack,9440.02
CocoaLumberjack-CocoaLumberjack,10231.33
CocoaLumberjack-CocoaLumberjack,27800.34
CocoaLumberjack-CocoaLumberjack,22956.77
TTTAttributedLabel-TTTAttributedLabel,31.62
TTTAttributedLabel-TTTAttributedLabel,2332.63
TTTAttributedLabel-TTTAttributedLabel,8.04
TTTAttributedLabel-TTTAttributedLabel,463.76
TTTAttributedLabel-TTTAttributedLabel,3127.84
TTTAttributedLabel-TTTAttributedLabel,836.43
TTTAttributedLabel-TTTAttributedLabel,0.19
TTTAttributedLabel-TTTAttributedLabel,1171.49
TTTAttributedLabel-TTTAttributedLabel,2206.9
TTTAttributedLabel-TTTAttributedLabel,238.76
TTTAttributedLabel-TTTAttributedLabel,3148.58
TTTAttributedLabel-TTTAttributedLabel,4508.37
path-FastImageCache,1748.31
rs-SDWebImage,1.0
rs-SDWebImage,4614.0
rs-SDWebImage,5719.57
rs-SDWebImage,1.32
rs-SDWebImage,9138.52
rs-SDWebImage,2714.16
rs-SDWebImage,9231.48
rs-SDWebImage,146.24
rs-SDWebImage,47.8
rs-SDWebImage,0.22
rs-SDWebImage,0.21
rs-SDWebImage,4044.73
rs-SDWebImage,6666.09
rs-SDWebImage,3772.33
rs-SDWebImage,23.43
rs-SDWebImage,1886.77
rs-SDWebImage,534.28
rs-SDWebImage,2270.49
rs-SDWebImage,9236.12
rs-SDWebImage,241.3
rs-SDWebImage,241.37
rs-SDWebImage,1372.83
rs-SDWebImage,15116.7
rs-SDWebImage,3827.34
rs-SDWebImage,6237.91
rs-SDWebImage,1965.94
rs-SDWebImage,5750.19
rs-SDWebImage,9065.25
rs-SDWebImage,5850.14
rs-SDWebImage,10675.75
rs-SDWebImage,2123.78
rs-SDWebImage,49.22
rs-SDWebImage,9906.92
rs-SDWebImage,370.36
rs-SDWebImage,720.33
rs-SDWebImage,19887.31
rs-SDWebImage,4.62
rs-SDWebImage,3218.84
rs-SDWebImage,58.58
rs-SDWebImage,991.43
rs-SDWebImage,410.03
rs-SDWebImage,695.94
rs-SDWebImage,592.9
rs-SDWebImage,705.74
rs-SDWebImage,1482.39
rs-SDWebImage,969.72
rs-SDWebImage,4468.17
rs-SDWebImage,3669.44
rs-SDWebImage,3047.22
rs-SDWebImage,4152.27
rs-SDWebImage,3551.94
rs-SDWebImage,3860.31
rs-SDWebImage,232.34
rs-SDWebImage,22985.78
rs-SDWebImage,8223.53
rs-SDWebImage,1697.69
rs-SDWebImage,879.3
rs-SDWebImage,25679.64
rs-SDWebImage,1191.83
rs-SDWebImage,6437.32
rs-SDWebImage,14001.91
rs-SDWebImage,6347.01
rs-SDWebImage,6740.73
rs-SDWebImage,10218.9
rs-SDWebImage,113.11
rs-SDWebImage,7296.84
rs-SDWebImage,11468.96
rs-SDWebImage,18305.23
rs-SDWebImage,2111.11
rs-SDWebImage,13.79
rs-SDWebImage,0.4
rs-SDWebImage,61.73
rs-SDWebImage,17849.5
rs-SDWebImage,2232.83
rs-SDWebImage,9.35
rs-SDWebImage,100.09
rs-SDWebImage,44424.25
rs-SDWebImage,846.81
rs-SDWebImage,46.3
rs-SDWebImage,1225.35
rs-SDWebImage,452.39
rs-SDWebImage,797.95
rs-SDWebImage,615.37
rs-SDWebImage,3596.86
rs-SDWebImage,1660.74
rs-SDWebImage,84.51
jdg-MBProgressHUD,0.48
jdg-MBProgressHUD,259.11
jdg-MBProgressHUD,357.07
jdg-MBProgressHUD,2390.96
jdg-MBProgressHUD,4436.6
jdg-MBProgressHUD,454.41
jdg-MBProgressHUD,196.86
jdg-MBProgressHUD,164.37
jdg-MBProgressHUD,1936.91
jdg-MBProgressHUD,3476.89
jdg-MBProgressHUD,4375.9
jdg-MBProgressHUD,4185.27
jdg-MBProgressHUD,4987.66
jdg-MBProgressHUD,8530.59
SVProgressHUD-SVProgressHUD,575.53
SVProgressHUD-SVProgressHUD,741.17
SVProgressHUD-SVProgressHUD,366.43
SVProgressHUD-SVProgressHUD,3166.49
SVProgressHUD-SVProgressHUD,782.86
SVProgressHUD-SVProgressHUD,2042.73
SVProgressHUD-SVProgressHUD,3265.9
SVProgressHUD-SVProgressHUD,5159.74
SVProgressHUD-SVProgressHUD,3397.36
SVProgressHUD-SVProgressHUD,2944.17
SVProgressHUD-SVProgressHUD,4684.52
SVProgressHUD-SVProgressHUD,5177.04
SVProgressHUD-SVProgressHUD,5.15
SVProgressHUD-SVProgressHUD,2930.14
SVProgressHUD-SVProgressHUD,658.09
SVProgressHUD-SVProgressHUD,2.18
SVProgressHUD-SVProgressHUD,14423.22
SVProgressHUD-SVProgressHUD,27.05
SVProgressHUD-SVProgressHUD,8592.42
SVProgressHUD-SVProgressHUD,3761.35
SVProgressHUD-SVProgressHUD,11986.51
SVProgressHUD-SVProgressHUD,5981.35
SVProgressHUD-SVProgressHUD,6137.14
SVProgressHUD-SVProgressHUD,6295.61
SVProgressHUD-SVProgressHUD,7613.53
robbiehanson-CocoaAsyncSocket,62.51
robbiehanson-CocoaAsyncSocket,57.03
robbiehanson-CocoaAsyncSocket,3997.7
robbiehanson-CocoaAsyncSocket,4831.44
robbiehanson-CocoaAsyncSocket,4076.17
robbiehanson-CocoaAsyncSocket,8794.2
robbiehanson-CocoaAsyncSocket,6346.71
robbiehanson-CocoaAsyncSocket,12124.48
