Aaronontheweb,326939,User,1159
rogeralsing,647031,User,1133
Horusiath,679705,User,372
Silv3rcircl3,6583600,User,334
HCanber,800302,User,280
alexvaluyskiy,4232072,User,217
cconstantin,330093,User,137
sean-gilliam,427184,User,91
Danthar,986519,User,84
heynickc,1671359,User,64
SeanKilleen,2148318,User,46
smalldave,1242903,User,35
maxim-s,3223067,User,34
stefansedich,141908,User,33
annymsMthd,325749,User,29
Arkatufus,8293237,User,25
thinkbeforecoding,146717,User,24
zbynek001,6747896,User,19
willieferguson,1113951,User,17
kekekeks,1067584,User,16
JeffCyr,2624074,User,14
KadekM,4306279,User,11
alexpantyukhin,6513121,User,9
avoxm,10351071,User,8
GraemeBradbury,93497,User,8
nvivo,202449,User,8
skotzko,311226,User,7
rodrigovidal,388081,User,7
Rattenkrieg,6948307,User,7
mmisztal1980,1357057,User,7
kantora,1901708,User,7
ismaelhamed,1279846,User,6
jordansjones,632589,User,6
mattnischan,1650544,User,6
spankr,1530609,User,5
tstojecki,1306272,User,5
quartusdev,25507690,User,5
aprooks,1265082,User,4
trbngr,364786,User,4
0x53A,4236651,User,4
rtumaykin,931435,User,4
sebtomba,6872800,User,4
ssoshchepkov,12726501,User,4
stefanalfbo,70275,User,4
cpx86,209890,User,4
danbarua,469192,User,3
garethbudden,1309189,User,3
jorgef,941277,User,3
maxcherednik,4208513,User,3
tamasvajk,12592608,User,3
tola-isoware,5967213,User,3
alex-bogomaz,3295848,User,3
ashic,565991,User,3
kstaruch,1767029,User,3
andreyleskov,2056093,User,3
derwasp,10754345,User,3
jwconway,5287322,User,3
adamhathcock,527620,User,2
boekabart,3244401,User,2
emilingerslev,10768,User,2
veblush,2793282,User,2
Exef,1412001,User,2
gordey4doronin,2134746,User,2
tjaskula,176947,User,2
juergenhoetzel,52547,User,2
neoeinstein,18165,User,2
sergey-litvinov,890564,User,2
thelegendofando,3278712,User,2
forki,57396,User,2
schatekar,998799,User,2
thomastomanek,6950685,User,2
object,252126,User,2
ZigMeowNyan,3219710,User,2
evertmulder,61044,User,2
mukulsinghsaini,5015764,User,2
OlegZee,513301,User,2
rdavisau,7392704,User,2
utcnow,11680531,User,2
voltcode,5236618,User,2
DamianReeves,957246,User,2
vasily-kirichenko,873919,User,2
AkkaDotNet-CI,24967704,User,1
ayoung,47586,User,1
bruinbrown,1132003,User,1
ashutoshraina,1003532,User,1
davidflerlage,142923,User,1
haruair,1009457,User,1
GeertVL,297229,User,1
jpierson,1467146,User,1
jeffdoolittle,105651,User,1
johlrich,1655793,User,1
aph5nt,9586677,User,1
lnmunhoz,4376835,User,1
LukeTillman,428023,User,1
Ravadre,574351,User,1
mj1856,1396388,User,1
michal-franc,312118,User,1
onatm,802299,User,1
pauldipietro,1251024,User,1
codedemonuk,723401,User,1
monoman,237364,User,1
Ralf1108,3949137,User,1
eisendle,14841673,User,1
SeanFarrow,1455486,User,1
kostrse,1131253,User,1
Szer,10308233,User,1
Scooletz,519707,User,1
gitter-badger,8518239,User,1
takemyoxygen,2439445,User,1
wmeints,1550763,User,1
alex-kondrashov,4246666,User,1
b-e-n-j,2520078,User,1
boriskreminskimoldev,19214003,User,1
danielmarbach,174258,User,1
derrickcrowne,6208048,User,1
easuter,4330134,User,1
eiriktsarpalis,2813363,User,1
MAOliver,1062524,User,1
mrrd,1039051,User,1
neekgreen,5375884,User,1
rmiller1971,7611798,User,1
sillyotter,483712,User,1
siudeks,3256574,User,1
tintoy,1646284,User,1
