dreisenberger,16288323,User,292
joelhulen,5950304,User,110
michael-wolfenden,780521,User,62
reisenberger,9608723,User,60
nedstoyanov,5491087,User,19
mauricedb,3197730,User,18
kristianhald,10573517,User,12
SteveCote,9268574,User,8
yevhen,107726,User,8
nelsonghezzi,6424021,User,4
ghuntley,127353,User,3
lakario,120187,User,3
kbilsted,1616338,User,2
onovotny,1427284,User,2
ahmedalejo,7012074,User,1
pomma89,4697032,User,1
svetlyak40wt,24827,User,1
ankitbko,3169316,User,1
MisinformedDNA,1784452,User,1
dimaaan,4518589,User,1
DixonDs,1036478,User,1
NRKirby,6445534,User,1
RobGibbens,378691,User,1
SaroTasciyan,6776583,User,1
SimonCropp,122666,User,1
grumpydev,527013,User,1
ThomasMentzel,323969,User,1
bartelink,206668,User,1
hacko-bede,10399427,User,1
suedenim,7047235,User,1
