hikalkan,1210527,User,2959
ismcagdas,4133525,User,97
osoykan,9823085,User,35
4nonym0us,2701409,User,30
carldai0106,12929041,User,27
yuzukwok,6236413,User,26
alirizaadiyahsi,4375000,User,19
iyhammad,5989020,User,12
akinix,16933380,User,10
ZhaoRd,3433353,User,8
jefftindall,10339968,User,8
diogodamiani,573679,User,7
bigredjoe,145475,User,6
xxmgkxx,9719207,User,5
ammachado,60320,User,4
GuilhermeMorais,3579394,User,4
tocinito,2481227,User,4
ebicoglu,9526587,User,4
abou-emish,6557160,User,4
ppcuban,4419598,User,3
Sunzhuokai,8599906,User,3
Yustos,5267762,User,3
abdllhbyrktr,11297739,User,3
lemestrez,9674445,User,3
maliming,6908465,User,3
ChiakiYu,9720473,User,3
jaq316,4570389,User,2
johnw86,341852,User,2
virtualcca,5656078,User,2
8aginski,1757440,User,2
rcyq,6453214,User,2
wocar,9215073,User,2
badre429,5818051,User,2
buaziz,553002,User,2
natiki,4738140,User,2
steeintw,1256295,User,2
MadBullfrog,3479236,User,2
zhangwstar,26759458,User,2
acjh,14091939,User,1
arthurspa,3959458,User,1
freemanke,1439128,User,1
gstjohn,551124,User,1
gijswijs,7912094,User,1
htve,12823374,User,1
JbmOnGitHub,3384411,User,1
naazz,6410760,User,1
KraigWalker,1294877,User,1
loning,1593871,User,1
waffle-iron,6912981,User,1
xumx,357667,User,1
ledinhthanh,6690720,User,1
ddNils,1397396,User,1
Nokecy,12318131,User,1
rangeryu,3330845,User,1
solidrevolution,4420349,User,1
simooo985,14069373,User,1
Soar360,15421284,User,1
tjackadams,2307314,User,1
zhuhy,24934077,User,1
bongiozzo,9903502,User,1
chuncui0207,4463212,User,1
claudiuv,3930633,User,1
easyest,6928101,User,1
heavenwing,2920062,User,1
hubo0831,10137315,User,1
ltvan,545025,User,1
mariuscosareanu,2662778,User,1
stromsky,4655232,User,1
cabbage89,5857950,User,1
yekalkan,5793291,User,1
yyyeee,9705188,User,1
ZayaPro,9578191,User,1
