ajcvickers,1430078,User,697
anpete,1210944,User,633
bricelam,1226749,User,539
smitpatel,1528107,User,378
AndriySvyryd,6539701,User,363
natemcmaster,2696087,User,287
maumar,1591930,User,258
lajones,1915927,User,192
pranavkm,174281,User,188
rowanmiller,4741851,User,159
mikary,6787717,User,115
lukewaters,1403604,User,50
roji,1862641,User,36
ErikEJ,4169187,User,30
NTaylorMullen,2008729,User,28
davidfowl,95136,User,27
BrennanConroy,7574801,User,23
JunTaoLuo,2030323,User,21
laskoviymishka,2754361,User,19
tuespetre,4853540,User,17
dougbu,6431421,User,17
HaoK,6537861,User,15
kichalla,6559784,User,15
mikeharder,9459391,User,15
pakrym,1697911,User,13
troydai,1329240,User,13
MichaelKetting,6972548,User,11
moozzyk,1438884,User,11
victorhurdugaci,5921642,User,10
ChengTian,1383883,User,10
fitzchak,629734,User,9
DavidObando,950290,User,9
ryanbrandenburg,14987221,User,8
emilcicos,6577834,User,7
Tasteful,357589,User,7
RickyLin,1393989,User,7
ajaybhargavb,1579269,User,6
anurse,7574,User,6
suhasj,1919946,User,6
divega,1253414,User,5
TanielianVB,12089465,User,5
pmiddleton,11600726,User,4
javiercn,6995051,User,4
cesarbs,924164,User,3
loudej,61889,User,3
Praburaj,2294732,User,3
Anderman,1858745,User,3
rpawlaszek,6984037,User,3
Eilon,202643,User,3
fujiy,1336227,User,3
jbagga,6234561,User,3
davidroth,338856,User,2
dcga,13835929,User,2
kirthik,1267650,User,2
MicahZoltu,886059,User,2
NickCraver,454813,User,2
searus,1336630,User,2
SonjaKhan,2818455,User,2
LunicLynx,9947716,User,2
0xdeafcafe,2768524,User,1
multiarc,2453929,User,1
angelyordanov,1524014,User,1
avanderhoorn,585619,User,1
axelheer,3988385,User,1
bartdevriendt,781706,User,1
Tratcher,1821173,User,1
BladeWise,127625,User,1
dubeme,1667350,User,1
fadihania,6434804,User,1
jenseralmeida,660075,User,1
JoshVarty,1249087,User,1
GrabYourPitchforks,1746272,User,1
MarcinJuraszek,6841973,User,1
ExplodingCabbage,2358339,User,1
tinchou,1548532,User,1
voronov-maxim,6085035,User,1
micdenny,1633595,User,1
michaelrp,1393096,User,1
MrJingle,912684,User,1
Grinderofl,499143,User,1
sebastienros,1165805,User,1
reaction1989,873751,User,1
va5ili5,1284197,User,1
danielmarbach,174258,User,1
danroth27,1874516,User,1
lecaillon,19413950,User,1
Kagamine,2216750,User,1
