pranavkm,174281,User,740
rynowak,1430011,User,542
dougbu,6431421,User,441
NTaylorMullen,2008729,User,242
ajaybhargavb,1579269,User,182
kichalla,6559784,User,152
davidfowl,95136,User,131
javiercn,6995051,User,112
harshgMSFT,6729943,User,105
yishaigalatzer,1238711,User,104
ryanbrandenburg,14987221,User,90
HaoK,6537861,User,67
kirthik,1267650,User,46
jbagga,6234561,User,43
Tratcher,1821173,User,31
ianhong,2746184,User,29
JunTaoLuo,2030323,User,28
mnltejaswini,8011073,User,23
natemcmaster,2696087,User,23
pakrym,1697911,User,22
ChengTian,1383883,User,22
BrennanConroy,7574801,User,22
sebastienros,1165805,User,22
Eilon,202643,User,18
DamianEdwards,249088,User,17
Praburaj,2294732,User,15
mikeharder,9459391,User,12
victorhurdugaci,5921642,User,12
henkmollema,1521207,User,12
benaadams,1142958,User,9
troydai,1329240,User,9
halter73,54385,User,8
cesarbs,924164,User,8
tuespetre,4853540,User,8
anurse,7574,User,8
cjqian,4844633,User,7
khellang,582487,User,7
SteveSandersonMS,1101362,User,7
ardalis,782127,User,7
KevinDockx,2431035,User,7
suhasj,1919946,User,7
bricelam,1226749,User,5
loudej,61889,User,5
ivaylokenov,3391906,User,5
danroth27,1874516,User,5
tonysneed,2836367,User,4
GrabYourPitchforks,1746272,User,4
ctyar,1432648,User,4
SonjaKhan,2818455,User,4
iscifoni,19547005,User,4
JamesNK,303201,User,3
Haplois,433724,User,3
anpete,1210944,User,3
tugberkugurlu,328122,User,3
hishamco,3237266,User,3
bbowyersmyth,2482209,User,2
cwe1ss,4581460,User,2
dpaquette,2531875,User,2
Muchiachio,6647444,User,2
scottaddie,10702007,User,2
Shazwazza,1742685,User,2
reaction1989,873751,User,2
stevejgordon,3669103,User,2
kanchanm,1441909,User,2
lajones,1915927,User,2
martincostello,1439341,User,2
Kagamine,2216750,User,2
Jeffiy,5069316,User,2
Alxandr,112334,User,1
ignatandrei,153982,User,1
laskoviymishka,2754361,User,1
avanderhoorn,585619,User,1
anuraj,276411,User,1
calebnelton,5648963,User,1
Dresel,1769090,User,1
CodingGorilla,570801,User,1
CoskunSunali,6509380,User,1
Daniel15,91933,User,1
DavidObando,950290,User,1
haruair,1009457,User,1
ErikSchierboom,135246,User,1
filipw,1710369,User,1
payini,2638642,User,1
HenrikWM,1481951,User,1
hughbe,1275900,User,1
juunas11,8110681,User,1
jdom,1361686,User,1
Tragetaschen,1947968,User,1
PinpointTownes,6998306,User,1
lodejard,1693989,User,1
lukewaters,1403604,User,1
mdschweda,3602273,User,1
Mardoxx,239665,User,1
Matthew-Bonner,7858744,User,1
michielpost,1315216,User,1
kulmugdha,6642439,User,1
muratg,1808428,User,1
Grinderofl,499143,User,1
Elfocrash,8199968,User,1
SaarCohen,1666575,User,1
smitpatel,1528107,User,1
stanislavromanov,4534725,User,1
stebet,661658,User,1
Krusen,1381368,User,1
vladislav-karamfilov,3604949,User,1
Yves57,11701094,User,1
campersau,4009570,User,1
cjrosa,10599312,User,1
herecydev,11328618,User,1
hiiru,2212797,User,1
joheredi,21109913,User,1
Rick-Anderson,3605364,User,1
twirpx,15193463,User,1
