jbogard,104498,User,1512
lbargaoanu,4517428,User,486
TylerCarlson1,6801536,User,151
BlaiseD,7595209,User,29
Tornhoof,7989549,User,16
Venzhyk,1943601,User,10
sunnycase,3644879,User,7
jnm2,8040367,User,6
JakeGinnivan,453152,User,5
asbjornu,12283,User,5
moudrick,817143,User,5
kobbikobb,1474466,User,4
tlycken,1550920,User,4
AgentFire,5173466,User,4
gentledepp,1175751,User,3
andreialecu,697707,User,3
ChrisMissal,67798,User,3
iskiselev,5084964,User,3
jasonholloway,6573293,User,3
hazzik,144791,User,3
joshuaflanagan,81455,User,3
abatishchev,351644,User,2
AnatolyKulakov,11032050,User,2
cherrydev,1072616,User,2
niemyjski,1020579,User,2
devuxer,1298521,User,2
iaingalloway,1901288,User,2
mmurrell,673839,User,2
ppejovic,585084,User,2
rbanks54,234581,User,2
rogeralsing,647031,User,2
simonjefford,136,User,2
jamesgo,1531283,User,2
jogibear9988,364896,User,2
mikecole,1166315,User,2
vukasinspasic,12248613,User,2
BenHall,82614,User,2
whut,774125,User,2
0liver,164360,User,1
alexandermlharris,714789,User,1
BiggerNoise,676370,User,1
avonwyss,1014766,User,1
ArtyomBaranovskiy,1275984,User,1
bentster,469518,User,1
bcronje,462097,User,1
billrob,49503,User,1
DmitryKhryukin,443496,User,1
cjberg,335032,User,1
overmailed,6203462,User,1
drub0y,284152,User,1
duncanbrown,1866449,User,1
engstrom,4333033,User,1
aelij,496737,User,1
fodonnel,2113774,User,1
ferrod20,769048,User,1
GiuseppePiscopo,1991814,User,1
forger,680296,User,1
jakubfijalkowski,357096,User,1
statianzo,57737,User,1
jeffbarnes,135353,User,1
palermo,132218,User,1
jgeurts,158937,User,1
JoachimL,628078,User,1
jbrekle,797614,User,1
jrutila,400771,User,1
lorenpaulsen,9856978,User,1
krlm,1184144,User,1
mhinze,5063,User,1
mrswain,2712518,User,1
mangelarilla,4896595,User,1
mrahhal,4404199,User,1
onovotny,1427284,User,1
firepol,1702718,User,1
Tasteful,357589,User,1
pmarflee,302176,User,1
SaltyDH,2009544,User,1
scott-xu,1913505,User,1
srogovtsev,2332517,User,1
SimonCropp,122666,User,1
StephenRedd,321570,User,1
SteveDunn,263416,User,1
thomaslevesque,1864281,User,1
thunderstumpges,1066202,User,1
Appius,5452634,User,1
codekaizen,577263,User,1
dvorobiov,906642,User,1
haiduc32,601841,User,1
kopfsick,15138323,User,1
markrendle,178242,User,1
maxild,46108,User,1
