grokys,1775141,User,2696
kekekeks,1067584,User,599
wieslawsoltes,2297442,User,220
danwalmsley,4672627,User,205
donandren,13854631,User,141
jkoritzinsky,1571408,User,115
ncarrillo,2587725,User,79
jazzay,554363,User,29
susloparovdenis,5947908,User,23
KvanTTT,1150330,User,19
SuperJMN,3109851,User,18
andrewst,828244,User,9
amerkoleci,1788857,User,8
OronDF343,5132940,User,8
Seeker1437,19224236,User,8
shiftkey,359239,User,4
yusuf-gunaydin,8676450,User,4
robbieknuth,7350266,User,4
hacklex,7040957,User,4
MrDaedra,17025741,User,4
DavidKarlas,774791,User,3
jschiefer,1085865,User,3
cH40z-Lord,439899,User,3
radoslav-radev,15034417,User,3
herasimchuk-aa,870479,User,2
ForNeVeR,92793,User,2
mmayfield45,7548769,User,2
nc4rrillo,17953668,User,2
tshcherban,13539236,User,2
alimbada,413549,User,1
dlemstra,10426229,User,1
cloudRoutine,680051,User,1
mterwoord,114143,User,1
mikel785,13204542,User,1
MitjaBezensek,2523721,User,1
ReadmeCritic,15367484,User,1
Serg2DFX,5922647,User,1
prokopst,1501810,User,1
Sorien,1270275,User,1
grumpydev,527013,User,1
gitter-badger,8518239,User,1
shahid-pk,6080471,User,1
tfreitasleal,3586655,User,1
