ButchersBoy,658107,User,853
l1pton17,5460448,User,97
spiegelp,6129929,User,69
punker76,658431,User,43
mgnslndh,1139118,User,31
Keboo,952248,User,28
SuicSoft,13938848,User,24
Davipb,892216,User,13
xaviergonz,6306796,User,13
EdonGashi,12145268,User,7
AuroraDysis,13709836,User,6
jdf3,838256,User,6
Tyrrrz,1935960,User,4
4ipalino,1764864,User,4
campersau,4009570,User,3
gen3ric,1534259,User,3
jherbert,1110415,User,3
jonfunkhouser,1117915,User,3
LoRdPMN,11798722,User,3
Falgantil,6367512,User,2
chrischu,447251,User,2
Insire,11455827,User,2
jamesqo,9159214,User,2
wongjiahau,23183656,User,2
AmitBhatnagar24,8731921,User,2
bebenins,16761301,User,2
quicoli,8388239,User,2
abhall724,1485959,User,1
alexandercarls,4022053,User,1
duniubartek,7791049,User,1
BryceBarbara,24460210,User,1
higankanshi,9367842,User,1
helenchixp,11284048,User,1
Elthan,7212361,User,1
Tokter,3439101,User,1
TheSylence,5342047,User,1
negue,842273,User,1
Imhotebkin,10684499,User,1
SJMakin,13466643,User,1
Sergey-Terekhin,5369802,User,1
hvaring,1214587,User,1
stic,1974622,User,1
