amaitland,307872,User,2271
perlun,630613,User,726
ataranto,50555,User,354
jornh,766423,User,144
rassilon,698352,User,131
JanEggers,6747376,User,98
chillitom,74433,User,66
arsher,982916,User,59
jankurianski,8098176,User,47
peters,869,User,31
Bodekaer,299632,User,29
cefsharp-ms,13382636,User,27
rlmcneary2,1216670,User,23
jamespearce2006,12157851,User,23
illfang,2493562,User,22
merceyz,3842800,User,19
fraenke75,7237487,User,14
daveaton,3393813,User,13
ralphmayr,646432,User,13
sylvain-hamel,1754010,User,9
joaompneves,693294,User,9
Corey-M,5035006,User,7
oconnor663,860932,User,7
brock8503,1934174,User,7
Erguotou,2229029,User,6
provegard,795010,User,5
pushplay,3812880,User,5
kppullin,369946,User,4
Timobile,7648935,User,4
rotem925,248898,User,4
zkovacs1,5644671,User,4
mwisnicki,96032,User,4
binsys,811354,User,3
dvarchev,1152594,User,3
GrabzIt,11035754,User,3
cuddlyogre,3506795,User,3
MickMaido,1481636,User,3
svantreeck,6819011,User,3
g3st3,5311684,User,3
mmamone,11187603,User,3
tuxan,775329,User,3
TheCloudlessSky,613788,User,2
CKarper,653156,User,2
ChrisBardsley,18021342,User,2
davybrion,375749,User,2
Evgest,2003630,User,2
Jayman1305,598617,User,2
MantisCore,5730665,User,2
MartinMa,123297,User,2
barbeque,423811,User,2
YaiEf,4931497,User,2
kpko,835010,User,2
kropewnicki,7738013,User,2
lamerbug,11289025,User,2
Antonyo,3243435,User,2
exinferis,505673,User,2
taylorjonl,3039061,User,2
Joshua-Anderson,3526404,User,2
KristinaKoeva,2101401,User,2
rastating,2500434,User,2
akjana35,16785015,User,1
Atvaark,5101884,User,1
dpbackes,3519540,User,1
DeanNorth,2104103,User,1
myrnazhou,1266072,User,1
Hammerstad,725330,User,1
cherpake,876484,User,1
FlorianObermayer,4497761,User,1
ghuntley,127353,User,1
gregmartinhtc,9275587,User,1
Haraguroicha,1715541,User,1
hvdijk,1389950,User,1
huseyint,720856,User,1
JJO30,19794902,User,1
jimnoble,5543046,User,1
JCasterline,6353382,User,1
JoViehmann,15431526,User,1
304NotModified,5808377,User,1
spazzarama,933730,User,1
karlhiramoto,22713,User,1
kdriedger-simutech,18464633,User,1
mtschoen-unity,19391263,User,1
mbragg12,17732407,User,1
philipbeber,4649091,User,1
PrinceOfEgypt,2649235,User,1
midiway,493743,User,1
Sharon98,2467723,User,1
smaranh,1641261,User,1
qlikTERror,23338822,User,1
RadicalLinux,446541,User,1
valentin-deschaintre,775424,User,1
VorTechS,516350,User,1
bartwe,117214,User,1
krauskopf,1938031,User,1
campersau,4009570,User,1
chylex,3685160,User,1
dga711,2995606,User,1
edgchen1,18449977,User,1
gayaK,2437246,User,1
SoundGoddess,6850007,User,1
intrueder,182339,User,1
jdc20181,13263110,User,1
justin-caldicott,4310304,User,1
smcilveen,5129710,User,1
tenbits,550353,User,1
turgayselvi,6079706,User,1
uowzd01,4350268,User,1
