ferventcoder,63502,User,2359
gep13,1271146,User,14
Jaykul,192942,User,10
mwrock,655165,User,7
RichiCoder1,2391878,User,5
christianrondeau,251037,User,4
woodburysoft,24857255,User,4
dtgm,3309431,User,4
jbuedel,85681,User,3
bc3tech,1967433,User,3
splatteredbits,1082153,User,2
bill-long,4518572,User,2
tirolo,4400097,User,2
Cubix651,8983541,User,2
jamestelfer,792299,User,2
laedit,871092,User,2
smspillaz,775309,User,2
andmos,1283556,User,2
tmsns,17364880,User,2
dragon788,487774,User,2
AdmiringWorm,1474648,User,1
asizikov,819053,User,1
Annih,559627,User,1
birgersp,5260237,User,1
bdukes,59507,User,1
brianary,8332839,User,1
xioustic,10844660,User,1
ComFreek,1827709,User,1
flcdrg,384747,User,1
Dennis14e,5065163,User,1
finchd,3516152,User,1
ewilde,329397,User,1
iluxonchik,4412182,User,1
hmemcpy,601206,User,1
jrkd,15888839,User,1
Linuturk,599062,User,1
KishanBagaria,1093313,User,1
mwallner,5354972,User,1
maxsu,25123,User,1
mnadel,1819618,User,1
mikecole,1166315,User,1
MikeFoden,177184,User,1
Erlkoenig90,7581656,User,1
pascalberger,2190718,User,1
pauby,12760779,User,1
philippgille,170670,User,1
fracting,194342,User,1
rismoney,1273576,User,1
rmlephiew,10566813,User,1
epidemicz,696547,User,1
torhovland,55164,User,1
wilson208,5178223,User,1
Isopolito,13524742,User,1
cori,46317,User,1
eirikatdips,8962896,User,1
et1975,623703,User,1
maharishi,3926115,User,1
secretGeek,2861690,User,1
zhao-xu,1531961,User,1
