livarcocc,367554,User,1369
piotrpMSFT,2379589,User,812
eerhardt,8291187,User,764
brthor,14280892,User,550
Sridhar-MS,9423246,User,318
krwq,660048,User,217
anurse,7574,User,193
davidfowl,95136,User,189
pakrym,1697911,User,183
jgoshi,19478941,User,179
jonsequitur,547415,User,139
nguerrera,75470,User,128
mlorbetske,1414993,User,122
johnbeisner,24683167,User,94
troydai,1329240,User,85
wli3,6993335,User,61
dotnet-bot,9011267,User,54
ellismg,9602953,User,47
cdmihai,2255729,User,47
Faizan2304,19184362,User,45
agocke,515774,User,39
dsplaisted,145043,User,38
pranavkm,174281,User,36
enricosada,147243,User,27
mellinoe,8918977,User,26
emgarten,6381138,User,22
rohit21agrawal,1857490,User,22
ericstj,8918108,User,22
Petermarcu,8228359,User,21
vsccarl,12900364,User,21
gkhanna79,9451457,User,19
svick,287848,User,17
ramarag,10203266,User,17
MichaelSimons,8290530,User,17
naamunds,8249261,User,16
rainersigwald,3347530,User,16
smadala,4337332,User,16
KevinRansom,5175830,User,16
richlander,2608468,User,16
harshjain2,13763032,User,15
glennc,234688,User,15
moozzyk,1438884,User,15
tannergooding,10487869,User,14
danquirk,7121557,User,13
vijayrkn,3981619,User,13
mishra14,10507120,User,13
ajaybhargavb,1579269,User,13
discostu105,10918780,User,12
cston,10732005,User,11
codito,28766,User,11
mmitche,8725170,User,10
seancpeters,20912881,User,10
crummel,8184470,User,10
weshaggard,9010698,User,10
khyperia,953151,User,9
SteveSandersonMS,1101362,User,9
jplebre,5503088,User,9
dasMulli,6129250,User,9
jeffkl,17556515,User,8
omajid,174451,User,8
robmen,131904,User,8
toddm,8559775,User,8
adamgorMSFT,18666812,User,7
v-zbsail,20182707,User,7
joelverhagen,94054,User,7
mairaw,12971179,User,6
mikkelbu,1007631,User,6
spboyer,7681382,User,6
jaredpar,146967,User,6
cartermp,6309070,User,6
chcosta,10092143,User,5
joshfree,1302850,User,5
NTaylorMullen,2008729,User,5
rynowak,1430011,User,5
dagood,12819531,User,5
rrelyea,8865080,User,5
jainaashish,18219758,User,4
AustinWise,7751,User,4
jchannon,105126,User,4
ManishJayaswal,9527491,User,4
natemcmaster,2696087,User,4
tmat,41759,User,4
zhili1208,7131513,User,4
akoeplinger,1376924,User,3
billwert,4523120,User,3
Frisch12,6142358,User,3
jamesqo,9159214,User,3
janvorli,10758568,User,3
mendhak,746276,User,3
Thealexbarney,601603,User,3
dpodder,2354388,User,3
Priya91,7853870,User,3
AbhitejJohn,18014426,User,2
adityamandaleeka,219224,User,2
danielrbradley,331676,User,2
Daniel15,91933,User,2
333fred,2371880,User,2
jkotas,6668460,User,2
jeremymeng,7583839,User,2
jyoungyun,7223627,User,2
karajas,15918264,User,2
kendaleiv,1012917,User,2
vcsjones,361677,User,2
kyulee1,10963908,User,2
LeeCampbell,981443,User,2
natidea,7732033,User,2
nkolev92,2878341,User,2
nugetlurker,3280547,User,2
Peter-Schneider,7537527,User,2
phenning,2433750,User,2
shanselman,2892,User,2
Shazwazza,1742685,User,2
victorhurdugaci,5921642,User,2
rkakadia,2468076,User,2
bricelam,1226749,User,2
stephentoub,2642209,User,2
voltagex,159567,User,1
am11,3840695,User,1
almiliMSFT,16108676,User,1
AlexKeySmith,912653,User,1
alpaix,8239356,User,1
alexanderkozlenko,9764101,User,1
axelheer,3988385,User,1
bkoelman,10324372,User,1
benaadams,1142958,User,1
brianrob,6210322,User,1
cesarbs,924164,User,1
DamianEdwards,249088,User,1
dlech,963645,User,1
pdelvo,1710209,User,1
mylibero,5269848,User,1
DustinCampbell,116161,User,1
ErikSchierboom,135246,User,1
rs38,12622612,User,1
kangaroo,151532,User,1
hqueue,9247907,User,1
jlanng,168893,User,1
jhendrixMSFT,10090263,User,1
github-john-doe,19842736,User,1
JunTaoLuo,2030323,User,1
jpvantuyl,1139835,User,1
josteink,411338,User,1
juergenhoetzel,52547,User,1
jgalar,1395184,User,1
juergenpf,7271034,User,1
cH40z-Lord,439899,User,1
leecow,2212879,User,1
revlucio,6996846,User,1
Mardoxx,239665,User,1
csMACnz,1768046,User,1
fubar-coder,4739844,User,1
markrendle,178242,User,1
MattGal,7862010,User,1
devlead,1647294,User,1
nj,317552,User,1
noahfalk,6243776,User,1
rakeshsinghranchi,6225949,User,1
ravimeda,12752450,User,1
ravimandal47,9957233,User,1
RiJo,226083,User,1
rogersachan,7173984,User,1
FLGMwt,4138357,User,1
seanshpark,4616940,User,1
scottaddie,10702007,User,1
simondel,4221997,User,1
stevedesmond-ca,195896,User,1
gitter-badger,8518239,User,1
tmeschter,10506730,User,1
blackdwarf,3115004,User,1
drewgillies,14225979,User,1
factormystic,43428,User,1
foresterre,5955761,User,1
javiercn,6995051,User,1
jtkech,8586360,User,1
kloun,1122903,User,1
kotovaleksandr,2936914,User,1
martincostello,1439341,User,1
nattress,116900,User,1
shahid-pk,6080471,User,1
v-mdriml,8593171,User,1
wtgodbe,14283640,User,1
