jkotas,6668460,User,1431
pgavlin,1224093,User,730
BruceForstall,10901265,User,558
janvorli,10758568,User,395
adityamandaleeka,219224,User,391
stephentoub,2642209,User,376
AndyAyersMS,10121823,User,373
wtgodbe,14283640,User,341
parjong,14926045,User,307
mikem8361,10454379,User,303
gkhanna79,9451457,User,291
mmitche,8725170,User,266
kyulee1,10963908,User,255
dotnet-bot,9011267,User,238
CarolEidt,2973870,User,237
ellismg,9602953,User,222
briansull,11621884,User,221
rahku,10636986,User,203
danmosemsft,6385855,User,198
jashook,2723327,User,176
adiaaida,9666644,User,159
ramarag,10203266,User,154
JosephTremoulet,10655216,User,152
mikedn,9973420,User,143
swgillespie,1871912,User,140
sivarv,11184808,User,135
kouvel,13499639,User,132
RussKeldorph,15160879,User,125
richlander,2608468,User,118
sdmaclea,25674984,User,110
jamesqo,9159214,User,109
LLITCHEV,9732688,User,105
sandreenko,22642771,User,89
AlexGhiondea,8396979,User,82
tarekgh,10833894,User,81
hqueue,9247907,User,81
krytarowski,6665730,User,76
sergiy-k,10781034,User,75
sejongoh,16199127,User,74
hseok-oh,18611688,User,73
kangaroo,151532,User,72
brianrob,6210322,User,69
justinvp,710598,User,63
Priya91,7853870,User,60
erozenfeld,10624223,User,58
vancem,8459414,User,58
seanshpark,4616940,User,57
dagood,12819531,User,56
mskvortsov,22658974,User,53
eerhardt,8291187,User,53
Djuffin,132926,User,53
DrewScoggins,9439069,User,51
benaadams,1142958,User,47
yizhang82,6903744,User,46
JeremyKuhne,8184940,User,45
AtsushiKan,13223578,User,45
tijoytom,937748,User,44
Maoni0,10837357,User,43
libengu,9288914,User,42
willTG,16232758,User,42
lucenticus,944764,User,41
smile21prc,17461693,User,40
chcosta,10092143,User,39
wateret,10582184,User,39
MichalStrehovsky,13110571,User,38
weshaggard,9010698,User,38
benpye,442623,User,37
mellinoe,8918977,User,36
joperezr,13854455,User,36
leemgs,82404,User,33
tannergooding,10487869,User,32
fadimounir,17303460,User,31
rartemev,25832893,User,31
swaroop-sridhar,8977622,User,31
alexperovich,10565410,User,30
josteink,411338,User,29
myungjoo,1109011,User,29
davmason,12141819,User,28
ahsonkhan,6527137,User,27
Dmitry-Me,1277095,User,26
cmckinsey,10263476,User,25
steveharter,6986755,User,24
noahfalk,6243776,User,21
qmfrederik,9918129,User,20
ianhays,2606879,User,20
sjsinju,17977017,User,20
dpodder,2354388,User,19
akoeplinger,1376924,User,17
hughbe,1275900,User,17
dotnet-maestro-bot,29409908,User,17
bryanar,29267127,User,17
jyoungyun,7223627,User,17
svick,287848,User,16
helloguo,18431130,User,16
bbowyersmyth,2482209,User,15
hoyMS,15899383,User,15
russellhadley,9874904,User,15
lemmaa,1185333,User,14
ViktorHofer,7412651,User,14
nguerrera,75470,User,13
Clockwork-Muse,5569508,User,13
ayuckhulk,7696172,User,12
jhendrixMSFT,10090263,User,12
pkukol,148817,User,12
ericstj,8918108,User,12
shrah,15021838,User,11
mazong1123,4554154,User,11
botaberg,3248136,User,11
chunseoklee,4862887,User,11
jorive,12551699,User,11
mjsabby,1930559,User,11
ruben-ayrapetyan,11939769,User,11
JonHanna,1253369,User,10
kspawa,14299062,User,10
naamunds,8249261,User,10
pallavit,10713359,User,10
Sridhar-MS,9423246,User,10
sbomer,787361,User,10
AlexRadch,6407980,User,9
alpencolt,693394,User,9
jcagme,28021475,User,9
poizan42,308129,User,9
richardlford,6829071,User,9
alsemenn,16679932,User,9
SedarG,10768076,User,9
kvochko,2308830,User,9
ericeil,7407587,User,9
tmds,1025424,User,8
ragmani,18050611,User,8
Dmitri-Botcharnikov,17641326,User,8
janhenke,592974,User,8
YongseopKim,10216715,User,8
AndreyAkinshin,2259237,User,7
cydhaselton,11197897,User,7
dsgouda,14796031,User,7
DickvdBrink,765657,User,7
mattwarren,157298,User,7
makcakaya,10000206,User,7
Petermarcu,8228359,User,7
safern,22899328,User,7
juergenhoetzel,52547,User,7
bartonjs,10642668,User,7
omajid,174451,User,7
japj,512,User,6
morganbr,11641665,User,6
ravimeda,12752450,User,6
gbalykov,26625306,User,6
karelz,5776068,User,6
WinCPP,8945458,User,6
caslan,12801649,User,6
gsfreema,5770230,User,6
adamsitnik,6011991,User,5
AustinWise,7751,User,5
Buyduck,20967326,User,5
lasombra,347538,User,5
leculver,8496639,User,5
maksqwe,2767700,User,5
MattWhilden,9834438,User,5
chuck-mitchell,9933987,User,5
OmarTawfik,15987992,User,5
sepidehMS,14284039,User,5
sergign60,172260,User,5
fujiy,1336227,User,5
taylorjonl,3039061,User,5
mathstuf,97253,User,4
hadibrais,5206180,User,4
sam-baravy,19685728,User,4
natgla,11936771,User,4
RyanByi,10729368,User,4
DasAllFolks,4843949,User,4
tony,26336,User,4
choikwa,5455710,User,4
mjp41,270363,User,4
bendono,846533,User,4
hann013,8769621,User,4
MattGal,7862010,User,4
papaslavik,8804118,User,4
am11,3840695,User,3
ajensenwaud,5827908,User,3
crummel,8184470,User,3
david-mitchell,540554,User,3
mylibero,5269848,User,3
echesakov,5292656,User,3
fiigii,1263030,User,3
ganeshran,1933770,User,3
gregg-miskelly,11078489,User,3
DieselMachine84,10028909,User,3
jeffschwMSFT,9561583,User,3
jcouv,12466233,User,3
vcsjones,361677,User,3
leecow,2212879,User,3
ANDREENKOS,12055320,User,3
wfurt,14356188,User,3
dnickless,985774,User,3
ww898,2767027,User,3
shahid-pk,6080471,User,3
303248153,16222094,User,2
arnmac,13458121,User,2
alexandrnikitin,1798438,User,2
AlfredoMS,6474954,User,2
andschwa,2226434,User,2
bartdesmet,7324746,User,2
cwmiller,3728286,User,2
DmitryDzuba,25103555,User,2
GeorgeSapkin,5013206,User,2
hanblee,14082749,User,2
terrajobst,5169960,User,2
4creators,801959,User,2
fffej,15318,User,2
karajas,15918264,User,2
Knagis,8700285,User,2
kbaladurin,29702773,User,2
lggomez,6326271,User,2
maririos,9868623,User,2
Marqin,959429,User,2
mletterle,3096,User,2
soimort,342945,User,2
manofstick,2093966,User,2
BredPet,28862809,User,2
Rastaban,6538528,User,2
fieryorc,3317556,User,2
rionmonster,1325081,User,2
xiangfan-ms,25832891,User,2
dasMulli,6129250,User,2
gitchomik,11388592,User,2
sergey-raevskiy,3956978,User,2
tishion,5869938,User,2
varocarbas,4943723,User,2
vinnyrom,20605134,User,2
github-john-doe,19842736,User,2
KrzysztofCwalina,9724236,User,2
ktos,1633261,User,2
matekm,126698,User,2
vkvenkat,14947878,User,2
yufeih,511355,User,2
qbit,68368,User,1
AdamSpeight2008,900107,User,1
adamtornhill,5179769,User,1
adityam,28448,User,1
acl33,584897,User,1
Alexx999,321873,User,1
xoofx,715038,User,1
gablank,1419794,User,1
sperling,779599,User,1
cshung,3410332,User,1
akarpov89,6719995,User,1
anurse,7574,User,1
KindDragon,224272,User,1
apanda,3251,User,1
i3arnon,6595156,User,1
blowdart,796298,User,1
bgribaudo,857202,User,1
bmermet,425368,User,1
brandonbloom,119164,User,1
cakine,24534060,User,1
cesarbs,924164,User,1
cherylws,6518716,User,1
Chrisboh,10900020,User,1
chribben,669423,User,1
discostu105,10918780,User,1
ccurrens,1033555,User,1
chuckries,6598594,User,1
kzu,169707,User,1
DnlHarvey,10748605,User,1
qsz13,4075761,User,1
davkean,1103906,User,1
davidwrighton,10779849,User,1
dbeattie71,1178448,User,1
DionYe,16697916,User,1
SirCmpwn,1310872,User,1
edhedges,825537,User,1
ChrisEelmaa,4801003,User,1
edevyatkin,619532,User,1
Godin,138671,User,1
ursine,1040796,User,1
geoffkizer,12518809,User,1
ghuntley,127353,User,1
6A,7189784,User,1
gboucher90,20612880,User,1
guoxiao,528318,User,1
guhuro,25184121,User,1
henrybw,748064,User,1
IlyaPVS,28050647,User,1
ionuttamas,5080185,User,1
jack-pappas,477287,User,1
jpsingleton,1695571,User,1
jaredpar,146967,User,1
ytechie,1900989,User,1
jasssonpet,305639,User,1
JeffCyr,2624074,User,1
jfrijters,2994393,User,1
JohnGorter,6433550,User,1
john-soklaski,12491965,User,1
jonorossi,126297,User,1
joheredi,21109913,User,1
jnm2,8040367,User,1
joshfree,1302850,User,1
JoshVarty,1249087,User,1
judemelancon,8146039,User,1
justincormack,482364,User,1
jgalar,1395184,User,1
zyzil,3661304,User,1
krwq,660048,User,1
qbein,598215,User,1
lioncash,712067,User,1
leppie,127666,User,1
lt72,8418852,User,1
Lucrecious,4584511,User,1
luhenry,660779,User,1
lukasztomczyk,13630030,User,1
luqunl,15055752,User,1
maartenmensink,339653,User,1
mairaw,12971179,User,1
MarcelGosselin,9562867,User,1
mareklinka,7479226,User,1
marek-safar,250852,User,1
markhurd,5046880,User,1
martinwoodward,856858,User,1
krixalis,5090288,User,1
akatakritos,3689068,User,1
mj1856,1396388,User,1
mfilippov,927432,User,1
milizhang,1834979,User,1
hickford,105314,User,1
nico,3487,User,1
nicodeslandes,2887884,User,1
ncarandini,139274,User,1
nchikanov,20059764,User,1
oferze,5157769,User,1
obastemur,4390745,User,1
olegoid,1524073,User,1
borsna,794445,User,1
omariom,1781701,User,1
pborreli,77759,User,1
dendory,8998312,User,1
PashaPash,1866711,User,1
PedroLamas,85504,User,1
pentp,264426,User,1
perlun,630613,User,1
pefoley2,920298,User,1
mountgellert,9215865,User,1
prajwal-aithal,1484258,User,1
rajkumar42,13859260,User,1
Rew,68625,User,1
denezt,635974,User,1
RimashMohomed,5774551,User,1
rogersachan,7173984,User,1
romansp,3474842,User,1
QtRoS,1700047,User,1
roncain,3913124,User,1
ronyb29,1606872,User,1
rehrumesh,2035004,User,1
scottharwell,805434,User,1
slauber,4493211,User,1
vors,816680,User,1
nattress,116900,User,1
spencels,5388888,User,1
niustephanie,10249385,User,1
StephenCleary,900597,User,1
steji113,5083525,User,1
stevedesmond-ca,195896,User,1
Pothulapati,7892868,User,1
thiagocamargos,530124,User,1
0-wiz-0,2221844,User,1
tvlooy,391674,User,1
tmat,41759,User,1
tonerdo,7319262,User,1
ValMenn,11168072,User,1
m08pvv,809268,User,1
ViIvanov,795200,User,1
vijayrkn,3981619,User,1
brfalcon,968794,User,1
VSadov,8218165,User,1
xyziemba,432904,User,1
yvanin,4015970,User,1
solodon4,7323134,User,1
ZhichengZhu,10835998,User,1
ezverev,12703703,User,1
chrisaut,8252355,User,1
christos-P,10121873,User,1
cod7alex,6067981,User,1
darxis,10614436,User,1
dobe,48020,User,1
dudes-come,20606232,User,1
giuliohome,3272563,User,1
ikopylov,10262823,User,1
joemmett,20561255,User,1
