sergeybykov,8248806,User,705
gabikliot,10171207,User,636
jdom,1361686,User,424
jthelin,10134641,User,303
ReubenBond,203839,User,293
jason-bragg,10675494,User,265
dVakulen,5787619,User,116
xiazen,20803801,User,76
attilah,230432,User,73
shayhatsor,12084632,User,54
benjaminpetit,20427417,User,47
galvesribeiro,4714040,User,45
veikkoeeva,5158694,User,36
jkonecki,1775247,User,25
cata,7034426,User,23
Carlm-MS,7471063,User,20
sebastianburckhardt,6415760,User,17
jasonholloway,6573293,User,16
richorama,353138,User,14
DixonDs,1036478,User,14
amccool,191144,User,12
pherbel,10715626,User,12
NingnaD,15618122,User,11
mmitche,8725170,User,10
yevhen,107726,User,9
kucheruk,479072,User,9
davidpodhola,436605,User,8
onionhammer,969938,User,8
repne,628923,User,7
michaelahern,979303,User,7
zerhacken,1444972,User,7
JingqiaoFu,19560213,User,6
Liversage,3593901,User,6
zcarson,1760047,User,6
tsibelman,172522,User,6
lnaie,1276077,User,5
malavika1,17712433,User,5
brinkrob,83448,User,5
hoopsomuah,2319309,User,4
yoadsn,1684709,User,4
nehmebilal,11776504,User,4
centur,720822,User,4
serbrech,315853,User,4
dsarfati,7310169,User,4
bwanner,6429191,User,3
Drawaes,16406969,User,3
grahamehorner,3924941,User,3
jamescarter-le,1643692,User,3
yoniabrahamy,10047833,User,3
raybooysen,461957,User,3
ScottArbeit,2406993,User,3
smoothdeveloper,87944,User,3
rrector,7243864,User,3
richlander,2608468,User,3
kylemc,1087654,User,3
BenjaminGibbs,7413070,User,2
chrisbrook83,20286480,User,2
ElanHasson,234704,User,2
hstuart,113535,User,2
JacobSnyder,706085,User,2
PaulNorth,13435144,User,2
creyke,1805709,User,2
kowalot,3010480,User,2
seniorquico,415806,User,2
pditterline,13699050,User,2
weitaolee,4479969,User,2
alexmg,131293,User,1
akoeplinger,1376924,User,1
andhesky,22354181,User,1
ashkan-saeedi-mazdeh,5682459,User,1
Astorlights,15941021,User,1
BrianSakhai,2001835,User,1
carlos-sarmiento,1902769,User,1
xclayl,232027,User,1
danielkrainas,2432851,User,1
dwaller,405202,User,1
Dewaldf,1652834,User,1
Nepomuceno,106517,User,1
highlyunavailable,6266125,User,1
Joshua-Ferguson,7284858,User,1
jmblakl,3864704,User,1
leonpw,13275796,User,1
Maarten88,1541007,User,1
mhertis,6152898,User,1
normanhh3,1637316,User,1
svick,287848,User,1
philbe,5748366,User,1
ph1ll,6841205,User,1
randa1,3209338,User,1
rikbosch,549975,User,1
rwray,1070662,User,1
shlomiw,1025170,User,1
sudsy,1631623,User,1
taylorreece,3622586,User,1
qodfathr,16322190,User,1
TsengSR,10427430,User,1
vadimzozulya,10955191,User,1
yartat,672602,User,1
egmkang,65175,User,1
EranOfer,13414515,User,1
jafletch,3927497,User,1
jenyayel,1775602,User,1
fishjimi,13001991,User,1
joeecz,13439041,User,1
kobynet,618733,User,1
nicolocodev,4001191,User,1
peter-perot,15671569,User,1
rikace,183730,User,1
