CyrusNajmabadi,4564579,User,7067
jaredpar,146967,User,1740
tmat,41759,User,1610
heejaechang,1333179,User,1488
gafter,3804346,User,912
jasonmalinowski,201340,User,873
agocke,515774,User,841
mavasani,10605811,User,776
AlekseyTs,10522107,User,758
cston,10732005,User,719
rchande,3751401,User,699
VSadov,8218165,User,650
tannergooding,10487869,User,629
amcasey,10508071,User,623
jmarolf,9797472,User,559
DustinCampbell,116161,User,531
davkean,1103906,User,507
Pilchie,312835,User,450
mattwar,3387305,User,422
msJohnHamby,10982715,User,417
tmeschter,10506730,User,392
genlu,788783,User,391
dpoeschl,235241,User,391
KevinH-MS,6464209,User,361
jcouv,12466233,User,323
TyOverby,573215,User,293
balajikris,4213867,User,288
pharring,9952654,User,284
brettfo,926281,User,277
basoundr,10550513,User,246
sharwell,1408396,User,208
shyamnamboodiripad,10579684,User,170
srivatsn,20570,User,163
drognanar,3418274,User,155
OmarTawfik,15987992,User,122
panopticoncentral,684792,User,113
diryboy,159110,User,84
wschae,4300700,User,84
lgolding,11762653,User,80
333fred,2371880,User,71
alrz,3105979,User,63
jinujoseph,12449387,User,59
nguerrera,75470,User,54
AdamSpeight2008,900107,User,51
Hosch250,6299719,User,45
mmitche,8725170,User,43
leppie,127666,User,41
ManishJayaswal,9527491,User,39
ivanbasov,5455484,User,35
pgavlin,1224093,User,35
natidea,7732033,User,35
khyperia,953151,User,32
zaytsev-victor,23630781,User,29
KirillOsenkov,679326,User,29
dotnet-bot,9011267,User,27
filipw,1710369,User,26
reaction1989,873751,User,24
ellismg,9602953,User,24
YingP99,9558545,User,23
Giftednewt,7267084,User,23
stephentoub,2642209,User,21
BattleRush,11750584,User,21
bkoelman,10324372,User,21
AnthonyDGreen,10539978,User,19
robinsedlaczek,2900224,User,18
svick,287848,User,17
KevinRansom,5175830,User,16
AArnott,3548,User,14
tmds,1025424,User,13
DinoV,320265,User,13
saul,64654,User,12
chborl,25776963,User,12
pdelvo,1710209,User,11
lorcanmooney,13181165,User,11
nslottow,2304989,User,11
vslsnap,15091809,User,10
sys27,654264,User,9
kuhlenh,1402694,User,9
jramsay,8161247,User,7
antonssonj,12250134,User,7
mgoertz-msft,14282894,User,7
rynowak,1430011,User,7
jeremymeng,7583839,User,7
dsplaisted,145043,User,7
BradBarnich,1286709,User,6
a-ctor,5082673,User,6
steveniles,1417601,User,6
dpen2000,396538,User,6
tvand7093,3395107,User,6
MattGertz,10520126,User,6
aochagavia,5196584,User,5
asecchia,2646338,User,5
AmadeusW,1673956,User,5
dschinde,8495162,User,5
MaStr11,24472128,User,5
oocx,584396,User,5
MaximRouiller,209384,User,5
SLaks,313894,User,5
marek-safar,250852,User,5
paulvanbrenk,5273975,User,5
peteraritchie,408620,User,5
mattscheffer,10537189,User,5
axel-habermaier,1945136,User,4
DanielRosenwasser,972891,User,4
HelenaKotas,22403107,User,4
huizhonglong,9222461,User,4
kcnygaard,4909966,User,4
kentcb,1901832,User,4
RobSiklos,3660275,User,4
SamB,13903,User,4
tamasvajk,12592608,User,4
azyobuzin,1000655,User,4
jrharmon,10589468,User,4
noopbug,12105857,User,4
JoshVarty,1249087,User,4
AlexEyler,1617128,User,3
atifaziz,20511,User,3
bnordli,5574761,User,3
DavidKarlas,774791,User,3
jimmy9988,2121569,User,3
zooba,1693688,User,3
tenor,526262,User,3
huguesv,1696845,User,3
marstr,11203166,User,3
abock,49539,User,3
ljw1004,3316258,User,3
Therzok,109974,User,3
ajensenwaud,5827908,User,2
dpaoliello,10580822,User,2
daveaglick,1020407,User,2
aelij,496737,User,2
eriawan,8773147,User,2
debonte,12820898,User,2
JDemler,12686782,User,2
jhendrixMSFT,10090263,User,2
john-soklaski,12491965,User,2
KrisVandermotten,273237,User,2
mkosieradzki,10385115,User,2
mhutch,183285,User,2
kelltrick,700511,User,2
enkafan,2447331,User,2
rfairfax,6530011,User,2
roji,1862641,User,2
vkkoshelev,13549806,User,2
vladima,8052307,User,2
dharmatech,20816,User,2
Priya91,7853870,User,2
michalhosala,9108373,User,2
semihokur,1075112,User,2
v-codeel,10519323,User,2
ericfe-ms,12943474,User,2
dopare,4062518,User,2
Phrohdoh,4861023,User,2
adam-becker,5523916,User,1
adamralph,677704,User,1
thetuvix,1209982,User,1
alexanderkozlenko,9764101,User,1
akoeplinger,1376924,User,1
AlexanderSher,8933858,User,1
Evangelink,11340282,User,1
atsushieno,53929,User,1
bmay2,1550509,User,1
ctaggart,80104,User,1
powellcj12,1330113,User,1
DanMcNultyDev,25562705,User,1
daking2014,5218467,User,1
benknoble,22802209,User,1
tuespetre,4853540,User,1
DickvdBrink,765657,User,1
lellid,12336631,User,1
Maxwe11,1083827,User,1
SirCmpwn,1310872,User,1
drewnoakes,350947,User,1
lachbaer,17041498,User,1
Eyas,554424,User,1
shrah,15021838,User,1
fsacer,2059352,User,1
jakesays,1213805,User,1
jamesqo,9159214,User,1
jkotas,6668460,User,1
cloudRoutine,680051,User,1
jbevain,79284,User,1
JoshuaBStevens,14811594,User,1
vbfox,131878,User,1
karelz,5776068,User,1
LouisFr81,25661402,User,1
maartenba,485230,User,1
zastrowm,3211021,User,1
MadsTorgersen,6677272,User,1
MihaMarkic,2194935,User,1
mkrueger,341098,User,1
mjsabby,1930559,User,1
olegtk,27849,User,1
borsna,794445,User,1
OmarElabd,8120729,User,1
OmerRaviv,641292,User,1
plnelson,10980558,User,1
PoulChapman,14059441,User,1
petr-k,376925,User,1
Rabadash8820,8388785,User,1
rainersigwald,3347530,User,1
zerhacken,1444972,User,1
ShinNoNoir,706604,User,1
keyboardDrummer,3121201,User,1
richlander,2608468,User,1
rcook,425396,User,1
rogersachan,7173984,User,1
romansp,3474842,User,1
thefaxman,771541,User,1
sandyarmstrong,155076,User,1
shrayasr,240368,User,1
Sridhar-MS,9423246,User,1
stefansedich,141908,User,1
sjmelia,1485609,User,1
cyanite,8737626,User,1
gitter-badger,8518239,User,1
tiesmaster,460904,User,1
thomaslevesque,1864281,User,1
weltkante,5845814,User,1
MrTrillian,2314287,User,1
sappharx,7884032,User,1
asvishnyakov,6369252,User,1
alexsorokoletov,1788581,User,1
codespare,4658087,User,1
corinblaikie,623241,User,1
elijah6,3081538,User,1
jbe2277,10452896,User,1
mjolka,6613722,User,1
orthoxerox,8640149,User,1
reudismam,1970407,User,1
shaggygi97test,20547101,User,1
viceroypenguin,1992555,User,1
weswigham,2932786,User,1
