stephentoub,2642209,User,6420
ericstj,8918108,User,964
dotnet-bot,9011267,User,941
mellinoe,8918977,User,756
hughbe,1275900,User,714
weshaggard,9010698,User,693
JonHanna,1253369,User,677
bartonjs,10642668,User,563
Priya91,7853870,User,498
joperezr,13854455,User,461
ianhays,2606879,User,445
ellismg,9602953,User,413
davidsh,7684835,User,408
krwq,660048,User,335
VSadov,8218165,User,326
nguerrera,75470,User,310
bartdesmet,7324746,User,266
justinvp,710598,User,261
chcosta,10092143,User,246
danmosemsft,6385855,User,245
mmitche,8725170,User,239
AtsushiKan,13223578,User,239
tarekgh,10833894,User,232
sepidehMS,14284039,User,221
shmao,12262109,User,202
JeremyKuhne,8184940,User,202
safern,22899328,User,192
jamesqo,9159214,User,185
ericeil,7407587,User,185
saurabh500,1623701,User,173
eerhardt,8291187,User,170
corivera,12820011,User,155
tmat,41759,User,150
jkotas,6668460,User,137
pgavlin,1224093,User,131
MattGal,7862010,User,131
khdang,10590707,User,131
ViktorHofer,7412651,User,129
vancem,8459414,User,125
dagood,12819531,User,123
CIPop,8635911,User,122
pallavit,10713359,User,120
Clockwork-Muse,5569508,User,114
AArnott,3548,User,100
AlexGhiondea,8396979,User,99
Maxwe11,1083827,User,91
jhendrixMSFT,10090263,User,89
anthonylangsworth,1168640,User,84
tijoytom,937748,User,84
KrzysztofCwalina,9724236,User,83
alexperovich,10565410,User,82
steveharter,6986755,User,81
dotnet-maestro-bot,29409908,User,80
gkhanna79,9451457,User,80
lmolkova,2347409,User,79
karelz,5776068,User,78
karajas,15918264,User,63
chlowell,10964656,User,61
caesar1995,8537784,User,61
terrajobst,5169960,User,57
twsouthwick,583206,User,56
geoffkizer,12518809,User,55
maririos,9868623,User,52
akoeplinger,1376924,User,50
kouvel,13499639,User,47
SedarG,10768076,User,44
joshfree,1302850,User,43
kapilash,113322,User,41
huanwu,1438378,User,40
dsgouda,14796031,User,39
rahku,10636986,User,38
Petermarcu,8228359,User,34
Jiayili1,20983449,User,34
SamuelEnglard,1119883,User,33
tmds,1025424,User,33
ramarag,10203266,User,32
venkat-raman251,11411798,User,29
richlander,2608468,User,26
tannergooding,10487869,User,26
ahsonkhan,6527137,User,25
davkean,1103906,User,24
hann013,8769621,User,24
jcouv,12466233,User,24
shrutigarg,13743289,User,24
vijaykota,11638339,User,24
qmfrederik,9918129,User,23
rajansingh10,13608570,User,23
kkurni,698547,User,23
AlexRadch,6407980,User,22
bbowyersmyth,2482209,User,22
nslottow,2304989,User,22
svick,287848,User,22
naamunds,8249261,User,21
SGuyGe,10570378,User,21
qizhanMS,22175571,User,20
axelheer,3988385,User,20
DnlHarvey,10748605,User,19
krytarowski,6665730,User,19
willdean,1306085,User,19
ioanacrant,8014346,User,18
marek-safar,250852,User,18
Sridhar-MS,9423246,User,18
jaredpar,146967,User,18
tintoy,1646284,User,18
MarkPflug,7776174,User,17
mj1856,1396388,User,17
sharwell,1408396,User,17
WinCPP,8945458,User,17
hseok-oh,18611688,User,16
dcwuser,20149564,User,16
StanislavUshakov,1163231,User,16
Lixire,13241824,User,15
PatrickMcDonald,1562597,User,15
geleems,19577035,User,15
hqueue,9247907,User,15
richamsft,9358762,User,15
jyoungyun,7223627,User,14
AntonLapounov,21268817,User,14
davidfowl,95136,User,13
josguil,8102051,User,13
morganbr,11641665,User,13
YingP99,9558545,User,13
AlfredoMS,6474954,User,13
chunseoklee,4862887,User,13
davmason,12141819,User,12
Diego-Perez-Botero,12803275,User,12
DrewScoggins,9439069,User,12
EgorBo,523221,User,12
janhenke,592974,User,11
mconnew,8648390,User,11
mikem8361,10454379,User,11
tstringer,1445483,User,11
luqun,29260374,User,11
norek,2512549,User,11
jorive,12551699,User,11
wtgodbe,14283640,User,11
benaadams,1142958,User,10
ikopylov,10262823,User,10
brianrob,6210322,User,9
Dmitry-Me,1277095,User,9
janvorli,10758568,User,9
FiveTimesTheFun,6598317,User,9
FireAlkazar,936356,User,9
alfaproject,60164,User,9
MichaelSimons,8290530,User,9
smile21prc,17461693,User,9
sgtfrankieboy,640715,User,8
parjong,14926045,User,8
mareklinka,7479226,User,8
wateret,10582184,User,8
jcagme,28021475,User,8
rionmonster,1325081,User,7
bjjones,13422847,User,7
stone-li,21029328,User,7
the-dwyer,10376293,User,7
MichalStrehovsky,13110571,User,7
yizhang82,6903744,User,7
benjamin-bader,512212,User,6
brahmnes,3384008,User,6
imcarolwang,14886586,User,6
dhoehna,2517139,User,6
shrah,15021838,User,6
leemgs,82404,User,6
jimcarley,13383416,User,6
botaberg,3248136,User,6
ravage84,625761,User,6
hpshelton,156465,User,6
wfurt,14356188,User,6
cod7alex,6067981,User,6
nietras,10798831,User,6
josteink,411338,User,6
heXelium,3466627,User,6
vitek-karas,10670590,User,6
cshung,3410332,User,6
AustinWise,7751,User,5
ChadNedzlek,11790765,User,5
DenisIstomin,20506202,User,5
vcsjones,361677,User,5
onovotny,1427284,User,5
pjanotti,5600755,User,5
ravimeda,12752450,User,5
shiftylogic,11233697,User,5
sawilde,297165,User,5
StephenBonikowsky,12057732,User,5
lemmaa,1185333,User,5
bpschoch,10160075,User,5
crummel,8184470,User,5
EricWhiteDev,1280392,User,5
lucenticus,944764,User,5
jay98014,24995696,User,5
omariom,1781701,User,5
adityamandaleeka,219224,User,5
AlekseyTs,10522107,User,5
stephenmichaelf,450490,User,5
alexanderkozlenko,9764101,User,4
i3arnon,6595156,User,4
pensivebrian,103275,User,4
davidwrighton,10779849,User,4
JimboWei,26701300,User,4
KostaVlev,10883826,User,4
kseo,2034762,User,4
MaggieTsang,8355743,User,4
Page-Not-Found,635337,User,4
plabovich,6034772,User,4
rafidka,442447,User,4
roncain,3913124,User,4
swgillespie,1871912,User,4
YoupHulsebos,425959,User,4
cydhaselton,11197897,User,4
jzebedee,1896945,User,4
Dmitri-Botcharnikov,17641326,User,4
Ermiar,904834,User,4
v-yanbgu,26989337,User,4
sjsinju,17977017,User,4
Alexx999,321873,User,3
alexandrnikitin,1798438,User,3
anurse,7574,User,3
AndreyAkinshin,2259237,User,3
DmitryKakurin,14189429,User,3
ghuntley,127353,User,3
jasonsturges,1213591,User,3
jguady,2380485,User,3
jesperll,33271,User,3
jac009,9356784,User,3
jmezach,1225489,User,3
jnm2,8040367,User,3
khellang,582487,User,3
luhenry,660779,User,3
nadiatk,14061501,User,3
nchikanov,20059764,User,3
OmarTawfik,15987992,User,3
pharring,9952654,User,3
rainersigwald,3347530,User,3
remcoros,130373,User,3
StephenCleary,900597,User,3
steji113,5083525,User,3
uhaciogullari,1431130,User,3
ViIvanov,795200,User,3
willTG,16232758,User,3
krk,1447853,User,3
bryanar,29267127,User,3
dsplaisted,145043,User,3
jltrem,1741722,User,3
leppie,127666,User,3
8to5Developer,19365046,User,2
alecont,5564251,User,2
alexsorokoletov,1788581,User,2
agocke,515774,User,2
ankitbko,3169316,User,2
attilah,230432,User,2
benpye,442623,User,2
billwert,4523120,User,2
GurliGebis,13592619,User,2
dguyonvarch,3766879,User,2
erozenfeld,10624223,User,2
fujiy,1336227,User,2
Giorgi,580749,User,2
gregg-miskelly,11078489,User,2
hoyMS,15899383,User,2
jeffhandley,1031940,User,2
kuhlenh,1402694,User,2
leecow,2212879,User,2
luqunl,15055752,User,2
MarcinJuraszek,6841973,User,2
baulig,346113,User,2
maddin2016,19551763,User,2
tinchou,1548532,User,2
mjp41,270363,User,2
natemcmaster,2696087,User,2
patriksvensson,357872,User,2
ptoonen,8035257,User,2
ProgramFOX,8034604,User,2
RheaAyase,13802951,User,2
seanshpark,4616940,User,2
shimingsg,20982341,User,2
SunnyWar,4521425,User,2
Pothulapati,7892868,User,2
tquerec,2373041,User,2
roydukkey,1509616,User,2
yvanin,4015970,User,2
jbe2277,10452896,User,2
jimparsley,29140707,User,2
lajones,1915927,User,2
mazong1123,4554154,User,2
mikedn,9973420,User,2
yaelkeemink,17721521,User,2
cesarbs,924164,User,2
Chrisboh,10900020,User,2
eadordzhiev,8386271,User,2
iamjasonp,1616847,User,2
akoken,2880254,User,1
channeladam,655569,User,1
adamralph,677704,User,1
adriangodong,1140137,User,1
alaatm,2095803,User,1
Alcaro,5085186,User,1
AlexBHarley,11168524,User,1
arecker,5051721,User,1
xoofx,715038,User,1
alexischr,1048813,User,1
darxis,10614436,User,1
alfredmyers,12210687,User,1
AlgorithmsAreCool,10837869,User,1
Lxiamail,6935567,User,1
azhmur,2143587,User,1
ASayre,10080679,User,1
antiufo,1711248,User,1
AndreasCag,14947036,User,1
andrewshir,3224092,User,1
anpete,1210944,User,1
andschwa,2226434,User,1
kant2002,4257079,User,1
AndyAyersMS,10121823,User,1
avanderhoorn,585619,User,1
IAmAnubhavSaini,1573771,User,1
KindDragon,224272,User,1
blowdart,796298,User,1
bgribaudo,857202,User,1
bbartels,23058572,User,1
northtyphoon,2686301,User,1
BlancheP,12530719,User,1
bmeverett,3941006,User,1
mccbraxton,16929378,User,1
BrennanConroy,7574801,User,1
brunin2509,13180322,User,1
cakine,24534060,User,1
chamila-c,1522916,User,1
Chickenzilla,10429272,User,1
cwe1ss,4581460,User,1
craigajohnson,5340203,User,1
dpaoliello,10580822,User,1
dtrebbien,277166,User,1
dsherret,1609021,User,1
davzucky,4500152,User,1
DawidTabak,6806159,User,1
tuespetre,4853540,User,1
n1ghtmare,3255810,User,1
DmitryGaravsky,8652582,User,1
domcc,5761392,User,1
daxian-dbw,127450,User,1
borgdylan,7761010,User,1
haruair,1009457,User,1
aelij,496737,User,1
ErikSchierboom,135246,User,1
ErwinJanssen,5501069,User,1
fitzchak,629734,User,1
FransBouma,3628530,User,1
couven92,8759693,User,1
gabsferreira,810549,User,1
TruffleMuffin,1841494,User,1
gsfreema,5770230,User,1
GerjanOnline,1153419,User,1
drieseng,312863,User,1
qubbit,1987473,User,1
govert,414659,User,1
mafiya69,7235212,User,1
shaggygi,2956825,User,1
Gregory-Bell,1141937,User,1
Xaerxess,121382,User,1
gucluoz,7089196,User,1
ilya-bin,27051830,User,1
IlyaBiryukov,15989459,User,1
IvanKishchenko,22095835,User,1
jakepetroules,1312511,User,1
jashook,2723327,User,1
JasonLinMS,11189205,User,1
jbevain,79284,User,1
JeffCyr,2624074,User,1
fffej,15318,User,1
jkoritzinsky,1571408,User,1
jiangzeng,20982381,User,1
jbogard,104498,User,1
primarilysoftware,2941831,User,1
sokket,1761798,User,1
vanillajonathan,10222521,User,1
jonorossi,126297,User,1
TMiNus,7503522,User,1
jthelin,10134641,User,1
jhickson,2581446,User,1
jlennox,836194,User,1
JosephWoodward,1237341,User,1
kamranayub,563819,User,1
kellypleahy,53208,User,1
