ysw,328207,User,1290
anakryiko,508075,User,840
gregoryyoung,381274,User,595
pgermishuys,1062417,User,502
jen20,548524,User,248
kpyatkivskyy,1539621,User,244
MarkiyanMatsekh,679800,User,191
hayley-jean,5140165,User,187
TarasRoshko,931973,User,132
thefringeninja,495495,User,31
lscpike,7010027,User,19
riccardone,5390480,User,14
jbradford,548416,User,11
dnauck,97584,User,9
rcknight,548432,User,7
mpielikis,121181,User,6
ascjones,75586,User,5
thinkbeforecoding,146717,User,5
SzymonPobiega,163318,User,5
Gutek,461827,User,4
eventstore-service,3309563,User,3
jasonmitchell,1143867,User,3
nissbran,3841986,User,3
abdullin,504782,User,3
belczyk,1131764,User,3
Scooletz,519707,User,3
danleech,734706,User,3
t3hnar,327341,User,3
shaan1337,14981676,User,2
adbrowne,48452,User,2
fzawada,166658,User,2
jageall,4592105,User,2
ouro-ouroboros,4895457,User,2
PeterHageus,1760363,User,2
rodolfograve,107422,User,2
samhjohnson,17720552,User,2
robashton,223758,User,2
alexeyzimarev,2821205,User,1
Narvalex,11648387,User,1
x-cubed,11729,User,1
volak,1750226,User,1
condron,1545220,User,1
ChrisSimmons,301247,User,1
estheban,638460,User,1
GojiSoft,151849,User,1
jiimaho,5954936,User,1
jfloodnet,1077749,User,1
kevinvandervlist,833325,User,1
larsw,63235,User,1
eulerfx,609910,User,1
neoeinstein,18165,User,1
MariuszTrybus,6443833,User,1
mjul,142868,User,1
nrolland,37239,User,1
ruudud,284326,User,1
zabrowarnyrafal,24397555,User,1
rbanks54,234581,User,1
SeanFarrow,1455486,User,1
valeriob,1522516,User,1
bartelink,206668,User,1
drdamour,1514496,User,1
dward90,1959551,User,1
hui000444,9709346,User,1
ianbattersby,185776,User,1
nelak,254502,User,1
