KindDragon,224272,User,1446
spdr870,38675,User,1435
jbialobr,1003909,User,1386
PombeirP,138074,User,269
mnaoumov,735878,User,159
forki,57396,User,148
pmiossec,460196,User,130
Turbo87,141300,User,128
fraga,303538,User,124
vcpp,774043,User,117
vbjay,3629489,User,113
EbenZhang,596334,User,102
nickmayer,248243,User,100
cocytus,477296,User,99
jystic,134805,User,97
hypersw,2332070,User,65
vasily-kirichenko,873919,User,65
dominiqueplante,314236,User,62
FallenGameR,711295,User,43
kevmoo,17034,User,39
chrischu,447251,User,38
olmobrutall,720953,User,38
qgppl,339002,User,33
bygreencn,22853,User,33
mabako,125113,User,31
linquize,791115,User,28
Nochdarus,16781381,User,26
bleis-tift,169348,User,26
gorbach,517586,User,25
mexx,378088,User,23
bergerjac,1484018,User,23
8,278500,User,23
lynxstv,1170124,User,22
azarkevich,703544,User,22
Basewq,1356956,User,20
ferow2k,1179833,User,20
DanRigby,114417,User,19
Copro,3082683,User,19
torarvid,439758,User,18
otac0n,193584,User,17
phillco,536668,User,16
Radrik5,9339459,User,15
pvginkel,828966,User,15
tt,19824,User,14
mrahn80,5785229,User,14
martinwilkerson-scisys,22169186,User,13
crypto-rsa,11479798,User,13
mdonatas,483659,User,12
ulrichb,388796,User,12
showell-nic,1618912,User,12
werwolfby,705754,User,12
XelaRellum,151170,User,11
CDAGaming,16328918,User,10
miloja,383273,User,10
hiroponz,72138,User,10
DanielTheCoder,161882,User,10
kine,110221,User,9
MoOmEeN,444454,User,9
UncleVasya,1286157,User,9
nitoyon,39562,User,9
chenhendrawan,2030954,User,8
sharwell,1408396,User,8
schadin,838185,User,8
phillijw,467889,User,7
new-mikha,5769929,User,7
michaellwest,933163,User,7
raistlin,76889,User,7
Itori,4712142,User,7
adrianoc,61679,User,6
patearl,379473,User,6
idealist1508,4608274,User,6
regs01,10468217,User,6
stwalkerster,722710,User,6
Ashod,746119,User,5
paviad,1235688,User,5
bastianeicher,414366,User,5
casserlyprogramming,337812,User,5
danielrbradley,331676,User,5
bruderstein,91716,User,5
StanAngeloff,93127,User,5
Teybeo,1454762,User,5
ArsenShnurkov,188456,User,5
afabre,940540,User,4
Carbenium,3409500,User,4
cristianst85,12585988,User,4
suvjunmd,11020536,User,4
karyon,1891915,User,4
mbmccormick,377537,User,4
matkoch,5005566,User,4
m35,409923,User,4
antis81,440517,User,4
rschroeder,1317298,User,4
sc68cal,506899,User,4
hogelog,50920,User,4
iamxail,1412505,User,4
mrexodia,2458265,User,4
yellowblood,1921800,User,4
bmeverett,3941006,User,4
anrichter,72196,User,3
amaiorano,6893883,User,3
poiru,1319028,User,3
chrisbux,156204,User,3
drauch,1516470,User,3
labanskoller,5041454,User,3
ierof,4930272,User,3
shivan,1827692,User,3
Pavuucek,1253845,User,3
Noguai,10562439,User,3
RussKie,4403806,User,3
SetoKaiba,159540,User,3
tomasdeml,5622086,User,3
vmeurisse,1368138,User,3
swansontec,276214,User,3
bookman25,7157036,User,3
diegoaossas,3075551,User,3
lanfeust69,2770805,User,3
andyroyle,1472779,User,2
binsys,811354,User,2
cniweb,2334906,User,2
X-Coder,434595,User,2
dopry,387640,User,2
drewnoakes,350947,User,2
EdyJ,6773528,User,2
gpongelli,842026,User,2
glen-nicol,5103200,User,2
deischi,308504,User,2
JoanCharmant,823461,User,2
kverfaille,11004408,User,2
Mellbourn,1785727,User,2
lggomez,6326271,User,2
mwerle,615724,User,2
orgads,1246544,User,2
GardenTools,2664939,User,2
Shauren,297439,User,2
sergei-d,9991604,User,2
kunigaku,1298867,User,2
m08pvv,809268,User,2
owerkop,8580470,User,2
palver123,12460850,User,2
superlongman,512563,User,2
ulatekh,908096,User,2
xaro,252152,User,2
alberto-chiesa,611524,User,1
alexeiskachykhin,2787454,User,1
ashumkin,1183752,User,1
fiveohhh,341312,User,1
pasa-,1701920,User,1
bernd-herzog,13151053,User,1
minidfx,2931121,User,1
burix,1423968,User,1
sirideain,12926413,User,1
KrzysFR,1662235,User,1
claycephas,469582,User,1
dblock,542335,User,1
x2764tech,2870080,User,1
codewarrior0,307683,User,1
peppy,191335,User,1
dogancelik,486818,User,1
eli-b,834999,User,1
yinghung,29246698,User,1
forbjok,4687674,User,1
icedtoast,61196,User,1
whyrusleeping,1243164,User,1
jotux,31179,User,1
rooflz,518225,User,1
jtacoma,301423,User,1
kunimitaiyoh,3128211,User,1
kmoens-lakeco,22332059,User,1
kgybels,2051188,User,1
orao,1386562,User,1
ltrzesniewski,7913492,User,1
IDisposable,874059,User,1
marcmurray,370062,User,1
marazt,323018,User,1
markpizz,422671,User,1
m3zercat,2084045,User,1
max630,381560,User,1
meinsiedler,13835497,User,1
DDuarte,530940,User,1
pgus,1522927,User,1
wplpgr,13469396,User,1
PhilipDaniels,1809220,User,1
Quppa,2142963,User,1
rschoening,527115,User,1
rossheo,28267367,User,1
samkelleher,277884,User,1
spencercrissman,524593,User,1
zervus,4341519,User,1
bugdasi,7310391,User,1
chillitom,74433,User,1
vshih,52390,User,1
warrenfalk,158330,User,1
kichristensen,2461567,User,1
ulex,1911626,User,1
alexeik,318732,User,1
arBmind,44107,User,1
clayton-rogers,469719,User,1
dedale,626824,User,1
ilyubin,1139278,User,1
j-a-b,1900811,User,1
klorinczi,11757244,User,1
ktaranov,6460726,User,1
lodici,2443519,User,1
maadani,11456945,User,1
marcinmagier,1208377,User,1
mausch,95194,User,1
maxbog,61528,User,1
msakuta,2798715,User,1
odie2,9401878,User,1
rbares,28189926,User,1
tasadar2,4000239,User,1
wangzq,271418,User,1
