avanderhoorn,585619,User,1432
nikmd23,199026,User,753
CGijbels,1467346,User,61
grahammendick,1761227,User,43
bryanjhogan,5768871,User,36
PaulAtkins,6474307,User,28
maartenba,485230,User,28
nycdotnet,3755379,User,27
OdeToCode,137119,User,17
richvdh,1389908,User,17
stevenlauwers22,852332,User,10
dahlbyk,133987,User,8
rho24,222016,User,8
hahndorf,778685,User,8
bholdt,1607579,User,8
schotime,202923,User,5
flcdrg,384747,User,5
kellystuard,2482238,User,5
taylan,123144,User,5
paynecrl97,2872984,User,5
rodius,1876115,User,4
jeffora,683658,User,4
kendallb,535825,User,3
khellang,582487,User,3
sorenhl,856107,User,3
dominiqueplante,314236,User,2
MisterJames,1197383,User,2
lohithgn,2450336,User,2
pltaylor,986333,User,2
ThomasZitzler,723313,User,2
sperling,779599,User,1
bsimanov,7374291,User,1
shiftbot,12331315,User,1
jasonkenneth,980227,User,1
jasonrclark,130504,User,1
JohnRuddy,1016985,User,1
joshperry,298053,User,1
nardin,780901,User,1
mwilliamson,391876,User,1
robertmuehsig,756703,User,1
ScottGuymer,956825,User,1
ecayer,3640935,User,1
grzmiel,7997090,User,1
samjudson,1651599,User,1
tomascassidy,301402,User,1
