odinserj,1078718,User,2493
dennyferra,244942,User,20
aidmsu,4264267,User,14
Tom-Kelly,14000884,User,13
yngndrw,1834655,User,7
maleet,3947730,User,7
naveensrinivasan,172697,User,6
sgwill,1507077,User,5
sgrassie,194140,User,5
ilessa,12459347,User,5
teodimache,8156850,User,5
dlongest,904112,User,4
sergeyzwezdin,800755,User,3
schulz3000,1812705,User,3
fpellet,1950032,User,3
ysasaki1985,6063809,User,3
hserkanyilmaz,869295,User,3
pieceofsummer,2262364,User,2
atifaziz,20511,User,2
bcronje,462097,User,2
tuespetre,4853540,User,2
hahmed,658005,User,2
Elph,538839,User,2
t0mburton,5889956,User,2
travisblakeney,507449,User,2
tystol,915391,User,2
devmondo,1266367,User,2
djrineh,8730129,User,2
stevetsang,3705402,User,2
triwire,6103438,User,2
tristal,2125841,User,2
gorbach,517586,User,1
Beczka,12813679,User,1
bgurmendi,1327625,User,1
danielabbatt,8926756,User,1
lennybacon,272164,User,1
dlsteuer,326884,User,1
dradovic,266498,User,1
Excommunicated,3496170,User,1
geirsagberg,594564,User,1
mahoneyj2,10708540,User,1
Tsabo,2382302,User,1
jozefizso,287778,User,1
vbfox,131878,User,1
JustinChia,15101959,User,1
keesschollaart81,6755359,User,1
ljubomir,67107,User,1
MaksimSimkin,10547823,User,1
mavenius,6155908,User,1
maxhauser,245522,User,1
MikeJonesNC,4154500,User,1
burningice2866,333952,User,1
ph1ll,6841205,User,1
richclement,353457,User,1
rsegerink,7198476,User,1
ranieuwe,2513121,User,1
ryanrousseau,1571799,User,1
StanEgo,1964984,User,1
reaction1989,873751,User,1
ThatOperaNerd,15239201,User,1
vip32,164303,User,1
yangman,706881,User,1
zlangner,5760117,User,1
justmara,4157587,User,1
fire-eagle,1132111,User,1
dizzzan,15756285,User,1
djfoz,10595414,User,1
strongwinderic,9271579,User,1
andy-zhouyou,17868813,User,1
henningst,369413,User,1
patrykpiotrmarek,15436476,User,1
pwelter34,1196837,User,1
pzielinski86,8353329,User,1
robvdlv,171731,User,1
ronaldscott,566962,User,1
swordfish6975,1833124,User,1
