hbons,103326,User,3416
deejay1,41211,User,153
bl8,75442,User,51
serras,309334,User,43
kvaggelakos,1001352,User,38
alexhudson,490034,User,22
ways,887419,User,21
matthid,1866463,User,19
travisghansen,225404,User,19
chezyann,21059985,User,19
markusstoll,1909884,User,17
carlosmn,335443,User,15
BarryThePenguin,1351912,User,14
sandyarmstrong,155076,User,13
kristi,77085,User,9
mlettner,803189,User,8
magnunleno,353311,User,7
PierreAronnax,1077773,User,7
spither,409618,User,7
abock,49539,User,6
shish,40659,User,6
thelightmaker,757194,User,6
nicolaslazartekaqui,486274,User,6
brandondahler,1155895,User,5
nicolas-raoul,99590,User,5
alshopov,449359,User,4
andrewshadura,309253,User,4
InvertedAcceleration,521483,User,4
directhex,308992,User,4
orien3243,2086809,User,4
duglum,1535846,User,3
elsupergomez,355298,User,3
jamelrom,15323532,User,3
leafnode,38898,User,3
meebey,318066,User,3
cssnipy,1198945,User,3
brazier,1893924,User,3
arkhi,277773,User,3
samuelt,1660,User,3
alexandresaiz,239624,User,3
snwh,1217306,User,3
acko83,13113498,User,2
andjar,2013988,User,2
bechtoldt,1507504,User,2
glezos,88895,User,2
eduardogsilva,8627839,User,2
melchips,365721,User,2
GerardWalace,3925663,User,2
shlstrm,1123422,User,2
izzy84075,1037433,User,2
jancborchardt,925062,User,2
jv42,2279111,User,2
lapo,208543,User,2
lwfitzgerald,90507,User,2
MPW1412,1448950,User,2
Silvenga,2753330,User,2
monreal,54005,User,2
comzeradd,939357,User,2
No-CQRT,9343331,User,2
tzwenn,495690,User,2
focusheart,352327,User,2
jjmarin,224784,User,2
jschaul,2112744,User,2
hengler,8484702,User,2
gangchen,431516,User,2
invalid-email-address,148100,User,2
RolfWojtech,13589383,User,2
nebjak,619273,User,2
allanday,213068,User,1
aksdb,2435857,User,1
knocte,331303,User,1
beaugunderson,61791,User,1
darklajid,77554,User,1
BlackHawkDesign,845013,User,1
cebe,189796,User,1
herclogon,884844,User,1
kapcom01,21684,User,1
gburt,2048,User,1
garrett,10246,User,1
glunardi,1667348,User,1
eighthave,143465,User,1
fontanon,113024,User,1
yeah,2181,User,1
qirtaiba,627911,User,1
dron23,7817118,User,1
thekad,46422,User,1
jbianquetti,1588755,User,1
kepi,105303,User,1
kkris,232214,User,1
lucadelu,178741,User,1
cordoval,328359,User,1
usb333,679057,User,1
pcblues,10399772,User,1
MarkusLitz,1186011,User,1
matejmosko,1838963,User,1
mkarau,1140558,User,1
mscherer,230335,User,1
mweimerskirch,362092,User,1
mvaello,332321,User,1
mortonfox,495892,User,1
ndbroadbent,139536,User,1
nsaje,156006,User,1
nedrichards,302677,User,1
ojarva,1177797,User,1
paul-hammant,82182,User,1
ph-hs,10211993,User,1
palango,90851,User,1
zzanzare,717938,User,1
roktas,47842,User,1
rjakobsson,34001,User,1
basicinside,122341,User,1
shoop,851341,User,1
LekisS,28733,User,1
Blandinium,1560340,User,1
toabi,115045,User,1
veeven,6792988,User,1
vuntz,1758783,User,1
WisdomWolf,5298618,User,1
hopparz,18486268,User,1
BenjaminCottyn,4519643,User,1
aklapper,674953,User,1
ianbogda,248129,User,1
bountysource-support,5995486,User,1
foxox,1156713,User,1
freefd,133116,User,1
helmo,104120,User,1
janlindblom,154438,User,1
michaelcinquin,3330005,User,1
maxstricker,5141020,User,1
ouilles,5730397,User,1
payalord,7104331,User,1
pdf,146192,User,1
syunji,3002246,User,1
tuxmartin,1219067,User,1
ganloo,2169729,User,1
