azeier,7737910,User,505
andburn,5419653,User,59
dvide,180188,User,41
aaroncampf,2095438,User,34
riQQ,3404787,User,22
judge2020,8601934,User,15
joshtabak,960054,User,13
Mattish,2098550,User,13
becelot,2139329,User,10
zachwlewis,315574,User,9
michaelb7k,8087204,User,8
ericBG,3256815,User,8
chucklu,3004057,User,6
quark-zju,445459,User,6
TomasLiutvinas,4591866,User,6
jindaxia,587992,User,6
Herr-Sepp,10489458,User,6
anonymous555,8370128,User,6
ko-vasilev,5964618,User,5
Zawodowiec1532,540256,User,5
f4rnham,1329224,User,4
olloff,441860,User,4
Tenchi2xh,4116708,User,4
guillermocandia,15713807,User,3
mgiuffrida,1449368,User,3
deadokman,4671989,User,3
Uzere,3975328,User,3
pedrotst,6591091,User,3
chid,23526,User,2
FrankCai,1742804,User,2
dpedigo,2468712,User,2
FreddyFlares,2992974,User,2
jleclanche,235410,User,2
MechaLynx,8427257,User,2
Psynbiotik,3616596,User,2
pajlada,962989,User,2
Rynvar,6039360,User,2
eric-garza,6888885,User,2
jw013,890943,User,2
slaren,2141330,User,2
ziminghua,8296653,User,2
misnor,19313344,User,2
pi,481811,User,2
aalear,361657,User,1
Gamic,128309,User,1
hedgesky,3628124,User,1
BVA64,6661282,User,1
corlettb,2338074,User,1
bmichotte,235510,User,1
jbakert,22594183,User,1
barefootdeveloper,3580448,User,1
isloat,5470840,User,1
JDurman,6522739,User,1
Jaex,822090,User,1
Jecoms,13528043,User,1
Spedwards,3257096,User,1
LuizSD,6606740,User,1
Coywolf,3163783,User,1
noodle-,812565,User,1
pbrinkmann,531124,User,1
RedHatter,1530025,User,1
SamTwining,92731,User,1
trew,1043828,User,1
smikula,11563983,User,1
percentcer,1361935,User,1
SuperGouge,3006175,User,1
gitter-badger,8518239,User,1
OranShuster,1076161,User,1
TrueSkrillor,12140591,User,1
WodeCraft,4112189,User,1
mvy,757993,User,1
dekarguy,879261,User,1
irufus,131774,User,1
isualize,19928782,User,1
sackyhack,9355677,User,1
skaforey,9275733,User,1
DigitalVortex92,8064815,User,1
