MehdiK,1029804,User,576
onovotny,1427284,User,229
mexx,378088,User,58
hazzik,144791,User,57
vgrigoriu,95696,User,20
hmemcpy,601206,User,19
akamud,954102,User,19
adamchester,570470,User,16
ahmedshuhel,868075,User,16
justin-edwards,1624441,User,16
thunsaker,137686,User,16
aloisdg,3449303,User,12
MitjaBezensek,2523721,User,12
igorkulman,4746070,User,11
gabrielweyer,2101647,User,10
waheedsayed,194151,User,10
Borzoo,1926516,User,10
i3arnon,6595156,User,10
GeorgeHahn,502747,User,9
rdoubleui,542736,User,8
kikoanis,615849,User,7
soeleman,309413,User,7
mnowacki,2281097,User,7
MaStr11,24472128,User,7
nzubair,7343812,User,7
ryanheath,701534,User,7
yhata,32102,User,7
harouny,1836266,User,6
ErikSchierboom,135246,User,6
faisalr,4269163,User,6
henriksen,121837,User,6
janv8000,1412705,User,6
mthamil,1046029,User,6
anoehre,866732,User,5
master994,1260273,User,5
cristianst85,12585988,User,5
simsyn,7259906,User,5
ygrenier,625432,User,5
hangy,87124,User,5
jeremysimmons,1406886,User,5
dlras2,1567104,User,4
kblok,2198466,User,4
bogatykh,6083952,User,4
DyegoMaas,4459963,User,4
JonasJensen,1763349,User,4
tompazourek,370699,User,4
ekblom,4902271,User,4
gyurisc,790821,User,4
jnm2,8040367,User,4
dampee,1857460,User,3
gavynriebau,11895736,User,3
maximn,817162,User,3
Raathigesh,3108160,User,3
ronnieoverby,101028,User,3
basildk,640729,User,3
Tradioyes,2611406,User,3
drakomeep,10186844,User,3
ammachado,60320,User,2
chris-redekop,6529949,User,2
danielbrezoi,5743667,User,2
iadaz,6428165,User,2
emremp,414935,User,2
erdemergin,624004,User,2
jenscski,4134254,User,2
juan-hawa-intellisys,1494097,User,2
matthewvukomanovic,2316394,User,2
nigel-sampson,1256017,User,2
paavohuhtala,803180,User,2
RalphLavelle,1059059,User,2
robdmoore,573791,User,2
rmorrin,2046187,User,2
sveinfid,396527,User,2
tparvi,871053,User,2
Yustie,5071164,User,2
chinaboard,5802618,User,2
jermdavis,7868341,User,2
mxurshid,3645509,User,2
alxmitch,1900715,User,1
bcwood,188024,User,1
kinetiq,6976360,User,1
cameron-sjo,4084915,User,1
dotnetchris,116135,User,1
ccellar,426883,User,1
cmaneu,790974,User,1
cmatskas,4126750,User,1
CurrentThread,13407768,User,1
danielkatz,862652,User,1
abesco,6231131,User,1
gregmac,1216375,User,1
thehereward,5547470,User,1
jkoritzinsky,1571408,User,1
jvanrhyn,136460,User,1
CodeFromJordan,4680677,User,1
cH40z-Lord,439899,User,1
KevinH-MS,6464209,User,1
khellang,582487,User,1
MatthewSteeples,255971,User,1
MihaMarkic,2194935,User,1
Meligy,171637,User,1
ncksol,1391947,User,1
PombeirP,138074,User,1
pekkah,822416,User,1
preetksingh80,3404202,User,1
quooston,63668,User,1
skazantsev,12386170,User,1
weitzhandler,2716316,User,1
TylerBrinkley,10929167,User,1
bak-t,5307569,User,1
william-gross,4058771,User,1
robertmclaws,1657085,User,1
brencuks,16538998,User,1
craigles,1442491,User,1
cristi-badila,787587,User,1
cssho,9441609,User,1
danmalcolm,137586,User,1
deadlydog,1187140,User,1
dmytro-ielkin,12176944,User,1
dotnetjunky,7623075,User,1
fishchisel,20627857,User,1
ivanst-stoyanov,6762567,User,1
jotabe-net,3662062,User,1
snluu,1189909,User,1
