dgrunwald,243140,User,799
siegfriedpammer,344204,User,295
eusebiu,414589,User,262
dsrbecky,343520,User,252
EdHarvey,696008,User,106
pentp,264426,User,63
arturek,381257,User,53
RKlier,702370,User,25
christophwille,344208,User,17
jbevain,79284,User,17
bbi-yggy,6392037,User,14
SLaks,313894,User,13
linquize,791115,User,12
LordJZ,32092,User,12
ALyman,194402,User,9
sailro,638167,User,8
vwoodzell,1707795,User,7
KevinCathcart,90725,User,6
DickvdBrink,765657,User,5
adrianoc,61679,User,4
0x53A,4236651,User,4
zvirja,1074182,User,4
pgourlain,732436,User,2
0xd4d,1060731,User,2
lostindark,8030927,User,2
neolithos,9724420,User,2
lumimies,457905,User,2
Sermus,4110699,User,1
AustinWise,7751,User,1
davidroth,338856,User,1
d-s-x,5136335,User,1
ivanjh,94137,User,1
zippy1981,146930,User,1
lextm,425130,User,1
MattDuffin,8353780,User,1
raol,638160,User,1
imor,1666073,User,1
sandercox,3205925,User,1
gitter-badger,8518239,User,1
weltkante,5845814,User,1
vincpa,441719,User,1
ygoe,868315,User,1
someone-with-default-username,832073,User,1
krauthaufen,6370801,User,1
odalet,79333,User,1
turbanoff,741251,User,1
