JamesNK,303201,User,1347
JonHanna,1253369,User,46
TylerBrinkley,10929167,User,16
stakx,104481,User,10
Redth,271950,User,7
paulcbetts,1396,User,6
pieceofsummer,2262364,User,5
IDisposable,874059,User,4
eisber,10142286,User,4
onovotny,1427284,User,4
pyitphyoaung,1182742,User,4
yeroo,4780799,User,4
jack4it,3120462,User,3
taylorwood,1738897,User,3
dogwatch,282035,User,3
ravensorb,2222472,User,3
codito,28766,User,2
BrandonLWhite,2344027,User,2
fgreinacher,1540469,User,2
mj1856,1396388,User,2
VictorNicollet,437975,User,2
l0nley,906520,User,2
ygalbel,4958307,User,2
fffej,15318,User,2
asiffermann,12293953,User,1
alexhardwicke,6741401,User,1
Athari,1715107,User,1
aviromascanu,3395514,User,1
blowdart,796298,User,1
jawn,1705112,User,1
christianrondeau,251037,User,1
davilimap,11531010,User,1
discosultan,2970736,User,1
dmitryvk,120884,User,1
hughbe,1275900,User,1
Inverness,1755290,User,1
vontangen,8288633,User,1
jdom,1361686,User,1
justinvp,710598,User,1
kenkendk,1510755,User,1
lkempf,2546084,User,1
mausch,95194,User,1
xxMUROxx,4341039,User,1
Rantanen,385385,User,1
older,1029802,User,1
patryk,64107,User,1
hultqvist,505330,User,1
RenniePet,4259011,User,1
richardschneider,631061,User,1
sgnr,1782845,User,1
spadfield,3978441,User,1
tamizhvendan,1128916,User,1
pischke,11669900,User,1
reinaldoarrosi,5149327,User,1
timotei,428492,User,1
vybber,6287514,User,1
vitorpereirafarfetchcom,10076216,User,1
wojtpl2,17333903,User,1
yadoer,28650065,User,1
