jaredpar,146967,User,3056
ricksladkey,2680524,User,118
Kazark,3661051,User,67
jasonmalinowski,201340,User,38
tkellogg,437044,User,27
jhamm,98657,User,18
fredizzimo,9946255,User,16
fpicalausa,2117814,User,13
mattrrichard,3155381,User,13
oysteinkrog,653040,User,7
cieplok,1760866,User,6
ecsousa,2758482,User,5
Mharlin,478857,User,4
orlandow,2000738,User,4
Kantis,316857,User,3
ketiko,554453,User,3
idealist1508,4608274,User,3
ajtack,48368,User,2
ghuntley,127353,User,2
madskristensen,1258877,User,2
alanstevens,159951,User,1
w1ndig0,3428535,User,1
chaitanyagurrapu,853059,User,1
ericbock,188078,User,1
333fred,2371880,User,1
johnweldon,51034,User,1
jbuedel,85681,User,1
KyleChamberlin,6086998,User,1
leafgarland,675335,User,1
mikhail-m1,5663581,User,1
paxamit,9043881,User,1
StanislawSwierc,810501,User,1
kichristensen,2461567,User,1
v-yadli,1008466,User,1
bleis-tift,169348,User,1
brnls,2308472,User,1
dwoof42,1459891,User,1
vadimi,1156106,User,1
