JeremySkinner,90130,User,880
jeremymeng,7583839,User,17
maksimkim,3820545,User,9
mattleibow,1096616,User,7
abatishchev,351644,User,4
dmorganb,1160069,User,4
matteobaglini,1433066,User,3
agehrke,598307,User,2
batzen,1971030,User,2
cjberg,335032,User,2
Tigraine,89680,User,2
emisand,2250102,User,2
gralin,3457048,User,2
richardlawley,1608083,User,2
leehom0123,10956708,User,2
PureKrome,899878,User,2
abhimjoshi,7397820,User,1
akiriushin,2682936,User,1
akoeplinger,1376924,User,1
thecodejunkie,50543,User,1
Ashtonian,4212452,User,1
revioaudun,14347961,User,1
xt0rted,831974,User,1
meboz,381566,User,1
calvinb,31636,User,1
cecilphillip,350882,User,1
Chris-ZA,4954241,User,1
Corbeau3000,2706988,User,1
haefele,2983790,User,1
DixonDs,1036478,User,1
edgarssults,8101338,User,1
gimmi,6589,User,1
gordey4doronin,2134746,User,1
guillink,4415967,User,1
Dashue,473789,User,1
Zpecter,502325,User,1
ziaxdk,1233481,User,1
Lechus,1788699,User,1
kwlin,1265483,User,1
luigiberrettini,4513301,User,1
Kukkimonsuta,737093,User,1
mrmashal,7566014,User,1
akamud,954102,User,1
mdissel,126084,User,1
mklaber,939816,User,1
michael-wolfenden,780521,User,1
tripolitov,1122523,User,1
nvivo,202449,User,1
roend83,193979,User,1
broccliman,1907784,User,1
paulcbetts,1396,User,1
rasmus-beck,294810,User,1
regisbsb,886819,User,1
rikvandenberg,397160,User,1
StefanBilliet,2368922,User,1
stijnherreman,1618054,User,1
beau-witter,26094186,User,1
cj1x,26727566,User,1
dbroudy,461330,User,1
gongdo,5451328,User,1
maca88,5311349,User,1
milanc,8333458,User,1
NGumby,5523819,User,1
olcayseker,776387,User,1
pashute,1774131,User,1
sjancke,378966,User,1
smurtdev,12476464,User,1
Pastafarian,379692,User,1
