OndrejPetrzilka,3371096,User,169
LeonidasCZ,8651772,User,49
Tyrsis,8304731,User,28
mexmer,5429727,User,27
malware-dev,4653628,User,23
THDigi,844339,User,15
Eikester,879909,User,9
andrew-w,12619548,User,9
Phoenix84,1127170,User,7
joemorin73,12202018,User,6
midspace,6026063,User,5
CodeHamster,12735308,User,4
sjsoft2015,11986344,User,4
yajiedesign,771744,User,4
MMaster,5315755,User,3
RossM,1067077,User,3
Vxsote,12192758,User,3
rexxar-tc,2507140,User,3
aaronfranke,1646875,User,2
cwc,115420,User,2
Geneticus,12452237,User,2
zorg-kirill,4015267,User,2
Thornation,433127,User,2
Sibz,12050358,User,2
zrisher,1958130,User,2
dodexahedron,8242181,User,2
aaraujo666,656854,User,1
EmilSayahi,5004276,User,1
DanAtkinson,23440,User,1
Fujtajblik,14553310,User,1
harag-on-steam,8539331,User,1
JoeTheDestroyer,12674361,User,1
Thurion,658665,User,1
Spcemarine,8560710,User,1
KionX,5648030,User,1
