punker76,658431,User,2125
Amrykid,251501,User,364
flagbug,964691,User,347
xxMUROxx,4341039,User,274
shiftbot,12331315,User,145
thoemmi,73690,User,106
vikingcode,7349656,User,82
JakeGinnivan,453152,User,28
Icehunter,677341,User,27
QuantumDeveloper,6085009,User,25
ButchersBoy,658107,User,18
vegar,764517,User,15
winfried-loetzsch,2216780,User,15
100GPing100,5787775,User,14
mrahhal,4404199,User,14
Dotnetifier,6247359,User,14
remcoros,130373,User,13
Deadpikle,5092399,User,13
spiritdead,3202978,User,12
chandramouleswaran,2020447,User,11
bitbeans,1482102,User,10
adeniltonbs,6733483,User,10
bitterskittles,2785669,User,9
daveraine,4315787,User,9
Alkalinee,7737876,User,9
Tide,237330,User,8
bigworld12,10135395,User,8
AdditionalPylons,1009039,User,8
akoeplinger,1376924,User,7
jumulr,22887716,User,7
admsteck,737328,User,6
petvetbr,778016,User,6
ye4241,6803102,User,6
chuuddo,526086,User,6
grokys,1775141,User,6
distantcam,1298847,User,5
ericschultz,94169,User,5
geovanisouza92,786105,User,5
IsNull,439313,User,5
Savvkin,740729,User,5
batzen,1971030,User,4
mgnslndh,1139118,User,4
feinstein,8120472,User,4
Koopakiller,11202557,User,4
davericardo,26304706,User,4
intagger,289916,User,4
oloopy,1088621,User,4
programatix,3293865,User,4
drayde,640901,User,3
SilverDragon135,17603598,User,3
Traquina,4193412,User,3
BlythMeister,1046836,User,3
igorushi,7131092,User,3
kiangtengl,574734,User,3
csMACnz,1768046,User,3
pixelspezi,7807675,User,3
MatthewKinsman,17747333,User,3
sleman,976380,User,3
Prophetebe,12802020,User,3
scq,637851,User,3
badbredren,1062051,User,3
rbev,1802498,User,3
zii-dmg,2846896,User,3
Gimly,168669,User,3
Sikta,8400042,User,3
manekovskiy,873602,User,3
sachokFoX,2059577,User,2
alexandru-calinoiu,679198,User,2
Regelink,1665817,User,2
DaCheeseMan,10342680,User,2
fredericoregateiro,6304701,User,2
GeertvanHorrik,1246444,User,2
jiggak,301982,User,2
naveedmurtuza,4975253,User,2
Galdoren,2995844,User,2
acejordin,9666006,User,2
cristi-badila,787587,User,2
iankerr,5900567,User,2
soend,306887,User,2
ycaoyang,6057441,User,2
zandrei007,11559590,User,2
ziykon,1399246,User,2
armano2,625469,User,2
yoker,444806,User,2
hausenism,5018178,User,2
AleksandarDev,643171,User,1
Evangelink,11340282,User,1
5flags,3657862,User,1
CoryMcDonald,5459225,User,1
Danghor,7728268,User,1
GreenRock410,12783645,User,1
evanwon,972799,User,1
FAlbanna,3646406,User,1
TheFlow0360,7249679,User,1
mrsharpoblunto,781106,User,1
HansHuang,3724427,User,1
alfhenrik-test,6275607,User,1
jaytwo,515081,User,1
DeCarabas,9754,User,1
Jojatekok,1928320,User,1
jordansjones,632589,User,1
karno,223755,User,1
seniorquico,415806,User,1
larrybeall,989473,User,1
lukaspj,2369614,User,1
galpin,485240,User,1
michaelprewecki,8490687,User,1
mrosack,750156,User,1
lmseddik,3417256,User,1
neilt6,2797902,User,1
EvilClosetMonkey,2529208,User,1
ndikiy,5188324,User,1
patroza,42661,User,1
pvdstel,17430732,User,1
pmccowat,1851085,User,1
PeterHageus,1760363,User,1
djengineerllc,1051590,User,1
mauris,996939,User,1
stefan-schweiger,3532342,User,1
tgjones,102049,User,1
akinyooa,289181,User,1
alexkopy,1371501,User,1
crumbl3d,5552449,User,1
davidefu,17928925,User,1
h1srf,1953626,User,1
holgergubbels,6221785,User,1
leeter,1585362,User,1
lumberjack4,2118206,User,1
maw136,6883328,User,1
mikeasage,749567,User,1
schdck,16804291,User,1
p76984275,14271763,User,1
palmtech,1856138,User,1
snowdreamist,1201744,User,1
Shazbot,1927927,User,1
