Stevenic,698939,User,563
willportnoy,17912714,User,379
msft-shahins,17562300,User,367
chrimc62,17637681,User,271
Andrea-Orimoto,17152540,User,145
tomlm,17789481,User,38
nwhitmont,3075047,User,33
carlosscastro,21318528,User,18
dandriscoll,5069805,User,17
stevengum97,14935595,User,9
muzahmed,1397015,User,8
pshelton-skype,8740771,User,7
brandonh-msft,20270743,User,7
pablocastro,3433341,User,6
zixia,1361891,User,6
mulyoved,2309907,User,5
jameslew,5997512,User,5
evnik,10916937,User,3
ejadib,307826,User,3
Jeffders,8527304,User,3
mikkhait,1232731,User,3
RobStand,3769051,User,3
sebagomez,1637983,User,3
jmendiara,851359,User,3
pcostantini,57197,User,3
alexsorokoletov,1788581,User,2
cglong,137214,User,2
iassal,4086459,User,2
greuze,2410840,User,2
jorenl,3430664,User,2
JoseAntonioRodriguez,2453635,User,2
josephktcheung,4270232,User,2
k-yle,16009897,User,2
ltfschoen,6226175,User,2
msimecek,9624293,User,2
matthewshim-ms,26774878,User,2
mikehall-ms,10819572,User,2
pchoudhari,17950453,User,2
crjens,9200717,User,2
elliatab,1373396,User,2
swfbarhr,8550704,User,2
ibrahimonat,2027530,User,2
iMicknl,1424596,User,2
ankitbko,3169316,User,1
tachyons,3112976,User,1
sampsyo,188033,User,1
apuyana,3019868,User,1
OleksandrBezhan,1303861,User,1
bartlannoeye,5115577,User,1
BehnamEmamian,9818491,User,1
bterlson,11236,User,1
brunoalbano,1655375,User,1
ctstone,3091067,User,1
cgestrada,17625007,User,1
danmarshall,11507384,User,1
haefele,2983790,User,1
DixonDs,1036478,User,1
FedericoElles,1033020,User,1
palmerabollo,673420,User,1
hailiu2586,7472301,User,1
hshoff,339208,User,1
J3QQ4,10087738,User,1
ksjogo,699858,User,1
jhernandezme,3452489,User,1
kbrimble,2620389,User,1
wiltodelta,1192743,User,1
Maarten88,1541007,User,1
MalarGit,19789471,User,1
maoyu-dev,12400576,User,1
bilby91,2201079,User,1
paqman,3641410,User,1
mmatkow,22088426,User,1
mttrs,1667678,User,1
raisedadead,1884376,User,1
hardsky,1058315,User,1
obastemur,4390745,User,1
pscanf,3725458,User,1
MrRenaud,124232,User,1
simonpo,11892354,User,1
snluu,1189909,User,1
TechWatching,15186176,User,1
tompaana,1629215,User,1
lastcoolnameleft,686999,User,1
ArtisanDuCode,25029876,User,1
vboctor,6446,User,1
alexdm,480368,User,1
brijrajsingh,1260127,User,1
mitkodi,5601143,User,1
jichemicrosoft,25804698,User,1
jockorob,18562711,User,1
tkskto,12536486,User,1
mayankthebest,12164426,User,1
miql,53533,User,1
msmohan,29078812,User,1
vvatanabe,9883589,User,1
