rozele,1106239,User,532
erikschlegel,7635865,User,50
kevinvangelder,1771152,User,38
ebragge,7395421,User,34
mpodwysocki,11578097,User,31
Foxman13,1981576,User,16
matthargett,1550766,User,16
rigdern,199935,User,14
GantMan,997157,User,8
pre10der89,21279777,User,7
mattpodwysocki,49051,User,7
jmcginty,1586538,User,4
ndbroadbent,139536,User,4
ryanlntn,1944151,User,4
abodalevsky,11149885,User,3
sayar,933198,User,3
ymusiychuk-lohika,15376247,User,3
felixrieseberg,1426799,User,2
phongcao,9741323,User,2
sasivarnan,5305600,User,2
MrMYHuang,12458706,User,2
quincycs,2924643,User,2
dlajarretie,5681392,User,1
geof90,8598682,User,1
souhe,1694993,User,1
jariz,1415847,User,1
josephan,8878596,User,1
Kudo,46429,User,1
lznt,1814724,User,1
loic-sharma,737941,User,1
0x53A,4236651,User,1
MaxiBoether,2116466,User,1
MonirAbuHilal,176327,User,1
onovotny,1427284,User,1
chukcha-wtf,1046073,User,1
FLGMwt,4138357,User,1
dryganets,54233,User,1
cicorias,1080406,User,1
tylergibson,1085397,User,1
vojto,50943,User,1
Warpenguin,5379790,User,1
robarnold,326113,User,1
saadataz,20386083,User,1
sm2017,19644997,User,1
