rainersigwald,3347530,User,767
AndyGerlicher,9847849,User,429
cdmihai,2255729,User,368
dsplaisted,145043,User,200
radical,1472,User,152
jeffkl,17556515,User,149
dotnet-bot,9011267,User,97
ValMenn,11168072,User,74
tmeschter,10506730,User,45
nguerrera,75470,User,18
KirillOsenkov,679326,User,17
Sarabeth-Jaffe-Microsoft,18562889,User,13
BBosman,5115488,User,11
davkean,1103906,User,11
akoeplinger,1376924,User,10
maddin2016,19551763,User,10
dannyvv,11037542,User,9
mfilippov,927432,User,9
mmitche,8725170,User,8
v-zbsail,20182707,User,8
jaredpar,146967,User,8
slluis,260349,User,7
SamB,13903,User,7
JunielKatarn,4507319,User,6
sarajoiner,11053611,User,6
dmetzgar,2986365,User,6
akoken,2880254,User,6
DemiMarie,6395399,User,5
XianghanWang,22964345,User,5
Craig-Campbell-MS,11050830,User,4
JeremyKuhne,8184940,User,4
nschonni,1297909,User,4
Sridhar-MS,9423246,User,4
nikson,1866908,User,4
AArnott,3548,User,3
kzu,169707,User,3
jviau,5439812,User,3
jamesqo,9159214,User,3
patros,1233546,User,3
RaulPerez1,19919028,User,3
skhrenov,20857245,User,3
srivatsn,20570,User,3
wuestholz,51156,User,3
assafnativ,302043,User,2
danmosemsft,6385855,User,2
jdom,1361686,User,2
shalupov,1244223,User,2
dasMulli,6129250,User,2
devlead,1647294,User,2
olivierdagenais,297515,User,2
pborreli,77759,User,2
piotrpMSFT,2379589,User,2
tannergooding,10487869,User,2
vladbarosan,16843371,User,2
yannisgu,1180984,User,2
heXelium,3466627,User,2
anurse,7574,User,2
tbolon,127185,User,2
06b,1302542,User,1
alexxn,5682814,User,1
AmadeusW,1673956,User,1
agocke,515774,User,1
arthrp,6719472,User,1
basoundr,10550513,User,1
bbaumann,1616208,User,1
cameron314,116235,User,1
ChrisMaddock,4837132,User,1
chwarr,10605667,User,1
Nazgul07,6022092,User,1
davecluderay,144968,User,1
david-mitchell,540554,User,1
eerhardt,8291187,User,1
gluck,604263,User,1
qmfrederik,9918129,User,1
ysangkok,284023,User,1
hippiehunter,624627,User,1
Jinhuafei,10618163,User,1
joperezr,13854455,User,1
Kostadin,634992,User,1
khellang,582487,User,1
LordJZ,32092,User,1
mairaw,12971179,User,1
tomaine2002,1280803,User,1
mirkomuggli,5349671,User,1
natidea,7732033,User,1
omajid,174451,User,1
panopticoncentral,684792,User,1
pboling,19505,User,1
sean-gilliam,427184,User,1
JeanPierreDeTiege,11939788,User,1
srdjanjovcic,15749816,User,1
