vargaz,186301,User,12739
marek-safar,250852,User,9124
migueldeicaza,36863,User,7096
atsushieno,53929,User,6561
gonzalop,260233,User,4807
kumpera,5738,User,4703
illupus,263091,User,2824
jbevain,79284,User,2116
grendello,184788,User,2090
harinath,4610,User,1970
schani,61363,User,1547
slluis,260349,User,1518
jpobst,179295,User,1192
carlosalberto,260065,User,1124
akoeplinger,1376924,User,1120
alexrp,44076,User,990
luhenry,660779,User,856
dickp,318648,User,813
rolfbjarne,249268,User,779
garuma,104105,User,754
radical,1472,User,741
lambdageek,480437,User,739
esdrubal,1188095,User,701
baulig,346113,User,584
BrzVlad,4720621,User,468
tritao,602268,User,463
ivanz,79742,User,451
ANahr,339780,User,412
spouliot,260465,User,387
shana,310137,User,375
lewurm,75403,User,345
monoman,237364,User,328
joncham,260892,User,327
monodanmorg,318308,User,284
jstedfast,338984,User,281
alexanderkyte,700530,User,259
monojenkins,11610122,User,251
robert-j,308984,User,248
jonpryor,155958,User,232
mkestner,260071,User,227
nagappan,58635,User,213
vvaradhan,260655,User,202
alexischr,1048813,User,193
xmcclure,15091917,User,170
knocte,331303,User,151
ntherning,135765,User,145
kornelpal,309318,User,138
directhex,308992,User,138
alanmcgovern,264396,User,135
mhutch,183285,User,128
alesliehughes,2162142,User,122
nealef,308986,User,117
eyalalalouf,309887,User,100
lateralusX,11529140,User,92
evincarofautumn,729779,User,90
jskripsky,309423,User,82
svick,287848,User,79
ermshiperete,181336,User,65
QuickJack,1119210,User,64
joelmartinez,90380,User,61
kasthack,1292818,User,54
henricm,3715975,User,54
thomasgoldstein,519779,User,51
DavidKarlas,774791,User,50
glowingpurple,329945,User,48
abock,49539,User,46
dnauck,97584,User,45
afaerber,309527,User,43
elijahtaylor,385584,User,37
ztzg,393108,User,35
duncanmak,4791,User,35
pruiz,191225,User,34
skolima,95998,User,33
arlm,326831,User,31
qmfrederik,9918129,User,28
Therzok,109974,User,28
toshok,24245,User,27
killabytenow,1439575,User,27
ranma42,1506030,User,26
joero74,310438,User,26
radekdoulik,4147484,User,26
JamesB7,1675294,User,26
konrad-kruczynski,614435,User,25
StephenMcConnel,2228246,User,24
vkargov,1414097,User,24
Tak,142250,User,22
chergert,25676,User,21
kazuki,163226,User,21
sortie,3636196,User,18
martinpotter,675256,User,18
krytarowski,6665730,User,18
hindlemail,162436,User,17
saper,248374,User,17
ulatekh,908096,User,16
joeshaw,39916,User,15
lunchtimemama,52521,User,15
viniciusjarina,926868,User,15
joshpeterson,123220,User,15
antoniusriha,759436,User,14
strawd,1652350,User,14
dwaite,4517,User,14
hiberis,12864896,User,14
methane,199592,User,14
jmaine,309232,User,14
sandyarmstrong,155076,User,14
steffen-kiess,947515,User,14
chkn,289291,User,13
BillSeurer,8561221,User,13
fogzot,122377,User,13
mattleibow,1096616,User,13
bamboo,51689,User,13
chamons,6392201,User,12
nevillegao,309871,User,12
iainx,1253364,User,12
dotnet-bot,9011267,User,11
metanest,231367,User,11
ddaspit,3261883,User,10
rnagy,166914,User,10
amoiseev-softheme,2150644,User,9
alistair,2605,User,9
cjac,53074,User,9
ovatsus,738761,User,9
RyanMelenaNoesis,7570707,User,9
btaylor,2042,User,8
NattyNarwhal,3161292,User,8
enricosada,147243,User,8
jack-pappas,477287,User,8
mistoll,941621,User,8
kebby,1643404,User,8
madewokherd,88543,User,8
jmp75,192096,User,8
aarononeal,1740567,User,7
adbre,1292956,User,7
wtfrank,1202593,User,7
haf,193115,User,7
ilkerde,219447,User,7
UCIS,438391,User,7
madrang,747243,User,7
martinjt,1699587,User,7
mkorkalo,990174,User,7
sethjackson,6191831,User,7
TalAloni,981778,User,7
tjphilpot,461777,User,7
kloun,1122903,User,7
ninjarobot,1520226,User,7
EgorBo,523221,User,7
imphasing,81447,User,6
bassam,1463491,User,6
RAOF,804339,User,6
DavidS,27712,User,6
dmpot,6568595,User,6
Dunati,9701459,User,6
Garciat,118277,User,6
ch5oh,1231646,User,6
roji,1862641,User,6
grumpydev,527013,User,6
tpokorra,357107,User,6
theraot,1212509,User,6
adamburgess,7473960,User,6
linquize,791115,User,6
meyerrj,5955723,User,6
rjvdboon,1241158,User,6
bl8,75442,User,5
bratsche,2041,User,5
razzfazz,213635,User,5
eisnerd,441072,User,5
dlech,963645,User,5
greenboxal,1245785,User,5
shalupov,1244223,User,5
initram,127696,User,5
brugidou,167633,User,5
nestalk,122057,User,5
nicolas-raoul,99590,User,5
pcc,425024,User,5
yaslama,309602,User,5
clcrutch,2128090,User,5
mlancione,6493567,User,5
mtausig,1511226,User,5
tgiphil,124747,User,5
xplicit,1506904,User,5
danielcweber,1899410,User,5
kelly-linden,3308923,User,5
angeloc,856409,User,4
bojanrajkovic,110747,User,4
BrianDurham,5606151,User,4
neonux,10925,User,4
dellis1972,810617,User,4
borgdylan,7761010,User,4
kangaroo,151532,User,4
Sectoid,141694,User,4
hectoregm,7404,User,4
jacksonh,75189,User,4
tastywheattasteslikechicken,8326253,User,4
jwestfall69,6834341,User,4
lewing,24063,User,4
lobrien,181571,User,4
mlintner,4409761,User,4
tmds,1025424,User,4
mfoliveira,285030,User,4
gofman,3761645,User,4
plobsing,132573,User,4
xen2,527565,User,4
bholmes,310715,User,4
amccague,331727,User,4
mikeb01,309215,User,4
cmp-,10253202,User,4
crazyjncsu,1778134,User,4
slide,55871,User,4
awinters-fvs,1406823,User,4
microMolvi,6814929,User,3
ajlennon,1537834,User,3
Alkarex,1008324,User,3
weeble,663664,User,3
AndreyAkinshin,2259237,User,3
txdv,116642,User,3
carlokok,238568,User,3
cschlote,370923,User,3
knittl,2149217,User,3
Daniel15,91933,User,3
ddunkin,264744,User,3
fvalette,2648280,User,3
gregoryyoung,381274,User,3
HorstKakuschke,932866,User,3
jogibear9988,364896,User,3
juhovh,262958,User,3
kg,198130,User,3
kjpou1,640466,User,3
upsilon,92577,User,3
koush,73924,User,3
devlead,1647294,User,3
mderoy,1040009,User,3
susematz,4117296,User,3
mfilippov,927432,User,3
rubber-duck,424307,User,3
Numpsy,1178570,User,3
rneatherway,243995,User,3
smortex,148721,User,3
sblom,31878,User,3
AsamK,2340865,User,3
TautvydasZilys,1092489,User,3
tomaszkubacki,348532,User,3
Thorium,229355,User,3
