tomspilman,103522,User,3423
KonajuGames,694943,User,888
dellis1972,810617,User,845
CartBlanche,271363,User,468
kjpou1,640466,User,458
cra0zy,6773302,User,434
RayBatts,1228707,User,350
Nezz,431167,User,318
danzel,393086,User,286
nkast,3018589,User,235
Chaosus,3036176,User,220
espes,426116,User,210
Jjagg,14875382,User,209
Aranda,1129912,User,185
JamesLupiani,916042,User,164
jamesford42,155688,User,153
tgjones,102049,User,147
DDReaper,1793042,User,98
mrhelmut,3427451,User,82
thefiddler,3104289,User,61
prollin,502478,User,59
Tzenchor,11319966,User,51
MichaelDePiazzi,5249498,User,49
andreesteve,942449,User,47
totallyevil,1855462,User,47
hach-que,504826,User,46
bonesoul,73215,User,46
sdancer,1099520,User,43
totallyeviljake,2798768,User,39
flibitijibibo,1396814,User,38
aljim,8262677,User,31
disportium,4990700,User,31
dneelyep,947621,User,28
polsys,8926737,User,28
xanather,3013922,User,27
crnjan,3818211,User,22
WaaghMan,1774459,User,20
mgarstenauer,8617071,User,19
Andreyul,1127000,User,18
nightst4r,10628,User,18
urkle,101123,User,17
theZMan,1055018,User,16
jalf,610801,User,16
rtabbara,3273442,User,15
vchelaru,729631,User,15
cschwarz,717934,User,14
kg,198130,User,14
KarimLUCCIN,763180,User,14
b3nn0,1858945,User,13
Zoldike,8473472,User,13
liortal53,808343,User,13
jakepoz,392417,User,13
Helikin,3626369,User,12
Lancej,1243476,User,12
igetgames,831617,User,12
borrillis,757221,User,12
nfurtwangler,2491142,User,11
tpastor,781971,User,11
DanRigby,114417,User,10
DigitalRune,2494103,User,10
GarethIW,2124916,User,10
mattiascibien,1300681,User,10
renaudbedard,251134,User,10
kfazi,201933,User,10
picobots,2413048,User,10
thiagoabreu,126386,User,9
marshallward,462315,User,8
cmark89,2620362,User,8
demonixis,1017126,User,8
aberus,2404410,User,7
jaquadro,852988,User,7
mattleibow,1096616,User,7
Vodacek,2104849,User,7
jadaml,1237806,User,7
KakCAT,2372854,User,7
vostok4,528239,User,7
BrianPeek,2321675,User,6
christallire,1384630,User,6
clcrutch,2128090,User,6
cadahl,310146,User,5
etodd,1226339,User,5
SiENcE,314346,User,5
JeroMiya,320332,User,5
directhex,308992,User,5
jbeshir,528031,User,5
jonathanpeppers,840039,User,5
jordoh,450345,User,5
SeriousMartin,9325330,User,5
ncoder,1332278,User,5
StygianTraveler,1223083,User,5
siudeks,3256574,User,5
zigzag312,6940357,User,5
jackdolabany,6215166,User,5
aghajani,3102818,User,5
WardBenjamin,4739008,User,5
david-lively,1682801,User,4
emarcotte,249390,User,4
jjxtra,1271832,User,4
jlyonsmith,306467,User,4
picrap,251429,User,4
SpineGames,4225681,User,4
Zolniu,12182786,User,4
7sharp9,588746,User,3
Boxscape,14969170,User,3
cclements1384,3178544,User,3
Clancey,256046,User,3
sulix,2116479,User,3
discosultan,2970736,User,3
Jark,754147,User,3
AgileJoshua,564800,User,3
ChewyMoon,8482964,User,3
GalaxiaGuy,475450,User,3
PumpkinPaul,1307164,User,3
RandolphBurt,1282232,User,3
shilrobot,987542,User,3
SamuelEnglard,1119883,User,3
SimonPStevens,411131,User,3
TapaniV,1223443,User,3
nilllzz,2119926,User,3
roponator,6867959,User,3
tchekjunior,4943931,User,3
Ragath,1191717,User,3
alexandra-marin,3017559,User,2
AndrewCarvalho,3801314,User,2
endy,118286,User,2
dancrevier,1782177,User,2
devedse,2350015,User,2
vogles,1566402,User,2
leterel,4990652,User,2
Cardanis,2449538,User,2
isaacbrodsky,9139378,User,2
jack-karamanian,792121,User,2
Therzok,109974,User,2
speps,16678,User,2
rds1983,1057289,User,2
gsfreema,5770230,User,2
PikeUK,15807255,User,2
timothyparez,2060470,User,2
tompudding,541472,User,2
TommasoScalici,6296587,User,2
ValXp,2744810,User,2
WingGT1,12466070,User,2
chaosnhatred,1500273,User,2
joncloud,442836,User,2
makeout,977941,User,2
sami016,2625715,User,2
taskbit,695343,User,2
RogerGMartins,2151337,User,2
trentmillar,1146672,User,2
aqnouch,3692812,User,2
codethulu,208435,User,1
akshayarora,944933,User,1
Alturos,4423914,User,1
aniongithub,605680,User,1
Andrea,3103,User,1
thekiwi,710204,User,1
andrewschleifer,141361,User,1
codecat,136534,User,1
bsimser,301535,User,1
Veebers,936365,User,1
damianday,1334173,User,1
DissidentDan,7416047,User,1
Layoric,234642,User,1
DaveEmmerson,2356855,User,1
davidglassborow,55509,User,1
DeathCradle,776327,User,1
afrodynamics,6335753,User,1
sys27,654264,User,1
craftworkgames,3201643,User,1
darfink,1612390,User,1
FanerYedermann,2114740,User,1
Frassle,1398274,User,1
HildarTheDorf,2847674,User,1
klutch,567254,User,1
henriyl,6064530,User,1
Inverness,1755290,User,1
JacquesLucke,5881326,User,1
DrMiaow,31360,User,1
jbubriski,325529,User,1
MonoInfinito,9408636,User,1
Sabre070,2063515,User,1
kylewlacy,1362179,User,1
nanexcool,52510,User,1
mkilling,170242,User,1
muteldar,10554822,User,1
mlaily,1535823,User,1
MikeFoden,177184,User,1
theodis,3879435,User,1
mgbot,3452801,User,1
nickdarnell,325555,User,1
ka1eka,10834351,User,1
evolutional,2247662,User,1
Yubyf,1712837,User,1
pra85,829526,User,1
ralfjansson,11855807,User,1
ReadmeCritic,15367484,User,1
robert-wallis,145938,User,1
rgson,4405148,User,1
spavkov,1497729,User,1
falahati,2479372,User,1
sim31,7878290,User,1
06needhamt,4162227,User,1
uvTwitch,1063305,User,1
qbit86,880168,User,1
naerymdan,1579871,User,1
zVolodymyr,1528799,User,1
WickedGames,2787729,User,1
ablanchard17,13924616,User,1
Linchy,1840551,User,1
maqnouch,17160017,User,1
bwfox,4255552,User,1
csulmone,2083694,User,1
jhonatandarosa,5197201,User,1
davepermen,1953296,User,1
hede,512790,User,1
jfernandezrodriguez,697423,User,1
jhlllnd,601007,User,1
kodabb,1374357,User,1
kpiotrowicz2510,18598335,User,1
lozzajp,16327815,User,1
madninjaskillz,2499871,User,1
markmnl,2630321,User,1
mattzink,2976921,User,1
mooniscrazy,2191686,User,1
nathanleroux,19244891,User,1
neofuji,14163516,User,1
puargs,3409853,User,1
raizam,2153610,User,1
scottmm,1261120,User,1
stampergames,8113304,User,1
tinfoilbroker,26718027,User,1
tophathacker,671369,User,1
dmanning23,1888089,User,1
vale981,4025991,User,1
xesf,751076,User,1
