thecodejunkie,50543,User,1715
grumpydev,527013,User,1282
khellang,582487,User,369
jchannon,105126,User,354
damianh,57436,User,160
phillip-haydon,895629,User,103
prabirshrestha,287744,User,76
horsdal,676126,User,64
xt0rted,831974,User,53
jrsconfitto,238079,User,44
mmozuras,54526,User,36
cemremengu,1297759,User,33
06b,1302542,User,32
liddellj,591159,User,30
andypike,117697,User,24
jasonmead,156773,User,24
tpluscode,588128,User,24
Yantrio,237469,User,22
thefringeninja,495495,User,21
marcusoftnet,184660,User,21
richardprice,122039,User,19
daveaglick,1020407,User,18
bsommardahl,239087,User,17
dot-i,1788728,User,17
sloncho,982079,User,17
asbjornu,12283,User,15
GraemeF,80714,User,15
RobertTheGrey,152037,User,14
blairconrad,3275797,User,13
omeaart,1044190,User,12
SimonCropp,122666,User,12
logicbomb,74917,User,11
codeprogression,177813,User,10
andreichuk,2353790,User,10
FredrikL,66207,User,9
zippy1981,146930,User,9
Novakov,420393,User,9
csainty,810995,User,9
nerdfury,944655,User,9
adamralph,677704,User,8
hlesesne,117593,User,8
sschlesier,466684,User,8
craiggwilson,167901,User,8
thedersen,131983,User,8
davepermen,1953296,User,8
arturosevilla,398184,User,7
tischlda,1160554,User,7
intagger,289916,User,7
ranjitCatchinUp,4836872,User,7
davidallyoung,8164812,User,7
anton-gogolev,562650,User,6
wilhen01,4677718,User,6
Adalyat,3648114,User,5
adamclerk,67539,User,5
Hihaj,905731,User,5
felipeleusin,167921,User,5
gatapia,135965,User,5
jakejscott,287641,User,5
thinkbeforecoding,146717,User,5
joebuschmann,4748952,User,5
luuksommers,1185823,User,5
nathanpalmer,125599,User,5
paulsuart,1910052,User,5
lukesmith,102109,User,5
adamhathcock,527620,User,4
Invizory,1163295,User,4
bwatts,1592341,User,4
carlokok,238568,User,4
Crisfole,413237,User,4
ClemPi,1401705,User,4
danbarua,469192,User,4
CumpsD,1201644,User,4
grahamrhay,180700,User,4
IkerCelorrio,1081342,User,4
jschmid,574168,User,4
khalidsalomao,1336766,User,4
Mpdreamz,245275,User,4
mazur,70088,User,4
paulecoyote,516677,User,4
provegard,795010,User,4
rhwy,212965,User,4
raurfang,867241,User,4
logiclrd,2349379,User,4
shytikov,1185905,User,3
Kibele,7260212,User,3
squidge,100337,User,3
frankgeerlings,59611,User,3
kouphax,310542,User,3
jeff-pang,1246546,User,3
wasabii,549706,User,3
JoelHT-Landmark,1682175,User,3
Dashue,473789,User,3
jjchiw,642319,User,3
lijunle,1296500,User,3
kayone,412280,User,3
kppullin,369946,User,3
rasmus-beck,294810,User,3
rlipscombe,323236,User,3
RoyJacobs,173822,User,3
StephenFriend,1384945,User,3
boiledgas,19663965,User,3
rogeralsing,647031,User,3
thecopy,1847286,User,3
ChrisMcKee,83597,User,3
garethrhughes,1446907,User,3
aharin,583360,User,2
Deadarius,1204865,User,2
palsson,519117,User,2
shiftkey,359239,User,2
btompkins,562936,User,2
sirbadger,5570205,User,2
danielporfirio,652733,User,2
DarrellMozingo,84551,User,2
DavidChristiansen,77467,User,2
EKibort,724752,User,2
erdomke,4406364,User,2
Haacked,19977,User,2
hmemcpy,601206,User,2
huyderman,209594,User,2
jar349,290154,User,2
jfromaniello,178512,User,2
vbfox,131878,User,2
kzhen,2233210,User,2
Liversage,3593901,User,2
lhaussknecht,140147,User,2
mjamin,783302,User,2
skinny,17252,User,2
wallymathieu,88096,User,2
omockler,176113,User,2
pmhsfelix,364600,User,2
rspacjer,1004431,User,2
rudygt,1120692,User,2
stanhua,1033712,User,2
TimWilde,281350,User,2
codeConcussion,651287,User,2
TerribleDev,3459800,User,2
Vidarls,549092,User,2
duszekmestre,6150267,User,2
jongleur1983,2063360,User,2
loftum,373220,User,2
markrendle,178242,User,2
jussimattila,8625258,User,2
synhershko,212252,User,2
chriscosgriff,1142805,User,2
JoeStead,98282,User,2
majimenezp,543702,User,2
sphiecoh,4441506,User,2
uliian,3947701,User,2
billbogaiv,3382469,User,2
westonal,6041352,User,1
akoeplinger,1376924,User,1
andrewcoll,639768,User,1
apemost,13079610,User,1
aochsner,222713,User,1
asizikov,819053,User,1
canton7,568104,User,1
bendetat,224531,User,1
BenHall,82614,User,1
devatwork,1484868,User,1
brianwigfield,593337,User,1
darthwalsh,2829438,User,1
celsojr,6450642,User,1
ChrisBrandhorst,307690,User,1
ChrisMH,731999,User,1
devcrafting,2463699,User,1
Corstiaan84,3714933,User,1
danielmue,11872739,User,1
dwonisch,3449768,User,1
dariusdamalakas,131102,User,1
hongymagic,302730,User,1
DavidHoerster,782317,User,1
dlineberger,1082280,User,1
stabbylambda,124668,User,1
duncansmart,576343,User,1
dbent,1547727,User,1
Fax,308404,User,1
fliiiix,1682954,User,1
nandotech,2347606,User,1
franhoey,1354865,User,1
frankradocaj,1048967,User,1
GregBrant,724976,User,1
haf,193115,User,1
ilyapalkin,640738,User,1
JC008,13795931,User,1
blackjable,20495554,User,1
jtroe,2387349,User,1
jayharris,220808,User,1
jeffdoolittle,105651,User,1
JeremySkinner,90130,User,1
josephdecock,1145533,User,1
jtdowney,44654,User,1
johnduhart,113642,User,1
johnsimons,122651,User,1
SonnevilleJ,5295745,User,1
jhovgaard,1388347,User,1
JorgeGamba,284125,User,1
jvandertil,158879,User,1
jlennox,836194,User,1
solyutor,958861,User,1
EasyAsABC123,1851104,User,1
justinvp,710598,User,1
jbattermann,828,User,1
kal,70985,User,1
kthompson,15068,User,1
kobi,150083,User,1
modernist,1212380,User,1
lvermeulen,261333,User,1
mbettex,1196984,User,1
alanta,73225,User,1
onliner10,4688431,User,1
MattsGitCode,1428816,User,1
devlead,1647294,User,1
mtharrington,4019434,User,1
tempaccount0,4183098,User,1
mike-ward,567927,User,1
kekekeks,1067584,User,1
nolanw,177228,User,1
czb,37391,User,1
onatm,802299,User,1
occ,219155,User,1
oskar,6519,User,1
psibernetic,621605,User,1
pcibraro,722557,User,1
patriksvensson,357872,User,1
pdwetz,704160,User,1
philcleveland,2169872,User,1
PureKrome,899878,User,1
TheFastCat,4805874,User,1
RhinoDevel,5845035,User,1
rcknight,548432,User,1
rguerreiro,545325,User,1
samal84,1503031,User,1
scottcarr,472477,User,1
scottt732,197019,User,1
ssboisen,574189,User,1
steenhulthin,215046,User,1
stuart-bennett,493995,User,1
gitter-badger,8518239,User,1
yojimbo87,383957,User,1
ptomasroos,1064547,User,1
tt,19824,User,1
Willmo36,2010605,User,1
acorkery,4189680,User,1
alexbeletsky,304929,User,1
aryelfnd,2284669,User,1
emilianionascu,1982577,User,1
feeeper,3373303,User,1
hgarcia,122027,User,1
jeffthiele-iq,7773502,User,1
8,278500,User,1
phoenixx,702188,User,1
mloenow,546929,User,1
pawelsawicz,1385487,User,1
pwain,726654,User,1
robertbeal,296433,User,1
rodrigoi,233601,User,1
sroylance,1379493,User,1
stanislavromanov,4534725,User,1
t3hc13h,219850,User,1
timplourde,2104590,User,1
gbanister,63455,User,1
yannisgu,1180984,User,1
DClub,6757230,User,1
