304NotModified,5808377,User,1616
jkowalski,249880,User,1350
kichristensen,2461567,User,629
snakefoot,11509660,User,120
bhaeussermann,7482216,User,113
ie-zero,7550062,User,53
UgurAldanmaz,5686267,User,37
bryjamus,7079299,User,36
ilya-g,4257577,User,29
kevindaub,1937187,User,20
Page-Not-Found,635337,User,19
ParthDesai,2406067,User,18
AndreGleichner,8420678,User,14
epignosisx,697377,User,14
grbinho,1301092,User,12
cvanbergen,1151217,User,11
inez,611259,User,10
stefandevo,1656051,User,10
eduardorascon,12453517,User,9
brutaldev,1929531,User,8
flower189,6806775,User,7
michaeljbaird,240362,User,7
Niklas-Peter,1985634,User,7
vladikk,1788671,User,7
nazim9214,968654,User,7
awardle,464713,User,6
Giorgi,580749,User,6
logiclrd,2349379,User,6
remye06,5502687,User,6
txdv,116642,User,5
c0shea,17714002,User,5
DannyVarod,3163137,User,5
breyed,1299073,User,5
MikeFH,17053707,User,5
tg73,1101693,User,5
YuLad,1156098,User,5
williamb1024,10245359,User,5
flyingcroissant,5103722,User,4
nigthwatch,243168,User,4
marinsky,8744058,User,4
luigiberrettini,4513301,User,4
wrangellboy,8691705,User,4
arangas,132198,User,3
BrandonLegault,10144426,User,3
JvanderStad,5426370,User,3
johnrey1,1377619,User,3
Jeinhaus,16404204,User,3
M4ttsson,14147055,User,3
tmusico,8441241,User,3
vlardn,3735725,User,3
FroggieFrog,6222752,User,3
sebfischer83,660136,User,3
dodexahedron,8242181,User,3
cjberg,335032,User,2
damageboy,125730,User,2
dmitry-shechtman,6509451,User,2
dougthor42,5386897,User,2
aelij,496737,User,2
mpareja,121724,User,2
MartinTherriault,7595905,User,2
nathan-schubkegel,10255619,User,2
SurajGupta,1529504,User,2
vcaraulean,138733,User,2
pysco68,90577,User,2
AuthorProxy,1407631,User,2
Abuntxa,8349465,User,1
netclectic,49987,User,1
ajitpeter,3627600,User,1
aalex675,1454623,User,1
tetrodoxin,1068789,User,1
akamyshanov,1358330,User,1
emazv72,5381288,User,1
aireq,1441899,User,1
erwinwolff,602021,User,1
wilbit,687620,User,1
ghills,87394,User,1
gregmac,1216375,User,1
GunsAkimbo,1919936,User,1
jpdillingham,17145758,User,1
comburo,2467705,User,1
cincuranet,4540597,User,1
jltrem,1741722,User,1
JohannesRudolph,130103,User,1
johnkors,206726,User,1
vbfox,131878,User,1
kt1996,15853215,User,1
KeithLRobertson,4438406,User,1
lhuriguen,10594504,User,1
mathieubrun,408847,User,1
mattyway,1411146,User,1
mkaltner,4999672,User,1
MichaelLogutov,405031,User,1
MoaidHathot,8770486,User,1
PatrickMcDonald,1562597,User,1
pgatilov,3170389,User,1
ilivewithian,422605,User,1
rymk,6620866,User,1
activescott,213716,User,1
sean-gilliam,427184,User,1
SimonCropp,122666,User,1
simongh,1473359,User,1
falstaff84,34061,User,1
SteveHolle,4501647,User,1
gitter-badger,8518239,User,1
thoemmi,73690,User,1
tsconn23,1342980,User,1
tuukkapuranen,5907626,User,1
vincechan,8116120,User,1
neris,218479,User,1
bkryl,3428630,User,1
campbeb,1089399,User,1
Moafak,5840370,User,1
mikeobrien,187817,User,1
rbarillec,1492063,User,1
richol,8523881,User,1
slolife,700759,User,1
tiljanssen,15211107,User,1
JustArchi,1069029,User,1
