kathweaver,7053084,User,71
willduff,134678,User,68
ScottIsAFool,1658896,User,51
jongalloway,68539,User,34
martinwoodward,856858,User,34
poppastring,8739371,User,12
flcdrg,384747,User,8
bbowyersmyth,2482209,User,5
timheuer,4821,User,5
hashhar,10473142,User,4
Gordon-Beeming,5680199,User,4
KirillOsenkov,679326,User,4
RobDolinMS,8301581,User,4
demortes,260239,User,4
lextm,425130,User,3
vhanla,1015823,User,3
shiftkey,359239,User,2
gep13,1271146,User,2
hmemcpy,601206,User,2
lucaslra,2528972,User,2
gruenwaldt,2316967,User,2
NenoLoje,13981145,User,2
nimesh-madhavan,627928,User,2
RobDolin,256896,User,2
zivkan,5030577,User,1
softwarenerd,853239,User,1
NattyNarwhal,3161292,User,1
jcheng5,129551,User,1
jmbucknall,3341552,User,1
rkttu,1297346,User,1
LorenVS,528200,User,1
martingbrown,5264795,User,1
rahulpnath,951631,User,1
rhysgodfrey,1361010,User,1
RobStand,3769051,User,1
timsneath,2319867,User,1
dneimke,720792,User,1
jannavarro,4499051,User,1
jlcard,6778775,User,1
