pchote,167819,User,5720
chrisforbes,128877,User,4153
Mailaender,756669,User,3687
reaperrr,2857877,User,1806
obrakmann,4331210,User,1336
abcdefg30,7704140,User,1010
penev92,7137365,User,624
RoosterDragon,3399086,User,370
ScottNZ,1712619,User,350
atlimit8,4957137,User,254
cjshmyr,566742,User,248
alzeih,163478,User,236
ytinasni,135639,User,219
Phrohdoh,4861023,User,179
MustaphaTR,7933210,User,116
pavlos256,311595,User,96
GraionDilach,1136302,User,88
geckosoft,421564,User,76
teees,15243958,User,63
ihptru,791864,User,63
rob-v,16348750,User,62
deniz1a,6599106,User,40
JamesDunne,538152,User,38
SoScared,2715583,User,34
matija-hustic,5747153,User,31
huwpascoe,1812087,User,31
LipkeGu,2057932,User,30
abc013,21260178,User,29
UberWaffe,2726355,User,26
clemty,10729559,User,25
Biofreak1987,4711816,User,23
SteelPhase,2711058,User,22
dan9550,2210900,User,21
MunWolf,3696546,User,20
x-a-n-a-x,1732773,User,19
OmegaBolt,8225171,User,18
Unit158,706008,User,18
Mizipzor,139879,User,16
AoAGeneral,7693928,User,16
Generalcamo,1779662,User,15
DeadlySurprise,7755963,User,13
Squiggles211,7218092,User,13
Carko,3161616,User,12
jrb0001,2380263,User,12
forcecore,632278,User,12
HenrytheSlav,12610736,User,11
katzsmile,388127,User,11
alexander-boll,9974729,User,10
ChaoticMind,395384,User,10
ltem,20945684,User,10
Smilex,887918,User,10
Micr0Bit,9139965,User,10
suvjunmd,11020536,User,9
paulvt,551904,User,9
TheUnknownCylon,1283581,User,9
earthpig,1620838,User,9
s1ww,6244620,User,9
hoxworth,15193,User,9
Hellhake,10361249,User,8
Rydra,5826108,User,8
i80and,334192,User,8
RockyTV,1251067,User,7
MatthijsBenschop,8655965,User,7
paolochiodi,81542,User,7
pjdelport,630271,User,7
TWaalen,7010819,User,7
evgeniysergeev,3105609,User,7
pevers,3428649,User,7
psydev,1637812,User,7
CH4Code,16046997,User,6
Kanar,1968396,User,6
hartmark,12826053,User,6
tysonliddell,20079016,User,6
buddytex,2126601,User,6
FrameLimiter,22008761,User,5
Baxxster,1894790,User,5
Iran,402734,User,5
jacobdufault,356714,User,5
atimoschenkow,4006128,User,5
epicelite,2596563,User,5
hunnybunny95,2810252,User,5
sinf,9487531,User,5
Booom3,270995,User,5
colonelpopcorn,13068221,User,5
IceReaper,1322277,User,4
DanielHernandez,857649,User,4
DSUK,6050424,User,4
kyrylo,1079123,User,4
Sapena,2463962,User,4
Robmaister,1067411,User,4
SamRH,670582,User,4
whinis,7612064,User,4
ABrandau,11763228,User,4
rasco,289536,User,4
alercah,20842325,User,3
Angusm3,6048149,User,3
bellator,1689563,User,3
RobotCaleb,113401,User,3
Cr0s,521193,User,3
dderevjanik,4524497,User,3
Happy0,1145180,User,3
jbeich,11153579,User,3
jwbuurlage,82485,User,3
JoppyFurr,1698231,User,3
JordanGlue,5110749,User,3
markolson,137988,User,3
moviuro,6882978,User,3
mart0258,169270,User,3
Ripsn,4096925,User,3
dtluna,25333996,User,3
havok13888,1217312,User,3
jabbink,2461972,User,3
max621,427386,User,3
Phoib,1384555,User,3
MUzzell,2963387,User,3
xaionaro,2349376,User,3
daynemarais,11056179,User,2
gdavegdave,26625017,User,2
GSonderling,10141866,User,2
Herve-M,1846023,User,2
jeff-1amstudios,1063652,User,2
Gishten,6181500,User,2
LavenderMoon,12167542,User,2
besuikerd,1638661,User,2
draculus,2422776,User,2
bateramos,1529658,User,2
porzell,6992050,User,2
NinovanderMark,6692167,User,2
Saticmotion,5888357,User,2
UnknownProgrammer,11507226,User,2
bryanwilbur,13037996,User,2
entropai,3389545,User,2
jaZzKCS,2698113,User,2
jonathanmiles,771961,User,2
mgatland,364886,User,2
noyanbaykal,5996738,User,2
pdovy,430294,User,2
roundowl,13931798,User,2
glen7,4893767,User,2
viszkoktamas,17620914,User,2
aaroncampf,2095438,User,1
AgentAAA,6204839,User,1
JoesParadiese,10695527,User,1
subspace,424080,User,1
aperkins81,1768005,User,1
RailTracker,7117676,User,1
tben643,3396627,User,1
Enverex,958670,User,1
bvandenbogaard,6306277,User,1
Holloweye,637562,User,1
Codes4Fun,14130759,User,1
DavidARussell,5528904,User,1
DnAp,4682109,User,1
TurakD,11293613,User,1
ForNeVeR,92793,User,1
Hanzik,5736517,User,1
Iamgoofball,4081722,User,1
ImagoTrigger,3333956,User,1
ingemaradahl,454363,User,1
ishantheperson,1707565,User,1
fluxer,1097244,User,1
jamslater,132611,User,1
kyrreso,526956,User,1
LunaticEdit,11513891,User,1
MartinCurwen,27307992,User,1
mazarf,7960915,User,1
botengine-de,20521130,User,1
Arcitectus,10707732,User,1
Mknsri,5314500,User,1
Smith00101010,10694927,User,1
Mykogen,9497747,User,1
kekekeks,1067584,User,1
tohava,329651,User,1
RichSuther,14851039,User,1
RobAWilkinson,1959628,User,1
rneatherway,243995,User,1
razzmatazz,563556,User,1
stecman,2230769,User,1
TheRaffy,5147014,User,1
hacklex,7040957,User,1
drscream,315645,User,1
tmsbrg,3786254,User,1
tmldsousa,783393,User,1
Truth99A,16300280,User,1
Turupawn,707484,User,1
twhitney11,1093721,User,1
wenzeslaus,5449060,User,1
visav,1194174,User,1
VrKomarov,1657253,User,1
anjew175,14989579,User,1
baxtor,4512930,User,1
bean601,1154670,User,1
bkero,128776,User,1
bountysource-support,5995486,User,1
daVoodooShuffle,27123101,User,1
elena-v2,4985070,User,1
figrita,11150241,User,1
gitTerebi,12906211,User,1
hypercube33,8732130,User,1
jfinkels,121755,User,1
joncloud,442836,User,1
qwIvan,7613160,User,1
sinaptik,938420,User,1
SzabKel,3736434,User,1
wuschel,1154361,User,1
