NickCraver,454813,User,463
batzen,1971030,User,14
kshyju,144469,User,12
afscrome,289860,User,7
VictoriaD,14888476,User,6
latop2604,2058133,User,5
GABeech,945425,User,4
adutton,660358,User,3
chipitsine,2217296,User,3
patHyatt,296125,User,3
yellis,1366941,User,3
ryan1234,1672337,User,2
Tony-Mc,8818187,User,2
smurariu2,3726674,User,2
rducom,5228175,User,2
cr1,5757898,User,2
brunocatteau,2759474,User,1
mandlar,690781,User,1
itssimple,11502257,User,1
snoopydo,1243121,User,1
sejoker,125466,User,1
ghuntley,127353,User,1
JC3,5651184,User,1
vbfox,131878,User,1
jvitkauskas,9928675,User,1
kkontio,6122884,User,1
IDisposable,874059,User,1
devlead,1647294,User,1
surgicalcoder,1169543,User,1
kiwipiet,122649,User,1
ReadmeCritic,15367484,User,1
rchern,198681,User,1
rionmonster,1325081,User,1
robertmiles3,944302,User,1
m0sa,503702,User,1
stebet,661658,User,1
tms,449006,User,1
Misterhex,1956951,User,1
chsword,274085,User,1
aliozgur,799194,User,1
g1kw,20632622,User,1
jeddytier4,157601,User,1
RomanDidenko,4664877,User,1
tallesl,3655047,User,1
