JuliusSweetland,4722561,User,1715
zelmon64,15001389,User,24
alexandre-mbm,957501,User,18
petermorlion,3483719,User,17
Chopinsky,5376280,User,17
andylamp,2177249,User,15
danpadmore,1918007,User,14
ninehundred1,11573073,User,14
Ar2rZ,14283948,User,13
SamPlusPlus,740393,User,13
kirstymcnaught,12151404,User,9
PeterOeClausen,6975621,User,9
LeeCampbell,981443,User,8
feugy,186268,User,8
alandbm,15254186,User,6
A01221624,15240145,User,6
utacub,17425983,User,6
TheGreenAirplane,12677130,User,5
vdjerek,19509606,User,4
Gadal,11228808,User,3
mark-poscablo,19368448,User,3
mockingjamie,15916735,User,3
Razzeee,5943908,User,2
hiwye,6324895,User,2
adolfosilva,7690147,User,1
dabbertorres,4149347,User,1
hsson,8019984,User,1
suvjunmd,11020536,User,1
bddfersrg,9902605,User,1
NikitasKotsolakos,15243974,User,1
mrpmorris,3111981,User,1
ReadmeCritic,15367484,User,1
mostlyjason,6370704,User,1
