andschwa,2226434,User,1853
vors,816680,User,489
zach-folwick,16566940,User,291
daxian-dbw,127450,User,226
mspeterhon,7052908,User,138
palladia,16566935,User,136
JamesWTruher,10214008,User,130
lzybkr,2148248,User,126
TravisEz13,10873629,User,118
jsoref,2119212,User,91
mirichmo,12738734,User,91
JumpingYang001,16585827,User,79
raghushantha,11727200,User,76
PowerShellTeam,6043293,User,71
jianyunt,10171679,User,71
SteveL-MSFT,11859881,User,70
TingLiu6,16587262,User,66
iSazonov,22290914,User,63
ealexjordan,5847981,User,55
alexandair,3135708,User,48
adityapatwardhan,12820925,User,42
bmanikm,5000058,User,39
Francisco-Gamino,12720858,User,27
PaulHigin,14019529,User,24
joeyaiello,1255187,User,22
jeffbi,6708868,User,21
bingbing8,12284203,User,17
brycem,6820500,User,16
paulcallen,16545334,User,15
AngelCalvo,9616778,User,15
mgreenegit,5178939,User,14
powercode,3505151,User,12
chunqingchen,16246343,User,12
charub,18017330,User,12
ChrisUbben,9100913,User,11
BrucePay,6876108,User,10
KarolKaczmarek,6466574,User,10
dantraMSFT,12105071,User,10
HemantMahawar,11988952,User,9
johnkord,16021727,User,8
maertend,7025399,User,8
anmenaga,11860095,User,7
mwrock,655165,User,7
douglaswth,77890,User,7
hiteshraigandhi,15840459,User,7
wseng,6572161,User,6
andyli,103977,User,5
rkeithhill,5177512,User,5
akkatracker,2032746,User,5
KrisBash,5825248,User,5
dchristian3188,13060023,User,4
0xfeeddeadbeef,732366,User,4
Indhukrishna,5224441,User,4
probonopd,2480569,User,4
BarryNolte,4474173,User,3
daviwil,79405,User,3
DiceyDai,18478873,User,3
DonGill,7661492,User,3
KirkMunro,3515485,User,3
randomvariable,1441070,User,3
PetSerAl,17184058,User,3
TheFlyingCorpse,372550,User,3
adamdriscoll,1256531,User,3
kmosher,834089,User,3
Lee303,7476213,User,3
adbertram,4306938,User,2
dlwyatt,5107604,User,2
jkotas,6668460,User,2
khansen00,20543720,User,2
KevinMarquette,7864621,User,2
kittholland,10815037,User,2
mklement0,588825,User,2
oising,1844001,User,2
kilasuit,6355225,User,2
stweil,6734573,User,2
bergmeister,9250262,User,2
2xmax,2508022,User,2
dgrala,10715890,User,2
MiaRomero,16053302,User,2
adityamandaleeka,219224,User,1
alexpilotti,1754347,User,1
ajensenwaud,5827908,User,1
AndrewGaspar,2292643,User,1
bjtucker,1749839,User,1
indented-automation,12827150,User,1
nadiasvertex,2034108,User,1
DamirAinullin,8580525,User,1
diev,2707312,User,1
eslesar,12451984,User,1
Atalanttore,628474,User,1
faheel,11466676,User,1
ffeldhaus,910802,User,1
thezim,14023826,User,1
halr9000,18482,User,1
janvorli,10758568,User,1
jasonwer,20783411,User,1
jpsnover,6188114,User,1
jeroenjanssens,1368256,User,1
JonathanMalek,314612,User,1
juneb,2954883,User,1
KaliszAd,1903787,User,1
kapilmb,14225543,User,1
KrishnaV-MSFT,10604558,User,1
kylesferrazza,6677292,User,1
LeeHolmes,11475352,User,1
lilyfang,6433822,User,1
latkin,5943573,User,1
McAndersDK,14300946,User,1
mrled,129654,User,1
Elufimov,423130,User,1
nanalakshmanan,5761138,User,1
n8v,709386,User,1
kwiknick,11024062,User,1
lvnilesh,93558,User,1
Noutlaw1,4411919,User,1
pborreli,77759,User,1
PatrickLang,11345431,User,1
rnelson0,1898351,User,1
rmunn,90762,User,1
SRGOM,8103619,User,1
SajayAntony,1821104,User,1
ScriptAutomate,5951023,User,1
megamorf,1732128,User,1
sdcampbell,10532268,User,1
Tadas,11361062,User,1
TimCurwick,13490327,User,1
vivekjuneja,122003,User,1
it-praktyk,4910261,User,1
zakrid,11602629,User,1
coderdad,21291087,User,1
ewhitesides,24396832,User,1
exp-cpandya,12452668,User,1
lalyos,464122,User,1
mat-mo,4245366,User,1
mrpnkt,2102625,User,1
nitinbps,13004006,User,1
nmbradford,8855114,User,1
noahleigh,5957867,User,1
oldhamtj,11168490,User,1
stephentoub,2642209,User,1
wangzq,271418,User,1
xiaoyinl,16713498,User,1
zackschuster,9667758,User,1
