paulcbetts,1396,User,2039
jlaanstra,1564575,User,364
kentcb,1901832,User,203
ghuntley,127353,User,155
onovotny,1427284,User,79
niik,634063,User,73
moswald,85051,User,52
olevett,8627917,User,37
mteper,1029340,User,32
Haacked,19977,User,26
flagbug,964691,User,25
oliverw,51688,User,23
meteficha,767816,User,22
rikbosch,549975,User,22
tclem,136521,User,21
aalmada,534533,User,18
alanpog,265086,User,11
michaelstonis,120685,User,8
Qonstrukt,1132953,User,7
ammeep,1024672,User,6
MerickOWA,185721,User,6
justin-factory,4828987,User,5
srimoyee-factory,8387247,User,5
shiftkey,359239,User,4
casnap,1855227,User,4
npnelson,2856705,User,4
PureWeen,5375137,User,4
bsiegel,96068,User,3
distantcam,1298847,User,3
sillyotter,483712,User,3
nverinaud,824162,User,3
StanislawSwierc,810501,User,3
TheGrandUser,8041079,User,3
wendazhou,1628990,User,3
asarium,1013983,User,3
bradtwurst,310216,User,3
shishkin,124065,User,3
robhorvath,452125,User,3
ArturPhilibin,1541024,User,2
BrianSakhai,2001835,User,2
chrisbednarski,1804713,User,2
ChrisWay,644592,User,2
grollinger,469588,User,2
GiusepeCasagrande,3471760,User,2
gordonwatts,1778366,User,2
jonfuller,122422,User,2
dahlbyk,133987,User,2
mattrrichard,3155381,User,2
patroza,42661,User,2
Hinidu,911252,User,2
rzhw,79461,User,2
terenced,326341,User,2
vanderkleij,1620797,User,2
arkein,4995531,User,2
maratoss,1102119,User,2
marklam,1962640,User,2
dchaib,2837201,User,2
2asoft,1157248,User,1
Avrozavr,13178622,User,1
shiftbot,12331315,User,1
bratsche,2041,User,1
dlech,963645,User,1
thedillonb,1644068,User,1
detroitpro,49996,User,1
guidomb,390645,User,1
recumbent,1500642,User,1
jen20,548524,User,1
Minimalistic,3077684,User,1
jimitndiaye,316325,User,1
jbogard,104498,User,1
JohnStov,1702235,User,1
wislon,1695185,User,1
jordansjones,632589,User,1
LucasMaloney,2925891,User,1
Silv3rcircl3,6583600,User,1
MistyKuu,10333668,User,1
nsainaney,306293,User,1
nestalk,122057,User,1
piamancini,3671070,User,1
lunaryorn,224922,User,1
stas-shusha,5111530,User,1
slodge,533662,User,1
tiagomargalho,816807,User,1
TimmiT93,8439638,User,1
timotei,428492,User,1
wbardzinski,1164977,User,1
DelcoigneYves,14808869,User,1
b-straub,7459002,User,1
marcosbozza,5205524,User,1
pH200,1430310,User,1
vevix,36646,User,1
waynemunro,964342,User,1
