Redth,271950,User,474
yufeih,511355,User,4
BaesFr,2757528,User,3
Haythem,1000991,User,3
dylanvdmerwe,2852839,User,2
ibauersachs,949783,User,2
maorhayoun,3461889,User,2
samcook,223639,User,2
billennium,1200041,User,2
steveheyman,4484434,User,2
1158626753,15726549,User,1
antonvasilenko,1716049,User,1
DanDude0,16296209,User,1
altima,84055,User,1
eloe,163129,User,1
ForNeVeR,92793,User,1
jdtaylor91,12166669,User,1
dizlexik,300104,User,1
304NotModified,5808377,User,1
JasonGit,2204391,User,1
elvis512,22388870,User,1
kekekeks,1067584,User,1
RobGibbens,378691,User,1
grabmill,2420039,User,1
ScottIsAFool,1658896,User,1
Cheesebaron,249719,User,1
kiichi,396816,User,1
omerkirk,289690,User,1
pazcaldj,5989902,User,1
sadra-ab,1020642,User,1
