johnsheehan,101556,User,259
ayoung,47586,User,146
Haacked,19977,User,121
hallem,1198158,User,47
petejohanson,202695,User,39
PedroLamas,85504,User,16
davidgrupp,1783434,User,16
devinrader,1095289,User,14
devatwork,1484868,User,12
friism,126104,User,11
issafram,650211,User,11
dkarzon,214449,User,10
pseudomuto,4748863,User,8
scottschluer,1582014,User,8
ErikSchierboom,135246,User,7
mstum,104127,User,7
sgrassie,194140,User,7
perlun,630613,User,7
brettryan,32154,User,6
Naliath,795462,User,6
scidec,4741971,User,6
EamonHetherton,449015,User,6
mattleibow,1096616,User,6
rmblstrp,1015621,User,5
DixonDs,1036478,User,5
jsclayton,704034,User,5
tathamoddie,45753,User,5
raste,1017279,User,5
zidad,303034,User,5
cogree,5184245,User,4
jonfuller,122422,User,4
manadart,562661,User,4
lukebakken,514926,User,4
nicstrong,54459,User,4
prabirshrestha,287744,User,4
ixkor,3447255,User,3
Falco20019,940619,User,3
chris-grabcad,5262051,User,3
rocknet,1266404,User,3
enricosada,147243,User,3
ebello,782,User,3
esthereisner,5349172,User,3
dontjee,164454,User,3
gshackles,196182,User,3
jhoerr,1151206,User,3
mwereda,7375717,User,3
mbp,77322,User,3
psampaio,136917,User,3
RyanFarley,106127,User,3
ryno1234,92051,User,3
VictorTomaili,2023440,User,3
willkelleher,782325,User,3
BlackFoks,156314,User,3
ntziolis,265338,User,3
topas,629953,User,3
achvaicer,253457,User,2
arangas,132198,User,2
Alxandr,112334,User,2
briangweber,10853783,User,2
BrunoMVPCosta,2845641,User,2
camillemarie,804366,User,2
drusellers,63355,User,2
ewanmellor,894011,User,2
hahmed,658005,User,2
jessewebb,64667,User,2
CSharpByDesign,163117,User,2
mehdime,444822,User,2
nicwise,127924,User,2
nberardi,279540,User,2
PaulCampbell,106776,User,2
rsabirov,542541,User,2
robertmiles3,944302,User,2
rkravchik,6080367,User,2
StevenLiekens,1583241,User,2
cdeutsch,404765,User,2
josh-ak,5994786,User,2
lycilph,2346778,User,2
ma-gu,13116798,User,2
neochrome,335698,User,2
rggardner,2283539,User,2
shaylevi2,3083289,User,2
lhaussknecht,140147,User,2
pasho,425689,User,2
aaronlerch,69980,User,1
adbre,1292956,User,1
aroben,917945,User,1
apodlaski,881608,User,1
adback03,3609623,User,1
SneakyMax,342540,User,1
antonmoiseev,182853,User,1
anujb,666578,User,1
artema,199714,User,1
attilah,230432,User,1
bkaid,315615,User,1
BMeyerKC,1473535,User,1
bmontgomery,51848,User,1
chribben,669423,User,1
thrackle,154143,User,1
DSchmidlin,11778437,User,1
davidcollie,4258418,User,1
Elywejnak,70628,User,1
gmcelhanon,1467340,User,1
icyflash,578257,User,1
jacdevos,1660600,User,1
nachojammers,12060,User,1
jasonmoore2k,740636,User,1
staticcat,2058893,User,1
liddellj,591159,User,1
johnduhart,113642,User,1
jpatte,1859441,User,1
jmartin84,1485680,User,1
dahlbyk,133987,User,1
leonardoeloy,171113,User,1
TripleEmcoder,550209,User,1
meixger,600424,User,1
matthewberkland,1190995,User,1
autechr3,5013724,User,1
MatthewKing,1918523,User,1
trydis,446036,User,1
mafifi,1842431,User,1
nathanvda,34460,User,1
oliverhanappi,401938,User,1
petrohi,464561,User,1
rafaelsteil,6013,User,1
kleinron,1203923,User,1
tomgallard,637795,User,1
tt,19824,User,1
vinkaga,950469,User,1
geek,441346,User,1
amccarter,5701514,User,1
anthonyvscode,241857,User,1
asherber,5248041,User,1
hartaa,7474603,User,1
jaircazarin,351117,User,1
jeffa00,361594,User,1
jittuu,168965,User,1
lishali12345,170981,User,1
monkey-g,781635,User,1
mjwsteenbergen,5946409,User,1
sdahlbac,659363,User,1
ggrote,10919361,User,1
rlyczynski,5474546,User,1
oysteinkrog,653040,User,1
