mythz,89361,User,7394
xplicit,1506904,User,166
desunit,460455,User,86
Arxisos,579011,User,81
angelcolmenares,65897,User,62
tystol,915391,User,32
Layoric,234642,User,27
jeffgabhart,2814,User,19
dsimunic,1206234,User,16
englerj,25256049,User,16
dchurchland,916510,User,15
JonCanning,671232,User,14
sneal,197023,User,13
wwwlicious,908801,User,13
prasannavl,559409,User,12
Tyst,1469708,User,11
KevinHoward,421151,User,11
yeurch,1114792,User,11
mj1856,1396388,User,10
aaronlerch,69980,User,9
tvjames,869993,User,9
iamruss,204439,User,9
danbarua,469192,User,9
dbeattie71,1178448,User,8
ggeurts,684925,User,8
pseabury,1918526,User,8
Iristyle,394081,User,8
joelharkes,2960938,User,8
franklinwise,1341543,User,7
scottmcarthur,2670630,User,7
julrichkieffer,895332,User,7
donaldgray,956470,User,7
rsafier,645964,User,7
shift-evgeny,14869282,User,6
adamfowleruk,2700521,User,6
pdegenhardt,1281208,User,6
Nness,1712143,User,6
gshackles,196182,User,5
zerhacken,1444972,User,5
bpruitt-goddard,2429731,User,5
gregpakes,102243,User,5
svantreeck,6819011,User,5
AndiDog,1376043,User,4
bokmadsen,790740,User,4
schmidt4brains,54773,User,4
ddotlic,1737586,User,4
froyke,357583,User,4
JustinPihony,1621855,User,4
medianick,329902,User,4
bchavez,478118,User,4
electricshaman,27187,User,4
TheDruidsKeeper,1529126,User,4
jrosskopf,851749,User,4
thinkbeforecoding,146717,User,4
ivanfioravanti,1069210,User,4
drakelord,1067123,User,4
assaframan,514503,User,3
buybackoff,489852,User,3
ChuckSavage,844259,User,3
jakejscott,287641,User,3
jezzsantos,3137590,User,3
DevJohnC,74685,User,3
jorbor,460348,User,3
marcioalthmann,477990,User,3
improvedk,732069,User,3
MarkWalls,1077379,User,3
mikepugh,1666933,User,3
miketrebilcock,1905325,User,3
starteleport,3007009,User,3
pruiz,191225,User,3
pwhe23,474471,User,3
pavelsavara,271576,User,3
PerMalmberg,2729388,User,3
RobertTheGrey,152037,User,3
shelakel,1434829,User,3
waynebrantley,157082,User,3
greghroberts,294025,User,3
migajek,581492,User,3
jfoshee,480334,User,3
aaronasmith,1774490,User,2
balexandre,45473,User,2
brunomlopes,83034,User,2
CITnDev,1148190,User,2
CallumVass,2204920,User,2
CaspianCanuck,4632914,User,2
chadwackerman,121650,User,2
chrismcv,145466,User,2
csakshaug,200077,User,2
damianh,57436,User,2
stabbylambda,124668,User,2
hardye,1220760,User,2
itamar82,892092,User,2
bumblebeeman,6376610,User,2
garuma,104105,User,2
kal,70985,User,2
kkolstad,1631066,User,2
kirankc,4381886,User,2
leon-andria,1230744,User,2
MherX,3852737,User,2
PilotMartin,5373568,User,2
RobSchoenaker,4450207,User,2
russellchadwick,1666778,User,2
softwx,2808068,User,2
flq,123748,User,2
glikoz,1757659,User,2
ievgent,1974640,User,2
int03,1389507,User,2
josellm,636052,User,2
kongo2002,69115,User,2
mmertsock,2637734,User,2
AlexanderKa1,353916,User,2
lucky-ly,4019526,User,2
joero74,310438,User,2
jsonmez,978835,User,2
sami1971,392559,User,2
gravypower,1744164,User,1
AdamCLarsen,1480439,User,1
adamralph,677704,User,1
aleksd,138255,User,1
allenarthurgay,301551,User,1
mammo,612424,User,1
andyberryman,597503,User,1
BBSDeadEye,3007806,User,1
baramuse,1180901,User,1
basile-emotum,2646118,User,1
niemyjski,1020579,User,1
BlakeRaymond-AI,1489637,User,1
bretternst,2838808,User,1
BruceCowan-AI,3277441,User,1
cproiete,3018880,User,1
cdmackie,314609,User,1
dcartoon,53167,User,1
danmiser,470579,User,1
cyberprune,1411500,User,1
daggmano,290460,User,1
logiclabs,1760571,User,1
DavidKarlas,774791,User,1
davidroth,338856,User,1
tischlda,1160554,User,1
dwfrancis,4325056,User,1
DeonHeyns,857353,User,1
filipw,1710369,User,1
labilbe,54315,User,1
derfsplat,942872,User,1
ecgan,417342,User,1
ghuntley,127353,User,1
georgehemmings,910258,User,1
glaidler,1322247,User,1
graham-whelan,13943048,User,1
GuillaumeSalles,7273466,User,1
HelgeL,4496954,User,1
hhandoko,771674,User,1
vansha,147127,User,1
jamescarter-le,1643692,User,1
fantasticjamieburns,1443443,User,1
JamieHouston,903891,User,1
jschlicht,639815,User,1
jarroda,1840003,User,1
jasonauk,1983178,User,1
Fammy,232259,User,1
specimen151,3056108,User,1
jpasichnyk,1373292,User,1
jgeurts,158937,User,1
jokecamp,517093,User,1
johnkamau,2318160,User,1
jkyahoo,11258947,User,1
MrJul,1623034,User,1
Cyberlane,1614416,User,1
jhf,18099,User,1
wilfrem,856424,User,1
muojp,766864,User,1
kevingessner,569461,User,1
paksys,1910180,User,1
LukePulverenti,3607463,User,1
nardin,780901,User,1
DataWingSoftware,3879525,User,1
mbischoff,741351,User,1
mtausig,1511226,User,1
MattButton,5268841,User,1
friism,126104,User,1
mvitorino,153873,User,1
meebey,318066,User,1
namman,802880,User,1
nhhagen,1181536,User,1
paulduran,601548,User,1
pvasek,946316,User,1
ReadmeCritic,15367484,User,1
remkoboschker,1345833,User,1
ricardobrandao,2292745,User,1
RoyJacobs,173822,User,1
sashagit,2036948,User,1
ShamsulAmry,683348,User,1
sopelt,738714,User,1
ssboisen,574189,User,1
slav,350987,User,1
somya,1068019,User,1
stefandevo,1656051,User,1
cyberzed,1001655,User,1
stephenpatten,354728,User,1
thaiphan,644172,User,1
timothyherrera,1136846,User,1
tomaszkubacki,348532,User,1
TorbenRahbekKoch,3320159,User,1
kadmil,4445523,User,1
vIceBerg,2366606,User,1
Costo,46972,User,1
Merwer,362975,User,1
WimAtIHomer,1989550,User,1
onlyann,1916218,User,1
AnthonyCarl,1318679,User,1
biliktamas79,1678662,User,1
bnabholz,9592767,User,1
bojanv55,1422698,User,1
chrisbobo,197831,User,1
ckasabula,1447857,User,1
cliffstill,3400858,User,1
corkupine,1276277,User,1
davecanderson,2754325,User,1
e-kolpakov,3330048,User,1
e11137,1456913,User,1
emiba,1768690,User,1
giardo911,11771818,User,1
gregoryb,609183,User,1
jmpeltier,526285,User,1
johnman,351053,User,1
manuelnelson,956837,User,1
markwoodhall,893173,User,1
matthieugd,143315,User,1
mattiasw2,1294931,User,1
mp3125,1382242,User,1
robert4,6560249,User,1
zigmo,5471578,User,1
stuartbfs,11989514,User,1
justmara,4157587,User,1
tal952,1283559,User,1
tapmantwo,1025641,User,1
tlaguz,6138529,User,1
wulfgar61,4852695,User,1
jsibbiso,1614557,User,1
