Jaex,822090,User,3052
McoreD,48652,User,237
L1Q,6942070,User,36
alanedwardes,110954,User,22
campbeb,1089399,User,21
Shadorc,6506416,User,19
RockyTV,1251067,User,18
davidruhmann,2963122,User,18
gpailler,3621529,User,18
lithium720,4080711,User,17
DanielMcAssey,3080979,User,16
123jimin,835369,User,16
athosbr99,6440060,User,15
k3d3,1247908,User,11
dannoe,7450586,User,9
alantsai,1878653,User,8
Spidersouris,7102007,User,8
Ninn0x4F,8236957,User,8
barsv,2222578,User,8
maxibanki,17984549,User,7
wi5nia,12593852,User,7
michalx2,4435671,User,7
WebFreak001,2035977,User,6
ovnisoftware,9275664,User,6
petrosian,2469924,User,5
mstojcevich,871961,User,5
junderhill,838529,User,4
KamilKZ,4151396,User,4
LeoLamCY,4132984,User,4
Sneer-Cat,21225810,User,4
TiagoDanin,5731176,User,4
muratmoon,574213,User,4
alucard0134,12538482,User,4
Scrxtchy,12771982,User,4
SolidX,1513109,User,4
neko,6992756,User,4
jiajiechan,10415929,User,4
Kaeltis,809734,User,4
andrei1015,292476,User,3
Cereal-Killa,25939765,User,3
danielbrezoi,5743667,User,3
SirCmpwn,1310872,User,3
Jeffiy,5069316,User,3
HazardDev,6226408,User,3
mpistrich,4247811,User,3
nwies,10389749,User,3
Dinnerbone,317625,User,3
Starbug2,10262761,User,3
Lego6245,1329165,User,3
pjammo,30346155,User,3
johnduhart,113642,User,3
Corin123555,2203653,User,2
dertuxmalwieder,125629,User,2
ireun,695818,User,2
jvitkauskas,9928675,User,2
BallisticLingonberries,6620257,User,2
Kesmy,8912259,User,2
lesderid,1756988,User,2
mihe,4884246,User,2
Pandafuchs,9077076,User,2
Petethegoat,734762,User,2
savannaking,7681340,User,2
canihavesomecoffee,7365586,User,2
aStonedPenguin,6313418,User,2
banksymate,17058508,User,2
jibcore,16841914,User,2
kenzie-wu,16957220,User,2
osfancy,4641921,User,2
quietsche,4280077,User,2
ventzz,14222884,User,2
wolfborg,9553466,User,2
avail,2692729,User,2
AKTheKnight,7502848,User,1
0xdeafcafe,2768524,User,1
atillabyte,2405874,User,1
Baegus,3513696,User,1
BranicYeti,1971818,User,1
zikeji,9063612,User,1
corey-,4399965,User,1
ElectricDanDan,3541110,User,1
peppy,191335,User,1
DevAtHome,8179637,User,1
ewhal,8613688,User,1
Farami,143645,User,1
FastDeath,3752127,User,1
ferrybig,1576684,User,1
Jusonex,4458720,User,1
Krychuu,1358252,User,1
hclewk,1243396,User,1
kmartin26,5654824,User,1
LRNAB,6231655,User,1
Bluecodelf,7542008,User,1
ElectronicWar,1890874,User,1
balohmatevz,1364475,User,1
mhils,1019198,User,1
Drybones5,8174608,User,1
nikeee,4068864,User,1
Magentaize,11793304,User,1
Permik,11646902,User,1
qaisjp,923242,User,1
Ispira,5545745,User,1
stdray,1642954,User,1
Seenko,24597695,User,1
TylerAdkisson,413727,User,1
xaviergmail,522034,User,1
devBluestar,10474959,User,1
gaelbenoit,11502741,User,1
l0nley,906520,User,1
lawlmart,10986838,User,1
lggomez,6326271,User,1
miere43,3995549,User,1
mightynerd,5666717,User,1
oxysoft,3945277,User,1
sides,3672000,User,1
thanhpd,6737911,User,1
ultramancool,734252,User,1
nerd,13791487,User,1
