davidfowl,95136,User,2259
NTaylorMullen,2008729,User,707
halter73,54385,User,472
DamianEdwards,249088,User,445
abnanda1,3220491,User,215
moozzyk,1438884,User,127
loudej,61889,User,40
Xiaohongt,2381199,User,39
chenriksson,15364949,User,31
pszmyd,1133191,User,19
ayende,116915,User,12
gustavo-armenta,2651593,User,12
drub0y,284152,User,10
robink-teleopti,274245,User,10
paulbatum,10663,User,8
KrzysFR,1662235,User,6
hongmeig,1648770,User,6
drch-,343322,User,5
einari,134365,User,5
akoeplinger,1376924,User,5
thomaswr,909809,User,5
mikary,6787717,User,4
anurse,7574,User,4
alex-simonov,6773871,User,4
BrennanConroy,7574801,User,3
ducas,193200,User,3
MatsKarlsson,1224001,User,3
thecodejunkie,50543,User,2
bjarteskogoy,213410,User,2
BrandonLWhite,2344027,User,2
daanl,442096,User,2
davidhess,1705008,User,2
gshackles,196182,User,2
jackwoodward,985166,User,2
garuma,104105,User,2
apkd,13803120,User,2
mteper,1029340,User,2
nberardi,279540,User,2
pheiberg,474206,User,2
remcoros,130373,User,2
shjin,2319558,User,2
zgramana,759830,User,2
TimHeckel,83935,User,2
jcoutch,386545,User,2
samueldjack,837684,User,2
goss2326,719011,User,1
CompileThis,313474,User,1
AlexeyRokhin,4499122,User,1
bwegman,397523,User,1
bigswede74,23264080,User,1
bc3tech,1967433,User,1
BrannonKing,1509322,User,1
cburgdorf,521109,User,1
ermontgo,1786686,User,1
garysharp,1687386,User,1
jamesfoster,196800,User,1
jcondex,2602988,User,1
kellabyte,676347,User,1
kppullin,369946,User,1
niik,634063,User,1
mazur,70088,User,1
korroz,723273,User,1
thematlin,70089,User,1
mortonfox,495892,User,1
runesoerensen,16988,User,1
stevebeauge,184604,User,1
sdhebert,10764582,User,1
tkarpinski,285711,User,1
zidad,303034,User,1
bbdhiveteam,13997944,User,1
duszekmestre,6150267,User,1
jonathanptew,170035,User,1
jp9506,14166022,User,1
pdagosta,8269326,User,1
zivillian,6039253,User,1
