markus101,413544,User,4025
kayone,412280,User,2340
Taloth,6383890,User,710
margaale,20794934,User,12
larsjohnsen,1748521,User,10
iaddis,904052,User,9
JamieMagee,1358764,User,9
lloydsparkes,202613,User,9
nothingmn,423958,User,6
Dahlgren,288631,User,6
delphiactual,4798491,User,5
uzegonemad,430255,User,4
Cyberlane,1614416,User,4
fhriley,153649,User,3
ta264,4957935,User,3
halkeye,110087,User,3
BubbaFatAss,1834077,User,2
jabbera,301208,User,2
mitchellcash,8009243,User,2
faush01,3616162,User,2
fzr600dave,5552952,User,2
vawen,5277445,User,2
vertigo235,1238461,User,2
cbodley,1928002,User,2
chrisallen,203867,User,2
Nedlinin,298264,User,2
Fossil01,8832687,User,2
mythjuha,3154195,User,2
sschlesier,466684,User,2
artbird309,417665,User,1
othrayte,241372,User,1
c0unt0,8517102,User,1
ashleybroughton,222825,User,1
bjeanes,2560,User,1
BrendenCA,6919285,User,1
Chao-Man,2309610,User,1
Neaox,13699847,User,1
StormPooper,1657182,User,1
Awarua-,5498590,User,1
drewfreyling,1145869,User,1
thejinx0r,323436,User,1
brgaulin,4007825,User,1
iamGavinJ,15910740,User,1
iainnicol,2117362,User,1
hmemcpy,601206,User,1
Ingramz,1017132,User,1
IvanBrazza,1753736,User,1
JackDandy,1459670,User,1
jakepusateri,2494130,User,1
saferindoors,2177618,User,1
kenyonj,4008677,User,1
Kayomani,16805327,User,1
kyse,785002,User,1
babbelnedd,4655466,User,1
mhartvig,6865872,User,1
roguecode,2159191,User,1
mike-tesch,1396261,User,1
MichelZ,1040252,User,1
Mirx,4777176,User,1
NathanTheGr8,2585114,User,1
tutipeti,6810846,User,1
Powdor,9454199,User,1
pra85,829526,User,1
srod,457674,User,1
Royal2000H,822546,User,1
sam3d,8385528,User,1
sanderploegsma,1564254,User,1
sander1,104684,User,1
scottrice,585048,User,1
scottrobertson,68361,User,1
thijstijsma,7725505,User,1
vktr,1491824,User,1
invalid-email-address,148100,User,1
aaraujo666,656854,User,1
bitPhex,12520490,User,1
karaambaa,13930544,User,1
kaso17,11887264,User,1
kmcc049,5923884,User,1
phrusher,1868780,User,1
scherz0,11591409,User,1
vintage81,9677001,User,1
zetas,1036810,User,1
