mgravell,17328,User,415
jeremymeng,7583839,User,65
deepakverma,1123933,User,32
NickCraver,454813,User,20
JonCole,2126673,User,12
PashaPash,1866711,User,8
kevin-montrose,1219467,User,8
mwikstrom,5657237,User,6
antoinecellerier,1226303,User,4
hrishi18pathak,7212579,User,4
piccit,6035529,User,4
freakingawesome,2660584,User,3
returnString,1278480,User,3
matteobaglini,1433066,User,3
wjdavis5,2580575,User,3
olviko,9060218,User,3
awr,422274,User,2
JoshuaKGoldberg,3335181,User,2
MichaCo,5837539,User,2
RPM1984,930343,User,2
bleis-tift,169348,User,2
luberg,147835,User,2
xkrt,428187,User,2
alexwlchan,301220,User,1
avrum,7944539,User,1
billycc,9502139,User,1
bcuff,504266,User,1
btecu,7517745,User,1
ccorsano,1572022,User,1
AlphaGremlin,352273,User,1
dpenton,316799,User,1
mckenzieg1,2821202,User,1
DeRauk,1535256,User,1
breyed,1299073,User,1
veblush,2793282,User,1
thepirat000,9836380,User,1
geirsagberg,594564,User,1
IlincescuMihai,4929469,User,1
jakejscott,287641,User,1
johnnycardy,904610,User,1
joroda,21324020,User,1
JosephSpaur,1936704,User,1
seniorquico,415806,User,1
kylestittleburg,1778640,User,1
leosvelperez,12051310,User,1
mattmazzola,2856501,User,1
mausch,95194,User,1
stepaside,1780888,User,1
mithun-daa,852171,User,1
bapti,1849893,User,1
Nigrimmist,1579535,User,1
paveliak,7450609,User,1
superyyrrzz,3831744,User,1
rjmooney,4219,User,1
RogerBestMsft,10090643,User,1
sgwill,1507077,User,1
steroberts89,3008316,User,1
qcz,304384,User,1
u-abramchuk,902300,User,1
altwa,25309562,User,1
turowicz,1055391,User,1
YoungjaeKim,1265284,User,1
bgertsberg,5782215,User,1
daniel-meismer-zocdoc,2397185,User,1
n9,1651867,User,1
neuecc,46207,User,1
sam-source,7606255,User,1
shiweichuan,747529,User,1
smurariu2,3726674,User,1
sonofaforester,478115,User,1
sporty81,4369244,User,1
willharrison,217273,User,1
