mgravell,17328,User,387
invalid-email-address,148100,User,147
NickCraver,454813,User,127
SamSaffron,5213,User,51
johandanforth,527037,User,30
vosen,1206376,User,18
greygeek,1031246,User,12
henkmollema,1521207,User,9
jamesholwell,3832591,User,8
panesofglass,8803,User,8
shrayasr,240368,User,8
nberardi,279540,User,6
brannon,51925,User,5
joaomatossilva,381718,User,4
xps,868945,User,4
aggieben,1321,User,4
azhmur,2143587,User,3
psibernetic,621605,User,3
jedidja,484442,User,3
joncloud,442836,User,3
mrange,2491891,User,3
sqmgh,8879792,User,3
sebastienros,1165805,User,3
tms,449006,User,3
andrxs,959110,User,2
DmitryNaumov,866389,User,2
ronindev,921324,User,2
jkonecki,1775247,User,2
jlogar,1444373,User,2
JesseNaranjo,13751049,User,2
JocaPC,1156582,User,2
jbattermann,828,User,2
mcliment,63848,User,2
mjul,142868,User,2
matwilko,3772498,User,2
KorsG,1583564,User,2
Nigrimmist,1579535,User,2
Obalix,7955278,User,2
onovotny,1427284,User,2
seburgi,696827,User,2
SwissCheeze,1696015,User,2
Tornhoof,7989549,User,2
andrexx,623660,User,2
danzel,393086,User,2
markrendle,178242,User,2
BlackjacketMack,1722131,User,2
tuespetre,4853540,User,2
AArayeshi,10774551,User,1
AndrewMSpencer,7806280,User,1
Atvaark,5101884,User,1
brramos,3952532,User,1
bgrainger,188129,User,1
bretcope,3608260,User,1
caioproiete,177608,User,1
chilversc,145440,User,1
programcsharp,994270,User,1
dkempner,2532112,User,1
DavidKarlas,774791,User,1
teamyudin,1744411,User,1
et1975,623703,User,1
fbdegroot,705476,User,1
Ffloriel,12745899,User,1
fjunqueira,5576950,User,1
garjitech,749876,User,1
GermanTikhonov23,25475327,User,1
gregmac,1216375,User,1
gjsduarte,288812,User,1
hdwatts,16158417,User,1
JJoe2,5649595,User,1
alterius,17456962,User,1
MrJerB,1579175,User,1
jdanyow,1306747,User,1
JosephWoodward,1237341,User,1
otac0n,193584,User,1
jdaigle,104650,User,1
jovanpop-msft,20593304,User,1
jpmarques,1612752,User,1
vcsjones,361677,User,1
Kruithne,682348,User,1
markashleybell,483470,User,1
markjerz,3584066,User,1
MartinDevillers,251531,User,1
maurocerutti,6205464,User,1
mburbea,213233,User,1
michael-wolfenden,780521,User,1
NikolayGlynchak,10650722,User,1
OsmanMElsayed,3925355,User,1
paulcbetts,1396,User,1
perlun,630613,User,1
majorsilence,656288,User,1
pdesterlich,75373,User,1
phillip-haydon,895629,User,1
ReadmeCritic,15367484,User,1
RichCzyzewski,1015080,User,1
bundy845,898590,User,1
rvlieshout,139665,User,1
romanych,462649,User,1
techniq,177476,User,1
phnx47,1101691,User,1
sergiivolchkov,1759566,User,1
ssboisen,574189,User,1
vondruska,109995,User,1
tallesl,3655047,User,1
twhitbeck,762471,User,1
Tewr,2945607,User,1
youngpay,547120,User,1
azyobuzin,1000655,User,1
cremor,116314,User,1
garyhuntddn,1392371,User,1
jods4,3832820,User,1
kevin-montrose,1219467,User,1
devlead,1647294,User,1
newbyca,1134341,User,1
ofirgeller,4271135,User,1
perliedman,1246614,User,1
petsuter,8830354,User,1
simonkang,1182251,User,1
tangruixing,7021358,User,1
verysimplenick,922660,User,1
vonbv,870921,User,1
