thangchung,422341,User,347
ernado-x,3822922,User,11
Nick-Lucas,8896153,User,8
geffzhang,439390,User,7
VahidN,766010,User,4
alexandrnikitin,1798438,User,3
cuongle,198100,User,3
chester89,190332,User,3
omerfarukz,2807847,User,3
pcgeek86,466713,User,3
daghb,313628,User,3
Taritsyn,251859,User,2
coopermaa,1217485,User,2
dodyg,1761249,User,2
mayuanyang,3387099,User,2
geoperez,1775792,User,2
hgupta9,6797866,User,2
Bigtalljosh,3884394,User,2
medokin,456683,User,2
axunonb,10255664,User,2
onuralp,2384123,User,2
dotnetjunkie,1506621,User,2
TylerBrinkley,10929167,User,2
andrewlock,18755388,User,2
raytrask,5374572,User,2
scheshan,7234391,User,2
alhardy,729185,User,2
0xdeafcafe,2768524,User,1
alexwiese,2103355,User,1
aloisdg,3449303,User,1
catlightio,17228943,User,1
cdroulers,708798,User,1
cleftheris,1777633,User,1
Lavinski,1761789,User,1
diogodamiani,573679,User,1
dmetzgar,2986365,User,1
darkl,1126390,User,1
ewinnington,3533203,User,1
holmescn,548039,User,1
MisterJames,1197383,User,1
kiyoaki,218958,User,1
lucabriguglia,8679253,User,1
dasMulli,6129250,User,1
mbernier,169448,User,1
riscie,5127581,User,1
michielpost,1315216,User,1
kekekeks,1067584,User,1
nlkl,3640356,User,1
doxakis,5766482,User,1
rionmonster,1325081,User,1
rogersachan,7173984,User,1
sandersaares,9914262,User,1
SebastianStehle,1236435,User,1
SergIlliukhin,8982748,User,1
stefanbuck,1393946,User,1
Stoom,5356206,User,1
VitaliyMF,1308723,User,1
ahmadalli,2167301,User,1
almegdad,8333383,User,1
mysticmind,2864208,User,1
hong-duc,12032550,User,1
sikanderiqbal,1322195,User,1
