happlebao,1169912,User,675
qianlifeng,1725475,User,507
orzFly,158528,User,113
lances101,4784785,User,26
aaroncampf,2095438,User,22
LingForCC,5373202,User,18
cxfksword,718792,User,16
JohnTheGr8,697917,User,9
staff0rd,6289998,User,7
zlsun,6016980,User,7
Rovak,376155,User,6
dstiert,3370557,User,6
renzhn,1574994,User,5
jhdxr,1993373,User,5
kotcrab,4594081,User,4
rmterra,2546929,User,4
HA3IK,3060791,User,3
jondaniels,10519140,User,3
Megasware128,3170510,User,3
Artoria2e5,6459309,User,3
Boelensman1,1338743,User,2
Spidersouris,7102007,User,2
leVirve,7029882,User,2
he4d,591188,User,2
schulz3000,1812705,User,2
kerams,5063478,User,2
niwatolli3,12669175,User,2
vankasteelj,12599850,User,2
zhiyue,4208883,User,2
allanpk716,1176000,User,2
alexmg,131293,User,1
cmzy,484927,User,1
barakyaari,6375553,User,1
bitdeli-chef,3092978,User,1
DamirAinullin,8580525,User,1
druellan,6965667,User,1
qubbit,1987473,User,1
gythialy,773400,User,1
liubiantao,3268218,User,1
huseyint,720856,User,1
danisein,4199827,User,1
kayone,412280,User,1
korzo89,2965511,User,1
KreenChang,8353219,User,1
qazbnm456,6451933,User,1
Leon99,6840381,User,1
JianhuaLiu,4917574,User,1
meixger,600424,User,1
ReadmeCritic,15367484,User,1
skttl,3726467,User,1
TobiasDev,5912371,User,1
Zaycn,16393636,User,1
bagjob,10335007,User,1
caoyue,522324,User,1
dgoon,74667,User,1
junjie020,1544217,User,1
Kingwl,6831019,User,1
marshallmick007,116607,User,1
roose,277651,User,1
zhao-xu,1531961,User,1
zsxsoft,2398785,User,1
