08d74004ba1934b9121296749228b456e70506b6,94f9527c1eb3f205d060b8b7988493a81c3eda53,20,11,9,Document,NULL,NULL,20,NULL,1
c28d787daf3f1bc131ac01c2147727f1c0406fb9,94f9527c1eb3f205d060b8b7988493a81c3eda53,20,11,9,Document,NULL,NULL,20,NULL,1
94f9527c1eb3f205d060b8b7988493a81c3eda53,74d914e558aa4fbbffe27191657252fd88e8318a,2,1,1,Document,NULL,NULL,2,NULL,1
f65bd255c7c8d958add8a4f31343e6bd4d7c1646,74d914e558aa4fbbffe27191657252fd88e8318a,2,1,1,Document,NULL,NULL,2,NULL,1
74d914e558aa4fbbffe27191657252fd88e8318a,b0bf040d849ee9a4733e3f4da520e315ea14d038,2,2,0,#,NULL,NULL,2,NULL,1
f7480d4d0be1f7faebf86dd6ffb92c732016c432,ef5b4b799393d62b1b548d520570c9e03e0fa86f,2,2,0,Normal,NULL,NULL,2,NULL,1
b0bf040d849ee9a4733e3f4da520e315ea14d038,36f39b86529b67bc11cd48f966f4d5a35a7a314e,6,6,0,#,NULL,NULL,6,NULL,2
ef5b4b799393d62b1b548d520570c9e03e0fa86f,36f39b86529b67bc11cd48f966f4d5a35a7a314e,6,6,0,fix,NULL,NULL,6,NULL,2
36f39b86529b67bc11cd48f966f4d5a35a7a314e,da6ead806912174f17eca463bd645131cc410696,6,4,2,Document,NULL,NULL,6,NULL,1
1c4d756d19a3621efa145fa1046bde55e6a0a308,da6ead806912174f17eca463bd645131cc410696,6,4,2,Comment,NULL,NULL,6,NULL,1
da6ead806912174f17eca463bd645131cc410696,56ee94a95e45ecfaad8cdd4423fd8f226f40454d,30,25,5,#,NULL,NULL,30,NULL,2
23744bdebac50972b30b979f000f1a0b00d9bd5a,42f0d6c3f9c9b1fe7577ae4850be17fe9c8649e8,26,23,3,Normal,NULL,NULL,26,NULL,2
42f0d6c3f9c9b1fe7577ae4850be17fe9c8649e8,7da973d694c177edc1358cfa059d1e6068c42061,4,2,2,Comment,NULL,NULL,4,NULL,1
56ee94a95e45ecfaad8cdd4423fd8f226f40454d,add5a00f43f21eeb66e0b76172d6f97d7f50b179,1,1,0,Document,NULL,NULL,1,NULL,1
add5a00f43f21eeb66e0b76172d6f97d7f50b179,345b1936c553be01f749eebb14bf4b42c5e4158f,41,38,3,Document,NULL,NULL,41,NULL,1
345b1936c553be01f749eebb14bf4b42c5e4158f,1cd327940fc5ac8a468f2589efa772378657c21a,33,33,0,#,NULL,NULL,33,NULL,4
23097205d719d8411cb347f0a5133efb4701ea32,1cd327940fc5ac8a468f2589efa772378657c21a,33,33,0,Normal,NULL,NULL,33,NULL,4
1cd327940fc5ac8a468f2589efa772378657c21a,dee075fa208a2ab7248f9e1a9817f8b5bc015709,23,10,13,#,NULL,NULL,0,NULL,0
31bcb3e70d2916ed7a23f5355494f7c00afa8efc,dee075fa208a2ab7248f9e1a9817f8b5bc015709,23,10,13,Normal,NULL,NULL,0,NULL,0
dee075fa208a2ab7248f9e1a9817f8b5bc015709,cff49e08e67fdaf544079b6f0b66117a7b7be522,50,45,5,#,NULL,NULL,50,NULL,4
29c4d41d20fd5e13cd0d8ec76e34c39d9c7f87da,9c9e057533978ab5bb1ac1d61fecfa3aa9189603,14,7,7,Format,NULL,NULL,14,NULL,4
9c9e057533978ab5bb1ac1d61fecfa3aa9189603,4d7c8842ae0254b2b645d52d59462ff62d0badec,41,37,4,Normal,NULL,NULL,41,NULL,2
4d7c8842ae0254b2b645d52d59462ff62d0badec,cff49e08e67fdaf544079b6f0b66117a7b7be522,11,9,2,Normal,NULL,NULL,11,NULL,2
cff49e08e67fdaf544079b6f0b66117a7b7be522,ab4f693d2448832fcfd15c771a169522e45ee6ed,197,100,97,Normal,NULL,NULL,197,NULL,2
ab4f693d2448832fcfd15c771a169522e45ee6ed,6d5444d3c6c689f102cab57cbd9d6e6de120ba4d,4,3,1,Normal,NULL,NULL,4,NULL,1
6d5444d3c6c689f102cab57cbd9d6e6de120ba4d,e6772b958560791bb8a5d9932d0f6b8c40115359,2,1,1,Normal,NULL,NULL,2,NULL,1
e6772b958560791bb8a5d9932d0f6b8c40115359,6c0ff9c423e8b476c63f11413790443c3fe62f16,41,30,11,#,NULL,NULL,41,NULL,2
96d1b6fb3e3f01ddb738603fc5daa090ad7e1afc,6c0ff9c423e8b476c63f11413790443c3fe62f16,41,30,11,Normal,NULL,NULL,41,NULL,2
6c0ff9c423e8b476c63f11413790443c3fe62f16,63632959f42c584984b6167514c0b10f3148ae86,276,275,1,fix,ISSUE,NULL,276,NULL,1
63632959f42c584984b6167514c0b10f3148ae86,4c01521a46326f6a2dd0b6c675738d07ba7fef13,6,3,3,Document,NULL,NULL,2,NULL,1
4c01521a46326f6a2dd0b6c675738d07ba7fef13,0c4fecb40cf4a228f2a99dc4817148835d80b5c0,29,5,24,Normal,NULL,NULL,29,NULL,1
0c4fecb40cf4a228f2a99dc4817148835d80b5c0,c7f75ead1df6d95047a07953b2e5f7e15e2dec9c,99,62,37,Normal,ISSUE,NULL,99,NULL,1
c7f75ead1df6d95047a07953b2e5f7e15e2dec9c,f10535a12bcf433857cd33b44291062acca40199,14,7,7,fix #,ISSUE,BUG,0,NULL,0
ee3bf29d8cce86cc5b2108bdaa61fa05a579c766,f10535a12bcf433857cd33b44291062acca40199,14,7,7,Normal,NULL,NULL,0,NULL,0
f10535a12bcf433857cd33b44291062acca40199,b6c9cbb7eba5f569e6e3d89533defc546978e4fa,799,666,133,Document,NULL,NULL,248,NULL,16
7da973d694c177edc1358cfa059d1e6068c42061,757cbd23367450ee966e7466ef4b0e85a8eab21a,688,580,108,Document,NULL,NULL,248,NULL,16
757cbd23367450ee966e7466ef4b0e85a8eab21a,b6c9cbb7eba5f569e6e3d89533defc546978e4fa,123,92,31,Normal,NULL,NULL,0,NULL,0
b6c9cbb7eba5f569e6e3d89533defc546978e4fa,5d6a89a1d64124d4be7d4e2242966cfe1aafa537,38,30,8,Document,NULL,NULL,36,NULL,1
5d6a89a1d64124d4be7d4e2242966cfe1aafa537,58b3b559811e64b791607a467f4f243ed5eda3f1,82,45,37,Document,NULL,NULL,82,NULL,1
7d504e5d60751433d67639bdece1fce6e4b9c813,fc2136efe30279dc76e0907a330f3d7394eabd8d,2,1,1,Document,ISSUE,NULL,2,NULL,1
fc2136efe30279dc76e0907a330f3d7394eabd8d,e46f8ded39f61de49a70ab1da5a887acdc179f2c,4,2,2,Document,NULL,NULL,4,NULL,1
e46f8ded39f61de49a70ab1da5a887acdc179f2c,58b3b559811e64b791607a467f4f243ed5eda3f1,82,45,37,Document,NULL,NULL,82,NULL,1
58b3b559811e64b791607a467f4f243ed5eda3f1,60c8db1bb8236227f67d98522e368c8f7cfa9e58,8,2,6,Normal,NULL,NULL,0,NULL,0
60c8db1bb8236227f67d98522e368c8f7cfa9e58,0a5b223943e2db40a5680929e2d95bd62570811a,57,36,21,fix,ISSUE,BUG,26,NULL,5
99c2adab77e645a9d167f114af92a25c616e9c24,2e6f227338a6948accc1f8e8875b2c66d654c221,24,20,4,Normal,NULL,NULL,24,NULL,4
2e6f227338a6948accc1f8e8875b2c66d654c221,52f04fbeec22200abcaadc73ba92548b73e40474,2,1,1,Normal,NULL,NULL,2,NULL,1
52f04fbeec22200abcaadc73ba92548b73e40474,0a5b223943e2db40a5680929e2d95bd62570811a,31,15,16,fix,ISSUE,NULL,0,REFACTOR,0
0a5b223943e2db40a5680929e2d95bd62570811a,db2329c7b22b43fb35f2fd627351364a4ed71f0b,2,1,1,Document,NULL,NULL,2,NULL,1
db2329c7b22b43fb35f2fd627351364a4ed71f0b,3031658c74a587121c995234cdcbd3018855045a,2,1,1,Document,NULL,NULL,2,NULL,1
3031658c74a587121c995234cdcbd3018855045a,f07d6f0b234901d7573e31382eb55eb4df0ebd5c,6,5,1,Document,NULL,NULL,6,NULL,1
f07d6f0b234901d7573e31382eb55eb4df0ebd5c,1fd0017265fa9635369c81d52ad261e6236f1543,2,1,1,Document,ISSUE,NULL,2,NULL,1
79e05f25a970ec31b9174910ee51fd3c699f8b95,1fd0017265fa9635369c81d52ad261e6236f1543,2,1,1,Document,ISSUE,NULL,2,NULL,1
1fd0017265fa9635369c81d52ad261e6236f1543,da35935c9b8ee37b4b1af440f4db2364e1dc20f9,8,4,4,Normal,NULL,NULL,8,NULL,1
da35935c9b8ee37b4b1af440f4db2364e1dc20f9,2986c0a4563a67d3c9f9c49112a2f75eaad98284,36,30,6,#,NULL,NULL,0,NULL,0
2986c0a4563a67d3c9f9c49112a2f75eaad98284,d2e1b514127547d7c5a62c5aeb25dd24b18e9501,4,2,2,Document,NULL,NULL,4,NULL,1
847223fa917bdab8b0f992fa2b329009447ff057,d2e1b514127547d7c5a62c5aeb25dd24b18e9501,4,2,2,Document,NULL,NULL,4,NULL,1
7e72678fc9039a80e0df94696b4c3c29ef1e3307,961cea4cfd881afc119fb3371e7e09704d2347d6,4,4,0,Normal,NULL,NULL,0,NULL,0
961cea4cfd881afc119fb3371e7e09704d2347d6,b6f7a7d9314f5a3f7df28eb3061ecc3c33559cc7,32,26,6,Normal,NULL,NULL,0,NULL,0
d2e1b514127547d7c5a62c5aeb25dd24b18e9501,b6f7a7d9314f5a3f7df28eb3061ecc3c33559cc7,135,105,30,Document,NULL,NULL,102,NULL,3
b6f7a7d9314f5a3f7df28eb3061ecc3c33559cc7,7bd117590fa55ccd8c8052f066be85e2bcb1cfe7,3,1,2,#,NULL,NULL,3,NULL,2
7bd117590fa55ccd8c8052f066be85e2bcb1cfe7,7220b1a40a20a8297e7fd943ce3769bbbefb1b8f,2,1,1,#,NULL,NULL,0,NULL,0
7220b1a40a20a8297e7fd943ce3769bbbefb1b8f,0d5cbad52b4c8f51e2a458ca14d75e829069d0be,62,31,31,Comment,NULL,NULL,0,NULL,0
aac55dc81bdf55612885329f78798089a1262586,0d5cbad52b4c8f51e2a458ca14d75e829069d0be,62,31,31,Comment,NULL,NULL,0,NULL,0
0d5cbad52b4c8f51e2a458ca14d75e829069d0be,90a9353218cf907336d27f9a4952cd6d4858e014,18,9,9,Document,NULL,NULL,18,NULL,1
33ed2c0068c114d78f73adc55c8fc5ceec1d4c47,64c9266a788bb429a3acf4b64b7422f57025ca6b,12,6,6,Document,NULL,NULL,12,NULL,1
64c9266a788bb429a3acf4b64b7422f57025ca6b,90a9353218cf907336d27f9a4952cd6d4858e014,6,3,3,Document,NULL,NULL,6,NULL,1
bbf4861bdb515452e43dcd48457acf043cc5806f,7dde4b1ca7d8eb3c1921dc87b0a2ffdb9e6207c5,2,1,1,Normal,NULL,NULL,2,NULL,1
7dde4b1ca7d8eb3c1921dc87b0a2ffdb9e6207c5,90a9353218cf907336d27f9a4952cd6d4858e014,1,0,1,Normal,NULL,NULL,1,NULL,1
da42d5243205773b00788cf82ab85856ef64214b,90a9353218cf907336d27f9a4952cd6d4858e014,2,1,1,Normal,NULL,NULL,0,NULL,0
90a9353218cf907336d27f9a4952cd6d4858e014,ed8362d84667af98badac7a843ee1244d82a8021,5,4,1,Normal,NULL,NULL,5,NULL,1
e0e9a6c8ebdbf7d6e4efd04b3535ffd8731c464d,ed8362d84667af98badac7a843ee1244d82a8021,5,4,1,Normal,NULL,NULL,5,NULL,1
ed8362d84667af98badac7a843ee1244d82a8021,2c34277865cfafb3bc478fa0b745ceb87d57fdd7,82,78,4,#,NULL,NULL,82,NULL,1
f4179471ed798336ab5043d7f1a819ea7e1ce90c,2c34277865cfafb3bc478fa0b745ceb87d57fdd7,82,78,4,Normal,NULL,NULL,82,NULL,1
2c34277865cfafb3bc478fa0b745ceb87d57fdd7,356f27ed62861f01057e1be9402b9a10e29e523a,27,16,11,fix #,ISSUE,NULL,27,NULL,1
e26031cf5eeef2a9772be6c09d69f38a5e7ae99c,356f27ed62861f01057e1be9402b9a10e29e523a,27,16,11,Normal,NULL,NULL,27,NULL,1
356f27ed62861f01057e1be9402b9a10e29e523a,522bfe06c7347f049edd851d8778fd8d9a84f77d,6,3,3,Comment,NULL,NULL,0,NULL,0
522bfe06c7347f049edd851d8778fd8d9a84f77d,15c5966bd94ddbfe09d696d50e123d2e5cb2864b,198,41,157,Document,NULL,NULL,191,NULL,12
5eeda4f0b57b407c5d0eaebba0192ca45ddc1e1e,15c5966bd94ddbfe09d696d50e123d2e5cb2864b,198,41,157,Document,NULL,NULL,191,NULL,12
15c5966bd94ddbfe09d696d50e123d2e5cb2864b,1b346b527179f8869d6e8332917c80ac83337ee8,198,157,41,Document,NULL,NULL,191,NULL,12
66e492a6de51b9077dfcbd6f4646130151714f9c,972db9c9fadf9b6d57d989ab9341f7af0863b064,37,17,20,Normal,NULL,NULL,37,NULL,6
972db9c9fadf9b6d57d989ab9341f7af0863b064,09a698505432f39e537da23a7a9ce08e0f0acd1c,35,17,18,Document,NULL,NULL,35,NULL,1
09a698505432f39e537da23a7a9ce08e0f0acd1c,dc937d3c647cc4092a809d83dd49bd35fe22df0f,3,2,1,Document,NULL,NULL,3,NULL,1
dc937d3c647cc4092a809d83dd49bd35fe22df0f,fa010c95467c42f0d9cc5566dd3b95724e12fd59,2,1,1,Document,NULL,NULL,2,NULL,1
fa010c95467c42f0d9cc5566dd3b95724e12fd59,11f67015996dce1aa5ff02bbb3d8b85bf773f3b7,73,72,1,Comment,NULL,NULL,73,NULL,1
11f67015996dce1aa5ff02bbb3d8b85bf773f3b7,1b346b527179f8869d6e8332917c80ac83337ee8,88,68,20,#,NULL,NULL,81,NULL,10
9556e236cbe08a44a181f8eb42600c635ceb8036,1b346b527179f8869d6e8332917c80ac83337ee8,6,3,3,Comment,NULL,NULL,0,NULL,0
1b346b527179f8869d6e8332917c80ac83337ee8,1a30bddb8b5dcebac820a1585d0b4e891cfd24d2,8,6,2,Normal,NULL,NULL,8,NULL,1
efdf7c56799d335c061e70bb8f7ecd876e7a416d,1ec55086cda2f61084981e742acb11f708876c93,10,6,4,Normal,NULL,NULL,10,NULL,1
1ec55086cda2f61084981e742acb11f708876c93,1a30bddb8b5dcebac820a1585d0b4e891cfd24d2,6,4,2,Normal,NULL,NULL,6,NULL,1
1a30bddb8b5dcebac820a1585d0b4e891cfd24d2,12ac4595bc62927b75ade01144e3ae7c7dedbac4,146,141,5,Normal,NULL,NULL,50,NULL,5
d0c9dafb9ff40a4eda1617da03c86b4783dcc22d,12ac4595bc62927b75ade01144e3ae7c7dedbac4,146,141,5,Normal,NULL,NULL,50,NULL,5
12ac4595bc62927b75ade01144e3ae7c7dedbac4,c4d0ae7bd6df5e234cfe3faedc661252cb048a58,191,112,79,Document,NULL,NULL,191,NULL,1
4b827e35c0a23258c0451b65a37152f61ae36b6b,c4d0ae7bd6df5e234cfe3faedc661252cb048a58,191,112,79,Document,NULL,NULL,191,NULL,1
ca28671462522ab4d2479313f65c86747fe87ff3,fac5f64ad9795fcc0c6166bea2373ce59cd961bb,52,44,8,Normal,NULL,NULL,52,NULL,5
fac5f64ad9795fcc0c6166bea2373ce59cd961bb,ef9effb944252ae9f065ae20d657a7d17e9b12c0,96,96,0,Normal,NULL,NULL,0,NULL,0
ef9effb944252ae9f065ae20d657a7d17e9b12c0,c4d0ae7bd6df5e234cfe3faedc661252cb048a58,6,5,1,Normal,NULL,NULL,6,NULL,2
c4d0ae7bd6df5e234cfe3faedc661252cb048a58,47a544bb8dd8b0275a24bfd194113e478e35b9d7,34,17,17,Normal,NULL,NULL,0,NULL,0
47a544bb8dd8b0275a24bfd194113e478e35b9d7,424c6afedf9ccc11105392bc1e806f321bd04e0f,2,1,1,fix #,ISSUE,NULL,2,NULL,1
424c6afedf9ccc11105392bc1e806f321bd04e0f,d5d8188592d55f997008c1daa466312a22479c41,4,2,2,Document,NULL,NULL,4,NULL,1
219534088cb5f3df9cefacdaea163a108fbf7d3f,d5d8188592d55f997008c1daa466312a22479c41,4,2,2,Document,NULL,NULL,4,NULL,1
fc7805386eafaec89aa424a06b5ed8ad085a8604,d5d8188592d55f997008c1daa466312a22479c41,2,1,1,fix,NULL,NULL,2,NULL,1
d5d8188592d55f997008c1daa466312a22479c41,70dd7f7ee057a3781049f69ac09b18e15e7bf1be,4,2,2,fix #,ISSUE,NULL,4,NULL,1
f0277ac36a5812b2a2b57a1b7fde41f31a921f3b,70dd7f7ee057a3781049f69ac09b18e15e7bf1be,4,2,2,Normal,NULL,NULL,4,NULL,1
70dd7f7ee057a3781049f69ac09b18e15e7bf1be,11ef325ad72859d431e03e1564efd66130aaab96,6,3,3,Document,NULL,NULL,6,NULL,3
11ef325ad72859d431e03e1564efd66130aaab96,4eda6c75c4c0b5790985f63f5bf5a67b9b431f9d,4,2,2,#,NULL,NULL,0,NULL,0
4eda6c75c4c0b5790985f63f5bf5a67b9b431f9d,f199971b90940bc366efaa61880bef4175ba0bd1,197,169,28,Normal,NULL,NULL,57,NULL,4
ebdeb879d60a8f7ede53bdb1181428c874e1f9ff,f199971b90940bc366efaa61880bef4175ba0bd1,4,2,2,Normal,NULL,NULL,0,NULL,0
f199971b90940bc366efaa61880bef4175ba0bd1,48c333a82f7ea30b5548e50a89137e7947a398fa,6,3,3,Normal,NULL,NULL,2,NULL,1
48c333a82f7ea30b5548e50a89137e7947a398fa,87ae93c40d1b81b6d2e06cf04b72fa704363f383,93,90,3,Normal,NULL,NULL,85,NULL,2
52371b07bb745211b854d9b4e241cae3ff459e93,a8df75e87c9ee9e1b33365e226d4cc843fdc0b6a,93,90,3,Normal,NULL,NULL,85,NULL,2
87ae93c40d1b81b6d2e06cf04b72fa704363f383,0148b72dfbf19da2a71c50a3bd57bc026bb5f6dd,52,39,13,Normal,NULL,NULL,48,NULL,2
0148b72dfbf19da2a71c50a3bd57bc026bb5f6dd,6c20e62a0ad31622e0fa857c09ede58c9f8be36e,8,4,4,#,NULL,NULL,8,NULL,1
03ded1ed1378ec96515269bdbcb4c2c08ea83ed2,6c20e62a0ad31622e0fa857c09ede58c9f8be36e,8,4,4,Normal,NULL,NULL,8,NULL,1
a8df75e87c9ee9e1b33365e226d4cc843fdc0b6a,6c20e62a0ad31622e0fa857c09ede58c9f8be36e,52,39,13,Normal,NULL,NULL,48,NULL,2
6c20e62a0ad31622e0fa857c09ede58c9f8be36e,30e3f5b794510e7ccdbc2d994adff74528699059,2,1,1,fix,NULL,NULL,2,NULL,1
30e3f5b794510e7ccdbc2d994adff74528699059,3d0bbdd6793c6c5ea1b789800e340ab655399c7a,9,5,4,Normal,NULL,NULL,9,NULL,1
7e88c5ca20ab6d2a0252e7aa2d799e620fb6992a,3d0bbdd6793c6c5ea1b789800e340ab655399c7a,9,5,4,Format,NULL,NULL,9,NULL,1
3d0bbdd6793c6c5ea1b789800e340ab655399c7a,e41c62f7faee65bccd1da219235e2403c93ed3a1,6,5,1,#,NULL,NULL,6,NULL,1
0a3a23322f68f180363cbf9636546db70a2b667b,e41c62f7faee65bccd1da219235e2403c93ed3a1,6,5,1,Normal,NULL,NULL,6,NULL,1
e41c62f7faee65bccd1da219235e2403c93ed3a1,79679e59bb7e4f782ba886ad93a11b1be46add5a,2,1,1,Document,NULL,NULL,2,NULL,1
79679e59bb7e4f782ba886ad93a11b1be46add5a,dca59f3c3b18a38166cf0aadfc511b40054885f0,16,12,4,Document,NULL,NULL,4,NULL,1
dca59f3c3b18a38166cf0aadfc511b40054885f0,7b9b8407153615cdfa4a4d5ced875dd2d294e3dc,150,144,6,Normal,NULL,NULL,131,NULL,3
a2db0af530b5976e1a12d3ef675a7e7a42fd2b88,aa8fd46a6c0452447b3b1edfb27531029ddba63c,17,11,6,fix,NULL,NULL,0,NULL,0
aa8fd46a6c0452447b3b1edfb27531029ddba63c,7b9b8407153615cdfa4a4d5ced875dd2d294e3dc,135,134,1,Normal,NULL,NULL,131,NULL,3
7b9b8407153615cdfa4a4d5ced875dd2d294e3dc,ccb994dfab218b14926f49440ac29ebe149af3a1,5,3,2,Normal,NULL,NULL,1,NULL,1
ccb994dfab218b14926f49440ac29ebe149af3a1,f6f96d44bf41d0f28289d11103c454c167eed07f,118,114,4,Document,NULL,NULL,56,NULL,3
3bee035764f4119911fe13c3244826c8cd17f60f,ca84a7cb7eed89442a75f4d9cc2a8331249a05fc,56,56,0,Document,NULL,NULL,56,NULL,1
ca84a7cb7eed89442a75f4d9cc2a8331249a05fc,298602b44ad7826e246d750e66746b047342a6c9,26,22,4,Normal,NULL,NULL,0,NULL,2
298602b44ad7826e246d750e66746b047342a6c9,f6f96d44bf41d0f28289d11103c454c167eed07f,36,36,0,Normal,NULL,NULL,0,NULL,0
25f34a14f4bb70375507c1af97b90f0b362a59cb,f6f96d44bf41d0f28289d11103c454c167eed07f,135,134,1,Normal,NULL,NULL,131,NULL,3
f6f96d44bf41d0f28289d11103c454c167eed07f,15b6ebbc55f6978a1a707959c910e0c85558f09b,40,21,19,Document,NULL,NULL,40,NULL,1
fc10e5fe7f6a7fcf1c9049364b25f7829f443caf,2c1e08ba276f6f2dda33c54f91474f3176fd44cc,1,0,1,Document,NULL,NULL,1,NULL,1
2c1e08ba276f6f2dda33c54f91474f3176fd44cc,7c418f7e75f7e80e56efe3a9e29e457535f10150,37,20,17,Document,NULL,NULL,37,NULL,1
7c418f7e75f7e80e56efe3a9e29e457535f10150,15b6ebbc55f6978a1a707959c910e0c85558f09b,2,1,1,Document,NULL,NULL,2,NULL,1
15b6ebbc55f6978a1a707959c910e0c85558f09b,911279324fdac81bb3de7c989dbe985199a208dd,4,2,2,#,NULL,NULL,0,NULL,0
3fe3e499e5e840219108593ea2a2e60d33fac9a3,911279324fdac81bb3de7c989dbe985199a208dd,4,2,2,Normal,NULL,NULL,0,NULL,0
911279324fdac81bb3de7c989dbe985199a208dd,b2293c16a49b9eaefab986589b140278df5a5a20,31,23,8,#,NULL,NULL,0,NULL,0
425466da5b1547d30818606d4617185e6c5ce619,fc1fc94f45f37d5ed8829e5d91cab3532f7b78be,20,11,9,Normal,NULL,NULL,0,NULL,0
fc1fc94f45f37d5ed8829e5d91cab3532f7b78be,3347b1c74fb68ec2a19d2b7c43c18bfb50c84db8,15,11,4,Normal,NULL,NULL,0,NULL,0
3347b1c74fb68ec2a19d2b7c43c18bfb50c84db8,b2293c16a49b9eaefab986589b140278df5a5a20,18,12,6,Normal,NULL,NULL,0,NULL,0
b2293c16a49b9eaefab986589b140278df5a5a20,cf9e686a8eb3637a8e624ea82e879e18eb45059f,41,22,19,Normal,NULL,NULL,0,NULL,5
cf9e686a8eb3637a8e624ea82e879e18eb45059f,4d5ad5f81988c2e0b555f2371bcdbef156cc68f6,30,30,0,Normal,NULL,NULL,0,NULL,0
4d5ad5f81988c2e0b555f2371bcdbef156cc68f6,0cf527cc4a15f45b8607d31afbde008e1cda8625,185,148,37,fix,ISSUE,NULL,185,NULL,3
0cf527cc4a15f45b8607d31afbde008e1cda8625,aa511210e91de46c827f497e77ab577dd65d76cd,717,577,140,Document,NULL,NULL,679,NULL,12
98be50b188ad38aafdf3925c35b97641c9586a43,cbb9cda827982fccb781b60401ed707a83fcb606,2,1,1,Normal,NULL,NULL,2,NULL,1
cbb9cda827982fccb781b60401ed707a83fcb606,e713da239b425bdb55e0b81ef5d00b970fb46c3f,6,6,0,Normal,NULL,NULL,6,NULL,1
e713da239b425bdb55e0b81ef5d00b970fb46c3f,d607c84f29d62b5c28441fc0d17b75046c5493fe,6,3,3,Document,NULL,NULL,6,NULL,1
d607c84f29d62b5c28441fc0d17b75046c5493fe,7eeb72d77bd089accaf38ce2ef0f19151fe8f1cf,3,3,0,Document,NULL,NULL,3,NULL,1
fe739de09c0370b9a9a0ebdd6bf624b63d050966,22bb96a2391a2c6f324d395cdecaee206bf52944,3,2,1,Document,NULL,NULL,3,NULL,1
22bb96a2391a2c6f324d395cdecaee206bf52944,7eeb72d77bd089accaf38ce2ef0f19151fe8f1cf,2,2,0,Document,NULL,NULL,2,NULL,1
7eeb72d77bd089accaf38ce2ef0f19151fe8f1cf,25fb1fc568c1d4caca3ad356219f61a5cd36f59a,35,31,4,Normal,NULL,NULL,35,NULL,2
aa511210e91de46c827f497e77ab577dd65d76cd,ff97584fffe6b1d092dad2cd9c527ec30f51ffcb,19,17,2,Normal,NULL,NULL,19,NULL,1
e0a807c88e94a5f1068addbd68e75a01c4040058,f67190bfe71c63bfe8e9ae3abc0d505c20854acc,11,6,5,Normal,NULL,NULL,11,NULL,1
f67190bfe71c63bfe8e9ae3abc0d505c20854acc,25fb1fc568c1d4caca3ad356219f61a5cd36f59a,34,30,4,Normal,NULL,NULL,34,NULL,2
ff97584fffe6b1d092dad2cd9c527ec30f51ffcb,48a822a9a05c6093eb7cb053d57ef0f6e08f217d,11,9,2,fix,NULL,NULL,11,NULL,2
48a822a9a05c6093eb7cb053d57ef0f6e08f217d,29628864570c476ea7fb7976ff38830e3ae89193,34,16,18,Normal,NULL,NULL,34,NULL,2
25fb1fc568c1d4caca3ad356219f61a5cd36f59a,287cff6905904f468ca1356861c6bc6af16d790d,2,1,1,fix #,ISSUE,NULL,0,NULL,0
7cfb88941202551fcc4d51ab9be57f00e46e051a,287cff6905904f468ca1356861c6bc6af16d790d,2,1,1,Normal,ISSUE,NULL,0,NULL,0
287cff6905904f468ca1356861c6bc6af16d790d,02152a125d55c77a3f6a89600d87f134abe2cefa,46,24,22,fix,NULL,NULL,44,NULL,1
02152a125d55c77a3f6a89600d87f134abe2cefa,000944facaebc39b715f341fd46453b8b3db58d3,6,3,3,fix #,ISSUE,NULL,6,NULL,1
fe0bbbcd9e895c4d026f6ee6ea344dbbf3467efd,000944facaebc39b715f341fd46453b8b3db58d3,6,3,3,Normal,NULL,NULL,6,NULL,1
000944facaebc39b715f341fd46453b8b3db58d3,355a4e64c39c3e6ae02d7ff19e628d06d98e2f8e,2,1,1,Document,NULL,NULL,2,NULL,1
355a4e64c39c3e6ae02d7ff19e628d06d98e2f8e,545d3b78559db80fbf353ad806b1f87e83d39752,11,11,0,Document,NULL,NULL,11,NULL,1
545d3b78559db80fbf353ad806b1f87e83d39752,251fe3029e8f4929ae65228d98c55d87b2083cf9,9,5,4,#,NULL,NULL,9,NULL,1
aada6f6549413a4f2368fe3fb29655504bee4559,251fe3029e8f4929ae65228d98c55d87b2083cf9,9,5,4,Normal,NULL,NULL,9,NULL,1
251fe3029e8f4929ae65228d98c55d87b2083cf9,ca68a5f8800491020fe8850f979457d825b84791,2,1,1,fix #,ISSUE,NULL,2,NULL,1
32bb7108458ddcbf98b77ac4b7cc2234750ad0ce,ca68a5f8800491020fe8850f979457d825b84791,2,1,1,fix,NULL,NULL,2,NULL,1
29628864570c476ea7fb7976ff38830e3ae89193,c35fa7724598ad2738c57c0a5174413059ed6eda,47,46,1,Normal,NULL,NULL,47,NULL,2
c35fa7724598ad2738c57c0a5174413059ed6eda,e5ce8ab6157dd2a01f37f35a43742b3f8391e10f,27,27,0,Normal,NULL,NULL,27,NULL,2
ca68a5f8800491020fe8850f979457d825b84791,b0a6cf625fe4f7f2accb3572d054e55ad9f82b6f,20,18,2,Format,NULL,NULL,20,NULL,1
94c1ba93d8ba1c663b6cc96651bf682a5871ca9c,b0a6cf625fe4f7f2accb3572d054e55ad9f82b6f,20,18,2,Format,NULL,NULL,20,NULL,1
b0a6cf625fe4f7f2accb3572d054e55ad9f82b6f,97c1366ac2532305d0653ea090d051ee2aac6507,7,7,0,Document,NULL,NULL,7,NULL,1
97c1366ac2532305d0653ea090d051ee2aac6507,af39ee6dfa12238636344df79ac0bb91fef28888,7,7,0,#,NULL,NULL,7,NULL,1
653d82a5f0b58a11261384288ce5ee986255b6e8,af39ee6dfa12238636344df79ac0bb91fef28888,7,7,0,Normal,NULL,NULL,7,NULL,1
af39ee6dfa12238636344df79ac0bb91fef28888,e052477dc8953f51b56994b754b1c8a10bfe7262,2,2,0,#,NULL,NULL,0,NULL,0
9c1747cb18eaee61741527bfd5e16d655bf54872,e052477dc8953f51b56994b754b1c8a10bfe7262,2,2,0,Normal,NULL,NULL,0,NULL,0
e052477dc8953f51b56994b754b1c8a10bfe7262,db78976efcc27cea62b1e74ebcd5c1f09f0874ff,4,2,2,fix #,ISSUE,NULL,4,NULL,1
2ff0b2b907717c1bc48b2d964f3b2052e8655e93,db78976efcc27cea62b1e74ebcd5c1f09f0874ff,4,2,2,Normal,ISSUE,NULL,4,NULL,1
db78976efcc27cea62b1e74ebcd5c1f09f0874ff,5e211521884592155bef52a417ec29931bec839f,4,2,2,Normal,NULL,NULL,0,NULL,0
5e211521884592155bef52a417ec29931bec839f,19e80be880b9e3ed7e4e2c6678a65c5ad0229c66,41,41,0,Normal,NULL,NULL,41,NULL,3
19e80be880b9e3ed7e4e2c6678a65c5ad0229c66,598cbf67cca0b0fb0342791cce8b53cedc7891f6,36,21,15,Document,NULL,NULL,36,NULL,1
598cbf67cca0b0fb0342791cce8b53cedc7891f6,20878b003b59150b031013eff50e1ed24c07df22,803,2,801,Normal,NULL,NULL,774,NULL,10
20878b003b59150b031013eff50e1ed24c07df22,9df60de06ded7b13d07a0d89b039fb238d43e9d3,46,4,42,fix,NULL,NULL,46,NULL,2
9df60de06ded7b13d07a0d89b039fb238d43e9d3,941bfdd7b5dc13e7318a6210b1288aae64c00522,1,1,0,Normal,NULL,NULL,1,NULL,1
941bfdd7b5dc13e7318a6210b1288aae64c00522,50f8efa2368034b6fb4193c550144225a178c3c6,27,16,11,Normal,NULL,NULL,22,NULL,3
50f8efa2368034b6fb4193c550144225a178c3c6,6d090b8b0bdffdc4bc3a51f580c11091e87927f4,36,30,6,Normal,NULL,NULL,36,NULL,5
6d090b8b0bdffdc4bc3a51f580c11091e87927f4,5cd73023f1252c2b5e9521ce53664749dae66f41,70,26,44,Normal,NULL,NULL,70,NULL,2
5cd73023f1252c2b5e9521ce53664749dae66f41,8941bf15a4c2e16e1850af59e735267bc154d943,399,335,64,Normal,NULL,NULL,395,NULL,7
b044f2a7c76161425b374039bf4eeb4460afeba0,1009892cf62926374fe68950ad091e001912482f,16,10,6,Normal,NULL,NULL,12,NULL,1
1009892cf62926374fe68950ad091e001912482f,e5f8dd38d16d462c530bff6af79735b53b9b8c38,94,62,32,fix,NULL,NULL,94,NULL,1
e5f8dd38d16d462c530bff6af79735b53b9b8c38,1a028871aad424798137d630a13c9d76061dc6c8,70,58,12,Normal,NULL,NULL,70,NULL,4
1a028871aad424798137d630a13c9d76061dc6c8,8ff0eb3a536fde0a7ac4bbc319749387d89572e7,8,4,4,fix,NULL,NULL,8,NULL,2
8ff0eb3a536fde0a7ac4bbc319749387d89572e7,d10dc4f34fc603d805483eb52844b707f1a8ab94,43,39,4,Normal,NULL,NULL,43,NULL,1
d10dc4f34fc603d805483eb52844b707f1a8ab94,f16470e339aaf456b983fba513616a96c35bfbe1,6,3,3,Normal,NULL,NULL,6,NULL,1
f16470e339aaf456b983fba513616a96c35bfbe1,0f707ec168bbf8308c3d3b7b73177bccc71a866b,41,31,10,Normal,NULL,NULL,41,NULL,1
0f707ec168bbf8308c3d3b7b73177bccc71a866b,3691599e49f6f6ca35dd18d3bc92890e42fc8318,151,143,8,Normal,NULL,NULL,151,NULL,3
e5ce8ab6157dd2a01f37f35a43742b3f8391e10f,fed71ec21e66c576a81c8e4e4f414e2055e56ee4,173,173,0,Normal,NULL,NULL,173,NULL,2
8941bf15a4c2e16e1850af59e735267bc154d943,3691599e49f6f6ca35dd18d3bc92890e42fc8318,165,102,63,Document,NULL,NULL,165,NULL,7
a29e7c46888ea51c713daf74b3ab037c33d2d0f3,1c03cc22510ade2ccfc00b47e620054efc04bd07,29,29,0,Normal,NULL,NULL,29,NULL,2
1c03cc22510ade2ccfc00b47e620054efc04bd07,45e79efea4c4a6509ca6c0ca79b85f88f2d6d2fc,18,18,0,Document,NULL,NULL,18,NULL,1
45e79efea4c4a6509ca6c0ca79b85f88f2d6d2fc,bf22880125be16f7b6a027123757d5107a3df59a,35,35,0,Normal,NULL,NULL,35,NULL,1
bf22880125be16f7b6a027123757d5107a3df59a,3691599e49f6f6ca35dd18d3bc92890e42fc8318,83,20,63,fix,NULL,NULL,83,NULL,4
3691599e49f6f6ca35dd18d3bc92890e42fc8318,5e987e0c147ad505a70d42ce92d29870d8704313,3,2,1,Normal,NULL,NULL,0,NULL,0
fed71ec21e66c576a81c8e4e4f414e2055e56ee4,800557c6f4783ba3824d0eef290f290e209b967b,64,44,20,Normal,NULL,NULL,64,NULL,2
5e987e0c147ad505a70d42ce92d29870d8704313,3ffd3dc42c1dc80b9e1556c924eaa4962b489b37,3,2,1,Normal,NULL,NULL,0,NULL,0
3ffd3dc42c1dc80b9e1556c924eaa4962b489b37,ad738140aa5f11880dadddb3e7f985d5b98aa1c9,794,794,0,Normal,NULL,NULL,748,NULL,7
85979c37f3bfc1ad6b4b85048a3c92d0eb6ba184,a55254da0bd75caf5f825f2ed6f044f64e9ceb8a,3,3,0,Normal,NULL,NULL,0,NULL,0
a55254da0bd75caf5f825f2ed6f044f64e9ceb8a,2b7f7adff4adff672fbb079aafdbe36bb093545c,98,43,55,Normal,NULL,NULL,0,NULL,7
2b7f7adff4adff672fbb079aafdbe36bb093545c,c41fe67736a6b826c727e85ee86b207f8ac0fff5,803,803,0,Normal,NULL,NULL,748,NULL,7
800557c6f4783ba3824d0eef290f290e209b967b,c41fe67736a6b826c727e85ee86b207f8ac0fff5,388,388,0,Normal,NULL,NULL,388,NULL,3
ad738140aa5f11880dadddb3e7f985d5b98aa1c9,484b046a4a5ba7e8c8d3bb87dc838e71fa26db42,104,67,37,Normal,NULL,NULL,15,NULL,14
c41fe67736a6b826c727e85ee86b207f8ac0fff5,e42b50f2435c8308711f8ece6dc768f8b9620bb3,104,67,37,#,NULL,NULL,15,NULL,14
e3c269c97465759de692c42f656da259798d6186,ca9540309268f359c5ed6a3ae9a9170491f44ad8,2,1,1,Normal,NULL,NULL,0,NULL,0
ca9540309268f359c5ed6a3ae9a9170491f44ad8,e42b50f2435c8308711f8ece6dc768f8b9620bb3,102,66,36,Normal,NULL,NULL,15,NULL,14
484b046a4a5ba7e8c8d3bb87dc838e71fa26db42,995dbb5540d3431decb10de6eff51a79c86527c8,188,89,99,Normal,NULL,NULL,188,NULL,4
995dbb5540d3431decb10de6eff51a79c86527c8,e42b50f2435c8308711f8ece6dc768f8b9620bb3,109,73,36,Comment,NULL,NULL,109,NULL,1
e42b50f2435c8308711f8ece6dc768f8b9620bb3,99bf192e1ef7986d5cdcbb895987e121a7f24925,126,126,0,#,NULL,NULL,0,NULL,0
4ccc0353e781054d1b38d6cb6e1ba8260958c4e0,99bf192e1ef7986d5cdcbb895987e121a7f24925,126,126,0,Normal,NULL,NULL,0,NULL,0
99bf192e1ef7986d5cdcbb895987e121a7f24925,7daa30d27a0e67e1ca2032fc5a4dd934899db556,4,2,2,Normal,NULL,NULL,4,NULL,1
7daa30d27a0e67e1ca2032fc5a4dd934899db556,f7e1a9298a51c558ece7e96702d16bd8eec74ab6,40,29,11,fix,ISSUE,BUG,40,NULL,5
f7e1a9298a51c558ece7e96702d16bd8eec74ab6,d54f817686236ee0c3a867c756781726de28b923,45,45,0,fix #,ISSUE,NULL,45,NULL,3
ec5258ada77865ed4e3099a69021d801afb10a4b,1f09e622e8c5361bdadd4029356c966b0dfc2cdc,7,0,7,Comment,NULL,NULL,7,NULL,1
1f09e622e8c5361bdadd4029356c966b0dfc2cdc,294d54c1e08f4a5a88f3550f67e4aa316eb65a35,48,48,0,#,NULL,NULL,48,NULL,2
294d54c1e08f4a5a88f3550f67e4aa316eb65a35,d54f817686236ee0c3a867c756781726de28b923,4,4,0,#,ISSUE,NULL,4,NULL,1
d54f817686236ee0c3a867c756781726de28b923,018a7b81dd8b63d2c766e7482db8779599b754b3,5,5,0,Normal,NULL,NULL,0,NULL,0
018a7b81dd8b63d2c766e7482db8779599b754b3,75b5dddc87dbc39f36c6071cb31956a9bdc51bdb,13,13,0,#,NULL,NULL,13,NULL,1
75b5dddc87dbc39f36c6071cb31956a9bdc51bdb,929d1e9dc6f3c9dd5384bfdf36821997cfd41645,56,28,28,Normal,NULL,NULL,56,NULL,4
929d1e9dc6f3c9dd5384bfdf36821997cfd41645,395f7b7a9800fbe51f3a31ffb275481b5939999b,42,19,23,fix #,ISSUE,NULL,42,NULL,1
cbb64d4fc5dfb26d72205a38aa4b687b549fa0ce,395f7b7a9800fbe51f3a31ffb275481b5939999b,42,19,23,Normal,ISSUE,NULL,42,NULL,1
6fbd05f6c396c0984e77ac8080684a5ec38b6256,395f7b7a9800fbe51f3a31ffb275481b5939999b,13,13,0,Normal,NULL,NULL,13,NULL,1
395f7b7a9800fbe51f3a31ffb275481b5939999b,9d989cc659c7ad93ef34abe4fd15836f43f4a535,15,9,6,#,NULL,NULL,15,NULL,2
04f2019a4eb0320ccb7eb1cb85d7ad7294ffb6e1,9d989cc659c7ad93ef34abe4fd15836f43f4a535,15,9,6,#,NULL,NULL,15,NULL,2
9d989cc659c7ad93ef34abe4fd15836f43f4a535,e6424da53b0eb876fd603dd6ac089f960347efe9,3,3,0,Normal,NULL,NULL,2,NULL,1
e6424da53b0eb876fd603dd6ac089f960347efe9,88ebd477b82705ddabad676d766a94720c917530,4,4,0,fix,NULL,NULL,4,NULL,1
88ebd477b82705ddabad676d766a94720c917530,72abbca772247e05613316007e64c1e8eee1d19c,42,37,5,Normal,NULL,NULL,26,NULL,2
72abbca772247e05613316007e64c1e8eee1d19c,74b01bd4581d68ef6f6ffcb0833ae9f4a47cd9b5,20,19,1,Normal,NULL,NULL,20,NULL,1
74b01bd4581d68ef6f6ffcb0833ae9f4a47cd9b5,3f8cee50c46a3c2b3deb4323d10859c7c9f84595,7,5,2,Normal,NULL,NULL,7,NULL,1
3f8cee50c46a3c2b3deb4323d10859c7c9f84595,3c6d3ca6e167490f5f2417ea9ae14a9c43529abd,11,11,0,#,ISSUE,NULL,11,NULL,2
3c6d3ca6e167490f5f2417ea9ae14a9c43529abd,8d2dac4001b73f71ce7290757a6bb7c967bd9053,6,6,0,Normal,NULL,NULL,0,NULL,0
8d2dac4001b73f71ce7290757a6bb7c967bd9053,2224f216e79096f92a8ce33b432bd8d75153afe2,1926,1901,25,Document,NULL,NULL,1576,NULL,13
dd7da6f0a471c0777f94a2220eb97b925c06e24a,84c19dca63ef1bb5d123247d391f403b8a0a4aa7,1822,1822,0,Document,NULL,NULL,1472,NULL,7
84c19dca63ef1bb5d123247d391f403b8a0a4aa7,4250e032274705cf50cf82dbd59ac255a8aa88b9,3,1,2,Normal,NULL,NULL,3,NULL,1
4250e032274705cf50cf82dbd59ac255a8aa88b9,4ef996a6221412e9551b80dcf1e32ae1c6edc980,15,14,1,fix #,ISSUE,NULL,15,NULL,2
4ef996a6221412e9551b80dcf1e32ae1c6edc980,aa3a3a207e39135e223e3e51e48ca36a52539758,27,8,19,#,NULL,NULL,27,NULL,1
a1eb7305f80bf43f8e21bc08f1c24800d9a436dc,e70cd055a6440f1ef254a4549117553b1f97e5b8,15,14,1,#,ISSUE,NULL,15,NULL,2
2224f216e79096f92a8ce33b432bd8d75153afe2,6f68545eb7856c9de60122e48db37e92a4d7b1f2,8,8,0,Normal,NULL,NULL,8,NULL,1
1faf00c9efc9f03b5b022400466242b1f73c2674,e312d6195a008163ea87f61cfb5132297b0e93bf,8,2,6,Normal,ISSUE,NULL,8,NULL,1
e312d6195a008163ea87f61cfb5132297b0e93bf,633a4503ae20260708b45176787c8f65c7adc1cb,2,2,0,Document,NULL,NULL,2,NULL,1
633a4503ae20260708b45176787c8f65c7adc1cb,e4dd8758b1b9d794224651b5b82bd54a886f7d71,92,90,2,Normal,NULL,NULL,0,NULL,0
e4dd8758b1b9d794224651b5b82bd54a886f7d71,e70cd055a6440f1ef254a4549117553b1f97e5b8,1736,1736,0,Normal,NULL,NULL,1474,NULL,6
568a145649697d65780803d110797fe76ff2acef,925fc13371a98d7c7ec5a2a56e161e2fc1b355f3,13,8,5,Comment,NULL,NULL,13,NULL,1
aa3a3a207e39135e223e3e51e48ca36a52539758,e70cd055a6440f1ef254a4549117553b1f97e5b8,63,58,5,Normal,NULL,NULL,63,NULL,5
925fc13371a98d7c7ec5a2a56e161e2fc1b355f3,e70cd055a6440f1ef254a4549117553b1f97e5b8,20,3,17,Normal,NULL,NULL,20,NULL,1
6f68545eb7856c9de60122e48db37e92a4d7b1f2,27891fb620879fc64cd779ac8726e911d34734b6,2,0,2,Normal,NULL,NULL,2,NULL,1
27891fb620879fc64cd779ac8726e911d34734b6,019eebe8790f7b9cd4fd148c6bed5a7993451b9c,14,14,0,Normal,NULL,NULL,14,NULL,3
e70cd055a6440f1ef254a4549117553b1f97e5b8,cc933296482098c7689b17c9ce97022fffdf65b2,14,14,0,#,NULL,NULL,14,NULL,3
019eebe8790f7b9cd4fd148c6bed5a7993451b9c,cc933296482098c7689b17c9ce97022fffdf65b2,341,135,206,Normal,NULL,NULL,341,NULL,5
cc933296482098c7689b17c9ce97022fffdf65b2,1af6d471826e2f2344dcff027f4245c33b755f65,18,12,6,Normal,NULL,NULL,18,REFACTOR,5
c03c535f567d33c96f2b441a3cd755f8310ea44f,1af6d471826e2f2344dcff027f4245c33b755f65,14,14,0,Normal,NULL,NULL,14,NULL,3
1af6d471826e2f2344dcff027f4245c33b755f65,685ed00cfb71d89f8f7ab22b49243bb0a1a93099,22,15,7,Normal,NULL,NULL,22,NULL,1
685ed00cfb71d89f8f7ab22b49243bb0a1a93099,4eed21dc9b8007c9ff8c0565ac9e1d0fe38f1329,37,25,12,#,NULL,NULL,0,NULL,0
473524f06d745f778287dd5efd5028f3e9c64b80,4eed21dc9b8007c9ff8c0565ac9e1d0fe38f1329,37,25,12,Normal,NULL,NULL,0,NULL,0
4eed21dc9b8007c9ff8c0565ac9e1d0fe38f1329,cac897ed8707a13697d8609768bab37d55d80c4d,2,2,0,Normal,NULL,NULL,0,NULL,0
cac897ed8707a13697d8609768bab37d55d80c4d,185509b75784e783fd228dacc54645a1afc14f94,88,78,10,Normal,ISSUE,NULL,84,NULL,4
185509b75784e783fd228dacc54645a1afc14f94,d0c59ffa3f08631bf7a7f67fc7ae5c7e54a2a460,21,21,0,Document,NULL,NULL,11,NULL,1
d0c59ffa3f08631bf7a7f67fc7ae5c7e54a2a460,d5db388ed28523e0214a9ea7742cbe631fc35c83,15,6,9,fix #,ISSUE,NULL,15,NULL,3
d5db388ed28523e0214a9ea7742cbe631fc35c83,a9b393fb6b90b04ec30ee94b5cc2d49eb1d5e0f4,3,1,2,Format,NULL,NULL,3,NULL,1
a9b393fb6b90b04ec30ee94b5cc2d49eb1d5e0f4,846fde35234d994168c1590f8d4d9752a4e5ca8b,15,12,3,Normal,NULL,NULL,15,NULL,1
846fde35234d994168c1590f8d4d9752a4e5ca8b,f62b8d798d07bf632118dbc352921fe3c086b6a7,76,73,3,Normal,NULL,NULL,76,NULL,3
d47ce36cba21f86d10d3c8fd6945e55a74f963a5,58fe97d0313e86883af7291a78babb846b1d7c70,11,11,0,Document,NULL,NULL,11,NULL,1
58fe97d0313e86883af7291a78babb846b1d7c70,fd95c38478849804c26abf93641013f47aa77f4e,10,10,0,Normal,NULL,NULL,0,NULL,0
62c9b751fa0e43298d1ac800c1f79849aecfada9,f62b8d798d07bf632118dbc352921fe3c086b6a7,15,12,3,#,ISSUE,NULL,15,NULL,1
654bbde891a9ae47c79b077996eb0670e6878e0a,f62b8d798d07bf632118dbc352921fe3c086b6a7,15,6,9,#,ISSUE,NULL,15,NULL,3
f62b8d798d07bf632118dbc352921fe3c086b6a7,34c3a87b32be3d0075d73270eba4c3471f8866bf,25,24,1,Normal,NULL,NULL,20,NULL,2
34c3a87b32be3d0075d73270eba4c3471f8866bf,23eee3745159cad0b65fb3b14f1d4c8ab566c348,8,4,4,#,NULL,NULL,8,NULL,1
09bba4e416f000c5e73d00271821873d64b4b9b8,23eee3745159cad0b65fb3b14f1d4c8ab566c348,8,4,4,#,NULL,NULL,8,NULL,1
23eee3745159cad0b65fb3b14f1d4c8ab566c348,428624505aa522953af30eb23d750f137b087257,11,7,4,fix,ISSUE,NULL,8,NULL,1
428624505aa522953af30eb23d750f137b087257,8c0d6de1c945487dc1a13334fd7efda19b517b4e,24,16,8,#,NULL,NULL,24,NULL,1
8c0d6de1c945487dc1a13334fd7efda19b517b4e,fd95c38478849804c26abf93641013f47aa77f4e,10,4,6,fix #,ISSUE,NULL,10,NULL,1
4ba4c52f268fe9556507e6cbb48f0752e50c595f,c64d73ece12f8a4010eab0934a67e3b8bf359b05,8,3,5,Normal,NULL,NULL,8,NULL,1
c64d73ece12f8a4010eab0934a67e3b8bf359b05,fd95c38478849804c26abf93641013f47aa77f4e,2,1,1,Normal,NULL,NULL,2,NULL,1
fdc93ca8272a23673c3c16c6ace2bf574aba308e,fd95c38478849804c26abf93641013f47aa77f4e,24,16,8,Normal,NULL,NULL,24,NULL,1
fd95c38478849804c26abf93641013f47aa77f4e,f6c17b2c89a49cb18c4d5804e70b27edab4d77da,2,1,1,fix #,ISSUE,NULL,2,NULL,1
f6c17b2c89a49cb18c4d5804e70b27edab4d77da,e02040c94911f48d76309d88ec31644cb0b29428,65,46,19,Format,NULL,NULL,53,NULL,3
88cd1c39765aeba1d0a30bfc10f209d9a0ef01c3,4ed3c78a7bf773b9c9ab6ae2cc7e4e241d685077,4,2,2,Document,NULL,NULL,4,NULL,1
4ed3c78a7bf773b9c9ab6ae2cc7e4e241d685077,44c058ee03919f50b58e2ca9b4107e91bee12a98,4,0,4,Normal,NULL,NULL,0,NULL,0
44c058ee03919f50b58e2ca9b4107e91bee12a98,5b6c1c8e52eb22d1a723230a783ea5b5b9f8b769,49,40,9,Format,NULL,NULL,49,NULL,2
5b6c1c8e52eb22d1a723230a783ea5b5b9f8b769,e02040c94911f48d76309d88ec31644cb0b29428,8,4,4,Normal,NULL,NULL,0,NULL,0
e02040c94911f48d76309d88ec31644cb0b29428,75bb3302b091f8bf6af894903705ad71cc1bdf98,10,8,2,#,NULL,NULL,10,NULL,1
4ac1fc114df7e4db05e58d869c57c2cf977f5590,75bb3302b091f8bf6af894903705ad71cc1bdf98,10,8,2,Normal,NULL,NULL,10,NULL,1
343c20a14f8b0f2f94d3897da203d63198616f2a,75bb3302b091f8bf6af894903705ad71cc1bdf98,2,1,1,fix,NULL,NULL,2,NULL,1
75bb3302b091f8bf6af894903705ad71cc1bdf98,bd4fc2b935bd96559b4dbb5e94dbaf3654e0b2fa,3,2,1,#,NULL,NULL,0,NULL,0
f3a1a9bce4d2c1eb3edbf71bf7c0dcf570ab8535,bd4fc2b935bd96559b4dbb5e94dbaf3654e0b2fa,3,2,1,Normal,NULL,NULL,0,NULL,0
bd4fc2b935bd96559b4dbb5e94dbaf3654e0b2fa,0e7aedee2b2b05fc79b99c6982fb0d0eef5b1552,11,7,4,Format,NULL,NULL,6,NULL,2
d4339407346fd0aa264240d1730c7ccdb9684557,cbe291105d72dbd2dc1c2e421fdb88741468e9aa,2,1,1,Normal,NULL,NULL,0,NULL,0
cbe291105d72dbd2dc1c2e421fdb88741468e9aa,64d38ac8165274eebe1a23683c5ff358e6834b1e,9,6,3,Format,NULL,NULL,4,NULL,1
64d38ac8165274eebe1a23683c5ff358e6834b1e,0e7aedee2b2b05fc79b99c6982fb0d0eef5b1552,2,1,1,Normal,NULL,NULL,2,NULL,1
0e7aedee2b2b05fc79b99c6982fb0d0eef5b1552,d24a19ab88c516b4a7614a9ba18c92a7b5c70573,2,1,1,Document,NULL,NULL,2,NULL,1
d24a19ab88c516b4a7614a9ba18c92a7b5c70573,977efe9a0d34e5a937daddb6fda4d51fdac1134a,3,3,0,Document,NULL,NULL,3,NULL,1
977efe9a0d34e5a937daddb6fda4d51fdac1134a,addc7b535163b64ec91bf9da5296ff5d4f131f6c,3,3,0,Normal,NULL,NULL,3,NULL,1
addc7b535163b64ec91bf9da5296ff5d4f131f6c,5cf5b92d21459c2925449433b16ddba7881152e0,28,14,14,#,NULL,NULL,28,NULL,8
889c40b072809f0d4f9930bca176e8ee42c51797,5cf5b92d21459c2925449433b16ddba7881152e0,28,14,14,Normal,NULL,NULL,28,NULL,8
5cf5b92d21459c2925449433b16ddba7881152e0,30e27f57f6d529fdac94fc6473135b2a4d2cb7c0,128,65,63,Format,NULL,NULL,128,NULL,5
1cc58c2753752a893ffd14631fcddf74710dbf59,30e27f57f6d529fdac94fc6473135b2a4d2cb7c0,128,65,63,Format,NULL,NULL,128,NULL,5
30e27f57f6d529fdac94fc6473135b2a4d2cb7c0,4bd679c29263768bfe793886cbc8a890eecd6fba,1599,1518,81,Document,NULL,NULL,1586,NULL,7
bf47d3d433585d13fbc5df8da6e28ba6856184e3,5e0c9d30a1c4db53cf77efbc701a6cd6513ff469,27,14,13,Normal,NULL,NULL,27,NULL,4
5e0c9d30a1c4db53cf77efbc701a6cd6513ff469,e7c7c7a34622c4ab5cc1e633cd6a6152731ab029,11,6,5,Normal,NULL,NULL,11,NULL,1
e7c7c7a34622c4ab5cc1e633cd6a6152731ab029,095532b5c150272b3259ba546961ac5ae5868676,1,1,0,Normal,NULL,NULL,1,NULL,1
095532b5c150272b3259ba546961ac5ae5868676,106c08caea6b308941387bc722b3d24eb7a08213,24,11,13,Comment,NULL,NULL,13,NULL,1
106c08caea6b308941387bc722b3d24eb7a08213,a83ce3f84872cd7dd6723c435abb72058b21223b,117,91,26,Normal,NULL,NULL,117,NULL,1
a83ce3f84872cd7dd6723c435abb72058b21223b,40498307f9958511055f882df39b000f40cb3422,36,36,0,Normal,NULL,NULL,36,NULL,1
40498307f9958511055f882df39b000f40cb3422,b20863c4e3b9165aa8e3e80b0ebb338393f33fd4,190,12,178,Normal,NULL,NULL,190,NULL,1
b20863c4e3b9165aa8e3e80b0ebb338393f33fd4,b41fd8ecb1f92efd3d00a58aa0139b4da8ef4211,4,4,0,Comment,NULL,NULL,4,NULL,1
b41fd8ecb1f92efd3d00a58aa0139b4da8ef4211,ffdf62585eb5820a05ac7e04ad8f8f7754669580,15,14,1,Comment,NULL,NULL,15,NULL,1
ffdf62585eb5820a05ac7e04ad8f8f7754669580,010a08acddf536dbc72d2935e924e7aa3d958578,4,4,0,Comment,NULL,NULL,4,NULL,1
010a08acddf536dbc72d2935e924e7aa3d958578,c6237ba8f86f599521c04f49da96048ca84ae8bb,10,6,4,Comment,NULL,NULL,10,NULL,1
c6237ba8f86f599521c04f49da96048ca84ae8bb,13d3b4d2afb11d8435b06c414d2ea8feadae6556,12,12,0,Document,NULL,NULL,12,NULL,1
13d3b4d2afb11d8435b06c414d2ea8feadae6556,0356d1399b8c8fc89e8be53e44097b92a2af10ef,118,69,49,Normal,NULL,NULL,118,NULL,1
4bd679c29263768bfe793886cbc8a890eecd6fba,faa5f473f0480347499fe07adb514dbdeb3a8454,4,2,2,Normal,NULL,NULL,4,NULL,1
0356d1399b8c8fc89e8be53e44097b92a2af10ef,f6f0d1d014ea225b90478d823d2c03f3d8d98847,11,5,6,Normal,NULL,NULL,11,NULL,1
f6f0d1d014ea225b90478d823d2c03f3d8d98847,cb10bce6cf41825a7aece2a9fef5615a5d801b1f,25,22,3,Normal,NULL,NULL,25,NULL,1
cb10bce6cf41825a7aece2a9fef5615a5d801b1f,dc39c144c19f6a95794d683761d0f1e33c030942,18,9,9,fix,NULL,NULL,18,NULL,1
dc39c144c19f6a95794d683761d0f1e33c030942,c9bd2c4e64006377ecd04f697c946c9f230046a2,2,1,1,Normal,NULL,NULL,2,NULL,1
c9bd2c4e64006377ecd04f697c946c9f230046a2,3218d292b654db72644a822cef80924df78a03e0,49,49,0,Comment,NULL,NULL,49,NULL,1
3218d292b654db72644a822cef80924df78a03e0,2a5d4db4d018513fab2d61e351498933ea028d60,290,223,67,Comment,NULL,NULL,290,NULL,1
2a5d4db4d018513fab2d61e351498933ea028d60,7b41afd87f405d04d97eb488cc530d811c5e8c61,2,2,0,Normal,NULL,NULL,0,NULL,0
7b41afd87f405d04d97eb488cc530d811c5e8c61,7e1d2f9b7cda0d320607f30aa1dea9d8a2895774,2,1,1,Normal,NULL,NULL,2,NULL,1
7e1d2f9b7cda0d320607f30aa1dea9d8a2895774,faa5f473f0480347499fe07adb514dbdeb3a8454,1349,1285,64,Comment,NULL,NULL,1349,NULL,5
faa5f473f0480347499fe07adb514dbdeb3a8454,8e3921257edc63985d2bc7b490a6c8555499c8ea,89,87,2,Normal,NULL,NULL,81,NULL,3
8e3921257edc63985d2bc7b490a6c8555499c8ea,6decfc70c1bbf6f849f3bc351794c1ab73075a33,6,6,0,fix,NULL,NULL,4,NULL,1
6decfc70c1bbf6f849f3bc351794c1ab73075a33,acdefeeaa0fd6c41fa1977be7a32cc790488e947,16,12,4,fix #,ISSUE,BUG,16,NULL,1
acdefeeaa0fd6c41fa1977be7a32cc790488e947,a2b3a5716b3b54add8b36f36bf9f7d7a3d409c76,22,16,6,fix,NULL,NULL,6,NULL,1
a2b3a5716b3b54add8b36f36bf9f7d7a3d409c76,3a56feb0e0d68457e8d411e64a66f377fb8ee2c2,2,1,1,Normal,NULL,NULL,2,NULL,1
3a56feb0e0d68457e8d411e64a66f377fb8ee2c2,8c259dbe5d7b04e3f2fad7f6fa51f26e3b158dfa,14,12,2,#,NULL,NULL,14,NULL,1
8c259dbe5d7b04e3f2fad7f6fa51f26e3b158dfa,61b6e19436c388b3556236c7f1a226b465bceedf,26,22,4,Format,NULL,NULL,20,NULL,2
61b6e19436c388b3556236c7f1a226b465bceedf,6740330e8a7ad3a79588ab699419ba4657821139,147,144,3,Format,NULL,NULL,143,NULL,4
a79c1839c3cd0d3687663ff8acb4a79c27cbc50d,6740330e8a7ad3a79588ab699419ba4657821139,16,12,4,Normal,ISSUE,NULL,16,NULL,1
6740330e8a7ad3a79588ab699419ba4657821139,30dc029f9e0aa1022d20474b9583d10c76569e27,8,6,2,Normal,NULL,NULL,4,NULL,1
30dc029f9e0aa1022d20474b9583d10c76569e27,396bbfb424c0ef397e2cd5a972f28b2cb1129bfe,22,18,4,#,NULL,NULL,22,NULL,2
396bbfb424c0ef397e2cd5a972f28b2cb1129bfe,f66715b8c42df999fe7047a9589c8b471b485277,1,1,0,#,NULL,NULL,0,NULL,0
4adb30e9dde69ef7d9778bd840d562a30dfd1e61,f66715b8c42df999fe7047a9589c8b471b485277,22,18,4,Normal,NULL,NULL,22,NULL,2
f66715b8c42df999fe7047a9589c8b471b485277,d3f1d15ee0a6b40ccaeabddccfb2828bb8bc41d8,12,12,0,#,NULL,NULL,0,NULL,0
623bbf42f6a439b6b161dc3c08031f4db95a50a1,e7b3d9490f7c718d188ef9f90ac2f17c2c933cad,12,12,0,Normal,NULL,NULL,0,NULL,0
d3f1d15ee0a6b40ccaeabddccfb2828bb8bc41d8,74aa0db0261c8b892a924b98460490da651c73e2,2,1,1,fix,NULL,NULL,2,NULL,1
74aa0db0261c8b892a924b98460490da651c73e2,f4acd8fc9ab365e0468676653a727d070c225f9b,7,5,2,Normal,NULL,NULL,3,NULL,1
f4acd8fc9ab365e0468676653a727d070c225f9b,af880a3e25abe95f749bbe4b1640f3496af10b51,4,2,2,Normal,NULL,NULL,4,NULL,2
ed857218e9b48a32b0a5774929b03432364d7e0c,af880a3e25abe95f749bbe4b1640f3496af10b51,1,1,0,Normal,NULL,NULL,0,NULL,0
255bc0273468ed2ed945ce143e195d2e0e9c259e,af880a3e25abe95f749bbe4b1640f3496af10b51,14,12,2,Normal,NULL,NULL,14,NULL,1
af880a3e25abe95f749bbe4b1640f3496af10b51,3ce2c70fdfdd5be57a78874c2b58cf342b7ac99d,4,4,0,Normal,NULL,NULL,0,NULL,0
3ce2c70fdfdd5be57a78874c2b58cf342b7ac99d,e7b3d9490f7c718d188ef9f90ac2f17c2c933cad,6,3,3,fix #,ISSUE,NULL,6,NULL,1
c199a6de6f269953b04df885dbe8de5c03a70d66,e7b3d9490f7c718d188ef9f90ac2f17c2c933cad,6,3,3,Normal,ISSUE,NULL,6,NULL,1
e7b3d9490f7c718d188ef9f90ac2f17c2c933cad,bbca6425f3fdee56be78843159494185d91a673e,18,16,2,Normal,NULL,NULL,18,NULL,1
bbca6425f3fdee56be78843159494185d91a673e,5a463d036d8f8ab8cc4db6e7a174805d148106e1,126,126,0,Normal,NULL,NULL,122,NULL,2
5a463d036d8f8ab8cc4db6e7a174805d148106e1,451ec2bbc43d749ad4e21567771f36433a61a43c,36,31,5,Normal,NULL,NULL,32,NULL,2
451ec2bbc43d749ad4e21567771f36433a61a43c,f68c0062329c6a8e82f9e2af476086f5a87d7710,43,12,31,Normal,NULL,NULL,43,NULL,2
f68c0062329c6a8e82f9e2af476086f5a87d7710,4a2fe82d02beb90efe2f30bd975abe1c124f67ca,2,1,1,#,ISSUE,NULL,2,NULL,1
d72cbb0e44182e77864fed559f93f3a225960cd8,4a2fe82d02beb90efe2f30bd975abe1c124f67ca,43,12,31,Normal,NULL,NULL,43,NULL,2
4a2fe82d02beb90efe2f30bd975abe1c124f67ca,c487df40e62145cbc6d9078bbe208f4ef1db0b4a,4,2,2,Normal,NULL,NULL,4,NULL,1
c487df40e62145cbc6d9078bbe208f4ef1db0b4a,edf868b05ae96638fbf9f5941acc35ec36b08467,4,3,1,Document,NULL,NULL,4,NULL,1
edf868b05ae96638fbf9f5941acc35ec36b08467,8afcebcb4a80fe1c69f5a1e1496f33c168e6ebfc,4,2,2,Document,NULL,NULL,4,NULL,1
2c177349d552abbcc2247ebf9ec18b14977651ef,8afcebcb4a80fe1c69f5a1e1496f33c168e6ebfc,4,2,2,Document,NULL,NULL,4,NULL,1
8afcebcb4a80fe1c69f5a1e1496f33c168e6ebfc,ca407379588612c8ea5df405c7f11d2a6d38be62,14,14,0,Normal,NULL,NULL,11,NULL,2
ca407379588612c8ea5df405c7f11d2a6d38be62,df02dac4d5adfb3ad554f5bb9fc73611ddb32e5f,82,75,7,Normal,NULL,NULL,78,NULL,2
df02dac4d5adfb3ad554f5bb9fc73611ddb32e5f,3d7eaf67bee4bd8ca2d62fd1a83f3db711d504f3,33,31,2,Normal,NULL,NULL,29,NULL,3
3d7eaf67bee4bd8ca2d62fd1a83f3db711d504f3,5890f1a0adf3d08599df8de68c608d445ecd1793,10,4,6,Normal,NULL,NULL,0,NULL,0
5890f1a0adf3d08599df8de68c608d445ecd1793,de5bff459d6e15b093ecbb4588bb3dddf1305b22,26,24,2,#,NULL,NULL,26,NULL,3
aef763eeb64e6fa654e7d121f1df4c16a98d9f4f,de5bff459d6e15b093ecbb4588bb3dddf1305b22,26,24,2,Normal,NULL,NULL,26,NULL,3
de5bff459d6e15b093ecbb4588bb3dddf1305b22,1777d2e981f69d52942692184bf096e143fe4d94,34,18,16,Normal,NULL,NULL,32,NULL,4
1777d2e981f69d52942692184bf096e143fe4d94,d065d5ee032c7f2198720b7b563fa05d77a3c31a,20,19,1,Document,NULL,NULL,20,NULL,2
d065d5ee032c7f2198720b7b563fa05d77a3c31a,f0904b446af0500056b0ba8eaf7369a1e87dd291,2,1,1,Document,NULL,NULL,2,NULL,1
f0904b446af0500056b0ba8eaf7369a1e87dd291,8fba9b8c86de67fd3319130e4f41a62e347d2fca,23,22,1,Normal,NULL,NULL,20,NULL,2
8fba9b8c86de67fd3319130e4f41a62e347d2fca,5d87488d2ef10363c3564ab4f1cf2fcb55ce1dbf,152,82,70,Normal,NULL,NULL,146,NULL,4
8666d8f95a44b00802a3663facfe0dcd43ebfe63,5d87488d2ef10363c3564ab4f1cf2fcb55ce1dbf,23,22,1,Normal,NULL,NULL,20,NULL,2
5d87488d2ef10363c3564ab4f1cf2fcb55ce1dbf,00ed465ad39bc58ddf47a9aba6bbb70a221bf99f,5,5,0,Normal,NULL,NULL,5,NULL,1
00ed465ad39bc58ddf47a9aba6bbb70a221bf99f,eef884233feea36e93b1f0cc2e5cc33a2bd43fc2,85,82,3,Document,NULL,NULL,85,NULL,3
eef884233feea36e93b1f0cc2e5cc33a2bd43fc2,9c749a981a497d98556cc19ccea0d136b9cd335b,25,18,7,Normal,NULL,NULL,20,NULL,3
46614e25a9f50d3e06943c48d0894ea86f0e4444,78784e36c1afa2422d425632a6b9cd8d50d9a59d,22,7,15,Normal,NULL,NULL,22,NULL,1
78784e36c1afa2422d425632a6b9cd8d50d9a59d,8e69bff0ed09fa834b0e9d6b6cff177fc6e9dbba,21,18,3,fix #,ISSUE,NULL,21,NULL,1
8e69bff0ed09fa834b0e9d6b6cff177fc6e9dbba,40639ab56fa46c30a440e55a7968c640e415d764,18,18,0,Document,NULL,NULL,18,NULL,1
40639ab56fa46c30a440e55a7968c640e415d764,9c749a981a497d98556cc19ccea0d136b9cd335b,56,55,1,Normal,NULL,NULL,56,NULL,1
9c749a981a497d98556cc19ccea0d136b9cd335b,c226e8ea0192754331aed4759e0a5ef41ca42ea0,11,11,0,Normal,NULL,NULL,11,NULL,1
fd132268e802e2cc3b9e352678438eb4efdb353b,f0bf7d29afd7546581b66199bb2862c43ebf9c29,8,7,1,Normal,NULL,NULL,2,NULL,1
f0bf7d29afd7546581b66199bb2862c43ebf9c29,ccee9b6272cb6b56221e3545fe1c9bb1905e2085,21,18,3,fix,ISSUE,NULL,21,NULL,1
c226e8ea0192754331aed4759e0a5ef41ca42ea0,ccee9b6272cb6b56221e3545fe1c9bb1905e2085,8,7,1,Normal,NULL,NULL,2,NULL,1
ccee9b6272cb6b56221e3545fe1c9bb1905e2085,ceef9e77440a2abfc69afb321cdd44062f459f86,20,20,0,Normal,NULL,NULL,20,NULL,1
ceef9e77440a2abfc69afb321cdd44062f459f86,a887a6ff213f52048a4cbf9bdcc644c833ef8a87,4,4,0,Normal,NULL,NULL,4,NULL,1
a887a6ff213f52048a4cbf9bdcc644c833ef8a87,347cf12f0064062a9f17892aca8a831e7f149e28,17,16,1,Normal,NULL,NULL,11,NULL,2
347cf12f0064062a9f17892aca8a831e7f149e28,5160fc0566892e36b112e3938cc729315ec09b87,61,59,2,Normal,NULL,NULL,61,NULL,3
5160fc0566892e36b112e3938cc729315ec09b87,355a5913e0ebece33c836dea60c21e0304577525,29,28,1,Document,NULL,NULL,29,NULL,5
355a5913e0ebece33c836dea60c21e0304577525,0cfca849943c6d109934c9d708d0942a8708cb99,4,4,0,Normal,NULL,NULL,4,NULL,1
87748d1d66183a5fa12d2b39a37f9b325f6c642c,ba22f34b1132f9b6d48eb534d30d51aae13e35a3,29,29,0,Normal,NULL,NULL,29,NULL,4
ba22f34b1132f9b6d48eb534d30d51aae13e35a3,0cfca849943c6d109934c9d708d0942a8708cb99,2,1,1,Document,ISSUE,BUG,2,NULL,1
0cfca849943c6d109934c9d708d0942a8708cb99,8831f6142e84a6fc512eee1fd96864580741f3d7,107,7,100,Normal,NULL,NULL,107,NULL,3
8831f6142e84a6fc512eee1fd96864580741f3d7,b2047f93ad16bb81226be34b2ae66448698dd2a2,2,2,0,Document,NULL,NULL,2,NULL,1
b2047f93ad16bb81226be34b2ae66448698dd2a2,be9cbd1bfa3bd16914cfef75cb05053b80f41b24,2219,1886,333,Document,NULL,NULL,2148,NULL,11
ab3b78cf02fea1092128d51e0607cf51075be1fa,58c3e7005d890a6cb034c58ab233605bcf18ccb3,494,243,251,Document,NULL,NULL,486,NULL,6
58c3e7005d890a6cb034c58ab233605bcf18ccb3,626fa9e93a2277722c17c5c9b36841853702cc62,440,262,178,Document,NULL,NULL,438,NULL,5
626fa9e93a2277722c17c5c9b36841853702cc62,e3dfb9dabcd998f29c37849b2547f65fca5e3b05,14,13,1,Normal,NULL,NULL,14,NULL,1
e3dfb9dabcd998f29c37849b2547f65fca5e3b05,274483742dcb42b47ce94538194c2c974d7bd15a,18,13,5,Normal,NULL,NULL,18,NULL,1
274483742dcb42b47ce94538194c2c974d7bd15a,8d63f4d77e11606e1f73e36ebce7e5f9632c4181,16,8,8,Normal,NULL,NULL,16,NULL,1
8d63f4d77e11606e1f73e36ebce7e5f9632c4181,423fbc7fd268ef713ee86ec49c060f4769058b2e,17,12,5,Normal,NULL,NULL,17,NULL,1
423fbc7fd268ef713ee86ec49c060f4769058b2e,c18eac424c70ac8ce468e627a1cbde835061f44b,48,24,24,Normal,NULL,NULL,36,NULL,5
c18eac424c70ac8ce468e627a1cbde835061f44b,5f14e7da23612c11b6e7016f0e44ba417626fbd3,10,5,5,fix,NULL,NULL,10,NULL,2
5f14e7da23612c11b6e7016f0e44ba417626fbd3,473b3f2ff375d6be93b57db57d5cd2711c1d453c,32,28,4,Normal,NULL,NULL,26,NULL,2
473b3f2ff375d6be93b57db57d5cd2711c1d453c,f2917602ff4971e718e02680e8cf03f9593067e7,10,6,4,Document,NULL,NULL,10,NULL,1
f2917602ff4971e718e02680e8cf03f9593067e7,c3ec8a3b4e992168e06a9316b52532018d0143cd,4,2,2,Format,ISSUE,NULL,4,NULL,1
c3ec8a3b4e992168e06a9316b52532018d0143cd,d9c0b0eba8c485ff24d7a3b154d16fcf2833f6b8,166,100,66,Normal,NULL,NULL,162,NULL,7
d9c0b0eba8c485ff24d7a3b154d16fcf2833f6b8,41146efc4e140a58ac83e1123c0b939ce3ca0b5b,15,11,4,Normal,NULL,NULL,15,NULL,1
41146efc4e140a58ac83e1123c0b939ce3ca0b5b,5fa3cdb61c648594a84b881d4a6722015e1761b2,29,18,11,Normal,NULL,NULL,29,NULL,2
5fa3cdb61c648594a84b881d4a6722015e1761b2,d710f44e1d8f96bcc82611b4e582b1e49ce1364a,1,1,0,Normal,NULL,NULL,0,NULL,0
d710f44e1d8f96bcc82611b4e582b1e49ce1364a,e432dbfa7df6af172e8c8355618278238e717626,7,0,7,Normal,NULL,NULL,0,NULL,0
e432dbfa7df6af172e8c8355618278238e717626,e7f91d886c9aeb1b7beb7b6ba5b9172522ebc991,38,27,11,fix #,ISSUE,BUG,31,NULL,3
c850c144428aa92b713b088cfa1ac73ef18c036e,e7f91d886c9aeb1b7beb7b6ba5b9172522ebc991,38,27,11,Normal,ISSUE,BUG,31,NULL,3
e7f91d886c9aeb1b7beb7b6ba5b9172522ebc991,fc7e1d274d9d2230f19a5d353ac3598103592f3f,8,5,3,Normal,NULL,NULL,8,NULL,1
fc7e1d274d9d2230f19a5d353ac3598103592f3f,2f0225b661fd4f1154cd2ec5692911086732c657,13,5,8,Normal,NULL,NULL,0,NULL,0
2f0225b661fd4f1154cd2ec5692911086732c657,1aea390a829adcba7c7f9d9d7339e61c871bc4f3,17,16,1,Normal,NULL,NULL,17,NULL,3
1aea390a829adcba7c7f9d9d7339e61c871bc4f3,3ee000b1d895cfcce4d5c6135abb8aded7ebb367,55,44,11,Normal,NULL,NULL,55,NULL,3
3ee000b1d895cfcce4d5c6135abb8aded7ebb367,40258d7c060e11f38d37feb5513594e1bd5dd7f8,10,10,0,Normal,NULL,NULL,0,NULL,0
40258d7c060e11f38d37feb5513594e1bd5dd7f8,c0160b3569b090bb65817eca300f0e760aebdbd2,28,21,7,Normal,NULL,NULL,28,NULL,1
c0160b3569b090bb65817eca300f0e760aebdbd2,1c8a0ef1aeece4d626eb7176ec1080bc852cfe4a,214,212,2,Normal,NULL,NULL,214,NULL,3
be9cbd1bfa3bd16914cfef75cb05053b80f41b24,606b29deea786896a0b567c734201a08e38f8f0a,4,2,2,fix #,ISSUE,NULL,4,NULL,1
63b12e2c5ccbe8243ce08ccf1e417fa30bd11a38,606b29deea786896a0b567c734201a08e38f8f0a,4,2,2,Normal,NULL,NULL,4,NULL,1
1c8a0ef1aeece4d626eb7176ec1080bc852cfe4a,2ae7b82a1a96ff0ea5dd6f2d887c273133e2cc4e,4,2,2,Normal,NULL,NULL,4,NULL,1
2ae7b82a1a96ff0ea5dd6f2d887c273133e2cc4e,9c5df78bbd3f453167a075f2aaad47698ac8011f,10,7,3,Normal,NULL,NULL,10,REFACTOR,2
9c5df78bbd3f453167a075f2aaad47698ac8011f,1d823180d169476bb432348a75dcb79303d580ac,8,6,2,fix,NULL,NULL,8,NULL,2
1d823180d169476bb432348a75dcb79303d580ac,ebc0f4edd522aa0698251a5146e15340e1785eaf,4,4,0,Document,NULL,NULL,4,NULL,1
606b29deea786896a0b567c734201a08e38f8f0a,a80dda50758de067b35d0533dfda2bc708b1b6cf,4,4,0,Document,NULL,NULL,4,NULL,1
ebc0f4edd522aa0698251a5146e15340e1785eaf,93d4536e5ef2354c744850207c69adf94b3634d7,62,50,12,Normal,NULL,NULL,62,NULL,2
93d4536e5ef2354c744850207c69adf94b3634d7,a6f77c9c914254de9e6867a8a69731ef0b62a281,2,2,0,Normal,NULL,NULL,2,NULL,1
a80dda50758de067b35d0533dfda2bc708b1b6cf,06b79c122a65eaba8d083cc94a1e04aa193b55ab,8,4,4,fix #,ISSUE,NULL,8,NULL,1
b85d2980e0d38a63ab0c08d2d2ca1aa6519ae830,06b79c122a65eaba8d083cc94a1e04aa193b55ab,8,4,4,Normal,ISSUE,NULL,8,NULL,1
a6f77c9c914254de9e6867a8a69731ef0b62a281,dc359ce0deaf9268f61850cf88071558441453af,33,33,0,Normal,NULL,NULL,33,NULL,1
dc359ce0deaf9268f61850cf88071558441453af,b057ebf36bb13b7343a2a85e5c082513b71cc649,4,4,0,Normal,NULL,NULL,4,NULL,1
b057ebf36bb13b7343a2a85e5c082513b71cc649,b7aac2a82fcc57bafdc1c9bce6ebd286f7deb271,2,0,2,Normal,NULL,NULL,2,NULL,1
b7aac2a82fcc57bafdc1c9bce6ebd286f7deb271,12d227cfe181603f1890f8e4b777f5848ff8d70f,37,37,0,Normal,NULL,NULL,37,NULL,1
12d227cfe181603f1890f8e4b777f5848ff8d70f,9a3709f3476873bee7a0c88a2c5c7937c073e81d,12,8,4,Normal,NULL,NULL,12,NULL,1
9a3709f3476873bee7a0c88a2c5c7937c073e81d,a3498a31c3f02d8ad2dbf1ca05f9ebdf9c6d7adc,2,1,1,Normal,NULL,NULL,2,NULL,1
1329039debdc5251b400d720aa82df6f31ce9482,b6af107dbb161e4df30dae8168bf3befdf0aa470,2,1,1,Normal,NULL,NULL,2,NULL,1
a3498a31c3f02d8ad2dbf1ca05f9ebdf9c6d7adc,b6af107dbb161e4df30dae8168bf3befdf0aa470,16,12,4,Normal,NULL,NULL,15,NULL,3
b6af107dbb161e4df30dae8168bf3befdf0aa470,30d4780aa8a3af5398c5ee99e8aa93637f576d20,206,170,36,Document,NULL,NULL,203,NULL,5
30d4780aa8a3af5398c5ee99e8aa93637f576d20,5677245a888b204e19b0f52d3013d71268199e1d,4,2,2,Normal,NULL,NULL,4,NULL,1
5677245a888b204e19b0f52d3013d71268199e1d,e2120a6d94316bac7fc3e83dffbd5447f8c3bfb5,2,1,1,Document,NULL,NULL,2,NULL,1
e2120a6d94316bac7fc3e83dffbd5447f8c3bfb5,3ec98ec3181fbc5a197dc0bdf9e791d7ed83af1e,293,244,49,Document,NULL,NULL,292,NULL,6
3ec98ec3181fbc5a197dc0bdf9e791d7ed83af1e,abb40cde9ffa535a375f55685936720e99c36273,2,1,1,Document,NULL,NULL,2,NULL,1
abb40cde9ffa535a375f55685936720e99c36273,507c7f1caeffc3287593a0d92976bfb8f4dbf83b,2,1,1,Document,ISSUE,NULL,2,NULL,1
507c7f1caeffc3287593a0d92976bfb8f4dbf83b,dfd8fb99ed3562f2b6542a3f9e6c5466bcf122cc,51,34,17,Document,NULL,NULL,51,NULL,2
dfd8fb99ed3562f2b6542a3f9e6c5466bcf122cc,358f9c22bb457ca2d09f79f046df0c3d1ee85cca,195,132,63,Document,ISSUE,BUG,195,NULL,6
358f9c22bb457ca2d09f79f046df0c3d1ee85cca,a010ef4f26d3e3609bc393ee4c576054ca81c8fa,2,1,1,Document,NULL,NULL,2,NULL,1
a010ef4f26d3e3609bc393ee4c576054ca81c8fa,793c6ef0a7ddadda689e5a86c18b708b9bc22be0,28,19,9,Normal,NULL,NULL,28,NULL,2
793c6ef0a7ddadda689e5a86c18b708b9bc22be0,86846836bdcaaca4631ff85b1a08e86247c6c524,941,752,189,Document,NULL,NULL,927,NULL,9
86846836bdcaaca4631ff85b1a08e86247c6c524,4d5d9890d7ce712c40bf543d1b3b9d7598ab5a9e,3,3,0,Normal,NULL,NULL,3,NULL,1
4d5d9890d7ce712c40bf543d1b3b9d7598ab5a9e,7c2141e5b92c7bb8f0c71d123d6e7a680ca15428,2,1,1,Normal,NULL,NULL,2,NULL,1
7c2141e5b92c7bb8f0c71d123d6e7a680ca15428,06b79c122a65eaba8d083cc94a1e04aa193b55ab,195,78,117,Normal,NULL,NULL,195,NULL,3
06b79c122a65eaba8d083cc94a1e04aa193b55ab,a545f71d084fb2829165df3404e267332d6e7850,4,0,4,Normal,NULL,NULL,4,NULL,1
a545f71d084fb2829165df3404e267332d6e7850,cef9e7b58c60c1aea0e949b041362252cb76495e,24,22,2,Normal,NULL,NULL,19,NULL,3
cef9e7b58c60c1aea0e949b041362252cb76495e,c9c26372005817ce8f374f54df39597286500fbe,57,47,10,Normal,NULL,NULL,55,NULL,2
c9c26372005817ce8f374f54df39597286500fbe,a43c19516fc6032974e1c89cc7a96cac39da0b3c,178,31,147,Normal,NULL,NULL,175,NULL,4
a43c19516fc6032974e1c89cc7a96cac39da0b3c,c69c9bae7ce25a5ad0a35e6bca67ffe6d66f2c78,2,1,1,Normal,NULL,NULL,0,NULL,0
c69c9bae7ce25a5ad0a35e6bca67ffe6d66f2c78,ee222a9a155f64295853494147b4442ac3f4d95d,18,17,1,Normal,NULL,NULL,18,NULL,2
ee222a9a155f64295853494147b4442ac3f4d95d,c2a13fffeb8ee16eef5a2e56c408eaffc98660a4,425,219,206,Normal,NULL,NULL,417,NULL,4
c2a13fffeb8ee16eef5a2e56c408eaffc98660a4,b4bcbd9847965a7413d096e79418a208ec688c58,301,295,6,Document,NULL,NULL,295,NULL,7
8d38b7e97b5e341b8c1ca433b3a94704dfc1d1bf,bd58e674cefb70ee9b361ad473be7318afc94dd3,132,129,3,Document,NULL,NULL,126,NULL,1
bd58e674cefb70ee9b361ad473be7318afc94dd3,c8ff945f5255a5ffc84dbb631c7207ffc1b780ad,4,2,2,Normal,NULL,NULL,4,NULL,2
c8ff945f5255a5ffc84dbb631c7207ffc1b780ad,b219b02aefcbb25389e70e828c7e0cdd7af1a6f4,122,122,0,Format,NULL,NULL,122,NULL,2
b219b02aefcbb25389e70e828c7e0cdd7af1a6f4,d8f93d80e128237a65611ee2f56799671d36a067,7,6,1,Normal,NULL,NULL,7,NULL,2
d8f93d80e128237a65611ee2f56799671d36a067,b4bcbd9847965a7413d096e79418a208ec688c58,36,36,0,Normal,NULL,NULL,36,NULL,2
b4bcbd9847965a7413d096e79418a208ec688c58,ecfe4f80032a243eb9a0dfa60cde07f741691677,80,43,37,Format,NULL,NULL,80,NULL,1
ecfe4f80032a243eb9a0dfa60cde07f741691677,59a209ec01471791acf1229f4fd2fbaa91679f9a,9,9,0,Normal,NULL,NULL,0,NULL,0
59a209ec01471791acf1229f4fd2fbaa91679f9a,4d12c96fdeafa59dbee691c7d059c153630d48aa,45,10,35,Normal,NULL,NULL,45,NULL,1
4d12c96fdeafa59dbee691c7d059c153630d48aa,ae8622d5b05747bc4573b1f0520b1b346a94575e,28,28,0,Normal,NULL,NULL,28,NULL,2
ae8622d5b05747bc4573b1f0520b1b346a94575e,99112febcae9ecda0595135175590ae778d76fcc,34,33,1,Normal,NULL,NULL,34,NULL,3
99112febcae9ecda0595135175590ae778d76fcc,f457ee94c8722c5fb220695b81f9a64c548ce9f4,3,3,0,Normal,NULL,NULL,3,NULL,2
f457ee94c8722c5fb220695b81f9a64c548ce9f4,11932c0f7e086dd52367152351fa88778dfa0a9d,12,12,0,Normal,NULL,NULL,12,NULL,2
11932c0f7e086dd52367152351fa88778dfa0a9d,2b4540f8aa6f9affe2706fda736cecb990168955,47,22,25,Normal,NULL,NULL,41,NULL,4
2b4540f8aa6f9affe2706fda736cecb990168955,6809d43f1c06779a4185e3100c17f25d2793b02c,52,37,15,Normal,NULL,NULL,32,NULL,2
6809d43f1c06779a4185e3100c17f25d2793b02c,22b86261df0beaac525ddbb7a4828395d1e0b6c1,13,6,7,Normal,NULL,NULL,8,NULL,1
06bccb300eb57b51fab35d6265bc1424e1847135,c23c21688354cd9e7d1304d7a6abe545d23386b5,29,23,6,Normal,NULL,NULL,22,NULL,2
c23c21688354cd9e7d1304d7a6abe545d23386b5,b9e2331d7f2d108451dae0b2b1ab23617bc76daa,16,14,2,Normal,NULL,NULL,4,NULL,1
22b86261df0beaac525ddbb7a4828395d1e0b6c1,e573f8bd2d48f208e6bf928030c91544085b9881,6,6,0,Normal,NULL,NULL,0,NULL,0
b9e2331d7f2d108451dae0b2b1ab23617bc76daa,bcac8bd59db278b9d41de49b87bae70c5c3c0add,6,3,3,Normal,NULL,NULL,6,NULL,1
e573f8bd2d48f208e6bf928030c91544085b9881,d5e52cb407aca9a37c957cf15c44d257704a6be3,104,102,2,Normal,NULL,NULL,0,NULL,0
d5e52cb407aca9a37c957cf15c44d257704a6be3,bcac8bd59db278b9d41de49b87bae70c5c3c0add,18,18,0,Normal,NULL,NULL,18,NULL,2
bcac8bd59db278b9d41de49b87bae70c5c3c0add,3e269a0b526a9da5095712651d61e76766be5284,14,5,9,Normal,NULL,NULL,12,NULL,1
3e269a0b526a9da5095712651d61e76766be5284,56a5e0f488819bb2e8cff8eee9872b759004c023,6,6,0,Normal,NULL,NULL,6,NULL,1
56a5e0f488819bb2e8cff8eee9872b759004c023,e556e953b035bedbb76b288732766d4e4a0c3633,38,26,12,Normal,NULL,NULL,31,NULL,3
efdc397bef4938b33b90d90bf6bb7e1c05e3e86b,83e3eeed94a8ebb16f3949c035b8d26a5f26c30f,6,6,0,Normal,NULL,NULL,6,NULL,1
e556e953b035bedbb76b288732766d4e4a0c3633,c01a50117eeefef314f76a3f2c98372435adabcb,17,15,2,Normal,NULL,NULL,2,NULL,1
c01a50117eeefef314f76a3f2c98372435adabcb,b873e06547bbe1b5e9a6f6697de464eefe15f1a8,14,7,7,Normal,NULL,NULL,14,NULL,2
480917094c65bf8521e06292f5cd5e17b657e698,83e3eeed94a8ebb16f3949c035b8d26a5f26c30f,14,7,7,Comment,NULL,NULL,14,NULL,2
b873e06547bbe1b5e9a6f6697de464eefe15f1a8,83e3eeed94a8ebb16f3949c035b8d26a5f26c30f,2,1,1,Normal,NULL,NULL,2,NULL,1
83e3eeed94a8ebb16f3949c035b8d26a5f26c30f,05250968cb901311189b4f2a0e502b1cf89eb56e,327,192,135,Format,NULL,NULL,322,NULL,4
05250968cb901311189b4f2a0e502b1cf89eb56e,94c2932603a81590b50c464a73bbc30a7feea70a,39,16,23,Normal,NULL,NULL,28,NULL,2
94c2932603a81590b50c464a73bbc30a7feea70a,0937ef83c4f3f3b58e43a835dc555e78632df9ba,13,13,0,Normal,NULL,NULL,13,NULL,2
0937ef83c4f3f3b58e43a835dc555e78632df9ba,7ffd84d76b3b3b6858fbad063451a76b3dfc145a,190,190,0,Normal,NULL,NULL,0,NULL,0
7ffd84d76b3b3b6858fbad063451a76b3dfc145a,f8ecf5a0315124114f6b24c154caa3acbbe91cee,2290,2290,0,Document,NULL,NULL,1921,NULL,8
f8ecf5a0315124114f6b24c154caa3acbbe91cee,null,0,0,0,Document,NULL,NULL,0,NULL,1
