e612d4adf74f0429f101f4b3852f782a25979acf,e7e101bf821e0acbb26c46e6547c347ec97e3a7a,6,3,3,fix #,ISSUE,NULL,6,NULL,1
e7e101bf821e0acbb26c46e6547c347ec97e3a7a,3ef14c8d2ad10f357a0a9cdcbc7f2fbf4ad1c0a4,8,4,4,#,NULL,NULL,8,NULL,2
3ef14c8d2ad10f357a0a9cdcbc7f2fbf4ad1c0a4,03b79acbc23eb1e344b1ba834ea6be4d128dad7b,2,1,1,Document,ISSUE,NULL,2,NULL,1
03b79acbc23eb1e344b1ba834ea6be4d128dad7b,441a84146f8c615eabede3801c920d774f9289d6,27,15,12,#,NULL,NULL,27,NULL,1
43c97e0359bc51191cb81b10816a56d9f879c5e6,441a84146f8c615eabede3801c920d774f9289d6,27,15,12,Normal,NULL,NULL,27,NULL,1
441a84146f8c615eabede3801c920d774f9289d6,043f9890dbae2caf683135a675a0f2828bf92ac1,34,17,17,Document,NULL,NULL,34,NULL,1
043f9890dbae2caf683135a675a0f2828bf92ac1,7b10c8f7a990ff56e59eaf6b274157f065887c29,7,4,3,Document,NULL,NULL,4,NULL,1
e1ab79e1de703175132dcf15a51efc007b3a4844,43ebcc766d7716aa74d882116789be202c0c3864,18,9,9,Document,NULL,NULL,18,NULL,1
43ebcc766d7716aa74d882116789be202c0c3864,7b10c8f7a990ff56e59eaf6b274157f065887c29,25,13,12,Document,NULL,NULL,22,NULL,1
7b10c8f7a990ff56e59eaf6b274157f065887c29,4c0438d5c8f7c29739144cd97ae5ab88e3010665,2,1,1,Normal,NULL,NULL,0,NULL,0
4c0438d5c8f7c29739144cd97ae5ab88e3010665,8ee3ac4ff75565bc51ae100b0359e65e76cbb716,5,0,5,#,NULL,NULL,5,NULL,1
3d2d8b54b5c2914bfba9a29d21046b6fbfd8c15f,8ee3ac4ff75565bc51ae100b0359e65e76cbb716,5,0,5,Normal,NULL,NULL,5,NULL,1
8ee3ac4ff75565bc51ae100b0359e65e76cbb716,7cc95feea17847ea776b9aa70cc00fd2c081c949,16376,5249,11127,Document,NULL,NULL,4594,NULL,202
7cc95feea17847ea776b9aa70cc00fd2c081c949,f4bf25ebdf912c5fc5f7880b21ccb874fc4cfe16,21,14,7,Normal,NULL,NULL,21,NULL,1
f4bf25ebdf912c5fc5f7880b21ccb874fc4cfe16,b52462fb1258d8c2effda740d9cf709830a3ac97,33,19,14,Normal,NULL,NULL,33,NULL,1
f2918fdf1bb23d28e4a82b2de186c2e804daeb2a,844f0dccf06887129a0bf763916b03a3efcf7b13,33,19,14,Normal,NULL,NULL,33,NULL,1
b52462fb1258d8c2effda740d9cf709830a3ac97,34f4fa5149cb80240c2b66f24f18e0081955cf02,2,1,1,Normal,NULL,NULL,0,NULL,0
34f4fa5149cb80240c2b66f24f18e0081955cf02,b56f25bfac8327530d2be35f19e7d8981dcf426f,13,6,7,Normal,NULL,NULL,13,NULL,2
b56f25bfac8327530d2be35f19e7d8981dcf426f,78c4356b52f791752044ba349e80b5d314b8f0c5,19,18,1,Normal,NULL,NULL,19,NULL,2
78c4356b52f791752044ba349e80b5d314b8f0c5,9fe769466b696c22fcd5f95413b78fe235124164,9,7,2,Document,NULL,NULL,9,NULL,1
9fe769466b696c22fcd5f95413b78fe235124164,f087da2144a649d6094430769c0b0471d14afe2b,2,1,1,Document,NULL,NULL,2,NULL,1
f087da2144a649d6094430769c0b0471d14afe2b,6b8de36bf301e31c61a3972a800da54c320a574e,29,21,8,Normal,NULL,NULL,29,NULL,2
6b8de36bf301e31c61a3972a800da54c320a574e,a87097fc09a317a54c76f99e61ce3916f0030838,33,29,4,fix,NULL,NULL,33,NULL,1
a87097fc09a317a54c76f99e61ce3916f0030838,7a50e450057264ce0bd957c3de797da6044f48be,9,6,3,Normal,NULL,NULL,9,NULL,1
c4653b71f9337cf0465515850e090bbb45631eb5,7a50e450057264ce0bd957c3de797da6044f48be,33,29,4,fix #,ISSUE,NULL,33,NULL,1
7a50e450057264ce0bd957c3de797da6044f48be,2b7db273d639266fd816bb228fd6bad961abc5d8,16,10,6,#,NULL,NULL,16,NULL,2
e8617b4ec5705e0497eb5f050eb0d37968c21ae0,2b7db273d639266fd816bb228fd6bad961abc5d8,2,1,1,Document,NULL,NULL,2,NULL,1
58f796086e4a515eb6b157d9bb9ccb55224a7ebb,b1837da7c5c5821f70df1076f6f495a8731041d4,8,5,3,Document,NULL,NULL,8,NULL,2
b1837da7c5c5821f70df1076f6f495a8731041d4,83a69396e9332b38af60df67eb092c42803a39ec,3,3,0,Normal,NULL,NULL,3,NULL,1
83a69396e9332b38af60df67eb092c42803a39ec,4adce701297343916a400050231b311e94eeb3a8,5,2,3,Normal,NULL,NULL,5,NULL,1
4adce701297343916a400050231b311e94eeb3a8,6fb14a52ea9689c580d4095bc5f144debb7a95d2,6,3,3,Normal,NULL,NULL,6,NULL,1
2b7db273d639266fd816bb228fd6bad961abc5d8,56b1e407ea974dc6477a5814fed648a1989e2768,2,1,1,Document,ISSUE,NULL,2,NULL,1
df8fae2e4b532f1ef7f676b972a4cefd64ef9eaa,56b1e407ea974dc6477a5814fed648a1989e2768,2,1,1,Document,ISSUE,NULL,2,NULL,1
56b1e407ea974dc6477a5814fed648a1989e2768,cc699282aeb432b764c926582fccb063415804d6,6,4,2,fix #,ISSUE,NULL,6,NULL,1
6fb14a52ea9689c580d4095bc5f144debb7a95d2,cc699282aeb432b764c926582fccb063415804d6,2,2,0,Normal,NULL,NULL,2,NULL,1
cc699282aeb432b764c926582fccb063415804d6,7113e56301b364af131386d71f132210bbde1f5c,2,1,1,#,NULL,NULL,2,NULL,1
1c0285567b9ef772bf50c47b979c773780d81599,7113e56301b364af131386d71f132210bbde1f5c,2,1,1,Normal,NULL,NULL,2,NULL,1
7113e56301b364af131386d71f132210bbde1f5c,c76be557eaa5aace789df394d5697fb95762cd31,2,1,1,#,NULL,NULL,2,NULL,1
c76be557eaa5aace789df394d5697fb95762cd31,eba5816e4c3f53e0de390966260eebef233d1c2c,2,1,1,#,NULL,NULL,2,NULL,1
b88040e7d8bef5aef52a4644749bc23c9899bb8b,eba5816e4c3f53e0de390966260eebef233d1c2c,2,1,1,Normal,NULL,NULL,2,NULL,1
1d93f8cba5e688dc711cfc731d02f4602e14f856,eba5816e4c3f53e0de390966260eebef233d1c2c,2,1,1,Normal,NULL,NULL,2,NULL,1
eba5816e4c3f53e0de390966260eebef233d1c2c,c46f519dc11a0e5e016742ace64f60656db606ac,4,2,2,Document,NULL,NULL,4,NULL,2
818f13b7743e0b70da9c2ccc75f860ebc5bca474,c46f519dc11a0e5e016742ace64f60656db606ac,4,2,2,Document,NULL,NULL,4,NULL,2
c46f519dc11a0e5e016742ace64f60656db606ac,126dd9fe10ae522746691a57dfe86b1b0420e4a5,6,3,3,#,NULL,NULL,6,NULL,1
126dd9fe10ae522746691a57dfe86b1b0420e4a5,717effb682a8a932fcbb07132b9a3938a7159f61,4,2,2,#,NULL,NULL,4,NULL,1
600d4d6ca86e3cc30a3632ec49d813a288433d22,717effb682a8a932fcbb07132b9a3938a7159f61,4,2,2,Normal,NULL,NULL,4,NULL,1
8367281a98f0fab9392e11a21487f07473f675e0,717effb682a8a932fcbb07132b9a3938a7159f61,6,3,3,Normal,NULL,NULL,6,NULL,1
717effb682a8a932fcbb07132b9a3938a7159f61,d95d602580d2cc366ef332f0307d4731f6a61eba,8,4,4,#,NULL,NULL,8,NULL,1
d95d602580d2cc366ef332f0307d4731f6a61eba,9efe53e558981f98ba237362f5c9250c49d9e603,2,1,1,#,NULL,NULL,2,NULL,1
be334b0153c95cb9452daa8a055fb42e5e9e68dd,9efe53e558981f98ba237362f5c9250c49d9e603,2,1,1,Normal,NULL,NULL,2,NULL,1
d65c20c0fc36ef8c6db71e9491aed119f9a7dde1,9efe53e558981f98ba237362f5c9250c49d9e603,8,4,4,Normal,NULL,NULL,8,NULL,1
9efe53e558981f98ba237362f5c9250c49d9e603,35bb99f43d6460eb5fbe507b6ca4d8038fb17a73,4,2,2,Document,NULL,NULL,4,NULL,1
4a32d0bb92224644478e44b4a2ef6eed5eb4a75a,35bb99f43d6460eb5fbe507b6ca4d8038fb17a73,4,2,2,Document,NULL,NULL,4,NULL,1
35bb99f43d6460eb5fbe507b6ca4d8038fb17a73,51df7c3acfe68e33806326963e58183e8ec280d8,2,1,1,#,NULL,NULL,0,NULL,0
91db20f689cfc241711773ed3a2a2b25db550591,51df7c3acfe68e33806326963e58183e8ec280d8,2,1,1,Normal,NULL,NULL,0,NULL,0
51df7c3acfe68e33806326963e58183e8ec280d8,37e815984a23c89df882ffbc567cba094e354129,27,27,0,Normal,NULL,NULL,0,NULL,0
37e815984a23c89df882ffbc567cba094e354129,71ed22601240bac37a8ccc0a75d9b60253e01541,2,1,1,Document,NULL,NULL,2,NULL,1
c29d64d62fce00469b41261946aa5d0f0d61bd2f,71ed22601240bac37a8ccc0a75d9b60253e01541,2,1,1,Document,NULL,NULL,2,NULL,1
71ed22601240bac37a8ccc0a75d9b60253e01541,df7932a6753788da664226bba82a4ccbb41fb094,2,1,1,#,NULL,NULL,0,NULL,0
f5629e2473b2d6525d6382caefeab93b425e85b0,df7932a6753788da664226bba82a4ccbb41fb094,2,1,1,Normal,NULL,NULL,0,NULL,0
ce506bd1d11571d260a426e0f657a6db7d95fe97,12ecdbd6a05db555247dc9495929acdf74a87b8d,4,4,0,Normal,NULL,NULL,4,NULL,1
df7932a6753788da664226bba82a4ccbb41fb094,21ed2b459f6744994894cdb6b1e56ffd78ce0249,2,1,1,Document,NULL,NULL,2,NULL,1
d11cf278036d9630f12ca67edea6b10f102cff74,21ed2b459f6744994894cdb6b1e56ffd78ce0249,2,1,1,Document,NULL,NULL,2,NULL,1
c5c793b09591a027e9c5dadde7954db7fe8b2752,21ed2b459f6744994894cdb6b1e56ffd78ce0249,19,18,1,Normal,NULL,NULL,19,NULL,2
21ed2b459f6744994894cdb6b1e56ffd78ce0249,57133dc06fbbfc26d60162f86c322682796443d0,2445,805,1640,fix #,ISSUE,BUG,121,NULL,19
57133dc06fbbfc26d60162f86c322682796443d0,c7f10260a6048052d8fbf6418f0704faea79839a,2,1,1,#,NULL,NULL,2,NULL,1
e32d19e6210819e21e8c70764584fd6c1532810c,c7f10260a6048052d8fbf6418f0704faea79839a,2,1,1,Normal,NULL,NULL,2,NULL,1
12ecdbd6a05db555247dc9495929acdf74a87b8d,a708fcab5c0c2a60d7df5f6d1fb006765fcb7159,2,0,2,Normal,NULL,NULL,2,NULL,1
c7f10260a6048052d8fbf6418f0704faea79839a,baab5b21ad14117c9f88e91b5abdf1cc0b7608c6,5,4,1,#,NULL,NULL,5,NULL,1
a708fcab5c0c2a60d7df5f6d1fb006765fcb7159,baab5b21ad14117c9f88e91b5abdf1cc0b7608c6,5,4,1,Normal,NULL,NULL,5,NULL,1
baab5b21ad14117c9f88e91b5abdf1cc0b7608c6,5acb899edb7bbed2761f426e89f4a4e200b5e5da,4,3,1,Normal,NULL,NULL,0,NULL,0
5acb899edb7bbed2761f426e89f4a4e200b5e5da,92452ea17a844706092187794b865d5c598fb4e1,3,2,1,Normal,NULL,NULL,3,NULL,1
92452ea17a844706092187794b865d5c598fb4e1,4bfcbe98b8641668b8a417d9a2070c4516e050bb,25,13,12,#,ISSUE,NULL,25,NULL,1
4bfcbe98b8641668b8a417d9a2070c4516e050bb,04945f3b0cb0ab77f90fec0fe7f83596a9172117,1,1,0,fix #,ISSUE,NULL,1,NULL,1
03935acdeb424358eb58bc919cd4d2890a007fe6,04945f3b0cb0ab77f90fec0fe7f83596a9172117,1,1,0,Normal,NULL,NULL,1,NULL,1
04945f3b0cb0ab77f90fec0fe7f83596a9172117,844f0dccf06887129a0bf763916b03a3efcf7b13,33,30,3,#,NULL,NULL,33,NULL,2
b5eff8f33e27afd76223dd7a6d0bb8fe8e1544ac,844f0dccf06887129a0bf763916b03a3efcf7b13,33,30,3,Normal,NULL,NULL,33,NULL,2
a9512c01ada732cdf96827614f27a33b2caf3378,24f6ea801a060f4dcc3106df4acb54409bce59f1,2418,787,1631,Normal,NULL,NULL,94,NULL,18
24f6ea801a060f4dcc3106df4acb54409bce59f1,f5e7aee5db085b8c56247cea6d69babfd4938769,27,18,9,Normal,NULL,NULL,27,NULL,1
844f0dccf06887129a0bf763916b03a3efcf7b13,f5e7aee5db085b8c56247cea6d69babfd4938769,3,1,2,fix #,ISSUE,NULL,3,NULL,1
7b4b9b3bac922a49211e3b2980a5541df27c5e45,c7830019f21d4d9e01dc42887cfbbe5a7597f4da,220,176,44,Document,NULL,NULL,173,NULL,5
c7830019f21d4d9e01dc42887cfbbe5a7597f4da,30ff1e82f10265259a59d2a5137a84509f0c51ba,3,1,2,fix,NULL,NULL,3,NULL,1
f5e7aee5db085b8c56247cea6d69babfd4938769,4627bd00a7a4ff0e24ef0e8625d730aa859178de,10,9,1,#,ISSUE,NULL,10,NULL,1
4627bd00a7a4ff0e24ef0e8625d730aa859178de,aba42985a889934d134a789ee303f932fa3f2d86,2,1,1,Normal,NULL,NULL,0,NULL,0
aba42985a889934d134a789ee303f932fa3f2d86,ed8a46d67ad7fb8931be120d133c981d81cc7fd0,4,2,2,Normal,NULL,NULL,4,NULL,1
ed8a46d67ad7fb8931be120d133c981d81cc7fd0,66de8512ea76af028053b2688865b5c4d6976679,108,51,57,Document,NULL,NULL,108,REFACTOR,4
66de8512ea76af028053b2688865b5c4d6976679,a89ab93a9476438e52a22dad3ae68d5f13647f79,160,147,13,Document,NULL,NULL,134,NULL,4
a89ab93a9476438e52a22dad3ae68d5f13647f79,50c9f53489894bdf6f218f0b6bb08c949ac726c7,14,10,4,fix,NULL,NULL,14,NULL,1
50c9f53489894bdf6f218f0b6bb08c949ac726c7,b528396b6554babe9e49e1c23b58caddd74d83e5,8,4,4,fix,NULL,NULL,8,NULL,1
b528396b6554babe9e49e1c23b58caddd74d83e5,13cddc95f698037c52e7ba0d9fdadde3c1517b15,34,15,19,Normal,NULL,NULL,15,NULL,2
30ff1e82f10265259a59d2a5137a84509f0c51ba,13cddc95f698037c52e7ba0d9fdadde3c1517b15,14,10,4,Normal,NULL,NULL,14,NULL,1
5176283ca9a38f17b5ad3dc2153ddb75f48aa60f,f25c1929a89c682beeac09d7cf8884109c241a59,82,51,31,Normal,NULL,NULL,60,NULL,3
f25c1929a89c682beeac09d7cf8884109c241a59,3d529fd8741efae8b6c20e65fd3b9a5c065d08ae,34,30,4,Document,NULL,NULL,34,NULL,4
3d529fd8741efae8b6c20e65fd3b9a5c065d08ae,13cddc95f698037c52e7ba0d9fdadde3c1517b15,90,89,1,Normal,NULL,NULL,86,NULL,4
13cddc95f698037c52e7ba0d9fdadde3c1517b15,cf90cad44c0096c816ae36316cfa7c1a8b9fa859,69,54,15,#,NULL,NULL,69,NULL,8
99ca4718ae26cd4ea036773078481542cf1a2f3b,be662418d4363ffc79d088684d04240d33fe0330,6,4,2,Normal,NULL,NULL,6,NULL,1
be662418d4363ffc79d088684d04240d33fe0330,c066ae86cc11d712ab029091d5be38012b92c873,15,10,5,Normal,NULL,NULL,15,NULL,3
c066ae86cc11d712ab029091d5be38012b92c873,0be6e45e2912c0ea2cef4c35ed96c4d772f5b662,10,6,4,Normal,NULL,NULL,10,NULL,2
0be6e45e2912c0ea2cef4c35ed96c4d772f5b662,88a1e8a0bb4d2d31b8e40d14517eb9713705c47b,28,28,0,Normal,NULL,NULL,28,NULL,2
88a1e8a0bb4d2d31b8e40d14517eb9713705c47b,3874a7793b298e1b4c19d064e1a398e9d25deadc,2,2,0,Normal,NULL,NULL,2,NULL,1
3874a7793b298e1b4c19d064e1a398e9d25deadc,cf90cad44c0096c816ae36316cfa7c1a8b9fa859,12,6,6,Normal,NULL,NULL,12,NULL,2
cf90cad44c0096c816ae36316cfa7c1a8b9fa859,0d1a099c015e858e30747324461e0b7ec93a3df3,9,9,0,fix #,ISSUE,NULL,9,NULL,1
d5ff4d2d9fe7f98deb468d466232f86e1b17ac61,0d1a099c015e858e30747324461e0b7ec93a3df3,9,9,0,Normal,NULL,NULL,9,NULL,1
0d1a099c015e858e30747324461e0b7ec93a3df3,b6090aa25b701d6d2bca671a8f93fe3ffe1c6afc,5,2,3,#,NULL,NULL,5,NULL,1
9cf788e57a58ab01067cb9c26c61096605218a10,b6090aa25b701d6d2bca671a8f93fe3ffe1c6afc,5,2,3,Normal,NULL,NULL,5,NULL,1
b6090aa25b701d6d2bca671a8f93fe3ffe1c6afc,6ef5e6e26797bb80ad81a1a9699a0f69fe6ec459,2,1,1,Normal,NULL,NULL,0,NULL,0
6ef5e6e26797bb80ad81a1a9699a0f69fe6ec459,96b133ca3d480a2ca795d4b162077c77433e8dde,11,3,8,Normal,NULL,NULL,11,REFACTOR,1
96b133ca3d480a2ca795d4b162077c77433e8dde,0d096447199619f60dd943c7b49dcc0e65f14c7b,27,14,13,Document,NULL,NULL,27,NULL,1
0d096447199619f60dd943c7b49dcc0e65f14c7b,f0a5197072ca16ab14334632575c75978123933c,2,1,1,Document,NULL,NULL,2,NULL,1
f0a5197072ca16ab14334632575c75978123933c,0a474e0225ca718243b0f0f5bff40e11ad7b8322,6,3,3,Normal,NULL,NULL,0,NULL,0
0a474e0225ca718243b0f0f5bff40e11ad7b8322,d8c6552deb4b6f6a0eb93a3ba6e1b5075af87351,8,4,4,#,NULL,NULL,8,NULL,1
ce8603347877659c64532eedd7dc453421cd6698,d8c6552deb4b6f6a0eb93a3ba6e1b5075af87351,8,4,4,Normal,NULL,NULL,8,NULL,1
d8c6552deb4b6f6a0eb93a3ba6e1b5075af87351,24602a7b0b00752c88f9aa2b10978e81875454b5,8,4,4,fix #,ISSUE,NULL,8,NULL,3
18bdd9a54f16d31f96f0a6d874399cdde8794896,24602a7b0b00752c88f9aa2b10978e81875454b5,8,4,4,Normal,ISSUE,NULL,8,NULL,3
24602a7b0b00752c88f9aa2b10978e81875454b5,65c4a16bcf3f95046e2538de67a39cc65eca32fc,2,1,1,Normal,NULL,NULL,0,NULL,0
65c4a16bcf3f95046e2538de67a39cc65eca32fc,8356f17605f7c5cf8eaed2bbaf1363948ff73150,528,290,238,#,NULL,NULL,528,NULL,8
61a010c2934781ca5ce494bbe4985f410e1776db,1373b4b38bbe136b95b395fe0ddcd36a65afd84d,20,10,10,Normal,NULL,NULL,20,NULL,2
1373b4b38bbe136b95b395fe0ddcd36a65afd84d,68ff9af4bfd603cb48c3ae3b73b3a5d657040a1a,5,3,2,Normal,NULL,NULL,5,NULL,1
68ff9af4bfd603cb48c3ae3b73b3a5d657040a1a,86e078446ef181610bbb4813f62d55d3e4268457,422,206,216,Normal,NULL,NULL,422,REFACTOR,1
86e078446ef181610bbb4813f62d55d3e4268457,1cbc34b3b18f6cfaa4ba72947f4a5530768ff70d,8,6,2,fix,NULL,NULL,8,NULL,2
1cbc34b3b18f6cfaa4ba72947f4a5530768ff70d,a742aa70cb39de87a8e75e0527c7f3b93128731a,3,2,1,Normal,NULL,NULL,3,NULL,1
a742aa70cb39de87a8e75e0527c7f3b93128731a,8356f17605f7c5cf8eaed2bbaf1363948ff73150,78,67,11,Normal,NULL,NULL,78,NULL,6
8356f17605f7c5cf8eaed2bbaf1363948ff73150,45d6feeda96ae3c06f88c773676bf729d37ae262,5060,5050,10,Document,ISSUE,NULL,1848,NULL,29
f4336b34d9a680e86c8729e9fa7a6f04684d271a,0def0f8830e570deec7a1d310e251dd534c93ab7,4483,2602,1881,Document,NULL,NULL,1860,NULL,22
0def0f8830e570deec7a1d310e251dd534c93ab7,799b622a417a4fcdbe1d474cc869ef1aa2e672f8,10,5,5,Normal,NULL,NULL,10,NULL,1
799b622a417a4fcdbe1d474cc869ef1aa2e672f8,5559e56eea4531746482d122790806fbd4b17097,3,2,1,fix #,ISSUE,NULL,3,NULL,1
5559e56eea4531746482d122790806fbd4b17097,45d6feeda96ae3c06f88c773676bf729d37ae262,4326,4322,4,Document,NULL,NULL,1579,NULL,21
220b1a800e0affec3fff1e97642cd34e401061e2,45d6feeda96ae3c06f88c773676bf729d37ae262,4,2,2,Normal,NULL,NULL,4,NULL,1
5e6d86118a8c2ffbb1787ad5d48a841d8b077658,180b0cd2513e700edd96aaebe1e835de51a013f7,2,1,1,Comment,NULL,NULL,2,NULL,1
180b0cd2513e700edd96aaebe1e835de51a013f7,45d6feeda96ae3c06f88c773676bf729d37ae262,2,1,1,fix,NULL,NULL,2,NULL,1
45d6feeda96ae3c06f88c773676bf729d37ae262,b2accbbb2114005b3d10361f0b557f11c3830cd0,2,1,1,Normal,NULL,NULL,0,NULL,0
b2accbbb2114005b3d10361f0b557f11c3830cd0,35b342becb92996424db5a8e4abb23bcc035d036,2,1,1,fix #,ISSUE,NULL,2,NULL,1
35b342becb92996424db5a8e4abb23bcc035d036,fb58f3d196121e1cbd430aa89ed72a7cb4486b41,87,40,47,#,NULL,NULL,79,NULL,4
fb58f3d196121e1cbd430aa89ed72a7cb4486b41,1a57ec8140fd34a1cc82a3c5969b6bc00c581674,2,1,1,Normal,NULL,NULL,0,NULL,0
1a57ec8140fd34a1cc82a3c5969b6bc00c581674,6c289462c2f1fff70ca9c839400527b25ac333e4,515,510,5,Document,NULL,NULL,35,NULL,2
43cd491fdd6e9cae594299f7a50b64890b67912b,75db6ac887eb129733b5c92033d015d4d9478cff,17,12,5,Document,NULL,NULL,17,NULL,1
75db6ac887eb129733b5c92033d015d4d9478cff,6c289462c2f1fff70ca9c839400527b25ac333e4,498,498,0,Document,NULL,NULL,18,NULL,2
6c289462c2f1fff70ca9c839400527b25ac333e4,e6a75554483128f8e3200c3d6af5ce13e04e4aa2,50,30,20,Document,NULL,NULL,50,NULL,2
a6eb7ff622e75f8d6ca9c115f5af1b90d3424100,3270f5f879afcf7a8ad9b883409cf5ac7698e200,38,23,15,Normal,NULL,NULL,38,NULL,1
3270f5f879afcf7a8ad9b883409cf5ac7698e200,e6a75554483128f8e3200c3d6af5ce13e04e4aa2,34,18,16,Document,NULL,NULL,34,NULL,2
e6a75554483128f8e3200c3d6af5ce13e04e4aa2,2ee48007d0d7551479974cc74d97dbcd4659e1a4,17,17,0,#,NULL,NULL,17,NULL,2
87d98cded41f0b3a3290ee3055a5a0403c95132c,2ee48007d0d7551479974cc74d97dbcd4659e1a4,17,17,0,Normal,NULL,NULL,17,NULL,2
2ee48007d0d7551479974cc74d97dbcd4659e1a4,47e6301e672a54c6aceed0b42fdba27b83ffbd88,180,40,140,#,NULL,NULL,48,NULL,3
d3fcb31b1be97027c9b59907ddfdc2e944cbac54,62595237463c2a5cf5aa263e5b156bd3eb5ea345,13,3,10,Document,NULL,NULL,13,NULL,1
62595237463c2a5cf5aa263e5b156bd3eb5ea345,47e6301e672a54c6aceed0b42fdba27b83ffbd88,23,16,7,#,NULL,NULL,23,NULL,1
6e438765fb34b37a2c0a9d5553022748d37ed04d,c298a58cb0d2844ae2db28100c328a84b60dd250,2,1,1,Normal,NULL,NULL,2,NULL,1
c298a58cb0d2844ae2db28100c328a84b60dd250,4683007b7facbbcfeec3493694202ad509f80f8c,134,1,133,Normal,NULL,NULL,2,NULL,1
4683007b7facbbcfeec3493694202ad509f80f8c,47e6301e672a54c6aceed0b42fdba27b83ffbd88,44,38,6,Normal,NULL,NULL,44,NULL,2
094e26d8b4ff4bda7307c6a099e9d01b854b4b47,7c55dd912193645dc47fdc94045b10aeacd4871f,6,6,0,Document,NULL,NULL,6,NULL,1
7c55dd912193645dc47fdc94045b10aeacd4871f,d3ab4e0af1e9bb5b10856e135d6789275d3e73a2,8,0,8,Normal,NULL,NULL,8,NULL,1
d3ab4e0af1e9bb5b10856e135d6789275d3e73a2,47e6301e672a54c6aceed0b42fdba27b83ffbd88,500,500,0,Normal,NULL,NULL,20,NULL,1
47e6301e672a54c6aceed0b42fdba27b83ffbd88,61860eddab695f09615a96d622a0813d575880ed,2,1,1,fix #,ISSUE,NULL,2,NULL,1
95c2a26b0b03517e5eabf75e23a282c20c5d2e3c,61860eddab695f09615a96d622a0813d575880ed,2,1,1,fix,NULL,NULL,2,NULL,1
61860eddab695f09615a96d622a0813d575880ed,526b54ca6c15e6a3cee3e92cea5c43e13a59f968,2,1,1,fix #,ISSUE,NULL,2,NULL,1
b8febd9d6723227c0bfbbcff74daf1af5e03f518,526b54ca6c15e6a3cee3e92cea5c43e13a59f968,2,1,1,#,ISSUE,NULL,2,NULL,1
526b54ca6c15e6a3cee3e92cea5c43e13a59f968,e9d09adff09362fa58229437fde25a87582c38cc,8,4,4,#,NULL,NULL,8,NULL,1
e9d09adff09362fa58229437fde25a87582c38cc,473ae4f7e52f8fed9a5f37889cd4afd4bc2c6bc3,17,17,0,#,NULL,NULL,17,NULL,2
de8523ad27b02e185ebcdb991ef784101fcd1ad2,473ae4f7e52f8fed9a5f37889cd4afd4bc2c6bc3,8,4,4,Normal,NULL,NULL,8,NULL,1
473ae4f7e52f8fed9a5f37889cd4afd4bc2c6bc3,9dc57d850d2da1b73f90e66a174bac53a3ba12ef,6,3,3,fix #,ISSUE,NULL,6,NULL,1
ef1912f5d18f437af5be2381f6d1f26897235d95,9dc57d850d2da1b73f90e66a174bac53a3ba12ef,17,17,0,Normal,NULL,NULL,17,NULL,2
8ea9f80dcbb0f83f9a0b6a097ffd642fc9a7eeeb,1770e8c5ce60d71b8d00defc6061f6a24b39d041,2,1,1,Normal,ISSUE,NULL,2,NULL,1
1770e8c5ce60d71b8d00defc6061f6a24b39d041,9dc57d850d2da1b73f90e66a174bac53a3ba12ef,4,2,2,Normal,NULL,NULL,4,NULL,1
9dc57d850d2da1b73f90e66a174bac53a3ba12ef,99aa386923c7d13e184dccd7429cdcb9356c1ba0,2,1,1,#,NULL,NULL,2,NULL,1
2b6d10ea2f1a874a13f6f4af285cb346b1121021,99aa386923c7d13e184dccd7429cdcb9356c1ba0,2,1,1,Format,NULL,NULL,2,NULL,1
99aa386923c7d13e184dccd7429cdcb9356c1ba0,71e23071c2086b245dcf0c0cffcfcd3c0e193c87,2,1,1,fix #,ISSUE,NULL,2,NULL,1
b9292acc10c84afa12f045193b3f5310773c35c6,71e23071c2086b245dcf0c0cffcfcd3c0e193c87,2,1,1,Normal,NULL,NULL,2,NULL,1
71e23071c2086b245dcf0c0cffcfcd3c0e193c87,b111da308891c713eedae016d8ef86e097a5b50d,90,48,42,Document,NULL,NULL,90,NULL,1
b111da308891c713eedae016d8ef86e097a5b50d,36e436bec754ae8c5845fccf303d75720e198363,11,7,4,Document,NULL,NULL,11,NULL,1
36e436bec754ae8c5845fccf303d75720e198363,0d536ebac90e863b44a8f2510dc8625c4a9d6eff,5,3,2,#,NULL,NULL,5,NULL,1
e1952d4e621f25306997a893f2fc7ea744d56b47,bfc8e807e683a8e958c6fc511233977b4c03f674,19,1,18,Normal,NULL,NULL,19,NULL,2
bfc8e807e683a8e958c6fc511233977b4c03f674,0d536ebac90e863b44a8f2510dc8625c4a9d6eff,20,19,1,Normal,NULL,NULL,20,NULL,2
0d536ebac90e863b44a8f2510dc8625c4a9d6eff,5b8906381fde415593f61e917f0e70c36851bce6,2,1,1,Document,NULL,NULL,2,NULL,1
5b8906381fde415593f61e917f0e70c36851bce6,63bfddee6601e35926cabf5a68daa9e4068fc9b8,14,14,0,Document,NULL,NULL,14,NULL,1
63bfddee6601e35926cabf5a68daa9e4068fc9b8,641b67451ae9e2522f564423b06d47ef05b38afb,43,34,9,fix,NULL,NULL,43,NULL,1
641b67451ae9e2522f564423b06d47ef05b38afb,ade4fddf72e5dffe63f00bfd2da03875587acdc5,35,29,6,#,NULL,NULL,35,NULL,2
ade4fddf72e5dffe63f00bfd2da03875587acdc5,9421251e09bda7adc466d6f7a5437e99822d27e0,17,5,12,fix #,ISSUE,NULL,17,NULL,1
9421251e09bda7adc466d6f7a5437e99822d27e0,0b70d254e4a7f8a18c5f3228196891cacf42ba3a,2,1,1,Normal,NULL,NULL,0,NULL,0
0b70d254e4a7f8a18c5f3228196891cacf42ba3a,5007099c59566a67b0dbb36422b4f550f4904ade,45,15,30,#,ISSUE,NULL,45,NULL,1
5007099c59566a67b0dbb36422b4f550f4904ade,598e20f1ab80df396475df8bdc8d7614b55936b8,2,1,1,Normal,NULL,NULL,0,NULL,0
598e20f1ab80df396475df8bdc8d7614b55936b8,c95b7f7755e059667888e8631f842a9af5e70e81,34,17,17,Document,NULL,NULL,34,NULL,1
07825935c38160368fb3ee75b9940da779884505,e8d10b15b822a138226ff56c7f50f3df2203b8cd,17,5,12,Normal,NULL,NULL,17,NULL,1
e8d10b15b822a138226ff56c7f50f3df2203b8cd,c95b7f7755e059667888e8631f842a9af5e70e81,2,1,1,fix,ISSUE,BUG,2,NULL,1
c95b7f7755e059667888e8631f842a9af5e70e81,480a1a41a47b5c084f21144ab8f2fed4d5eb9cdf,39,27,12,Normal,NULL,NULL,39,NULL,1
480a1a41a47b5c084f21144ab8f2fed4d5eb9cdf,f27b80d10abdc2f204210768bd78080b1ad0a21c,2,2,0,Document,NULL,NULL,2,NULL,1
d11738b8d80c01e5a595df7ea3fbdadebb91088c,f27b80d10abdc2f204210768bd78080b1ad0a21c,2,2,0,Document,NULL,NULL,2,NULL,1
f27b80d10abdc2f204210768bd78080b1ad0a21c,fe40e19d72acb0f21aaf184998487e18c28a1310,2,1,1,fix #,ISSUE,NULL,2,NULL,1
fe40e19d72acb0f21aaf184998487e18c28a1310,56ef757e22ac282a7bdb6cf7ca2144c3407a9aeb,94,0,94,#,NULL,NULL,0,NULL,0
56ef757e22ac282a7bdb6cf7ca2144c3407a9aeb,d525fd6b3bdec39dbb0a44635cc5b5dc813c1fa8,32,26,6,fix #,ISSUE,NULL,32,NULL,1
0f3800a3c926cef36262dee669eb6acdbaec0119,d525fd6b3bdec39dbb0a44635cc5b5dc813c1fa8,32,26,6,Normal,NULL,NULL,32,NULL,1
d525fd6b3bdec39dbb0a44635cc5b5dc813c1fa8,24f8901cce0f99f107f325a28b9e115746451b93,2,1,1,Normal,NULL,NULL,0,NULL,0
24f8901cce0f99f107f325a28b9e115746451b93,d9776eb52097b0ba1ea3307fcc25d2af1ccef853,8,6,2,#,NULL,NULL,8,NULL,1
32f4cffc7a11a0b17900761a08e7d01a7681999d,d9776eb52097b0ba1ea3307fcc25d2af1ccef853,8,6,2,Normal,NULL,NULL,8,NULL,1
d9776eb52097b0ba1ea3307fcc25d2af1ccef853,0ba369b70c78c7ba93b074f8ec49e2a2c09cf951,13,1,12,Format,NULL,NULL,13,NULL,1
53c5ec82ac393dca5a55ab959bb6214a62c4787f,0ba369b70c78c7ba93b074f8ec49e2a2c09cf951,13,1,12,Normal,NULL,NULL,13,NULL,1
0ba369b70c78c7ba93b074f8ec49e2a2c09cf951,c7ebe8b0995302e48040d1c208c47f841fd0c27f,18,12,6,Normal,NULL,NULL,18,REFACTOR,2
c7ebe8b0995302e48040d1c208c47f841fd0c27f,d2b8fc81ead7af4fde7ed35f31f49fdb5cad69b9,11,9,2,#,NULL,NULL,11,NULL,1
d2b8fc81ead7af4fde7ed35f31f49fdb5cad69b9,baf5d13a0dba69d737c94ba3bf677a87783716b1,5,1,4,#,NULL,NULL,5,NULL,1
00d400a6f4d9f368f5d66fdb69d9700eccff891e,baf5d13a0dba69d737c94ba3bf677a87783716b1,11,9,2,Normal,NULL,NULL,11,NULL,1
baf5d13a0dba69d737c94ba3bf677a87783716b1,24c6444ef3cd246fd503341a508a217e9d715d7a,9,4,5,Document,NULL,NULL,9,NULL,1
24c6444ef3cd246fd503341a508a217e9d715d7a,7e112d23b19d168b833f1d7c59062b208b037e6b,147,80,67,Normal,NULL,NULL,147,NULL,1
a2f15fee888aa4f7214cc29b69c17ba7e23ba41e,38fa911dcbce11e0dbc2d2fa4d1ce491b54ecea8,99,57,42,Normal,NULL,NULL,99,REFACTOR,1
38fa911dcbce11e0dbc2d2fa4d1ce491b54ecea8,8c20824700524c9c2cbfdbb12960841b37ac7ff5,13,9,4,Normal,NULL,NULL,13,NULL,1
8c20824700524c9c2cbfdbb12960841b37ac7ff5,7e112d23b19d168b833f1d7c59062b208b037e6b,43,18,25,Normal,NULL,NULL,43,NULL,1
7e112d23b19d168b833f1d7c59062b208b037e6b,8bada58361ad84603e6f5e1083c24cf04b68416f,4,3,1,Normal,NULL,NULL,2,NULL,1
5e9daa2169627cfca2db621066b026268ec8ea64,8fc4863d46ceef8bc741bf9e4c7af5246ec35fe7,2,2,0,Normal,NULL,NULL,0,NULL,0
65cb4a1bb0d530de5d2267d934fc06d1ad887141,8bada58361ad84603e6f5e1083c24cf04b68416f,43,18,25,Normal,NULL,NULL,43,NULL,1
8fc4863d46ceef8bc741bf9e4c7af5246ec35fe7,8bada58361ad84603e6f5e1083c24cf04b68416f,2,1,1,fix,ISSUE,NULL,2,NULL,1
8bada58361ad84603e6f5e1083c24cf04b68416f,87a46d5e0f8d733602f7b31c645ac9eb709e75c4,75,35,40,Normal,NULL,NULL,75,NULL,2
87a46d5e0f8d733602f7b31c645ac9eb709e75c4,f3800ba05978b5af0b0e8087118be9171881a1a7,4,3,1,Normal,NULL,NULL,4,NULL,1
f3800ba05978b5af0b0e8087118be9171881a1a7,f215eddf4161447c8c4708b89bef376f3dda1970,13,2,11,Normal,NULL,NULL,13,NULL,2
f215eddf4161447c8c4708b89bef376f3dda1970,4b4775ab528eb2acbf84f3a7837b8e133b9364f6,8,4,4,Normal,NULL,NULL,0,NULL,0
4b4775ab528eb2acbf84f3a7837b8e133b9364f6,df8038dc56f39f4a6ae482d93d8a1c8803c6382e,5,5,0,fix,NULL,NULL,5,NULL,1
df8038dc56f39f4a6ae482d93d8a1c8803c6382e,4e376e42fca8cd82a88877af26624d8474240418,4,3,1,Normal,NULL,NULL,4,NULL,1
4e376e42fca8cd82a88877af26624d8474240418,cd580cfa02cfb4515cec884377b8f1304a3508b4,47,23,24,Normal,NULL,NULL,21,NULL,2
cd580cfa02cfb4515cec884377b8f1304a3508b4,99b99fa387c8b3c1e1972363e4be5eae31591f11,1780,1646,134,Normal,NULL,NULL,30,NULL,2
99b99fa387c8b3c1e1972363e4be5eae31591f11,81ce9a46b1fb35a856e259497b539d9cb5b2574f,30,28,2,fix #,ISSUE,NULL,30,NULL,2
e1c310f2934c78ce1eaa9a6ede63e9429c9297d0,81ce9a46b1fb35a856e259497b539d9cb5b2574f,4,3,1,#,NULL,NULL,4,NULL,1
db04f33e59e39cb446597555712e8d38993ea3d7,1e4c12a6113f97e596054fbbc68ca4f5aa542570,1,1,0,Normal,NULL,NULL,1,NULL,1
1e4c12a6113f97e596054fbbc68ca4f5aa542570,81ce9a46b1fb35a856e259497b539d9cb5b2574f,3,2,1,Normal,NULL,NULL,3,NULL,1
81ce9a46b1fb35a856e259497b539d9cb5b2574f,55efabe6a362f90cea7311b57aa3c6612c2c74e7,24,14,10,Normal,NULL,NULL,24,NULL,1
55efabe6a362f90cea7311b57aa3c6612c2c74e7,5a73d31a288f59de74d54c5b5c0b989bb4ac8ac7,788,404,384,Normal,NULL,NULL,786,REFACTOR,1
5a73d31a288f59de74d54c5b5c0b989bb4ac8ac7,9bef865e29555e267ffab61500f72beec2677297,13,6,7,Normal,NULL,NULL,5,NULL,2
9bef865e29555e267ffab61500f72beec2677297,b0795fadd6649cc0887b29c76b5a5ecba644708d,2,1,1,Normal,NULL,NULL,0,NULL,0
b0795fadd6649cc0887b29c76b5a5ecba644708d,a55e38dcde6852f0a87dfb426bfd1d896afce08a,4,2,2,Normal,ISSUE,NULL,4,NULL,1
a55e38dcde6852f0a87dfb426bfd1d896afce08a,62deb0e87acd64a1a7d16c567395b1c776cf8c8e,6,4,2,fix #,ISSUE,NULL,6,NULL,1
5b887f0ca625e0282ba6b1c4e20abd478ce8bb2e,62deb0e87acd64a1a7d16c567395b1c776cf8c8e,6,4,2,Normal,NULL,NULL,6,NULL,1
62deb0e87acd64a1a7d16c567395b1c776cf8c8e,e3187743daef5faac5a6124569b2d5308836a1ad,15,9,6,Document,NULL,NULL,15,NULL,1
e3187743daef5faac5a6124569b2d5308836a1ad,4e37571e0538b4a60d24cdd903291f1b641e88c7,2,1,1,Document,NULL,NULL,2,NULL,1
4e37571e0538b4a60d24cdd903291f1b641e88c7,f63eb3d6aa05ad670503fbf382ed91e5efefa91d,2,1,1,Document,NULL,NULL,2,NULL,1
f63eb3d6aa05ad670503fbf382ed91e5efefa91d,7ef9d7500b59b0b646caf6b131d1c817ed4edbbe,2,1,1,Normal,NULL,NULL,0,NULL,0
7ef9d7500b59b0b646caf6b131d1c817ed4edbbe,78830af3e7085ed3f97a55e67fe3b0d554a7cef0,5,3,2,Normal,NULL,NULL,3,NULL,1
78830af3e7085ed3f97a55e67fe3b0d554a7cef0,d937662ccba0a876f0d2da60bd100441a2e9e924,9,5,4,Normal,NULL,NULL,9,NULL,1
1fc8c252115c2b5dcdf1d46a18b2c0259b31837c,a1094139a3f4ab72a5386fc15ac9b2fe3e289189,8,2,6,fix,NULL,NULL,8,NULL,1
a1094139a3f4ab72a5386fc15ac9b2fe3e289189,d937662ccba0a876f0d2da60bd100441a2e9e924,13,9,4,fix,ISSUE,NULL,13,NULL,1
d937662ccba0a876f0d2da60bd100441a2e9e924,0b1197b113c8f20594a438ec3337fd070916a22c,37,22,15,Normal,NULL,NULL,37,NULL,1
0b1197b113c8f20594a438ec3337fd070916a22c,3f0fbae818d619bb2f1e0faad7033cc3e958e2cf,37,21,16,fix #,ISSUE,NULL,37,NULL,2
3f0fbae818d619bb2f1e0faad7033cc3e958e2cf,50aa00d72f5917d2a105f7c22d36e77c0fdb5ae7,2,1,1,Document,NULL,NULL,2,NULL,1
50aa00d72f5917d2a105f7c22d36e77c0fdb5ae7,50e505330efbb0693cd7642c60492371cc3beee0,4,2,2,Document,NULL,NULL,4,NULL,1
50e505330efbb0693cd7642c60492371cc3beee0,c17461b769a7b339958b18237976ea4b26c8e799,2,1,1,Document,NULL,NULL,2,NULL,1
c17461b769a7b339958b18237976ea4b26c8e799,03b2f958efa88494318c6a239d637b52fedaf6d2,5,2,3,Document,NULL,NULL,5,NULL,1
03b2f958efa88494318c6a239d637b52fedaf6d2,77aa1728d7824db88c101df11d06c8eccb0ebe68,2,1,1,Document,NULL,NULL,2,NULL,1
77aa1728d7824db88c101df11d06c8eccb0ebe68,48a8589c226c207d7e1f40222e1107134e028d82,11,9,2,Document,NULL,NULL,11,NULL,1
48a8589c226c207d7e1f40222e1107134e028d82,d60af6afdd9bf507cabe8dce2e1420e330501a00,44,21,23,Normal,NULL,NULL,44,NULL,1
d60af6afdd9bf507cabe8dce2e1420e330501a00,0ff93068192f4485b8aee8089e10b3e0beab39f9,26,19,7,Normal,NULL,NULL,26,REFACTOR,1
0ff93068192f4485b8aee8089e10b3e0beab39f9,d3ee7f3f03d207f7249f473e866b4b61bb95d95d,22,22,0,#,NULL,NULL,22,NULL,2
c4aea7fec534ad992d78f967b309bc3f987fb057,d3ee7f3f03d207f7249f473e866b4b61bb95d95d,22,22,0,Normal,NULL,NULL,22,NULL,2
d3ee7f3f03d207f7249f473e866b4b61bb95d95d,32db7867988ac32ec10ae6bcb0ce0e918a003fb4,4,2,2,#,NULL,NULL,4,NULL,1
b680f96d9fe007a7d92742a16ba3837b6372c7f1,32db7867988ac32ec10ae6bcb0ce0e918a003fb4,4,2,2,Normal,NULL,NULL,4,NULL,1
32db7867988ac32ec10ae6bcb0ce0e918a003fb4,7c6d12a46a8ffc2b1aae4ffd385e99b665a61266,8,6,2,Normal,NULL,NULL,6,NULL,1
7c6d12a46a8ffc2b1aae4ffd385e99b665a61266,9ad52f7ee0d572c3394a22688ae0d2e98ed899df,281,219,62,Normal,NULL,NULL,191,NULL,4
9ad52f7ee0d572c3394a22688ae0d2e98ed899df,d751c5fc475af17a41be9bfe8688d9b6c249b96c,60,60,0,Normal,NULL,NULL,19,NULL,3
d751c5fc475af17a41be9bfe8688d9b6c249b96c,05fa786eb2611b16e26eab7bc922d9cbdd1badc5,2,1,1,Normal,NULL,NULL,2,NULL,1
05fa786eb2611b16e26eab7bc922d9cbdd1badc5,c8a593e3f31bfd678d410f76001e6f9948d07586,59,54,5,Normal,NULL,NULL,36,NULL,3
c8a593e3f31bfd678d410f76001e6f9948d07586,7cdd00e4939a0ea0505c028652731dc71438f267,190,103,87,Normal,ISSUE,NULL,190,NULL,1
7cdd00e4939a0ea0505c028652731dc71438f267,5c8ed60c6b07db83eaa1a039ae2f29300a9ce556,76,41,35,Normal,NULL,NULL,76,REFACTOR,1
5c8ed60c6b07db83eaa1a039ae2f29300a9ce556,5a1b7f3409963c7f158318e9d61ec42b1572afbf,74,48,26,#,ISSUE,NULL,74,NULL,1
5a1b7f3409963c7f158318e9d61ec42b1572afbf,8f4f52c68d1b44d385a01c1d5d2f17c4eb74ea36,114,103,11,Normal,NULL,NULL,33,NULL,5
8f4f52c68d1b44d385a01c1d5d2f17c4eb74ea36,2676281cb7b7f862760b6a6aa89faedb5a9dd4b8,6,5,1,Normal,NULL,NULL,6,NULL,1
2676281cb7b7f862760b6a6aa89faedb5a9dd4b8,a61a32aa41caacefabf463c9edb2e174ce3a7102,8,8,0,#,NULL,NULL,8,NULL,2
b60f2034c2af5d4f5e1624a4a226de85ad3ae96c,5b1bc8acf867ce570493e01c656810496ad6130e,2,1,1,Comment,NULL,NULL,2,NULL,1
5b1bc8acf867ce570493e01c656810496ad6130e,a61a32aa41caacefabf463c9edb2e174ce3a7102,8,8,0,Normal,NULL,NULL,8,NULL,2
a61a32aa41caacefabf463c9edb2e174ce3a7102,d7cc428d2336b6388df496730ef3f8196dc545a4,153,141,12,Normal,NULL,NULL,56,NULL,3
d7cc428d2336b6388df496730ef3f8196dc545a4,f22cd74ca330058f28669935546f5517887d5b18,295,273,22,Normal,NULL,NULL,201,NULL,4
f22cd74ca330058f28669935546f5517887d5b18,4068ff8b756195639c9a074cc684aebbb8550886,963,437,526,Normal,NULL,NULL,929,NULL,4
4068ff8b756195639c9a074cc684aebbb8550886,71a6813ce17b8e15deba9a1d3d280fdcadad32bd,91,69,22,#,NULL,NULL,45,NULL,2
0b0751533cdc2f366fec35fc36fae42c61bab5b0,71a6813ce17b8e15deba9a1d3d280fdcadad32bd,91,69,22,fix,ISSUE,NULL,45,NULL,2
71a6813ce17b8e15deba9a1d3d280fdcadad32bd,cba7b2c86b868ec3f246847ca097ce6f65820ad7,23,23,0,#,NULL,NULL,23,NULL,1
cba7b2c86b868ec3f246847ca097ce6f65820ad7,fe2b1c9b4bdace75b1b2d14602710d5330767c20,892,463,429,Normal,NULL,NULL,890,NULL,2
fe2b1c9b4bdace75b1b2d14602710d5330767c20,b3601a1049b8932dcafe9e12317ac0263990043f,2,1,1,Document,ISSUE,NULL,2,NULL,1
b3601a1049b8932dcafe9e12317ac0263990043f,2a57e74e0164157f928a4eb3d23953cd01b097e9,50,25,25,Normal,NULL,NULL,50,REFACTOR,1
a5467ceb3c6a6f7b69540454c72c098726653de5,13cc68c79937404170693714133ee056810e993c,2,1,1,Document,NULL,NULL,2,NULL,1
2a57e74e0164157f928a4eb3d23953cd01b097e9,712ce4866d50ea62f36ad53815b584b30d638d64,17,13,4,Normal,NULL,NULL,17,REFACTOR,1
712ce4866d50ea62f36ad53815b584b30d638d64,13cc68c79937404170693714133ee056810e993c,21,11,10,Normal,NULL,NULL,21,REFACTOR,2
13cc68c79937404170693714133ee056810e993c,837a9474a20b2b32b91976b1b4f7f0937fd81ffb,2,1,1,Normal,NULL,NULL,0,NULL,0
837a9474a20b2b32b91976b1b4f7f0937fd81ffb,b037e52296ca7e1efe4508c86eb96f396f4da53d,133,97,36,Normal,NULL,NULL,90,NULL,5
b037e52296ca7e1efe4508c86eb96f396f4da53d,c2058137d576bec827e8aaddc48aba12aae614e8,25,12,13,fix,NULL,NULL,21,NULL,1
c2058137d576bec827e8aaddc48aba12aae614e8,1d6673f1343546fbed18ede226d17d73b58516e8,4,2,2,Document,NULL,NULL,4,NULL,1
1d6673f1343546fbed18ede226d17d73b58516e8,233033d7719cbcb14a9f041e354864ba8784a75d,0,0,0,Normal,NULL,NULL,0,NULL,0
233033d7719cbcb14a9f041e354864ba8784a75d,b62254315f6f30dfb1d1c8d29f19aa568c4cfb20,27,19,8,Normal,NULL,NULL,27,NULL,1
b62254315f6f30dfb1d1c8d29f19aa568c4cfb20,274df52b981efe4e6e304bfb2aa7f3a1dd41bf92,110,47,63,Normal,NULL,NULL,101,NULL,3
274df52b981efe4e6e304bfb2aa7f3a1dd41bf92,55968e72a5b4acfe2d2f7337633488090be03d34,119,113,6,Normal,NULL,NULL,54,NULL,5
55968e72a5b4acfe2d2f7337633488090be03d34,909364f49fbabe07c3120686740314016a985c39,478,373,105,Normal,NULL,NULL,377,NULL,8
909364f49fbabe07c3120686740314016a985c39,f842c74733894185f299a30bc2a4d8f1c2c121b9,33,23,10,#,ISSUE,NULL,33,NULL,1
f842c74733894185f299a30bc2a4d8f1c2c121b9,964768c70c1306edd626ee8879a834432bf7ed4d,18,5,13,fix,NULL,NULL,18,NULL,1
964768c70c1306edd626ee8879a834432bf7ed4d,99ae34dda54e8843bbbd92b8e8b4db18ac92736c,4323,4323,0,Document,NULL,NULL,4303,NULL,162
99ae34dda54e8843bbbd92b8e8b4db18ac92736c,593d7e2c161db4a10c72c271b96b2a58ea746905,5157,4196,961,Normal,NULL,NULL,509,NULL,16
593d7e2c161db4a10c72c271b96b2a58ea746905,84eb19cd24c63105b3b7e8b0cebd77a8c2e782ce,21,20,1,fix #,ISSUE,NULL,21,NULL,1
84eb19cd24c63105b3b7e8b0cebd77a8c2e782ce,4ca6ced23f77fc9294b24ad9b2ffe8f6d38513d8,2,0,2,Normal,NULL,NULL,2,NULL,1
4ca6ced23f77fc9294b24ad9b2ffe8f6d38513d8,56a639ca4641e1a6e942e08d6d784e329bd3d99c,23,13,10,Normal,NULL,NULL,21,NULL,3
56a639ca4641e1a6e942e08d6d784e329bd3d99c,9d331e813e7c006a8c49779508aa6e3e183c57d0,126,100,26,#,ISSUE,BUG,124,NULL,4
9d331e813e7c006a8c49779508aa6e3e183c57d0,8dab712874fd146354282f16a15e403206a309de,1,0,1,Normal,ISSUE,BUG,1,NULL,1
8dab712874fd146354282f16a15e403206a309de,6bae2f4710bd00b3957181085a2d9c7312f9640e,1037,584,453,Normal,NULL,NULL,866,NULL,12
6bae2f4710bd00b3957181085a2d9c7312f9640e,b4a1395c66cd19fc1e02423e58d595c6bd588b44,8,8,0,Document,NULL,NULL,8,NULL,1
b4a1395c66cd19fc1e02423e58d595c6bd588b44,343b103bf8e31c86cf2e50bf61fd8256d3d7140e,2,1,1,Normal,NULL,NULL,0,NULL,0
d761ce5ab7591dfaafb9d81df84dae7820e0989c,343b103bf8e31c86cf2e50bf61fd8256d3d7140e,8,8,0,Document,NULL,NULL,8,NULL,1
343b103bf8e31c86cf2e50bf61fd8256d3d7140e,f9a170bd891be4ee4a7b36655dede523d94d3efc,62,12,50,Normal,NULL,NULL,60,NULL,2
f9a170bd891be4ee4a7b36655dede523d94d3efc,b5d3456c0c039c8c7a2ace88daceb5bc6968f170,40,28,12,fix #,ISSUE,NULL,40,NULL,2
b5d3456c0c039c8c7a2ace88daceb5bc6968f170,6ca0cd2c2623f0587fcfb3f1791f688f7f07124a,9,5,4,Normal,NULL,NULL,9,NULL,1
6ca0cd2c2623f0587fcfb3f1791f688f7f07124a,04a35688b483f5f376c2f42e4e9e4a032f965199,5,5,0,Normal,NULL,NULL,5,NULL,1
04a35688b483f5f376c2f42e4e9e4a032f965199,4f1f3a2a26f0794d64b9722c955c56a81dc82a32,67,26,41,Normal,NULL,NULL,67,NULL,3
4f1f3a2a26f0794d64b9722c955c56a81dc82a32,59eb2424efc0173e17a3e60d8c5bae8ba8b6e81e,71,57,14,fix #,ISSUE,NULL,71,NULL,1
59eb2424efc0173e17a3e60d8c5bae8ba8b6e81e,ba7677dc295783e083f9084a6ab9d8dbd1e5c301,1065,693,372,Normal,NULL,NULL,954,NULL,8
ba7677dc295783e083f9084a6ab9d8dbd1e5c301,1e30e2219643bc4e485ce774b2ae1ffb1bff8b0d,9,7,2,Document,NULL,NULL,9,NULL,1
1e30e2219643bc4e485ce774b2ae1ffb1bff8b0d,5e4bef50619257651e81fef8db98ee5d46000fa2,41,23,18,fix #,ISSUE,NULL,41,REFACTOR,1
5e4bef50619257651e81fef8db98ee5d46000fa2,2199604ae49b2fe002f2ff12ba76f161ded2b850,16,5,11,Document,NULL,NULL,16,NULL,1
2199604ae49b2fe002f2ff12ba76f161ded2b850,9c10130ea3e0b373583374058f90489b4070c21b,6258,2595,3663,Normal,NULL,NULL,12,NULL,3
9c10130ea3e0b373583374058f90489b4070c21b,678e448b1c52a2ebfb869cef37cdd192781d064d,2,1,1,Normal,NULL,NULL,0,NULL,0
678e448b1c52a2ebfb869cef37cdd192781d064d,abb8856a8ad50a21df619d32f09abdb09627761d,3963,1966,1997,Document,NULL,NULL,150,NULL,11
abb8856a8ad50a21df619d32f09abdb09627761d,2c74749b6bbd254e20692d01172dd7145b142a76,3,2,1,Document,NULL,NULL,3,NULL,1
2c74749b6bbd254e20692d01172dd7145b142a76,8f568dce21c433a1949b023d76a324ac85af0528,2,1,1,Normal,NULL,NULL,0,NULL,0
8f568dce21c433a1949b023d76a324ac85af0528,2b103faca0acc720f6c3eb7cd9415da610312665,66,33,33,Normal,NULL,NULL,66,REFACTOR,1
2b103faca0acc720f6c3eb7cd9415da610312665,48142f75ca93b3fa0a536caf864bdd4eff4492e2,12,10,2,#,ISSUE,NULL,12,NULL,1
48142f75ca93b3fa0a536caf864bdd4eff4492e2,af3b4c66bde5c8f641616898c300ed0c29f8b980,221,61,160,fix #,ISSUE,NULL,221,NULL,2
af3b4c66bde5c8f641616898c300ed0c29f8b980,7d0a58607fef010b2ce594b07d85ca5878eb0c8a,12,7,5,Normal,NULL,NULL,10,NULL,2
7d0a58607fef010b2ce594b07d85ca5878eb0c8a,cbb8ca2f68f1513fde53335c400c31654b74d967,6,6,0,Normal,ISSUE,BUG,6,NULL,1
cbb8ca2f68f1513fde53335c400c31654b74d967,3f9feb5b970f9a42fafa4d1e21c653e1b918e436,4001,2014,1987,Normal,NULL,NULL,194,NULL,6
3f9feb5b970f9a42fafa4d1e21c653e1b918e436,2bb5dfb1d3fb5847605c915a4365108b4a1f357c,52,29,23,fix,NULL,NULL,52,NULL,1
2bb5dfb1d3fb5847605c915a4365108b4a1f357c,5b18db3c8cf038617dc98922b4ec800dfd2ae72f,10,4,6,fix #,ISSUE,NULL,10,NULL,1
5b18db3c8cf038617dc98922b4ec800dfd2ae72f,4ba27b4a5a9a7962d5894ca37edfcfa6dc4529a8,28,24,4,Normal,NULL,NULL,28,NULL,1
4ba27b4a5a9a7962d5894ca37edfcfa6dc4529a8,efefa814b51218675cb89979eed95a26034bd1b3,10,5,5,Normal,NULL,NULL,10,NULL,1
efefa814b51218675cb89979eed95a26034bd1b3,001c1cd4b86bbf8aaa61c7460bbbc2ff1d3d36d0,10,6,4,Normal,NULL,NULL,10,NULL,2
001c1cd4b86bbf8aaa61c7460bbbc2ff1d3d36d0,fb2faaeda7486d3a8b8b57306ff2b21bb477728f,5,3,2,Document,NULL,NULL,5,NULL,1
fb2faaeda7486d3a8b8b57306ff2b21bb477728f,08548d703e9cb018693e5dc9d2cff089c64a2de5,2,1,1,Normal,NULL,NULL,0,NULL,0
08548d703e9cb018693e5dc9d2cff089c64a2de5,8181d7af6d0ed3483785c63b7c9284b2f421b91c,2,1,1,fix #,ISSUE,NULL,2,NULL,1
8181d7af6d0ed3483785c63b7c9284b2f421b91c,48de3a77bbab649dfa6fa1cbb949ba7dbbf725a2,118,75,43,Normal,NULL,NULL,50,NULL,3
48de3a77bbab649dfa6fa1cbb949ba7dbbf725a2,923251cfb8f84a5db9b46f3476e4d60e452d79be,2,1,1,Document,NULL,NULL,2,NULL,1
923251cfb8f84a5db9b46f3476e4d60e452d79be,0f0a64c1200e1d35bc944621d4a7063af056df60,6,3,3,Document,NULL,NULL,6,NULL,1
0f0a64c1200e1d35bc944621d4a7063af056df60,03dcdc6d17df0d9a030ccf9edf21b2a46ce9a53e,33,23,10,Document,NULL,NULL,33,NULL,1
03dcdc6d17df0d9a030ccf9edf21b2a46ce9a53e,a77a7cf744754948305b047da176fdcdd1f9da4d,25,16,9,Normal,NULL,NULL,9,NULL,1
a77a7cf744754948305b047da176fdcdd1f9da4d,b6ac97fff42bc2a5f5efc45ae5479bded788c841,46,37,9,Normal,NULL,NULL,46,NULL,2
b6ac97fff42bc2a5f5efc45ae5479bded788c841,d7734addc88a2baeb4da7d3b7f43d73ef6d57e2f,2,1,1,Normal,NULL,NULL,0,NULL,0
d7734addc88a2baeb4da7d3b7f43d73ef6d57e2f,af16a3c4b44162a6c7a94e8f2dd7668e85dc443a,3991,1874,2117,Normal,NULL,NULL,12,NULL,12
af16a3c4b44162a6c7a94e8f2dd7668e85dc443a,a431da16e6de953bdfd594ede697e156561bd5e6,808,381,427,Normal,NULL,NULL,808,NULL,5
a431da16e6de953bdfd594ede697e156561bd5e6,6f68870afdc929d4aa18d25ef7f93ba4e589e154,31,17,14,Normal,NULL,NULL,31,REFACTOR,1
6f68870afdc929d4aa18d25ef7f93ba4e589e154,5df61d52f42fac151f1a8e8b9ed186f142a09d3a,25,10,15,Normal,NULL,NULL,25,REFACTOR,1
5df61d52f42fac151f1a8e8b9ed186f142a09d3a,3c136728af14a2c37c7e0514152690da8f600d10,2,1,1,Document,NULL,NULL,2,NULL,1
3c136728af14a2c37c7e0514152690da8f600d10,5136744fced9099f909c2bf0979cb2390c3ed216,2,2,0,Document,NULL,NULL,2,NULL,1
5136744fced9099f909c2bf0979cb2390c3ed216,01129b9e8665ee37f10c27c00dfed24c0564f872,4,2,2,Document,NULL,NULL,4,NULL,1
01129b9e8665ee37f10c27c00dfed24c0564f872,e1aefbc6bc9d57a3e89cf0fb1a43569f333e48f7,12,10,2,Document,NULL,NULL,12,NULL,1
e1aefbc6bc9d57a3e89cf0fb1a43569f333e48f7,ed30509512a6192d9ed80a5ba13693d02e601d04,2,1,1,Document,NULL,NULL,2,NULL,1
ed30509512a6192d9ed80a5ba13693d02e601d04,d7543a0c072787bb42d289916200e105644f7918,5,3,2,Document,NULL,NULL,5,NULL,1
d7543a0c072787bb42d289916200e105644f7918,0c2b316a31c466ec3e46733239713603cf16e00f,78,7,71,Normal,NULL,NULL,78,NULL,2
0c2b316a31c466ec3e46733239713603cf16e00f,54f0a78889e83dc661edde81637c6a13bfe05fc0,5,1,4,Normal,NULL,NULL,5,NULL,1
54f0a78889e83dc661edde81637c6a13bfe05fc0,07ee20f6af74dd53cbbf35d70f884e5c7f889982,2646,1904,742,Normal,NULL,NULL,200,NULL,6
07ee20f6af74dd53cbbf35d70f884e5c7f889982,04b49f1b92b3dfabc9d95fa9032ea3327b547131,149,94,55,Normal,NULL,NULL,143,REFACTOR,5
04b49f1b92b3dfabc9d95fa9032ea3327b547131,bc0edca3e263d8f469cd7c3c09e99360c46f8b06,4,2,2,Document,NULL,NULL,4,NULL,1
bc0edca3e263d8f469cd7c3c09e99360c46f8b06,77ce4ae943495af3efc6f91c0e31681802a76cd6,65,65,0,Normal,NULL,NULL,24,NULL,3
77ce4ae943495af3efc6f91c0e31681802a76cd6,4c170c1f49cb099cf08b3273fbde3a20547ada5e,91,89,2,Normal,NULL,NULL,30,NULL,3
4c170c1f49cb099cf08b3273fbde3a20547ada5e,8d727ab506b34b6b334cb63491942f37e04fa905,4,2,2,fix,ISSUE,NULL,2,NULL,1
8d727ab506b34b6b334cb63491942f37e04fa905,0832e153650cfbd74a769f9db3c6798201607341,14,9,5,fix,NULL,NULL,8,NULL,1
0832e153650cfbd74a769f9db3c6798201607341,4d0229f2ce073873efe301c890756f338caf505a,0,0,0,Normal,NULL,NULL,0,NULL,0
4d0229f2ce073873efe301c890756f338caf505a,539aabe9f842cf7e795f0d99aa0eddb1a95efe18,148,139,9,Normal,NULL,NULL,47,NULL,1
539aabe9f842cf7e795f0d99aa0eddb1a95efe18,46fdd70ad9f98770b451456b8cbc9c3eac3fa409,1667,1137,530,Normal,NULL,NULL,64,NULL,16
46fdd70ad9f98770b451456b8cbc9c3eac3fa409,64653251029c12f1edac2629392ea63d7d8ba1c8,1324,677,647,Normal,NULL,NULL,17,NULL,9
64653251029c12f1edac2629392ea63d7d8ba1c8,77b97b7847af7d14e8be845253769d88517ad76c,14,14,0,Normal,NULL,NULL,0,NULL,0
77b97b7847af7d14e8be845253769d88517ad76c,39d17eb4dedbeb57d60d8636e30b7b4f6b68b21d,1289,655,634,Normal,NULL,NULL,98,NULL,17
39d17eb4dedbeb57d60d8636e30b7b4f6b68b21d,eeb445f31fe4ab64f1d3d3e3227ff21be4f5f145,2186,1375,811,fix,ISSUE,BUG,624,REFACTOR,24
eeb445f31fe4ab64f1d3d3e3227ff21be4f5f145,a2d2f24684f86edc0e606268a76b1169d2581cc4,2213,686,1527,Normal,NULL,NULL,288,REFACTOR,41
a2d2f24684f86edc0e606268a76b1169d2581cc4,19a2d746a59093223425a719d538ef1e47f23d3a,2957,1895,1062,Normal,NULL,NULL,644,NULL,21
19a2d746a59093223425a719d538ef1e47f23d3a,eb58bbd899842123d3a11ce577ceb6f4614a91c7,637,628,9,Normal,NULL,NULL,637,REFACTOR,11
eb58bbd899842123d3a11ce577ceb6f4614a91c7,da28da4ae8751568f21d698aeb68c9a03ea3ffa2,1804,656,1148,Normal,NULL,NULL,252,REFACTOR,10
da28da4ae8751568f21d698aeb68c9a03ea3ffa2,e8990a3e1c5d46022478f9e9a61126af90422593,32,23,9,Normal,NULL,NULL,32,NULL,2
e8990a3e1c5d46022478f9e9a61126af90422593,9b0b4624f6b58b0dda8260a8e4769f4206b737d4,364,264,100,Normal,NULL,NULL,272,NULL,11
9b0b4624f6b58b0dda8260a8e4769f4206b737d4,1857c464f03c724736481eb96b96d574c3a0f6a0,1014,1013,1,Normal,NULL,NULL,374,NULL,8
1857c464f03c724736481eb96b96d574c3a0f6a0,9dc8c95c04364a373e1da36aaf7d7808c06b992a,63,38,25,Document,NULL,NULL,63,NULL,1
9dc8c95c04364a373e1da36aaf7d7808c06b992a,7ca2718aa946259ee282e0f63d8911e120f70abb,33,26,7,Document,NULL,NULL,33,NULL,1
7ca2718aa946259ee282e0f63d8911e120f70abb,c026e355e4cdfc8ef6e40983d73223ddc0cfa6ce,2,1,1,Normal,NULL,NULL,0,NULL,0
c026e355e4cdfc8ef6e40983d73223ddc0cfa6ce,06ed5652b6241428b336f02afed0b0de38fe4fa7,33,22,11,fix,NULL,NULL,33,NULL,2
06ed5652b6241428b336f02afed0b0de38fe4fa7,60580a26105d81845e6fb6dc1e94272533771027,7,7,0,Normal,NULL,NULL,7,NULL,1
60580a26105d81845e6fb6dc1e94272533771027,7ccb222a2aaca12c534fdb1f208e4ac71a7e8dd4,161,113,48,Normal,NULL,NULL,161,NULL,5
7ccb222a2aaca12c534fdb1f208e4ac71a7e8dd4,887ddb2684de9d39a716de4fba526441d7503ea9,15,8,7,Document,NULL,NULL,15,NULL,1
887ddb2684de9d39a716de4fba526441d7503ea9,daa7c4577a5a793b2d1ace68fcb5f9be659b7b6a,114,95,19,Normal,NULL,NULL,0,REFACTOR,0
daa7c4577a5a793b2d1ace68fcb5f9be659b7b6a,5b605bbf82f98b493a60b55f02abec000c03aa31,2570,2565,5,Normal,NULL,NULL,92,NULL,20
eee6da1e452851c85cd8ba72628ec2c543be059d,e5a77979b41c7df46831e6afb5ee3c7fc95f8eff,2,1,1,Document,NULL,NULL,2,NULL,1
e5a77979b41c7df46831e6afb5ee3c7fc95f8eff,7ce94c99816b10079c9519f32b22dc6af88b2ef3,4,2,2,Document,NULL,NULL,4,NULL,1
7ce94c99816b10079c9519f32b22dc6af88b2ef3,5b605bbf82f98b493a60b55f02abec000c03aa31,11,6,5,Document,NULL,NULL,11,NULL,1
5b605bbf82f98b493a60b55f02abec000c03aa31,5a5a1984e982c78d20ca32891747d99c886cca66,24,14,10,Normal,NULL,NULL,10,NULL,5
5a5a1984e982c78d20ca32891747d99c886cca66,851541c70c2247420a803e4ab3a4f3362e2c80e6,2,1,1,Document,NULL,NULL,2,NULL,1
851541c70c2247420a803e4ab3a4f3362e2c80e6,43a4b234c20e0a20cbc203a02d56c823b388d56c,4,1,3,Document,NULL,NULL,4,NULL,1
43a4b234c20e0a20cbc203a02d56c823b388d56c,4dd8c8ef92e5c642eaafed453f9236260cb80263,24,12,12,Document,NULL,NULL,24,NULL,1
4dd8c8ef92e5c642eaafed453f9236260cb80263,b3d168389a25a65410ffdde42e8db51b2032a259,0,0,0,Normal,NULL,NULL,0,NULL,0
b3d168389a25a65410ffdde42e8db51b2032a259,630cc204dc858cab8fd26dbedc1e662b8744e641,3,2,1,Document,NULL,NULL,3,NULL,1
630cc204dc858cab8fd26dbedc1e662b8744e641,ae3fa7cc93cefcb20f187c2f4d6b4f1b44356e91,0,0,0,Normal,NULL,NULL,0,NULL,0
ae3fa7cc93cefcb20f187c2f4d6b4f1b44356e91,8208b33734e3a40f3befbe7ba416186cfde7cc3d,23,13,10,Document,NULL,NULL,23,NULL,1
8208b33734e3a40f3befbe7ba416186cfde7cc3d,619e23af42a9d5c94a3f942c014c1011d0fd6bb6,0,0,0,Normal,NULL,NULL,0,NULL,0
619e23af42a9d5c94a3f942c014c1011d0fd6bb6,34029535ca727f867d2085aea6251de97452df5a,0,0,0,Normal,NULL,NULL,0,NULL,0
34029535ca727f867d2085aea6251de97452df5a,5942cc246998462e791e88013fa5191c6d17d335,26,12,14,Document,NULL,NULL,26,NULL,1
5942cc246998462e791e88013fa5191c6d17d335,3bdf67123db2137e1cee8698c976d13706d4eddc,332,267,65,Normal,NULL,NULL,25,NULL,2
3bdf67123db2137e1cee8698c976d13706d4eddc,77c0248785f9cbc0ba3c1731d91d826a33c7ad74,54,27,27,Normal,NULL,NULL,52,NULL,4
77c0248785f9cbc0ba3c1731d91d826a33c7ad74,c53fdc1752d5c3e454016b92bcbe7fcc4da90270,45,26,19,Document,NULL,NULL,45,NULL,1
c53fdc1752d5c3e454016b92bcbe7fcc4da90270,dc127ad45ad97516bc567a4efeb917fd8147a83f,14,7,7,Document,NULL,NULL,14,NULL,1
dc127ad45ad97516bc567a4efeb917fd8147a83f,958176b8669576133423e868cd6906d4bbbed77c,30,20,10,Document,NULL,NULL,30,NULL,1
958176b8669576133423e868cd6906d4bbbed77c,b0d5bdbd26b3bf3f671045cf43101259e6de5014,143,143,0,Document,NULL,NULL,143,NULL,1
b0d5bdbd26b3bf3f671045cf43101259e6de5014,66d85588a77c40e07525429f764c02c8629060ba,98,89,9,Normal,NULL,NULL,25,NULL,3
66d85588a77c40e07525429f764c02c8629060ba,f0a7bfefef78eb0bb8a7f191995e0caa9c29039e,2222,1686,536,Normal,NULL,NULL,25,NULL,3
f0a7bfefef78eb0bb8a7f191995e0caa9c29039e,ff2f27a3303689b4f318b5d7db5932bfdc996723,118,111,7,Normal,NULL,NULL,32,NULL,3
ff2f27a3303689b4f318b5d7db5932bfdc996723,9228fd61150edbbb8d07650fd35987f69f364fbf,47,47,0,Normal,NULL,NULL,10,NULL,3
9228fd61150edbbb8d07650fd35987f69f364fbf,02015c6bb3893a50c91e81d44d8020d69a59b46b,23,2,21,Normal,NULL,NULL,23,NULL,3
02015c6bb3893a50c91e81d44d8020d69a59b46b,713c163f3160793408d105e950920747461139da,59,52,7,Normal,NULL,NULL,59,NULL,4
713c163f3160793408d105e950920747461139da,21b1348c9d384f097f2d68da5dec5fec41981167,109,97,12,Normal,NULL,NULL,54,NULL,3
21b1348c9d384f097f2d68da5dec5fec41981167,4cc704e4222bf46f7b1a29d2bd45ce294e8808ca,68,40,28,Normal,NULL,NULL,68,NULL,4
4cc704e4222bf46f7b1a29d2bd45ce294e8808ca,ae4a091527e0ca91eea2cc7f4d6bfb9ad14fb707,53,27,26,Normal,NULL,NULL,53,NULL,3
ae4a091527e0ca91eea2cc7f4d6bfb9ad14fb707,399044678cb77562e292fcd57b3f2d7e296daf26,185,143,42,Normal,NULL,NULL,76,NULL,3
399044678cb77562e292fcd57b3f2d7e296daf26,98caf0cabc23aecd03edef104d9b42fbb2563b09,83,45,38,Normal,NULL,NULL,83,REFACTOR,4
98caf0cabc23aecd03edef104d9b42fbb2563b09,faa0ac003d849ca0c86110729d3efdde19265929,8,4,4,Normal,NULL,NULL,8,REFACTOR,1
faa0ac003d849ca0c86110729d3efdde19265929,bc7368d6f888602c3307d0fe31419a01a79e607e,397,380,17,Normal,NULL,NULL,109,NULL,4
bc7368d6f888602c3307d0fe31419a01a79e607e,47a2102c41dbd94f1b9e382443eb7805e6168837,18,18,0,Normal,NULL,NULL,0,NULL,0
47a2102c41dbd94f1b9e382443eb7805e6168837,672bd0955e84f5b5c3b09e5f5ca0607c54bfd716,26,3,23,Normal,NULL,NULL,8,NULL,2
672bd0955e84f5b5c3b09e5f5ca0607c54bfd716,d9647363e5b0eed048195e6cd37ee9d3beba3b83,324,290,34,Normal,NULL,NULL,89,NULL,3
d9647363e5b0eed048195e6cd37ee9d3beba3b83,306b5f4c39703d7c2d6136879712426590e6d743,34,27,7,Normal,NULL,NULL,34,NULL,1
306b5f4c39703d7c2d6136879712426590e6d743,7d1c3421b240083257b59031aee8be3bb99536e6,214,187,27,Normal,NULL,NULL,74,NULL,3
7d1c3421b240083257b59031aee8be3bb99536e6,a72e6918b187c1dd1977bc1af37054ea792a592b,51,51,0,Normal,NULL,NULL,51,NULL,2
a72e6918b187c1dd1977bc1af37054ea792a592b,906ee64eadbe34ecadef43deb8c4be88c6ce160b,134,118,16,Normal,NULL,NULL,79,NULL,3
906ee64eadbe34ecadef43deb8c4be88c6ce160b,8ea58fc84d10bdb7c273e6160fcfb080e9f1cc57,55,34,21,Normal,NULL,NULL,33,NULL,2
8ea58fc84d10bdb7c273e6160fcfb080e9f1cc57,d79fbacbd1c1197f4f0a11861fabaa3411e4acec,27,27,0,Normal,NULL,NULL,27,NULL,1
d79fbacbd1c1197f4f0a11861fabaa3411e4acec,4e3119694ea459f6c4019451a47a96f57e0d8da9,114,96,18,Normal,NULL,NULL,58,NULL,4
4e3119694ea459f6c4019451a47a96f57e0d8da9,2e50feac179d83ec1b558fcd1f5dd166f61d1736,384,317,67,Normal,NULL,NULL,220,NULL,4
2e50feac179d83ec1b558fcd1f5dd166f61d1736,c07d7506b61514c26e92b94b400ebbdd1841990d,214,184,30,Normal,NULL,NULL,41,NULL,1
c07d7506b61514c26e92b94b400ebbdd1841990d,a1d9e1f327abeb2bb095922f195987ef9842d7f2,25,24,1,Normal,NULL,NULL,25,NULL,4
a1d9e1f327abeb2bb095922f195987ef9842d7f2,bf4c2a79bfea41fd1b2ad491a19df706999ad854,4,3,1,Normal,NULL,NULL,4,NULL,1
bf4c2a79bfea41fd1b2ad491a19df706999ad854,09f13322191a5e058c638885e33f37e69c4af786,4759,0,4759,Normal,NULL,NULL,38,NULL,2
09f13322191a5e058c638885e33f37e69c4af786,a043165e8cfc30f644815ae75226e194275a9db2,966,966,0,Normal,NULL,NULL,491,NULL,9
a043165e8cfc30f644815ae75226e194275a9db2,9059bfbb10ab504a4fe480195204590b516d3e12,4760,4760,0,Normal,NULL,NULL,38,NULL,2
9059bfbb10ab504a4fe480195204590b516d3e12,03640dbcba895f7c6f5fe62625c235bd32b1ba19,8,4,4,Normal,NULL,NULL,8,NULL,3
03640dbcba895f7c6f5fe62625c235bd32b1ba19,f2261a1d82ed58329236a3da85d949af59a98812,10,5,5,Normal,NULL,NULL,10,REFACTOR,1
f2261a1d82ed58329236a3da85d949af59a98812,cdd5d2cc04148619a7c6d53697d9cb2120bc42f2,2,1,1,Normal,NULL,NULL,0,NULL,0
cdd5d2cc04148619a7c6d53697d9cb2120bc42f2,a3c0932c678acdc9ce8ddf3e13be532900fe92b4,8,4,4,Normal,NULL,NULL,8,NULL,1
a3c0932c678acdc9ce8ddf3e13be532900fe92b4,85449ead3a1c7de2bc962bcd7a5c18b938a02b55,3949,3846,103,fix,ISSUE,NULL,5,NULL,1
85449ead3a1c7de2bc962bcd7a5c18b938a02b55,b55367146b052e101a6770bbf32e773498be2956,177,92,85,Normal,NULL,NULL,177,NULL,1
b55367146b052e101a6770bbf32e773498be2956,94d2048186198e11576ccb8d719b8ef139d43d78,117,83,34,Normal,NULL,NULL,99,NULL,1
94d2048186198e11576ccb8d719b8ef139d43d78,01bbe4af88c58b0fba966a84d4aa0a1c5417ed85,30,22,8,Normal,NULL,NULL,30,NULL,3
01bbe4af88c58b0fba966a84d4aa0a1c5417ed85,7cfddd47dc6845e4965633d51130ade78d894b82,167,101,66,Normal,NULL,NULL,134,NULL,1
7cfddd47dc6845e4965633d51130ade78d894b82,1d19a92d2dd498ca0e3ac5020407de7bcddea49a,6,3,3,Normal,ISSUE,NULL,6,NULL,1
1d19a92d2dd498ca0e3ac5020407de7bcddea49a,731cce3870445bff9304bd0f868526a2ba92db35,594,594,0,Normal,NULL,NULL,399,NULL,5
731cce3870445bff9304bd0f868526a2ba92db35,6cc75bfda9cc17cad107e2b542073dafde5b54b9,1073,109,964,Normal,NULL,NULL,487,NULL,6
6cc75bfda9cc17cad107e2b542073dafde5b54b9,8326efecdce0809f0d02d513067940e0c41cd10d,91,82,9,fix,ISSUE,NULL,91,NULL,4
8326efecdce0809f0d02d513067940e0c41cd10d,a25c2a819e57bb01309373167be7d9057782df54,6,3,3,fix,NULL,NULL,6,NULL,1
a25c2a819e57bb01309373167be7d9057782df54,439f444edf1c967d2d6115c663d0131138a8a9c5,22,16,6,Normal,ISSUE,NULL,22,NULL,2
439f444edf1c967d2d6115c663d0131138a8a9c5,9fe214d13ab56d643ae34825621c9de26f9d0446,112,64,48,fix,ISSUE,BUG,112,NULL,2
9fe214d13ab56d643ae34825621c9de26f9d0446,dcf603d00089d3fab683b5ac08bfc72d0de7de0e,14,14,0,Normal,NULL,NULL,0,NULL,0
dcf603d00089d3fab683b5ac08bfc72d0de7de0e,35a5fed8c713592265a7b55c435f9211b79c9b18,29,24,5,Normal,NULL,NULL,20,NULL,5
35a5fed8c713592265a7b55c435f9211b79c9b18,aa5779dab0ad4cc7eb82c55f2a1a8c333ec16d36,2,1,1,Normal,NULL,NULL,2,NULL,1
aa5779dab0ad4cc7eb82c55f2a1a8c333ec16d36,faa77d7fcfff09179a944104deec1900e2569584,750,491,259,Normal,NULL,NULL,708,NULL,10
faa77d7fcfff09179a944104deec1900e2569584,null,1557,1557,0,Normal,NULL,NULL,849,NULL,11
