f567e9a98a6573ba6992f2ff13c9ea94cd249f23,c8371bf48bee898a4d77038e94162e402d666192,39,21,18,fix #,ISSUE,NULL,0,NULL,0
c8371bf48bee898a4d77038e94162e402d666192,e130b0fa0a9a5792c455353b0bbb8844e02e45bb,2,1,1,Document,ISSUE,NULL,2,NULL,1
d3b30fd3581349bd6dab28b034a17ad55d51985b,e130b0fa0a9a5792c455353b0bbb8844e02e45bb,2,1,1,Document,NULL,NULL,2,NULL,1
e130b0fa0a9a5792c455353b0bbb8844e02e45bb,5ca5c9e95cada392d0830f98c1966ec7a248784a,16,9,7,fix #,ISSUE,NULL,0,NULL,0
5ca5c9e95cada392d0830f98c1966ec7a248784a,da620fd1f2ea62e8edf1f252da341241f010663d,2,1,1,Normal,NULL,NULL,0,NULL,0
da620fd1f2ea62e8edf1f252da341241f010663d,10d4e8d57fa2e49ee9105dd666d2f9d9c38e8726,0,0,0,Normal,NULL,NULL,0,NULL,0
10d4e8d57fa2e49ee9105dd666d2f9d9c38e8726,6683a5d66bdbeeeb204e1e2078a32d964ac6dd7e,31,16,15,#,NULL,NULL,0,NULL,0
dedb549bdcdd4099a63ceff00e59f751dcd7cb2e,6683a5d66bdbeeeb204e1e2078a32d964ac6dd7e,31,16,15,#,NULL,NULL,0,NULL,0
6683a5d66bdbeeeb204e1e2078a32d964ac6dd7e,c97efb5e4c2a5ff630d845a3996ec4c578ee102e,11,9,2,#,NULL,NULL,9,NULL,2
c97efb5e4c2a5ff630d845a3996ec4c578ee102e,d98738e8c8da00649b9acf8001279349feb9c6f4,4,2,2,Normal,NULL,NULL,0,NULL,0
fa3298adf6da31dac7d95f04b06640597964b622,d98738e8c8da00649b9acf8001279349feb9c6f4,11,9,2,Normal,NULL,NULL,9,NULL,2
d98738e8c8da00649b9acf8001279349feb9c6f4,ec3c6415397656029bae598f8ff2977b076b0aa2,2,1,1,Normal,NULL,NULL,0,NULL,0
ec3c6415397656029bae598f8ff2977b076b0aa2,8e263153bbb157810035a73a66fa8524fcf8c56a,80,60,20,Normal,NULL,NULL,80,NULL,4
a95b85c16267d11ec435e708847197ee6ef1f2b4,cd4228c248625ada3ed124ba28a8e9be44f6b182,116,54,62,Normal,NULL,NULL,116,NULL,3
cd4228c248625ada3ed124ba28a8e9be44f6b182,b36e11cb1d9e63cc192f111b97e64ae2f68a4261,94,71,23,Normal,NULL,NULL,94,NULL,4
8e263153bbb157810035a73a66fa8524fcf8c56a,6192294908ed4be90d7a45acb763e5d519baddb9,4,3,1,Normal,NULL,NULL,0,NULL,0
6192294908ed4be90d7a45acb763e5d519baddb9,b36e11cb1d9e63cc192f111b97e64ae2f68a4261,522,491,31,Normal,NULL,NULL,348,NULL,10
b36e11cb1d9e63cc192f111b97e64ae2f68a4261,689d7c30a02d9661b956d341e1cd96de7442b2c7,56,32,24,fix,NULL,NULL,56,NULL,1
19f01fbcf3859333aabea5cc099a8d2454910a56,b42585d5b2632104952d9d89724783cb94edc3e8,3419,3332,87,fix,NULL,NULL,14,NULL,1
689d7c30a02d9661b956d341e1cd96de7442b2c7,8414308db3ae95ea05f8c6950cc1b43c8836ddbb,10,2,8,Normal,NULL,NULL,0,NULL,0
8414308db3ae95ea05f8c6950cc1b43c8836ddbb,03465dd24e9fbf5fc852e918ad0bab47bb5c3cb2,2444,2419,25,Normal,NULL,NULL,0,NULL,0
03465dd24e9fbf5fc852e918ad0bab47bb5c3cb2,182ed7be6c05fc7e4b030721d88eff729ab878f1,579,575,4,Normal,NULL,NULL,0,NULL,0
182ed7be6c05fc7e4b030721d88eff729ab878f1,c8ebaa931438a0f0ba527438564aa7ddfae41e02,127,125,2,Normal,NULL,NULL,0,NULL,0
c8ebaa931438a0f0ba527438564aa7ddfae41e02,20e607079c3eff78b239da5d5f101d5f7457c9a5,14,9,5,Normal,NULL,NULL,14,NULL,1
20e607079c3eff78b239da5d5f101d5f7457c9a5,af5e6f06775cb88f484f39ae8bbe7154e9312079,2,1,1,Normal,NULL,NULL,0,NULL,0
af5e6f06775cb88f484f39ae8bbe7154e9312079,a5562a302beb045db074f38e2fe90f09ae0554e9,2,1,1,Normal,NULL,NULL,0,NULL,0
a5562a302beb045db074f38e2fe90f09ae0554e9,1706a424415a787d8708a098b508c92a535bd4d1,53,32,21,Normal,NULL,NULL,0,NULL,0
1706a424415a787d8708a098b508c92a535bd4d1,973668d2dd40d09647dad260ac8e60e433b59c14,209,156,53,Normal,NULL,NULL,0,NULL,0
edf6381dcc6e030d6e3d03c6c5bbb13aec5d7970,b46ba82e731a10722179717ca4ca73a077fc4587,73,62,11,Normal,NULL,NULL,0,NULL,0
b46ba82e731a10722179717ca4ca73a077fc4587,88ab7642fd7df36aa7f8ed4015c051991f8f897d,40,40,0,Normal,NULL,NULL,0,NULL,0
88ab7642fd7df36aa7f8ed4015c051991f8f897d,18da12fd6cb6e168997db32619a53289c540f748,14,14,0,Normal,NULL,NULL,0,NULL,0
18da12fd6cb6e168997db32619a53289c540f748,9cb67f5d3957524e5c186fdb85598b9dd26e585d,46,20,26,Normal,NULL,NULL,0,NULL,0
9cb67f5d3957524e5c186fdb85598b9dd26e585d,ac8850d7663727b3cae159929dcde3729f7b8c8b,14,7,7,Normal,NULL,NULL,0,NULL,0
ac8850d7663727b3cae159929dcde3729f7b8c8b,3ebda332aecb3b3f823fed4bf27989b24fddbeeb,23,11,12,Normal,NULL,NULL,0,NULL,0
3ebda332aecb3b3f823fed4bf27989b24fddbeeb,13404d342adceac663e2962000f151888a689220,7,6,1,Normal,NULL,NULL,0,NULL,0
13404d342adceac663e2962000f151888a689220,3752c6f72dc06ec52357d3641ccc1f868e475b3f,4,2,2,Normal,NULL,NULL,0,NULL,0
b42585d5b2632104952d9d89724783cb94edc3e8,1f9f869a51d56cae7c40fa587e0a20eaa0a7c2a2,16,8,8,Normal,NULL,NULL,16,NULL,1
1f9f869a51d56cae7c40fa587e0a20eaa0a7c2a2,c7c94822736d88ebddb244f7377766de68aa2b08,58,29,29,Normal,NULL,NULL,58,REFACTOR,1
c7c94822736d88ebddb244f7377766de68aa2b08,973668d2dd40d09647dad260ac8e60e433b59c14,16,12,4,Normal,NULL,NULL,16,NULL,1
973668d2dd40d09647dad260ac8e60e433b59c14,3752c6f72dc06ec52357d3641ccc1f868e475b3f,21,20,1,fix #,ISSUE,NULL,21,NULL,1
3752c6f72dc06ec52357d3641ccc1f868e475b3f,e639c2cc712a46b73a340e514d30307cbdf8136e,19,19,0,#,NULL,NULL,19,NULL,1
5394aeb3aa55befdb6b41386018ce3684b98fd07,e639c2cc712a46b73a340e514d30307cbdf8136e,19,19,0,fix #,ISSUE,NULL,19,NULL,1
e639c2cc712a46b73a340e514d30307cbdf8136e,fa1c20d39835c0977c98b1f8483fbd32c3519ae9,2,1,1,#,NULL,NULL,0,NULL,0
73a572bfbc6fd42451a185d9e550c176bd0b4d8f,fa1c20d39835c0977c98b1f8483fbd32c3519ae9,2,1,1,Normal,NULL,NULL,0,NULL,0
fa1c20d39835c0977c98b1f8483fbd32c3519ae9,3283d6189f1b69627349da471df2aa9098f8b4ff,110,97,13,Normal,NULL,NULL,104,NULL,6
e0ad90f27306d14bf1e12b26948bd1076d1465b4,37f246065dd7a8ac59e5ea58aa7a24b10a8a77e3,4,3,1,Normal,NULL,NULL,4,NULL,1
37f246065dd7a8ac59e5ea58aa7a24b10a8a77e3,db0359d01aab54332c5286e3bc005f7ebf8403e9,5,4,1,Normal,NULL,NULL,5,NULL,1
db0359d01aab54332c5286e3bc005f7ebf8403e9,b53d38ea8b9465607f5746b49969bf461da266e8,4,2,2,fix,NULL,NULL,4,NULL,1
b53d38ea8b9465607f5746b49969bf461da266e8,f7635fda797780eb61095ae9280cb479b126faa8,32,16,16,Normal,ISSUE,NULL,26,NULL,2
f7635fda797780eb61095ae9280cb479b126faa8,72f506c03fb0046bf8311dadf65e3309da8ddfee,83,81,2,Normal,NULL,NULL,83,NULL,5
3283d6189f1b69627349da471df2aa9098f8b4ff,5138165bb732e6628b596d2fe518931047098089,2,1,1,fix #,ISSUE,NULL,2,NULL,1
1e4940b0af79c6045704ad978a65491ed41e44fa,5138165bb732e6628b596d2fe518931047098089,2,1,1,Normal,NULL,NULL,2,NULL,1
5138165bb732e6628b596d2fe518931047098089,72f506c03fb0046bf8311dadf65e3309da8ddfee,2,1,1,Normal,NULL,NULL,2,NULL,1
72f506c03fb0046bf8311dadf65e3309da8ddfee,42edd989a35414a62e4ed671ad3860d5d6686b90,6,6,0,Document,NULL,NULL,6,NULL,1
698a3fc864509654f7e58f97e6b5c69e24216e79,42edd989a35414a62e4ed671ad3860d5d6686b90,6,6,0,Document,NULL,NULL,6,NULL,1
42edd989a35414a62e4ed671ad3860d5d6686b90,1a2cbcc47cdee54d4cece2c79f4633282ca5704e,14,7,7,#,ISSUE,NULL,14,NULL,1
1a2cbcc47cdee54d4cece2c79f4633282ca5704e,2c62d6b9039b61ea8b9104e6678857fffe4c0a55,2,1,1,Document,NULL,NULL,2,NULL,1
2c62d6b9039b61ea8b9104e6678857fffe4c0a55,f1af9f8f1f591171018451fb42654235ee4ba534,239,168,71,#,NULL,NULL,0,NULL,0
9536e9a1f3da99f30e3fcd1c57d81aafda0b4954,9d1e1ea844c96b0f839f8c2f195c386c91fed78d,146,82,64,Normal,NULL,NULL,0,NULL,0
9d1e1ea844c96b0f839f8c2f195c386c91fed78d,f37e238ed2160508e9efe965d0ce68d1f4716354,6,4,2,#,NULL,NULL,0,NULL,0
f37e238ed2160508e9efe965d0ce68d1f4716354,b6b801d6bb32551b0d10f85e10f9d4083a4cf223,2,1,1,#,NULL,NULL,0,NULL,0
b6b801d6bb32551b0d10f85e10f9d4083a4cf223,68e46ce7269ba845e9ab2c0fce476b3d17c1cd67,2,1,1,Normal,NULL,NULL,0,NULL,0
68e46ce7269ba845e9ab2c0fce476b3d17c1cd67,f1af9f8f1f591171018451fb42654235ee4ba534,76,75,1,Normal,NULL,NULL,0,NULL,0
3a69f5f7c965b646f340f706a8b0fd69340ab414,c42668142c8cfb25e284cca80d01609bf4f69dd5,2,1,1,Normal,NULL,NULL,0,NULL,0
c42668142c8cfb25e284cca80d01609bf4f69dd5,f1af9f8f1f591171018451fb42654235ee4ba534,2,1,1,fix #,ISSUE,BUG,0,NULL,0
f1af9f8f1f591171018451fb42654235ee4ba534,89274eb68d6d42644fd3bf96d1b250808f287452,1,1,0,Document,NULL,NULL,1,NULL,1
89274eb68d6d42644fd3bf96d1b250808f287452,4f523c63c74863027434534d5e4fe5fd7dd29c49,6,3,3,Normal,NULL,NULL,6,NULL,2
4f523c63c74863027434534d5e4fe5fd7dd29c49,8c8cb106e6c33e7f56f3ea637d5f0ad529489b92,3,3,0,Normal,NULL,NULL,0,NULL,0
8c8cb106e6c33e7f56f3ea637d5f0ad529489b92,27ec6bc3314bfe74516192cbcf5799e64776e5d9,2,1,1,Normal,NULL,NULL,0,NULL,0
27ec6bc3314bfe74516192cbcf5799e64776e5d9,fb20965bcd83c31991ba932145f8346cf7786744,2,2,0,fix #,ISSUE,NULL,2,NULL,1
fb20965bcd83c31991ba932145f8346cf7786744,6b5441a396de8d52602444d0929376edbe47275f,35,24,11,Normal,NULL,NULL,35,REFACTOR,4
6b5441a396de8d52602444d0929376edbe47275f,d105ea622d8d59f0871413bbea0ee1b48e962a47,16,10,6,fix #,ISSUE,NULL,16,NULL,1
d105ea622d8d59f0871413bbea0ee1b48e962a47,7eadd3fcf2cb03fa79afbee3ca672ef0d0877ead,11,11,0,fix #,ISSUE,NULL,11,NULL,1
7eadd3fcf2cb03fa79afbee3ca672ef0d0877ead,a7f63ffdc617c9bb2e18200ec450d473d30a0ce9,25,19,6,Normal,NULL,NULL,17,NULL,1
a7f63ffdc617c9bb2e18200ec450d473d30a0ce9,eb79defa9a4604dc6eebf533172db9f21cadb693,27,16,11,fix #,ISSUE,NULL,0,NULL,0
eb79defa9a4604dc6eebf533172db9f21cadb693,3aacb43aaa3ed50932f6c3194ab65acc030add1e,35,12,23,fix #,ISSUE,NULL,35,REFACTOR,3
3aacb43aaa3ed50932f6c3194ab65acc030add1e,3beb1a6077f8f9514abd6f23b4adfe055f8ca898,5,3,2,Normal,ISSUE,NULL,0,NULL,0
3beb1a6077f8f9514abd6f23b4adfe055f8ca898,4e8965e1073b793674aeef1fa031e0bb1dfc56a6,10,10,0,fix #,ISSUE,NULL,10,NULL,1
8212a5ddb4b8856000429e4a23d601af6857a550,be1b60840874467bf14d9b87fd62e8408012edb3,17,13,4,#,ISSUE,NULL,17,NULL,1
4e8965e1073b793674aeef1fa031e0bb1dfc56a6,17a212619fbb997d8f7f67d17236c45aff9571cf,36,35,1,fix #,ISSUE,NULL,36,NULL,1
6568d04a3e3534a82d44a19a54e8c260f487a2d8,17a212619fbb997d8f7f67d17236c45aff9571cf,36,35,1,Normal,NULL,NULL,36,REFACTOR,1
17a212619fbb997d8f7f67d17236c45aff9571cf,186a1bfd76ba8e6524e225a5ea5a18c356c50ce6,43,31,12,Normal,NULL,NULL,26,NULL,6
186a1bfd76ba8e6524e225a5ea5a18c356c50ce6,406c7a7ae2f5559175343900b7f036c7ff6dc3cd,10,5,5,Normal,NULL,NULL,10,NULL,1
406c7a7ae2f5559175343900b7f036c7ff6dc3cd,be1b60840874467bf14d9b87fd62e8408012edb3,1,1,0,fix #,ISSUE,NULL,1,NULL,1
be1b60840874467bf14d9b87fd62e8408012edb3,595906b17be74e7f20ba6b20c39842aeb8dc93ab,19,1,18,#,ISSUE,BUG,19,NULL,1
595906b17be74e7f20ba6b20c39842aeb8dc93ab,8e1fb45fc9e74b1c3b49f1da110241ce3e3aae66,6,3,3,#,NULL,NULL,6,NULL,1
8e1fb45fc9e74b1c3b49f1da110241ce3e3aae66,cba85166c77233864343ff32d7222a4b6a34ad58,2,1,1,Normal,NULL,NULL,2,NULL,1
cba85166c77233864343ff32d7222a4b6a34ad58,f8aff466f8399c648a70b8a7e33965699857bc37,4,3,1,Normal,NULL,NULL,0,NULL,0
f8aff466f8399c648a70b8a7e33965699857bc37,b16a14cab1a524cf3138eb05b6db70fbc95a01a5,88,83,5,Normal,NULL,NULL,2,NULL,1
b16a14cab1a524cf3138eb05b6db70fbc95a01a5,c76ff9c34b8239780cfccaa5c1eaced6a4dcfc4d,3,2,1,fix #,ISSUE,NULL,3,NULL,1
c76ff9c34b8239780cfccaa5c1eaced6a4dcfc4d,a638e7196ad0d38ac28a98a505271d9b043a7120,8,7,1,Normal,NULL,NULL,0,NULL,0
a638e7196ad0d38ac28a98a505271d9b043a7120,713fb95502e9a791355d6f17535a85e987026e65,38,29,9,Normal,NULL,NULL,38,NULL,1
713fb95502e9a791355d6f17535a85e987026e65,a7e50c66d55cfb6d86c9e13764673fcd5543a104,80,75,5,#,NULL,NULL,0,NULL,0
919894bfdaa2c37c4fd9a6899ce944326b41efcc,b3f1d5e30bdf0f36e767dad2aae852677267de41,272,168,104,Normal,NULL,NULL,30,NULL,3
b3f1d5e30bdf0f36e767dad2aae852677267de41,b7276d34329f5a6c9325b2f2994a5ae9e433fc1d,63,59,4,Normal,NULL,NULL,0,NULL,0
a7e50c66d55cfb6d86c9e13764673fcd5543a104,ff0067a02864556d882a2f65e5fc6ba20a42637a,234,133,101,fix #,ISSUE,NULL,0,NULL,0
ff0067a02864556d882a2f65e5fc6ba20a42637a,f809958717ba289b69c13f670d1171f0b8daf05e,30,29,1,#,NULL,NULL,30,NULL,3
f809958717ba289b69c13f670d1171f0b8daf05e,a605debff4b7402002745eda81b61aaec2b2d3a1,7,5,2,Normal,NULL,NULL,0,NULL,0
a605debff4b7402002745eda81b61aaec2b2d3a1,522bf80a28a876a7f6e8b45997030e4226c322ed,1,1,0,#,NULL,NULL,0,NULL,0
c42616e166e3079d262fbb1fe71fa124ee7eb1fe,522bf80a28a876a7f6e8b45997030e4226c322ed,1,1,0,Normal,NULL,NULL,0,NULL,0
b7276d34329f5a6c9325b2f2994a5ae9e433fc1d,522bf80a28a876a7f6e8b45997030e4226c322ed,17,16,1,Normal,NULL,NULL,0,NULL,0
522bf80a28a876a7f6e8b45997030e4226c322ed,48b8ff903743d7b12651d2b74f565658cd98b978,2,1,1,fix #,ISSUE,NULL,0,NULL,0
48b8ff903743d7b12651d2b74f565658cd98b978,95b88ef07f85c95674fe7583a1053901ba03bd84,48,32,16,Normal,NULL,NULL,0,NULL,0
95b88ef07f85c95674fe7583a1053901ba03bd84,e263bd7c308df6a739a3a2574b28bd8fe4c96bed,21,15,6,fix #,ISSUE,NULL,2,NULL,1
e263bd7c308df6a739a3a2574b28bd8fe4c96bed,388738fee693ff73ae950683184bda3349c7bc25,2,1,1,Normal,NULL,NULL,2,NULL,1
388738fee693ff73ae950683184bda3349c7bc25,9c2b4ffe52020a6d8b8f5f3c67b199b289e176ec,1,0,1,Normal,NULL,NULL,1,NULL,1
9c2b4ffe52020a6d8b8f5f3c67b199b289e176ec,7cece8d2d9225658a4a2a65fd2f95780db377d67,30,23,7,#,NULL,NULL,30,NULL,1
7cece8d2d9225658a4a2a65fd2f95780db377d67,8613582f9f0f5302a265b381bef91d16c98d7ba1,2,1,1,Document,NULL,NULL,2,NULL,1
8613582f9f0f5302a265b381bef91d16c98d7ba1,eb41cf140892b3ca2ca97ca9e81327367955ce65,12,6,6,Document,NULL,NULL,12,NULL,1
eb41cf140892b3ca2ca97ca9e81327367955ce65,abd381d27d04149fa4b74139e91dd616703d0c6f,48,23,25,fix #,ISSUE,NULL,0,NULL,0
abd381d27d04149fa4b74139e91dd616703d0c6f,070394f5b70ebc898fce32c572821abee30944e0,2,1,1,Normal,NULL,NULL,0,NULL,0
070394f5b70ebc898fce32c572821abee30944e0,38bb76f40731be5050cce35718b388a1a58f6d92,11,6,5,Normal,NULL,NULL,11,NULL,3
38bb76f40731be5050cce35718b388a1a58f6d92,6538324f8e8e981db423a1130673d16af466f4dc,212,208,4,Normal,NULL,NULL,179,NULL,6
6538324f8e8e981db423a1130673d16af466f4dc,dd84092822a1d8f3d70b68b09d291e3a9324297d,9,8,1,Normal,NULL,NULL,9,NULL,3
dd84092822a1d8f3d70b68b09d291e3a9324297d,c3791dce89fecb9075509b4f38fc2b92c5fb738e,63,53,10,#,NULL,NULL,59,NULL,2
feddc7416e3a2ccb56d92321e21fccaf91f61af9,6d77697e5edf66974b90147a71d72c9ba9375d08,57,45,12,Normal,NULL,NULL,57,NULL,3
6d77697e5edf66974b90147a71d72c9ba9375d08,58906dc832d3181fb21ca8201d3a25bf5d3a37a7,179,175,4,Normal,NULL,NULL,146,NULL,6
c3791dce89fecb9075509b4f38fc2b92c5fb738e,f668605357d6b314b9593199beef71b33c34e315,1,1,0,Normal,NULL,NULL,1,NULL,1
f668605357d6b314b9593199beef71b33c34e315,c68e91362c3174f63f5377e389aa402a59dd320c,34,19,15,Normal,NULL,NULL,34,REFACTOR,1
c68e91362c3174f63f5377e389aa402a59dd320c,e37c911b439919b6f4300e0d44d947bf46f74596,14,14,0,Normal,NULL,NULL,0,NULL,0
e37c911b439919b6f4300e0d44d947bf46f74596,58906dc832d3181fb21ca8201d3a25bf5d3a37a7,8,8,0,Normal,NULL,NULL,8,NULL,1
58906dc832d3181fb21ca8201d3a25bf5d3a37a7,87f7755e9e397f767d7937014a7cc18abbafb051,231,231,0,#,NULL,NULL,18,NULL,2
87f7755e9e397f767d7937014a7cc18abbafb051,c97c5bc09394c99191ccbbda585ea232cdb34754,16,13,3,fix #,ISSUE,NULL,16,NULL,1
c97c5bc09394c99191ccbbda585ea232cdb34754,aa56676f9fcc5d2d0d81e3d8d236ef01274c091e,3,2,1,Normal,NULL,NULL,3,NULL,1
aa56676f9fcc5d2d0d81e3d8d236ef01274c091e,eb0cc1d45a0e7cca23ff5be6a9233d19a62c43ab,2,1,1,Normal,NULL,NULL,0,NULL,0
f5174b7e362fa3b158787acafb15e99586e07023,eb0cc1d45a0e7cca23ff5be6a9233d19a62c43ab,3,2,1,#,NULL,NULL,3,NULL,1
ed64a94c6f8421ea6103d1ef0f5bcbc26fd8fdc9,04fbd2c620902c6c0e2197ebe41e4a5ddebe5325,2,1,1,Normal,NULL,NULL,2,NULL,1
04fbd2c620902c6c0e2197ebe41e4a5ddebe5325,eb0cc1d45a0e7cca23ff5be6a9233d19a62c43ab,3,2,1,Normal,NULL,NULL,3,NULL,1
eb0cc1d45a0e7cca23ff5be6a9233d19a62c43ab,c14670468f35da63230ec669c47f8c56725d6610,10,10,0,Normal,NULL,NULL,5,NULL,1
c14670468f35da63230ec669c47f8c56725d6610,aa20646560c1c46d46883a8af0d0d07cea05ed45,21,13,8,Normal,NULL,NULL,21,NULL,1
101308a61a0f6b6d5d3f09734623ef9942e31fe1,e8c18639edf51c019e15431b80e97cfdeaeee6d3,7,4,3,Normal,NULL,NULL,7,NULL,1
01332b4fe14487ab43b2be507dc29241507a73cd,aa20646560c1c46d46883a8af0d0d07cea05ed45,10,10,0,#,NULL,NULL,5,NULL,1
aa20646560c1c46d46883a8af0d0d07cea05ed45,c669fb374dd4c60b00a4f95646c36805d70bceb9,4,3,1,Normal,NULL,NULL,0,NULL,0
c669fb374dd4c60b00a4f95646c36805d70bceb9,ae5ff3cf130cbe5570ae10d247737aed642aa8ef,2,1,1,Normal,NULL,NULL,2,NULL,1
ae5ff3cf130cbe5570ae10d247737aed642aa8ef,05577795c46578f998edd63ddb176d1cb43638e2,2,1,1,fix #,ISSUE,NULL,2,NULL,1
05577795c46578f998edd63ddb176d1cb43638e2,70dca931a0bf29616606228b7e48d1803a095591,4,3,1,#,NULL,NULL,4,NULL,1
15de2016b3dddbcad9458a225ee68294dd91b8c2,70dca931a0bf29616606228b7e48d1803a095591,4,3,1,Normal,NULL,NULL,4,NULL,1
e8c18639edf51c019e15431b80e97cfdeaeee6d3,70dca931a0bf29616606228b7e48d1803a095591,20,12,8,Normal,NULL,NULL,20,NULL,1
294eae3613df3d8cc195430efcfb06199e46d1bc,70dca931a0bf29616606228b7e48d1803a095591,2,1,1,Normal,NULL,NULL,2,NULL,1
70dca931a0bf29616606228b7e48d1803a095591,b8d7df6e96bc68c82c097b6c2bda98e58ff5f6fa,8,4,4,Normal,NULL,NULL,0,NULL,0
b8d7df6e96bc68c82c097b6c2bda98e58ff5f6fa,0d6300a4d15482b63afc7e9d7e5130b9f17bae16,4,3,1,fix #,ISSUE,NULL,4,NULL,1
0d6300a4d15482b63afc7e9d7e5130b9f17bae16,653570cc51db6c6fb533b0b066908993de07fb43,10,5,5,Normal,NULL,NULL,0,NULL,0
653570cc51db6c6fb533b0b066908993de07fb43,ef197524626f47334bd6481feb3031c02fb569a4,56,44,12,Document,ISSUE,NULL,2,NULL,1
97c1ff2b5f2196b86f6420944b84f5d940b407f2,945f455adf193086c7e47f0761074836043678c1,5,5,0,Normal,NULL,NULL,5,NULL,1
945f455adf193086c7e47f0761074836043678c1,ef197524626f47334bd6481feb3031c02fb569a4,5,5,0,Normal,NULL,NULL,0,NULL,0
ef197524626f47334bd6481feb3031c02fb569a4,efac0b80dc2bc58f39b76e1663857a8df01798f1,4,2,2,Normal,NULL,NULL,0,NULL,0
efac0b80dc2bc58f39b76e1663857a8df01798f1,dbe2bc3b33c1a90a661298dd1620f65fad079e20,2,1,1,fix #,ISSUE,NULL,0,NULL,0
dbe2bc3b33c1a90a661298dd1620f65fad079e20,7199ef027fa0e9d428d08b0a8a5047f96171122f,2,1,1,Normal,NULL,NULL,0,NULL,0
7199ef027fa0e9d428d08b0a8a5047f96171122f,836f20d2bf8a2dd566fbcee412f725fa027bd410,2,1,1,Normal,NULL,NULL,0,NULL,0
836f20d2bf8a2dd566fbcee412f725fa027bd410,52b8058f2af0521f4bb6995768591f0193f468e8,55,36,19,Document,NULL,NULL,53,NULL,3
52b8058f2af0521f4bb6995768591f0193f468e8,565e6384c712cc7cc6961754732d5de659a04ab7,17,17,0,Normal,NULL,NULL,0,NULL,0
0121c0adf38d328124e88660898451dece6b31de,8259e33a76fec65f82156851fecc5f42d171e2ca,45,31,14,fix #,ISSUE,NULL,45,NULL,1
93e853ace3f78752e93252bb514b006130bc0b93,cbdbbf6a46d654401895be569fac6858b5bcd225,11,4,7,fix,NULL,NULL,11,NULL,1
8259e33a76fec65f82156851fecc5f42d171e2ca,419a2a16f4befc6432217f4477582d6ee90b387f,2,1,1,Document,ISSUE,NULL,2,NULL,1
419a2a16f4befc6432217f4477582d6ee90b387f,e1362442a250ffe5d7b98ed46bb06855398cb234,6,3,3,fix #,ISSUE,NULL,6,NULL,1
e1362442a250ffe5d7b98ed46bb06855398cb234,565e6384c712cc7cc6961754732d5de659a04ab7,2,1,1,fix #,ISSUE,NULL,0,NULL,0
321eaab1fc81fc08f2fd4f44ee9d1a28138dc0ab,565e6384c712cc7cc6961754732d5de659a04ab7,2,1,1,Normal,NULL,NULL,0,NULL,0
cbdbbf6a46d654401895be569fac6858b5bcd225,565e6384c712cc7cc6961754732d5de659a04ab7,48,34,14,Normal,NULL,NULL,48,NULL,1
567c25671d8b6548827d67b6d44ab88f5eb93e55,565e6384c712cc7cc6961754732d5de659a04ab7,6,3,3,Normal,NULL,NULL,6,NULL,1
b80c0a1475691706e27c57b525367e81c7c88bf2,565e6384c712cc7cc6961754732d5de659a04ab7,2,1,1,Document,ISSUE,NULL,2,NULL,1
565e6384c712cc7cc6961754732d5de659a04ab7,2aba9275ca543ed9bb76b32a3524311b7a58291f,2,1,1,fix #,ISSUE,NULL,2,NULL,1
2aba9275ca543ed9bb76b32a3524311b7a58291f,c6dc23d376631a55b362166315927eb7788faf1c,25,5,20,fix #,ISSUE,NULL,0,NULL,0
c6dc23d376631a55b362166315927eb7788faf1c,d417801fb8014f6c65c20a79e7efeb3b416f0bff,2,1,1,Normal,NULL,NULL,0,NULL,0
d417801fb8014f6c65c20a79e7efeb3b416f0bff,b817db55abc0800d431b8e4ce66e8fd90d1cf53e,102,52,50,Normal,NULL,NULL,0,NULL,0
b817db55abc0800d431b8e4ce66e8fd90d1cf53e,6eabfdb49b5127adad2fba09e0f18c1ce1b65b63,6,3,3,Normal,ISSUE,NULL,4,NULL,1
6eabfdb49b5127adad2fba09e0f18c1ce1b65b63,a017995876f15d190b2e48fada60acc9dc92c6ff,5,3,2,#,NULL,NULL,5,NULL,1
e51d19e8a0a1439086814948322d18d762f1547c,a017995876f15d190b2e48fada60acc9dc92c6ff,5,3,2,Normal,NULL,NULL,5,NULL,1
a017995876f15d190b2e48fada60acc9dc92c6ff,74c04167153f41556971b570c0dfce3db6204def,8,4,4,Normal,NULL,NULL,8,NULL,1
74c04167153f41556971b570c0dfce3db6204def,f1e26238557c1a85b2f725d832ee848f485915be,9,7,2,Normal,NULL,NULL,0,NULL,0
f1e26238557c1a85b2f725d832ee848f485915be,d5db85e19bccc4855f8037c4313adf9f8412a6f1,2,1,1,Normal,NULL,NULL,0,NULL,0
d5db85e19bccc4855f8037c4313adf9f8412a6f1,1e16897f356d5f81c4b9aa6e7d247b563ecdb8cd,22,21,1,Normal,NULL,NULL,2,NULL,1
1e16897f356d5f81c4b9aa6e7d247b563ecdb8cd,9bc25c7040fe67910166814ad2af3d6551b6c1a4,1,1,0,Normal,NULL,NULL,0,NULL,0
9bc25c7040fe67910166814ad2af3d6551b6c1a4,e3d65acf2349acfe48ed975d3dd3e7bf2102f18b,2,0,2,Normal,NULL,NULL,0,NULL,0
e3d65acf2349acfe48ed975d3dd3e7bf2102f18b,ab14b28091877cad142f0e07febdcb8c21b92877,6,4,2,Normal,NULL,NULL,6,NULL,1
ab14b28091877cad142f0e07febdcb8c21b92877,1ba86c49457560d94bd8ba7da3ce06613d8e8c7e,29,18,11,Normal,NULL,NULL,29,REFACTOR,3
1ba86c49457560d94bd8ba7da3ce06613d8e8c7e,b2896b09b372e8fb9868991c6489f651b459e466,4,4,0,Comment,NULL,NULL,4,NULL,1
b2896b09b372e8fb9868991c6489f651b459e466,b58070222a33898fb5b91dfd27500c3410d4f124,11,6,5,#,NULL,NULL,11,NULL,1
b58070222a33898fb5b91dfd27500c3410d4f124,20d812045a4abc95c2784f34340b3ea16a4890a7,1,1,0,Normal,NULL,NULL,0,NULL,0
20d812045a4abc95c2784f34340b3ea16a4890a7,68919ff6125716cdfd0bb70e9fe3a98ed31f92d3,6,4,2,Normal,NULL,NULL,6,NULL,1
68919ff6125716cdfd0bb70e9fe3a98ed31f92d3,06cca8a564a57407d811811dac0e8db708e62859,21,3,18,Normal,NULL,NULL,0,NULL,0
06cca8a564a57407d811811dac0e8db708e62859,1f25df4b8667550dc8381378ab46e23843ec7cae,2,1,1,fix #,ISSUE,NULL,0,NULL,0
1f25df4b8667550dc8381378ab46e23843ec7cae,bda57fd318f089f3dad96f0e5110e37c01a2172e,10,7,3,Normal,NULL,NULL,0,NULL,0
bda57fd318f089f3dad96f0e5110e37c01a2172e,8331336da48a67ca8d67faddfe414d2a0ef52713,17,13,4,Normal,NULL,NULL,17,NULL,3
8331336da48a67ca8d67faddfe414d2a0ef52713,53f3a46dba67e7461d76ea350167db8c19c2ed5f,12,11,1,Normal,NULL,NULL,0,NULL,0
53f3a46dba67e7461d76ea350167db8c19c2ed5f,3f59837f948a56ea240d498ef2226e47272a0878,6,2,4,Normal,NULL,NULL,6,NULL,1
3f59837f948a56ea240d498ef2226e47272a0878,45d4e295fd154cc7c20474c6b22e7762aaf153cb,127,89,38,Normal,NULL,NULL,0,NULL,0
baa89a4ff34f4320e260ff27ea5a46734d138e62,45d4e295fd154cc7c20474c6b22e7762aaf153cb,12,11,1,#,NULL,NULL,0,NULL,0
45d4e295fd154cc7c20474c6b22e7762aaf153cb,2c79d19818eafce4568e6ff065df2d99c9a8be32,2,1,1,Normal,NULL,NULL,0,NULL,0
2c79d19818eafce4568e6ff065df2d99c9a8be32,8de44f1cf2fc404b08ee748beda36039ef071c96,2,1,1,Normal,NULL,NULL,2,NULL,1
8de44f1cf2fc404b08ee748beda36039ef071c96,077e4d9af3529b076dae96389f252ffd2446f4fb,0,0,0,Normal,NULL,NULL,0,NULL,1
077e4d9af3529b076dae96389f252ffd2446f4fb,f3ccfc393cf25d1928011f504d1802b00b4cc35b,2,1,1,Document,NULL,NULL,2,NULL,1
f3ccfc393cf25d1928011f504d1802b00b4cc35b,91062114e3ad036ecadb7e5d45e231e73af0f101,11,6,5,Normal,NULL,NULL,11,NULL,3
91062114e3ad036ecadb7e5d45e231e73af0f101,5bfed6cb3af04ffec49ae1a9cf617c75fdef5d1f,20,10,10,Normal,NULL,NULL,20,NULL,2
5bfed6cb3af04ffec49ae1a9cf617c75fdef5d1f,607bd146e92bee043899d4e3be73f9b7d71d2efc,9,8,1,Normal,NULL,NULL,9,NULL,1
607bd146e92bee043899d4e3be73f9b7d71d2efc,9f2293edbb31543651bb6e1d95f326eed090420a,3,3,0,Document,NULL,NULL,3,NULL,1
9f2293edbb31543651bb6e1d95f326eed090420a,a05e3383836a0408d52278d8d540cbb0325ad7c7,346,237,109,Format,ISSUE,NULL,81,NULL,6
a05e3383836a0408d52278d8d540cbb0325ad7c7,39799ac6158852ae75cf21826e131fc5388a9ab8,143,57,86,fix #,ISSUE,NULL,42,NULL,4
39799ac6158852ae75cf21826e131fc5388a9ab8,b102bcdc1250c9bd8f8de5a137a689e378f2cb8a,15,12,3,#,ISSUE,NULL,15,NULL,1
b102bcdc1250c9bd8f8de5a137a689e378f2cb8a,7cf8f3df5a17aa28fb5ea5770aeed6a0f82cf4a8,20,11,9,Normal,NULL,NULL,20,NULL,1
7cf8f3df5a17aa28fb5ea5770aeed6a0f82cf4a8,dcc2ee220abae7504c1f0b978df9eca1e16f94e5,2,1,1,fix #,ISSUE,NULL,0,NULL,0
dcc2ee220abae7504c1f0b978df9eca1e16f94e5,b1a827b0a0f14ab1e5a253db10df41baa8969b14,2,1,1,Normal,NULL,NULL,0,NULL,0
b1a827b0a0f14ab1e5a253db10df41baa8969b14,ad02621a21184600745fda3f296233e4a3c10991,18,18,0,Normal,NULL,NULL,18,NULL,1
ad02621a21184600745fda3f296233e4a3c10991,7561e7c31c86ea68f5910a1beb2ffa7a8610f828,27,25,2,fix #,ISSUE,NULL,27,NULL,1
7561e7c31c86ea68f5910a1beb2ffa7a8610f828,8291dd4ec6d62f2866b3d2cb047837a8ef0c7397,54,53,1,fix #,ISSUE,NULL,14,NULL,2
8291dd4ec6d62f2866b3d2cb047837a8ef0c7397,4d988889a970a0464037f8e1392609fe7ab69d49,15,9,6,fix #,ISSUE,NULL,15,NULL,1
4d988889a970a0464037f8e1392609fe7ab69d49,472b94d6d1e1963ee069a99a87b0649872a14a84,5,5,0,Normal,NULL,NULL,5,NULL,1
472b94d6d1e1963ee069a99a87b0649872a14a84,61e4a736d56dad38d31a70caeb7a5fac5daa0835,44,39,5,fix #,ISSUE,NULL,44,NULL,1
61e4a736d56dad38d31a70caeb7a5fac5daa0835,cd913be34c9b3d38c15b8310cee50aceb1b1945e,8,3,5,fix #,ISSUE,NULL,8,NULL,1
cd913be34c9b3d38c15b8310cee50aceb1b1945e,d897bef395c2b600025640014ca06b3ba2f11fff,10,9,1,fix #,ISSUE,NULL,10,NULL,1
d897bef395c2b600025640014ca06b3ba2f11fff,c0c32b192fee38e307bb70a57c3b653986d56e27,44,20,24,#,NULL,NULL,0,NULL,0
c0c32b192fee38e307bb70a57c3b653986d56e27,3cee9ae31a83a61b95253d7e46da5f5edc98fc49,8,4,4,Normal,NULL,NULL,0,NULL,0
3cee9ae31a83a61b95253d7e46da5f5edc98fc49,a6de8b6e0c6f489bdee039aa01e9a3b90470d4c5,3,1,2,Normal,NULL,NULL,0,NULL,0
a6de8b6e0c6f489bdee039aa01e9a3b90470d4c5,f55d8465f29a5d949c5e1b11e8df4ab345de4838,22,12,10,fix #,ISSUE,NULL,0,NULL,0
f55d8465f29a5d949c5e1b11e8df4ab345de4838,3fce265a90cc278e64e3fb4b912422b9584ded5b,1,1,0,fix #,ISSUE,NULL,0,NULL,0
3fce265a90cc278e64e3fb4b912422b9584ded5b,41a4fe9045f7f1df5cd3c981a41337304baf6195,15,12,3,fix #,ISSUE,NULL,15,NULL,1
41a4fe9045f7f1df5cd3c981a41337304baf6195,f2719365813336a6a9dc6f5148df4944c52eee35,1,0,1,Normal,NULL,NULL,0,NULL,0
f2719365813336a6a9dc6f5148df4944c52eee35,8de59965f3590371f5fe621367b6271bc248a586,2,1,1,Normal,NULL,NULL,0,NULL,0
8de59965f3590371f5fe621367b6271bc248a586,5de2c7bf18a7d3456f6ebb2fafb0381a72e6c742,4,3,1,#,ISSUE,NULL,0,NULL,0
5de2c7bf18a7d3456f6ebb2fafb0381a72e6c742,2565abe988fe5a7c6b04bc529ae107597b5aeead,4,2,2,Normal,NULL,NULL,0,NULL,0
2565abe988fe5a7c6b04bc529ae107597b5aeead,c13617cc84f1cc63eca3de815dedcc44a186469c,2,1,1,#,NULL,NULL,0,NULL,0
c13617cc84f1cc63eca3de815dedcc44a186469c,0bafcb74ea7126768cb861f89473f1f6402ff537,5,5,0,Document,NULL,NULL,5,NULL,1
0bafcb74ea7126768cb861f89473f1f6402ff537,c2f9592b62f4974bc2a60416f139f7ad3e6a18d6,2,1,1,Normal,NULL,NULL,2,NULL,1
c2f9592b62f4974bc2a60416f139f7ad3e6a18d6,091b8cdde81ccac8ca1f91e96069d5bef1375ed3,2,1,1,Document,NULL,NULL,2,NULL,1
091b8cdde81ccac8ca1f91e96069d5bef1375ed3,6441e39d56ff8aaebe95841f021df725bc4d6d3c,132,106,26,Normal,NULL,NULL,65,NULL,4
6cd7660e2f3a8bc1ca792527245ab51776220250,ec9e7d2cec175d6a4b95ffcf595f8a43ff808c46,65,39,26,Normal,NULL,NULL,0,NULL,0
64ed0244bb3258ab4de6ee620478a992b78e5028,6441e39d56ff8aaebe95841f021df725bc4d6d3c,2,1,1,fix #,ISSUE,NULL,0,NULL,0
6441e39d56ff8aaebe95841f021df725bc4d6d3c,65dcba5b7d5fbfcd2045281e4941fd48136c8ae3,28,16,12,Document,ISSUE,BUG,7,NULL,1
490190b2db77bacecdadcf0d0a7624ea46253ef9,65dcba5b7d5fbfcd2045281e4941fd48136c8ae3,28,16,12,Document,NULL,NULL,7,NULL,1
ec9e7d2cec175d6a4b95ffcf595f8a43ff808c46,789dfb67cace93933b7e5aa095ff5ebc362a2901,2,0,2,fix,NULL,NULL,2,NULL,1
789dfb67cace93933b7e5aa095ff5ebc362a2901,757581a8a6d8a9f5dce67b9ec3c1d54c7f02c138,5,5,0,Normal,NULL,NULL,5,NULL,1
757581a8a6d8a9f5dce67b9ec3c1d54c7f02c138,2fa8fc737474c7312bd4de6af478c252e7c6bc96,2,1,1,Normal,NULL,NULL,2,NULL,1
2fa8fc737474c7312bd4de6af478c252e7c6bc96,25f90338cf31990cb9dae9ada9c5027fc7e91c5a,9,9,0,Normal,NULL,NULL,9,NULL,3
25f90338cf31990cb9dae9ada9c5027fc7e91c5a,65dcba5b7d5fbfcd2045281e4941fd48136c8ae3,55,55,0,Normal,NULL,NULL,53,NULL,2
65dcba5b7d5fbfcd2045281e4941fd48136c8ae3,2b44a74b6dc91129bfcc85a656256060f94b220d,9,6,3,#,NULL,NULL,9,NULL,1
2b44a74b6dc91129bfcc85a656256060f94b220d,6187f5ac0953818f496103d509e22af579516277,98,78,20,fix #,ISSUE,NULL,69,NULL,3
6187f5ac0953818f496103d509e22af579516277,15be97538208b8b5f7442f420854d4cd03c660b4,40,33,7,Normal,NULL,NULL,40,NULL,1
15be97538208b8b5f7442f420854d4cd03c660b4,2704d4eb985f100b0740fe8fb6da778d45783b06,2,1,1,Normal,NULL,NULL,0,NULL,0
2704d4eb985f100b0740fe8fb6da778d45783b06,8741e20f72ec0a8eefc9cc828edd6c1e99c3bb96,2,1,1,Normal,NULL,NULL,0,NULL,0
8741e20f72ec0a8eefc9cc828edd6c1e99c3bb96,c343ee335ac6985898d30fe5001d10af936bb9ce,0,0,0,Normal,NULL,NULL,0,NULL,1
c343ee335ac6985898d30fe5001d10af936bb9ce,5a2d68bad00f5706c9da2e9202ab08fd805db43d,2,1,1,Normal,NULL,NULL,0,NULL,0
dfc35e3924ff2f2ee9fcf9665287f3c44ebb6b33,5a2d68bad00f5706c9da2e9202ab08fd805db43d,12,11,1,Normal,NULL,NULL,0,NULL,0
5a2d68bad00f5706c9da2e9202ab08fd805db43d,b6a0ee55134aa0063ec9278fde86466127ac9440,48,30,18,Normal,NULL,NULL,48,REFACTOR,8
b6a0ee55134aa0063ec9278fde86466127ac9440,7931315178286b05f8ff5394b225c55d0d4f4519,22,13,9,Normal,NULL,NULL,22,NULL,1
7931315178286b05f8ff5394b225c55d0d4f4519,0c2c077353ec27cb499d68358ee41ba2ef52d637,54,42,12,fix #,ISSUE,NULL,54,NULL,1
6167fe370fabea2e80e9e947337d7b99b7f5201a,0c2c077353ec27cb499d68358ee41ba2ef52d637,22,13,9,fix #,ISSUE,NULL,22,NULL,1
2bf5136b6352c8ba5c448ace536ebc12ddc83a5d,aa565a9ea635c63bd83cedf48b4f23449ccb05d9,22,13,9,Normal,ISSUE,NULL,22,NULL,1
0c2c077353ec27cb499d68358ee41ba2ef52d637,c785d67f6287e9c52b29561f5cdd83c023926ef4,28,20,8,Normal,NULL,NULL,28,NULL,1
c785d67f6287e9c52b29561f5cdd83c023926ef4,32be3b11c56f69eff2ea6d889f8e1e4d23fe9b51,92,46,46,Normal,NULL,NULL,88,NULL,6
32be3b11c56f69eff2ea6d889f8e1e4d23fe9b51,a402dbc2e003d120f5c98a4cf8dc888c3663a503,26,7,19,Normal,NULL,NULL,26,REFACTOR,1
a402dbc2e003d120f5c98a4cf8dc888c3663a503,aa565a9ea635c63bd83cedf48b4f23449ccb05d9,41,29,12,fix,NULL,NULL,41,NULL,1
aa565a9ea635c63bd83cedf48b4f23449ccb05d9,00aead10559445c931bd55c0c303b922e2d6a480,7,4,3,Normal,NULL,NULL,7,NULL,1
00aead10559445c931bd55c0c303b922e2d6a480,d7d7c4dd194e69e0909c73cbc7fb67d3045ecfa7,265,228,37,Normal,NULL,NULL,263,NULL,1
10d7ebb80f7491eda11cd6b154bb30fab87ec437,2a85daaafd9d44ee61ae44d37b11f7e9a0e4750e,4,3,1,Normal,NULL,NULL,0,NULL,0
2a85daaafd9d44ee61ae44d37b11f7e9a0e4750e,faca00c1071ef3d28258b89dc4af282a74328f64,46,19,27,Normal,NULL,NULL,46,NULL,1
d7d7c4dd194e69e0909c73cbc7fb67d3045ecfa7,8854187d6c4b1e7783d87d9d850e0df64a2bd6f8,39,39,0,Normal,NULL,NULL,35,NULL,2
c40aa9ebafa7b890375e517d955bff3dc9952f2d,8854187d6c4b1e7783d87d9d850e0df64a2bd6f8,39,39,0,Normal,NULL,NULL,35,NULL,2
8854187d6c4b1e7783d87d9d850e0df64a2bd6f8,7c968978e08dd81103ef431b88f01138a2b2095a,47,26,21,Normal,NULL,NULL,47,NULL,1
7c968978e08dd81103ef431b88f01138a2b2095a,66786b0abc6be387872e40353af6fad38eaa9f3a,5,4,1,Normal,NULL,NULL,0,NULL,0
66786b0abc6be387872e40353af6fad38eaa9f3a,7a648da7490c26c3cf623989d1000dc3d70579c2,14,4,10,Normal,NULL,NULL,14,NULL,1
7a648da7490c26c3cf623989d1000dc3d70579c2,ccc23f5f86cd4123529b2a115f8ca1c8f5f9d1ce,2,1,1,Normal,NULL,NULL,0,NULL,0
ccc23f5f86cd4123529b2a115f8ca1c8f5f9d1ce,4c64fea07c6d37c03fb32270686ceb1b5bfecfec,6,3,3,Normal,NULL,NULL,6,NULL,1
6831be5daa975e523738dde172e36760da9103cc,4c64fea07c6d37c03fb32270686ceb1b5bfecfec,2,1,1,fix #,ISSUE,BUG,0,NULL,0
4c64fea07c6d37c03fb32270686ceb1b5bfecfec,f1f420249754229237cb96fd086523cd8e1c2c88,8,5,3,fix,NULL,NULL,4,NULL,1
fea0b6d2113c009d3ea4dcdeaca38555892c7e30,4399738ddd6b43c67cdc4d67cea6894f55885f77,4,3,1,Normal,NULL,NULL,0,NULL,0
4399738ddd6b43c67cdc4d67cea6894f55885f77,f7edef89174442b676e65b315e7c3e3cd5cab622,6,3,3,Normal,NULL,NULL,6,NULL,1
f7edef89174442b676e65b315e7c3e3cd5cab622,f1f420249754229237cb96fd086523cd8e1c2c88,2,1,1,Normal,NULL,NULL,2,NULL,1
a852ed6830b9635bd176fe2f8c80b4aa86f0d48a,637d98a7f5bc9c97dc603c206bff176b440ca33e,26,24,2,fix #,ISSUE,NULL,26,NULL,1
637d98a7f5bc9c97dc603c206bff176b440ca33e,f1f420249754229237cb96fd086523cd8e1c2c88,22,15,7,Normal,NULL,NULL,22,REFACTOR,1
f1f420249754229237cb96fd086523cd8e1c2c88,e5b410493934c1f790e31699a5290c816507a2ff,33,14,19,Normal,NULL,NULL,33,NULL,1
e5b410493934c1f790e31699a5290c816507a2ff,babd46dd8319b87d9980029ecb9b6951d45a2a3a,41,32,9,fix #,ISSUE,NULL,41,NULL,1
faca00c1071ef3d28258b89dc4af282a74328f64,babd46dd8319b87d9980029ecb9b6951d45a2a3a,271,234,37,Normal,NULL,NULL,271,NULL,1
ff8597c2400702a01fff6c1611ae3d0e6ee428c2,ee5751e8a18743d00c296ef6752e2d57d1bcc230,137,78,59,Normal,NULL,NULL,69,NULL,5
ee5751e8a18743d00c296ef6752e2d57d1bcc230,6eaf0684bffacac700b614f290c79828cda996c5,2,1,1,Normal,NULL,NULL,0,NULL,0
babd46dd8319b87d9980029ecb9b6951d45a2a3a,0adf30275a38d359245eb4848384a5e5c24fb8cc,27,13,14,Normal,NULL,NULL,27,REFACTOR,1
0adf30275a38d359245eb4848384a5e5c24fb8cc,23175a1e086a708e6febfa03d1fcbd2fbed31e1c,16,8,8,fix #,ISSUE,NULL,16,NULL,1
23175a1e086a708e6febfa03d1fcbd2fbed31e1c,f9a31ac3752344123dac0772b313cbd56c9fc40c,78,49,29,fix #,ISSUE,NULL,10,NULL,3
f9a31ac3752344123dac0772b313cbd56c9fc40c,6eaf0684bffacac700b614f290c79828cda996c5,16,8,8,fix #,ISSUE,NULL,16,NULL,1
6eaf0684bffacac700b614f290c79828cda996c5,92496fa2c16f23b026f9ca32df33b075c0f8549e,6,3,3,fix #,ISSUE,NULL,0,NULL,0
92496fa2c16f23b026f9ca32df33b075c0f8549e,ec181dc6043133892b68b249ffd0d26070fd94ea,2,2,0,fix #,ISSUE,NULL,2,NULL,1
ec181dc6043133892b68b249ffd0d26070fd94ea,d5442df699e30419faeaa559de14414d5c17b797,18,13,5,Normal,NULL,NULL,18,REFACTOR,1
d5442df699e30419faeaa559de14414d5c17b797,7c63d2f4d56c15cf301e0d9ae68063f9772cf56f,2,1,1,Normal,NULL,NULL,0,NULL,0
7c63d2f4d56c15cf301e0d9ae68063f9772cf56f,eab27687e90dcbe0e7cb3aef6e3895b32e642713,108,94,14,fix #,ISSUE,NULL,70,NULL,6
3ef02ecd2bc4a07574f674c54aace3362915f907,df0741d276da3138e55f06d0085ef25cbe40a150,36,25,11,Normal,NULL,NULL,4,NULL,3
df0741d276da3138e55f06d0085ef25cbe40a150,eab27687e90dcbe0e7cb3aef6e3895b32e642713,74,70,4,Normal,NULL,NULL,68,NULL,4
eab27687e90dcbe0e7cb3aef6e3895b32e642713,9dd59178c09aeda9a55e22f48480ab1c972d57f0,13,13,0,Normal,NULL,NULL,13,NULL,1
9dd59178c09aeda9a55e22f48480ab1c972d57f0,f6afd3ab5cdefcb0707f09a5e6918186367a35a6,7,1,6,Normal,NULL,NULL,7,NULL,1
f6afd3ab5cdefcb0707f09a5e6918186367a35a6,42c75a3f22c8ea371303125a3ebf041b4d39ce17,25,13,12,Normal,NULL,NULL,25,NULL,1
42c75a3f22c8ea371303125a3ebf041b4d39ce17,731ddd669f7ec3aa40c5298fa269dc00b67c39c5,46,40,6,fix #,ISSUE,NULL,46,NULL,1
731ddd669f7ec3aa40c5298fa269dc00b67c39c5,cd37c31fbcf65cc2b891723d1035aefd251678ec,142,102,40,Normal,NULL,NULL,33,NULL,5
fd5445f60677247990fe21257fa5d5a937258a19,96002b4f6783bae1f54c213ea05eed974092f47d,5,4,1,Normal,NULL,NULL,0,NULL,0
96002b4f6783bae1f54c213ea05eed974092f47d,d876c357c38e799f18e77f31d4a8d88549a0091e,56,21,35,Normal,NULL,NULL,28,NULL,4
d876c357c38e799f18e77f31d4a8d88549a0091e,fea464c36c4c8d1a8c1804a5e28c0f110e0f52a0,9,5,4,Normal,NULL,NULL,9,NULL,1
fea464c36c4c8d1a8c1804a5e28c0f110e0f52a0,1739bfe2370a0325ac9e86f4ef90595879cc6015,8,4,4,Normal,NULL,NULL,8,NULL,1
1739bfe2370a0325ac9e86f4ef90595879cc6015,6c6e68fd94ba77b9a693f84e000029d76ada7f32,25,20,5,Normal,NULL,NULL,18,NULL,2
96dfa3e475b7b88ab3f85b92d8bb4073083ea876,6c6e68fd94ba77b9a693f84e000029d76ada7f32,8,4,4,Normal,NULL,NULL,8,NULL,1
6c6e68fd94ba77b9a693f84e000029d76ada7f32,254dcd2f2b36d526249d0bdcb3aea0cff35d7055,125,91,34,Normal,NULL,NULL,36,NULL,5
cd37c31fbcf65cc2b891723d1035aefd251678ec,254dcd2f2b36d526249d0bdcb3aea0cff35d7055,8,4,4,Normal,NULL,NULL,8,NULL,1
254dcd2f2b36d526249d0bdcb3aea0cff35d7055,2d67c4336497cf0e794e453d823296917dc7fbba,11,8,3,fix #,ISSUE,NULL,11,NULL,1
2d67c4336497cf0e794e453d823296917dc7fbba,91392b553b798217898c8e760e8c9d00a7588173,1,1,0,fix #,ISSUE,NULL,1,NULL,1
91392b553b798217898c8e760e8c9d00a7588173,639c49478c238018cbe206674da6f49c1e4bed20,2,1,1,Normal,NULL,NULL,0,NULL,0
639c49478c238018cbe206674da6f49c1e4bed20,c0b5c0633640d25ea0f4984fd1f879b6ff0f0f2e,8,8,0,Normal,NULL,NULL,8,NULL,1
c0b5c0633640d25ea0f4984fd1f879b6ff0f0f2e,7ccf1c37198204f1b3c2be7598c6ec5889b094b5,228,169,59,fix #,ISSUE,NULL,222,NULL,3
7ccf1c37198204f1b3c2be7598c6ec5889b094b5,f5b1e13395b388aaef647aece32361ccf782a69f,22,10,12,Normal,NULL,NULL,22,NULL,1
f5b1e13395b388aaef647aece32361ccf782a69f,2b2ca9c31cf8df71d555e462c10dd09c6deb45c2,8,5,3,fix #,ISSUE,NULL,0,NULL,0
2b2ca9c31cf8df71d555e462c10dd09c6deb45c2,c85339e7ec01c2094429175a4c9d0f9389d25438,2,1,1,Document,NULL,NULL,2,NULL,1
c85339e7ec01c2094429175a4c9d0f9389d25438,906cd7f363a14df9872d2c97bb0e18d2925dfc9b,18,9,9,Document,ISSUE,NULL,18,NULL,1
906cd7f363a14df9872d2c97bb0e18d2925dfc9b,3e050e84e9b183a2e72e5aaf1b30346967d35a3a,3,1,2,#,NULL,NULL,1,NULL,1
3e050e84e9b183a2e72e5aaf1b30346967d35a3a,4fad5234855bfc8a899f70fbe4ae21faf8401e6f,2,1,1,Normal,NULL,NULL,2,NULL,1
4fad5234855bfc8a899f70fbe4ae21faf8401e6f,93865ab92a529d657a6898db29bc5b3f5e30402a,53,48,5,fix,ISSUE,BUG,49,NULL,2
93865ab92a529d657a6898db29bc5b3f5e30402a,e093ef985e9b5f466f050276cb0de46085365c8d,480,427,53,#,NULL,NULL,440,NULL,7
e093ef985e9b5f466f050276cb0de46085365c8d,f25b6c791661ed906812aa2d099212677c3d3155,18,14,4,Document,NULL,NULL,18,NULL,1
f25b6c791661ed906812aa2d099212677c3d3155,f51ebad27c5a3d7a97c743bc8b31cd5d0a5344cd,6,3,3,Document,NULL,NULL,6,NULL,1
16946b986b1f1e1913d4a5744550b53dbb2cd01e,f51ebad27c5a3d7a97c743bc8b31cd5d0a5344cd,2,2,0,Document,NULL,NULL,2,NULL,1
726a390b0a4b7d186e633a43eddadaf1aefbd708,647253bc96b5d516499a8241206ca6ac291c4364,17,9,8,Normal,NULL,NULL,17,REFACTOR,1
647253bc96b5d516499a8241206ca6ac291c4364,e093ef985e9b5f466f050276cb0de46085365c8d,479,426,53,Normal,NULL,NULL,439,NULL,7
f51ebad27c5a3d7a97c743bc8b31cd5d0a5344cd,81b42ccc04dd9812007b1bbefe238b49e972ca2e,12,6,6,Normal,NULL,NULL,0,NULL,0
81b42ccc04dd9812007b1bbefe238b49e972ca2e,af4459b6f13035ac3dab277b85750bda2d42086a,56,21,35,Normal,NULL,NULL,0,NULL,0
af4459b6f13035ac3dab277b85750bda2d42086a,2c94354333e3bd41683783a74689fe581901934a,15,6,9,Normal,NULL,NULL,0,NULL,0
2c94354333e3bd41683783a74689fe581901934a,3c4a9979f00bcd308fd3721113f84fbf230b7186,4,0,4,fix #,ISSUE,NULL,4,NULL,1
3c4a9979f00bcd308fd3721113f84fbf230b7186,82c580661e32fb05dafaadccb40cca9e3594e9a6,1,1,0,Normal,NULL,NULL,0,NULL,0
82c580661e32fb05dafaadccb40cca9e3594e9a6,98bf7c359c34feae0321c1bae8f51ae398a1339a,17,13,4,Normal,NULL,NULL,17,NULL,1
98bf7c359c34feae0321c1bae8f51ae398a1339a,884561d126156cedeb1971f08fc57b16ad43fd74,23,22,1,#,ISSUE,NULL,23,NULL,1
884561d126156cedeb1971f08fc57b16ad43fd74,189298619b955aaf035b48106960d66e72a28ea1,2,1,1,Normal,NULL,NULL,0,NULL,0
189298619b955aaf035b48106960d66e72a28ea1,ee548df4cd5b48e0e56754f5a65fc59a88242458,4,4,0,Normal,NULL,NULL,4,NULL,1
ee548df4cd5b48e0e56754f5a65fc59a88242458,0c289a747f33e50951f326ca451a1b5d253f647e,34,32,2,Normal,NULL,NULL,0,NULL,0
0c289a747f33e50951f326ca451a1b5d253f647e,4810af3ee892a2c77c0b5edec73d0d92cc26e596,121,86,35,fix #,ISSUE,NULL,12,NULL,4
4810af3ee892a2c77c0b5edec73d0d92cc26e596,bac8567adc8e4f71e2384f94df5074d9c01d83f9,99,61,38,Normal,NULL,NULL,0,NULL,0
bac8567adc8e4f71e2384f94df5074d9c01d83f9,b66a87035ac039f806c9c43ff1b8c015fb070ef2,8,4,4,Normal,NULL,NULL,0,NULL,0
b66a87035ac039f806c9c43ff1b8c015fb070ef2,93e9b5d9bcf2892880fdda353c4fdcf568374c3f,4,3,1,Document,NULL,NULL,4,NULL,1
93e9b5d9bcf2892880fdda353c4fdcf568374c3f,921df76badc2f7a70d653709a47363535a70abbf,21,13,8,fix #,ISSUE,NULL,21,NULL,1
921df76badc2f7a70d653709a47363535a70abbf,b8755f85df01b64809d7b78ae07efbe080e40e99,31,4,27,Normal,NULL,NULL,31,NULL,1
b8755f85df01b64809d7b78ae07efbe080e40e99,5ef55de5cbef0a0f9276daca2f1e8e942d3a2a9e,14,13,1,Normal,NULL,NULL,0,NULL,0
5ef55de5cbef0a0f9276daca2f1e8e942d3a2a9e,887ad13f22d51bf872cc0d3f3a5c47f9d0960243,4,2,2,Normal,NULL,NULL,0,NULL,0
887ad13f22d51bf872cc0d3f3a5c47f9d0960243,7d5f7134d230ac3694799b493ee359831ae0a379,8,7,1,Normal,NULL,NULL,0,NULL,0
7d5f7134d230ac3694799b493ee359831ae0a379,2324967f270c0682ff63b124589aaf547171ba84,2,2,0,Normal,NULL,NULL,0,NULL,0
2324967f270c0682ff63b124589aaf547171ba84,2edbb14371a09e8992d73c87c83a4e97a7a20d8c,7,5,2,Normal,NULL,NULL,0,NULL,0
2edbb14371a09e8992d73c87c83a4e97a7a20d8c,470d25afe4166e62b308166f86606b818e2859ce,630,628,2,Normal,NULL,NULL,256,NULL,9
ee9aeda4db3e413d196b29cbb20fea1a0a59179f,3770ab8c6c28190a48f3198cfb610f87feaa79e9,10,5,5,Normal,NULL,NULL,0,NULL,0
3770ab8c6c28190a48f3198cfb610f87feaa79e9,5a7ede5a858e4b09920787ace455e0366d29f7eb,263,213,50,Normal,NULL,NULL,182,NULL,4
5a7ede5a858e4b09920787ace455e0366d29f7eb,834aa299f5236dfaeda786f1a3bb458f84dc8eaf,2,1,1,Normal,NULL,NULL,0,NULL,0
470d25afe4166e62b308166f86606b818e2859ce,897cf25a1bb761823f94e0dfa807c6bc8e4e74b4,2,1,1,#,NULL,NULL,0,NULL,0
897cf25a1bb761823f94e0dfa807c6bc8e4e74b4,622ce30a0845e72df4d71bba2468c13ff300f394,36,35,1,fix #,ISSUE,NULL,0,NULL,0
945828d021ef7334cad2323cc2a66181bc854f03,1f462183e09b464e65406c820b386d4b8db634ef,62,35,27,Normal,NULL,NULL,5,NULL,1
1f462183e09b464e65406c820b386d4b8db634ef,622ce30a0845e72df4d71bba2468c13ff300f394,107,79,28,Normal,NULL,NULL,34,NULL,6
834aa299f5236dfaeda786f1a3bb458f84dc8eaf,dd967a4e8f0e498def96843e73a0a353c1c704b5,50,37,13,Normal,NULL,NULL,50,NULL,1
dd967a4e8f0e498def96843e73a0a353c1c704b5,c2ac5aeb7266a50e570d6bdd604e0ae3c67f9014,9,6,3,Normal,NULL,NULL,3,NULL,1
c2ac5aeb7266a50e570d6bdd604e0ae3c67f9014,6681c9eb37f24b214f31340321d1a582df83ba2f,203,202,1,Normal,NULL,NULL,14,NULL,1
6681c9eb37f24b214f31340321d1a582df83ba2f,7c6af34dc213c0fe440dd9b9aea44af611b246c9,2,1,1,Normal,NULL,NULL,0,NULL,0
7c6af34dc213c0fe440dd9b9aea44af611b246c9,225a10055850f70e091d7cfa86e8c590d3be6dc3,2,1,1,Normal,NULL,NULL,2,NULL,1
225a10055850f70e091d7cfa86e8c590d3be6dc3,d05306d2f2d35e5f39a2937db8c694229d9e3886,64,61,3,Normal,NULL,NULL,58,NULL,3
d05306d2f2d35e5f39a2937db8c694229d9e3886,0b81296656a95ea5ed946eef9e6a60fd7dc1ef2e,4,3,1,Normal,NULL,NULL,0,NULL,0
0b81296656a95ea5ed946eef9e6a60fd7dc1ef2e,4edfe1439a73bbf2f9cbfabab091cbed75ee9e5a,46,39,7,#,NULL,NULL,46,NULL,4
4edfe1439a73bbf2f9cbfabab091cbed75ee9e5a,9a66274d2d3c0763a9dee48ed8be9eeedc37729c,12,6,6,Normal,NULL,NULL,0,NULL,0
9a66274d2d3c0763a9dee48ed8be9eeedc37729c,3c72894769546c031ac229853a0e66fc4751e651,28,15,13,Normal,NULL,NULL,0,NULL,0
3c72894769546c031ac229853a0e66fc4751e651,622ce30a0845e72df4d71bba2468c13ff300f394,141,141,0,Normal,NULL,NULL,23,NULL,1
622ce30a0845e72df4d71bba2468c13ff300f394,6c69fffbe0db6303391880e5274ef2b5761ff82c,1,1,0,Normal,NULL,NULL,0,NULL,0
6c69fffbe0db6303391880e5274ef2b5761ff82c,ca187cdf8959b771073910e27b267b1011079ece,127,66,61,Normal,NULL,NULL,0,NULL,0
ca187cdf8959b771073910e27b267b1011079ece,c11f2f07d5f7f086726aa8371f59cbc74c1231d1,92,91,1,Normal,NULL,NULL,0,NULL,0
c11f2f07d5f7f086726aa8371f59cbc74c1231d1,3eea1eb54d8b74fb58abb49b20efe01137eba133,4,2,2,Normal,NULL,NULL,0,NULL,0
3eea1eb54d8b74fb58abb49b20efe01137eba133,f20e124086f126cc9ec496a6e544c1037897170d,4,2,2,Normal,NULL,NULL,4,NULL,1
f20e124086f126cc9ec496a6e544c1037897170d,754e5abf14635c43aa4503f21f9dfc65c84fbd25,2,2,0,Document,NULL,NULL,2,NULL,1
754e5abf14635c43aa4503f21f9dfc65c84fbd25,819ad4f75d11026bfe1695929a4a7d94a7b708d7,14,6,8,#,ISSUE,NULL,14,NULL,1
819ad4f75d11026bfe1695929a4a7d94a7b708d7,59a082b8e7e663ad78d1ce5f3c4bc2ee04231292,2,1,1,Document,NULL,NULL,2,NULL,1
59a082b8e7e663ad78d1ce5f3c4bc2ee04231292,ea76103ded74cb600d95d14e233649fbe3267a24,8,8,0,Document,NULL,NULL,8,NULL,1
ea76103ded74cb600d95d14e233649fbe3267a24,0ffb23998842b1873afacb63b94fd18066882117,124,46,78,Normal,NULL,NULL,100,NULL,4
bce8c928415e50511d3c693f106d8b25f7124514,7fc20f594c2aa7e87a998526bdafaf2684e47d35,25,4,21,fix #,ISSUE,NULL,19,NULL,3
7fc20f594c2aa7e87a998526bdafaf2684e47d35,55c47ba8c2058562e7d039f24bcb4ff88f304432,2,1,1,Normal,NULL,NULL,2,NULL,1
55c47ba8c2058562e7d039f24bcb4ff88f304432,0ffb23998842b1873afacb63b94fd18066882117,97,41,56,fix #,ISSUE,NULL,79,NULL,3
0ffb23998842b1873afacb63b94fd18066882117,5f0fc531a22deb7379b32534e537179ab04c01b7,5,3,2,Normal,NULL,NULL,5,NULL,1
5f0fc531a22deb7379b32534e537179ab04c01b7,30a5a1691c897ca12b8e452b7c92c580e265fa2c,12,12,0,Normal,NULL,NULL,0,NULL,0
30a5a1691c897ca12b8e452b7c92c580e265fa2c,f33604107dc5d1529d113d48147c0abd92cb862a,7,7,0,fix,NULL,NULL,7,NULL,1
f33604107dc5d1529d113d48147c0abd92cb862a,967056a4caed0e4a127efdc958cd236fa945d4eb,0,0,0,#,NULL,NULL,0,NULL,0
967056a4caed0e4a127efdc958cd236fa945d4eb,06ce7f9be2fbe60d0b1c90a637c640d5439b129c,21,20,1,fix #,ISSUE,NULL,21,NULL,1
06ce7f9be2fbe60d0b1c90a637c640d5439b129c,235f895bc7c1a0ae38323ad9f848398cc7a58604,56,28,28,Normal,NULL,NULL,0,NULL,0
235f895bc7c1a0ae38323ad9f848398cc7a58604,091b2de6df422a01baf2f7e4ed85abaf029b07dd,55,20,35,Normal,NULL,NULL,0,NULL,0
091b2de6df422a01baf2f7e4ed85abaf029b07dd,728e1d903482fd4b5902d75ad50a76da0675353e,2,1,1,Normal,NULL,NULL,0,NULL,0
728e1d903482fd4b5902d75ad50a76da0675353e,9293cc6bd8233f411ae9a36e3a7046897ab1fae1,8,4,4,Normal,NULL,NULL,0,NULL,0
9293cc6bd8233f411ae9a36e3a7046897ab1fae1,1ae6782cee4a63ff73b12542d1a37bd4e9be1b9f,2,1,1,fix,ISSUE,BUG,0,NULL,0
1ae6782cee4a63ff73b12542d1a37bd4e9be1b9f,f6cfe98b71bcf5103d6b75a802c84e22e834048d,6,3,3,fix #,ISSUE,NULL,6,NULL,1
8b146c9e5da5469434e6669d169ba7be9afcea38,eb4f6ce5fe901fad8458cb40d09f7008ac97013f,0,0,0,Normal,NULL,NULL,0,NULL,0
eb4f6ce5fe901fad8458cb40d09f7008ac97013f,2b04d251cf849e7ff75550dc9d85abbc6a4bb3af,0,0,0,Normal,NULL,NULL,0,NULL,0
2b04d251cf849e7ff75550dc9d85abbc6a4bb3af,340aeb305712a00dfc1167e69a128b992ef2460b,6757,3974,2783,Document,NULL,NULL,3965,NULL,63
f6cfe98b71bcf5103d6b75a802c84e22e834048d,78c886f1f5b0792e926813071ad90855321bfbd8,12,4,8,#,ISSUE,NULL,12,NULL,1
78c886f1f5b0792e926813071ad90855321bfbd8,03754a3f744ad39938e90ada19470d7b8c0e357f,3,2,1,#,ISSUE,NULL,3,NULL,1
03754a3f744ad39938e90ada19470d7b8c0e357f,737d98c2ca33e5162f0ddbe27e3de1ce0fd682fb,3,2,1,fix #,ISSUE,NULL,3,NULL,1
737d98c2ca33e5162f0ddbe27e3de1ce0fd682fb,aee8b6f767f5780e441ad4373b2782775ea68750,11,4,7,Normal,NULL,NULL,0,NULL,0
aee8b6f767f5780e441ad4373b2782775ea68750,47abbaaff6a5fbace1e1d13b6d895b503bb592cd,12,6,6,Normal,NULL,NULL,0,NULL,0
47abbaaff6a5fbace1e1d13b6d895b503bb592cd,93f62d01e5f5f48a0b9febc91ce658a20ff0a82e,74,44,30,fix #,ISSUE,NULL,0,NULL,0
76b48c1994d743db1c2ac872eea4f8553d32e07a,d7c259aff25f71b06d5c65d3e56b739cac640799,271,157,114,Normal,NULL,NULL,34,NULL,6
93f62d01e5f5f48a0b9febc91ce658a20ff0a82e,ad3bfc1ae63d7bd5129d44cc676af8548ebb1de3,14,7,7,Normal,NULL,NULL,14,NULL,1
ad3bfc1ae63d7bd5129d44cc676af8548ebb1de3,6c3ef6ff2a0c632fcdc0bbb007120cd045e4aa91,3,2,1,Normal,NULL,NULL,1,NULL,1
6c3ef6ff2a0c632fcdc0bbb007120cd045e4aa91,d7c259aff25f71b06d5c65d3e56b739cac640799,14,5,9,Normal,NULL,NULL,0,NULL,0
d7c259aff25f71b06d5c65d3e56b739cac640799,7d16d5c702e34ec82e82452ab046df7a533becb9,1,0,1,Normal,NULL,NULL,0,NULL,0
7d16d5c702e34ec82e82452ab046df7a533becb9,9f7363624129f347496b686f660b1fc1103829e2,229,118,111,fix,NULL,NULL,16,NULL,3
c9660a514c3675da1e01ab314676ad5a25ad8c1c,9f7363624129f347496b686f660b1fc1103829e2,229,118,111,fix #,ISSUE,NULL,16,NULL,3
874f9f7d47f00180bd86dcbe2884f3eb23a6f253,9f7363624129f347496b686f660b1fc1103829e2,7,7,0,Normal,NULL,NULL,7,NULL,1
9f7363624129f347496b686f660b1fc1103829e2,c1530405430b4de8bbfa85c2d034696d66881ec4,2,1,1,Normal,NULL,NULL,2,NULL,1
c1530405430b4de8bbfa85c2d034696d66881ec4,c0be781eda13a696c2ea8986092474c1c3d9ef9e,277,237,40,fix #,ISSUE,NULL,164,NULL,5
c0be781eda13a696c2ea8986092474c1c3d9ef9e,e3ffb1e4c6174f7d3fe540a0975009e835710307,4,2,2,Normal,NULL,NULL,0,NULL,0
e3ffb1e4c6174f7d3fe540a0975009e835710307,0893cfdfc6aacde0f19fce3c51f18315fddb58a5,44,27,17,fix,NULL,NULL,44,NULL,3
69862df55fa28d8be92b720b5088251d96d2195b,cdd1be0f8a264264495fce7291a7dfca89fbf019,9,6,3,Normal,NULL,NULL,9,NULL,1
cdd1be0f8a264264495fce7291a7dfca89fbf019,2731ecc42e3b3558440f058ae56fd2168aa5e37b,10,7,3,#,ISSUE,NULL,10,NULL,1
2731ecc42e3b3558440f058ae56fd2168aa5e37b,0893cfdfc6aacde0f19fce3c51f18315fddb58a5,25,14,11,Normal,NULL,NULL,25,NULL,3
0893cfdfc6aacde0f19fce3c51f18315fddb58a5,5eef210721182b4c0de0fd8f9c41ad70912b799d,42,29,13,Normal,NULL,NULL,6,NULL,1
5eef210721182b4c0de0fd8f9c41ad70912b799d,75997727886a00d698855977c0566f5c1bbfe978,27,27,0,Normal,NULL,NULL,27,NULL,1
75997727886a00d698855977c0566f5c1bbfe978,a9bdfa63e9302f3a93d1621a3d5433a9b7bd975a,2,1,1,Normal,NULL,NULL,2,NULL,1
a9bdfa63e9302f3a93d1621a3d5433a9b7bd975a,28a634a4898599dcc7fed1d9124b161c8fea8635,43,12,31,fix #,ISSUE,NULL,43,NULL,1
28a634a4898599dcc7fed1d9124b161c8fea8635,c3807be94d9ac93440ba96a4d7f98030ce9f60dc,37,16,21,fix,ISSUE,BUG,37,NULL,1
750e32df7baa4a264765b17f521371329c91b762,68b496c146a6f4169475bb868a9846a6a30432a4,1,1,0,Normal,NULL,NULL,1,NULL,1
68b496c146a6f4169475bb868a9846a6a30432a4,c3807be94d9ac93440ba96a4d7f98030ce9f60dc,36,15,21,Normal,NULL,NULL,36,REFACTOR,1
c3807be94d9ac93440ba96a4d7f98030ce9f60dc,3690ab1ff8ab543e3108707791f5a6ac82a3047b,82,30,52,Normal,NULL,NULL,0,NULL,0
3690ab1ff8ab543e3108707791f5a6ac82a3047b,01b8176ca9d44b3a381c6ef8df819b3a7ad0c98c,10,9,1,Document,NULL,NULL,10,NULL,1
01b8176ca9d44b3a381c6ef8df819b3a7ad0c98c,4028cfc17e50b057e7b804ff5fdc00c3a59c65b2,18,10,8,Normal,NULL,NULL,0,NULL,0
4028cfc17e50b057e7b804ff5fdc00c3a59c65b2,85b3b6ff43435054a77d05c5222f662dc3dc2ee0,2,1,1,Normal,NULL,NULL,0,NULL,0
85b3b6ff43435054a77d05c5222f662dc3dc2ee0,033e2367ef11c56f04865099f9a91ce9b9b1f210,8,4,4,Document,NULL,NULL,8,NULL,1
033e2367ef11c56f04865099f9a91ce9b9b1f210,2d1abfdec59fb6447bb4009324d47950f01f0165,85,54,31,fix #,ISSUE,NULL,15,NULL,5
1d6ea3cc1ebf85bdc1b4bf46e2bd9c10934828f1,4bfcb8b27a3d5818ab8c52cbf73957f1e72321b8,2,2,0,Normal,NULL,NULL,0,NULL,0
4bfcb8b27a3d5818ab8c52cbf73957f1e72321b8,857002ed097b3ca4de6b0b58abebe148859d826a,3,2,1,Format,NULL,NULL,3,NULL,1
857002ed097b3ca4de6b0b58abebe148859d826a,ca57a2bfa8d1c79c347c2e5dd6e67a8e7e2afbcd,56,28,28,Normal,NULL,NULL,0,NULL,0
984210017b1b75b8c868857172be9c6a84438f29,2d1abfdec59fb6447bb4009324d47950f01f0165,8,4,4,Document,ISSUE,NULL,8,NULL,1
ca57a2bfa8d1c79c347c2e5dd6e67a8e7e2afbcd,2d1abfdec59fb6447bb4009324d47950f01f0165,76,48,28,Normal,NULL,NULL,14,NULL,5
fcc6cce1d4e46603e5c5ab8321ac0bcee4b7ae72,2d1abfdec59fb6447bb4009324d47950f01f0165,8,4,4,Document,ISSUE,NULL,8,NULL,1
2d1abfdec59fb6447bb4009324d47950f01f0165,c57d90778807dc1608fba3aeed621a9a611e7bc6,5,3,2,Normal,ISSUE,BUG,5,NULL,1
c57d90778807dc1608fba3aeed621a9a611e7bc6,28a4d3825696c0d05ce7ba68b62ac04c11285b83,5,0,5,fix #,ISSUE,NULL,5,NULL,1
28a4d3825696c0d05ce7ba68b62ac04c11285b83,216bfde8b2e3902fa9a0aa43ce6f8730d8df061d,4,3,1,Normal,NULL,NULL,4,NULL,1
216bfde8b2e3902fa9a0aa43ce6f8730d8df061d,3ad19b5e4d326ac0ef055fbc3cadbfa5b7754026,22,19,3,Normal,NULL,NULL,0,NULL,0
3ad19b5e4d326ac0ef055fbc3cadbfa5b7754026,64857c82bd8ad0c4701de90d65fa1c0baeb264be,2,1,1,Normal,NULL,NULL,0,NULL,0
64857c82bd8ad0c4701de90d65fa1c0baeb264be,1872d75b7f50bf1f82e2e3fd89750e07e7e06b32,12,8,4,fix #,ISSUE,NULL,12,NULL,1
1872d75b7f50bf1f82e2e3fd89750e07e7e06b32,70b182859acc295d79c7b4a2e35bb077c410030a,10,10,0,#,NULL,NULL,7,NULL,1
045bc3525ec4db6de6bdb9419646764e366de155,70b182859acc295d79c7b4a2e35bb077c410030a,8,8,0,Normal,NULL,NULL,5,NULL,1
d5a8e1c449f791550b80e210038e0a74b2c8eca1,6ab550b514b8b8524530bb96dcd432c5cbdcd85d,23,19,4,Normal,NULL,NULL,23,NULL,2
6ab550b514b8b8524530bb96dcd432c5cbdcd85d,487a25f119c1208a557d7170d75f52d052359817,66,51,15,Normal,NULL,NULL,66,REFACTOR,2
70b182859acc295d79c7b4a2e35bb077c410030a,05a218b185332b63416528013708ab062bb33194,15,10,5,Normal,NULL,NULL,15,REFACTOR,1
05a218b185332b63416528013708ab062bb33194,da186b5a96a15b313d9a49e0fc6bbbd7cdcf87e9,8,5,3,fix #,ISSUE,NULL,8,NULL,1
e8442694b41336db32cdd8a52e3de925ec5dde9c,da186b5a96a15b313d9a49e0fc6bbbd7cdcf87e9,8,5,3,fix,NULL,NULL,8,NULL,1
da186b5a96a15b313d9a49e0fc6bbbd7cdcf87e9,35c690cd7dc1a3021ca20662b0d080a82c814d21,6,3,3,Normal,NULL,NULL,6,NULL,1
35c690cd7dc1a3021ca20662b0d080a82c814d21,6e5135852851a2e002340161f813bc5df9369325,48,44,4,fix #,ISSUE,NULL,38,NULL,1
3cd3d6d042f2ffbf73675d2cb9793864ceabcb70,a07ffe45f5072562945af7d57388bcc5975cd215,2,2,0,Normal,NULL,NULL,0,NULL,0
a07ffe45f5072562945af7d57388bcc5975cd215,10abca834c7547cf809575259fc57f067d093ad9,5,2,3,Normal,NULL,NULL,5,REFACTOR,1
6e5135852851a2e002340161f813bc5df9369325,6c24f001a99a38cc864801927bf98f179e335d01,49,22,27,Normal,NULL,NULL,49,NULL,1
10abca834c7547cf809575259fc57f067d093ad9,6c24f001a99a38cc864801927bf98f179e335d01,41,40,1,Normal,NULL,NULL,33,NULL,1
6c24f001a99a38cc864801927bf98f179e335d01,daa5bd7c7f6233e2b1812bb9b5bce5c4f7179dd1,138,28,110,Normal,NULL,NULL,71,NULL,1
33c89be04a88fd492ceb191231e85bbc98826311,4550818b6e0929484e57c287c2ac5b59ca1fe3ac,49,23,26,Normal,NULL,NULL,41,NULL,1
4550818b6e0929484e57c287c2ac5b59ca1fe3ac,daa5bd7c7f6233e2b1812bb9b5bce5c4f7179dd1,93,7,86,fix #,ISSUE,NULL,30,NULL,1
daa5bd7c7f6233e2b1812bb9b5bce5c4f7179dd1,98fa403f803ddb78aefdf67b2cae0b9de2d7ffec,39,34,5,fix #,ISSUE,NULL,39,NULL,1
98fa403f803ddb78aefdf67b2cae0b9de2d7ffec,9b01d4050cb64fdb014edec5aae627cbc2a3714c,27,26,1,Normal,NULL,NULL,18,NULL,1
9b01d4050cb64fdb014edec5aae627cbc2a3714c,061f04fbd2f78547aa224cf2dc97c6807322a700,12,10,2,fix #,ISSUE,NULL,12,NULL,1
487a25f119c1208a557d7170d75f52d052359817,f3e759bc048242e66b61a261228fe02ac4d41988,117,79,38,Normal,NULL,NULL,51,NULL,5
f3e759bc048242e66b61a261228fe02ac4d41988,6008f9723f5c410be45a7e1558fc503305578240,55,51,4,Normal,NULL,NULL,55,NULL,1
6008f9723f5c410be45a7e1558fc503305578240,061f04fbd2f78547aa224cf2dc97c6807322a700,52,51,1,Normal,NULL,NULL,35,NULL,2
061f04fbd2f78547aa224cf2dc97c6807322a700,3ade93e05f48c0d4f23565736429b2ae732f6306,211,142,69,fix #,ISSUE,NULL,211,REFACTOR,3
3ade93e05f48c0d4f23565736429b2ae732f6306,da65be61b5c5b3732d621c393fa141f85f9cc094,2,1,1,Normal,NULL,NULL,2,NULL,1
56b071e39c868333de565b91c36c29825ff5d35c,65c9a8e05871c74b176ede832212c67bb03c74b8,17,13,4,fix #,ISSUE,NULL,17,NULL,1
65c9a8e05871c74b176ede832212c67bb03c74b8,870d5cdb60f8623dfb92d1dd811cd4b099dcd8ec,29,16,13,Normal,NULL,NULL,29,NULL,1
870d5cdb60f8623dfb92d1dd811cd4b099dcd8ec,43a9a46d1d03e9eeaad040d107db0b97b270ccc2,25,12,13,Normal,NULL,NULL,25,NULL,1
43a9a46d1d03e9eeaad040d107db0b97b270ccc2,c0c1ca77ad88e5a4ecc935896bed907ca267ccc4,28,16,12,Normal,NULL,NULL,28,REFACTOR,1
da65be61b5c5b3732d621c393fa141f85f9cc094,f27f99b1d7500cda0cc2525587b0e33f131a9d6a,2,1,1,#,ISSUE,NULL,2,NULL,1
f27f99b1d7500cda0cc2525587b0e33f131a9d6a,225f1f479c158f2dcb0966d33d0878c8ed02d278,2,1,1,Normal,NULL,NULL,0,NULL,0
c0c1ca77ad88e5a4ecc935896bed907ca267ccc4,b8be8f3e158a8e6cc2c8e08ebf47e6f1c301c094,9,3,6,Normal,NULL,NULL,9,NULL,1
225f1f479c158f2dcb0966d33d0878c8ed02d278,8dd2e9a21d05236723b718f4a81a2e46ab576ef3,23,12,11,Normal,NULL,NULL,0,NULL,0
8dd2e9a21d05236723b718f4a81a2e46ab576ef3,7275bfbfea4f0749badbebed6a95a1413529cdfe,4,4,0,fix,NULL,NULL,4,NULL,1
dee05a6ac33144c0b1ca886b1f1eefe023f05cda,7275bfbfea4f0749badbebed6a95a1413529cdfe,4,4,0,fix #,ISSUE,NULL,4,NULL,1
7275bfbfea4f0749badbebed6a95a1413529cdfe,981cc168590227c9c417adcd294f01d07b18bfec,9,2,7,#,ISSUE,NULL,9,NULL,1
981cc168590227c9c417adcd294f01d07b18bfec,24de0bc230840cb04ccc139cce9aff16a19bee20,4,2,2,Normal,NULL,NULL,0,NULL,0
b8be8f3e158a8e6cc2c8e08ebf47e6f1c301c094,48186e7257ddfb5c8a9d0b3b24dfc6b0d9c53804,1,1,0,Normal,NULL,NULL,1,NULL,1
48186e7257ddfb5c8a9d0b3b24dfc6b0d9c53804,527782aeae41a9931441ca8a791b3ac3cdf1e39b,101,64,37,fix #,ISSUE,NULL,101,NULL,3
527782aeae41a9931441ca8a791b3ac3cdf1e39b,fde6813bb0bb36ed51b5361ab1f78b10027f63e0,6,3,3,Normal,NULL,NULL,6,NULL,1
fde6813bb0bb36ed51b5361ab1f78b10027f63e0,24de0bc230840cb04ccc139cce9aff16a19bee20,33,30,3,fix #,ISSUE,NULL,33,NULL,1
24de0bc230840cb04ccc139cce9aff16a19bee20,7ea59510b4173762fa35c6f5b7d6d56fe346cb95,18,18,0,fix #,ISSUE,NULL,18,NULL,1
7ea59510b4173762fa35c6f5b7d6d56fe346cb95,54fdcfe05d5cc9c377b7ba8bff63f9a790af50ed,4,2,2,fix #,ISSUE,NULL,4,NULL,2
54fdcfe05d5cc9c377b7ba8bff63f9a790af50ed,eb8d8182ee591dabbc0be93770609c7db211d837,7,3,4,Document,NULL,NULL,7,NULL,1
eb8d8182ee591dabbc0be93770609c7db211d837,2e1a8a2f5accb1db6d9261ae7fb6debefe67619a,8,6,2,Document,NULL,NULL,8,NULL,1
2e1a8a2f5accb1db6d9261ae7fb6debefe67619a,f7895156b5641f570dad5feafeefe121706ec0da,6,3,3,#,NULL,NULL,0,NULL,0
863f5eda5b0a9c68cbd69d7520baae7a8c797e48,f7895156b5641f570dad5feafeefe121706ec0da,6,3,3,Normal,NULL,NULL,0,NULL,0
f7895156b5641f570dad5feafeefe121706ec0da,94e82ffeb0baaf125e2eea41779da2f16db09e04,17,12,5,Normal,NULL,NULL,17,NULL,1
94e82ffeb0baaf125e2eea41779da2f16db09e04,6bb9c5ca7a26011501ad04622fa6535d8ea6c9cd,9,5,4,Normal,NULL,NULL,9,NULL,1
6bb9c5ca7a26011501ad04622fa6535d8ea6c9cd,507802327619e7a6d40e2cff1d65a478585bfdb4,119,98,21,fix #,ISSUE,NULL,109,NULL,4
507802327619e7a6d40e2cff1d65a478585bfdb4,1c0a62342c91ea49f331af7fb6e97d1c01c256cc,2,0,2,Normal,NULL,NULL,0,NULL,0
1c0a62342c91ea49f331af7fb6e97d1c01c256cc,3b5770510bb1fb39fda2101451318468ecb0f04c,0,0,0,Normal,NULL,NULL,0,NULL,0
3b5770510bb1fb39fda2101451318468ecb0f04c,207f194f95949ba1138638fb974ed8da8a1eecee,103,91,12,Normal,NULL,NULL,0,NULL,0
207f194f95949ba1138638fb974ed8da8a1eecee,1a3667e29726ce4f396df448adb1b2fc34e8c136,16,7,9,Normal,NULL,NULL,0,REFACTOR,0
1a3667e29726ce4f396df448adb1b2fc34e8c136,72fa298457263711ae4aa68677fd90ee5e1e00e6,23,15,8,Normal,NULL,NULL,0,NULL,0
72fa298457263711ae4aa68677fd90ee5e1e00e6,529721e9914f6d2aad24cd700fdcaaa75007b20a,11,8,3,Normal,NULL,NULL,9,NULL,1
529721e9914f6d2aad24cd700fdcaaa75007b20a,ac0073a7537137830971e7ef82a5a4446a618865,37,27,10,fix #,ISSUE,NULL,37,NULL,1
ac0073a7537137830971e7ef82a5a4446a618865,710ff70018d518492a0a486d108aced1ff44ff41,22,13,9,Normal,NULL,NULL,22,NULL,1
710ff70018d518492a0a486d108aced1ff44ff41,23aec6afa48c24205b9fc6630d70dfff36db041a,6,5,1,fix #,ISSUE,NULL,6,NULL,1
23aec6afa48c24205b9fc6630d70dfff36db041a,fe67d4dcf6f3f395486ad67e30d168035ff02b27,2,1,1,Normal,NULL,NULL,2,NULL,1
fe67d4dcf6f3f395486ad67e30d168035ff02b27,265b4b04bd1715526135c304839eff73f6fec81a,2,1,1,Normal,NULL,NULL,0,NULL,0
265b4b04bd1715526135c304839eff73f6fec81a,42c56e2a683aa59706a69c7da60cf5941f9a49b6,21,21,0,Format,ISSUE,NULL,21,NULL,1
42c56e2a683aa59706a69c7da60cf5941f9a49b6,fb5110573e6a9ddfc11042c73d1a16c6ad4ba6b6,9,6,3,#,NULL,NULL,0,NULL,0
a3461bb52c7723682f14c5d9ce4cf5fdccee40cc,6ed7aac26eb22da537974987939cada9c1626f94,6,4,2,Normal,NULL,NULL,0,NULL,0
6ed7aac26eb22da537974987939cada9c1626f94,25c8d0d3cbee328cb3c8f62c48e697e69fb45b62,2,1,1,Normal,NULL,NULL,0,NULL,0
25c8d0d3cbee328cb3c8f62c48e697e69fb45b62,fb5110573e6a9ddfc11042c73d1a16c6ad4ba6b6,1,1,0,Normal,NULL,NULL,0,NULL,0
fb5110573e6a9ddfc11042c73d1a16c6ad4ba6b6,5efd2459ea3e9351d126bb416e9ad2220e08ad00,49,41,8,fix #,ISSUE,NULL,49,NULL,5
ec0be3e10d74b5fbaaa1bb3ae2f25f38a27aa338,597007befb22caa9681e00d392df7cdf7f0ac4d6,14,12,2,Normal,NULL,NULL,14,REFACTOR,1
597007befb22caa9681e00d392df7cdf7f0ac4d6,5efd2459ea3e9351d126bb416e9ad2220e08ad00,39,31,8,Normal,NULL,NULL,39,NULL,5
5efd2459ea3e9351d126bb416e9ad2220e08ad00,30b03e77e8fc2cc7455a73cc714a9da85bdf8ab3,136,123,13,Normal,NULL,NULL,127,NULL,4
30b03e77e8fc2cc7455a73cc714a9da85bdf8ab3,572cd6747df0764e4b97735688c66b0cad96e334,2,2,0,fix #,ISSUE,NULL,2,NULL,1
572cd6747df0764e4b97735688c66b0cad96e334,e57b8cd413b49916f2b38f31d03e8630130bed48,5,4,1,fix #,ISSUE,BUG,5,NULL,2
e57b8cd413b49916f2b38f31d03e8630130bed48,5f7f407ebe0e17a999861c1ea90e04a4e644b1d5,5,4,1,#,NULL,NULL,5,NULL,1
5f7f407ebe0e17a999861c1ea90e04a4e644b1d5,2d75a5f5ddd200e8e07eecbd8d4b4dfce28df74b,16,8,8,Normal,NULL,NULL,0,NULL,0
2d75a5f5ddd200e8e07eecbd8d4b4dfce28df74b,25cfd89a86d5756265cca508c053ec30491b03a5,1052,22,1030,Normal,NULL,NULL,48,NULL,25
25cfd89a86d5756265cca508c053ec30491b03a5,3fa9d7d0026c64a3dc8983f173b2aef90b3efce3,61,51,10,#,ISSUE,NULL,61,NULL,1
3fa9d7d0026c64a3dc8983f173b2aef90b3efce3,457a37a4ef306c82a36c853a8fd2049c1369126b,83,39,44,Normal,NULL,NULL,83,REFACTOR,1
457a37a4ef306c82a36c853a8fd2049c1369126b,a2201ad6f13773077e8d221de529540f59a447a5,33,19,14,Normal,NULL,NULL,33,REFACTOR,1
a2201ad6f13773077e8d221de529540f59a447a5,2c3bba42eb8e3fa8c3bf07b7b83d8afe404f7d44,42,27,15,Normal,NULL,NULL,42,NULL,1
2c3bba42eb8e3fa8c3bf07b7b83d8afe404f7d44,7badd5d067621ba8605fc60c71a4a292cf7f5e67,722,721,1,#,NULL,NULL,0,NULL,0
307a71365b71168462357ea3846c56c4870bbcc8,6c3cfeec3db4eecffb797f032a9b906eb1a0a087,2,2,0,Normal,NULL,NULL,0,NULL,0
6c3cfeec3db4eecffb797f032a9b906eb1a0a087,83f0ba723f15a30ff8b604cad2db6509e078717f,22,22,0,Normal,NULL,NULL,0,NULL,0
83f0ba723f15a30ff8b604cad2db6509e078717f,5e1c306fabb6ad0ba1305a449ff56f05797972ff,372,372,0,Normal,NULL,NULL,0,NULL,0
5e1c306fabb6ad0ba1305a449ff56f05797972ff,521ac364970c112371de7c7678f9f617002fe2d0,0,0,0,Normal,NULL,NULL,0,NULL,0
7badd5d067621ba8605fc60c71a4a292cf7f5e67,f2c6fea75bca83075a26b650ab4132f83a366da1,75,23,52,fix #,ISSUE,NULL,75,NULL,1
f2c6fea75bca83075a26b650ab4132f83a366da1,85332dab13e83655255b1d63e26f7884630939c8,65,60,5,#,NULL,NULL,40,NULL,1
41be1d6d792466dc3fd8570fcae59f91407eec28,78490ae1f3aad3cdccbe0492f5d4467719ab1186,4,3,1,Normal,NULL,NULL,0,NULL,0
78490ae1f3aad3cdccbe0492f5d4467719ab1186,7f96a62d322664c26cf66da192457188d1bd3dfd,31,19,12,Normal,NULL,NULL,2,NULL,1
521ac364970c112371de7c7678f9f617002fe2d0,85332dab13e83655255b1d63e26f7884630939c8,324,324,0,Normal,NULL,NULL,0,NULL,0
08ddf8e9b35e4ecc68a0cd9fc45cd8b9d5f48c5a,85332dab13e83655255b1d63e26f7884630939c8,134,121,13,Normal,NULL,NULL,125,NULL,4
85332dab13e83655255b1d63e26f7884630939c8,d48f15c7cfda5dbaca6bf28d7a8a760060578e8c,107,86,21,fix #,ISSUE,NULL,21,NULL,3
d48f15c7cfda5dbaca6bf28d7a8a760060578e8c,9413e4428ae6085f4a4266ec1740a05d687b9001,3,1,2,#,ISSUE,NULL,3,NULL,1
9413e4428ae6085f4a4266ec1740a05d687b9001,048d3c5276c94243409c7652db1678d147fdc98c,4,2,2,Normal,NULL,NULL,4,NULL,1
048d3c5276c94243409c7652db1678d147fdc98c,6bb2c4b084a51c6d5c5579209d6b9519aceba229,7,6,1,fix #,ISSUE,NULL,7,NULL,1
6bb2c4b084a51c6d5c5579209d6b9519aceba229,a2f88f48cbe4f4529ffccfe721a9d94eba9e4a20,87,41,46,Normal,NULL,NULL,87,REFACTOR,3
a2f88f48cbe4f4529ffccfe721a9d94eba9e4a20,bf6b2d3e75afe3fcd395f1203941102ff0791b15,2,1,1,fix #,ISSUE,NULL,2,NULL,1
bf6b2d3e75afe3fcd395f1203941102ff0791b15,b06740c09c1a86ecb5894576159769d5ab04f961,15,5,10,Normal,NULL,NULL,15,NULL,1
b06740c09c1a86ecb5894576159769d5ab04f961,d97a6807e503a17a6a05ac4be7ce51d7890a941d,20,0,20,Normal,NULL,NULL,20,NULL,1
d97a6807e503a17a6a05ac4be7ce51d7890a941d,3e31a257bd0c56d7249d0aab1390551818deaec8,8,6,2,Normal,NULL,NULL,8,NULL,1
3e31a257bd0c56d7249d0aab1390551818deaec8,e237db1789a06ae4bd5bfeffcd1420245d1ec1c0,31,1,30,#,NULL,NULL,9,NULL,3
e237db1789a06ae4bd5bfeffcd1420245d1ec1c0,5477620d1b42d8d6118f7826c53b2fd3b560e357,14,14,0,fix #,ISSUE,NULL,14,NULL,1
5477620d1b42d8d6118f7826c53b2fd3b560e357,1ec349b4867e88dcc234a66abcc12bedb3e815dd,53,51,2,fix,NULL,NULL,47,NULL,1
1ec349b4867e88dcc234a66abcc12bedb3e815dd,e0884a4443a31fb7e20f7ec7f4872e46d95c882f,22,20,2,#,NULL,NULL,14,NULL,1
0b0c59775e704d3db98fac9a1eb789335a316e6e,5c55cd6607736c065aaf472de6f3ca96c857c2dc,8,6,2,Normal,NULL,NULL,0,NULL,0
5c55cd6607736c065aaf472de6f3ca96c857c2dc,3450482e95928bf194ac59877fb6b71d4a92e9b6,33,21,12,Normal,NULL,NULL,33,NULL,1
e0884a4443a31fb7e20f7ec7f4872e46d95c882f,0c4ff1cddd0d97734f737f79b70131b0ff6582a1,31,30,1,fix #,ISSUE,NULL,9,NULL,3
0c4ff1cddd0d97734f737f79b70131b0ff6582a1,94768854e46cf9c793af140e24e520729a64e9ce,141,133,8,fix #,ISSUE,NULL,131,NULL,5
539003e59183ea29c3e2492a86b9d9573b0e27fd,f6e0c1053515c90a739431ac89e38c3752a07b0c,15,14,1,Normal,NULL,NULL,15,NULL,1
f6e0c1053515c90a739431ac89e38c3752a07b0c,94768854e46cf9c793af140e24e520729a64e9ce,128,120,8,#,NULL,NULL,118,NULL,5
94768854e46cf9c793af140e24e520729a64e9ce,9ee5c8f30564f371b90dd5151061057ec5da9165,15,10,5,fix #,ISSUE,NULL,15,NULL,1
170740884c0f5b5fa08e418cd95f43c616c2f658,feb8c5bb9885366ab709b88a338f33dd288682f8,9,7,2,fix #,ISSUE,BUG,9,NULL,1
feb8c5bb9885366ab709b88a338f33dd288682f8,8eb58282f1890bd06594165cc05690cddf1b5d87,6,3,3,Normal,NULL,NULL,6,NULL,1
b0bc9b04f129b23d34df924f620c31ef66d53416,40c33b080a595a0cc8f7814b64efc6be82b55bad,55,52,3,Normal,NULL,NULL,49,NULL,1
40c33b080a595a0cc8f7814b64efc6be82b55bad,9ee5c8f30564f371b90dd5151061057ec5da9165,7,7,0,Normal,NULL,NULL,7,NULL,1
9ee5c8f30564f371b90dd5151061057ec5da9165,a5c57bcdea7704182a587000037d36440ec13759,2,1,1,Normal,NULL,NULL,2,NULL,1
a5c57bcdea7704182a587000037d36440ec13759,07bdc410e72d16f6dcc5d6f020e5e029fe6a17ed,8,3,5,#,ISSUE,NULL,8,NULL,1
07bdc410e72d16f6dcc5d6f020e5e029fe6a17ed,261244e957a2648c1006c05abd81df5837df95a2,10,2,8,fix #,ISSUE,NULL,2,NULL,1
261244e957a2648c1006c05abd81df5837df95a2,04ec1687079317d7df0bbd164b152083beb096e7,25,1,24,Normal,NULL,NULL,25,NULL,1
04ec1687079317d7df0bbd164b152083beb096e7,9a2da609245ec3e553dcce1a3a98ef648aba25e6,8,4,4,Normal,ISSUE,NULL,8,NULL,1
9a2da609245ec3e553dcce1a3a98ef648aba25e6,1db2e5815693f3e6a5ab811f59c02d5c871e5603,25,13,12,Normal,NULL,NULL,25,NULL,1
1db2e5815693f3e6a5ab811f59c02d5c871e5603,1774d9b41ec204d4a55739e121e685516f287921,13,13,0,fix #,ISSUE,NULL,13,NULL,1
adbafe2a00c9ae127688f6846e7d8137b6387127,1774d9b41ec204d4a55739e121e685516f287921,25,13,12,Format,ISSUE,NULL,25,NULL,1
1774d9b41ec204d4a55739e121e685516f287921,8eb58282f1890bd06594165cc05690cddf1b5d87,29,28,1,fix #,ISSUE,NULL,29,NULL,3
2e23a4983723993ee4f4f19ba991abb62f79770d,7359f9f14fbaf7a3f862408e98ef588b1508c50e,22,22,0,Normal,NULL,NULL,22,NULL,3
3450482e95928bf194ac59877fb6b71d4a92e9b6,8eb58282f1890bd06594165cc05690cddf1b5d87,19,12,7,Normal,NULL,NULL,19,NULL,1
7359f9f14fbaf7a3f862408e98ef588b1508c50e,8eb58282f1890bd06594165cc05690cddf1b5d87,7,6,1,Normal,NULL,NULL,7,NULL,1
a1edc1c4e2315f7eb6357ae931a46e6d45f8cd23,906b80edbe1f32dc4e17864567b577a30685c4da,5,3,2,Normal,NULL,NULL,5,NULL,1
906b80edbe1f32dc4e17864567b577a30685c4da,8eb58282f1890bd06594165cc05690cddf1b5d87,20,10,10,Format,NULL,NULL,20,NULL,1
8eb58282f1890bd06594165cc05690cddf1b5d87,30ef49cc8b06cc5c1f0b3ccbefd54611065e6313,1,1,0,Normal,NULL,NULL,1,NULL,1
30ef49cc8b06cc5c1f0b3ccbefd54611065e6313,6d2fd80469a23380bf945680c1ab23658e590b58,15,9,6,Normal,NULL,NULL,15,NULL,1
6d2fd80469a23380bf945680c1ab23658e590b58,87fa2a3a102e2e689ab4db6846e65ce199e33bad,2,1,1,Normal,NULL,NULL,2,NULL,1
87fa2a3a102e2e689ab4db6846e65ce199e33bad,0f4ff8bbf77e1ea7bd6c244364362f4e990405bb,17,9,8,Normal,NULL,NULL,17,NULL,1
0f4ff8bbf77e1ea7bd6c244364362f4e990405bb,c1ad79c4d4f072a7384db0472959c1c673c7631b,2,2,0,Normal,NULL,NULL,2,NULL,1
c1ad79c4d4f072a7384db0472959c1c673c7631b,06441f5c2adff0abf20e6b33218ddc778ee9ed1c,2,0,2,Normal,NULL,NULL,0,NULL,0
06441f5c2adff0abf20e6b33218ddc778ee9ed1c,47a25c548bdfe530ccdfe64e778a9e1eb073eaf2,4,2,2,Normal,NULL,NULL,0,NULL,0
47a25c548bdfe530ccdfe64e778a9e1eb073eaf2,c5eb674ca0ae753e1c11652899ed00ddbb82f16b,901,875,26,fix #,ISSUE,NULL,733,NULL,10
d339e82cdccdc5681c31d8cd669df67e8a9db3b5,956e6bcde303020f8b66bb01107d9673a1a67147,38,28,10,Normal,NULL,NULL,38,REFACTOR,1
c5eb674ca0ae753e1c11652899ed00ddbb82f16b,062004ada4df22bc7167dab7d54a9dd586f23a53,4,4,0,fix #,ISSUE,NULL,4,NULL,1
062004ada4df22bc7167dab7d54a9dd586f23a53,ec64473ebcb287c5f2f9373dbc5749807c6b08f7,2,1,1,fix #,ISSUE,NULL,2,NULL,1
b6bceb87bbbaf99eee2507897aa7d41255de5072,ec64473ebcb287c5f2f9373dbc5749807c6b08f7,2,1,1,#,ISSUE,NULL,2,NULL,1
ec64473ebcb287c5f2f9373dbc5749807c6b08f7,b2ecf6452cfa8477c5a5111ecee7327b7811fa97,5,4,1,Normal,NULL,NULL,0,NULL,0
b2ecf6452cfa8477c5a5111ecee7327b7811fa97,9fbfe62055e603934fe0314557ad2e110b51bf1d,303,265,38,Normal,NULL,NULL,156,NULL,3
50db9ed70ab7c1263fd4d84fc41e270b855518da,672ef27446825df56ea3949884613f028a46c1c3,9,8,1,Normal,NULL,NULL,0,NULL,0
672ef27446825df56ea3949884613f028a46c1c3,4f5a4217abd1f3d3ef6a06ca9fa1b13bf2b959f7,198,101,97,Format,NULL,NULL,180,NULL,1
4f5a4217abd1f3d3ef6a06ca9fa1b13bf2b959f7,cb054ede8721634b53b088960d3417954b67b919,25,18,7,Normal,NULL,NULL,10,NULL,1
cb054ede8721634b53b088960d3417954b67b919,1eab45aece7e476c6d09c5f8a377c69fbaef029f,34,0,34,Normal,NULL,NULL,34,NULL,1
956e6bcde303020f8b66bb01107d9673a1a67147,2c7d5e8545e5e12c7ae9d0cb539f7635139b5831,83,81,2,Normal,NULL,NULL,0,NULL,0
2c7d5e8545e5e12c7ae9d0cb539f7635139b5831,d87c3576bca5dfbe466085098721d69146179f08,4,2,2,Normal,NULL,NULL,0,NULL,0
d87c3576bca5dfbe466085098721d69146179f08,11e757773d0572d59dc4fa85ec67758117685b0d,519,517,2,Normal,NULL,NULL,502,NULL,4
11e757773d0572d59dc4fa85ec67758117685b0d,88f725be4c53d0ae0cef9c8a32aa2ae038c94d6e,25,17,8,Normal,NULL,NULL,13,NULL,1
88f725be4c53d0ae0cef9c8a32aa2ae038c94d6e,571f70ba84bad646fe4a8b57a7345fa2bf009630,174,174,0,Normal,NULL,NULL,164,NULL,3
571f70ba84bad646fe4a8b57a7345fa2bf009630,9fbfe62055e603934fe0314557ad2e110b51bf1d,86,70,16,fix,ISSUE,NULL,44,NULL,5
9fbfe62055e603934fe0314557ad2e110b51bf1d,99e7d99e7f52277c786c61151bc91a53c7f28758,1098,12,1086,Normal,NULL,NULL,1082,NULL,3
99e7d99e7f52277c786c61151bc91a53c7f28758,a22f836b318a45dda4fcd0a7d31378c7e37b394d,122,122,0,Normal,NULL,NULL,103,NULL,1
1eab45aece7e476c6d09c5f8a377c69fbaef029f,57c4f17f2f218131b20052c6cc2d882d042ca5c2,37,9,28,Normal,NULL,NULL,35,NULL,1
57c4f17f2f218131b20052c6cc2d882d042ca5c2,0f60696d39cfe7f3e6941d52b21df964fc7e3dfc,34,34,0,Normal,NULL,NULL,34,NULL,1
0f60696d39cfe7f3e6941d52b21df964fc7e3dfc,21e5e444b3480f27ca06a194bbe67995f6490241,101,63,38,Normal,NULL,NULL,72,NULL,1
a22f836b318a45dda4fcd0a7d31378c7e37b394d,ed250ef0091f03d0f1b1ebafe5fdccf67e50c3ea,13,1,12,Normal,NULL,NULL,13,NULL,1
ed250ef0091f03d0f1b1ebafe5fdccf67e50c3ea,2ba70f7f0582bf7e5ebec1f05f036829b8e1e841,23,15,8,#,NULL,NULL,23,NULL,1
9218a02db2f4f641b536ee30b0aa41e1a8dc1ee6,2ba70f7f0582bf7e5ebec1f05f036829b8e1e841,50,30,20,Normal,NULL,NULL,50,NULL,1
2ba70f7f0582bf7e5ebec1f05f036829b8e1e841,f9af75f6660f549fbabcbce59acdb453c53b55a5,20,8,12,fix #,ISSUE,NULL,20,NULL,1
f9af75f6660f549fbabcbce59acdb453c53b55a5,c97e5ebca498af87b7e60fe0a57adef482a0f3da,68,62,6,Normal,NULL,NULL,68,NULL,3
35c18f5c0a128335a80868f166bc4700eb894e23,16a847c25debe98a585f739a8e8549901667f1ac,56,56,0,fix #,ISSUE,NULL,56,NULL,3
16a847c25debe98a585f739a8e8549901667f1ac,83426bca238a49f90f540d7261d4265f5e0a4a1c,6,3,3,Normal,NULL,NULL,6,NULL,1
83426bca238a49f90f540d7261d4265f5e0a4a1c,233ea6d7b6ce84bae6f7a42f49735cf4b0a70781,6,3,3,Normal,NULL,NULL,6,NULL,3
233ea6d7b6ce84bae6f7a42f49735cf4b0a70781,51684c59aa467ee083b1d36b0f3d24b6acebd408,5,5,0,Normal,NULL,NULL,5,NULL,1
c97e5ebca498af87b7e60fe0a57adef482a0f3da,51684c59aa467ee083b1d36b0f3d24b6acebd408,5,5,0,Normal,NULL,NULL,5,NULL,1
51684c59aa467ee083b1d36b0f3d24b6acebd408,09e34036f2077dbd41fcf9eea49c81af94bb126c,20,18,2,fix #,ISSUE,NULL,0,NULL,0
09e34036f2077dbd41fcf9eea49c81af94bb126c,f66eaa1ff997e04655a06ab890ddf2470fcbc247,39,31,8,#,NULL,NULL,39,NULL,1
f66eaa1ff997e04655a06ab890ddf2470fcbc247,9655ee338bedabc7c1533d0b197568de02412b64,90,78,12,Normal,NULL,NULL,6,NULL,3
bd5d69764bdbb8ff30cedcb0e24ae7df6ad1baa2,340aeb305712a00dfc1167e69a128b992ef2460b,0,0,0,Normal,NULL,NULL,0,NULL,0
21e5e444b3480f27ca06a194bbe67995f6490241,c9a57a67cdd885be6b23802f12f823df086233a5,52,24,28,Normal,NULL,NULL,52,NULL,1
c9a57a67cdd885be6b23802f12f823df086233a5,469993a12b78f7a6d5eaa196c4379232a4c679dc,60,41,19,Normal,NULL,NULL,60,NULL,1
469993a12b78f7a6d5eaa196c4379232a4c679dc,e816293b44e06975c384b9d4922afd6617589f1f,27,27,0,#,NULL,NULL,27,NULL,1
340aeb305712a00dfc1167e69a128b992ef2460b,aaff2961504eba03f55a40aff69290dec796ff5c,0,0,0,Normal,NULL,NULL,0,NULL,0
9655ee338bedabc7c1533d0b197568de02412b64,309c15445d796832bf766853322bcae68c3fc519,73,52,21,Normal,NULL,NULL,17,NULL,3
756011d48a195f36916304c38f3aacc54e968876,309c15445d796832bf766853322bcae68c3fc519,73,52,21,fix #,ISSUE,NULL,17,NULL,3
309c15445d796832bf766853322bcae68c3fc519,b247aa6a7797493bdb8ad00324c0150a846a8385,111,111,0,Normal,NULL,NULL,111,NULL,1
e816293b44e06975c384b9d4922afd6617589f1f,b247aa6a7797493bdb8ad00324c0150a846a8385,232,193,39,Normal,NULL,NULL,112,NULL,3
b247aa6a7797493bdb8ad00324c0150a846a8385,4a4e5cf176694346928310b18796bab9a218955d,7,4,3,Normal,NULL,NULL,7,NULL,1
aaff2961504eba03f55a40aff69290dec796ff5c,1794d15db2e58eb2896d3608506175d521e3249d,0,0,0,Normal,NULL,NULL,0,NULL,0
1794d15db2e58eb2896d3608506175d521e3249d,32a2181d1d839eca2c4a1e8925450f24ca791b3c,4,3,1,Normal,NULL,NULL,0,NULL,0
32a2181d1d839eca2c4a1e8925450f24ca791b3c,4a4e5cf176694346928310b18796bab9a218955d,86,75,11,Normal,NULL,NULL,6,NULL,3
4a4e5cf176694346928310b18796bab9a218955d,45e6370abc618618249f26070590b75b2c8f9ac5,54,44,10,fix #,ISSUE,NULL,23,NULL,3
f5b64840e61849349b14d8c59b3cbc20e8dccf3c,4eeed58fe02a9343b45be47162d3648e770f8e53,2,2,0,Normal,NULL,NULL,0,NULL,0
4eeed58fe02a9343b45be47162d3648e770f8e53,777f6a221bbd166822b0ba016e62247e21ca385a,10,5,5,Normal,NULL,NULL,0,NULL,0
777f6a221bbd166822b0ba016e62247e21ca385a,1b25121f9336b166b456545364e5aa4a4ed21fe5,14,8,6,Normal,NULL,NULL,14,NULL,1
45e6370abc618618249f26070590b75b2c8f9ac5,b6f87f123ace20cd1cc44c9f98d9d6a911f50b9c,14,13,1,fix,NULL,NULL,14,NULL,1
1b25121f9336b166b456545364e5aa4a4ed21fe5,3b34cf2671c7773d9f20b600cf82aa8e2ccebc87,40,22,18,Normal,NULL,NULL,11,NULL,1
3b34cf2671c7773d9f20b600cf82aa8e2ccebc87,b6f87f123ace20cd1cc44c9f98d9d6a911f50b9c,30,28,2,Normal,NULL,NULL,20,NULL,3
b6f87f123ace20cd1cc44c9f98d9d6a911f50b9c,44adb912535c95e2b8c8d1360a937abe70264e6e,2,1,1,Document,NULL,NULL,2,NULL,1
861c7348b4e823e7733bec19d9cafa9580f25d5e,44adb912535c95e2b8c8d1360a937abe70264e6e,14,13,1,fix #,ISSUE,NULL,14,NULL,1
44adb912535c95e2b8c8d1360a937abe70264e6e,15b2bdba9d66f361684d58d1fed7fe7e3b9117a4,1,1,0,Normal,NULL,NULL,1,NULL,1
15b2bdba9d66f361684d58d1fed7fe7e3b9117a4,82441e755b127e037af05e4c1b7d1543ce79ae13,46,21,25,Normal,NULL,NULL,40,NULL,1
82441e755b127e037af05e4c1b7d1543ce79ae13,6d5204234226cc27192e27bf69279216cd36cc8f,7,7,0,Normal,NULL,NULL,7,NULL,1
6d5204234226cc27192e27bf69279216cd36cc8f,0ee8685579899604bc64e4e93f1de2db7dbd7a75,50,27,23,Normal,NULL,NULL,50,NULL,1
0ee8685579899604bc64e4e93f1de2db7dbd7a75,c0f5f1c6d9beb50d020baedc53dcd37cdb8bc2f6,116,97,19,#,NULL,NULL,85,NULL,1
9265c84d9995d10e973fad8fe3bde44d6e94b0d5,d57fd8877553b34f58d1df5eb17332230574330b,2,2,0,Normal,NULL,NULL,0,NULL,0
d57fd8877553b34f58d1df5eb17332230574330b,ec472bc97da3324f4c8f56d66c7a4384a8fa3f32,117,90,27,Normal,NULL,NULL,85,REFACTOR,1
ec472bc97da3324f4c8f56d66c7a4384a8fa3f32,c0f5f1c6d9beb50d020baedc53dcd37cdb8bc2f6,17,15,2,Normal,NULL,NULL,8,NULL,1
c0f5f1c6d9beb50d020baedc53dcd37cdb8bc2f6,c1f8166513d72966bb9daef472cd0aad4f4de3eb,5,1,4,Normal,NULL,NULL,5,NULL,1
c1f8166513d72966bb9daef472cd0aad4f4de3eb,6d58deba39480097c383ce4ba2794c80bfa69483,19,10,9,fix #,ISSUE,NULL,17,NULL,1
7f96a62d322664c26cf66da192457188d1bd3dfd,6d58deba39480097c383ce4ba2794c80bfa69483,48,47,1,Normal,NULL,NULL,40,NULL,1
6d58deba39480097c383ce4ba2794c80bfa69483,556444467032c731e5b6230a890d4b24ec436658,14,7,7,Normal,NULL,NULL,2,NULL,2
556444467032c731e5b6230a890d4b24ec436658,48e68116da49dc2647140b6c4607bb3fcf01afc5,40,29,11,fix #,ISSUE,NULL,4,NULL,3
48e68116da49dc2647140b6c4607bb3fcf01afc5,9283fad2d0157775c7e8f980d1eaf6a7d5b68c7b,29,18,11,Normal,NULL,NULL,29,REFACTOR,3
9283fad2d0157775c7e8f980d1eaf6a7d5b68c7b,f5a6c84fed1c7d7782f8a3c40b6d050f5e7ec7c9,6,3,3,Normal,NULL,NULL,6,NULL,3
f5a6c84fed1c7d7782f8a3c40b6d050f5e7ec7c9,0d1653001680fc57c12a053ba0ab610d3a4b2a6e,216,190,26,fix #,ISSUE,NULL,63,NULL,6
0d1653001680fc57c12a053ba0ab610d3a4b2a6e,3fd570327067bde37eb88b2e10c409678fbc1927,2,1,1,Normal,NULL,NULL,0,NULL,0
3fd570327067bde37eb88b2e10c409678fbc1927,a804095a4a42ccb589a3d75375bbe5562e8661ab,256,193,63,fix #,ISSUE,NULL,61,NULL,5
5ebf361b82ca6fc1824cf3fee055888a44166f4b,732f8f8bc353aa8df1a663f2ebe520f94083338f,39,37,2,Normal,NULL,NULL,0,NULL,0
732f8f8bc353aa8df1a663f2ebe520f94083338f,16c525de29487fea98464821f35c7082d7831a67,21,21,0,Normal,NULL,NULL,7,NULL,1
16c525de29487fea98464821f35c7082d7831a67,bed8ff555f06ec1ddfc4d31ae5222949fda2fe74,23,15,8,Normal,NULL,NULL,23,REFACTOR,1
bed8ff555f06ec1ddfc4d31ae5222949fda2fe74,ee3bc9bac2a8e3d104229696370800e0f46d7476,61,47,14,Normal,NULL,NULL,23,NULL,5
ee3bc9bac2a8e3d104229696370800e0f46d7476,e583b6a0b6cb5ebdb60d5da7e050c56974e7a63c,7,6,1,Normal,NULL,NULL,0,NULL,0
e583b6a0b6cb5ebdb60d5da7e050c56974e7a63c,a804095a4a42ccb589a3d75375bbe5562e8661ab,67,65,2,#,NULL,NULL,10,NULL,2
a804095a4a42ccb589a3d75375bbe5562e8661ab,620157c363f10e483de82490c9e6392922ae8bd2,8,4,4,Normal,NULL,NULL,8,NULL,2
620157c363f10e483de82490c9e6392922ae8bd2,e22becd910aad0582134e35a34a0f13f48846748,4,2,2,Normal,NULL,NULL,2,NULL,1
e22becd910aad0582134e35a34a0f13f48846748,ba854d94446f210ddb6be8aae66b9a880e67918a,104,86,18,fix #,ISSUE,NULL,54,NULL,7
ba854d94446f210ddb6be8aae66b9a880e67918a,9e70bdec5e571821bcecf3d0a01feee6e3883c16,1420,1338,82,Normal,NULL,NULL,1376,REFACTOR,5
9e70bdec5e571821bcecf3d0a01feee6e3883c16,7001f67a9d951bd71b9e618a1ceb386af33d095e,2,1,1,Normal,NULL,NULL,0,NULL,0
7001f67a9d951bd71b9e618a1ceb386af33d095e,c53ef1025f9e476fd39a9449bdea566f6ddbca3b,2,1,1,Normal,NULL,NULL,2,NULL,1
c53ef1025f9e476fd39a9449bdea566f6ddbca3b,9cbbe6f8d25cd2a11ae58a16a9940a018fd0b10e,13,11,2,fix,NULL,NULL,13,NULL,2
9cbbe6f8d25cd2a11ae58a16a9940a018fd0b10e,7e59ba9037931aa5b63a5eb4b1e3ab9b4ed26e98,110,108,2,Document,NULL,NULL,2,NULL,1
7e59ba9037931aa5b63a5eb4b1e3ab9b4ed26e98,94f832893f249ae8a0d9e43fa4be3fcf9d5d93dc,4,4,0,Normal,NULL,NULL,0,NULL,0
94f832893f249ae8a0d9e43fa4be3fcf9d5d93dc,2542fabaf11618ef7429a164234059d335ed1618,7,5,2,Document,NULL,NULL,2,NULL,1
2542fabaf11618ef7429a164234059d335ed1618,907b6f032724851074141883246aac6053623603,2,1,1,Normal,NULL,NULL,2,NULL,1
907b6f032724851074141883246aac6053623603,5c9141602f676637d9f00f0b0c1fb65cf8e84216,8,4,4,#,NULL,NULL,8,NULL,1
c34e9b836334efcff8cf6e9cd7626636a02e7aa6,5c9141602f676637d9f00f0b0c1fb65cf8e84216,2,1,1,Document,NULL,NULL,2,NULL,1
5c9141602f676637d9f00f0b0c1fb65cf8e84216,3f98a00308f5ed15dff29370fdaaec3485aad3bf,4,4,0,fix #,ISSUE,NULL,0,NULL,0
3f98a00308f5ed15dff29370fdaaec3485aad3bf,9134f515e3f40f90341889ffbf2312ea937c63dd,25,14,11,fix #,ISSUE,NULL,0,NULL,0
989624864ac11b93dfac788a10674e48856b248f,8e0ba10c6dc1f8e061aa11660cffbbeab705d2d9,5,4,1,Normal,NULL,NULL,0,NULL,0
9134f515e3f40f90341889ffbf2312ea937c63dd,430907ac51dd7a506d80b93ddb13fb8f5e39bccf,18,18,0,fix #,ISSUE,NULL,0,NULL,0
430907ac51dd7a506d80b93ddb13fb8f5e39bccf,cac7142b96e6f5519d51e2a9e29a1f4a0dccad32,11,8,3,Normal,NULL,NULL,11,NULL,3
cac7142b96e6f5519d51e2a9e29a1f4a0dccad32,60eb55f11f68f606147708b010a64b85ce83746d,6,4,2,Normal,NULL,NULL,6,NULL,1
60eb55f11f68f606147708b010a64b85ce83746d,eb59a8af68142a29a62e05bb8794cb8011af29e0,148,147,1,fix #,ISSUE,NULL,104,NULL,3
d55a9fdfb851c7775f22df232992f2a8e91f907d,7a88133de7c6e4259ce0b2920d47011adeb57d33,2,2,0,Document,NULL,NULL,2,NULL,1
7a88133de7c6e4259ce0b2920d47011adeb57d33,fbd87bbb46642b4315ff024dcae1e36b6f56de5d,2,1,1,Normal,NULL,NULL,0,NULL,0
eb59a8af68142a29a62e05bb8794cb8011af29e0,e96536d0a4fc60cf1071fcd8d19d12ec4d50369a,63,58,5,fix #,ISSUE,NULL,63,NULL,1
fbd87bbb46642b4315ff024dcae1e36b6f56de5d,0d3e98b6b155774191743795e85a8adf92c69e1a,96,96,0,Normal,NULL,NULL,0,NULL,0
0d3e98b6b155774191743795e85a8adf92c69e1a,e96536d0a4fc60cf1071fcd8d19d12ec4d50369a,5,5,0,Normal,NULL,NULL,0,NULL,0
39a0adf91ded04afdeecc9949329858f0ffe1eff,e96536d0a4fc60cf1071fcd8d19d12ec4d50369a,18,18,0,Normal,NULL,NULL,0,NULL,0
8e0ba10c6dc1f8e061aa11660cffbbeab705d2d9,8cdcec08cf1222a58ef1224edb242d839cb2969f,20,10,10,Normal,NULL,NULL,0,NULL,0
8cdcec08cf1222a58ef1224edb242d839cb2969f,e96536d0a4fc60cf1071fcd8d19d12ec4d50369a,0,0,0,Normal,NULL,NULL,0,NULL,0
e96536d0a4fc60cf1071fcd8d19d12ec4d50369a,713c9f8187f8eba446939cf8c6c37c7ebcc41895,13,10,3,Normal,NULL,NULL,8,NULL,1
713c9f8187f8eba446939cf8c6c37c7ebcc41895,a3baeb23b1cdd1ddb123261854ef0d3c85ab078e,2067,1678,389,Normal,NULL,NULL,1075,REFACTOR,34
58821ed100bed844fb2ad18708d529dd66b3f984,a3baeb23b1cdd1ddb123261854ef0d3c85ab078e,4,4,0,Normal,NULL,NULL,0,NULL,0
a3baeb23b1cdd1ddb123261854ef0d3c85ab078e,9ec62f1c897239b2e5fd2e0f79493a508e5440c6,5,4,1,Normal,NULL,NULL,0,NULL,0
9ec62f1c897239b2e5fd2e0f79493a508e5440c6,747467208a1a45dd2e52898755100036d1f03ea4,1,0,1,#,NULL,NULL,0,NULL,0
fe5b2d34b29f07810dea63814bec33ace2672007,747467208a1a45dd2e52898755100036d1f03ea4,1,0,1,fix,ISSUE,BUG,0,NULL,0
747467208a1a45dd2e52898755100036d1f03ea4,d1d601b158f07b6237b0a180dff05a14a6216169,7,6,1,Normal,NULL,NULL,7,NULL,1
d1d601b158f07b6237b0a180dff05a14a6216169,91940433373e877c1e17fdf0950bb678c8c87c07,2,1,1,Normal,NULL,NULL,0,NULL,0
91940433373e877c1e17fdf0950bb678c8c87c07,8ec12e57a823d1c4ed19a0851e5e1ffe80dbf546,8,4,4,Normal,NULL,NULL,6,NULL,3
8ec12e57a823d1c4ed19a0851e5e1ffe80dbf546,06b80da188382082074999762be7ec1aecb5d783,2,1,1,Normal,NULL,NULL,2,NULL,1
06b80da188382082074999762be7ec1aecb5d783,b70ab6ff559e36ec730b8ba4e2084d95865eef18,5,4,1,fix #,ISSUE,NULL,0,NULL,0
b70ab6ff559e36ec730b8ba4e2084d95865eef18,ee62f9f3e3c0caf23c6c02e34f072b10fb743419,1,1,0,Normal,NULL,NULL,0,NULL,0
ee62f9f3e3c0caf23c6c02e34f072b10fb743419,045e9fed9238e99e4442b7b1fbb41276087687f7,19,11,8,Normal,NULL,NULL,13,NULL,3
045e9fed9238e99e4442b7b1fbb41276087687f7,dd8c88f7b55d239876df0b9121ff3ee2e5fc65f8,49,46,3,Normal,NULL,NULL,21,NULL,3
dd8c88f7b55d239876df0b9121ff3ee2e5fc65f8,f07a4da4378713f018fef446a06f9a3da52bcd28,8,6,2,fix #,ISSUE,NULL,0,NULL,0
f07a4da4378713f018fef446a06f9a3da52bcd28,da04264905502763c44dee2574c04eb0b1b6f434,4,2,2,Document,NULL,NULL,4,NULL,1
3a56185af12698e6b99463da8f2e65f2ac0f5c7e,a0b1c701451fd1e5cab8748ed9a4e2ff5a00ddb2,13,5,8,Format,NULL,NULL,13,NULL,1
a0b1c701451fd1e5cab8748ed9a4e2ff5a00ddb2,ad2ad1be433c0bfb60cf54db4408e3cfe9e6db7e,1001,589,412,Normal,NULL,NULL,995,REFACTOR,4
ad2ad1be433c0bfb60cf54db4408e3cfe9e6db7e,6bf3fb25558b2d7d995fe1d02f56b047bea10617,63,39,24,Normal,NULL,NULL,63,NULL,1
6bf3fb25558b2d7d995fe1d02f56b047bea10617,e6b80adff3288e1870d259daeeea64b4aed32112,984,958,26,fix,NULL,NULL,110,NULL,6
e6b80adff3288e1870d259daeeea64b4aed32112,85527b1ceff75d586b34e488ddcdfe53d8fc432e,213,207,6,#,NULL,NULL,165,NULL,27
85527b1ceff75d586b34e488ddcdfe53d8fc432e,75c18c9e9f0bc1571f67a57998263d4fe4190195,4,2,2,Normal,NULL,NULL,0,NULL,0
75c18c9e9f0bc1571f67a57998263d4fe4190195,d1a03e0316ed120160e1a54e068821af6ee254a1,5,5,0,Normal,NULL,NULL,0,NULL,0
d1a03e0316ed120160e1a54e068821af6ee254a1,da04264905502763c44dee2574c04eb0b1b6f434,96,24,72,Normal,NULL,NULL,43,NULL,1
da04264905502763c44dee2574c04eb0b1b6f434,a68b6bb35f2079272737b38a943cccb4d39586df,7,5,2,Normal,NULL,NULL,0,NULL,0
a68b6bb35f2079272737b38a943cccb4d39586df,5e2e18803f209427914bf36a875236a62077c4d4,2,1,1,Document,NULL,NULL,2,NULL,1
f3738faa906f2927e43aa16e75428cb7fcbfd8e1,0e39b37f489c631e50abf62e90fd980001d553c1,2,1,1,Document,ISSUE,BUG,2,NULL,1
28ce600aaeb37c6cdbeb17b50a07df4eb82a075e,0e39b37f489c631e50abf62e90fd980001d553c1,2,1,1,Document,NULL,NULL,2,NULL,1
5e2e18803f209427914bf36a875236a62077c4d4,0e39b37f489c631e50abf62e90fd980001d553c1,28,27,1,Normal,NULL,NULL,0,NULL,0
0e39b37f489c631e50abf62e90fd980001d553c1,4c3306133f8ce3e8c41431503180d776f7d3c989,2,1,1,Normal,NULL,NULL,0,NULL,0
4c3306133f8ce3e8c41431503180d776f7d3c989,aec291f56a0823cc40c6bd8b05bbbfb987d87f14,51,51,0,Document,NULL,NULL,10,NULL,1
aec291f56a0823cc40c6bd8b05bbbfb987d87f14,3a3b0350349faddf04bd197091870f07d9f64096,17,5,12,Document,NULL,NULL,11,NULL,1
3a3b0350349faddf04bd197091870f07d9f64096,1372b7228335f7414d263615efaa97f1b12d3dee,10,5,5,Normal,NULL,NULL,10,NULL,1
1372b7228335f7414d263615efaa97f1b12d3dee,12f5d3b51c449f9baf926f35f278a4c3dd3573e7,7,5,2,Normal,NULL,NULL,7,NULL,1
12f5d3b51c449f9baf926f35f278a4c3dd3573e7,6763bbbcb172c432a9fe5bf57cf037712e224f19,960,683,277,Normal,NULL,NULL,2,NULL,1
6763bbbcb172c432a9fe5bf57cf037712e224f19,e335e6e6b15b29c490f8000e012e2492b4204dee,56,56,0,Normal,NULL,NULL,0,NULL,0
e335e6e6b15b29c490f8000e012e2492b4204dee,b596ea97a32ba9651c191f76b29dff412f540fcf,43,23,20,Normal,NULL,NULL,43,NULL,1
b596ea97a32ba9651c191f76b29dff412f540fcf,a0807d95e1115612edf79feef229fe3d9c317acf,2,1,1,Normal,NULL,NULL,0,NULL,0
a0807d95e1115612edf79feef229fe3d9c317acf,e4c034f9541defaeb16aa2ff592c7ac87940215a,4,2,2,Normal,NULL,NULL,4,NULL,1
e4c034f9541defaeb16aa2ff592c7ac87940215a,0b7191febe0734b285494181515bd355640e6965,17,9,8,Normal,NULL,NULL,17,NULL,1
0b7191febe0734b285494181515bd355640e6965,52cf27287f8febad9ea2c71f2374850af7236970,5,2,3,Normal,NULL,NULL,5,NULL,1
52cf27287f8febad9ea2c71f2374850af7236970,c8b71649b0bfb8275b291fd43ec9fbd4237a3754,263,250,13,Normal,NULL,NULL,230,NULL,4
c8b71649b0bfb8275b291fd43ec9fbd4237a3754,13dff781e52759291e48cd0b59cf9197d96abd2a,6,2,4,Normal,NULL,NULL,6,NULL,1
13dff781e52759291e48cd0b59cf9197d96abd2a,d28146276d66bface80f62fc59088fd4505ef720,21,12,9,Normal,NULL,NULL,21,NULL,2
d28146276d66bface80f62fc59088fd4505ef720,0c78cfbbb007679ac7a02e41ed3839219645bb16,14,7,7,Normal,NULL,NULL,14,NULL,2
0c78cfbbb007679ac7a02e41ed3839219645bb16,581a98b9373c5efbdb1f601fdfa0bf561092f9ab,21,5,16,Normal,NULL,NULL,21,NULL,1
581a98b9373c5efbdb1f601fdfa0bf561092f9ab,8945b839068c5cab54c0458b6d7534274e87c3bd,4,3,1,Normal,NULL,NULL,0,NULL,0
8945b839068c5cab54c0458b6d7534274e87c3bd,d923d17c03884979bd0ba16c896f805467b5f3e1,11577,4660,6917,Normal,NULL,NULL,112,NULL,8
d923d17c03884979bd0ba16c896f805467b5f3e1,d4a539a1deb4dc569559220dfa250937a5574d40,8,4,4,Normal,NULL,NULL,0,NULL,0
d4a539a1deb4dc569559220dfa250937a5574d40,2eaf14db1cc968bc6798f917ca8345095facd394,6,3,3,Normal,NULL,NULL,0,NULL,2
2eaf14db1cc968bc6798f917ca8345095facd394,f325181f868e85082762d802b16264926f7e578e,5255,2734,2521,Normal,NULL,NULL,0,NULL,0
f325181f868e85082762d802b16264926f7e578e,0c9625cf8723e9e9fefaeea70bebafea1c2c3aaf,4,2,2,Normal,NULL,NULL,0,NULL,0
0c9625cf8723e9e9fefaeea70bebafea1c2c3aaf,3d710329f4ae5524076e56462bd8930327c89f4b,14,14,0,Normal,NULL,NULL,0,NULL,0
3d710329f4ae5524076e56462bd8930327c89f4b,d036c8e40a3cf2de9bdecc77d1ac04540736284f,13,10,3,Normal,NULL,NULL,13,NULL,1
d036c8e40a3cf2de9bdecc77d1ac04540736284f,9c33a24ae457fc5993d5d8c3342984670efa449b,28,13,15,Normal,NULL,NULL,28,NULL,3
9c33a24ae457fc5993d5d8c3342984670efa449b,27a007fbaeb7032d7c6516c9ebdaef814cb521da,30,29,1,Normal,NULL,NULL,0,NULL,0
27a007fbaeb7032d7c6516c9ebdaef814cb521da,b95a1ea68d5e6048a97b7f208b5a089d90a5772e,28,28,0,Normal,NULL,NULL,0,NULL,0
b95a1ea68d5e6048a97b7f208b5a089d90a5772e,a672f48e573b1061457a2fa45ed80cc07f96b559,7698,0,7698,Normal,NULL,NULL,11,NULL,2
a672f48e573b1061457a2fa45ed80cc07f96b559,b4134293f02ec0b4fb502cddd902f42c00377086,12,7,5,fix,NULL,NULL,12,NULL,1
b4134293f02ec0b4fb502cddd902f42c00377086,70d3d77462ffaacc4ee89951757989fe25f8a3f8,21,19,2,Normal,NULL,NULL,21,NULL,1
70d3d77462ffaacc4ee89951757989fe25f8a3f8,e60d42e70def4bd934dfbbe5eb07cd626ff02628,14,10,4,Normal,NULL,NULL,14,NULL,1
e60d42e70def4bd934dfbbe5eb07cd626ff02628,d48ce32a859802195cbf351e6d34a15f013b4465,2,2,0,Normal,NULL,NULL,2,NULL,1
d48ce32a859802195cbf351e6d34a15f013b4465,d179eccf390ac7916f86d8aa923d1055c2363df7,36,1,35,Document,NULL,NULL,36,NULL,1
d179eccf390ac7916f86d8aa923d1055c2363df7,ce078cdc89cef08b5406ae379196b2b9547f8295,7698,7698,0,Normal,NULL,NULL,11,NULL,2
ce078cdc89cef08b5406ae379196b2b9547f8295,5f77724bd38ed75c6aa879896f02d694a4962d2c,328,328,0,Document,NULL,NULL,64,NULL,1
5f77724bd38ed75c6aa879896f02d694a4962d2c,bb7387e545786146cd77d043658f26ff0dd7ca79,9,9,0,Normal,NULL,NULL,9,NULL,1
bb7387e545786146cd77d043658f26ff0dd7ca79,4f7df0e11ec0fdbb2f144e15bdfc2f89d49e0ec0,2,1,1,Normal,NULL,NULL,0,NULL,0
4f7df0e11ec0fdbb2f144e15bdfc2f89d49e0ec0,645401ce234dfd58a4bb8fac7fec562d57a28236,10,5,5,Normal,NULL,NULL,0,NULL,0
645401ce234dfd58a4bb8fac7fec562d57a28236,4129234d48f40fdb168622bab33b59ac79d06251,4,2,2,Normal,NULL,NULL,0,NULL,0
4129234d48f40fdb168622bab33b59ac79d06251,5570e5390e327a738f05a8c399e642b3aa8d2890,30,20,10,Normal,NULL,NULL,0,NULL,0
5570e5390e327a738f05a8c399e642b3aa8d2890,3580f2cddbcbb5370a3f539fbcc1497b4cbb409d,7,2,5,Normal,NULL,NULL,7,NULL,1
3580f2cddbcbb5370a3f539fbcc1497b4cbb409d,a749d50c9df99777de88ad3301254a790dcbb227,89,89,0,Normal,NULL,NULL,76,NULL,3
a749d50c9df99777de88ad3301254a790dcbb227,97d41f61939e8d8afdd38abf1daec7a5264db04b,8,5,3,Normal,NULL,NULL,8,NULL,1
97d41f61939e8d8afdd38abf1daec7a5264db04b,3a027c6129b96110e324b544c150935ae7a07a63,99,99,0,Normal,NULL,NULL,88,NULL,3
3a027c6129b96110e324b544c150935ae7a07a63,6749e9e9027b82c8c03827020a7a47734951416d,6,3,3,Normal,NULL,NULL,0,NULL,0
6749e9e9027b82c8c03827020a7a47734951416d,fd3acfacf531ba20e54995b06b2ffd3175c19c24,11,8,3,Normal,NULL,NULL,11,NULL,1
fd3acfacf531ba20e54995b06b2ffd3175c19c24,08faf84139e1f3fc5370ac054a8ec5cf13d1b5cd,225,131,94,Normal,NULL,NULL,0,NULL,0
08faf84139e1f3fc5370ac054a8ec5cf13d1b5cd,2a11d461b2d047c8bee10d577f6cf32f70d8c41c,2,1,1,Normal,NULL,NULL,2,NULL,1
2a11d461b2d047c8bee10d577f6cf32f70d8c41c,cc431e8cbb3eddea9b3a0a1f8a7f96ea52ffd076,3,3,0,Normal,NULL,NULL,3,NULL,1
cc431e8cbb3eddea9b3a0a1f8a7f96ea52ffd076,a0b950639515aa5aeb8b61e2e9a062fc0ec62d06,91,82,9,Normal,NULL,NULL,30,NULL,1
a0b950639515aa5aeb8b61e2e9a062fc0ec62d06,3c8f1e19784ea0b387b437e0df8f3b3a42f8d5a2,12,2,10,Normal,NULL,NULL,0,NULL,0
3c8f1e19784ea0b387b437e0df8f3b3a42f8d5a2,01d7de0365aa2c64bb4c218a7d096fd43ddc7086,2,1,1,Normal,ISSUE,NULL,2,NULL,1
01d7de0365aa2c64bb4c218a7d096fd43ddc7086,a2956651c618aef5f8a096e163ef5f12e89455c8,9,0,9,Normal,NULL,NULL,9,NULL,1
a2956651c618aef5f8a096e163ef5f12e89455c8,cfd48d0966cfa89ae126341e75f793cc6c1d191a,1,1,0,Normal,NULL,NULL,1,NULL,1
cfd48d0966cfa89ae126341e75f793cc6c1d191a,3ed14d0fd4c26c4a8b0d0e57d81ddf3c91ccf5e7,47,19,28,Normal,NULL,NULL,0,NULL,0
3ed14d0fd4c26c4a8b0d0e57d81ddf3c91ccf5e7,f08edab4f4e6daf1a9fc0e1f0f8b23472bcf46e8,196,177,19,Normal,NULL,NULL,0,NULL,0
f08edab4f4e6daf1a9fc0e1f0f8b23472bcf46e8,99d9e0463c1acbd3f298e5b803dd9740e8330579,5,4,1,Normal,NULL,NULL,0,NULL,0
99d9e0463c1acbd3f298e5b803dd9740e8330579,8cde7c374dc2f22dafc4c293c121e37378cc046a,19,7,12,Normal,NULL,NULL,15,NULL,3
8cde7c374dc2f22dafc4c293c121e37378cc046a,327a73e7953a791729e0b0aeee5ef150bdd9eff0,4,3,1,Normal,NULL,NULL,0,NULL,0
327a73e7953a791729e0b0aeee5ef150bdd9eff0,726a5149682d2a5378d81117b4cb0b1f4bf5f468,14,6,8,Normal,NULL,NULL,14,NULL,1
726a5149682d2a5378d81117b4cb0b1f4bf5f468,6c27be397b4bd27466bdc904d918631307d8dcf2,1,1,0,Normal,NULL,NULL,1,NULL,1
6c27be397b4bd27466bdc904d918631307d8dcf2,a57aa3f0b8691b401b242e586508928d526ba925,2,1,1,Comment,NULL,NULL,2,NULL,1
a57aa3f0b8691b401b242e586508928d526ba925,8c69dab7e22c54cbac7b28efbd6162048ccc4cb9,1,1,0,Normal,NULL,NULL,1,NULL,1
8c69dab7e22c54cbac7b28efbd6162048ccc4cb9,f20c892c12233459101c039d847ff5b8a571baf7,8,5,3,Normal,NULL,NULL,8,NULL,1
f20c892c12233459101c039d847ff5b8a571baf7,8ce530830c71be75ca366132bc16847472174401,862,860,2,Normal,NULL,NULL,13,NULL,2
8ce530830c71be75ca366132bc16847472174401,8e9b5e46f918ee29e12fb380dac7b940872c8e51,12,0,12,Normal,NULL,NULL,12,NULL,2
8e9b5e46f918ee29e12fb380dac7b940872c8e51,7a92462576047ad618e1b5fdbd035616a6e5ccac,3,2,1,Normal,NULL,NULL,3,NULL,1
7a92462576047ad618e1b5fdbd035616a6e5ccac,d685cb499c3a404de22b063390c6e2176fa6a823,2,0,2,Normal,NULL,NULL,0,NULL,0
d685cb499c3a404de22b063390c6e2176fa6a823,a0f8ddc0478817f4bca0ced6b0a6ecd15081f3e5,32,20,12,Normal,NULL,NULL,32,NULL,1
a0f8ddc0478817f4bca0ced6b0a6ecd15081f3e5,f3b6048806967d13a4a5d719e98fe8fa0ef1312b,320,318,2,Normal,NULL,NULL,39,NULL,2
f3b6048806967d13a4a5d719e98fe8fa0ef1312b,c4ac167665b19de23f37b0644b2cf92342e0d1fe,24,12,12,Normal,NULL,NULL,0,NULL,4
c4ac167665b19de23f37b0644b2cf92342e0d1fe,b5752ca15beec9eafee5c217dd7f611457656e71,2,1,1,Normal,NULL,NULL,2,NULL,1
b5752ca15beec9eafee5c217dd7f611457656e71,e2fe11351e5fde47895f22e3db831739dff3b6d6,251,95,156,Normal,NULL,NULL,136,NULL,4
e2fe11351e5fde47895f22e3db831739dff3b6d6,62de1166a86ce9ccfeb91fdbb501c9cb1b7421e2,41,39,2,Normal,NULL,NULL,28,NULL,3
62de1166a86ce9ccfeb91fdbb501c9cb1b7421e2,9fdf6d2f4f1a961815a949aee6643ffcb8cbe229,53,0,53,Normal,NULL,NULL,53,NULL,2
9fdf6d2f4f1a961815a949aee6643ffcb8cbe229,b6c798a293867a54d91528a3617e607665f2144e,32,28,4,Normal,NULL,NULL,32,NULL,1
b6c798a293867a54d91528a3617e607665f2144e,04a350df66b819cc11b28b06a033d45cb74b75fd,78,76,2,Normal,NULL,NULL,74,NULL,4
04a350df66b819cc11b28b06a033d45cb74b75fd,f4c9a92615788064c6de631f84499d4d00ff469f,37,36,1,Normal,NULL,NULL,15,NULL,1
f4c9a92615788064c6de631f84499d4d00ff469f,ed6fc8fe9aff8393eb6ab0ece028d0a2356e65f0,56,33,23,Normal,NULL,NULL,12,NULL,1
ed6fc8fe9aff8393eb6ab0ece028d0a2356e65f0,2811c470ae6dbb4fcb2528525ceed49de9c1b182,9,1,8,Format,NULL,NULL,2,NULL,1
2811c470ae6dbb4fcb2528525ceed49de9c1b182,9a34551e5f71273aa64842e48836099200659b07,27,21,6,Normal,NULL,NULL,27,NULL,1
9a34551e5f71273aa64842e48836099200659b07,37ad5019eddbdc693c6e6cfabd4e146e768dfcf0,63,31,32,Normal,NULL,NULL,63,NULL,1
37ad5019eddbdc693c6e6cfabd4e146e768dfcf0,eb56a2a49284bfd13405fa8d5d4f5b90f67c8724,82,54,28,Normal,NULL,NULL,24,NULL,4
eb56a2a49284bfd13405fa8d5d4f5b90f67c8724,e49f76f89113624831440dd93dc909b9da057738,353,335,18,Normal,NULL,NULL,92,NULL,4
e49f76f89113624831440dd93dc909b9da057738,f2e0ef84643abdbac08e08587be5fa0ba3a23eef,91,51,40,Normal,NULL,NULL,91,NULL,3
f2e0ef84643abdbac08e08587be5fa0ba3a23eef,f067085075d5d002fe3034e5c7adfcfd83feeeda,248,242,6,Normal,NULL,NULL,133,NULL,3
f067085075d5d002fe3034e5c7adfcfd83feeeda,dbe7a7d3304a848d1d552eb75784236afe8e853e,144,96,48,Normal,NULL,NULL,144,REFACTOR,3
dbe7a7d3304a848d1d552eb75784236afe8e853e,aa55d4b08d1e7c7a0a99b1797084623713d07bf6,8,8,0,Normal,NULL,NULL,8,NULL,1
aa55d4b08d1e7c7a0a99b1797084623713d07bf6,312575f50f9e7b76b428aabe7ae19522172e2dfa,71,49,22,Normal,NULL,NULL,71,NULL,3
312575f50f9e7b76b428aabe7ae19522172e2dfa,ba2e8160595d16eab499ddcc8c2d838b1ca9bc93,15,1,14,Normal,NULL,NULL,15,NULL,1
ba2e8160595d16eab499ddcc8c2d838b1ca9bc93,6697a5b1a173d557763e4875371bb6a90c23ec7a,2,1,1,Normal,NULL,NULL,2,NULL,1
6697a5b1a173d557763e4875371bb6a90c23ec7a,79a6f1bc1c9b38afa3b765f0b7d849b04dfc132c,31,20,11,Normal,NULL,NULL,31,NULL,1
79a6f1bc1c9b38afa3b765f0b7d849b04dfc132c,0527ffac18303e7c5f8cf4c9156a5bcb8d1692ff,6,2,4,Normal,NULL,NULL,6,NULL,1
0527ffac18303e7c5f8cf4c9156a5bcb8d1692ff,60f5d02b3df26dab8a4c5a7735205fa9bbd20f67,30,25,5,Normal,NULL,NULL,0,NULL,0
60f5d02b3df26dab8a4c5a7735205fa9bbd20f67,3a2d0a090a2c9b1991acbaa0be7ae8713bc0d907,388,218,170,Normal,NULL,NULL,0,NULL,28
3a2d0a090a2c9b1991acbaa0be7ae8713bc0d907,2af2ee4484c967c0d57ccc6aea0f9b375b8d94e8,121,87,34,Normal,NULL,NULL,13,NULL,4
2af2ee4484c967c0d57ccc6aea0f9b375b8d94e8,02dbaf5d48b7aeb038bef39d4c8c20f372d22bb7,2,1,1,Normal,NULL,NULL,2,NULL,1
02dbaf5d48b7aeb038bef39d4c8c20f372d22bb7,f95e1a895e13b89c3f29cb19ac61e473f1a1fa42,17,17,0,Normal,NULL,NULL,17,NULL,1
f95e1a895e13b89c3f29cb19ac61e473f1a1fa42,8ee6521428835c03412b4dead5f0637bec5eb551,15,9,6,Normal,NULL,NULL,15,NULL,1
8ee6521428835c03412b4dead5f0637bec5eb551,64e62d5bbfed7be8dc0dea3a9c693c286caf800a,8,4,4,Normal,NULL,NULL,0,NULL,1
64e62d5bbfed7be8dc0dea3a9c693c286caf800a,fb3c98b09d807b9a2958dbab5f1b6209a4185096,10,3,7,Normal,NULL,NULL,10,NULL,1
fb3c98b09d807b9a2958dbab5f1b6209a4185096,d6dde6d61293f03c667b4693a381c8b1a3c5f82c,69,69,0,Normal,NULL,NULL,69,NULL,4
d6dde6d61293f03c667b4693a381c8b1a3c5f82c,6940406f30525e33e8ef4a8457bf72e3a915c745,2,1,1,Format,NULL,NULL,2,NULL,1
6940406f30525e33e8ef4a8457bf72e3a915c745,068f59022fd36c7f595a7f8ba10970a76cc48ab4,30,24,6,Normal,NULL,NULL,30,NULL,1
068f59022fd36c7f595a7f8ba10970a76cc48ab4,cd61d78801cc56d5a59dd74b4b6946c4e275f043,5,4,1,fix,ISSUE,BUG,5,NULL,1
cd61d78801cc56d5a59dd74b4b6946c4e275f043,95cc589b55b6816809e9bd5f7f199e002fbe1af4,2,1,1,Normal,NULL,NULL,2,NULL,1
95cc589b55b6816809e9bd5f7f199e002fbe1af4,db96583fd3a082ebe92460b41fd2c0627760f576,47,31,16,Normal,NULL,NULL,47,NULL,1
db96583fd3a082ebe92460b41fd2c0627760f576,312c4799fb16c7fd3237fe30d307a7cd398b6b00,13,11,2,Normal,NULL,NULL,13,NULL,1
312c4799fb16c7fd3237fe30d307a7cd398b6b00,7e9c8d96884fa76d0b381b363b22831bb92e008f,54,22,32,Normal,NULL,NULL,54,NULL,3
7e9c8d96884fa76d0b381b363b22831bb92e008f,ae18624b4b1141f7c4acffdbe90115308b79bd18,13,13,0,Normal,NULL,NULL,13,NULL,1
ae18624b4b1141f7c4acffdbe90115308b79bd18,0166f1bc9d31e930bdc635a55f922c1501ab7540,2,1,1,Normal,ISSUE,BUG,2,NULL,1
0166f1bc9d31e930bdc635a55f922c1501ab7540,4f0619c47cf12b7c9fb316b279078e653622eb45,393,341,52,Normal,NULL,NULL,367,NULL,10
4f0619c47cf12b7c9fb316b279078e653622eb45,de19b055be566711ca8ca342431a236a37433b16,6,0,6,Normal,NULL,NULL,6,NULL,1
de19b055be566711ca8ca342431a236a37433b16,c1b75e0535f46ac76b664ed0553090b8c1752b1d,623,341,282,Normal,NULL,NULL,609,NULL,3
c1b75e0535f46ac76b664ed0553090b8c1752b1d,250c3ace547764c1a57f6047d815f02ce6970864,55,33,22,Normal,NULL,NULL,55,NULL,1
250c3ace547764c1a57f6047d815f02ce6970864,a2d2e5ccb0d8a4c02e5fdf14be0c04aa8028e96a,61,55,6,Normal,NULL,NULL,57,NULL,4
a2d2e5ccb0d8a4c02e5fdf14be0c04aa8028e96a,15ef7cf5462382082d0292ec8243ea53d26188fb,20,16,4,Normal,NULL,NULL,20,NULL,1
15ef7cf5462382082d0292ec8243ea53d26188fb,bb5c6b555dc55b5e254ceedf817cd8336bbe2d17,54,36,18,Normal,NULL,NULL,21,NULL,1
bb5c6b555dc55b5e254ceedf817cd8336bbe2d17,f89659186beb10f9a4e223d4913e99785e6b7f79,17,17,0,Comment,NULL,NULL,0,NULL,0
f89659186beb10f9a4e223d4913e99785e6b7f79,bad2ac3b75c4e7860e1ec0c58b91ad4c522f81d4,77,37,40,Normal,NULL,NULL,77,NULL,1
bad2ac3b75c4e7860e1ec0c58b91ad4c522f81d4,e3399d2bb2ccd72eeff965c8b8d2a0ea9dadc361,147,147,0,Format,NULL,NULL,100,NULL,3
e3399d2bb2ccd72eeff965c8b8d2a0ea9dadc361,b403bb44a2ae71af65e31130916ccbca70146be3,2,1,1,Normal,ISSUE,BUG,2,NULL,1
b403bb44a2ae71af65e31130916ccbca70146be3,2112448ae1f00a41008c58aacf43ed8a4068928d,6,3,3,Normal,NULL,NULL,6,NULL,1
2112448ae1f00a41008c58aacf43ed8a4068928d,ceb39ddaf83de7372dc3ac6f11c7753a7ed7c4f8,34,18,16,Normal,NULL,NULL,34,NULL,1
ceb39ddaf83de7372dc3ac6f11c7753a7ed7c4f8,46eb5a26dbfefabe43081ff3de6eabc033330991,13,13,0,Normal,NULL,NULL,13,NULL,1
46eb5a26dbfefabe43081ff3de6eabc033330991,e61beb767ad32a5592f31e456159591502f1d8d0,49,41,8,Normal,NULL,NULL,49,NULL,1
e61beb767ad32a5592f31e456159591502f1d8d0,00c7bee23183ce162e5f29987626bd0a6f68b2a3,7,3,4,Normal,NULL,NULL,7,NULL,1
00c7bee23183ce162e5f29987626bd0a6f68b2a3,bf927f21e8b7e4717fff2f66c27ed711915a2f93,46,24,22,Normal,NULL,NULL,46,REFACTOR,1
bf927f21e8b7e4717fff2f66c27ed711915a2f93,248a9d2c919fcc7550fce3d1405dcd7cd6160960,66,46,20,Normal,NULL,NULL,64,NULL,3
248a9d2c919fcc7550fce3d1405dcd7cd6160960,9101e771a8493046973afe7041a6dc00de9533eb,1,1,0,Normal,NULL,NULL,1,NULL,1
9101e771a8493046973afe7041a6dc00de9533eb,c79b78a7a43e489a105ea0261c026e321beb900f,216,105,111,Normal,NULL,NULL,216,NULL,1
c79b78a7a43e489a105ea0261c026e321beb900f,9d6009acb64bc11b8d76a9e8782d4e95afad6b6d,16,8,8,Normal,NULL,NULL,16,NULL,1
9d6009acb64bc11b8d76a9e8782d4e95afad6b6d,7604b63c0169aad07b345075bcc7a21bab55ab28,8,4,4,Normal,NULL,NULL,0,NULL,0
7604b63c0169aad07b345075bcc7a21bab55ab28,d1008b853b34d4edce536371af43c6bfa8a25c44,12,6,6,Normal,NULL,NULL,0,NULL,0
d1008b853b34d4edce536371af43c6bfa8a25c44,a56ec138c0053fb19b35fa5792655c83c2289310,35,21,14,Normal,NULL,NULL,14,NULL,1
a56ec138c0053fb19b35fa5792655c83c2289310,7d8f0ca2c0286b41c3755d9779a59bf026fccf84,192,105,87,Normal,NULL,NULL,192,REFACTOR,6
7d8f0ca2c0286b41c3755d9779a59bf026fccf84,2ce31cd535c7b792ce45a5ae2b75b3ad5ee16902,55,46,9,Normal,NULL,NULL,12,NULL,3
2ce31cd535c7b792ce45a5ae2b75b3ad5ee16902,1bec535883af95a59a7475fdf489f9f4283d451c,41,28,13,Normal,NULL,NULL,41,REFACTOR,1
1bec535883af95a59a7475fdf489f9f4283d451c,0332194af2da36a22ce1b3e8f127ec3a44257302,230,190,40,Normal,NULL,NULL,171,NULL,3
0332194af2da36a22ce1b3e8f127ec3a44257302,a3ef7eb903dcc6461280a14459b36447e9c58934,15,11,4,Normal,NULL,NULL,0,NULL,0
a3ef7eb903dcc6461280a14459b36447e9c58934,033731b480dc643d1f585fccdc74f2dbb04ecf5c,17,16,1,Normal,NULL,NULL,17,NULL,1
033731b480dc643d1f585fccdc74f2dbb04ecf5c,a14bf905e07a305217acd93d4f2b96e15d234723,2,1,1,Normal,NULL,NULL,0,NULL,0
a14bf905e07a305217acd93d4f2b96e15d234723,9415153f0a9a76c4806770847b689a933790caea,2,1,1,Normal,NULL,NULL,2,NULL,1
9415153f0a9a76c4806770847b689a933790caea,a050e7fb8745358e871b1a8f2a0c97e353d7cd6e,8,8,0,Normal,NULL,NULL,8,NULL,1
a050e7fb8745358e871b1a8f2a0c97e353d7cd6e,1d1ccba0ce0b1346f86fc4d97fdff7d0f2592dfe,277,5,272,Normal,NULL,NULL,0,NULL,0
1d1ccba0ce0b1346f86fc4d97fdff7d0f2592dfe,710f318a2fdaa8fd615b44b1e8348ac30a42638d,1,1,0,Normal,NULL,NULL,1,NULL,1
710f318a2fdaa8fd615b44b1e8348ac30a42638d,e210a013e95484bdecf991e2ed32e5a4beb3764e,2,1,1,Normal,NULL,NULL,0,NULL,0
e210a013e95484bdecf991e2ed32e5a4beb3764e,4fa3a57cf46560f985d894dfcfc69658b3aac2af,84,74,10,Normal,NULL,NULL,28,NULL,1
4fa3a57cf46560f985d894dfcfc69658b3aac2af,01c8f8eb79dac58a029a643ef2e13da0141ddfc9,119,58,61,Normal,NULL,NULL,109,NULL,8
01c8f8eb79dac58a029a643ef2e13da0141ddfc9,79c191b2530496a59223e67b9fe4845c82e9e935,489,244,245,Normal,NULL,NULL,44,NULL,25
79c191b2530496a59223e67b9fe4845c82e9e935,15756b78cefa0efb570c8d97949e878b6f86cf08,22,11,11,Normal,NULL,NULL,0,NULL,0
15756b78cefa0efb570c8d97949e878b6f86cf08,8ee087e5211ae1d9c475340d6ec252c424e44408,5,5,0,Normal,NULL,NULL,5,NULL,1
8ee087e5211ae1d9c475340d6ec252c424e44408,b1fe52c216527068839b6ce7dbb95ce7f9cd8c43,2,1,1,Format,NULL,NULL,0,NULL,0
b1fe52c216527068839b6ce7dbb95ce7f9cd8c43,319efd9fe58640b52125a10bd2109cacf54b3f39,10,6,4,Normal,NULL,NULL,0,NULL,0
319efd9fe58640b52125a10bd2109cacf54b3f39,6fd85279b2de5aec9350ce0c33474b2e76074c53,16,12,4,Normal,ISSUE,BUG,16,NULL,1
6fd85279b2de5aec9350ce0c33474b2e76074c53,1612abb9dbd24113751958777a49cffc6767989c,30,22,8,Normal,ISSUE,BUG,16,NULL,1
1612abb9dbd24113751958777a49cffc6767989c,null,12429,12429,0,Normal,NULL,NULL,2552,NULL,25
