aa4dee753105ee887b58e9ddddbbd4a539ed95ac,9560dd45825bfddd9192a087069dc28434b43e94,8,6,2,Normal,NULL,NULL,4,NULL,1
9560dd45825bfddd9192a087069dc28434b43e94,f6e125c7854ee41c3e92600592a8547b9f143327,352,274,78,Document,NULL,NULL,120,NULL,4
f6e125c7854ee41c3e92600592a8547b9f143327,3aaeca550605ce4216108ec875b5fc830a361fc3,7,2,5,Normal,NULL,NULL,0,NULL,0
bf843b1f6b8416e8cabd2c3e6d728031abda0c60,db55dcafdc790dfd507c0b5aa4bbcdcae8371e5d,2,1,1,Normal,NULL,NULL,0,NULL,0
db55dcafdc790dfd507c0b5aa4bbcdcae8371e5d,4b51c28a40b2467eb7f880ffc9cebd2c09c86085,2,0,2,Normal,NULL,NULL,0,NULL,0
3aaeca550605ce4216108ec875b5fc830a361fc3,743ee4743862bab9248006fdb741857f5e490f3e,2,1,1,Document,NULL,NULL,2,NULL,1
4b51c28a40b2467eb7f880ffc9cebd2c09c86085,0da1bc76e4d078244fb9a85f5f3dd87ed6ce8161,24,12,12,Normal,NULL,NULL,0,NULL,0
0da1bc76e4d078244fb9a85f5f3dd87ed6ce8161,ebfdfb9a99be307aedc3fee86e50bfd99590a163,2,1,1,Normal,NULL,NULL,0,NULL,0
ebfdfb9a99be307aedc3fee86e50bfd99590a163,3c44b8c3774d809e543b42fad067d420ea70b8bf,10,6,4,Document,NULL,NULL,5,NULL,1
743ee4743862bab9248006fdb741857f5e490f3e,2f49dce4f277a185bfd7d9872231f5dae99d0a87,5,3,2,Normal,NULL,NULL,0,NULL,0
2f49dce4f277a185bfd7d9872231f5dae99d0a87,f93f375e73f80fecd5a7d6013d8ffd116c4181f2,5,3,2,Document,NULL,NULL,5,NULL,1
3c44b8c3774d809e543b42fad067d420ea70b8bf,639a618fa3e2f5db4e778c433d8136e8b1659f88,18,10,8,Normal,NULL,NULL,0,NULL,0
f93f375e73f80fecd5a7d6013d8ffd116c4181f2,eedd5756ea87cdcf61cadeffe9a3f37bbd1df5f8,13,7,6,Normal,NULL,NULL,0,NULL,0
639a618fa3e2f5db4e778c433d8136e8b1659f88,12ceb090bf080232a6415f0f0a69c669e6001f39,6,1,5,Document,NULL,NULL,4,NULL,1
12ceb090bf080232a6415f0f0a69c669e6001f39,f600bdaf89cddc8afc1c43ca781728143c6c50e8,324,263,61,Normal,NULL,NULL,116,NULL,3
eedd5756ea87cdcf61cadeffe9a3f37bbd1df5f8,f600bdaf89cddc8afc1c43ca781728143c6c50e8,5,3,2,Normal,NULL,NULL,0,NULL,0
f600bdaf89cddc8afc1c43ca781728143c6c50e8,3ebf983fdd97a5a1b816520aa0f871578acf38ed,11,11,0,Normal,NULL,NULL,0,NULL,0
3ebf983fdd97a5a1b816520aa0f871578acf38ed,646dd1d2b0caa22565b153728bdff01b3cda4c99,6,3,3,Normal,NULL,NULL,0,NULL,0
646dd1d2b0caa22565b153728bdff01b3cda4c99,b9e6ef05d256304749de718768b2ec9731b8b633,4,3,1,Normal,NULL,NULL,2,NULL,1
b9e6ef05d256304749de718768b2ec9731b8b633,e582c888b738f13751ab0f95d4dd9288cb01a63b,2,1,1,Normal,NULL,NULL,0,NULL,0
e582c888b738f13751ab0f95d4dd9288cb01a63b,2c9ef05b37a48a2dd277d235d13eb45680925058,11,11,0,Normal,NULL,NULL,0,NULL,0
2c9ef05b37a48a2dd277d235d13eb45680925058,47eda9e341b0bb782695b3928034304954a284db,4,2,2,Normal,NULL,NULL,0,NULL,0
47eda9e341b0bb782695b3928034304954a284db,e6312693b0c1c1a14491518c9c45665ffb16d1fb,2,1,1,fix,NULL,NULL,2,NULL,1
e6312693b0c1c1a14491518c9c45665ffb16d1fb,c86b6b786fd6decc8faad8470d6c8b994b48e1bd,3,1,2,Document,NULL,NULL,3,NULL,1
c86b6b786fd6decc8faad8470d6c8b994b48e1bd,e23c7f6f7b16fbb9056c0e3c6eae6f8b1d740978,2,2,0,Document,NULL,NULL,2,NULL,1
e23c7f6f7b16fbb9056c0e3c6eae6f8b1d740978,fb599dd9214fa19da46c15112cbe46f1948fa836,4,4,0,Normal,NULL,NULL,4,NULL,1
fb599dd9214fa19da46c15112cbe46f1948fa836,68d77cbdbba95a940790ced4ed59ba0db8a7a678,2,2,0,#,NULL,NULL,2,NULL,1
68d77cbdbba95a940790ced4ed59ba0db8a7a678,f8644755611a51d1f142cd53084b7fdfd216b40d,4,2,2,Normal,NULL,NULL,4,NULL,1
f8644755611a51d1f142cd53084b7fdfd216b40d,ed96522b0c5ffbce2ed09c438db58396c4928a3a,8,4,4,#,NULL,NULL,0,NULL,0
6f2a974b2f1f2fdeb54990aae6447889aad6801c,09294d87480cddef8a69e6d2d1c985560d50e5bb,8,4,4,Normal,NULL,NULL,0,NULL,0
ed96522b0c5ffbce2ed09c438db58396c4928a3a,d319d722b9f01b01f543bf5e2973943915d297c0,14,9,5,Normal,NULL,NULL,14,NULL,1
d319d722b9f01b01f543bf5e2973943915d297c0,97d5739217753a615dc740554917cddbddb47c0d,14,9,5,Normal,NULL,NULL,14,NULL,1
97d5739217753a615dc740554917cddbddb47c0d,d763cce29770edd13053fc640f40c051cce6bb1b,2,1,1,fix #,ISSUE,NULL,2,NULL,1
d763cce29770edd13053fc640f40c051cce6bb1b,bede8b43b125042584ce3e1fbaa778e04fbe99a3,7,3,4,#,NULL,NULL,7,NULL,1
bede8b43b125042584ce3e1fbaa778e04fbe99a3,e3642a50628975d191dccd6a99bea5c41b1d815d,2,1,1,Normal,NULL,NULL,2,NULL,1
e3642a50628975d191dccd6a99bea5c41b1d815d,a6dea6fdb1551928d172367c8e45fa0a30360d7a,1,1,0,Normal,NULL,NULL,1,NULL,1
a6dea6fdb1551928d172367c8e45fa0a30360d7a,8d6fa09cabe5c9c30169d04908928779999f1b7d,1,1,0,Normal,NULL,NULL,1,NULL,1
8d6fa09cabe5c9c30169d04908928779999f1b7d,16d9063e791a14200f0e93b8385576bfd792cf75,23,13,10,Normal,NULL,NULL,23,NULL,1
16d9063e791a14200f0e93b8385576bfd792cf75,d2dd548dcac0fbf252adf820facda3a624ea2a55,4,2,2,Normal,NULL,NULL,0,NULL,0
d2dd548dcac0fbf252adf820facda3a624ea2a55,8ac6b4da915d0398ea8a8ac9bbd0cb8315a876c4,13,11,2,Normal,NULL,NULL,13,NULL,1
8ac6b4da915d0398ea8a8ac9bbd0cb8315a876c4,a550664e4a548c1c868887c590d2febbb0560c74,188,129,59,#,NULL,NULL,27,NULL,3
a550664e4a548c1c868887c590d2febbb0560c74,f7711c8afe66ede1c5395e66dfe2efaaf0b67ddb,88,76,12,Document,NULL,NULL,88,NULL,6
f7711c8afe66ede1c5395e66dfe2efaaf0b67ddb,dbeb616204d0d3f4aeae917c4882cc3c443ba909,59,53,6,#,NULL,NULL,59,NULL,2
091158b8b3d967362ba18f91ca2777c5eff1d5ed,1a9e64ed5b6fa6bcfec71367eadc27d111837ba8,0,0,0,#,NULL,NULL,0,NULL,0
dbeb616204d0d3f4aeae917c4882cc3c443ba909,cbc50ea8632cf996d9721a887af1a5817e8b8a0c,6,2,4,Document,NULL,NULL,6,NULL,1
1a9e64ed5b6fa6bcfec71367eadc27d111837ba8,98476b880e4902ebbe60d9266e88240bec4aa5e2,10,4,6,Document,NULL,NULL,10,NULL,1
98476b880e4902ebbe60d9266e88240bec4aa5e2,f0deb409971ef1e42b2736344de4e3d1c5491ab5,2,1,1,Normal,NULL,NULL,2,NULL,1
f0deb409971ef1e42b2736344de4e3d1c5491ab5,cbc50ea8632cf996d9721a887af1a5817e8b8a0c,82,73,9,#,NULL,NULL,82,NULL,5
097c3ff69e18ac53750a6dd4c7088caf30755ffc,293c17ff61e11bedf3ee32bbfd4c297ff9c8aac5,20,8,12,Normal,NULL,NULL,20,NULL,1
cbc50ea8632cf996d9721a887af1a5817e8b8a0c,f9525901049a7cb33b0765fe8d082bd2d3b502f9,4,2,2,#,NULL,NULL,0,NULL,0
f9525901049a7cb33b0765fe8d082bd2d3b502f9,b7f30694ecdbb980549226614b6d73e2e461ddc6,2,1,1,Document,NULL,NULL,2,NULL,1
b7f30694ecdbb980549226614b6d73e2e461ddc6,a80625c104278fb9710b8fbf931763b436d67bdc,12,6,6,fix #,ISSUE,NULL,4,NULL,2
93f8f7359162afffd32c14b4d01a3e6e63edb935,67e96d2c0cfdb29ed6c4ff2db6fc00d8f1ee93ff,80,80,0,Normal,NULL,NULL,0,NULL,0
67e96d2c0cfdb29ed6c4ff2db6fc00d8f1ee93ff,a80625c104278fb9710b8fbf931763b436d67bdc,108,49,59,fix,ISSUE,BUG,27,NULL,3
a80625c104278fb9710b8fbf931763b436d67bdc,216d110d1823c2cd44f27a429452721a2f02713c,2,2,0,#,NULL,NULL,0,NULL,0
d96434e9c123ba26e4ca5d86977bd13fa48b3539,216d110d1823c2cd44f27a429452721a2f02713c,2,2,0,Normal,NULL,NULL,0,NULL,0
293c17ff61e11bedf3ee32bbfd4c297ff9c8aac5,4cace3adab79ce0dbcb4ecb1bba28341e13ec727,17,14,3,Normal,NULL,NULL,17,NULL,2
4cace3adab79ce0dbcb4ecb1bba28341e13ec727,91936870bfd2b1124237f440279671df1869fe1f,16,13,3,Document,NULL,NULL,16,NULL,3
216d110d1823c2cd44f27a429452721a2f02713c,cddbfede4a787386bda679d9657e2b026c86fcc7,8,8,0,fix #,ISSUE,NULL,8,NULL,1
cddbfede4a787386bda679d9657e2b026c86fcc7,cb1b6f44d29e98364077b0a61caec5e2574fc88d,8,5,3,Document,NULL,NULL,8,NULL,2
0a36120f1b0d67c2afb2af9b08acb465a44021e3,cb1b6f44d29e98364077b0a61caec5e2574fc88d,8,8,0,Normal,NULL,NULL,8,NULL,1
31d3800125890ed1d3c241e9e982d8738c210eb2,cc346d69db60d3985e2b7b52142e72886dae1207,1,1,0,Document,NULL,NULL,1,NULL,1
cc346d69db60d3985e2b7b52142e72886dae1207,cb1b6f44d29e98364077b0a61caec5e2574fc88d,7,4,3,Normal,NULL,NULL,7,NULL,1
91936870bfd2b1124237f440279671df1869fe1f,3a8419ba84a4b9fec7d648f1ef5653b25bb357d6,20,15,5,Normal,NULL,NULL,20,NULL,1
3a8419ba84a4b9fec7d648f1ef5653b25bb357d6,04e67642b08b55dc94e4ede1a63ea6112a59dc91,14,9,5,fix,NULL,NULL,14,NULL,1
04e67642b08b55dc94e4ede1a63ea6112a59dc91,5c9bf03d4c88b26f2f5fb1b61d032a27d634aadd,38,32,6,Normal,NULL,NULL,38,NULL,2
cb1b6f44d29e98364077b0a61caec5e2574fc88d,6edbaee6917be8ae701128ea94abc4438c6f0b89,14,9,5,Normal,NULL,NULL,14,NULL,1
5c9bf03d4c88b26f2f5fb1b61d032a27d634aadd,6edbaee6917be8ae701128ea94abc4438c6f0b89,14,9,5,fix,NULL,NULL,14,NULL,1
6edbaee6917be8ae701128ea94abc4438c6f0b89,93bd073b6e87e89eae0d7c3c17308536ca3da790,1,1,0,Normal,NULL,NULL,1,NULL,1
93bd073b6e87e89eae0d7c3c17308536ca3da790,272812845dac8b4ec6f49a421c9758f7a6bf646f,25,17,8,#,NULL,NULL,25,NULL,2
272812845dac8b4ec6f49a421c9758f7a6bf646f,a5a199ebc557ef11f35e6895aceb041917517b56,7,4,3,Normal,NULL,NULL,3,NULL,1
a5a199ebc557ef11f35e6895aceb041917517b56,fb3bd709bd03f1738a223dff8683010e50d3cafc,33,19,14,Normal,NULL,NULL,5,NULL,1
fb3bd709bd03f1738a223dff8683010e50d3cafc,46bcaf6846e428fb4925cbdae01e3d0caf717f8b,4,2,2,Normal,NULL,NULL,0,NULL,0
46bcaf6846e428fb4925cbdae01e3d0caf717f8b,d7cdae7dba92b25b1def09a3ff866ee7775e873b,240,231,9,Document,NULL,NULL,221,NULL,6
69942f66f5a9e3abef37ceaae903be811dde39bb,8106e2b56f733af0ee65d07a73b4eab5f351edad,37,31,6,Document,NULL,NULL,35,NULL,5
8106e2b56f733af0ee65d07a73b4eab5f351edad,2c9df0eefdc951e63da51df25729d76b64e29809,29,23,6,Normal,ISSUE,BUG,27,NULL,3
2c9df0eefdc951e63da51df25729d76b64e29809,d7cdae7dba92b25b1def09a3ff866ee7775e873b,194,187,7,Document,NULL,NULL,179,NULL,4
d7cdae7dba92b25b1def09a3ff866ee7775e873b,69d7c0d6e1898ad5f94391deec90771b61387491,56,56,0,Document,NULL,NULL,22,NULL,3
bf641130a961f829f963f83d678587a434d58fa4,c1240a69546ffc7225ba51d943845a7de780ea29,164,116,48,Document,NULL,NULL,164,NULL,6
69d7c0d6e1898ad5f94391deec90771b61387491,c352e7e1a4d1f222db53e77addf7a648389481d1,52,51,1,Document,NULL,NULL,52,NULL,3
c352e7e1a4d1f222db53e77addf7a648389481d1,bfb47b35b7b988e878933ab8c17dc91f26584141,68,42,26,Normal,NULL,NULL,68,NULL,4
bfb47b35b7b988e878933ab8c17dc91f26584141,62574ae8f1a76d6c1eb8c637d5d6301527e610fd,81,41,40,Format,ISSUE,NULL,81,NULL,1
9a35fe3c8702b84c8049e5d2a3fdc57e4a10e495,7cab5befe6c78074eabaf09573a810f116a03e96,2,0,2,Normal,NULL,NULL,2,NULL,1
7cab5befe6c78074eabaf09573a810f116a03e96,62574ae8f1a76d6c1eb8c637d5d6301527e610fd,54,53,1,Document,NULL,NULL,54,NULL,3
c1240a69546ffc7225ba51d943845a7de780ea29,3ae19f82980b958d0d85abe27e077eb344aa40f8,2,2,0,Normal,NULL,NULL,0,NULL,0
3ae19f82980b958d0d85abe27e077eb344aa40f8,1b7204e4c273f9429f6a8314018c4a518233566d,19,16,3,Document,NULL,NULL,19,NULL,3
1b7204e4c273f9429f6a8314018c4a518233566d,62574ae8f1a76d6c1eb8c637d5d6301527e610fd,40,40,0,Document,NULL,NULL,8,NULL,2
62574ae8f1a76d6c1eb8c637d5d6301527e610fd,663bbf37f8ece88ca633ef90395d53582ecf2033,2,1,1,fix,ISSUE,NULL,2,NULL,1
663bbf37f8ece88ca633ef90395d53582ecf2033,1ab3223f37b31caa59b713e4cf6d0a4bc3534898,5,5,0,Normal,NULL,NULL,5,NULL,1
1ab3223f37b31caa59b713e4cf6d0a4bc3534898,5fb9f6fc86dc5a87b2a54a878ec807983d434c1e,4,2,2,Normal,NULL,NULL,0,NULL,0
5fb9f6fc86dc5a87b2a54a878ec807983d434c1e,feb5b88e5aff765adcc4ebf2674605cce81935f4,8,7,1,fix,NULL,NULL,8,NULL,1
feb5b88e5aff765adcc4ebf2674605cce81935f4,1a6f0d2da944b24a0b8c92c2cf66ed475621e19d,4,2,2,fix,NULL,NULL,0,NULL,0
1a6f0d2da944b24a0b8c92c2cf66ed475621e19d,896de2c669c98acdcf5d7df719eb6ad4b1fd9329,136,132,4,Normal,NULL,NULL,0,NULL,0
896de2c669c98acdcf5d7df719eb6ad4b1fd9329,29f79a4c46fb482f032de5b49330528384801957,13,13,0,Normal,NULL,NULL,0,NULL,0
29f79a4c46fb482f032de5b49330528384801957,d85ad6a7e17f0fbe5b53f7afcbcc2f1ea0661070,2,1,1,Normal,NULL,NULL,0,NULL,0
d85ad6a7e17f0fbe5b53f7afcbcc2f1ea0661070,f4639e8b23d1ae8f1b5f014f9b2bd2f8d5681ed8,24,13,11,fix #,ISSUE,NULL,22,NULL,1
f4639e8b23d1ae8f1b5f014f9b2bd2f8d5681ed8,09294d87480cddef8a69e6d2d1c985560d50e5bb,275,163,112,#,NULL,NULL,216,NULL,4
c447a57401bdab0e789bd854beea41ab773a9b59,09294d87480cddef8a69e6d2d1c985560d50e5bb,275,163,112,Normal,NULL,NULL,216,NULL,4
99ae162fb4899311c98cf9e47cf4953521348c0c,8f6ea366d009870597885e5840dcad37d5209d5d,22,12,10,Normal,NULL,NULL,22,NULL,1
8f6ea366d009870597885e5840dcad37d5209d5d,43bba02bf64ee98357c4c351f79366720d1f9749,2,2,0,Normal,NULL,NULL,0,NULL,0
43bba02bf64ee98357c4c351f79366720d1f9749,09294d87480cddef8a69e6d2d1c985560d50e5bb,2,1,1,fix,NULL,NULL,0,NULL,0
09294d87480cddef8a69e6d2d1c985560d50e5bb,db6359226ceed46153c2b226845ef0ac5a0f299b,19,14,5,Document,NULL,NULL,19,NULL,2
db6359226ceed46153c2b226845ef0ac5a0f299b,09228a70762743fa6a646c3711c94935fd3926d8,13,2,11,#,NULL,NULL,13,NULL,3
b53dd1d59c974cad0f44702db55ee53e89eb190e,6ed9dabd0d929481a88fa3dadbe1209283f25d1a,2,1,1,Document,NULL,NULL,2,NULL,1
6ed9dabd0d929481a88fa3dadbe1209283f25d1a,09228a70762743fa6a646c3711c94935fd3926d8,19,14,5,Document,NULL,NULL,19,NULL,2
0c50091817df1081d40e7fc43d85b076ca54e442,09228a70762743fa6a646c3711c94935fd3926d8,13,2,11,Normal,NULL,NULL,13,NULL,3
09228a70762743fa6a646c3711c94935fd3926d8,e6b797348d24543c4ba42b440b1487da802ee8d3,2,1,1,Document,ISSUE,NULL,2,NULL,1
cd6710f736dfa9c2c9886a59e15216c1f3fceb8e,7ab591aa099838b7ce0ad13f26c65d6c9b0c6519,2,1,1,Document,NULL,NULL,2,NULL,1
e6b797348d24543c4ba42b440b1487da802ee8d3,8d7b18c04d520fa0b3a16bfdd40704105906a3fa,20,20,0,Document,NULL,NULL,20,NULL,2
7ab591aa099838b7ce0ad13f26c65d6c9b0c6519,e2dce6a6c166ca386b208717de6d5a66fc99d9db,25,14,11,Document,NULL,NULL,25,NULL,2
e2dce6a6c166ca386b208717de6d5a66fc99d9db,ef4fa46793e0f94f5841c64c9558f8744e458072,18,11,7,Document,NULL,NULL,18,NULL,2
ef4fa46793e0f94f5841c64c9558f8744e458072,b1dff645735d24a6266820b0be7048b898e394c9,1,1,0,Document,NULL,NULL,1,NULL,1
b1dff645735d24a6266820b0be7048b898e394c9,8d7b18c04d520fa0b3a16bfdd40704105906a3fa,12,12,0,Normal,NULL,NULL,12,NULL,1
8d7b18c04d520fa0b3a16bfdd40704105906a3fa,1685476d7fdf06de0cd5a4e8e37cf3befcf99d77,2,1,1,Normal,NULL,NULL,2,NULL,1
1685476d7fdf06de0cd5a4e8e37cf3befcf99d77,2ada38cec739abaa214c379b7d05054fa015771a,5,1,4,fix #,ISSUE,NULL,5,NULL,1
2ada38cec739abaa214c379b7d05054fa015771a,24ca39f4d174aa9dd353b67b834ee477b15d9ba5,2,1,1,fix #,ISSUE,NULL,2,NULL,1
24ca39f4d174aa9dd353b67b834ee477b15d9ba5,3be38f470982f8e2c911a5b3fdc0d2075b5bb220,11,11,0,Normal,NULL,NULL,11,NULL,1
3be38f470982f8e2c911a5b3fdc0d2075b5bb220,7786bfc18d0f899ac2aed0763ab64949d491c779,13,8,5,Document,NULL,NULL,13,NULL,1
7786bfc18d0f899ac2aed0763ab64949d491c779,8e1ef96b1958e084aca9eede53395ab2c543b872,0,0,0,Normal,NULL,NULL,0,NULL,2
8e1ef96b1958e084aca9eede53395ab2c543b872,13a007e618343e2aa61616efb3f9c90f035d804f,4,2,2,Normal,NULL,NULL,0,NULL,0
13a007e618343e2aa61616efb3f9c90f035d804f,06811880d787323a10ac27ace8121fe4ef5024cc,7,2,5,Normal,NULL,NULL,7,NULL,1
06811880d787323a10ac27ace8121fe4ef5024cc,f408a3b5c0638bf6523dfa93ad7f27b1975545c7,8,4,4,Normal,NULL,NULL,8,NULL,1
f408a3b5c0638bf6523dfa93ad7f27b1975545c7,7aafc5082ccc943f865c1bf9d046bfef0cc5b8e6,2,1,1,#,NULL,NULL,2,NULL,1
7aafc5082ccc943f865c1bf9d046bfef0cc5b8e6,f810c8d74eeb6688102fa4ad889f5267436e0874,316,295,21,#,NULL,NULL,75,NULL,5
f810c8d74eeb6688102fa4ad889f5267436e0874,ad8bf1dbbd6ebbc8333cb39f76f4971cf22aaca4,31,31,0,#,NULL,NULL,31,NULL,1
8569c1956e6a1fbb4193cedea808c5f4b91b0de2,0822150255617d7313ba2c2eebfa4f4ce5e96dd8,3,0,3,Normal,NULL,NULL,3,NULL,1
ad8bf1dbbd6ebbc8333cb39f76f4971cf22aaca4,152ba5a45a5a185525720c89dc5539bf2dc23878,13,12,1,#,NULL,NULL,13,NULL,2
152ba5a45a5a185525720c89dc5539bf2dc23878,3e9418df1605cf2ab14420502ed2bb25294a8342,31,31,0,#,NULL,NULL,31,NULL,1
34c112a2e12e92a5318ae1601be7a5626dbee758,91b8488f8f4f176077eb4f809cd0d2288e885b45,2,1,1,Normal,NULL,NULL,2,NULL,1
91b8488f8f4f176077eb4f809cd0d2288e885b45,0479680516d2f824ec483d4eb9784e358e7ae3dc,2,1,1,Normal,NULL,NULL,2,NULL,1
0479680516d2f824ec483d4eb9784e358e7ae3dc,3e9418df1605cf2ab14420502ed2bb25294a8342,31,31,0,Normal,NULL,NULL,31,NULL,1
0822150255617d7313ba2c2eebfa4f4ce5e96dd8,69f2463d380ec598225cc4ea815dfadcd2525fa0,12,12,0,Normal,NULL,NULL,0,NULL,0
3e9418df1605cf2ab14420502ed2bb25294a8342,3bec7d451a5f4546b7226fcbe9d27e7dde453513,2,1,1,Normal,NULL,NULL,0,NULL,0
3bec7d451a5f4546b7226fcbe9d27e7dde453513,7c8807822590c78d516853726173d147fa0e087a,2,1,1,Normal,NULL,NULL,0,NULL,0
7c8807822590c78d516853726173d147fa0e087a,b211f88fd4decd0a17ac057826750997296dc219,4,2,2,fix #,ISSUE,NULL,0,NULL,0
9805f4269b24afcd670a3f0f981891988fbae5c1,b211f88fd4decd0a17ac057826750997296dc219,4,2,2,fix,NULL,NULL,0,NULL,0
69f2463d380ec598225cc4ea815dfadcd2525fa0,ee10b208c660f70f87695332912227c4a65e1d4c,7,7,0,Normal,NULL,NULL,7,NULL,1
79ace519faddfd3bfbbfc865e02370d73c13813e,b7b30ac286b19658e30505421204fd60466a4430,4,2,2,Normal,NULL,NULL,4,NULL,1
b7b30ac286b19658e30505421204fd60466a4430,29c91d3a2f85ca6af26ae80ca1149dcff7191c8b,4,2,2,Normal,NULL,NULL,4,NULL,1
29c91d3a2f85ca6af26ae80ca1149dcff7191c8b,b211f88fd4decd0a17ac057826750997296dc219,31,31,0,Normal,NULL,NULL,31,NULL,1
ee10b208c660f70f87695332912227c4a65e1d4c,0bae661dd5b8dbd878525200dd5f9af322334d1d,36,21,15,#,NULL,NULL,11,NULL,1
b211f88fd4decd0a17ac057826750997296dc219,37da5690510b18e7f108d384512f5bdb845a40c0,11,5,6,fix #,ISSUE,NULL,11,NULL,1
c53e91a047677362d347b6300d763f969041b152,d977bf2aa241ad8ab14d4844a370bdc226d8b6d5,9,2,7,Normal,NULL,NULL,9,NULL,1
37da5690510b18e7f108d384512f5bdb845a40c0,4c783a8a7caaa60dfda2862f5ddf6f50498b7a55,21,14,7,Normal,NULL,NULL,0,NULL,0
d977bf2aa241ad8ab14d4844a370bdc226d8b6d5,4c783a8a7caaa60dfda2862f5ddf6f50498b7a55,18,17,1,Normal,NULL,NULL,18,NULL,2
0bae661dd5b8dbd878525200dd5f9af322334d1d,952033e991f4d1832d92f391d95ad89b0c7c9f4a,6,1,5,Normal,NULL,NULL,6,NULL,1
952033e991f4d1832d92f391d95ad89b0c7c9f4a,1ad37d31a1efa563c289d4ef47eaf851662f4491,14,14,0,Normal,NULL,NULL,14,NULL,2
1ad37d31a1efa563c289d4ef47eaf851662f4491,c77edae877942dba86c03a90ba488c7ef7a9f7a1,229,228,1,Normal,NULL,NULL,0,NULL,0
c77edae877942dba86c03a90ba488c7ef7a9f7a1,4e091bf0d0ca722ec73fd3112f38045363e91fba,29,26,3,Document,NULL,NULL,7,NULL,1
4c783a8a7caaa60dfda2862f5ddf6f50498b7a55,2b11dab00d05bd8a129c183a6036dcd0b1f5e043,13,13,0,Normal,NULL,NULL,0,NULL,0
2b11dab00d05bd8a129c183a6036dcd0b1f5e043,e50739766ac303a413e901b8b91142d85088dba6,2,1,1,Document,NULL,NULL,2,NULL,1
e50739766ac303a413e901b8b91142d85088dba6,873f912678b667b74da49c01ea29de6602360370,2,2,0,Document,NULL,NULL,2,NULL,1
873f912678b667b74da49c01ea29de6602360370,f035a0000a9ffd3ada275003cd17497704d15a66,3,1,2,Document,NULL,NULL,3,NULL,1
f035a0000a9ffd3ada275003cd17497704d15a66,3c0183b516d26306e8675d2b593ebb6aee925052,11,10,1,Document,NULL,NULL,2,NULL,1
aaa740f9b9e747ab76da1571e8b69e2b2dac0242,b5686c8a5967d621d4f79f67f56ff458666d2b21,2,1,1,Document,NULL,NULL,2,NULL,1
3c0183b516d26306e8675d2b593ebb6aee925052,3f839253efdc6e784a1eee2fe398d4925175e594,2,1,1,Document,NULL,NULL,2,NULL,1
4e091bf0d0ca722ec73fd3112f38045363e91fba,3f839253efdc6e784a1eee2fe398d4925175e594,59,40,19,Normal,NULL,NULL,59,NULL,5
b5686c8a5967d621d4f79f67f56ff458666d2b21,f5dbf97fd07866c4709b30e3c43398180c10d4ec,2,1,1,Document,NULL,NULL,2,NULL,1
f5dbf97fd07866c4709b30e3c43398180c10d4ec,3f839253efdc6e784a1eee2fe398d4925175e594,9,9,0,Normal,NULL,NULL,0,NULL,0
3f839253efdc6e784a1eee2fe398d4925175e594,0edc3f60ef68e44d0005f49ba1e0f904d69f64c9,1,0,1,Normal,NULL,NULL,1,NULL,1
0edc3f60ef68e44d0005f49ba1e0f904d69f64c9,a3071d0ff3e188af5153112211f08514699739e5,2,1,1,Document,NULL,NULL,2,NULL,1
a3071d0ff3e188af5153112211f08514699739e5,c01d053dc3e7622886b30cd5601185757f25f55a,11,9,2,Document,ISSUE,NULL,9,NULL,1
c01d053dc3e7622886b30cd5601185757f25f55a,195f2cbc498e5b1701993576dc28815d259debb9,12,10,2,Normal,NULL,NULL,12,NULL,1
195f2cbc498e5b1701993576dc28815d259debb9,0fff7aea551040d4770ed6233db72c418365042b,4,2,2,Normal,NULL,NULL,0,NULL,0
0fff7aea551040d4770ed6233db72c418365042b,eeafcd22506eabfa41006f56eabe86693c4dac7d,6,0,6,Normal,NULL,NULL,6,NULL,1
eeafcd22506eabfa41006f56eabe86693c4dac7d,3db3f00ed898db31d14e45b5e162d25b9ad27d36,104,96,8,Normal,NULL,NULL,104,NULL,2
941084e4e980f52a77ab1b1fcc2d21318aa1c3d8,fd46eeb54f3aac09bba8f6ff584534740a8d0568,14,2,12,Normal,NULL,NULL,14,NULL,1
fd46eeb54f3aac09bba8f6ff584534740a8d0568,aadb533de60de27945391fdcdeb7a5862ea19748,30,30,0,Normal,NULL,NULL,30,NULL,1
aadb533de60de27945391fdcdeb7a5862ea19748,c07abf78e2e377bd8b324227e967c20516225421,14,12,2,Normal,NULL,NULL,14,NULL,1
c07abf78e2e377bd8b324227e967c20516225421,2789c6e40374fc8188abe168546d59b064fb2277,30,30,0,Normal,NULL,NULL,30,NULL,1
2789c6e40374fc8188abe168546d59b064fb2277,59c66269c93ef39b63bd8bf710f660963a3ff3d4,2,1,1,fix #,ISSUE,NULL,2,NULL,1
0d0bea4407e7653125dc147bf6bc5ad1bf33218c,7606a4a49afebb632ec759c5fca4de0de76e0bd9,2,1,1,fix,NULL,NULL,2,NULL,1
59c66269c93ef39b63bd8bf710f660963a3ff3d4,0761dba310ded5cb4ecde8aff29b16195f6b56f5,28,9,19,Document,NULL,NULL,24,NULL,3
3db3f00ed898db31d14e45b5e162d25b9ad27d36,725a56057a30d594837159ce17de2e1b1be81389,2,1,1,Normal,NULL,NULL,2,NULL,1
725a56057a30d594837159ce17de2e1b1be81389,7ef8167e0072d7a348f1a07f36fec228c53284a0,4,2,2,Normal,NULL,NULL,0,NULL,0
0761dba310ded5cb4ecde8aff29b16195f6b56f5,555363dce3b5805fcde9362721e9faeb61c6f980,28,24,4,#,NULL,NULL,28,NULL,1
7ef8167e0072d7a348f1a07f36fec228c53284a0,04cdd78bec02b55576b2d23d814894a9ee642427,20,5,15,#,NULL,NULL,20,NULL,2
f9e2727e9e3c4e7dc9154b1a2290348c940ca8e3,04cdd78bec02b55576b2d23d814894a9ee642427,20,5,15,Normal,NULL,NULL,20,NULL,2
7606a4a49afebb632ec759c5fca4de0de76e0bd9,555363dce3b5805fcde9362721e9faeb61c6f980,28,24,4,Normal,NULL,NULL,28,NULL,1
555363dce3b5805fcde9362721e9faeb61c6f980,7983809e7ce0c7ba907d81dedd00f5a462c77896,14,11,3,Normal,NULL,NULL,14,NULL,1
7983809e7ce0c7ba907d81dedd00f5a462c77896,3b15c6b4d2be8017c440914237b4a9093bd7b82a,2,1,1,#,NULL,NULL,2,NULL,1
04cdd78bec02b55576b2d23d814894a9ee642427,3b15c6b4d2be8017c440914237b4a9093bd7b82a,2,1,1,Document,NULL,NULL,2,NULL,1
3b15c6b4d2be8017c440914237b4a9093bd7b82a,290f4b80dfdd3e00a7e423970ae860062ec68b28,47,26,21,Normal,NULL,NULL,45,NULL,1
290f4b80dfdd3e00a7e423970ae860062ec68b28,844457977d6ce7bc729c3ece9930e3f4c841a6c4,20,15,5,#,NULL,NULL,20,NULL,2
844457977d6ce7bc729c3ece9930e3f4c841a6c4,9250ad1c782ac93eca194751e81bc65ab44532b6,2,1,1,Normal,NULL,NULL,0,NULL,0
9250ad1c782ac93eca194751e81bc65ab44532b6,7b5bf889d5e361a446f4bc2f4e96073b24ff61a7,13,13,0,Document,NULL,NULL,13,NULL,2
7b5bf889d5e361a446f4bc2f4e96073b24ff61a7,d3242c57d98b607526cd3ef2ddaa6dcf6bef1a35,116,115,1,#,NULL,NULL,105,NULL,1
d3242c57d98b607526cd3ef2ddaa6dcf6bef1a35,7f7fd72d154f95a584d350b5996b5683f44be649,23,23,0,#,NULL,NULL,23,NULL,1
7f7fd72d154f95a584d350b5996b5683f44be649,a05b9e8418d33eafb3064c4e2ef84923018581d3,6,3,3,fix #,ISSUE,NULL,6,NULL,2
24b07df252062281e9279ed2ea783fb89cd75f36,a05b9e8418d33eafb3064c4e2ef84923018581d3,6,3,3,fix,ISSUE,NULL,6,NULL,2
d1257f6f45c7def2e1ce89cc9f2e063cd11cfc50,a05b9e8418d33eafb3064c4e2ef84923018581d3,20,15,5,Normal,NULL,NULL,20,NULL,2
7d61debb92f1c68d168fcbbb7328908df40e6a13,f291ff7a1923bdc0aa9efa539f5e8ad286f3645c,2,1,1,Normal,NULL,NULL,2,NULL,1
0af865229d4e852848378963b61929ef5c225aa4,2f341e2eff0eef86843379a0aa6ef82362711535,2,1,1,Document,NULL,NULL,2,NULL,1
a05b9e8418d33eafb3064c4e2ef84923018581d3,ab7f6e18303a663bdccd7c238dea606e748af339,2,1,1,Document,ISSUE,NULL,2,NULL,1
ab7f6e18303a663bdccd7c238dea606e748af339,63e0e8b64b99913a89c2edf1cefe47ba75cecdf9,2,2,0,Document,NULL,NULL,2,NULL,1
63e0e8b64b99913a89c2edf1cefe47ba75cecdf9,b301e2a688908b90017d5941f63be0aa195cbf95,5,3,2,Document,NULL,NULL,5,NULL,1
801dc240f456d647058602646dc0bf548b0439f3,b301e2a688908b90017d5941f63be0aa195cbf95,5,3,2,Document,NULL,NULL,5,NULL,1
f291ff7a1923bdc0aa9efa539f5e8ad286f3645c,ad1e8716c21188d29762f12d1a3887a3dde83161,39,29,10,Normal,NULL,NULL,39,NULL,1
ad1e8716c21188d29762f12d1a3887a3dde83161,b301e2a688908b90017d5941f63be0aa195cbf95,97,96,1,Normal,NULL,NULL,86,NULL,1
cfd7ef9ffb507b0c397f04cafab37a7ffbf22889,b301e2a688908b90017d5941f63be0aa195cbf95,2,1,1,Document,ISSUE,NULL,2,NULL,1
3a33729aa22dcb4a69c988342cf540ef3140e8a2,b3513111e6f1466cf1baf74c22c6298357d75045,18,5,13,Normal,NULL,NULL,18,NULL,1
b3513111e6f1466cf1baf74c22c6298357d75045,b301e2a688908b90017d5941f63be0aa195cbf95,31,31,0,Normal,NULL,NULL,31,NULL,1
2f341e2eff0eef86843379a0aa6ef82362711535,b301e2a688908b90017d5941f63be0aa195cbf95,13,13,0,Document,NULL,NULL,13,NULL,2
8f368c29a3a527b6906321061e6391b05778d41c,b301e2a688908b90017d5941f63be0aa195cbf95,2,2,0,Document,NULL,NULL,2,NULL,1
b301e2a688908b90017d5941f63be0aa195cbf95,b82d21be07a951eb32963aedbe3a6272ce7f551f,8,8,0,Document,NULL,NULL,8,NULL,1
824400a53d908eeec1e234295c68b8bb242e6dd1,adabccde18cd0047905b4860df373fe6e3b6d577,2,2,0,Format,NULL,NULL,2,NULL,1
b82d21be07a951eb32963aedbe3a6272ce7f551f,74fc7613487400600c6e2389a2db217275590671,4,3,1,Document,NULL,NULL,4,NULL,1
d31a537beab66582f9220066518bbf03c5ff3c3f,74fc7613487400600c6e2389a2db217275590671,4,3,1,Document,NULL,NULL,4,NULL,1
74fc7613487400600c6e2389a2db217275590671,601ee6b3c8b771d7af526df921d4a760ae638df0,2,1,1,Normal,NULL,NULL,0,NULL,0
adabccde18cd0047905b4860df373fe6e3b6d577,601ee6b3c8b771d7af526df921d4a760ae638df0,6,6,0,Document,NULL,NULL,6,NULL,1
601ee6b3c8b771d7af526df921d4a760ae638df0,ab5d98f41abea14831d49f9ac59abc3872e8e0f4,6,6,0,Document,NULL,NULL,6,NULL,1
26770380d73b844d2ba09d3d720d3392284d779b,814f405b79a78edad989f9ecb4c68ed7eaa0e949,3,3,0,Document,NULL,NULL,3,NULL,1
814f405b79a78edad989f9ecb4c68ed7eaa0e949,ab5d98f41abea14831d49f9ac59abc3872e8e0f4,3,3,0,Document,NULL,NULL,3,NULL,1
ab5d98f41abea14831d49f9ac59abc3872e8e0f4,13d8f3577ab0eb6308cc7b0a4ee52514bd1592b5,3,0,3,Document,ISSUE,NULL,3,NULL,1
13d8f3577ab0eb6308cc7b0a4ee52514bd1592b5,87ef02bd00d977cd8acbbaf1234868d05e5b863a,6,5,1,fix #,ISSUE,NULL,6,NULL,1
fc33e6022b1d68a8d72f27ea6e6f4789ca4f491a,87ef02bd00d977cd8acbbaf1234868d05e5b863a,6,5,1,Normal,NULL,NULL,6,NULL,1
87ef02bd00d977cd8acbbaf1234868d05e5b863a,270b701daa5720dfbf207127452e14ca775360ca,15,12,3,Normal,NULL,NULL,11,NULL,1
270b701daa5720dfbf207127452e14ca775360ca,ea4eda6955c3e839e99825d683bd40b639c6dfd8,34,17,17,#,NULL,NULL,34,NULL,1
ea4eda6955c3e839e99825d683bd40b639c6dfd8,caf335ff606fbd6d267c93404c5781badf3d2459,9,8,1,Document,NULL,NULL,9,NULL,2
5e22bdcfba68042f2a231af41609ffbeeedf790d,8b9eb7f1076ca8379a12db148636e87324d50f45,1,1,0,Document,NULL,NULL,1,NULL,1
caf335ff606fbd6d267c93404c5781badf3d2459,7da5fe3bed4b35bd94e2c46241f3b2813ce14df7,8,8,0,#,NULL,NULL,8,NULL,1
c2ea4e439725d8951f9aebcc8f63dc5fb7717dfe,7da5fe3bed4b35bd94e2c46241f3b2813ce14df7,8,8,0,fix #,ISSUE,NULL,8,NULL,1
8b9eb7f1076ca8379a12db148636e87324d50f45,7da5fe3bed4b35bd94e2c46241f3b2813ce14df7,8,7,1,Normal,NULL,NULL,8,NULL,1
d95c7e77db4ce358694c973f38232a767ba787de,9d27ab54084d7791838db03d92effab5546d7b3d,34,17,17,Normal,NULL,NULL,34,NULL,1
7da5fe3bed4b35bd94e2c46241f3b2813ce14df7,79f16326b2440f715bcd6f80d71137f4fe118704,2,2,0,Document,NULL,NULL,2,NULL,1
79f16326b2440f715bcd6f80d71137f4fe118704,9d27ab54084d7791838db03d92effab5546d7b3d,3,2,1,fix #,ISSUE,NULL,3,NULL,2
9d27ab54084d7791838db03d92effab5546d7b3d,7f83193e4fe43450795511876a1a7291246fd854,3,2,1,Document,NULL,NULL,3,NULL,1
7cd92157273391988cbf861b19e669ec2d6394da,7f83193e4fe43450795511876a1a7291246fd854,3,2,1,Normal,NULL,NULL,3,NULL,2
8ac2f0647ad8d77a6314fcf883bcc203bc774cf5,7f83193e4fe43450795511876a1a7291246fd854,2,2,0,Document,NULL,NULL,2,NULL,1
7f83193e4fe43450795511876a1a7291246fd854,d8d08fee2a52b126318510055aa67bc9d0a01479,3,1,2,Document,NULL,NULL,3,NULL,1
d8d08fee2a52b126318510055aa67bc9d0a01479,4847c29d42e995d57ae9198c33869ec6c4566c85,2,2,0,Document,NULL,NULL,2,NULL,1
4847c29d42e995d57ae9198c33869ec6c4566c85,e752035bfdc52f6c1fc5d16c41eee4474d7bc501,2,1,1,Document,NULL,NULL,2,NULL,1
e752035bfdc52f6c1fc5d16c41eee4474d7bc501,94d654ad0504407ffe6da9cc052e2ac5f7bdfc76,6,5,1,Normal,NULL,NULL,6,NULL,2
94d654ad0504407ffe6da9cc052e2ac5f7bdfc76,7dc711e8159c44b80958fe161bc9f934947fb159,2,1,1,Document,NULL,NULL,2,NULL,1
7dc711e8159c44b80958fe161bc9f934947fb159,dc0218b804ea30104dca0196bceefc35944aaa2e,2,1,1,Normal,NULL,NULL,2,NULL,1
dc0218b804ea30104dca0196bceefc35944aaa2e,fc340ae66ffecdbc6e020607b038f30fcd4969e2,1,0,1,Normal,NULL,NULL,1,NULL,1
fc340ae66ffecdbc6e020607b038f30fcd4969e2,72b95ca9e4ff35731fa238d14e4eb5a9ef88dde1,11,8,3,Normal,NULL,NULL,7,NULL,1
72b95ca9e4ff35731fa238d14e4eb5a9ef88dde1,307957ec012aa501ae1b5cc334a7065dd78fb7f0,7,7,0,#,NULL,NULL,7,NULL,1
0401faade52c5ba3de9e3b9bb8779e833cf1e603,307957ec012aa501ae1b5cc334a7065dd78fb7f0,7,7,0,Normal,NULL,NULL,7,NULL,1
307957ec012aa501ae1b5cc334a7065dd78fb7f0,3c15ed3388a5bf54e1dda22972039f7b43c8f5a2,3,3,0,Document,NULL,NULL,3,NULL,1
3c15ed3388a5bf54e1dda22972039f7b43c8f5a2,027340537aa1be2a779c669f2b545006cf7047af,1,1,0,Document,NULL,NULL,1,NULL,1
027340537aa1be2a779c669f2b545006cf7047af,4221a965a7fd08adda24823ce35610790e1be4b9,2,1,1,Document,NULL,NULL,2,NULL,1
4221a965a7fd08adda24823ce35610790e1be4b9,1ac5bbaffb1074b00336940d072f00f226221c5c,2,2,0,Document,NULL,NULL,2,NULL,1
1ac5bbaffb1074b00336940d072f00f226221c5c,7a2544dcb6173993039f7ba0465f28ebd1b51894,22,22,0,Document,NULL,NULL,22,NULL,1
7a2544dcb6173993039f7ba0465f28ebd1b51894,d56dbf05c660993b79b5bc7d34e3f1e5c7bf5db2,2,1,1,fix #,ISSUE,NULL,2,NULL,1
f26e33598a2df9b647c8557e8a18a57f0cc257d1,d56dbf05c660993b79b5bc7d34e3f1e5c7bf5db2,2,1,1,Normal,NULL,NULL,2,NULL,1
d56dbf05c660993b79b5bc7d34e3f1e5c7bf5db2,76200490cc9064a3423e876fe561fe34353fe008,18,17,1,Document,NULL,NULL,18,NULL,1
50025ae83b14b0872e262cb2ca6bf134b7dd175c,76200490cc9064a3423e876fe561fe34353fe008,18,17,1,Document,NULL,NULL,18,NULL,1
76200490cc9064a3423e876fe561fe34353fe008,0774ef4b89f5b21e5b500bad141fdaa29ff1fcad,13,10,3,#,NULL,NULL,13,NULL,1
226fd82f45c4a4137a5ea301657f8ce0a42351b4,0774ef4b89f5b21e5b500bad141fdaa29ff1fcad,13,10,3,fix #,ISSUE,NULL,13,NULL,1
0774ef4b89f5b21e5b500bad141fdaa29ff1fcad,e6b668a8482d10458d9352c93af8bd9b237c0d9e,5,4,1,Document,NULL,NULL,5,NULL,1
e6b668a8482d10458d9352c93af8bd9b237c0d9e,d9791b070f3e20207a7aa2aa600730aca6b38c59,1,1,0,Document,NULL,NULL,1,NULL,1
12dc86034da6bfe2a750ca2b0e73fc4ff3de0ead,d9791b070f3e20207a7aa2aa600730aca6b38c59,1,1,0,Document,NULL,NULL,1,NULL,1
d9791b070f3e20207a7aa2aa600730aca6b38c59,fa7e030918613a5fbffb0f841af727384330d690,2,0,2,Normal,NULL,NULL,0,NULL,0
fa7e030918613a5fbffb0f841af727384330d690,ebe967ae17fa52e8396024d7dfeeb2494422b50c,1,1,0,Normal,NULL,NULL,1,NULL,1
ebe967ae17fa52e8396024d7dfeeb2494422b50c,f5a881a61377298fbf1cb4d4fdf511d48d7c3860,7,7,0,Normal,NULL,NULL,0,NULL,0
f5a881a61377298fbf1cb4d4fdf511d48d7c3860,58d60576d6428fa57b0a52a603cc3008d9f82de8,9,2,7,fix #,ISSUE,NULL,5,NULL,1
58d60576d6428fa57b0a52a603cc3008d9f82de8,7f8390d0b73ae438280ab67d66fb3f7696852718,37,28,9,Document,NULL,NULL,37,NULL,2
cbaaf7168166c08c3471163163b085f0f3762fcc,ea005c5847855a4f890dd7bfd67fde3f5df9ac9d,10,5,5,Document,ISSUE,NULL,10,NULL,1
ea005c5847855a4f890dd7bfd67fde3f5df9ac9d,0887de04452563b1e8c442fb6411acccd5617358,3,2,1,Document,NULL,NULL,3,NULL,1
0887de04452563b1e8c442fb6411acccd5617358,777ff20526ed73586be2f40aaf7272301992696f,1734,230,1504,Document,NULL,NULL,197,NULL,5
7f8390d0b73ae438280ab67d66fb3f7696852718,11861e8f8a7a8d4154ab937716b5bf8969b5e401,11,10,1,#,NULL,NULL,11,NULL,1
11861e8f8a7a8d4154ab937716b5bf8969b5e401,ed7ab02ff0c98809bcc4dd16282f6c7040a77c49,2,1,1,Document,ISSUE,NULL,2,NULL,1
ed7ab02ff0c98809bcc4dd16282f6c7040a77c49,79d87d8a9e08c49c10af6e3a95e246fa481e2e70,2,1,1,Document,ISSUE,NULL,2,NULL,1
e15c422d29e3e2875078f9df408f1060d58daf85,79d87d8a9e08c49c10af6e3a95e246fa481e2e70,2,1,1,Document,ISSUE,NULL,2,NULL,1
777ff20526ed73586be2f40aaf7272301992696f,79d396760d39015f7a21fd21321eb6bfd91b3e38,22,14,8,Normal,NULL,NULL,22,NULL,1
0fd55823a08e8e18d0a9db87d2db10ec400fba3c,79d87d8a9e08c49c10af6e3a95e246fa481e2e70,2,1,1,Document,ISSUE,NULL,2,NULL,1
79d87d8a9e08c49c10af6e3a95e246fa481e2e70,69eeed076faac121b3a1430ace17b0bc60512231,35,34,1,#,NULL,NULL,2,NULL,1
69eeed076faac121b3a1430ace17b0bc60512231,fabde60d3a5a7e5c667e2fdade1af1db70c254c5,2,1,1,Normal,NULL,NULL,2,NULL,1
fabde60d3a5a7e5c667e2fdade1af1db70c254c5,832248b455fb23661b83d62004b298b55d1c4c1c,6,3,3,Document,NULL,NULL,6,NULL,1
832248b455fb23661b83d62004b298b55d1c4c1c,4da3171700d8f2504d1703e18d2fa41e4dce3057,2,1,1,Document,NULL,NULL,2,NULL,1
4da3171700d8f2504d1703e18d2fa41e4dce3057,1e868638b4d48d31c81fa3756b8fc06dfd7b5011,1,1,0,Document,NULL,NULL,1,NULL,1
1e868638b4d48d31c81fa3756b8fc06dfd7b5011,25ff962f49f49a69b6f23ce16ff6a4af79756464,88,44,44,Document,NULL,NULL,88,NULL,1
25ff962f49f49a69b6f23ce16ff6a4af79756464,a5dd4a6f0d5982913cd9da893ac066f013c7b0a0,137,133,4,Document,NULL,NULL,133,NULL,2
a5dd4a6f0d5982913cd9da893ac066f013c7b0a0,0fc2a888219342859a791853500fd466c02d62cb,54,0,54,Normal,NULL,NULL,0,NULL,0
0fc2a888219342859a791853500fd466c02d62cb,a02c6b12366e50459d5debd4c7a76affe10c9967,1440,0,1440,Normal,NULL,NULL,0,NULL,0
a02c6b12366e50459d5debd4c7a76affe10c9967,44732212cc015196193ad8d4df204070f14b63d3,14,13,1,#,NULL,NULL,14,NULL,2
44732212cc015196193ad8d4df204070f14b63d3,faa6a1be7ef393d7157ae166c5575720bdf6a851,21,21,0,fix #,ISSUE,NULL,17,NULL,1
79b6b4f7a7acf7f82a9ba46c6d012967113c67cd,faa6a1be7ef393d7157ae166c5575720bdf6a851,11,10,1,Normal,NULL,NULL,11,NULL,1
ab5bf4c7bb591992d7056d0c4502608486008e44,faa6a1be7ef393d7157ae166c5575720bdf6a851,14,13,1,Normal,NULL,NULL,14,NULL,2
faa6a1be7ef393d7157ae166c5575720bdf6a851,89e384be98dace8d6c4092893d2a98d976d511af,2,1,1,Normal,NULL,NULL,0,NULL,0
79d396760d39015f7a21fd21321eb6bfd91b3e38,581dce2984d649b364f33b96cf201f59526fdc47,16,14,2,Normal,NULL,NULL,16,NULL,1
89e384be98dace8d6c4092893d2a98d976d511af,d0349af9ab39e50585cc2a0a2dc681ab799d6811,5,3,2,Document,NULL,NULL,5,NULL,1
d0349af9ab39e50585cc2a0a2dc681ab799d6811,581dce2984d649b364f33b96cf201f59526fdc47,14,14,0,Document,NULL,NULL,14,NULL,1
1a15f2f2c8eb2a548e7511da0d0a3b37e3d8967e,a2e1b38dff5b709b863b1dccd2ce6927c6724df4,35,34,1,Normal,NULL,NULL,2,NULL,1
581dce2984d649b364f33b96cf201f59526fdc47,4df8fd01fb11509bc5212e11bf2a67338d40b17d,5,4,1,#,NULL,NULL,5,NULL,1
b4d615b079fc77bed1786cfd4692f382ae1e88e3,4df8fd01fb11509bc5212e11bf2a67338d40b17d,5,4,1,Normal,NULL,NULL,5,NULL,1
4df8fd01fb11509bc5212e11bf2a67338d40b17d,a2e1b38dff5b709b863b1dccd2ce6927c6724df4,65,31,34,#,NULL,NULL,65,NULL,2
c1f1d275ad896a43e5947f5e70988a0b17496278,3d6050c3f7ab510d23eafc2065e517443038f439,1372,153,1219,Document,NULL,NULL,252,NULL,6
3d6050c3f7ab510d23eafc2065e517443038f439,edf5faa5ba722047b520ee27263a9f200e629993,67,33,34,Normal,NULL,NULL,67,NULL,2
a2e1b38dff5b709b863b1dccd2ce6927c6724df4,1928c50ee564d63c24857d6c13b29fd789315efc,21,18,3,fix #,ISSUE,NULL,21,NULL,1
1928c50ee564d63c24857d6c13b29fd789315efc,f34d6d8d90c1c1df412853b2b9abbf1da2d9fa03,6,4,2,Document,NULL,NULL,6,NULL,1
f34d6d8d90c1c1df412853b2b9abbf1da2d9fa03,92f150fe0b631d118579a7deb26e3869b2c426c1,10,5,5,Document,NULL,NULL,10,NULL,2
92f150fe0b631d118579a7deb26e3869b2c426c1,edbf1466b822ddde1afd3055931c5737c75b5d68,1567,1,1566,Document,NULL,NULL,214,NULL,1
edbf1466b822ddde1afd3055931c5737c75b5d68,c2d2e07a5f2654dad7bf0ecb5cccdbd467b5ba6c,2,1,1,Document,NULL,NULL,2,NULL,1
c2d2e07a5f2654dad7bf0ecb5cccdbd467b5ba6c,35e39701e50ef8fc2592647ed32fdac168b084ff,2,1,1,Document,NULL,NULL,2,NULL,1
35e39701e50ef8fc2592647ed32fdac168b084ff,446aa6836d7fb523c886d007b086088994c21f91,6,2,4,Document,NULL,NULL,6,NULL,1
446aa6836d7fb523c886d007b086088994c21f91,c7cd6de63582792eeae3e1c0a523bb7c70001ecd,2,1,1,Document,NULL,NULL,2,NULL,1
c7cd6de63582792eeae3e1c0a523bb7c70001ecd,70c15124f6553a2af5d94f8420739e7e1cfdced7,2,1,1,Document,NULL,NULL,2,NULL,1
70c15124f6553a2af5d94f8420739e7e1cfdced7,971029e898e7fb069ca415b3ad07bdf7ca9c7f05,94,81,13,Document,NULL,NULL,10,NULL,2
4fd0c3ec3ed0dfb2bbaa911c40702fd8ecf4ce2e,d8aeac68f5823a6ba7888afaa734135acd4c4bd9,20,20,0,Document,NULL,NULL,16,NULL,1
d8aeac68f5823a6ba7888afaa734135acd4c4bd9,7635f23c6039605ff2601e3f96128a75574d4edc,2,1,1,Normal,NULL,NULL,0,NULL,0
7635f23c6039605ff2601e3f96128a75574d4edc,689ac97b94611e5f2e481141f8e8048a67009887,90,79,11,Document,NULL,NULL,8,NULL,2
971029e898e7fb069ca415b3ad07bdf7ca9c7f05,7e3e1f06ef7ef0a3ea765fc342c0fc273606753b,20,20,0,Document,NULL,NULL,16,NULL,1
689ac97b94611e5f2e481141f8e8048a67009887,5a479050d00f7fc373661c261f21d4152b57cfd9,12,2,10,Document,NULL,NULL,12,NULL,1
7e3e1f06ef7ef0a3ea765fc342c0fc273606753b,6ce73e8f6a79b8bacf308b3d43a9deb2b28a257b,12,2,10,Document,NULL,NULL,12,NULL,1
5a479050d00f7fc373661c261f21d4152b57cfd9,e8c4d25995406085c0974493b1f60782326fe344,104,101,3,Document,NULL,NULL,62,NULL,2
6ce73e8f6a79b8bacf308b3d43a9deb2b28a257b,b93b06d6a7a2d8cd69d52cfed4b0734fd4a525f3,50,49,1,Document,NULL,NULL,50,NULL,1
e8c4d25995406085c0974493b1f60782326fe344,09a01b5155f1299790704028ec03aee6e9758523,2,1,1,Normal,NULL,NULL,2,NULL,1
62544ac19278780a697178158f3f9fd7ebd6f3f6,b93b06d6a7a2d8cd69d52cfed4b0734fd4a525f3,50,49,1,Document,NULL,NULL,50,NULL,1
704c42c21d72562954f64098f1989e1a68d6ce3b,3dee0b94729bba14618ccb6ddada37e69b4df5f4,20,20,0,Document,NULL,NULL,16,NULL,1
b93b06d6a7a2d8cd69d52cfed4b0734fd4a525f3,e87d3ee55d919a4f1377715b254a2ee442c71132,42,42,0,#,NULL,NULL,0,NULL,0
e87d3ee55d919a4f1377715b254a2ee442c71132,09a01b5155f1299790704028ec03aee6e9758523,12,10,2,Document,NULL,NULL,12,NULL,2
e4d103601aa2b38cfc07bb5d5637507a7098b7d4,3dee0b94729bba14618ccb6ddada37e69b4df5f4,12,10,2,Document,NULL,NULL,12,NULL,2
09a01b5155f1299790704028ec03aee6e9758523,3dee0b94729bba14618ccb6ddada37e69b4df5f4,3,0,3,Document,NULL,NULL,3,NULL,1
3dee0b94729bba14618ccb6ddada37e69b4df5f4,1ce038b79d13e8ee7a8f05eaaa9bac35afe068a6,1,1,0,Document,NULL,NULL,1,NULL,1
1ce038b79d13e8ee7a8f05eaaa9bac35afe068a6,f856b70575c8a5e31d40a232a6e9d7f1c6cfbd4e,29,23,6,Document,NULL,NULL,29,NULL,4
a3673491ce57e6c447b31e770ba55fa67c059d24,a94393c7dac3000e6113a56225ac2597f55261a9,1,1,0,Document,NULL,NULL,1,NULL,1
f856b70575c8a5e31d40a232a6e9d7f1c6cfbd4e,b62d0786ae6e9cfb09c41452777098f96b2c32a2,5,5,0,Document,NULL,NULL,5,NULL,1
a77f442827610cda7f516f2d830772d90ba96bdd,1e804936846b8ba8f7450d8e3b13960de03b7fc3,587,514,73,Document,NULL,NULL,26,NULL,2
b62d0786ae6e9cfb09c41452777098f96b2c32a2,dfb574da2fded2aa009faa2d5c4d21a362fda016,29,29,0,Document,NULL,NULL,4,NULL,1
74a2132afe46aae3120ca9dc8b97b845ead6b5ad,be816915959686d864787266a90857a3d9103fa2,200,200,0,Document,NULL,NULL,7,NULL,1
dfb574da2fded2aa009faa2d5c4d21a362fda016,d7d4dd663c4fbbc2fab4b0a0937d003f4e326349,62,62,0,Document,NULL,NULL,4,NULL,1
d51b4547fe010a9d0b171db92d578522b450c4fd,b5fbe9fa25ccd9356ca6cba33dc1e4175cfb9b6d,132,132,0,Document,NULL,NULL,5,NULL,1
d7d4dd663c4fbbc2fab4b0a0937d003f4e326349,e2314fa70aac68ae84f834b14cffa7871608e43e,67,67,0,Document,NULL,NULL,4,NULL,1
127d6fb354bc1888ac2458879e7118e810927ee2,35ad9c3bddaa78b531678cc38f61ed80b9677020,530,526,4,Document,NULL,NULL,25,NULL,2
e2314fa70aac68ae84f834b14cffa7871608e43e,9936243ff43b7442ed3b9610b34d87770205e91b,64,64,0,#,NULL,NULL,0,NULL,0
a94393c7dac3000e6113a56225ac2597f55261a9,9936243ff43b7442ed3b9610b34d87770205e91b,64,64,0,Normal,NULL,NULL,0,NULL,0
be816915959686d864787266a90857a3d9103fa2,16d75d9e6cfcce510d7bf72f9f7727ce95827681,10,5,5,Normal,NULL,NULL,0,NULL,0
9936243ff43b7442ed3b9610b34d87770205e91b,20350dd007de56403bb7e06051a7ac19116fe3f6,1,1,0,Document,NULL,NULL,1,NULL,1
14ba503239f904f5bca8d4658b5804c98d2ccf92,2b3b4777270c39ca7f1500dbfc74d3956592abf9,12,7,5,Normal,NULL,NULL,12,NULL,1
2b3b4777270c39ca7f1500dbfc74d3956592abf9,189774cb0f7debf3174140b75a3d3c29f7837bec,6,4,2,Normal,NULL,NULL,6,NULL,1
189774cb0f7debf3174140b75a3d3c29f7837bec,20350dd007de56403bb7e06051a7ac19116fe3f6,19,16,3,Document,NULL,NULL,19,NULL,4
9398dcffbf2de4f0bfeb4c8fe4041fe74c87b395,20350dd007de56403bb7e06051a7ac19116fe3f6,1,1,0,Document,NULL,NULL,1,NULL,1
b5fbe9fa25ccd9356ca6cba33dc1e4175cfb9b6d,d9f26a72c6bc1fee861af2919a1e02ef03cba064,2,1,1,Document,NULL,NULL,2,NULL,1
d9f26a72c6bc1fee861af2919a1e02ef03cba064,2cf2194181eab81c7632cd5d69f82b6b0cf1728a,68,68,0,Document,NULL,NULL,2,NULL,1
2cf2194181eab81c7632cd5d69f82b6b0cf1728a,d4e4692b2b2bfd03fe0b31c038521da76bd77683,62,62,0,Document,NULL,NULL,4,NULL,1
20350dd007de56403bb7e06051a7ac19116fe3f6,c21d87c15c70d9bda015e99eda298941605522f9,46,46,0,#,NULL,NULL,0,NULL,0
c21d87c15c70d9bda015e99eda298941605522f9,d4e4692b2b2bfd03fe0b31c038521da76bd77683,22,22,0,Document,NULL,NULL,2,NULL,1
f15d59e06bfe1fc6ef521e8ffcf331c476beb8f9,57afcf38614529c8f647b03faf9bc4c23e69589e,0,0,0,Normal,NULL,NULL,0,NULL,0
7bab055bc3121508cce774c1a6e23c57bb870430,66ea91f58d87762490a519491e44719bca71ee55,2,2,0,Normal,NULL,NULL,0,NULL,0
66ea91f58d87762490a519491e44719bca71ee55,d4e4692b2b2bfd03fe0b31c038521da76bd77683,44,44,0,Normal,NULL,NULL,0,NULL,0
57afcf38614529c8f647b03faf9bc4c23e69589e,d4a797b21f6197d87555c75ec4d2a2dc3d5a29c7,514,439,75,Document,NULL,NULL,18,NULL,2
16d75d9e6cfcce510d7bf72f9f7727ce95827681,d4e4692b2b2bfd03fe0b31c038521da76bd77683,29,29,0,Document,NULL,NULL,4,NULL,1
35ad9c3bddaa78b531678cc38f61ed80b9677020,b5b8d79955a5b69ca0ae31f9fc20391ee2ec118c,63,63,0,Normal,NULL,NULL,0,NULL,0
d4e4692b2b2bfd03fe0b31c038521da76bd77683,12549c90c706d7d6105958396e1560ffd3c3de4b,2,1,1,Document,NULL,NULL,2,NULL,1
12549c90c706d7d6105958396e1560ffd3c3de4b,bb068546d48ae907c8b6d3db6d1a682e2a7bba72,133,64,69,fix #,ISSUE,NULL,0,NULL,0
bb068546d48ae907c8b6d3db6d1a682e2a7bba72,e98f8c2d8d4072bbe5c958a5e44f447c6ead6b7a,3,2,1,Document,NULL,NULL,3,NULL,1
7caee7f69ff99c4b66c7271552e8c7e945b86432,651cc1651411e2e736cf29f460a413c4b2df94f1,127,59,68,Normal,NULL,NULL,0,NULL,0
e98f8c2d8d4072bbe5c958a5e44f447c6ead6b7a,ab148029b383e1237bcd4d5616e51de22856f732,1,1,0,Document,NULL,NULL,1,NULL,1
c9b82b0c0184de8d218e6a07792b0f1b7eb0026e,ab148029b383e1237bcd4d5616e51de22856f732,1,1,0,Document,NULL,NULL,1,NULL,1
ab148029b383e1237bcd4d5616e51de22856f732,5d8d52e009619a2be1c3311965778843a0275cfc,30,30,0,Document,NULL,NULL,2,NULL,1
edf5faa5ba722047b520ee27263a9f200e629993,686e0236a325d6fd2bf691dbd2bea4b7fc778b0f,109,109,0,Document,NULL,NULL,6,NULL,1
5d8d52e009619a2be1c3311965778843a0275cfc,eb47592ab9978dc06175d14ee8e7b376a92a3d29,108,108,0,Document,NULL,NULL,5,NULL,1
eb47592ab9978dc06175d14ee8e7b376a92a3d29,ace501ec592842d28fdbc85c5bb885e13ea1b446,3,2,1,Document,NULL,NULL,3,NULL,1
686e0236a325d6fd2bf691dbd2bea4b7fc778b0f,85aba1e28c19b7d7d8cbda99683170ccb1b1196c,236,232,4,Document,NULL,NULL,4,NULL,1
c8b4599e9dc9d3b60c397423cddaa7a31e02a56a,ace501ec592842d28fdbc85c5bb885e13ea1b446,3,2,1,Document,NULL,NULL,3,NULL,1
ace501ec592842d28fdbc85c5bb885e13ea1b446,2a3e1c091f3f6b6a923a55c74217113df6561d11,22,21,1,Document,NULL,NULL,3,NULL,1
525c50b00388e3fbdba7df4aef68a1f143e4f7f5,c927d035b5bc5314f0109fda7a212b2f88b07401,99,97,2,Normal,NULL,NULL,0,NULL,0
c927d035b5bc5314f0109fda7a212b2f88b07401,36d19835fd48cbc0e18e13fc881b701426061953,4,2,2,Document,NULL,NULL,4,NULL,1
1e804936846b8ba8f7450d8e3b13960de03b7fc3,478e099cebb9ea2e23856f6c6844304f57b3eea5,2,2,0,Document,NULL,NULL,2,NULL,1
2a3e1c091f3f6b6a923a55c74217113df6561d11,fd39d74fd937942c6ae26383f74827622dffbaa1,4,2,2,fix #,ISSUE,NULL,0,NULL,0
fd39d74fd937942c6ae26383f74827622dffbaa1,38bef7050d868d89f7e0f33f401efda6d5c783fe,0,0,0,Normal,NULL,NULL,0,NULL,0
38bef7050d868d89f7e0f33f401efda6d5c783fe,f38ba3d0776aef5a55557102a0fc91affca647c7,14,14,0,#,NULL,NULL,0,NULL,0
f38ba3d0776aef5a55557102a0fc91affca647c7,19e65c85eef692ac06b0060275bdf0e62818bf54,82,82,0,Document,NULL,NULL,1,NULL,1
36d19835fd48cbc0e18e13fc881b701426061953,0e0ffa51aebd180c83533aaa27b509a7afa80a7e,116,114,2,Document,NULL,NULL,2,NULL,1
19e65c85eef692ac06b0060275bdf0e62818bf54,9b591525ef27129e37109ca3ae89127adfc9a139,0,0,0,Normal,NULL,NULL,0,NULL,0
478e099cebb9ea2e23856f6c6844304f57b3eea5,ce8e51afcedfe7b601feb2589c96ce04fa1dfada,216,200,16,Document,NULL,NULL,8,NULL,2
9b591525ef27129e37109ca3ae89127adfc9a139,a1579daae4d61c9b164111a2248ea3c8b63676f2,41,41,0,Document,NULL,NULL,2,NULL,1
a1579daae4d61c9b164111a2248ea3c8b63676f2,f25ab3506b70c041e45e8e22049b4c05a4063f0e,31,29,2,#,NULL,NULL,0,NULL,0
f25ab3506b70c041e45e8e22049b4c05a4063f0e,d878d5a2dd9ac9299efcc4573b1c6e0f43774cdc,13,13,0,#,NULL,NULL,0,NULL,0
415e94951bdce0f1b14257324f8a3259688ebecf,41bf404da5149eccd8b35b47dae72584e43aa505,31,31,0,Normal,NULL,NULL,0,NULL,0
ca6f1bfda964b1c42dc322605883dba9072f7d76,d878d5a2dd9ac9299efcc4573b1c6e0f43774cdc,4,2,2,Normal,NULL,NULL,0,NULL,0
41bf404da5149eccd8b35b47dae72584e43aa505,46033dd8dd5f4d7d6fc1942f2bf719ae558a7240,2,1,1,Normal,NULL,NULL,0,NULL,0
d878d5a2dd9ac9299efcc4573b1c6e0f43774cdc,00b74f123385a52337989c6ff9cacfa9af990596,31,31,0,#,NULL,NULL,0,NULL,0
85aba1e28c19b7d7d8cbda99683170ccb1b1196c,00b74f123385a52337989c6ff9cacfa9af990596,30,30,0,Document,NULL,NULL,2,NULL,1
46033dd8dd5f4d7d6fc1942f2bf719ae558a7240,8848bb90d0acd493fab5033ec6bd7e2c88835690,82,82,0,Document,NULL,NULL,1,NULL,1
8848bb90d0acd493fab5033ec6bd7e2c88835690,1bf9fe6098de5fc3059d77464afb222a3655c522,81,79,2,Document,NULL,NULL,6,NULL,2
6aa20a3221fc851532ae1ca910b9aab988c62d20,00b74f123385a52337989c6ff9cacfa9af990596,31,31,0,Normal,NULL,NULL,0,NULL,0
0e0ffa51aebd180c83533aaa27b509a7afa80a7e,08e60337037db6972d8e448590bf4c9ffa27858a,2,2,0,Document,NULL,NULL,2,NULL,1
08e60337037db6972d8e448590bf4c9ffa27858a,2170eab9c1b373615fd00f2f3560e243a633a5d4,81,79,2,Document,NULL,NULL,6,NULL,2
486f269f2843e9d48996dea32fe679b1f57ddffa,00b74f123385a52337989c6ff9cacfa9af990596,41,41,0,Document,NULL,NULL,2,NULL,1
9b1d8eb403c37895a3e0274668e9cf6294b2a62c,bc92ddccc18aa156166bb3d1564aacf204c717b2,2,1,1,Normal,NULL,NULL,0,NULL,0
bc92ddccc18aa156166bb3d1564aacf204c717b2,e2833d27587cae915ae9c62cce2bfaa5cb783697,73,37,36,fix,ISSUE,NULL,0,NULL,0
e2833d27587cae915ae9c62cce2bfaa5cb783697,00b74f123385a52337989c6ff9cacfa9af990596,46,36,10,Normal,NULL,NULL,0,NULL,0
0f4bfa5147d37dbae21364f738a4ddb11d486dc1,00b74f123385a52337989c6ff9cacfa9af990596,13,13,0,Normal,NULL,NULL,0,NULL,0
d4a797b21f6197d87555c75ec4d2a2dc3d5a29c7,21fd377aa1325b8440a78fba20c2548f38a65aad,2,2,0,Document,NULL,NULL,2,NULL,1
21fd377aa1325b8440a78fba20c2548f38a65aad,ca2008522ecb49e3951c6e44292cf7da8e5c8727,2,1,1,Normal,NULL,NULL,2,NULL,1
ca2008522ecb49e3951c6e44292cf7da8e5c8727,9516f999156464b42a5d27a8d6364b202382eed1,20,20,0,Normal,NULL,NULL,0,NULL,0
00b74f123385a52337989c6ff9cacfa9af990596,9516f999156464b42a5d27a8d6364b202382eed1,2,1,1,fix #,ISSUE,NULL,2,NULL,1
9516f999156464b42a5d27a8d6364b202382eed1,3c17ffa8f79b8b7ce9918c62f5ddf9f1efdb19fd,80,78,2,Document,NULL,NULL,5,NULL,1
ed407713974e1ef62ae8766d07251db84cd11980,c15301be16a89e14df0ddac0d737307e44416457,1,1,0,Document,NULL,NULL,1,NULL,1
c15301be16a89e14df0ddac0d737307e44416457,cc4ec078fc0dab8929f6c4eb55f1c82bc60ecd68,4,2,2,Document,NULL,NULL,4,NULL,1
cc4ec078fc0dab8929f6c4eb55f1c82bc60ecd68,3c17ffa8f79b8b7ce9918c62f5ddf9f1efdb19fd,75,75,0,Normal,NULL,NULL,0,NULL,0
3c17ffa8f79b8b7ce9918c62f5ddf9f1efdb19fd,1bf9fe6098de5fc3059d77464afb222a3655c522,1,1,0,Document,NULL,NULL,1,NULL,1
dbfb01cc4d4058bbe8d6372be364fbd5c5ec87ae,1bf9fe6098de5fc3059d77464afb222a3655c522,1,1,0,Document,NULL,NULL,1,NULL,1
f1f0c0ca47dac023a773930c2f513b7aef83f22c,52174835adf3c7a1487e3b01287f922bb2dfaee8,12,10,2,Normal,NULL,NULL,0,NULL,0
52174835adf3c7a1487e3b01287f922bb2dfaee8,b6652494ebedf752a2a37fff6030af38761c6968,2,1,1,Normal,NULL,NULL,0,NULL,0
b6652494ebedf752a2a37fff6030af38761c6968,3d0f8334f2da89e4e94ce9bd1a0a60708025a8b5,4,2,2,Normal,NULL,NULL,0,NULL,0
3d0f8334f2da89e4e94ce9bd1a0a60708025a8b5,ec10ee8a874293194096a86535f2943dd0b9b57e,44,32,12,Document,NULL,NULL,5,NULL,1
ec10ee8a874293194096a86535f2943dd0b9b57e,aee45e57f1b6861e65914bf29168b698200a6582,47,47,0,Document,NULL,NULL,1,NULL,1
aee45e57f1b6861e65914bf29168b698200a6582,6dbeb0b636901f737dc94cab88e346b6a8ddaf99,53,53,0,Document,NULL,NULL,4,NULL,1
1bf9fe6098de5fc3059d77464afb222a3655c522,6f9f98709a11a5845d1d17d01e2a23c0504c9c88,19,7,12,Normal,NULL,NULL,0,NULL,0
ce8e51afcedfe7b601feb2589c96ce04fa1dfada,6f9f98709a11a5845d1d17d01e2a23c0504c9c88,14,14,0,Normal,NULL,NULL,0,NULL,0
b5b8d79955a5b69ca0ae31f9fc20391ee2ec118c,41a1115a36f6c5da7190e10a90023db03463abe8,4,4,0,Document,NULL,NULL,4,NULL,1
41a1115a36f6c5da7190e10a90023db03463abe8,30796ad4c5ca877142e522c024a21d5673f8bdb3,63,0,63,Normal,NULL,NULL,0,NULL,0
6f9f98709a11a5845d1d17d01e2a23c0504c9c88,84306012831b73430a0fca55921308f7b8187ac0,8,4,4,Document,NULL,NULL,8,NULL,1
84306012831b73430a0fca55921308f7b8187ac0,6dbeb0b636901f737dc94cab88e346b6a8ddaf99,25,25,0,Document,NULL,NULL,5,NULL,1
b627d85d4a1694bb591812d21fdeab214709a8fc,7fb18293aa7c0e9b0683ae22eeaa7024927d9dc0,0,0,0,Normal,NULL,NULL,0,NULL,0
7fb18293aa7c0e9b0683ae22eeaa7024927d9dc0,b48f03feeecc1dcebf6ac8160c35d2cc652a07d5,5,5,0,Document,NULL,NULL,5,NULL,1
6dbeb0b636901f737dc94cab88e346b6a8ddaf99,2d2adccd63d6b1db17ee585fb1a3c4888944fa2d,46,46,0,#,NULL,NULL,0,NULL,0
2d2adccd63d6b1db17ee585fb1a3c4888944fa2d,c1e637d9337357fca481d9f8a69fad7611605043,10,10,0,#,NULL,NULL,0,NULL,0
c1e637d9337357fca481d9f8a69fad7611605043,5fc35ea5c0aaedd7ce486e547e08c85639166a38,1,1,0,Document,NULL,NULL,1,NULL,1
30796ad4c5ca877142e522c024a21d5673f8bdb3,5fc35ea5c0aaedd7ce486e547e08c85639166a38,63,63,0,Normal,NULL,NULL,0,NULL,0
8b3273ebb0b2c29448f439f6d6ceeadc57769e3a,5fc35ea5c0aaedd7ce486e547e08c85639166a38,10,10,0,Normal,NULL,NULL,0,NULL,0
b48f03feeecc1dcebf6ac8160c35d2cc652a07d5,5fc35ea5c0aaedd7ce486e547e08c85639166a38,20,20,0,Normal,NULL,NULL,0,NULL,0
24e5ce48433b06d15942db841d2908ca917671b4,5fc35ea5c0aaedd7ce486e547e08c85639166a38,1,1,0,Document,NULL,NULL,1,NULL,1
5fc35ea5c0aaedd7ce486e547e08c85639166a38,c1d3b7575d621e3b6fafb3b6acbf78182e6b6ed7,2,1,1,#,NULL,NULL,0,NULL,0
ca001d56323544d70d71713b654800e4183a2996,c1d3b7575d621e3b6fafb3b6acbf78182e6b6ed7,2,1,1,Normal,NULL,NULL,0,NULL,0
c1d3b7575d621e3b6fafb3b6acbf78182e6b6ed7,59120c27d2e9bc8944a6a94f9106dd4385c7ef3a,6,2,4,fix #,ISSUE,NULL,0,NULL,0
59120c27d2e9bc8944a6a94f9106dd4385c7ef3a,3c8342ac1d6f8efe82288277dd06945a16f7312a,1,1,0,Document,NULL,NULL,1,NULL,1
40fd26cf02f23adece679364c2fe72fe0bfa8fc9,3c8342ac1d6f8efe82288277dd06945a16f7312a,1,1,0,Document,NULL,NULL,1,NULL,1
3c8342ac1d6f8efe82288277dd06945a16f7312a,8293c54d7b20e3973cdb9b79793fd9630530d526,1,1,0,Document,NULL,NULL,1,NULL,1
8293c54d7b20e3973cdb9b79793fd9630530d526,58c3eedabfc0f549978da071f1f6db50cbc2392f,2,1,1,Document,NULL,NULL,2,NULL,1
58c3eedabfc0f549978da071f1f6db50cbc2392f,99ebc686527d594a2737fb97d26414ed3278b855,28,16,12,Document,NULL,NULL,28,NULL,1
651cc1651411e2e736cf29f460a413c4b2df94f1,99ebc686527d594a2737fb97d26414ed3278b855,66,35,31,Normal,NULL,NULL,0,NULL,0
cab1898cfb06937e1e87edc5c36612c7ad6fd4f8,ab582c788fe6f75d9ba10f269f25c55dabf9cf79,3,2,1,Normal,NULL,NULL,0,NULL,0
99ebc686527d594a2737fb97d26414ed3278b855,671201da0e37d505fabf899fb6a655c2e7af277d,4,2,2,Document,NULL,NULL,4,NULL,1
671201da0e37d505fabf899fb6a655c2e7af277d,d82b8f30c81174d879f26ec3f362399d27593e39,2,1,1,Document,NULL,NULL,2,NULL,1
d82b8f30c81174d879f26ec3f362399d27593e39,dad59ad881efa42eea2faca7567ab1079b88cbbb,8,6,2,Document,NULL,NULL,8,NULL,1
dad59ad881efa42eea2faca7567ab1079b88cbbb,d1fa8e5304aab85ecdacc0cca19c3e471ec79ca3,4,2,2,Document,NULL,NULL,4,NULL,1
d1fa8e5304aab85ecdacc0cca19c3e471ec79ca3,ae7d5c404c300f8f969f1b8a68d960c685c385a1,5,4,1,Document,NULL,NULL,5,NULL,1
ae7d5c404c300f8f969f1b8a68d960c685c385a1,cd94ac04be7640cf064761ff0dd0725707f15751,149,76,73,Document,NULL,NULL,149,NULL,2
cd94ac04be7640cf064761ff0dd0725707f15751,2148097ea58f56595acd1eebb8c4ccc106623ffb,98,98,0,Document,NULL,NULL,1,NULL,1
2148097ea58f56595acd1eebb8c4ccc106623ffb,fd31c365f591c4b69d507d6e91e583d48007a3d0,15,12,3,#,NULL,NULL,15,NULL,2
868efd83502fdca20e2631ad77f599d5e41dae21,fd31c365f591c4b69d507d6e91e583d48007a3d0,98,98,0,Document,NULL,NULL,1,NULL,1
fd31c365f591c4b69d507d6e91e583d48007a3d0,b0b4183ce74b827549f8d7fa7e272f5eed0b4c32,59,29,30,Document,NULL,NULL,59,REFACTOR,2
b0b4183ce74b827549f8d7fa7e272f5eed0b4c32,a1fc7c7888be407b47ad0c3e4771b1886734e2f9,33,33,0,Document,NULL,NULL,33,NULL,1
ab582c788fe6f75d9ba10f269f25c55dabf9cf79,5f0a9558183edd34726709cb2283c0485968d637,10,10,0,Normal,NULL,NULL,0,NULL,0
5f0a9558183edd34726709cb2283c0485968d637,4fcf5042233334762fc629f7edc8ab819602eee5,2,1,1,Normal,NULL,NULL,0,NULL,0
4fcf5042233334762fc629f7edc8ab819602eee5,6eea0087bb94440e4180b872bd13ac571b835676,35,35,0,Normal,NULL,NULL,0,NULL,0
53eab6326ef934599b3881ecf3427781389cf115,a1fc7c7888be407b47ad0c3e4771b1886734e2f9,33,33,0,Document,NULL,NULL,33,NULL,1
797c9fb6e87388332b6523b2e6c0b9c66f94a259,45bfc14e11830b5785e3ab7e7e6175cd4928c47a,3,3,0,Normal,NULL,NULL,3,NULL,1
45bfc14e11830b5785e3ab7e7e6175cd4928c47a,a1fc7c7888be407b47ad0c3e4771b1886734e2f9,12,9,3,Normal,NULL,NULL,12,NULL,1
babac11da02d1671b67e524a7bec650b6b55a6f4,a1fc7c7888be407b47ad0c3e4771b1886734e2f9,59,29,30,Document,NULL,NULL,59,REFACTOR,2
a1fc7c7888be407b47ad0c3e4771b1886734e2f9,6eea0087bb94440e4180b872bd13ac571b835676,2,1,1,Document,NULL,NULL,2,NULL,1
6eea0087bb94440e4180b872bd13ac571b835676,4e136a92b555bb2990cc8089bfc160b9a3216709,19,19,0,#,NULL,NULL,0,NULL,0
ddf1d05ff3465896f0f510bbd6182dc07148c8a8,0a74d43c8d024da3ca3f8411348bd9464d05e000,6,3,3,Normal,NULL,NULL,0,NULL,0
0a74d43c8d024da3ca3f8411348bd9464d05e000,9d3142ce34e50e6acf417df40f0bd53c0abaef33,19,19,0,Normal,NULL,NULL,0,NULL,0
1ef22ba1065960a97a3ba4eb860725d88f12b484,45c3c683927b60ae9b603e1e7fe002c47ee0f2fb,42,42,0,Normal,NULL,NULL,0,NULL,0
4e136a92b555bb2990cc8089bfc160b9a3216709,45c3c683927b60ae9b603e1e7fe002c47ee0f2fb,10,10,0,fix #,ISSUE,NULL,10,NULL,1
45c3c683927b60ae9b603e1e7fe002c47ee0f2fb,c82a810e9c3288314cc5db2abf52625e6a1dd4a6,20,20,0,#,NULL,NULL,0,NULL,0
6c034e87b3dbb55f2e31d819376026f9d68a7331,fa08facee7d1b1cd534054c5d550d22c2ceef6f6,20,20,0,Normal,NULL,NULL,0,NULL,0
c82a810e9c3288314cc5db2abf52625e6a1dd4a6,fa08facee7d1b1cd534054c5d550d22c2ceef6f6,12,12,0,#,NULL,NULL,0,NULL,0
541fbe5a62481ce0237f872295bc243d5790ad0c,fa08facee7d1b1cd534054c5d550d22c2ceef6f6,12,12,0,Normal,NULL,NULL,0,NULL,0
fa08facee7d1b1cd534054c5d550d22c2ceef6f6,6443ce4444b15c70f4489421010fc308505aa98c,2,2,0,Document,NULL,NULL,2,NULL,1
6443ce4444b15c70f4489421010fc308505aa98c,6f9bd303a1eb2e026d45ce3589c8c6884403a2a1,4,2,2,#,NULL,NULL,0,NULL,0
e2ecc0ddbbc76a3056ecc102a27c41c79b148ee3,6f9bd303a1eb2e026d45ce3589c8c6884403a2a1,4,2,2,Normal,NULL,NULL,0,NULL,0
6f9bd303a1eb2e026d45ce3589c8c6884403a2a1,3870c0789edbb1946d752f82006ca8d42f66ffa7,40,35,5,#,NULL,NULL,0,NULL,0
d92e401d0761c78f7427fa14a8b28690920d0f0a,2904c16fe4c71b8f018bedb44ad6304bf82a9fd3,40,35,5,fix #,ISSUE,NULL,0,NULL,0
3870c0789edbb1946d752f82006ca8d42f66ffa7,7c66c5b70a0828a5c75e07684e5f7588309b55a9,14,7,7,Document,NULL,NULL,14,NULL,1
28c5ee6087e8e34e96665772cf25f71fe580348b,9d3142ce34e50e6acf417df40f0bd53c0abaef33,14,7,7,Document,NULL,NULL,14,NULL,1
7c66c5b70a0828a5c75e07684e5f7588309b55a9,7f1bde63c55deb2c7236c25271e0cdd4057e364d,2,1,1,Document,NULL,NULL,2,NULL,1
7f1bde63c55deb2c7236c25271e0cdd4057e364d,9d3142ce34e50e6acf417df40f0bd53c0abaef33,2,1,1,Document,NULL,NULL,2,NULL,1
9d3142ce34e50e6acf417df40f0bd53c0abaef33,00d5a305bcdfe32033c3bec4c1c364abe53abc94,0,0,0,Normal,NULL,NULL,0,NULL,0
00d5a305bcdfe32033c3bec4c1c364abe53abc94,99fa21d8202605cc9ab27f605c40023f8a4a4be8,0,0,0,Normal,NULL,NULL,0,NULL,0
99fa21d8202605cc9ab27f605c40023f8a4a4be8,c865505b947d8b2115fe87df34cfdf0d52207058,4,2,2,Normal,NULL,NULL,0,NULL,0
c865505b947d8b2115fe87df34cfdf0d52207058,da96916d03ad0b12e6d6d4dbba733c2e5cd9d6c8,12,12,0,#,NULL,NULL,0,NULL,0
da96916d03ad0b12e6d6d4dbba733c2e5cd9d6c8,3e593170621f77198395fed76dbd7ce967dbc436,74,74,0,#,NULL,NULL,0,NULL,0
843e15af82b084193f73e73319cc0a9255f872e8,6c584cc8dcd0ab2c0365e9b5f36359048f7948d1,3,2,1,Normal,NULL,NULL,0,NULL,0
8ffd30fcce7b034679c92c447c08225d51a6edc1,3e593170621f77198395fed76dbd7ce967dbc436,12,12,0,Normal,NULL,NULL,0,NULL,0
b2df94561ade640c2e2d586b6a4f1ab4303c141a,2904c16fe4c71b8f018bedb44ad6304bf82a9fd3,10,10,0,Normal,NULL,NULL,10,NULL,1
3e593170621f77198395fed76dbd7ce967dbc436,2904c16fe4c71b8f018bedb44ad6304bf82a9fd3,6,6,0,Document,NULL,NULL,6,NULL,1
6c584cc8dcd0ab2c0365e9b5f36359048f7948d1,2904c16fe4c71b8f018bedb44ad6304bf82a9fd3,73,73,0,Normal,NULL,NULL,0,NULL,0
c5c247531a487334be3d0563c85d39a8266b4f43,2904c16fe4c71b8f018bedb44ad6304bf82a9fd3,6,6,0,Document,NULL,NULL,6,NULL,1
2170eab9c1b373615fd00f2f3560e243a633a5d4,1bf9fe6098de5fc3059d77464afb222a3655c522,19,19,0,Normal,NULL,NULL,0,NULL,0
2904c16fe4c71b8f018bedb44ad6304bf82a9fd3,d655b913b5845b600fb51cde4062a21daee07534,7,7,0,Normal,NULL,NULL,0,NULL,0
d655b913b5845b600fb51cde4062a21daee07534,4f5c06279461d0d6b8adf30b3067c3a0c88b8599,4,2,2,Normal,NULL,NULL,0,NULL,0
4f5c06279461d0d6b8adf30b3067c3a0c88b8599,a5aeba1f28ee8597212f3aa60a0d9adad72de20d,322,153,169,Document,NULL,NULL,237,REFACTOR,12
3fdec331073b5d039ecbf5a4a09e047ba6e29675,a5aeba1f28ee8597212f3aa60a0d9adad72de20d,322,153,169,Document,NULL,NULL,237,NULL,12
a5aeba1f28ee8597212f3aa60a0d9adad72de20d,46397a9e2c7e17c4c8d2a5bdce9e5679416f7925,12,6,6,fix #,ISSUE,NULL,0,NULL,0
46397a9e2c7e17c4c8d2a5bdce9e5679416f7925,832849c10818be3367dc2a7fdcaf53a3552ad407,31,31,0,#,NULL,NULL,0,NULL,0
0c86dec406186ac2acb1fc4792d72359b4fa15e6,832849c10818be3367dc2a7fdcaf53a3552ad407,12,6,6,fix,NULL,NULL,0,NULL,0
832849c10818be3367dc2a7fdcaf53a3552ad407,87c466f1c180871c20e1ba51af583821e03d33b8,50,50,0,#,NULL,NULL,0,NULL,0
6dc7a60397b45bd8433a2ce49ab3a684931ae935,87c466f1c180871c20e1ba51af583821e03d33b8,50,50,0,Normal,NULL,NULL,0,NULL,0
dbb313f924585354425a90d113affd1b092cb467,87c466f1c180871c20e1ba51af583821e03d33b8,31,31,0,Normal,NULL,NULL,0,NULL,0
7f46359afbb99990c9265376412e813ace888812,d32de9fa7ccbbb2420f5bf0c6a3c8184320f6058,4,2,2,Document,NULL,NULL,4,NULL,1
d32de9fa7ccbbb2420f5bf0c6a3c8184320f6058,f1815a2a5a60e99ea7342cf3fca5871b68226bfe,2,1,1,Document,NULL,NULL,2,NULL,1
f1815a2a5a60e99ea7342cf3fca5871b68226bfe,0964f067625c0d456a69892c3f550b4b00b3dec5,12,12,0,Document,NULL,NULL,10,NULL,1
0964f067625c0d456a69892c3f550b4b00b3dec5,ef53c73933bfc419881009d3243acbee3535b0f4,31,9,22,Normal,NULL,NULL,12,NULL,3
ef53c73933bfc419881009d3243acbee3535b0f4,3ad8966cb98185adafeb0b32d0f9f641fe87418c,55,22,33,Normal,NULL,NULL,43,NULL,4
3ad8966cb98185adafeb0b32d0f9f641fe87418c,f943d7316cdbeb181ebd0f89e95c8f4f8e42e79b,181,70,111,Normal,NULL,NULL,164,NULL,6
87c466f1c180871c20e1ba51af583821e03d33b8,895ba87fca41ac24d6d978a036f35588100f9ffb,2,1,1,Document,NULL,NULL,2,NULL,1
895ba87fca41ac24d6d978a036f35588100f9ffb,a55a9a9b05c331a64de68c23f5906c9714d0df3e,3029,455,2574,Document,NULL,NULL,1303,REFACTOR,21
f943d7316cdbeb181ebd0f89e95c8f4f8e42e79b,db502e1ed70afd06375272765def94029d903759,2368,233,2135,Document,NULL,NULL,834,NULL,13
db502e1ed70afd06375272765def94029d903759,ad0e16d6f41653aad4d166fce56e87c766c3c5cf,90,32,58,fix,ISSUE,NULL,89,NULL,2
ad0e16d6f41653aad4d166fce56e87c766c3c5cf,96fae09f5dffa5af8912d63eee4fd2befba82e89,16,9,7,Document,NULL,NULL,16,NULL,2
8903f2dca629d562c19271225f9da0ae2077cba4,a55a9a9b05c331a64de68c23f5906c9714d0df3e,14,8,6,Document,NULL,NULL,14,NULL,2
96fae09f5dffa5af8912d63eee4fd2befba82e89,6031fb0efddf7ce246526be73865b2f7a7939edf,8,4,4,Document,NULL,NULL,8,NULL,1
6031fb0efddf7ce246526be73865b2f7a7939edf,6a5577f407401894fbc4e7af58c4923a787f29fc,2,1,1,Normal,NULL,NULL,0,NULL,0
6a5577f407401894fbc4e7af58c4923a787f29fc,37b8a4cfb562be973d154cb632db4e682405a8de,110,43,67,Normal,NULL,NULL,102,NULL,9
37b8a4cfb562be973d154cb632db4e682405a8de,a55a9a9b05c331a64de68c23f5906c9714d0df3e,527,179,348,Normal,NULL,NULL,342,REFACTOR,14
a55a9a9b05c331a64de68c23f5906c9714d0df3e,fff58a43eb1c1d081c8cb8996b98b38ecc2c406e,8,5,3,Normal,NULL,NULL,0,NULL,0
fff58a43eb1c1d081c8cb8996b98b38ecc2c406e,ff28bc215074d7e3ff4ab5946a41d95890941f48,21,21,0,fix #,ISSUE,NULL,0,NULL,0
ff28bc215074d7e3ff4ab5946a41d95890941f48,4d2aeb9a9913128f5da0f444c4bc1f5492e708c7,2,1,1,Normal,NULL,NULL,0,NULL,0
4d2aeb9a9913128f5da0f444c4bc1f5492e708c7,f0a267dc50a957bd8073a79793a929ac780a8bda,12,6,6,Normal,NULL,NULL,0,NULL,0
f0a267dc50a957bd8073a79793a929ac780a8bda,146003be8c46e572879e3a77e2c4a747be282240,86,59,27,Document,NULL,NULL,56,NULL,3
8634eb49a28a6c17b034ea6d4d60ed565a5e3a93,25710e03f49391263dcea45e69115c0ce977a64e,6,3,3,Comment,NULL,NULL,0,NULL,0
25710e03f49391263dcea45e69115c0ce977a64e,e703da59b982bf42a2783d7b9865abcf3e2a52c1,33,33,0,Normal,NULL,NULL,0,NULL,0
146003be8c46e572879e3a77e2c4a747be282240,c93e3b081f7d6a7ac2a5e8a1e7b88f63785f60c5,33,33,0,#,NULL,NULL,0,NULL,0
2ba07adc299a5f605e06fca1351e4da469095aff,6bbad04d5ff65eabb33ee223729a605887f412b6,6,3,3,Comment,NULL,NULL,0,NULL,0
6bbad04d5ff65eabb33ee223729a605887f412b6,c93e3b081f7d6a7ac2a5e8a1e7b88f63785f60c5,33,33,0,Normal,NULL,NULL,0,NULL,0
e703da59b982bf42a2783d7b9865abcf3e2a52c1,e1f7bc57a18c2fbfac917c2e6807883497e91fb1,1,1,0,Document,NULL,NULL,1,NULL,1
e1f7bc57a18c2fbfac917c2e6807883497e91fb1,08102473c23feea2e7577b3b9355905a4b49cb25,4,4,0,Document,NULL,NULL,4,NULL,1
08102473c23feea2e7577b3b9355905a4b49cb25,4a1741ba0ca8d021bc35420818c4853e37c237a4,0,0,0,Normal,NULL,NULL,0,NULL,0
4a1741ba0ca8d021bc35420818c4853e37c237a4,af09073fa2efd868f2b09a20cb05f36d4e2ed3cf,21,16,5,Normal,NULL,NULL,21,NULL,1
6e8a8663d4977399548e1ea067713e20d4967696,1bc6652b214dbe9eba00d275221126e01b3d9798,3,3,0,Document,NULL,NULL,3,NULL,1
1bc6652b214dbe9eba00d275221126e01b3d9798,5a6e4674075be84b0c6fdb39634060b03bc063de,12,11,1,#,ISSUE,NULL,12,NULL,1
af09073fa2efd868f2b09a20cb05f36d4e2ed3cf,a62bbae4d2575a4ffa5b5531de7b6c74cdae7d42,4,4,0,Normal,NULL,NULL,4,NULL,1
a62bbae4d2575a4ffa5b5531de7b6c74cdae7d42,fa152ba70f8a9ba5554a319350b579eed1f136ef,8,7,1,Normal,NULL,NULL,8,NULL,1
5a6e4674075be84b0c6fdb39634060b03bc063de,fa152ba70f8a9ba5554a319350b579eed1f136ef,1,1,0,Document,NULL,NULL,1,NULL,1
fa152ba70f8a9ba5554a319350b579eed1f136ef,5d31e2ce7a6a53c37bc02bdd32b86dfd9f43e7ef,0,0,0,Normal,NULL,NULL,0,NULL,0
5d31e2ce7a6a53c37bc02bdd32b86dfd9f43e7ef,5d2e7ccafaf2bdbd14e1110433bef744cf103ade,1494,0,1494,Normal,NULL,NULL,0,NULL,0
5d2e7ccafaf2bdbd14e1110433bef744cf103ade,0e9e599a7bfcf980b0981fd130f57204c7c7f04a,1494,1494,0,Normal,NULL,NULL,0,NULL,0
73162f49de34fb2c2afca198ef2ea66a777c8e36,ce2652fa33c5bf8b328ee8abadeb5a7cfd0a5211,12,5,7,#,ISSUE,NULL,12,NULL,1
0e9e599a7bfcf980b0981fd130f57204c7c7f04a,e5e78beeda493379526ba2a2c222a4a923119aa5,12,5,7,Normal,NULL,NULL,12,NULL,1
ce2652fa33c5bf8b328ee8abadeb5a7cfd0a5211,c93e3b081f7d6a7ac2a5e8a1e7b88f63785f60c5,50,29,21,#,NULL,NULL,32,NULL,2
e5e78beeda493379526ba2a2c222a4a923119aa5,c93e3b081f7d6a7ac2a5e8a1e7b88f63785f60c5,50,29,21,Normal,NULL,NULL,32,NULL,2
c93e3b081f7d6a7ac2a5e8a1e7b88f63785f60c5,d7276ae0f070ae554151be73a0f28a5ad31a74fb,846,708,138,Document,NULL,NULL,822,NULL,11
d041544699871ae8708d249af8b1da5bf3ef0ecb,4d5d104de37d6bfda926167951f63795a3c77ac7,327,287,40,Normal,NULL,NULL,327,NULL,6
4d5d104de37d6bfda926167951f63795a3c77ac7,550b542bf70f49948e867eb0e89d79d9fcb5131f,122,118,4,Document,NULL,NULL,114,NULL,4
51dd8e2f979a3fa415722314775bcc016d898812,f9f850b3b3bce6ecc1289794ae0283cc5391fa3b,21,21,0,Normal,NULL,NULL,21,NULL,3
f9f850b3b3bce6ecc1289794ae0283cc5391fa3b,c23e68530faece0d6504ba9f504ca16122dfc0fb,26,20,6,Normal,NULL,NULL,26,NULL,3
c23e68530faece0d6504ba9f504ca16122dfc0fb,3e51414231cb13c7d6fa2354fd0d48c4806aaaa9,287,252,35,Normal,NULL,NULL,287,NULL,2
860e543178e9d043429705e8534aeeb131de608a,2b975f60a6b61efe406ee5bf8c848af4b1fcbcb7,2,1,1,Document,NULL,NULL,2,NULL,1
2b975f60a6b61efe406ee5bf8c848af4b1fcbcb7,98b49a5aa979ff0b84693f488c3a3d16addab64c,19,7,12,Document,NULL,NULL,19,NULL,1
98b49a5aa979ff0b84693f488c3a3d16addab64c,a21ab675dc6ffb581a5d4013854fac4d070fa712,108,104,4,Normal,NULL,NULL,100,NULL,3
a21ab675dc6ffb581a5d4013854fac4d070fa712,b99a1e3586d4e369664d420d7b03630e9c2383fd,19,19,0,Document,NULL,NULL,19,NULL,1
3e51414231cb13c7d6fa2354fd0d48c4806aaaa9,8106619765463d76b951bd3b070551b23b9d33ef,3,2,1,Normal,NULL,NULL,3,NULL,2
550b542bf70f49948e867eb0e89d79d9fcb5131f,42aab3822cee74ecaf3b560a8ecfeffb82997c66,44,27,17,Normal,NULL,NULL,44,NULL,2
b99a1e3586d4e369664d420d7b03630e9c2383fd,76d665ca67897b764cc5b95aa7219412391e24ce,30,18,12,Normal,NULL,NULL,30,NULL,1
8106619765463d76b951bd3b070551b23b9d33ef,c92bec62dc9106a2068ff315d5a30ffafd008880,14,9,5,Normal,NULL,NULL,14,NULL,1
42aab3822cee74ecaf3b560a8ecfeffb82997c66,c92bec62dc9106a2068ff315d5a30ffafd008880,46,44,2,Normal,NULL,NULL,46,NULL,1
76d665ca67897b764cc5b95aa7219412391e24ce,d7276ae0f070ae554151be73a0f28a5ad31a74fb,46,44,2,Normal,NULL,NULL,46,NULL,1
c92bec62dc9106a2068ff315d5a30ffafd008880,40884f0211ef32c28a7d17e9a7e986e589ffa80f,106,106,0,Normal,NULL,NULL,96,NULL,3
40884f0211ef32c28a7d17e9a7e986e589ffa80f,d7276ae0f070ae554151be73a0f28a5ad31a74fb,303,177,126,Normal,NULL,NULL,297,NULL,5
d7276ae0f070ae554151be73a0f28a5ad31a74fb,f51dc9ca39c153800dc15a9aaf8f1a942aa0517b,939,229,710,Normal,NULL,NULL,200,NULL,19
f51dc9ca39c153800dc15a9aaf8f1a942aa0517b,267c02a1c684154e1370934acc60b4a624cadff2,154,0,154,Normal,NULL,NULL,0,NULL,0
267c02a1c684154e1370934acc60b4a624cadff2,57fef501f0d34781f3bea020a8187f977cc8495d,1494,1494,0,Normal,NULL,NULL,0,NULL,0
57fef501f0d34781f3bea020a8187f977cc8495d,22583893f264f5d7b8bea48cdbce0d8ee1422da3,18,18,0,Normal,NULL,NULL,0,NULL,0
22583893f264f5d7b8bea48cdbce0d8ee1422da3,b8756a1be33d7e6bee2a7dddf214917a34fde2ca,41,32,9,Normal,NULL,NULL,41,NULL,2
b8756a1be33d7e6bee2a7dddf214917a34fde2ca,4eefe647922bfc68feab4e7f92b52b46c82197b3,16,13,3,Normal,NULL,NULL,16,NULL,1
4eefe647922bfc68feab4e7f92b52b46c82197b3,92b4c4f552a18f9f25ea90b1b77aa0406bb671e3,6,4,2,fix,ISSUE,BUG,6,NULL,1
92b4c4f552a18f9f25ea90b1b77aa0406bb671e3,40ad7638bc6acc7cf310cc4c0585a18dd558ad78,23,15,8,Normal,NULL,NULL,23,NULL,2
40ad7638bc6acc7cf310cc4c0585a18dd558ad78,64a7616de5be119f8180e6483b10ea27365cfdaa,4,2,2,fix,NULL,NULL,4,NULL,1
64a7616de5be119f8180e6483b10ea27365cfdaa,575fa78cd48540f30fea5f090b02d0f16e36e336,4,2,2,Normal,NULL,NULL,4,NULL,1
575fa78cd48540f30fea5f090b02d0f16e36e336,5bf32e0fedb8c0e0569cdbe4cafa339a18ddff3d,13,7,6,Normal,NULL,NULL,13,NULL,1
5bf32e0fedb8c0e0569cdbe4cafa339a18ddff3d,3dee0b9ea63f1866a7ee2f7c33c85684c31dbfa0,27,18,9,Normal,NULL,NULL,27,NULL,1
3dee0b9ea63f1866a7ee2f7c33c85684c31dbfa0,107aaf6a7eaa9cf39bc541ec839cfbe0163d1356,20,20,0,Normal,NULL,NULL,20,NULL,1
107aaf6a7eaa9cf39bc541ec839cfbe0163d1356,466e81d9f4d3d1b4b57cb4f4d130fd1da8e7a0bf,2,1,1,Normal,NULL,NULL,2,NULL,1
466e81d9f4d3d1b4b57cb4f4d130fd1da8e7a0bf,05be7d8d92a9b8c4a58a6e4f3c280d6a1cd73233,0,0,0,Normal,NULL,NULL,0,NULL,0
05be7d8d92a9b8c4a58a6e4f3c280d6a1cd73233,f8e02f37bbd5840d24a2c33b1ee9e99ebc34197c,2,1,1,Normal,NULL,NULL,2,NULL,1
f8e02f37bbd5840d24a2c33b1ee9e99ebc34197c,65f6831b4d855085e72e5ed844ec33f2a994c70e,1816,1812,4,Normal,NULL,NULL,388,NULL,6
65f6831b4d855085e72e5ed844ec33f2a994c70e,92186a3fdc76cacd513b19a0cb1efe5679504a04,0,0,0,Normal,NULL,NULL,0,NULL,0
92186a3fdc76cacd513b19a0cb1efe5679504a04,bc886a409065a7db1b413a4b2bc708fa7d068b1d,8,7,1,Normal,NULL,NULL,8,NULL,1
bc886a409065a7db1b413a4b2bc708fa7d068b1d,84011415de6bffbb0b398bfa982ddf2286731b88,85,82,3,Normal,NULL,NULL,85,NULL,3
84011415de6bffbb0b398bfa982ddf2286731b88,42e27195bf85c9b4db332cef030d39f0e61a1eb8,591,591,0,Normal,NULL,NULL,32,NULL,2
42e27195bf85c9b4db332cef030d39f0e61a1eb8,336cb6cfc794af60ba61781ece5d6c45e8971284,0,0,0,Normal,NULL,NULL,0,NULL,0
336cb6cfc794af60ba61781ece5d6c45e8971284,bf24283cf7de718294bace4e593abf67fd4b8203,89,53,36,Normal,NULL,NULL,89,NULL,4
bf24283cf7de718294bace4e593abf67fd4b8203,b893ff1ae3b47c107986448bb3273ac71826704d,0,0,0,Normal,NULL,NULL,0,NULL,0
b893ff1ae3b47c107986448bb3273ac71826704d,6e33e53a2a5408fef2710b4de33783ea23cec48b,8,4,4,Normal,NULL,NULL,4,NULL,2
6e33e53a2a5408fef2710b4de33783ea23cec48b,d3ac02ef8ed3ebea9c16e06ca95de80be48d1c91,11,10,1,Normal,NULL,NULL,11,NULL,1
d3ac02ef8ed3ebea9c16e06ca95de80be48d1c91,ab7aa5f9766595546e4f963d2830197b75e2f66b,2,1,1,Normal,NULL,NULL,2,NULL,1
ab7aa5f9766595546e4f963d2830197b75e2f66b,03a6f2281fc488e199d92e847ef192890f694550,24,15,9,Normal,NULL,NULL,24,NULL,4
03a6f2281fc488e199d92e847ef192890f694550,bb0f179952b7d6d5fe9a4b81fcdd445811563095,5,4,1,fix,ISSUE,BUG,5,NULL,2
bb0f179952b7d6d5fe9a4b81fcdd445811563095,12d79aa13fc688b898c87ee1841f5ebc100224a8,6,5,1,Normal,NULL,NULL,4,NULL,1
12d79aa13fc688b898c87ee1841f5ebc100224a8,25e37acc8cc84731e5b9e0fcca7983db0cd19c9b,8,5,3,Normal,NULL,NULL,8,NULL,1
25e37acc8cc84731e5b9e0fcca7983db0cd19c9b,f05c0cc8f63f859fa19fca6dfcc695a0b1845f50,863,215,648,Normal,NULL,NULL,204,NULL,4
f05c0cc8f63f859fa19fca6dfcc695a0b1845f50,8e0b48156c149dde49595b139ce3bfcc88bb7aca,25,19,6,Normal,NULL,NULL,23,NULL,3
8e0b48156c149dde49595b139ce3bfcc88bb7aca,3dc250094c40ded11837974863b65aa9538e1240,12,6,6,fix,ISSUE,BUG,12,NULL,2
3dc250094c40ded11837974863b65aa9538e1240,48b1aa6e3e3659adb67fd5169f1efe01826c65c9,719,551,168,Normal,NULL,NULL,194,NULL,7
48b1aa6e3e3659adb67fd5169f1efe01826c65c9,e5b5ef5f8ed8aca913727061581ee173c511885c,13,10,3,Normal,NULL,NULL,13,NULL,3
e5b5ef5f8ed8aca913727061581ee173c511885c,eb9540ca441ad1020c1027ea3bfa914c4308e129,197,182,15,Normal,NULL,NULL,177,NULL,10
eb9540ca441ad1020c1027ea3bfa914c4308e129,d9e1d01bddd67f128bb326a1edbab8a5c44c0420,176,169,7,Normal,NULL,NULL,161,NULL,3
d9e1d01bddd67f128bb326a1edbab8a5c44c0420,cea3240e09ff13125e80b4c941ecb85021263678,60,57,3,Normal,NULL,NULL,60,NULL,3
cea3240e09ff13125e80b4c941ecb85021263678,33761af7c885a9492bd89939880f8ded9a06d46b,78,77,1,Normal,NULL,NULL,11,NULL,3
33761af7c885a9492bd89939880f8ded9a06d46b,d67058237201a6f53011e781c6f7c7e0fadd1a2a,28,26,2,Normal,NULL,NULL,27,NULL,3
d67058237201a6f53011e781c6f7c7e0fadd1a2a,141dd6d68cf25edf44a67e96b50f0762f19005e9,19,18,1,Normal,NULL,NULL,16,NULL,1
141dd6d68cf25edf44a67e96b50f0762f19005e9,9bc97eed744eee004a70012abbd39fcf63224c39,61,59,2,Normal,NULL,NULL,51,NULL,3
9bc97eed744eee004a70012abbd39fcf63224c39,cf95b88a885ff1caf6552eab95edb3d509072033,67,63,4,Normal,NULL,NULL,67,NULL,6
cf95b88a885ff1caf6552eab95edb3d509072033,18df7e04dcdfab6bb177823dc1a3d4995c30e1de,49,43,6,Normal,NULL,NULL,49,NULL,2
18df7e04dcdfab6bb177823dc1a3d4995c30e1de,2c491f80578dc8eeef367a77662e6d11a21c71ea,103,103,0,Normal,NULL,NULL,99,NULL,4
2c491f80578dc8eeef367a77662e6d11a21c71ea,58ba40a84bd6b3d401b61b324083d021b5699912,34,20,14,Normal,NULL,NULL,32,NULL,1
58ba40a84bd6b3d401b61b324083d021b5699912,64bd40e3ee51e317ce11c6e9fa0411d0db77538e,94,85,9,Normal,NULL,NULL,76,NULL,5
64bd40e3ee51e317ce11c6e9fa0411d0db77538e,c3db3588c9b10724096ef24e14c81dc9fb522a7d,1478,1478,0,Normal,NULL,NULL,150,NULL,6
c3db3588c9b10724096ef24e14c81dc9fb522a7d,3063e646ff9519fef245e5ac0198559913fbb09d,10,10,0,Normal,NULL,NULL,0,NULL,0
3063e646ff9519fef245e5ac0198559913fbb09d,f678037fef254a532a623db6c3b71415589eb042,2,1,1,Document,NULL,NULL,2,NULL,1
f678037fef254a532a623db6c3b71415589eb042,4c516c7f13dd35c1fe714577e60eb98c746938c2,2,1,1,fix,NULL,NULL,0,NULL,0
4c516c7f13dd35c1fe714577e60eb98c746938c2,6e6cec615985d0404353f4724f390b2ac9d3a169,20,15,5,Normal,NULL,NULL,0,NULL,0
6e6cec615985d0404353f4724f390b2ac9d3a169,cf49e0b183832805f7692a26f5716fb8d7648fa8,14,13,1,Document,NULL,NULL,14,NULL,1
cf49e0b183832805f7692a26f5716fb8d7648fa8,2cf2fde4d04e351b48b9e1813c4b657ebc51140d,2,1,1,Document,NULL,NULL,2,NULL,1
2cf2fde4d04e351b48b9e1813c4b657ebc51140d,9c923489149fac84d94fff44f1a15f9160f20cb7,11,11,0,Normal,NULL,NULL,0,NULL,0
9c923489149fac84d94fff44f1a15f9160f20cb7,b583656888c2959deeed3c325c6db169cf0b29a5,24,23,1,Normal,NULL,NULL,0,NULL,0
b583656888c2959deeed3c325c6db169cf0b29a5,9d8dd1a9a07fb78dc4e36735befa708906d0e487,17,17,0,Document,NULL,NULL,17,NULL,1
9d8dd1a9a07fb78dc4e36735befa708906d0e487,abbab7009de63d234ad03d4bd716e891ac10c2d1,17,17,0,Normal,NULL,NULL,0,NULL,0
abbab7009de63d234ad03d4bd716e891ac10c2d1,7ca79c885e6a60859774a8a0d69c8c2ed278fd7b,2,1,1,Document,NULL,NULL,2,NULL,1
7ca79c885e6a60859774a8a0d69c8c2ed278fd7b,b9d0ac1520a29f2db921647987784cd35a04a79a,2,1,1,Document,NULL,NULL,2,NULL,1
b9d0ac1520a29f2db921647987784cd35a04a79a,592cdc35933760c311548776ac19a3dca3fd81c8,2,1,1,Document,NULL,NULL,2,NULL,1
592cdc35933760c311548776ac19a3dca3fd81c8,bf19655e8c0f1f741fd0aede61166c84c5c6efbf,0,0,0,Format,NULL,NULL,0,NULL,0
bf19655e8c0f1f741fd0aede61166c84c5c6efbf,56e20961652676a66886d08d6c19b1a68312ea9e,2,2,0,Document,NULL,NULL,2,NULL,1
56e20961652676a66886d08d6c19b1a68312ea9e,97f1b10e3f846ef148da56ffad86187ba79b37f9,0,0,0,Normal,NULL,NULL,0,NULL,0
97f1b10e3f846ef148da56ffad86187ba79b37f9,1596006dca6ce7f8e013719f888e226541ae17c6,0,0,0,Normal,NULL,NULL,0,NULL,0
1596006dca6ce7f8e013719f888e226541ae17c6,27c10baa6b1901cd8176ef2544dddcc641b2858b,2,1,1,Document,NULL,NULL,2,NULL,1
27c10baa6b1901cd8176ef2544dddcc641b2858b,0fedc6130ffd99c627655646569875bc6f2dd949,2,1,1,Document,NULL,NULL,2,NULL,1
0fedc6130ffd99c627655646569875bc6f2dd949,bde9ab991e489b1fc80070eb2efb6d353dce20b0,4,4,0,Document,NULL,NULL,4,NULL,1
bde9ab991e489b1fc80070eb2efb6d353dce20b0,bc55eb34913a26baa5df5a7eadb949e2b9bbbf6b,2,1,1,Document,NULL,NULL,2,NULL,1
bc55eb34913a26baa5df5a7eadb949e2b9bbbf6b,76887f30592a4fe0449cbb94d1ae49bfaf947546,2,1,1,Document,NULL,NULL,2,NULL,1
76887f30592a4fe0449cbb94d1ae49bfaf947546,ae74844d8bd187187452624d87e4ae8495332d9f,0,0,0,Normal,NULL,NULL,0,NULL,0
ae74844d8bd187187452624d87e4ae8495332d9f,692ce3f2d9253969bfb710fa8340915fdcce6cc5,2,1,1,Document,NULL,NULL,2,NULL,1
692ce3f2d9253969bfb710fa8340915fdcce6cc5,8ab63306689303de0458db67aa5d4caae74fec40,6,5,1,Document,NULL,NULL,6,NULL,1
8ab63306689303de0458db67aa5d4caae74fec40,e44c4baac17deadfd0774420a17cdf20a79a01a4,6,3,3,Document,NULL,NULL,6,NULL,1
e44c4baac17deadfd0774420a17cdf20a79a01a4,db13b18e869c665cb18ebbfef34156dc103caeb4,6,6,0,Document,NULL,NULL,6,NULL,1
db13b18e869c665cb18ebbfef34156dc103caeb4,88bc743d5b24c5985460d0a0719fa2abdfe5b500,2,2,0,Document,NULL,NULL,2,NULL,1
88bc743d5b24c5985460d0a0719fa2abdfe5b500,af4fd5171f187c97fb2890f140699297c156e405,0,0,0,Normal,NULL,NULL,0,NULL,0
af4fd5171f187c97fb2890f140699297c156e405,54729d759f40e3521ad507aa027865d2a3ba3e49,0,0,0,Normal,NULL,NULL,0,NULL,0
54729d759f40e3521ad507aa027865d2a3ba3e49,1d9a72bdc6f7a149f4c5425ea5385066680a21f7,2,1,1,Document,NULL,NULL,2,NULL,1
1d9a72bdc6f7a149f4c5425ea5385066680a21f7,f72dc75984e8c684bc41c723bf9574ae2d64a795,14,13,1,Document,NULL,NULL,14,NULL,1
f72dc75984e8c684bc41c723bf9574ae2d64a795,063318620089dce2e6b5d1eca4dd734ec223dc93,14,0,14,Normal,NULL,NULL,0,NULL,0
063318620089dce2e6b5d1eca4dd734ec223dc93,0b7186259e781afe1f296ed506687c1a3eda53b5,4,3,1,Document,NULL,NULL,4,NULL,1
0b7186259e781afe1f296ed506687c1a3eda53b5,33d37bdb84c6e49abd791cffdd8c70d2444ea968,23,23,0,Normal,NULL,NULL,0,NULL,0
33d37bdb84c6e49abd791cffdd8c70d2444ea968,5ba46246d6872432c8deb4c6fee816b67ec286ef,14,14,0,Normal,NULL,NULL,0,NULL,0
5ba46246d6872432c8deb4c6fee816b67ec286ef,bfb909511bed1ebcf373f218be31500efe4759c8,32,18,14,Normal,NULL,NULL,0,NULL,0
bfb909511bed1ebcf373f218be31500efe4759c8,48ded6d9e7006bd86ce6ae821540d7b02ea6257f,34,23,11,Normal,NULL,NULL,0,NULL,0
48ded6d9e7006bd86ce6ae821540d7b02ea6257f,c81aa3985fb9392126072dd70a0ffc128be60604,31,31,0,Normal,NULL,NULL,0,NULL,0
c81aa3985fb9392126072dd70a0ffc128be60604,f2a1e0db27002cb2a130a620913ff0b5857fdddf,4,4,0,Normal,NULL,NULL,0,NULL,0
f2a1e0db27002cb2a130a620913ff0b5857fdddf,fc5bc08a3f139012c0140240af28e92fc9a39d75,2,2,0,Normal,NULL,NULL,0,NULL,0
fc5bc08a3f139012c0140240af28e92fc9a39d75,3df50839ef175113042ad4f2658e14e5be96d8eb,59,59,0,Document,NULL,NULL,59,NULL,1
3df50839ef175113042ad4f2658e14e5be96d8eb,cffab08564e449b857fda75a69b126d892b54bea,8,8,0,Normal,NULL,NULL,0,NULL,0
cffab08564e449b857fda75a69b126d892b54bea,be125d6a96ff9f0b49643bb99ba437b62494b8b8,0,0,0,Normal,NULL,NULL,0,NULL,0
be125d6a96ff9f0b49643bb99ba437b62494b8b8,null,3,3,0,Normal,NULL,NULL,0,NULL,0
