53a1298f4bbb735a1e7ab235f6e74cf099a1583b,fa2593d09221628d13c954c03c3db65a7f2abbc6,305,302,3,fix #,ISSUE,NULL,305,NULL,3
52dc418c8d2a16d28c680f31dce5ca8ab9069756,63de2261447b1dbdf592e8a464cf9e6105c53845,69,62,7,Normal,NULL,NULL,69,NULL,1
63de2261447b1dbdf592e8a464cf9e6105c53845,c83156983bffa28982e945acf0d53b85582cdfc5,8,4,4,Normal,ISSUE,NULL,8,NULL,2
c83156983bffa28982e945acf0d53b85582cdfc5,5a3f9aeee861509570773353f37db070f921f76a,2,1,1,Normal,NULL,NULL,2,NULL,1
5a3f9aeee861509570773353f37db070f921f76a,3345f812755bb1ccd04d64621eb74687f435000b,159,159,0,Normal,NULL,NULL,159,NULL,1
3345f812755bb1ccd04d64621eb74687f435000b,fa0ea504f3dd747c490a9f1ffb5826a5c8251810,57,54,3,Normal,NULL,NULL,57,NULL,2
fa0ea504f3dd747c490a9f1ffb5826a5c8251810,fa2593d09221628d13c954c03c3db65a7f2abbc6,38,36,2,#,ISSUE,NULL,38,NULL,1
fa2593d09221628d13c954c03c3db65a7f2abbc6,81d11a36910579ad441c5178c965d07a26b9da55,1010,1008,2,Normal,NULL,NULL,0,NULL,0
81d11a36910579ad441c5178c965d07a26b9da55,7d756e6553a9f950c2f33045b6c365b1470685fa,23,17,6,Normal,NULL,NULL,0,NULL,0
7d756e6553a9f950c2f33045b6c365b1470685fa,7db29a6f8bd0129460dfba6722d5a63c5a0eaf8c,2,1,1,Normal,NULL,NULL,0,NULL,0
7db29a6f8bd0129460dfba6722d5a63c5a0eaf8c,8ce1403176b6d5745adf9af3763c5e7ad6609fef,6,3,3,Normal,NULL,NULL,0,NULL,0
8ce1403176b6d5745adf9af3763c5e7ad6609fef,673b930646bcf309d148d8268cf5e13678806184,89,84,5,Normal,NULL,NULL,0,NULL,0
673b930646bcf309d148d8268cf5e13678806184,e8aa6e95a37428a5b0b13f1a41b7cd85ea08ef8d,14,11,3,fix #,ISSUE,BUG,14,NULL,1
e8aa6e95a37428a5b0b13f1a41b7cd85ea08ef8d,8ce941d5d3df4b9c4e8034f50c1e0d49d786a221,2,2,0,fix #,ISSUE,NULL,2,NULL,1
43b91cf73deeb0988475a8c95604d0ad0dd3ccb4,8ce941d5d3df4b9c4e8034f50c1e0d49d786a221,2,2,0,#,ISSUE,NULL,2,NULL,1
9fe5bdab2e5455bd4dd0ae60292b453dcd66ed7e,8ce941d5d3df4b9c4e8034f50c1e0d49d786a221,14,11,3,fix #,ISSUE,BUG,14,NULL,1
8ce941d5d3df4b9c4e8034f50c1e0d49d786a221,8fd709b5995fb05b9284d1cd28c49058ad2f4733,10,8,2,Comment,ISSUE,NULL,0,NULL,0
8fd709b5995fb05b9284d1cd28c49058ad2f4733,20126923e84e6cb2115f880808cdaca2a05ae1a9,7999,155,7844,Normal,NULL,NULL,7704,NULL,6
20126923e84e6cb2115f880808cdaca2a05ae1a9,ccf12c740ff922c28b3dca96ba5afb0353078321,2,1,1,Normal,NULL,NULL,2,NULL,1
ccf12c740ff922c28b3dca96ba5afb0353078321,36911358cc46e23b618befe8c0306d2dd7c65ae0,2,1,1,fix #,ISSUE,NULL,2,NULL,1
71294f7a7f2da898f8aae7799d485b8f648b4b9d,36911358cc46e23b618befe8c0306d2dd7c65ae0,2,1,1,Normal,NULL,NULL,2,NULL,1
36911358cc46e23b618befe8c0306d2dd7c65ae0,f3cf8a6fb27de57bd70b40cf4173d695d4a17b22,2,1,1,fix #,ISSUE,NULL,2,NULL,1
295ed52a9a543f22c375503f56a0752b5fbcb119,f3cf8a6fb27de57bd70b40cf4173d695d4a17b22,2,1,1,Normal,ISSUE,NULL,2,NULL,1
f3cf8a6fb27de57bd70b40cf4173d695d4a17b22,b392b5c15151b65823223713985463e6627cf3ad,6,3,3,fix #,ISSUE,NULL,6,NULL,1
9eb4a654badef992c663a1a2e0e94b8894a31f95,b392b5c15151b65823223713985463e6627cf3ad,6,3,3,fix,ISSUE,NULL,6,NULL,1
b392b5c15151b65823223713985463e6627cf3ad,c16de441e2ee3979daa81bf6cb00a28e6b32a4c5,2,1,1,fix #,ISSUE,BUG,2,NULL,1
c16de441e2ee3979daa81bf6cb00a28e6b32a4c5,f477467fa793f7a012d3af9c373c6014d7267a55,2,1,1,#,NULL,NULL,2,NULL,1
f3a8d0d7669dc9ebb3fc54d5a992e20c26aa8cf0,f477467fa793f7a012d3af9c373c6014d7267a55,2,1,1,Normal,NULL,NULL,2,NULL,1
9cae561a8efa0202ca29baf6c68ac109e5c41899,f477467fa793f7a012d3af9c373c6014d7267a55,2,1,1,fix,ISSUE,BUG,2,NULL,1
f477467fa793f7a012d3af9c373c6014d7267a55,c9c31e89a17f6fa23e596f5d055e7fd3d2348053,2,1,1,Document,NULL,NULL,2,NULL,1
c9c31e89a17f6fa23e596f5d055e7fd3d2348053,071109901100334ad54ae704b4c644b6bb89ad21,13,9,4,Document,NULL,NULL,13,NULL,1
071109901100334ad54ae704b4c644b6bb89ad21,a65dc7e3503d53b1129f727d6db4461e88ba5e0f,191,94,97,fix,NULL,NULL,20,NULL,3
a65dc7e3503d53b1129f727d6db4461e88ba5e0f,e9be9a0d1e1a07b49821188405076224eca6a6f4,76,39,37,Normal,NULL,NULL,76,NULL,1
e9be9a0d1e1a07b49821188405076224eca6a6f4,ec02d2683f13f5bd1cc4dec407de1e621e164ea2,103,57,46,Normal,NULL,NULL,79,NULL,2
ec02d2683f13f5bd1cc4dec407de1e621e164ea2,a24a425ee4d12a2b68456adb27c0154c7d9444e1,6,3,3,Normal,NULL,NULL,0,NULL,0
a24a425ee4d12a2b68456adb27c0154c7d9444e1,d8a40450b6ce11b85bbf71e6393561f358563a41,18,2,16,Document,NULL,NULL,18,NULL,1
d8a40450b6ce11b85bbf71e6393561f358563a41,ff9b0865e7741d045673113ee7ba3d366ba0d083,9,2,7,Normal,NULL,NULL,0,NULL,0
ff9b0865e7741d045673113ee7ba3d366ba0d083,5faadd48a7fd9cf6c08d0ba72aeeffd05b050aeb,4,4,0,Normal,NULL,NULL,4,NULL,2
5faadd48a7fd9cf6c08d0ba72aeeffd05b050aeb,9184050b42b9b2521ae46453a35f99354dd03f9e,3,2,1,Normal,NULL,NULL,3,NULL,1
9184050b42b9b2521ae46453a35f99354dd03f9e,a65d18cb8fc0241486bc01507ad13d6252df3d8b,35,33,2,Normal,NULL,NULL,35,NULL,2
a65d18cb8fc0241486bc01507ad13d6252df3d8b,640d21c9d4cda6d48eb6a1295029aa04e2f41dfe,93,53,40,Normal,NULL,NULL,50,NULL,1
640d21c9d4cda6d48eb6a1295029aa04e2f41dfe,7877b0a34c3912331f12f7f74b560cafd3210d87,9,9,0,Comment,NULL,NULL,9,NULL,1
ed8bfaf30f96bbfc59d79e9f7ea78d16702f964e,562bae6af6dbd7e1891293dae20b9f79a2fd7228,9,9,0,Comment,ISSUE,NULL,9,NULL,1
7877b0a34c3912331f12f7f74b560cafd3210d87,03d921c993938797efeb9fc924b64065e64bbc58,188,186,2,fix,ISSUE,BUG,97,NULL,2
03d921c993938797efeb9fc924b64065e64bbc58,562bae6af6dbd7e1891293dae20b9f79a2fd7228,282,179,103,Normal,NULL,NULL,282,NULL,1
562bae6af6dbd7e1891293dae20b9f79a2fd7228,f34134f7d14125370caf54b45dcb32d77b3ce38c,9,6,3,Document,NULL,NULL,9,NULL,1
f34134f7d14125370caf54b45dcb32d77b3ce38c,7f494b2e105ae2ca3c8a424cb315ee989577f0e6,2,1,1,Normal,NULL,NULL,0,NULL,0
7f494b2e105ae2ca3c8a424cb315ee989577f0e6,85cd405f1ba3b5c6b678baa005b070c8202eb1fa,22,11,11,Normal,NULL,NULL,22,NULL,1
85cd405f1ba3b5c6b678baa005b070c8202eb1fa,543128a7fea6bbf586e2d9d43c7d4b797669bd77,120,115,5,Normal,NULL,NULL,0,NULL,0
883643ade4481ce4f68b5f124f7d5bd48b9d40d4,a5686c1333a7de04fe61677c187da316d33c5b45,6,3,3,#,NULL,NULL,6,NULL,1
a5686c1333a7de04fe61677c187da316d33c5b45,543128a7fea6bbf586e2d9d43c7d4b797669bd77,16,8,8,fix #,ISSUE,NULL,16,NULL,1
543128a7fea6bbf586e2d9d43c7d4b797669bd77,6e018ddf7c456106f898efae66ea5e5c94737a96,741,454,287,Normal,NULL,NULL,5,NULL,1
ae2855f80be1a2aa28d05a4bb02cf30f88817649,6e018ddf7c456106f898efae66ea5e5c94737a96,6,3,3,Normal,NULL,NULL,6,NULL,1
ef9371d7c66d599d3fd1e3ac6c3425ec236715d9,be15c6d1dbfc75baf48fa77d35c13fd045f642aa,16,8,8,fix,NULL,NULL,16,NULL,1
6e018ddf7c456106f898efae66ea5e5c94737a96,fe716222f72811e66de02809eae8db77dacb6a83,203,201,2,Document,NULL,NULL,4,NULL,1
8cd96e8186182d1f6c78f987a1a718b9308244ef,2b7990b4e8e4b81c893672a88e63fcb3ed6f006b,4,2,2,Document,NULL,NULL,4,NULL,1
2b7990b4e8e4b81c893672a88e63fcb3ed6f006b,b928eb8d69ce2670863a0d63f1ea575b865e111c,2,2,0,Normal,NULL,NULL,0,NULL,0
b928eb8d69ce2670863a0d63f1ea575b865e111c,fe716222f72811e66de02809eae8db77dacb6a83,197,197,0,Normal,NULL,NULL,0,NULL,0
fe716222f72811e66de02809eae8db77dacb6a83,06653f3f9951584ade03ac8bbdaaf5c3f14abc18,91,59,32,fix #,ISSUE,NULL,57,NULL,2
06653f3f9951584ade03ac8bbdaaf5c3f14abc18,a8a6db4226c910829cf16c2904ee80437c5bf03d,289,267,22,Document,NULL,NULL,14,NULL,1
73de46cdb4f010e47e06a5b35f6db269f5150e5a,16f9fd0a620af46293f94919d0670aa91b1b9bb9,14,13,1,Document,NULL,NULL,14,NULL,1
16f9fd0a620af46293f94919d0670aa91b1b9bb9,897f2c0701fb6c24ffa52bb4bf36a1f36cdfe358,2,1,1,Normal,NULL,NULL,0,NULL,0
897f2c0701fb6c24ffa52bb4bf36a1f36cdfe358,2ae20988d3c0e62eb21da76adaf891e16820ca96,3,2,1,Normal,NULL,NULL,0,NULL,0
2ae20988d3c0e62eb21da76adaf891e16820ca96,a8a6db4226c910829cf16c2904ee80437c5bf03d,272,252,20,Normal,NULL,NULL,0,NULL,0
a8a6db4226c910829cf16c2904ee80437c5bf03d,a9c4af9a9b364bc33727a99a0b16c4a2715ebe85,6,3,3,#,NULL,NULL,6,NULL,1
a9c4af9a9b364bc33727a99a0b16c4a2715ebe85,317d5a193bdd8421cf151764e5906a75ec7fa27d,71,0,71,#,NULL,NULL,71,NULL,1
38c0c12cafd21109f486d68d14a30c5f4fd95399,317d5a193bdd8421cf151764e5906a75ec7fa27d,91,59,32,Comment,ISSUE,NULL,57,NULL,2
be15c6d1dbfc75baf48fa77d35c13fd045f642aa,317d5a193bdd8421cf151764e5906a75ec7fa27d,6,3,3,Normal,NULL,NULL,6,NULL,1
728cf905ff6fb871830af0bb0454a3379e007dac,317d5a193bdd8421cf151764e5906a75ec7fa27d,71,0,71,Normal,NULL,NULL,71,NULL,1
317d5a193bdd8421cf151764e5906a75ec7fa27d,91e0cfbf24b649ae39f413d3049f08a5c2367932,5299,5278,21,#,NULL,NULL,1023,NULL,11
3cde9a92347fcb6f376a1dfc314293101915f9f5,694291877854b04da4c66b8afcb335a0dc3fdc76,21,12,9,fix,NULL,NULL,4,NULL,2
694291877854b04da4c66b8afcb335a0dc3fdc76,16c117fce0bcbaaa1bbbcb9cf58611386296715a,226,226,0,Normal,NULL,NULL,222,NULL,2
16c117fce0bcbaaa1bbbcb9cf58611386296715a,a94989b771576828f07ad3485ada0ba1ff9e9ce8,30,16,14,Normal,NULL,NULL,0,NULL,7
a94989b771576828f07ad3485ada0ba1ff9e9ce8,f7027cff3124c6f1fe5397035bdc7c94e36bd7ab,2,1,1,Normal,NULL,NULL,2,NULL,1
f7027cff3124c6f1fe5397035bdc7c94e36bd7ab,9428ceb2fd974b2cefdb7ee0ba68913d7a9c5091,5,2,3,Normal,NULL,NULL,5,NULL,1
9428ceb2fd974b2cefdb7ee0ba68913d7a9c5091,c06fb27a5f3f1a7e34c29929f30bd9ba706702c1,15905,9510,6395,Document,NULL,NULL,13840,NULL,101
91e0cfbf24b649ae39f413d3049f08a5c2367932,6fbb80269d99bbb6204bf3fd1f2d10fd8641a918,75,75,0,#,NULL,NULL,75,NULL,2
6fbb80269d99bbb6204bf3fd1f2d10fd8641a918,1685d1c8bb82ce2a42c551be4f2a7588b9590a38,154,77,77,#,NULL,NULL,154,NULL,6
c0b6023c4a55796ac622ab61f48f8efceca4bf39,be802c4910ed108a4b282a892ded8e64445a3fdb,8,4,4,Normal,NULL,NULL,8,NULL,2
be802c4910ed108a4b282a892ded8e64445a3fdb,1685d1c8bb82ce2a42c551be4f2a7588b9590a38,146,73,73,Normal,NULL,NULL,146,NULL,4
b5d041b52988b208b74e25d37a611e12f53b3c62,1aa0fda920942c1af3df4f428c11e38e5ea08dea,1575,1554,21,Document,NULL,NULL,182,NULL,95
1685d1c8bb82ce2a42c551be4f2a7588b9590a38,6b7bd2d34c4e91fe43425107dcd67ff2acd1bdd4,4,2,2,Normal,NULL,NULL,0,NULL,0
6b7bd2d34c4e91fe43425107dcd67ff2acd1bdd4,2d299a784b1d10e6ba2bad30f3f8da351957fbcf,2,1,1,Normal,NULL,NULL,0,NULL,0
2d299a784b1d10e6ba2bad30f3f8da351957fbcf,5da0dd5b0425ce604f2f0e57bfbc19f6a1ad4c39,3,2,1,Normal,NULL,NULL,0,NULL,0
5da0dd5b0425ce604f2f0e57bfbc19f6a1ad4c39,212dd457d084b772f47082d5f41fdc259200de12,2,1,1,Normal,NULL,NULL,0,NULL,0
212dd457d084b772f47082d5f41fdc259200de12,7fe1629875bd7e2cffcf808d065c79d1c3fe76b4,5,4,1,Document,NULL,NULL,5,NULL,1
7fe1629875bd7e2cffcf808d065c79d1c3fe76b4,63022c4105ff9040f73d82bcad65a52447d2352e,2,1,1,Document,NULL,NULL,2,NULL,1
63022c4105ff9040f73d82bcad65a52447d2352e,6ae63107f881288546de7da782a97f2182224130,489,488,1,Document,NULL,NULL,20,NULL,93
6ae63107f881288546de7da782a97f2182224130,3754a730af92e51578f0de5dd8731b5cb70c2e1f,35,34,1,Document,NULL,NULL,35,NULL,1
348572a8d9e2da292df82f482c553b311c84ce2d,248913cdcf9f3d0e69aae326b3bf5cae92913d6c,0,0,0,Normal,NULL,NULL,0,NULL,0
248913cdcf9f3d0e69aae326b3bf5cae92913d6c,2fa125c59b5f9f4d1d2491524d355b7b9aa96f31,15,15,0,Document,NULL,NULL,15,NULL,1
48382da4fea077033b30003c4dae4097ca65e673,2fa125c59b5f9f4d1d2491524d355b7b9aa96f31,15,15,0,Document,NULL,NULL,15,NULL,1
2fa125c59b5f9f4d1d2491524d355b7b9aa96f31,da6263c7d9aa4617e507848b61646a6683e972aa,24,24,0,Normal,NULL,NULL,20,NULL,1
da6263c7d9aa4617e507848b61646a6683e972aa,21ca15113a3f97fd0a28afcee2b5a72543473357,8,4,4,Normal,NULL,NULL,0,NULL,0
21ca15113a3f97fd0a28afcee2b5a72543473357,3754a730af92e51578f0de5dd8731b5cb70c2e1f,461,461,0,Normal,NULL,NULL,0,NULL,0
3754a730af92e51578f0de5dd8731b5cb70c2e1f,323db21afda24de564a37270d124dad14bfd592d,8,6,2,#,NULL,NULL,8,NULL,1
323db21afda24de564a37270d124dad14bfd592d,e95790f931d9a1bed8ada2cc1ad8bfcf6f7840c0,11,7,4,fix #,ISSUE,BUG,11,NULL,1
e95790f931d9a1bed8ada2cc1ad8bfcf6f7840c0,23332135204756b3d8d89be85b430b6ec73ffbc1,1,1,0,fix #,ISSUE,NULL,1,NULL,1
23332135204756b3d8d89be85b430b6ec73ffbc1,37e5d8c75a5926f42fc1b8de308cffd06d7749ce,16,4,12,#,NULL,NULL,16,NULL,4
37e5d8c75a5926f42fc1b8de308cffd06d7749ce,c0bbcbcc5e039ca5d732f9844bf95c3d8ee31a5b,1011,1010,1,Document,NULL,NULL,90,NULL,2
c918be463dc2428b9c933c3e4bcb3f7eccb4b0b3,8b85e7579e87a2b2b9cd79050f5761cf72cc4b5f,44,41,3,Normal,NULL,NULL,0,NULL,0
8b85e7579e87a2b2b9cd79050f5761cf72cc4b5f,4da52429afda8cf7db12b85ddf279767916a27dd,116,82,34,Normal,NULL,NULL,29,NULL,1
4da52429afda8cf7db12b85ddf279767916a27dd,5d53711c016043b1002720712a08dc0160b5cc58,82,37,45,Normal,NULL,NULL,0,NULL,0
c06fb27a5f3f1a7e34c29929f30bd9ba706702c1,7e97fc876522c7bf2a2a434cf40579ae9daf9da5,2,1,1,fix,ISSUE,BUG,2,NULL,1
904e0f3ff6dede0a7033435ba79b1c91b6be66f8,c0bbcbcc5e039ca5d732f9844bf95c3d8ee31a5b,16,4,12,Normal,NULL,NULL,16,NULL,4
5d53711c016043b1002720712a08dc0160b5cc58,16fc4743027435abd4d935aac1e4172b2fd4e8e3,4,4,0,Normal,NULL,NULL,0,NULL,0
16fc4743027435abd4d935aac1e4172b2fd4e8e3,c0bbcbcc5e039ca5d732f9844bf95c3d8ee31a5b,927,927,0,Document,NULL,NULL,87,NULL,2
1aa0fda920942c1af3df4f428c11e38e5ea08dea,1e46e640beaa015749dadb7bcb2de4af4cb92fa7,6,5,1,Normal,NULL,NULL,4,NULL,1
1e46e640beaa015749dadb7bcb2de4af4cb92fa7,2f6e2e4c1724dbb5a23ba1ebac64cb84ff3a0179,75,75,0,Normal,NULL,NULL,75,NULL,2
c0bbcbcc5e039ca5d732f9844bf95c3d8ee31a5b,d7296b3277892ba769d075405987991be3d4181b,2,1,1,Normal,NULL,NULL,0,NULL,0
d7296b3277892ba769d075405987991be3d4181b,2f6e2e4c1724dbb5a23ba1ebac64cb84ff3a0179,4,4,0,Normal,NULL,NULL,4,NULL,1
e9247da8aa5e74c4e335ad3325379370bc5a6110,2f6e2e4c1724dbb5a23ba1ebac64cb84ff3a0179,11,7,4,Normal,ISSUE,NULL,11,NULL,1
a56935e3113e45f2b96becd4f3e4bf0452eea932,2f6e2e4c1724dbb5a23ba1ebac64cb84ff3a0179,1,1,0,Normal,NULL,NULL,1,NULL,1
2f6e2e4c1724dbb5a23ba1ebac64cb84ff3a0179,21a021b9412b8493dc1147a6d916d4d819ac3ab8,2,1,1,Normal,NULL,NULL,0,NULL,0
21a021b9412b8493dc1147a6d916d4d819ac3ab8,5aa4d2145570ec0cd107e508ca0799b2df0dbabe,15,15,0,Normal,NULL,NULL,15,NULL,1
7e97fc876522c7bf2a2a434cf40579ae9daf9da5,56d66acfae59cd44daca10496f3b846a1539d796,6,3,3,fix #,ISSUE,NULL,6,NULL,1
cda96dd19f13845d92f297203bfd801a7cf8dbf9,ce2f9f886b6ec4cf6f3a06fe950feaf29804be93,2,1,1,Normal,NULL,NULL,2,NULL,1
ce2f9f886b6ec4cf6f3a06fe950feaf29804be93,56d66acfae59cd44daca10496f3b846a1539d796,4,2,2,Normal,NULL,NULL,4,NULL,1
5aa4d2145570ec0cd107e508ca0799b2df0dbabe,81fb56de4589ed6585118cdfa96306f0f4572f51,193,125,68,fix #,ISSUE,BUG,193,NULL,1
81fb56de4589ed6585118cdfa96306f0f4572f51,913303cfd87b6f4aecbb8147ed0422f2be166e3e,20,10,10,Normal,NULL,NULL,20,NULL,1
913303cfd87b6f4aecbb8147ed0422f2be166e3e,0714713ba4491b1040b45492b86138f894149522,17,13,4,Normal,NULL,NULL,17,NULL,1
0714713ba4491b1040b45492b86138f894149522,a48c4bd4712eb6fa8150e65a32a25b9f9af5e800,9,8,1,#,ISSUE,NULL,9,NULL,1
a48c4bd4712eb6fa8150e65a32a25b9f9af5e800,5d58af30d2d8a3e0f7219487e72f1b4b2c3b4894,12,5,7,fix #,ISSUE,BUG,6,NULL,1
5d58af30d2d8a3e0f7219487e72f1b4b2c3b4894,a4b9c4981b3c022ca89d0cdaadecc70b825ad4f1,312,211,101,Normal,NULL,NULL,312,NULL,4
a4b9c4981b3c022ca89d0cdaadecc70b825ad4f1,2a7f1c3a45cf1ca28658c0827003b0e3a8f8e58d,87,54,33,Normal,NULL,NULL,87,NULL,2
2a7f1c3a45cf1ca28658c0827003b0e3a8f8e58d,c82ff4d3fb9a593734069695e8eef22baede9fcc,122,97,25,#,NULL,NULL,122,NULL,4
c82ff4d3fb9a593734069695e8eef22baede9fcc,121a295b11b911a0fcd30748004abb589d1c6974,95,89,6,Normal,NULL,NULL,95,NULL,3
121a295b11b911a0fcd30748004abb589d1c6974,94ef39e97de3430528c274b28532fc17fa7fa122,58,47,11,Normal,NULL,NULL,58,NULL,1
94ef39e97de3430528c274b28532fc17fa7fa122,151a30a0bb51cb4918bdb6d7806cb357c3f2ef2d,710,350,360,fix #,ISSUE,NULL,706,NULL,4
151a30a0bb51cb4918bdb6d7806cb357c3f2ef2d,c919bf6401055021790a84cab2b43663d9692b96,159,31,128,Normal,NULL,NULL,159,NULL,2
c919bf6401055021790a84cab2b43663d9692b96,a9f8787f85411dcd59540477264597bb5f3ed846,82,81,1,Normal,NULL,NULL,82,NULL,2
a9f8787f85411dcd59540477264597bb5f3ed846,e121b6e5f0cbf638078d333db2592bbdab4113d8,60,30,30,#,NULL,NULL,60,NULL,2
e121b6e5f0cbf638078d333db2592bbdab4113d8,23514e4e7a92396b93155647699bb3e9e3607f5c,7,6,1,fix #,ISSUE,BUG,7,NULL,4
23514e4e7a92396b93155647699bb3e9e3607f5c,fccfe6d1594f99d599217c933d46b5492d5a137e,83,70,13,Normal,NULL,NULL,0,NULL,0
fccfe6d1594f99d599217c933d46b5492d5a137e,6c0ed69bd048ae5f919ded263f364f0277cc23ec,2,1,1,Normal,NULL,NULL,0,NULL,0
6c0ed69bd048ae5f919ded263f364f0277cc23ec,991e969c466a13946e20404ac6db0a50ad2dd938,11,7,4,Normal,NULL,NULL,11,NULL,1
991e969c466a13946e20404ac6db0a50ad2dd938,8feab2327a832b98c7020ff9deded0fc6ffab1ce,17,14,3,fix #,ISSUE,BUG,17,NULL,2
8feab2327a832b98c7020ff9deded0fc6ffab1ce,00bfd4466a58e94cca5f1fc5f146c9336e451d59,51,43,8,Normal,NULL,NULL,0,NULL,0
380b1a575d26d9ad021ae85363e05c7e0af29cb1,00bfd4466a58e94cca5f1fc5f146c9336e451d59,11,7,4,fix #,ISSUE,NULL,11,NULL,1
00bfd4466a58e94cca5f1fc5f146c9336e451d59,d321c5c71e27a664f0c13244e41959dcf5d84c4f,5,4,1,fix #,ISSUE,BUG,5,NULL,1
d321c5c71e27a664f0c13244e41959dcf5d84c4f,4f68e8c3e40edf41c5e1dbb5d7ba2f9844e758cc,717,420,297,fix #,ISSUE,BUG,691,NULL,3
1dec0397bd18bfa6cd4f8820ae9e326e108a6d2b,115ebf60fe766c7b76bb9a9cb20d0565bdb67b4d,4,3,1,Normal,NULL,NULL,4,NULL,1
115ebf60fe766c7b76bb9a9cb20d0565bdb67b4d,98b329f3b9aac7c703a7b74c736f47b86fa82c0a,2,1,1,Normal,NULL,NULL,2,NULL,1
98b329f3b9aac7c703a7b74c736f47b86fa82c0a,4f68e8c3e40edf41c5e1dbb5d7ba2f9844e758cc,6,4,2,Normal,NULL,NULL,6,NULL,1
4f68e8c3e40edf41c5e1dbb5d7ba2f9844e758cc,d50544e78ee5189302a2c2b9506ef85ce957a1ff,2,1,1,#,NULL,NULL,2,NULL,1
0872092e8a94354a606bc9640535ed8b453b9042,d50544e78ee5189302a2c2b9506ef85ce957a1ff,2,1,1,Normal,NULL,NULL,2,NULL,1
d50544e78ee5189302a2c2b9506ef85ce957a1ff,42fa5c998897199f7431a18f13cd7ca7e8582830,37,27,10,fix #,ISSUE,BUG,37,NULL,2
479edd9e321fdd5aa0ce52ebfbee2c0c21227e24,15126e5b7d51d418164a8c8add4f889243894e7e,8,4,4,Normal,ISSUE,BUG,8,NULL,1
15126e5b7d51d418164a8c8add4f889243894e7e,42fa5c998897199f7431a18f13cd7ca7e8582830,29,23,6,Normal,NULL,NULL,29,NULL,1
42fa5c998897199f7431a18f13cd7ca7e8582830,f07ee11c007e48499b069e7dbb83f1bc43741e57,60,33,27,fix #,ISSUE,NULL,60,NULL,1
f07ee11c007e48499b069e7dbb83f1bc43741e57,3b333ddb1ddd5d3f807d67ec8b65f315ad6f5de7,2,1,1,Normal,NULL,NULL,0,NULL,0
3b333ddb1ddd5d3f807d67ec8b65f315ad6f5de7,60a9d5b1a133985457404476addd7c43513fddfc,2,1,1,fix #,ISSUE,NULL,2,NULL,1
7840d324087a3f64a3d11d282782d2bbf7ccbfd3,60a9d5b1a133985457404476addd7c43513fddfc,2,1,1,fix,NULL,NULL,2,NULL,1
60a9d5b1a133985457404476addd7c43513fddfc,3bdfab68b49afb59ca11f3b5263f18568ea2e6cd,12,6,6,fix #,ISSUE,NULL,12,NULL,1
3bdfab68b49afb59ca11f3b5263f18568ea2e6cd,67709b15303ecbc697df4297f29edb82def46f88,4,2,2,Normal,NULL,NULL,0,NULL,0
67709b15303ecbc697df4297f29edb82def46f88,f25a405c9c39984030afb2153fd0ed1cbc368e7d,12,12,0,Normal,NULL,NULL,12,NULL,1
cecfce9eff2aa289c84c4f20766a85f1c39d3ff8,8a664b7552657adc7bfd27ab07a579ae76d2b19e,10,5,5,Normal,NULL,NULL,10,NULL,1
f25a405c9c39984030afb2153fd0ed1cbc368e7d,1ee2e65e6ed7837736e840375726ee1dfbfcedf8,8914,4801,4113,Document,ISSUE,BUG,8496,NULL,20
1ee2e65e6ed7837736e840375726ee1dfbfcedf8,7b7f54b0610a4a51d1ae14d7d27c085875a37a99,24,13,11,fix,ISSUE,BUG,24,NULL,1
7b7f54b0610a4a51d1ae14d7d27c085875a37a99,0957081a2c98e619bcf6cf5b30665e5709e33473,14,7,7,Normal,NULL,NULL,14,NULL,1
0957081a2c98e619bcf6cf5b30665e5709e33473,d08062554926ee7186aa8e7ff06854cf5346ae31,2,1,1,fix #,ISSUE,NULL,2,NULL,1
d08062554926ee7186aa8e7ff06854cf5346ae31,a9a5357f1bfc56eb258d0186977f2cfb39b3553d,2,1,1,fix #,ISSUE,NULL,2,NULL,1
a9a5357f1bfc56eb258d0186977f2cfb39b3553d,1ae38c5af3c387f10f97d5098ad6fc0fe0d7bbbe,2,1,1,fix #,ISSUE,NULL,2,NULL,1
1ae38c5af3c387f10f97d5098ad6fc0fe0d7bbbe,10a2cef344a6c27a277e6dca91ac0238bf2913aa,13,7,6,fix #,ISSUE,NULL,13,NULL,1
10a2cef344a6c27a277e6dca91ac0238bf2913aa,52b6e3c902d8bc8cf99e33d486bdee288f4e85f5,2,1,1,fix #,ISSUE,NULL,2,NULL,1
d8c3fe2e1f8e7fdda8d83426b3e544c619bb773f,52b6e3c902d8bc8cf99e33d486bdee288f4e85f5,11,7,4,Normal,NULL,NULL,11,NULL,1
206c81798a3a775aa72413adc72cc7c56e91811b,52b6e3c902d8bc8cf99e33d486bdee288f4e85f5,2,1,1,Normal,ISSUE,NULL,2,NULL,1
52b6e3c902d8bc8cf99e33d486bdee288f4e85f5,d40cb37036c93a5ec7a9b10cc12a6811d485a2ae,2,1,1,Normal,NULL,NULL,0,NULL,0
d40cb37036c93a5ec7a9b10cc12a6811d485a2ae,8ac8a92ebe9d87301a49ee3cca8aeffce8b65944,29,20,9,Format,NULL,NULL,0,NULL,0
8ac8a92ebe9d87301a49ee3cca8aeffce8b65944,c45575cc9adf02cb3daa56d68f43274387e990ce,54,42,12,Normal,NULL,NULL,0,NULL,0
c45575cc9adf02cb3daa56d68f43274387e990ce,fe409bd79dd2322703ac6d19b726e48af2dda03b,1,1,0,Normal,NULL,NULL,0,NULL,0
fe409bd79dd2322703ac6d19b726e48af2dda03b,c27f291baf8884e2ea63be722334b33ec07abc5f,6,5,1,fix #,ISSUE,NULL,6,NULL,1
c27f291baf8884e2ea63be722334b33ec07abc5f,645a79e978749fdb1c28df05fd48e8428e27443b,2,1,1,Normal,NULL,NULL,2,NULL,1
645a79e978749fdb1c28df05fd48e8428e27443b,55e06b3410f79fc8949c1ba5d5200b51a064813c,116,32,84,Normal,NULL,NULL,116,NULL,2
b1e3a08c78247a934ba1395ba0ca43ba95285920,874da491064c8f7d78d8ed8bfe4e34a2f4f64768,2,1,1,#,NULL,NULL,2,NULL,1
55e06b3410f79fc8949c1ba5d5200b51a064813c,874da491064c8f7d78d8ed8bfe4e34a2f4f64768,1289,727,562,Normal,NULL,NULL,1289,NULL,9
874da491064c8f7d78d8ed8bfe4e34a2f4f64768,5cf7bac4d0bc18d257e989ea922fd2c4ca9255c4,5,4,1,fix #,ISSUE,BUG,5,NULL,1
56d66acfae59cd44daca10496f3b846a1539d796,853253dda262cb9dcd58ad91086b21f863d7569e,847,564,283,Normal,NULL,NULL,813,NULL,4
86c5602aaa49b07b588843ac995b399574b6b100,5cf7bac4d0bc18d257e989ea922fd2c4ca9255c4,2,1,1,Normal,NULL,NULL,2,NULL,1
60732d6e067d2fd2127b2dbca36d03a4fe80097c,5cf7bac4d0bc18d257e989ea922fd2c4ca9255c4,84,82,2,Normal,NULL,NULL,84,NULL,2
258709ff395ff33d38f9b668945129cb5ee319f8,5cf7bac4d0bc18d257e989ea922fd2c4ca9255c4,29,20,9,Format,NULL,NULL,0,NULL,0
c498151bfbc95de231eaba6338ba37f0cb892d13,5cf7bac4d0bc18d257e989ea922fd2c4ca9255c4,2,1,1,Normal,ISSUE,NULL,2,NULL,1
5cf7bac4d0bc18d257e989ea922fd2c4ca9255c4,8407f28d92aff1f95a73274e3f305794fc518a61,8,4,4,Normal,NULL,NULL,0,NULL,0
8407f28d92aff1f95a73274e3f305794fc518a61,e011eb3a4a57f8f26451a45890724291cde8edc4,280,198,82,fix #,ISSUE,NULL,280,NULL,2
e011eb3a4a57f8f26451a45890724291cde8edc4,d8d60083e07df77b1d5743d1f9bee55e0a3c3138,4,2,2,fix #,ISSUE,NULL,4,NULL,1
51410f37e57674347277a733528514f54185d0f7,d8d60083e07df77b1d5743d1f9bee55e0a3c3138,4,2,2,Normal,NULL,NULL,4,NULL,1
7eac427c2615bbcae0e86b7ff5e33d5c3d0ac987,d8d60083e07df77b1d5743d1f9bee55e0a3c3138,16,8,8,fix #,ISSUE,BUG,16,NULL,1
346a18503a12cce68ce6279f918d0a37abc3d47f,d8d60083e07df77b1d5743d1f9bee55e0a3c3138,280,198,82,#,ISSUE,NULL,280,NULL,2
d8d60083e07df77b1d5743d1f9bee55e0a3c3138,ef08e460756b391dd2fdd78d3133b1403f7671e1,26,20,6,Normal,NULL,NULL,0,NULL,0
ef08e460756b391dd2fdd78d3133b1403f7671e1,ee790ef6ef3e37c87e4a7fd46072bc4a4b8bbc1b,241,181,60,#,ISSUE,NULL,241,NULL,2
ee790ef6ef3e37c87e4a7fd46072bc4a4b8bbc1b,36d1a10b0a6f286b2dfd521dce19c5b959755238,1,0,1,Normal,NULL,NULL,1,NULL,1
36d1a10b0a6f286b2dfd521dce19c5b959755238,d378d4729a1c7d7f92a101079c330e828ed512f5,149,78,71,Normal,NULL,NULL,149,NULL,2
d378d4729a1c7d7f92a101079c330e828ed512f5,c437076e77d1e2191c150cdc8c05cf3d1fede736,105,52,53,Normal,NULL,NULL,105,NULL,2
c437076e77d1e2191c150cdc8c05cf3d1fede736,abefcd4e824cd0cb39f0197e2f58b402b12ff6a3,21,21,0,Normal,NULL,NULL,21,NULL,1
abefcd4e824cd0cb39f0197e2f58b402b12ff6a3,9616a404dbda03c29dc85ab9acd1c698d04f2745,8,6,2,Normal,NULL,NULL,8,NULL,2
853253dda262cb9dcd58ad91086b21f863d7569e,8f9b4cdb09feba4a1270894114d92e2c5211e7d3,72,70,2,Normal,NULL,NULL,72,NULL,3
8f9b4cdb09feba4a1270894114d92e2c5211e7d3,9616a404dbda03c29dc85ab9acd1c698d04f2745,4990,4976,14,Normal,NULL,NULL,731,NULL,9
8a664b7552657adc7bfd27ab07a579ae76d2b19e,9616a404dbda03c29dc85ab9acd1c698d04f2745,12,12,0,fix #,ISSUE,NULL,12,NULL,1
9616a404dbda03c29dc85ab9acd1c698d04f2745,58af428807b2307d4e72fcef57e8ef29d84ecdec,2,1,1,Normal,NULL,NULL,2,NULL,1
58af428807b2307d4e72fcef57e8ef29d84ecdec,8ed727e1203a34d9be20f5232473d7975bfc39c2,4,2,2,Normal,NULL,NULL,4,NULL,1
8ed727e1203a34d9be20f5232473d7975bfc39c2,fa0bee4d81214a735dfc8b16ed9772ea9740b59c,2,1,1,Normal,ISSUE,NULL,2,NULL,1
fa0bee4d81214a735dfc8b16ed9772ea9740b59c,11a477e6b99d6d18a02cc158c451380c12dc6612,38,19,19,Normal,NULL,NULL,38,NULL,1
11a477e6b99d6d18a02cc158c451380c12dc6612,19ffd8fd96fc69c3e52f861ef22dfcfde2f17f8b,4,3,1,Format,NULL,NULL,2,NULL,1
c3bf6853a123a4f04fcefa04498a3828dfa6addd,19ffd8fd96fc69c3e52f861ef22dfcfde2f17f8b,4,3,1,Format,NULL,NULL,2,NULL,1
19ffd8fd96fc69c3e52f861ef22dfcfde2f17f8b,cba9da6a8d33f5a5fc5e471e745588ecfce57afb,5,3,2,fix #,ISSUE,BUG,5,NULL,1
cba9da6a8d33f5a5fc5e471e745588ecfce57afb,4c75ee332bb5cb54d97ccee240fb614a206ca103,179,137,42,Normal,NULL,NULL,179,NULL,2
4c75ee332bb5cb54d97ccee240fb614a206ca103,510bd9cfd9a8d28c978847b6c7c4e10f17474c97,8,4,4,Normal,NULL,NULL,8,NULL,2
510bd9cfd9a8d28c978847b6c7c4e10f17474c97,c73ab6b369b604b96317088ecd3bfd7b83435eb1,152,93,59,Normal,NULL,NULL,0,NULL,0
c73ab6b369b604b96317088ecd3bfd7b83435eb1,899d99b652b29ee48894493314e285e4ab8ff2a5,541,445,96,Normal,NULL,NULL,541,NULL,6
899d99b652b29ee48894493314e285e4ab8ff2a5,83add44a8555867355bb60368f37c466765e515e,10,5,5,fix #,ISSUE,BUG,10,NULL,1
83add44a8555867355bb60368f37c466765e515e,fba2aa26fdf0e75ceb97060c521a2004672520ca,39,35,4,fix,ISSUE,BUG,39,NULL,2
fba2aa26fdf0e75ceb97060c521a2004672520ca,38dea62fe05fc4497a726ff45aaa6dac19a66b08,98,45,53,Normal,NULL,NULL,98,NULL,1
38dea62fe05fc4497a726ff45aaa6dac19a66b08,43f7e25c3a4a98ef205ab76c5d8fadb06bb5ea01,1995,984,1011,Normal,NULL,NULL,421,NULL,15
43f7e25c3a4a98ef205ab76c5d8fadb06bb5ea01,00bab855d95455cd6f4945c7a186e0091652895c,8,8,0,Document,NULL,NULL,8,NULL,1
00bab855d95455cd6f4945c7a186e0091652895c,a3a4170c64f9f7579b10b8118b8cfa233f96a9bd,2,1,1,fix,ISSUE,BUG,2,NULL,1
a3a4170c64f9f7579b10b8118b8cfa233f96a9bd,f7de245d5665878580cf27f82b0fd8624efedcab,6530,6407,123,fix,ISSUE,BUG,787,NULL,14
f7de245d5665878580cf27f82b0fd8624efedcab,4fe8bec71b98a28bf180fdee938a7f0a7911c8ef,1401,1327,74,Normal,NULL,NULL,1401,NULL,3
4fe8bec71b98a28bf180fdee938a7f0a7911c8ef,e94301f121c39e6b6780d7b5bbdf1022a19ff271,568,411,157,Normal,NULL,NULL,568,NULL,2
e94301f121c39e6b6780d7b5bbdf1022a19ff271,dd2508dfc6cca1922e71e788554b6753a678d074,13,8,5,Normal,NULL,NULL,13,NULL,2
dd2508dfc6cca1922e71e788554b6753a678d074,74f670adabb6188f1ec042ca56812b07e5a03db3,96,55,41,Normal,NULL,NULL,96,NULL,1
74f670adabb6188f1ec042ca56812b07e5a03db3,67f8613a179ef691d2780eb9ccf05c02ef03a308,95,94,1,fix #,ISSUE,NULL,95,NULL,2
67f8613a179ef691d2780eb9ccf05c02ef03a308,aecab681212524571b12bfd3b4140d66485eca95,6,3,3,Normal,NULL,NULL,0,NULL,0
aecab681212524571b12bfd3b4140d66485eca95,b60fb63b538cf8311c823f2d29119d571fbbd7e9,2,1,1,fix #,ISSUE,BUG,2,NULL,1
f5ba666a63cce6899aae84db8ed58a1990c7a4a6,b60fb63b538cf8311c823f2d29119d571fbbd7e9,6,3,3,#,NULL,NULL,0,NULL,0
ff74eb1dd45173d320fe735c2293ee80fb679c16,585e4c39a99ace4571626a255c104a677cb55144,6,5,1,Normal,NULL,NULL,0,NULL,0
585e4c39a99ace4571626a255c104a677cb55144,b60fb63b538cf8311c823f2d29119d571fbbd7e9,8,2,6,Normal,NULL,NULL,0,NULL,0
b60fb63b538cf8311c823f2d29119d571fbbd7e9,66b59a1b877fcde984f6b8d6b68a1beabd929cc9,86,47,39,Normal,NULL,NULL,86,NULL,1
66b59a1b877fcde984f6b8d6b68a1beabd929cc9,fb41b5605895b676dae23db57f7586c199d00bdb,164,105,59,Normal,NULL,NULL,162,NULL,2
fb41b5605895b676dae23db57f7586c199d00bdb,3bd405042bf4024cc6d19bc56a609724213f68d8,144,112,32,Normal,NULL,NULL,144,NULL,2
3bd405042bf4024cc6d19bc56a609724213f68d8,f9e8bda0a1e970bc436562b861740f0517011ba7,2,2,0,Normal,NULL,NULL,2,NULL,2
f9e8bda0a1e970bc436562b861740f0517011ba7,6dddbecfd6b6271be557f7c2d52acdb874479d81,14,7,7,Normal,NULL,NULL,14,NULL,4
6dddbecfd6b6271be557f7c2d52acdb874479d81,50425d0f60a6d5bfba6c97c379d68d0ca953c058,1798,1567,231,Normal,NULL,NULL,904,NULL,13
50425d0f60a6d5bfba6c97c379d68d0ca953c058,2f8872f999c9abdebbad2f6e81d802717661e4c2,14,12,2,Normal,ISSUE,NULL,14,NULL,1
980bbd685b407340d588f7e614e4dfab0b663db4,f15c00c1b121255b7915e818bd04db3ff1db4e81,209,178,31,Normal,NULL,NULL,209,NULL,2
f15c00c1b121255b7915e818bd04db3ff1db4e81,23f5e8f98295752232d2eb11a1701c189e9d5dae,223,131,92,Normal,NULL,NULL,223,NULL,2
23f5e8f98295752232d2eb11a1701c189e9d5dae,0dee5a4adecc88fc43ded1f7dec82c276580c857,1147,1137,10,Normal,NULL,NULL,377,NULL,7
0dee5a4adecc88fc43ded1f7dec82c276580c857,6e139cee2af33f8dce13bda7a6f8c612ba8cd899,124,62,62,Normal,NULL,NULL,0,NULL,3
6e139cee2af33f8dce13bda7a6f8c612ba8cd899,97ce46ba4127405b6fbaa5e6009b1adc81c949e4,84,54,30,Normal,NULL,NULL,84,NULL,2
97ce46ba4127405b6fbaa5e6009b1adc81c949e4,7dd69893624d3094210aaaccd809660b2fcac058,1338,1204,134,Normal,NULL,NULL,375,NULL,5
7dd69893624d3094210aaaccd809660b2fcac058,310058efac54d803e5021d5c3d7b56b0aca99489,11,5,6,Normal,ISSUE,BUG,11,NULL,1
2f8872f999c9abdebbad2f6e81d802717661e4c2,310058efac54d803e5021d5c3d7b56b0aca99489,1338,1204,134,Normal,NULL,NULL,375,NULL,5
310058efac54d803e5021d5c3d7b56b0aca99489,2893a2ce4f9898a5cca7b3ea8cc5350681c3d6b8,9,7,2,Normal,NULL,NULL,0,NULL,0
2893a2ce4f9898a5cca7b3ea8cc5350681c3d6b8,42cfdc7c4e68ffbc29091eb77c3f8204b9d594f0,25,11,14,fix,NULL,NULL,25,NULL,1
42cfdc7c4e68ffbc29091eb77c3f8204b9d594f0,b18732ed7fc1e2ccb3db1f82787281593c3b97ed,116,58,58,Normal,NULL,NULL,0,NULL,3
c13e5c6b2ce6ad9e351fd82e32bcef30ef26946b,b18732ed7fc1e2ccb3db1f82787281593c3b97ed,9,7,2,fix #,ISSUE,NULL,0,NULL,0
8cb25cd031f721dabfac51bed9b52f60dae36e0d,b18732ed7fc1e2ccb3db1f82787281593c3b97ed,9,7,2,Normal,NULL,NULL,0,NULL,0
b18732ed7fc1e2ccb3db1f82787281593c3b97ed,37dadc2066bba8d5207652bad83d1aea84f619c6,8,6,2,Normal,NULL,NULL,8,NULL,2
37dadc2066bba8d5207652bad83d1aea84f619c6,eda89a29a28a4ac4d0a7ab5ba8e38162fb79a8e5,535,410,125,Normal,NULL,NULL,529,NULL,4
eda89a29a28a4ac4d0a7ab5ba8e38162fb79a8e5,562fdbd8a9447c7422c9136814519c11df85fb71,675,339,336,Normal,NULL,NULL,675,NULL,1
562fdbd8a9447c7422c9136814519c11df85fb71,884322e46489aa237a0a02484c6b802844d26661,19,15,4,Normal,NULL,NULL,19,NULL,1
884322e46489aa237a0a02484c6b802844d26661,043ba8c8530b5da521bc5ebd2634e0eefa9348f7,67,51,16,Normal,NULL,NULL,67,NULL,4
f03e31b7353a792aae12bdf9711d0190757dc6ec,f062d3640c24bebf4c2849e8377b41b9bac21bec,88,69,19,Normal,ISSUE,NULL,82,NULL,3
f062d3640c24bebf4c2849e8377b41b9bac21bec,d6b81575dedca3bd2b94fde5648e5d6eb3f61af0,12733,6114,6619,Normal,NULL,NULL,4769,NULL,59
043ba8c8530b5da521bc5ebd2634e0eefa9348f7,06cde251261a76c62998a5c11de03da21feaa341,12,12,0,Normal,NULL,NULL,12,NULL,3
06cde251261a76c62998a5c11de03da21feaa341,6cb9c6a26f1cbee5b215c6418138f2c0813870d0,9286,9262,24,Normal,NULL,NULL,352,NULL,6
6cb9c6a26f1cbee5b215c6418138f2c0813870d0,bdbfa0ca89e24c1adc194740cf677d73d4baaac1,190,72,118,Normal,NULL,NULL,190,NULL,2
bdbfa0ca89e24c1adc194740cf677d73d4baaac1,a369df7e69feb727b50ae14802a700534e1373c0,102,53,49,Normal,NULL,NULL,36,NULL,5
a369df7e69feb727b50ae14802a700534e1373c0,b228a3ed4ec4effdfe56a9151eb6938b4c94308f,4270,0,4270,Normal,NULL,NULL,789,NULL,5
b228a3ed4ec4effdfe56a9151eb6938b4c94308f,b3034e2d493fe0d4646e57ac92cde3722c25f94f,158,58,100,Normal,NULL,NULL,158,NULL,1
b3034e2d493fe0d4646e57ac92cde3722c25f94f,d901c6f6015563f3de0ce06238fde6bff09571a9,449,279,170,Normal,NULL,NULL,115,NULL,10
d901c6f6015563f3de0ce06238fde6bff09571a9,50ac0d295f359fdc1639fc645d50947bd75f5a6f,5575,0,5575,Normal,NULL,NULL,847,NULL,5
50ac0d295f359fdc1639fc645d50947bd75f5a6f,22abbf17fdfd254d489fd7d66241307564ce2e45,229,86,143,Normal,NULL,NULL,229,NULL,1
22abbf17fdfd254d489fd7d66241307564ce2e45,f7200e64e75046c206502f16c693f739bd76decd,10,5,5,Normal,ISSUE,NULL,10,NULL,1
f7200e64e75046c206502f16c693f739bd76decd,464f272d141a357920b5cc16940a75079f75a3fd,621,382,239,Normal,NULL,NULL,621,NULL,8
464f272d141a357920b5cc16940a75079f75a3fd,073db23542355ae251f9df9a4baaab4e487b60ed,15745,14682,1063,Document,NULL,NULL,6590,NULL,20
60a450bdc86ceaad46ae856b179e05f9d5f3da7d,df0b35c3d72281228bf19d51fd45bf135f9875ad,347,99,248,Normal,NULL,NULL,347,NULL,1
df0b35c3d72281228bf19d51fd45bf135f9875ad,68bd786a9b08aeb925fd4fcc41ecc18b6fb76e41,40,31,9,Normal,ISSUE,BUG,40,NULL,1
68bd786a9b08aeb925fd4fcc41ecc18b6fb76e41,0bc9afcef7fac2803f44ab3694afc8ac2949b995,26,9,17,#,ISSUE,BUG,26,NULL,2
0bc9afcef7fac2803f44ab3694afc8ac2949b995,093f4b366b9a4bfa116a98e21f2286e3b41ada5f,43,36,7,Normal,NULL,NULL,43,NULL,2
093f4b366b9a4bfa116a98e21f2286e3b41ada5f,97594c461422643dd478c32d184eeda5012e9bf0,13,12,1,fix #,ISSUE,NULL,13,NULL,1
97594c461422643dd478c32d184eeda5012e9bf0,5c28a2a23ab0ebf7fafbebe59e0f24de2f600177,36,18,18,#,NULL,NULL,36,NULL,1
6f4642127b778fe5f968ddc7a67d073bff4fc7a2,5c28a2a23ab0ebf7fafbebe59e0f24de2f600177,13,12,1,Normal,ISSUE,NULL,13,NULL,1
5c28a2a23ab0ebf7fafbebe59e0f24de2f600177,a56ced9c340e4d0602cc555111cd30ee023f2a41,24,11,13,fix #,ISSUE,NULL,24,NULL,3
796bc0fc8ee06d1d69e18292cba95fd5005ac625,a56ced9c340e4d0602cc555111cd30ee023f2a41,36,18,18,Normal,NULL,NULL,36,NULL,1
84e3b8e4ff246928c6211990f76b1c9211815ab9,03e980dcbc8b6aafe41598132d43c2190bd449f1,27,25,2,Normal,NULL,NULL,27,NULL,2
03e980dcbc8b6aafe41598132d43c2190bd449f1,6a40435d508b852d713e8590f5655d64476357a1,6,6,0,Normal,NULL,NULL,6,NULL,1
6a40435d508b852d713e8590f5655d64476357a1,a8321e8f6294c46219950b113cc185d7a6e22bd4,10,5,5,Normal,NULL,NULL,10,NULL,1
a8321e8f6294c46219950b113cc185d7a6e22bd4,a56ced9c340e4d0602cc555111cd30ee023f2a41,32,16,16,Normal,NULL,NULL,32,NULL,1
a56ced9c340e4d0602cc555111cd30ee023f2a41,895625dd5e6b02be889dd8c184fcc94e16d73a2a,2,1,1,fix #,ISSUE,NULL,2,NULL,1
dc3602bc69d39f1387cc5ef5ecb5c8d0f2bce000,14dce73cb1d8d4212b4a07798e6122f0d928fa15,2,1,1,fix,NULL,NULL,2,NULL,1
895625dd5e6b02be889dd8c184fcc94e16d73a2a,d4b7997c481108ed30a978ab20c73112e32d7d8d,2,1,1,Normal,ISSUE,NULL,2,NULL,1
d4b7997c481108ed30a978ab20c73112e32d7d8d,3fce6efc7e64b078f0e08225fd39b5ba21a85fd9,15,15,0,Normal,NULL,NULL,15,NULL,1
3fce6efc7e64b078f0e08225fd39b5ba21a85fd9,736c22c9391e3346351c3f88ba044a75148e4560,2,1,1,#,NULL,NULL,2,NULL,1
736c22c9391e3346351c3f88ba044a75148e4560,2680461dde760bf23c93ae9a1f0ec897f7a0cdc3,6,4,2,Normal,NULL,NULL,6,NULL,1
2680461dde760bf23c93ae9a1f0ec897f7a0cdc3,7f7d87308b15d7893c9a1a265282c3fa49e6fc66,32,17,15,Normal,NULL,NULL,32,NULL,5
7f7d87308b15d7893c9a1a265282c3fa49e6fc66,d76ac2aa7adb32bdc09e6b40d09dc192cb7c29c7,346,127,219,Normal,NULL,NULL,343,NULL,1
d76ac2aa7adb32bdc09e6b40d09dc192cb7c29c7,b4a8ebd8d7d1110627b7120fdf8ee5201c4f03be,8,7,1,Normal,ISSUE,BUG,8,NULL,1
b4a8ebd8d7d1110627b7120fdf8ee5201c4f03be,8422fae0684b1abcc5a040228be0990f5ef2e61f,6,2,4,Normal,NULL,NULL,6,NULL,1
2ab6d3b0d953e1266aeb17f915b4c5c6fa0348db,0320144477e26582a3a6f7e0d9ce3d7151d370fb,24,13,11,fix #,ISSUE,BUG,24,NULL,4
14dce73cb1d8d4212b4a07798e6122f0d928fa15,6b39445d60b5a47a715015b4775d1a53c05bd6d1,16,9,7,fix #,ISSUE,BUG,16,NULL,1
6b39445d60b5a47a715015b4775d1a53c05bd6d1,0320144477e26582a3a6f7e0d9ce3d7151d370fb,8,4,4,Comment,NULL,NULL,8,NULL,3
0320144477e26582a3a6f7e0d9ce3d7151d370fb,8422fae0684b1abcc5a040228be0990f5ef2e61f,8,4,4,#,NULL,NULL,8,NULL,2
21bf1c34c200bcbd24f5cead65bf508eac1b4834,8422fae0684b1abcc5a040228be0990f5ef2e61f,8,4,4,Normal,NULL,NULL,8,NULL,2
8422fae0684b1abcc5a040228be0990f5ef2e61f,be2a695bd368a7a4b1141fe2abd3756753d04b24,4,2,2,#,ISSUE,NULL,4,NULL,1
be2a695bd368a7a4b1141fe2abd3756753d04b24,fe662b3bc7e12e71f4a306e7bccf1e724d09bf77,184,128,56,#,ISSUE,NULL,182,NULL,2
79b41731ded76a86dee1aa098d9c10439b66b0db,fe662b3bc7e12e71f4a306e7bccf1e724d09bf77,2,1,1,fix #,ISSUE,NULL,2,NULL,1
d6b81575dedca3bd2b94fde5648e5d6eb3f61af0,d0c44e6b4149361b78d1128cccd51e1bebc644a4,89,57,32,Normal,NULL,NULL,2,NULL,1
d0c44e6b4149361b78d1128cccd51e1bebc644a4,70f2c084514d09774992439f949c60f132015f77,174,114,60,Normal,NULL,NULL,77,NULL,3
70f2c084514d09774992439f949c60f132015f77,87863b310c5e42ca926b2bec8d51899cdab5a2bf,2473,1064,1409,Document,NULL,NULL,2466,NULL,14
87863b310c5e42ca926b2bec8d51899cdab5a2bf,2de0621aea28cdac76cc9874a0154c899c321bca,1015,657,358,Normal,NULL,NULL,1015,NULL,2
fe662b3bc7e12e71f4a306e7bccf1e724d09bf77,6ba5f77d0346aed29effb25ea90db7a5da75866d,20,14,6,Normal,ISSUE,BUG,18,NULL,2
6ba5f77d0346aed29effb25ea90db7a5da75866d,f69fa44fc61d27516a03a7f31d31b07256f3f2fa,1,1,0,Normal,NULL,NULL,1,NULL,1
f69fa44fc61d27516a03a7f31d31b07256f3f2fa,2de0621aea28cdac76cc9874a0154c899c321bca,8,6,2,Normal,NULL,NULL,8,NULL,1
272fc7381e9d2b432035a258ffc30e4b200a26fc,2de0621aea28cdac76cc9874a0154c899c321bca,1,1,0,fix #,ISSUE,BUG,1,NULL,1
33972d15025b5e765a611726a03b03c4ba94b454,2de0621aea28cdac76cc9874a0154c899c321bca,1,1,0,Normal,NULL,NULL,1,NULL,1
2de0621aea28cdac76cc9874a0154c899c321bca,adaeea670c78974ea52c31ddd808d7ffb4476953,21,21,0,Normal,NULL,NULL,0,NULL,0
adaeea670c78974ea52c31ddd808d7ffb4476953,64c411a6ac846257fdac84f65f5cda5835ec04a2,62,62,0,Document,NULL,NULL,62,NULL,1
64c411a6ac846257fdac84f65f5cda5835ec04a2,a87a901f6b3bbc83e2c449ffd33515f8d31da2f8,15290,14390,900,Normal,NULL,NULL,6161,NULL,9
3866f80d1de1d9e916ddb2346eddc4b156453b08,a87a901f6b3bbc83e2c449ffd33515f8d31da2f8,21,21,0,#,NULL,NULL,0,NULL,0
37cd53681211b81db9e1d7813839c7ffe4b1706a,a87a901f6b3bbc83e2c449ffd33515f8d31da2f8,21,21,0,Normal,NULL,NULL,0,NULL,0
073db23542355ae251f9df9a4baaab4e487b60ed,59afde0ede4b73d5707d8904eb57c58cedeca1fa,472,310,162,Normal,NULL,NULL,15,NULL,3
59afde0ede4b73d5707d8904eb57c58cedeca1fa,87a0689e195db3e73e0310a418a355c7619c47dc,1746,629,1117,Normal,NULL,NULL,43,NULL,2
87a0689e195db3e73e0310a418a355c7619c47dc,eb4381495cb50a3273e5dcd8a3eeaa76e2594691,2269,1036,1233,Document,NULL,NULL,2262,NULL,14
eb4381495cb50a3273e5dcd8a3eeaa76e2594691,9d7edef9439d656fcfd0d758e66c4f4591faeaf7,285,169,116,Normal,NULL,NULL,285,NULL,3
a87a901f6b3bbc83e2c449ffd33515f8d31da2f8,642950d66544921e60d74c278ae0a096ea498bc7,143,92,51,Normal,ISSUE,BUG,143,NULL,2
642950d66544921e60d74c278ae0a096ea498bc7,f85ea3004bca3a2e529afe7a6c4c94160f1e25a7,20,12,8,fix #,ISSUE,BUG,20,NULL,1
f85ea3004bca3a2e529afe7a6c4c94160f1e25a7,fa1f8d2b104a2b247d242f8ab530630e18543143,1618,552,1066,fix #,ISSUE,BUG,4,NULL,1
fa1f8d2b104a2b247d242f8ab530630e18543143,49d81c80dfbeaa9b464c2cf2d854af368bf8052f,116,60,56,Normal,NULL,NULL,116,NULL,1
49d81c80dfbeaa9b464c2cf2d854af368bf8052f,c022a69882a53bc306515be3450500b98ec2b575,2,1,1,#,ISSUE,NULL,2,NULL,1
7b40652a93a3d4e1b1d48a080e4fe38bb0d5afae,41a4dd459f7526ae6ecc5341c936d925e8675285,10,7,3,#,ISSUE,NULL,10,NULL,1
41a4dd459f7526ae6ecc5341c936d925e8675285,23881cbf33a434751d601e97948071b79a317673,959,551,408,Normal,NULL,NULL,384,NULL,19
c022a69882a53bc306515be3450500b98ec2b575,9b9e1068d68a553fbd51373b0b75d8f4575ad273,14,9,5,Normal,NULL,NULL,14,NULL,1
9d7edef9439d656fcfd0d758e66c4f4591faeaf7,e2f69db3726c81fffb90d3be2294bbdc510ec85f,32,17,15,Normal,NULL,NULL,26,NULL,2
e2f69db3726c81fffb90d3be2294bbdc510ec85f,9b9e1068d68a553fbd51373b0b75d8f4575ad273,840,272,568,Normal,NULL,NULL,836,NULL,13
9b9e1068d68a553fbd51373b0b75d8f4575ad273,294a0a6b76c5b30d56acdc4dd9d591a0de966403,144,72,72,Normal,NULL,NULL,0,NULL,8
294a0a6b76c5b30d56acdc4dd9d591a0de966403,d2d18ba8d28250fac06a09ed62e62496599096ed,26,25,1,Normal,NULL,NULL,26,NULL,3
d2d18ba8d28250fac06a09ed62e62496599096ed,f906bc3a83184cd7d5a39ad98c778a2b5fa1e5be,494,247,247,Normal,NULL,NULL,0,NULL,0
f906bc3a83184cd7d5a39ad98c778a2b5fa1e5be,681514c7d92549b5104e30963f769d87bdab7cb9,5012,5008,4,Normal,NULL,NULL,5008,NULL,10
681514c7d92549b5104e30963f769d87bdab7cb9,9c84f61e3a5ef555cee0fe33a6348f487d5f15f3,537,300,237,Normal,NULL,NULL,0,NULL,0
9c84f61e3a5ef555cee0fe33a6348f487d5f15f3,c83ee0e6f3c2755fec111ff21f6d1211cee823d9,4,4,0,Normal,NULL,NULL,0,NULL,0
c83ee0e6f3c2755fec111ff21f6d1211cee823d9,ad134b4a2053251f0978b34f91f529b56bb73f62,4956,0,4956,Normal,NULL,NULL,4956,NULL,10
23881cbf33a434751d601e97948071b79a317673,ad134b4a2053251f0978b34f91f529b56bb73f62,106,53,53,Normal,NULL,NULL,106,NULL,1
ad134b4a2053251f0978b34f91f529b56bb73f62,7e19215084519a266ad6f76530b9ae81991c4d37,8,4,4,fix,NULL,NULL,8,NULL,2
7e19215084519a266ad6f76530b9ae81991c4d37,1f2a05e3485e2054f3cc57a5bd85e41b3ff3fbdc,151,109,42,Normal,NULL,NULL,151,NULL,3
1f2a05e3485e2054f3cc57a5bd85e41b3ff3fbdc,8be6cbe5465bc541ca13a37013caf339950c98b6,4,4,0,Normal,NULL,NULL,0,NULL,0
8be6cbe5465bc541ca13a37013caf339950c98b6,d8f7f8d7207b405d7a401d08b0e17059b46d69d0,194,186,8,fix #,ISSUE,NULL,16,NULL,3
d8f7f8d7207b405d7a401d08b0e17059b46d69d0,92f70c45b38f3e622ff7b92582841ca69152634d,5690,5250,440,fix #,ISSUE,BUG,395,NULL,14
92f70c45b38f3e622ff7b92582841ca69152634d,9afa72df300710c46ead5226e69e8adecb6ee7b8,8,5,3,Normal,ISSUE,BUG,8,NULL,1
9afa72df300710c46ead5226e69e8adecb6ee7b8,08c3259379bd0ccee1d44e13681fbc9a3e22616b,2,0,2,Normal,ISSUE,BUG,2,NULL,1
08c3259379bd0ccee1d44e13681fbc9a3e22616b,fa70fb67773fbdf60c1a5ae978b103bf8a6006a3,917,582,335,Normal,ISSUE,BUG,814,NULL,5
fa70fb67773fbdf60c1a5ae978b103bf8a6006a3,1d8ab7d2c5a1948b29c06d106c2e7114c5651981,516,453,63,#,ISSUE,BUG,516,NULL,4
1d8ab7d2c5a1948b29c06d106c2e7114c5651981,1abc170944ce695e4fd8541d653ed6bdacb6658a,12,11,1,#,ISSUE,NULL,5,NULL,1
1abc170944ce695e4fd8541d653ed6bdacb6658a,82a71f164b87bb755baae689a70dd2afb6f9ad33,222,109,113,fix #,ISSUE,BUG,222,NULL,2
82a71f164b87bb755baae689a70dd2afb6f9ad33,a35656d78c9ac6605731ee3a09dac8714cd7340d,5906,5906,0,Normal,NULL,NULL,366,NULL,8
a35656d78c9ac6605731ee3a09dac8714cd7340d,739c19a434a3347ee083ac4a6bf38066f468e9a8,50,25,25,fix #,ISSUE,BUG,50,NULL,1
739c19a434a3347ee083ac4a6bf38066f468e9a8,069678839a3a66e8209a349bc222e955358a0e12,4,2,2,fix,ISSUE,BUG,4,NULL,1
069678839a3a66e8209a349bc222e955358a0e12,2cc3fa1780bae3afb17911f01602611b27db0e06,11,6,5,Normal,NULL,NULL,11,NULL,1
2cc3fa1780bae3afb17911f01602611b27db0e06,59c69ae3ac62e49955cf796ccd43884e0a7133ac,95,78,17,fix,ISSUE,BUG,95,NULL,2
59c69ae3ac62e49955cf796ccd43884e0a7133ac,d253652ec3b72f382e7f2e091dabe4c90cab8a5e,867,835,32,Normal,NULL,NULL,867,NULL,6
d253652ec3b72f382e7f2e091dabe4c90cab8a5e,2c0f2d13c361115d41971512340ce070fabbdc8a,18,9,9,#,NULL,NULL,18,NULL,1
2c0f2d13c361115d41971512340ce070fabbdc8a,f59872cc73884c5715b552d5b6c80589ee271a92,112,43,69,Normal,NULL,NULL,98,NULL,4
f59872cc73884c5715b552d5b6c80589ee271a92,358afb3d77a9d1e60514e92fa077314bfa7fc53f,189,103,86,Normal,NULL,NULL,189,NULL,2
358afb3d77a9d1e60514e92fa077314bfa7fc53f,052cdc92ddeb72c535cad07d4e0222c4b402d4f5,15,15,0,fix #,ISSUE,BUG,15,NULL,1
052cdc92ddeb72c535cad07d4e0222c4b402d4f5,d0c180cf22bb216907c167c989a59a6c9a548c0a,2,1,1,fix,ISSUE,BUG,2,NULL,1
d0c180cf22bb216907c167c989a59a6c9a548c0a,664f661f7389c8cb56511a2c1f47048aa6cd0203,22,11,11,fix #,ISSUE,NULL,22,NULL,1
664f661f7389c8cb56511a2c1f47048aa6cd0203,bd1bc68403a3166ef5842a56cbd314bb9037ea8d,2,2,0,Normal,NULL,NULL,2,NULL,1
bd1bc68403a3166ef5842a56cbd314bb9037ea8d,3e4d1e1cdd59c9ed84ae3f02e9bf76b1fb1ebab1,38,38,0,Format,NULL,NULL,38,NULL,2
3e4d1e1cdd59c9ed84ae3f02e9bf76b1fb1ebab1,076eb7a3e576cd1105dbd7dc5abc36f8cb7dab53,87,77,10,Normal,NULL,NULL,87,NULL,3
076eb7a3e576cd1105dbd7dc5abc36f8cb7dab53,26045b189c0177d7de45718c06b62a49ee4627a7,158,102,56,fix,ISSUE,BUG,158,NULL,2
26045b189c0177d7de45718c06b62a49ee4627a7,9f074f4034e561ac6ec908aaff3d943faba3ee17,917,652,265,Normal,ISSUE,BUG,917,NULL,2
9f074f4034e561ac6ec908aaff3d943faba3ee17,738a67497118ca7c0c291e59f69f62f21198f506,46,31,15,Normal,NULL,NULL,46,NULL,2
738a67497118ca7c0c291e59f69f62f21198f506,8febba8399790754fb9ff66d0a6181d14fbb8ed7,3,2,1,Normal,NULL,NULL,3,NULL,1
8febba8399790754fb9ff66d0a6181d14fbb8ed7,1f28d9f6b0d7367f353b480ae02716fd8f21c969,9850,9696,154,Normal,NULL,NULL,868,NULL,8
1f28d9f6b0d7367f353b480ae02716fd8f21c969,fa28d48d5ed0353854a446c07aac2a85635c8f97,50,50,0,Normal,NULL,NULL,50,NULL,2
fa28d48d5ed0353854a446c07aac2a85635c8f97,46ebc7fd05f658d9ce807f084a01ea77389e6af1,17,12,5,fix,ISSUE,BUG,17,NULL,1
46ebc7fd05f658d9ce807f084a01ea77389e6af1,993c158a9f069d619bcd2c1e9f3a8e4b1c42d2da,17,16,1,Normal,NULL,NULL,17,NULL,1
993c158a9f069d619bcd2c1e9f3a8e4b1c42d2da,af37e2e6467b1c663bc1ab46c896108194487486,176,173,3,Normal,NULL,NULL,176,NULL,1
af37e2e6467b1c663bc1ab46c896108194487486,c2cfa81d4ac1df3583f25aeb828ddf5a0478c67c,108,37,71,Normal,NULL,NULL,108,NULL,1
c2cfa81d4ac1df3583f25aeb828ddf5a0478c67c,22231b9f800a0689ba8b846ced2ba61ac998fb8e,12,6,6,Normal,NULL,NULL,12,NULL,1
22231b9f800a0689ba8b846ced2ba61ac998fb8e,dd30de5a145332a60471bcabf3e22cdc71b779a7,110,55,55,Normal,NULL,NULL,110,NULL,1
dd30de5a145332a60471bcabf3e22cdc71b779a7,8d12e9ece47211752757546a3cbdce3a3541a17b,19,19,0,#,NULL,NULL,19,NULL,2
8d12e9ece47211752757546a3cbdce3a3541a17b,a2ab7b24b811bb7f913da6f08efab56880582c43,310,259,51,Normal,NULL,NULL,304,NULL,3
a2ab7b24b811bb7f913da6f08efab56880582c43,cb5f8fb9f9726cbe4693d9aa42685c69c00b7c86,54,51,3,Normal,NULL,NULL,54,NULL,2
cb5f8fb9f9726cbe4693d9aa42685c69c00b7c86,57308d633d498b37d6673f5bff0959ef7d285cd8,3,3,0,Comment,NULL,NULL,3,NULL,1
57308d633d498b37d6673f5bff0959ef7d285cd8,6c082f0383d92bacd67644d9ef4ba3da226074bf,94,47,47,Normal,NULL,NULL,94,NULL,2
6c082f0383d92bacd67644d9ef4ba3da226074bf,4c95c96eea257c310d0019c64d77141ae145faa3,344,182,162,Normal,NULL,NULL,344,NULL,6
4c95c96eea257c310d0019c64d77141ae145faa3,31daeab94892adb2950d9731f69bba41e8528aa1,8,8,0,fix,ISSUE,BUG,8,NULL,1
31daeab94892adb2950d9731f69bba41e8528aa1,c96fb81c81dbe9231ccb623162050eaa8038f61f,1994,48,1946,Normal,NULL,NULL,1896,NULL,2
c96fb81c81dbe9231ccb623162050eaa8038f61f,fcc7c629f699b7dc4fc6087dab0aa57f87874bfa,1178,1178,0,Normal,NULL,NULL,240,NULL,5
fcc7c629f699b7dc4fc6087dab0aa57f87874bfa,a7beaa9849c267a8dd74c62e2af4f06bb3901de9,536,286,250,Normal,NULL,NULL,0,NULL,15
a7beaa9849c267a8dd74c62e2af4f06bb3901de9,7f1ddfba34ae451f5fd740fb787c544d7b25d076,5534,5534,0,Normal,NULL,NULL,847,NULL,5
7f1ddfba34ae451f5fd740fb787c544d7b25d076,b5930d2935f3d289a2889b4c618e1a3b2ff32be7,143,143,0,Normal,NULL,NULL,143,NULL,2
b5930d2935f3d289a2889b4c618e1a3b2ff32be7,6674474a3b35f812fa3a8edca791ac6bc5903b2d,135,65,70,fix,NULL,NULL,135,NULL,3
6674474a3b35f812fa3a8edca791ac6bc5903b2d,a7be2f6cf2cd94c39ec2dd37041c17a816393c99,6,4,2,Normal,NULL,NULL,6,NULL,2
a7be2f6cf2cd94c39ec2dd37041c17a816393c99,660ad20ec25c3464e3e728b7f575f2bb92f31cf1,15573,15573,0,Normal,NULL,NULL,10501,NULL,13
660ad20ec25c3464e3e728b7f575f2bb92f31cf1,537052fe49c6d5ad8de37db5f6fb27b4858e9b72,0,0,0,Normal,NULL,NULL,0,NULL,18
537052fe49c6d5ad8de37db5f6fb27b4858e9b72,5f81c99b74b64685556e7aca3d52e37ce0fca7f8,117,59,58,fix #,ISSUE,BUG,117,NULL,1
5f81c99b74b64685556e7aca3d52e37ce0fca7f8,4bcfde601f31088438641782f992ee5206cf32c3,2,1,1,fix,ISSUE,BUG,2,NULL,1
4bcfde601f31088438641782f992ee5206cf32c3,a89fd05276702cb6a6ae76a0cf168201567c8697,160,150,10,Normal,NULL,NULL,160,NULL,1
a89fd05276702cb6a6ae76a0cf168201567c8697,a5e175d1c490f73330478b88e9654b19cc6a8ae0,301,179,122,Normal,NULL,NULL,265,NULL,3
a5e175d1c490f73330478b88e9654b19cc6a8ae0,95d7aded8113664beee38b37d05d243f3d7d06bc,1359,1357,2,Normal,NULL,NULL,459,NULL,7
95d7aded8113664beee38b37d05d243f3d7d06bc,7161c9636e68c1a0cea469ad216eb48278c3aaf8,117,114,3,Normal,NULL,NULL,117,NULL,2
7161c9636e68c1a0cea469ad216eb48278c3aaf8,0923e6eb572821d58977c80e3aa4f73b9eb7f16a,926,645,281,Normal,NULL,NULL,926,NULL,2
0923e6eb572821d58977c80e3aa4f73b9eb7f16a,f7c84e700eae4b6097903d929aa548febb657ee5,769,599,170,Normal,NULL,NULL,769,NULL,2
f7c84e700eae4b6097903d929aa548febb657ee5,95f8ff9cfc54ff6e17863a7b4b3f050e12be9a03,38,19,19,Normal,NULL,NULL,38,NULL,1
95f8ff9cfc54ff6e17863a7b4b3f050e12be9a03,55c8bf1652a965b477cea0a89a93abb902f72fa3,149,115,34,Normal,NULL,NULL,149,NULL,2
55c8bf1652a965b477cea0a89a93abb902f72fa3,3620322e9beeea1b37c8dc79276f585ecb1a2bdd,148,105,43,Format,NULL,NULL,148,NULL,2
3620322e9beeea1b37c8dc79276f585ecb1a2bdd,d28488fbf84e8f844cbf069e372837249e475e93,16,11,5,fix #,ISSUE,BUG,16,NULL,1
d28488fbf84e8f844cbf069e372837249e475e93,674581d1c90e5d8b6e4858e9903f6e39ed5f447a,60,35,25,Normal,NULL,NULL,60,NULL,2
674581d1c90e5d8b6e4858e9903f6e39ed5f447a,3e9cf8866a736727e8d7a673c9dc9e782c349774,68,37,31,Normal,NULL,NULL,68,NULL,3
3e9cf8866a736727e8d7a673c9dc9e782c349774,8ddec85ae6ebcce3edfba7c2aacfbde00ca3c6b2,30,15,15,#,NULL,NULL,30,NULL,2
8ddec85ae6ebcce3edfba7c2aacfbde00ca3c6b2,e55c1e8dfb37c103f47d93c239444afe03c4a498,15,10,5,fix #,ISSUE,BUG,15,NULL,1
e55c1e8dfb37c103f47d93c239444afe03c4a498,c538184961299a8e175c4570025d0513c30aeb05,48,43,5,Normal,NULL,NULL,48,NULL,3
c538184961299a8e175c4570025d0513c30aeb05,635c941daf1a3621fdc8290bd3ad297948d442cc,2,1,1,Normal,NULL,NULL,2,NULL,1
635c941daf1a3621fdc8290bd3ad297948d442cc,08c73e330401ced7f508412b54bb9e22ee95e598,71,40,31,fix #,ISSUE,BUG,71,NULL,2
08c73e330401ced7f508412b54bb9e22ee95e598,e82a8337110c7860700b4e336152c541fc503a02,133,122,11,Normal,NULL,NULL,133,NULL,3
e82a8337110c7860700b4e336152c541fc503a02,c3519bea9ba68f661501e98ebc03abe7b628f9f3,28,19,9,Normal,NULL,NULL,28,NULL,2
c3519bea9ba68f661501e98ebc03abe7b628f9f3,5bf4f6f22363456e6579ac43210054b69d02c4d3,128,64,64,Normal,NULL,NULL,128,NULL,1
5bf4f6f22363456e6579ac43210054b69d02c4d3,419475964f9b9d0fda2c8b18a1c076cb6b2da927,138,89,49,Normal,NULL,NULL,138,NULL,2
419475964f9b9d0fda2c8b18a1c076cb6b2da927,4fcf5351e917bb28a9f4fbc6a9b77209df9b8a38,10,6,4,Normal,NULL,NULL,10,NULL,1
4fcf5351e917bb28a9f4fbc6a9b77209df9b8a38,d29f9ad377f316cdd95846055f5b2ab99232ea6f,12,8,4,fix,ISSUE,BUG,12,NULL,2
d29f9ad377f316cdd95846055f5b2ab99232ea6f,3d5371d6ff4330fb579e3ecebdf103ecbcb971fb,57,38,19,fix,ISSUE,BUG,57,NULL,2
3d5371d6ff4330fb579e3ecebdf103ecbcb971fb,9fc64acaee1675ba4bb7cfc60254672ae144a255,158,84,74,Normal,NULL,NULL,152,NULL,3
9fc64acaee1675ba4bb7cfc60254672ae144a255,debdfff6adeba7b5b045a020602e3948cdb2a067,202,101,101,Normal,NULL,NULL,202,NULL,2
debdfff6adeba7b5b045a020602e3948cdb2a067,15fef7540ef449c9e3d6133b46b45b9eda30ee05,344,123,221,Normal,NULL,NULL,342,NULL,5
15fef7540ef449c9e3d6133b46b45b9eda30ee05,f1b87b33764b49a41a5755e6824528d63c6542f7,46,46,0,Normal,NULL,NULL,46,NULL,2
f1b87b33764b49a41a5755e6824528d63c6542f7,b6b5dba27e184b20074e5b75296f53d1dcc02aa4,62,36,26,fix,ISSUE,BUG,62,NULL,1
b6b5dba27e184b20074e5b75296f53d1dcc02aa4,6ad3d2edeb81ec5404234f95ceb7e44a9d271b66,2,1,1,Normal,ISSUE,NULL,2,NULL,1
6ad3d2edeb81ec5404234f95ceb7e44a9d271b66,6e7267cb26f25520ad5ce727be64557dc95ef172,187,171,16,fix #,ISSUE,BUG,187,NULL,2
6e7267cb26f25520ad5ce727be64557dc95ef172,914229166bad591c04bb38924c568c6715ec8b61,383,140,243,Normal,NULL,NULL,383,NULL,1
914229166bad591c04bb38924c568c6715ec8b61,b45e1762505b47a4d854b01b955133c8dc1b4f32,3524,1,3523,Normal,NULL,NULL,2871,NULL,3
b45e1762505b47a4d854b01b955133c8dc1b4f32,ad37af2cb21e2b06703da73aafa988e3a632e27d,89,68,21,Normal,NULL,NULL,89,NULL,2
ad37af2cb21e2b06703da73aafa988e3a632e27d,de8ed6fc8ef050f3cc98f163a3642cd34e7dde22,284,254,30,Normal,NULL,NULL,284,NULL,3
de8ed6fc8ef050f3cc98f163a3642cd34e7dde22,84ce97db11be98c4954931f0a9acd94abde018f6,265,245,20,Normal,NULL,NULL,265,NULL,2
84ce97db11be98c4954931f0a9acd94abde018f6,83007ad964873deb6437fdb5643d19cd624a5eb0,1282,210,1072,fix,ISSUE,BUG,222,NULL,5
83007ad964873deb6437fdb5643d19cd624a5eb0,0a3d1056cb0797a8c4f913fe1ee4fcda8a97f386,496,398,98,Normal,NULL,NULL,496,NULL,5
0a3d1056cb0797a8c4f913fe1ee4fcda8a97f386,4eaaeaf7a4648c2af52e25e81ccdeaa6c45e48b7,6918,6918,0,Normal,NULL,NULL,2273,NULL,6
4eaaeaf7a4648c2af52e25e81ccdeaa6c45e48b7,351e255620ecb54f48a13105ddbd709b8facc980,8,5,3,fix,ISSUE,BUG,8,NULL,1
351e255620ecb54f48a13105ddbd709b8facc980,f821e86732342809d472dcd9a87e76110c89bfd6,242,199,43,Normal,NULL,NULL,242,NULL,3
f821e86732342809d472dcd9a87e76110c89bfd6,8bdaabebe7b81620ac71a4e0b826ac01f63fa923,16,10,6,fix,ISSUE,BUG,16,NULL,1
8bdaabebe7b81620ac71a4e0b826ac01f63fa923,3f8cc3eb3d142697f3f3618e3f42cbad19100705,149,147,2,Normal,NULL,NULL,149,NULL,2
3f8cc3eb3d142697f3f3618e3f42cbad19100705,c1c3099a920531db13b17a7779993099dd11c8a3,63,42,21,fix,ISSUE,BUG,63,NULL,2
c1c3099a920531db13b17a7779993099dd11c8a3,6ea9ed2a5845a0265d3f75914165903a01e9deac,80,79,1,Normal,NULL,NULL,80,NULL,3
6ea9ed2a5845a0265d3f75914165903a01e9deac,8de69e5804084a79bbd393931da0faed7f6c3f3a,10,5,5,fix,ISSUE,BUG,10,NULL,1
8de69e5804084a79bbd393931da0faed7f6c3f3a,a4c63ffb66ff3909136d0b10151faf1bbf747757,28,22,6,Normal,NULL,NULL,28,NULL,1
a4c63ffb66ff3909136d0b10151faf1bbf747757,f3a45d841796c5a7ba968b74991030209dd13d18,311,158,153,Normal,NULL,NULL,311,NULL,2
f3a45d841796c5a7ba968b74991030209dd13d18,14c39061d0ef909cb6b201e83fa4c7936e737bd8,38,36,2,Normal,NULL,NULL,38,NULL,2
14c39061d0ef909cb6b201e83fa4c7936e737bd8,a1bfe10f8631020230416b94a606a5d6cc2fa4a4,21,1,20,fix,ISSUE,BUG,21,NULL,1
a1bfe10f8631020230416b94a606a5d6cc2fa4a4,20c8b02a4cd8cd3f5682cdf1c6939c66c186673b,10,8,2,fix,ISSUE,BUG,10,NULL,1
20c8b02a4cd8cd3f5682cdf1c6939c66c186673b,f0a89e9bb3d13fd0ca224180e506c0177c1e1243,714,395,319,Normal,NULL,NULL,445,NULL,4
f0a89e9bb3d13fd0ca224180e506c0177c1e1243,5684b7caada6aa25b4180ce8a05dabbe0b59111f,507,348,159,Normal,NULL,NULL,167,NULL,3
5684b7caada6aa25b4180ce8a05dabbe0b59111f,dcea7fbbbcc1de2433202670ef38993b34b7de32,6,3,3,Normal,NULL,NULL,6,NULL,1
dcea7fbbbcc1de2433202670ef38993b34b7de32,db6f4167a9f644729e7b04bcaf3cd54afacbf6ae,2115,2115,0,Normal,NULL,NULL,2115,NULL,2
db6f4167a9f644729e7b04bcaf3cd54afacbf6ae,11e8b6c5b48b6916688f3357de7b77f36400bdeb,257,190,67,Normal,NULL,NULL,96,NULL,2
11e8b6c5b48b6916688f3357de7b77f36400bdeb,b2793e9a57f747a7e8e7d05fb913342442907185,22,11,11,Normal,NULL,NULL,22,NULL,1
b2793e9a57f747a7e8e7d05fb913342442907185,486da88649235b7c8114f748fc5f5a12ddd2c504,79,64,15,Normal,NULL,NULL,79,NULL,2
486da88649235b7c8114f748fc5f5a12ddd2c504,1fb0a376a35c098f26aa43ea9bfefdc14966b853,2,1,1,Normal,NULL,NULL,2,NULL,1
1fb0a376a35c098f26aa43ea9bfefdc14966b853,3cf3b41ff8240b9b0e688292428030a0fd9b0f6c,5,4,1,fix,ISSUE,BUG,5,NULL,1
3cf3b41ff8240b9b0e688292428030a0fd9b0f6c,fbd8f44acff1e454aa86beef8ae5d8272f17f783,6329,5337,992,Normal,NULL,NULL,2202,NULL,6
fbd8f44acff1e454aa86beef8ae5d8272f17f783,9ee9c65ae2aebf616dd2ef1687ce19d22089d395,115,76,39,Normal,NULL,NULL,115,NULL,1
9ee9c65ae2aebf616dd2ef1687ce19d22089d395,331732d29cb7df3cf7117b40dbb9430fdd6ccb30,1,1,0,Normal,NULL,NULL,1,NULL,1
331732d29cb7df3cf7117b40dbb9430fdd6ccb30,b1312ee283b0ba102e92136f893de728fcc8e00d,9,9,0,Normal,NULL,NULL,9,NULL,1
b1312ee283b0ba102e92136f893de728fcc8e00d,349746d375107299a29e2426b40228b8843f215c,14,13,1,Normal,NULL,NULL,14,NULL,1
349746d375107299a29e2426b40228b8843f215c,98aad31192084a8189a5922045381644dcf8fa9e,10,6,4,fix,NULL,NULL,10,NULL,1
98aad31192084a8189a5922045381644dcf8fa9e,5e4684cea1c5655f98840c45eddd9186f16d9d38,4,2,2,Normal,NULL,NULL,4,NULL,1
5e4684cea1c5655f98840c45eddd9186f16d9d38,5073b7fa6a9a2b7082076bfdb2e543a9821c5a17,6,6,0,Normal,NULL,NULL,0,NULL,0
5073b7fa6a9a2b7082076bfdb2e543a9821c5a17,1aa144c9aa8a72464ee449855e207ea99e3517dd,211,210,1,Normal,NULL,NULL,211,NULL,2
1aa144c9aa8a72464ee449855e207ea99e3517dd,16cabb4f0d42787b053c5f9a96c0142120d9539b,2,1,1,fix,ISSUE,BUG,2,NULL,1
16cabb4f0d42787b053c5f9a96c0142120d9539b,be7716f0dec25b1f3a0a38e04da6479e46e103f1,94,75,19,Normal,NULL,NULL,94,NULL,2
be7716f0dec25b1f3a0a38e04da6479e46e103f1,e5752cd792560f2152854620cdf97096e8bd2e19,156,105,51,Normal,NULL,NULL,156,NULL,2
e5752cd792560f2152854620cdf97096e8bd2e19,48b5e86833e8a110f5cf99b74fee6c0bd0cd0f6c,18,11,7,Normal,NULL,NULL,18,NULL,2
48b5e86833e8a110f5cf99b74fee6c0bd0cd0f6c,c53867dde408d59fe49417b2bbad0edb4e22dfc8,6,3,3,Normal,NULL,NULL,6,NULL,1
c53867dde408d59fe49417b2bbad0edb4e22dfc8,76f190b43e56d367b6bcd42628f4c7ee881b0e53,2,1,1,Normal,NULL,NULL,2,NULL,1
76f190b43e56d367b6bcd42628f4c7ee881b0e53,1b60492b8dba76726ae2de70e53b6bf5742e1852,171,106,65,Normal,NULL,NULL,171,NULL,2
1b60492b8dba76726ae2de70e53b6bf5742e1852,8186e556d27789451fcd76f3cba251606d14674d,12,12,0,Normal,NULL,NULL,12,NULL,1
8186e556d27789451fcd76f3cba251606d14674d,dd669548ccbf10a2b78a579ec9eaa358135110ab,68,45,23,fix,ISSUE,BUG,68,NULL,1
dd669548ccbf10a2b78a579ec9eaa358135110ab,34bc58fb77ccdc6a6005dc19e76c0c63510238db,2,1,1,fix,ISSUE,BUG,2,NULL,1
34bc58fb77ccdc6a6005dc19e76c0c63510238db,568220ac383ee3e6f2b2475d8c771642fcc7ec30,2,1,1,fix,ISSUE,BUG,2,NULL,1
568220ac383ee3e6f2b2475d8c771642fcc7ec30,90391433154dc7ac165d57bbe5af0d594d458961,57,32,25,Normal,NULL,NULL,57,NULL,2
90391433154dc7ac165d57bbe5af0d594d458961,f3e16df26b94a8cbce85130e732adbfaf7cc4e47,140,78,62,fix,ISSUE,BUG,112,NULL,1
f3e16df26b94a8cbce85130e732adbfaf7cc4e47,bf6db12dcb13dff2d95b4dcf36b8c577626ed822,16,14,2,fix,ISSUE,BUG,2,NULL,1
bf6db12dcb13dff2d95b4dcf36b8c577626ed822,2e750f75f4c587a1cb5d4848bb9bb11176aee7a0,68,55,13,fix,ISSUE,BUG,41,NULL,1
2e750f75f4c587a1cb5d4848bb9bb11176aee7a0,8fb5d53f4738b7035ee1bfec15c9fc73aec68a83,58,32,26,Normal,NULL,NULL,41,NULL,2
8fb5d53f4738b7035ee1bfec15c9fc73aec68a83,cfb016b6ca6263fa3d36759694004cbb127a77d2,12,12,0,Normal,NULL,NULL,0,NULL,0
cfb016b6ca6263fa3d36759694004cbb127a77d2,bcab7251c998daf6b8255a12845a514621ace55b,981,613,368,Comment,ISSUE,BUG,981,NULL,2
bcab7251c998daf6b8255a12845a514621ace55b,8114e9579e17f125ad89c220cf129cdd62b39506,4514,4514,0,Normal,NULL,NULL,4089,NULL,5
8114e9579e17f125ad89c220cf129cdd62b39506,null,0,0,0,Normal,NULL,NULL,0,NULL,0
