bd3f0ab86f8f4084cf6ff09cd1d98bc76456b90b,b047adad4f21db8b8b87ad93e329fc1d82881ac9,5,3,2,fix #,ISSUE,NULL,5,NULL,1
b047adad4f21db8b8b87ad93e329fc1d82881ac9,803bc1e473e2861f75abf06174d9c937de7a0fe0,1,1,0,fix #,ISSUE,BUG,1,NULL,1
20442afda3c0fb627fa976836ebcc5976f96fb74,803bc1e473e2861f75abf06174d9c937de7a0fe0,1,1,0,fix,ISSUE,BUG,1,NULL,1
7fdfe13ff0db61479ef7a87c06ea8734ec978bc3,803bc1e473e2861f75abf06174d9c937de7a0fe0,5,3,2,fix #,ISSUE,NULL,5,NULL,1
803bc1e473e2861f75abf06174d9c937de7a0fe0,c93fed0268576a24e6534b92e7a0dd0178b3e064,2,1,1,#,NULL,NULL,0,NULL,0
c93fed0268576a24e6534b92e7a0dd0178b3e064,cbf9eea80216823fd6df83370162d9857e59c1ca,2,1,1,fix #,ISSUE,NULL,2,NULL,1
cbf9eea80216823fd6df83370162d9857e59c1ca,7baa7dea8bee3f14e5fb18ec30791cefd01a98ca,36,20,16,Normal,NULL,NULL,34,NULL,16
7baa7dea8bee3f14e5fb18ec30791cefd01a98ca,b61158287e3179c30f84a6f3f1d2669570de2787,11,6,5,#,ISSUE,NULL,11,NULL,1
b61158287e3179c30f84a6f3f1d2669570de2787,5d459e4bc09df23cbce92ad4d510004c1b58c1c7,25,4,21,#,NULL,NULL,0,NULL,0
d92b6e39596a4e74f1e3a10011bae30f42e2fda7,76b15a0b65855f4d64013c192d079a75e2356aef,2,1,1,Normal,NULL,NULL,0,NULL,0
76b15a0b65855f4d64013c192d079a75e2356aef,5d459e4bc09df23cbce92ad4d510004c1b58c1c7,27,5,22,Normal,NULL,NULL,0,NULL,0
5d459e4bc09df23cbce92ad4d510004c1b58c1c7,9771120c81550d951fe39be2e8831b81da79fec7,39,34,5,fix #,ISSUE,NULL,39,NULL,1
9771120c81550d951fe39be2e8831b81da79fec7,5bb642e67daed439a18ebe8585b6b08e6c9c975c,6,5,1,Normal,NULL,NULL,4,NULL,1
5bb642e67daed439a18ebe8585b6b08e6c9c975c,23710d1a6e568c9a479df456dfa41fdaccc33d1d,46,29,17,#,ISSUE,NULL,46,NULL,1
23710d1a6e568c9a479df456dfa41fdaccc33d1d,8938ad7b45dfa869030b8ca36e2810a307d8ce9c,11,6,5,#,ISSUE,NULL,11,NULL,1
8938ad7b45dfa869030b8ca36e2810a307d8ce9c,1ab72521e0d51dbdbc4f83df5cc384e523e2d633,10,10,0,Document,NULL,NULL,10,NULL,1
1ab72521e0d51dbdbc4f83df5cc384e523e2d633,642c85da798917f35095fe126a81c6c602a29fbf,2,1,1,Normal,NULL,NULL,2,NULL,1
642c85da798917f35095fe126a81c6c602a29fbf,4e35685c7f250fac6339ef5a857268fde6313750,5,4,1,Normal,NULL,NULL,3,NULL,1
4e35685c7f250fac6339ef5a857268fde6313750,877eb9f6a50d0893cac3ef8f39867bc0b1cefb43,61,39,22,fix #,ISSUE,NULL,56,NULL,1
877eb9f6a50d0893cac3ef8f39867bc0b1cefb43,e4270ebbcf0719c1826b4bc9a084e1d1df647f92,17,10,7,Normal,NULL,NULL,17,NULL,1
e4270ebbcf0719c1826b4bc9a084e1d1df647f92,e978419f1edff0060d2fb9dfebcd112532b1d4d9,11,10,1,Document,NULL,NULL,11,NULL,3
e978419f1edff0060d2fb9dfebcd112532b1d4d9,4f56a334fdcc2b97b3edb399321fb679e46c402c,97,53,44,Document,ISSUE,NULL,97,NULL,2
59832fbc82571c9d4046e34655e6ab0ab287a822,ed252732a416ebbd86bf0aadece895f7032f2e6d,10,3,7,Document,NULL,NULL,10,NULL,2
ed252732a416ebbd86bf0aadece895f7032f2e6d,3a8dded7e4c993ae330cbe87b710ce63acbee74f,15,14,1,Normal,NULL,NULL,15,NULL,2
3a8dded7e4c993ae330cbe87b710ce63acbee74f,4f56a334fdcc2b97b3edb399321fb679e46c402c,98,53,45,Document,ISSUE,NULL,98,NULL,2
4f56a334fdcc2b97b3edb399321fb679e46c402c,e83faff84bfbdf1cf0cfbf27f001ada20093bf05,69,29,40,Normal,NULL,NULL,69,NULL,2
e83faff84bfbdf1cf0cfbf27f001ada20093bf05,485db7e48f9bf76b2072c02be65331b931e4bed8,2,1,1,#,ISSUE,NULL,2,NULL,1
485db7e48f9bf76b2072c02be65331b931e4bed8,ad9534caa60ba8a042d885f97dc5a2952f3f025b,590,283,307,Document,ISSUE,NULL,554,NULL,6
ad9534caa60ba8a042d885f97dc5a2952f3f025b,c724331c518e8a59f5082d5c6a1fd07e02a5fe45,6,4,2,Document,NULL,NULL,6,NULL,2
79fdb7c882d5d61366b5aff013bf20e26bc693be,1eb08291421a95166f58f8a5dbcba115df571fe1,8,4,4,Document,NULL,NULL,8,NULL,2
1eb08291421a95166f58f8a5dbcba115df571fe1,c724331c518e8a59f5082d5c6a1fd07e02a5fe45,4,3,1,Document,NULL,NULL,4,NULL,2
c724331c518e8a59f5082d5c6a1fd07e02a5fe45,8a36ad758e53e503ce42f56cb1dc445d4021eb69,64,54,10,Document,NULL,NULL,44,NULL,4
4042aa71de1b0242efa2f2de3517570734f99219,bcbadfd4a2c2bb753c861faf827886970f3d4fdd,27,15,12,Normal,NULL,NULL,7,NULL,1
a61e10a6912dfa16a5823b67940f4cd40981c0c5,78fd5de1b65855269a5332e87626c9f7b4b11c7f,2,2,0,Normal,NULL,NULL,2,NULL,1
78fd5de1b65855269a5332e87626c9f7b4b11c7f,059503342c1da90d613072c4adb3c088ae636182,3,1,2,Document,NULL,NULL,3,NULL,1
059503342c1da90d613072c4adb3c088ae636182,252c9eda8cec34d6bf473f4cd581a0a001e26569,1,1,0,Document,NULL,NULL,1,NULL,1
bcbadfd4a2c2bb753c861faf827886970f3d4fdd,afbedcb6c31c7e9f87d80d57a945ec33ba67e160,1,1,0,Document,NULL,NULL,1,NULL,1
afbedcb6c31c7e9f87d80d57a945ec33ba67e160,a29b75d71bea4b26855f86440136106da246c1be,9,8,1,Normal,NULL,NULL,9,NULL,1
a29b75d71bea4b26855f86440136106da246c1be,252c9eda8cec34d6bf473f4cd581a0a001e26569,31,30,1,Normal,NULL,NULL,31,NULL,2
252c9eda8cec34d6bf473f4cd581a0a001e26569,8a36ad758e53e503ce42f56cb1dc445d4021eb69,6,5,1,Normal,NULL,NULL,6,NULL,1
8a36ad758e53e503ce42f56cb1dc445d4021eb69,1871e8e12740f5fc672cb03f314737ab4ff319bc,2,1,1,Normal,NULL,NULL,0,NULL,0
1871e8e12740f5fc672cb03f314737ab4ff319bc,2504d86b108f792955d6f9d382cc40cd05523644,4,2,2,Normal,NULL,NULL,4,NULL,1
2504d86b108f792955d6f9d382cc40cd05523644,5870ea0ca6daededa1d1ad707602e766293c260b,42,37,5,Normal,NULL,NULL,0,NULL,0
5870ea0ca6daededa1d1ad707602e766293c260b,fa9548c217c8c8403b4e916028c7f0cc9c23b9f8,7,7,0,#,ISSUE,NULL,7,NULL,1
fa9548c217c8c8403b4e916028c7f0cc9c23b9f8,077e5e0172fa114a8b89edcf7d2d0c2d259b707b,2,1,1,Normal,NULL,NULL,2,NULL,1
077e5e0172fa114a8b89edcf7d2d0c2d259b707b,ba369a13136be785e3ca90c162b2c15ced68b719,146,64,82,Document,ISSUE,NULL,142,NULL,4
b59bf25a2329b8c51e2cd17a08d2e938c9bdcbb5,cc5f7d68fe76afdb79e215b8ff00133575fafacc,15,14,1,Normal,NULL,NULL,15,NULL,2
cc5f7d68fe76afdb79e215b8ff00133575fafacc,ba369a13136be785e3ca90c162b2c15ced68b719,2,1,1,Normal,NULL,NULL,2,NULL,1
ba369a13136be785e3ca90c162b2c15ced68b719,d4c33ca5a6231b37359eeabad2d76ed0885b6f2e,86,49,37,Normal,NULL,NULL,86,NULL,1
d4c33ca5a6231b37359eeabad2d76ed0885b6f2e,20f437d862917b9f303fc73d716aedc065fc0506,2,1,1,Normal,NULL,NULL,2,NULL,1
20f437d862917b9f303fc73d716aedc065fc0506,3b8eb97fb5ff57e4b98da15efba6367611f5a7a7,4,2,2,Normal,NULL,NULL,4,NULL,1
3b8eb97fb5ff57e4b98da15efba6367611f5a7a7,9c4d6c08e61b0161048f8926bae3817e599e8f81,37,19,18,fix,NULL,NULL,37,NULL,2
7770baed5fe6c1b058d40a319bf05ef896b719fd,9c4d6c08e61b0161048f8926bae3817e599e8f81,2,1,1,Normal,NULL,NULL,2,NULL,1
9c4d6c08e61b0161048f8926bae3817e599e8f81,d47a2256efb398f008a996ea137872171532374a,5,5,0,Normal,NULL,NULL,5,NULL,1
d47a2256efb398f008a996ea137872171532374a,ce1b21f4aeb37dce8a6c4bda8691030673c01fbd,16,14,2,Document,NULL,NULL,16,NULL,3
11b53521a6f32be35f7609e61d12adae67486dd0,2d2df2bf0705a648b64e912a7bd84fb6beb95857,3,2,1,Comment,NULL,NULL,3,NULL,2
ce1b21f4aeb37dce8a6c4bda8691030673c01fbd,5148825c5a0625da61aec451189b7fe62bf05fbf,167,81,86,fix #,ISSUE,NULL,167,NULL,2
5148825c5a0625da61aec451189b7fe62bf05fbf,6ca5946638ed5bbf8ae36e3c3191901f76bf173b,8,8,0,fix #,ISSUE,NULL,8,NULL,1
efbfe5941da632487c4c09c1e8ccc34f819cfa0e,6ca5946638ed5bbf8ae36e3c3191901f76bf173b,8,8,0,fix #,ISSUE,NULL,8,NULL,1
6ca5946638ed5bbf8ae36e3c3191901f76bf173b,c406f0ac1929b21ab444608eb4ab27035bb57a21,27,22,5,Normal,NULL,NULL,27,NULL,2
2d2df2bf0705a648b64e912a7bd84fb6beb95857,c406f0ac1929b21ab444608eb4ab27035bb57a21,15,13,2,Normal,NULL,NULL,15,NULL,2
c406f0ac1929b21ab444608eb4ab27035bb57a21,7a4623177030951186b1e5c4f14dfcd00d54f23d,2,1,1,Normal,NULL,NULL,0,NULL,0
7a4623177030951186b1e5c4f14dfcd00d54f23d,e362fc9c82aeda1870c33e93a88487b8642fafbc,6,6,0,Normal,NULL,NULL,6,NULL,1
e362fc9c82aeda1870c33e93a88487b8642fafbc,3c2b3fa0264326bda014e302c70659231378b977,10,10,0,Normal,NULL,NULL,0,NULL,0
7e5651a686369ce0dea7a5b0a072a97de976d6c2,3c2b3fa0264326bda014e302c70659231378b977,10,10,0,Normal,NULL,NULL,0,NULL,0
3c2b3fa0264326bda014e302c70659231378b977,c49d465e2318e688e8c0b6702a574e4525bc3f03,2,1,1,Normal,NULL,NULL,0,NULL,0
c49d465e2318e688e8c0b6702a574e4525bc3f03,eea6ed49b56331b7413356c99230287094d81f1b,21,12,9,fix,NULL,NULL,0,NULL,0
9f9280bd17a98fd667055499d854d74f788e529e,eea6ed49b56331b7413356c99230287094d81f1b,21,12,9,fix,NULL,NULL,0,NULL,0
ba618821d80afefcb442eef3130a67e46cf587ea,eb55f9d1ba6fb8d096834d34174b87acf824dbd2,4,1,3,Normal,NULL,NULL,0,NULL,0
fc1ad615c4aad77821289a1774e3e4fc4405f04a,eea6ed49b56331b7413356c99230287094d81f1b,10,10,0,Normal,NULL,NULL,0,NULL,0
eb55f9d1ba6fb8d096834d34174b87acf824dbd2,8d25b659df56ef86ce8b03e532c2278cfc3cb294,25,15,10,Normal,NULL,NULL,0,NULL,0
eea6ed49b56331b7413356c99230287094d81f1b,34157a06d9686780cb4b3cea08cd4f65f8ce4dcd,2,1,1,Normal,NULL,NULL,0,NULL,0
34157a06d9686780cb4b3cea08cd4f65f8ce4dcd,ca3cd5f9f560ef66c289e9ba0b33557bf7aa60de,10,6,4,#,ISSUE,NULL,8,NULL,1
ca3cd5f9f560ef66c289e9ba0b33557bf7aa60de,a1e5017a04dd327f8816e7b6bd95f95f5a278074,2,1,1,Normal,NULL,NULL,0,NULL,0
a1e5017a04dd327f8816e7b6bd95f95f5a278074,055b0538c61203cd43dd98994224ec6912e72aa0,6,2,4,Normal,NULL,NULL,6,NULL,2
055b0538c61203cd43dd98994224ec6912e72aa0,ace5b6494ccc019ab695d2501dcbfffa7c055e67,2,2,0,Normal,NULL,NULL,2,NULL,1
ace5b6494ccc019ab695d2501dcbfffa7c055e67,a1a0176297c7b431728c75b7d60b4e00e4fe2b8e,286,196,90,Document,NULL,NULL,270,NULL,7
4fc5be9cdcbb9112e0c49922c7205127c00be1ff,d3d47db8c5845e7e4ed5b9d7724334658fd0ba7c,1,1,0,Normal,NULL,NULL,1,NULL,1
d3d47db8c5845e7e4ed5b9d7724334658fd0ba7c,a1a0176297c7b431728c75b7d60b4e00e4fe2b8e,1,1,0,Normal,NULL,NULL,1,NULL,1
a1a0176297c7b431728c75b7d60b4e00e4fe2b8e,b30428275c8fc5ccf1f6862886ffa018b421589a,226,120,106,Document,ISSUE,NULL,226,NULL,3
b30428275c8fc5ccf1f6862886ffa018b421589a,d91b5c8e22bd6c492db641e266b3bd2c39290452,20,12,8,Normal,NULL,NULL,20,NULL,2
9b274cc6bfb3b1113f824a7375db300e0ce0a99c,6798b7d82aa4e831fdc0e4208d1ed8d09c9c0190,5,4,1,Normal,NULL,NULL,5,NULL,1
6798b7d82aa4e831fdc0e4208d1ed8d09c9c0190,aec813e53a8e783cb2aee3f4f513476149f79dc7,15,8,7,fix #,ISSUE,NULL,15,NULL,1
1076754a6be4c70f3f0d0846f85d3637e35ba5ff,aec813e53a8e783cb2aee3f4f513476149f79dc7,15,8,7,fix #,ISSUE,NULL,15,NULL,1
d91b5c8e22bd6c492db641e266b3bd2c39290452,aec813e53a8e783cb2aee3f4f513476149f79dc7,2,1,1,Normal,NULL,NULL,0,NULL,0
aec813e53a8e783cb2aee3f4f513476149f79dc7,87e2f036d0859c600916bf94096bf2c2da792fa0,1,1,0,Normal,NULL,NULL,1,NULL,1
87e2f036d0859c600916bf94096bf2c2da792fa0,7caef89484d8fd77eb2a90f0eb2799f4ee5e05a4,36,23,13,Document,NULL,NULL,36,NULL,3
7caef89484d8fd77eb2a90f0eb2799f4ee5e05a4,c235a44321442240f32214d15f402d96f6739f6e,118,80,38,Document,NULL,NULL,87,NULL,4
b0f81dbfdfeac13e47a1e541c4db5a43b1693ce0,c235a44321442240f32214d15f402d96f6739f6e,118,80,38,Document,NULL,NULL,87,NULL,4
c235a44321442240f32214d15f402d96f6739f6e,5008a3654af6c47eba8ca66f664d1c2116ba2d9a,2,1,1,Normal,NULL,NULL,2,NULL,1
5008a3654af6c47eba8ca66f664d1c2116ba2d9a,68d564f34d9bd92848c67c408922ede9d70cc3de,28,9,19,fix,ISSUE,BUG,28,NULL,1
68d564f34d9bd92848c67c408922ede9d70cc3de,525ef22f8307f73c8bbcac0f0ed7576844302b89,1,1,0,Normal,NULL,NULL,1,NULL,1
525ef22f8307f73c8bbcac0f0ed7576844302b89,f8220b75eb2bb4f27b93ae86c7104189f2b66f89,2,1,1,#,NULL,NULL,2,NULL,1
f8220b75eb2bb4f27b93ae86c7104189f2b66f89,6fd2ea6c3393388b0e2c57796e0b0d2e5483059b,1,1,0,Normal,NULL,NULL,1,NULL,1
6fd2ea6c3393388b0e2c57796e0b0d2e5483059b,abd1b38518730d2107e21100cd5b3316c8a779ac,2,1,1,fix #,ISSUE,NULL,2,NULL,1
abd1b38518730d2107e21100cd5b3316c8a779ac,2241d428ac866e6603388430aac83902a01b111c,12,6,6,fix #,ISSUE,NULL,2,NULL,1
971210c7fceb0f62d7ae16fea92e7b91e99705ff,2241d428ac866e6603388430aac83902a01b111c,2,1,1,Normal,NULL,NULL,2,NULL,1
81bdc1eb6bf71d27133f13ac7683fbac2ae91caf,2241d428ac866e6603388430aac83902a01b111c,2,1,1,Normal,NULL,NULL,2,NULL,1
fd891da9bb91db77b494a9c571f449779c83055e,d6928b28224025d11ba76e14175cb46ce8e55b37,47,24,23,Normal,NULL,NULL,47,NULL,2
d6928b28224025d11ba76e14175cb46ce8e55b37,2241d428ac866e6603388430aac83902a01b111c,67,48,19,Normal,NULL,NULL,67,NULL,2
2241d428ac866e6603388430aac83902a01b111c,b5c52f013e3fc7e55ea65256dc41d01e2dad266b,2,1,1,Normal,NULL,NULL,2,NULL,1
b5c52f013e3fc7e55ea65256dc41d01e2dad266b,7b8702fdc4e3646cec795800757c866f969eefff,0,0,0,fix #,ISSUE,NULL,0,NULL,0
49ea8357e8730c16d356786d838e033a3b353d49,7b8702fdc4e3646cec795800757c866f969eefff,0,0,0,Normal,NULL,NULL,0,NULL,0
7b8702fdc4e3646cec795800757c866f969eefff,8d25b659df56ef86ce8b03e532c2278cfc3cb294,33,33,0,#,NULL,NULL,33,NULL,1
fccfde7da883abad8b016df18a1bad5a75609c59,8d25b659df56ef86ce8b03e532c2278cfc3cb294,33,33,0,Normal,NULL,NULL,33,NULL,1
8d25b659df56ef86ce8b03e532c2278cfc3cb294,02f69ab7e5db9f27ddd6bd2423596b9e1ce99666,2,1,1,Normal,NULL,NULL,0,NULL,0
02f69ab7e5db9f27ddd6bd2423596b9e1ce99666,d98bf9efb0295d8adb6f62f78372a54707676634,2,1,1,Document,NULL,NULL,2,NULL,1
d98bf9efb0295d8adb6f62f78372a54707676634,5ba073dd6a306c8c83f84b77f3a8b832177210c6,6,3,3,Document,ISSUE,NULL,6,NULL,1
5ba073dd6a306c8c83f84b77f3a8b832177210c6,a8ddbc70b0ee7de58c9b0c36fd3e369b21a6d634,2,1,1,Normal,NULL,NULL,0,NULL,0
a8ddbc70b0ee7de58c9b0c36fd3e369b21a6d634,ec89a8de16468a0e6b1ba985002f343314ecf709,24,19,5,Document,NULL,NULL,20,NULL,1
ec89a8de16468a0e6b1ba985002f343314ecf709,dcd5cb7293eb08c22b29f4c411eba49e40c07960,2,1,1,Normal,NULL,NULL,0,NULL,0
dcd5cb7293eb08c22b29f4c411eba49e40c07960,90a257bac807d6c78da5aa9287b7ad32285543c9,3,1,2,#,ISSUE,NULL,3,NULL,1
90a257bac807d6c78da5aa9287b7ad32285543c9,8f6405a39e1e5840c0fa86d1abedecf00ee02226,21,12,9,#,ISSUE,NULL,21,NULL,1
c501c445576a5ff17a97cfeba1e8267544e8d401,7073c17d08493fdc01fdeef91e3a59906760966e,4,2,2,Document,NULL,NULL,4,NULL,1
7073c17d08493fdc01fdeef91e3a59906760966e,1a55c45ea2805ec3822547d75b4088286a716fba,20,17,3,Document,NULL,NULL,20,NULL,1
198459da086f7f2edb6c97a041161ff87a1306c1,1a55c45ea2805ec3822547d75b4088286a716fba,20,17,3,Document,NULL,NULL,20,NULL,1
8f6405a39e1e5840c0fa86d1abedecf00ee02226,412715210f18519da54e15a2dc6e3dd5389a0906,17,11,6,Document,ISSUE,NULL,15,NULL,3
1a55c45ea2805ec3822547d75b4088286a716fba,412715210f18519da54e15a2dc6e3dd5389a0906,4,2,2,Normal,NULL,NULL,0,NULL,0
412715210f18519da54e15a2dc6e3dd5389a0906,ecf10d1d87fed09d5ef441fb546ec4564fe37b05,2,1,1,Normal,NULL,NULL,0,NULL,0
ecf10d1d87fed09d5ef441fb546ec4564fe37b05,646de5f79324ac80302b0233f57b9ca51357224b,2,1,1,fix,ISSUE,BUG,2,NULL,1
646de5f79324ac80302b0233f57b9ca51357224b,6058c86a5a28f7b8d29696f27e027083a40d35fb,2,1,1,Normal,NULL,NULL,0,NULL,0
6058c86a5a28f7b8d29696f27e027083a40d35fb,eff1d2e4f93273fd4205d31fadb916b87d7a31e4,107,56,51,fix #,ISSUE,NULL,101,NULL,1
eff1d2e4f93273fd4205d31fadb916b87d7a31e4,1a7512ade72fbfe50cd0095dfb15a8568e6db648,2,1,1,Normal,NULL,NULL,0,NULL,0
1a7512ade72fbfe50cd0095dfb15a8568e6db648,f0a3eb60c243821b147805f243dc02bed2231a92,2,1,1,Normal,NULL,NULL,2,NULL,1
f0a3eb60c243821b147805f243dc02bed2231a92,eb0640b744bc9a2c0d8601c0ea54069ad0eb91ae,6,5,1,Normal,NULL,NULL,6,NULL,1
4e1dd1b2a1e012d7560896c3a6245a49afafd08d,eb0640b744bc9a2c0d8601c0ea54069ad0eb91ae,2,1,1,fix #,ISSUE,BUG,2,NULL,1
f29761aeb0836c0c99030685b618a1b611fe1e36,eb0640b744bc9a2c0d8601c0ea54069ad0eb91ae,2,1,1,fix,NULL,NULL,2,NULL,1
eb0640b744bc9a2c0d8601c0ea54069ad0eb91ae,9cdf840a8ccc115a3cfea7fcb531178443677ab5,7,1,6,Normal,NULL,NULL,7,NULL,2
9cdf840a8ccc115a3cfea7fcb531178443677ab5,fe2886d515517bdf948c96d9481f1f5a55ae3b1f,2,1,1,Normal,NULL,NULL,0,NULL,0
fe2886d515517bdf948c96d9481f1f5a55ae3b1f,c3f0f1fb5db99e41c5847577611936c07868aeb5,64,36,28,fix,ISSUE,BUG,64,REFACTOR,2
c3f0f1fb5db99e41c5847577611936c07868aeb5,de93d1cdcbf76db6d6526db2b629760413cddea8,100,59,41,#,ISSUE,NULL,100,NULL,2
de93d1cdcbf76db6d6526db2b629760413cddea8,9d5bdf91a2b1e3654692c2900d2dc27583e43f6e,902,479,423,fix #,ISSUE,NULL,902,REFACTOR,4
9d5bdf91a2b1e3654692c2900d2dc27583e43f6e,e70bd5ae3da86241ac6573b38f499e9d14527adb,4,4,0,Document,NULL,NULL,4,NULL,1
e70bd5ae3da86241ac6573b38f499e9d14527adb,fa3a2e4e9dfbe391694b704caf69875ee44039ae,2,1,1,Normal,NULL,NULL,0,NULL,0
fa3a2e4e9dfbe391694b704caf69875ee44039ae,a15edf3a4fc5aabb1f423b09edb20cf68bd5c397,26,13,13,Normal,NULL,NULL,26,NULL,13
a15edf3a4fc5aabb1f423b09edb20cf68bd5c397,1b78c421382ec2b2a10160d80bed79440030fdf5,240,121,119,fix #,ISSUE,NULL,240,NULL,2
1b78c421382ec2b2a10160d80bed79440030fdf5,1f9565b5e2f5b877336700570f67197f7828caba,26,13,13,Normal,NULL,NULL,26,NULL,13
1f9565b5e2f5b877336700570f67197f7828caba,81b5a95415759a6d1facb460b8de15b39796aa88,30,18,12,Normal,NULL,NULL,30,NULL,2
81b5a95415759a6d1facb460b8de15b39796aa88,e7eeb5f0877047dd96ccbad3d6cb0065af05c1a6,23,11,12,Document,NULL,NULL,15,NULL,2
f9595918dc59bb3994a1562cc84ade5f54784796,a8ba519902588028fa376aa5f47c2706a1027d27,130,59,71,fix #,ISSUE,NULL,130,NULL,2
0f75c37e3831eb63a1d5896eb041b6b138918bb3,eda7c60140e2eac41d6db828307a8feedaa99f37,2,1,1,Normal,NULL,NULL,0,NULL,0
eda7c60140e2eac41d6db828307a8feedaa99f37,ee60bfa741762ed88fa11386e6ad01a689a8bc0f,6,3,3,Normal,NULL,NULL,0,NULL,0
ee60bfa741762ed88fa11386e6ad01a689a8bc0f,09c3b48416186361d93cafbf3d70a4ddd8a1a52a,2,1,1,Document,NULL,NULL,2,NULL,1
09c3b48416186361d93cafbf3d70a4ddd8a1a52a,6b5534a5e730ed429b7d6766d7e4fdbbfa772720,6,3,3,Document,NULL,NULL,6,NULL,1
6b5534a5e730ed429b7d6766d7e4fdbbfa772720,7e99e38c9ec327eeee1b616e8f3aa6311d005d76,4,0,4,Document,NULL,NULL,4,NULL,1
7e99e38c9ec327eeee1b616e8f3aa6311d005d76,1de5822a79f878a82976870e6daf8ab6b3b1d5b6,5,4,1,Normal,NULL,NULL,5,NULL,1
a8ba519902588028fa376aa5f47c2706a1027d27,e7eeb5f0877047dd96ccbad3d6cb0065af05c1a6,124,71,53,Normal,NULL,NULL,124,NULL,2
e7eeb5f0877047dd96ccbad3d6cb0065af05c1a6,fe6f72288f06f0755a67292ce331fa0e9084ecfe,17,13,4,Document,NULL,NULL,17,NULL,2
fe6f72288f06f0755a67292ce331fa0e9084ecfe,fca65ecd5a44c18ec7345587ea3aa25f8eab9db9,30,15,15,Normal,NULL,NULL,22,NULL,11
f142d48742abb84a7ddead2fdd2ec419f84e1c97,e73f0a347262054ebf96bc67f845f2ff8f38ebed,109,61,48,Normal,NULL,NULL,109,NULL,1
e73f0a347262054ebf96bc67f845f2ff8f38ebed,1de5822a79f878a82976870e6daf8ab6b3b1d5b6,17,11,6,Normal,NULL,NULL,17,NULL,2
1de5822a79f878a82976870e6daf8ab6b3b1d5b6,e7574f7dc745deaa0b2e2cdf426ccdfe1abbbf74,5,4,1,Document,NULL,NULL,5,NULL,1
e7574f7dc745deaa0b2e2cdf426ccdfe1abbbf74,852611450c0f340d47ab6634701f552c41c8f4b5,8,7,1,Document,NULL,NULL,8,NULL,1
852611450c0f340d47ab6634701f552c41c8f4b5,20b4bacdc770ce36895f66727d578c90b74b4171,2,1,1,fix #,ISSUE,NULL,2,NULL,1
1e35a3af63d3c335d9785d89dba4700af2b402a0,20b4bacdc770ce36895f66727d578c90b74b4171,2,1,1,#,ISSUE,NULL,2,NULL,1
20b4bacdc770ce36895f66727d578c90b74b4171,fca65ecd5a44c18ec7345587ea3aa25f8eab9db9,2,1,1,#,NULL,NULL,2,NULL,1
fca65ecd5a44c18ec7345587ea3aa25f8eab9db9,59af63a6d595d6bacf5f42591d082b94d34710d1,4,2,2,Normal,NULL,NULL,0,NULL,0
59af63a6d595d6bacf5f42591d082b94d34710d1,49e0c902ffa12de310fb6e8dc677a3f643fffdd6,2,1,1,Normal,ISSUE,NULL,2,NULL,1
49e0c902ffa12de310fb6e8dc677a3f643fffdd6,b08c7025c1e42ca6bf78e9ce093d79205f757c5a,18,8,10,Normal,NULL,NULL,18,NULL,6
b08c7025c1e42ca6bf78e9ce093d79205f757c5a,3de5142bfd66058f9b2f209e4f3b43176e7a5028,4,2,2,Normal,NULL,NULL,4,NULL,1
3de5142bfd66058f9b2f209e4f3b43176e7a5028,9635484df9fe13a7edf3b4545eec9aa3bc18f587,43,28,15,Document,NULL,NULL,43,NULL,3
e602d24fc8fdd0075a940b5d4fedeb5bb1ded88c,1060a9d2843dafad7ed708bb6643dc9268f6fce2,3,3,0,Document,NULL,NULL,3,NULL,1
1060a9d2843dafad7ed708bb6643dc9268f6fce2,9635484df9fe13a7edf3b4545eec9aa3bc18f587,40,25,15,Normal,NULL,NULL,40,NULL,2
9635484df9fe13a7edf3b4545eec9aa3bc18f587,23d288dc2bdcdd101b80f400098a70bbf314b2c5,73,48,25,#,ISSUE,NULL,73,NULL,2
23d288dc2bdcdd101b80f400098a70bbf314b2c5,916730d3ad9ec1df26883be121d2b8650b196ed4,9,4,5,fix #,ISSUE,NULL,9,NULL,2
916730d3ad9ec1df26883be121d2b8650b196ed4,d88f40b752d9fe3bead9f2d64b85edb31cc8e4e1,13,8,5,Normal,NULL,NULL,8,NULL,1
57ad50b38a139a28daad518c7e707528658e0ba5,5f15d49c3c28bf283dc11c13811130aa157307cb,14,8,6,Normal,NULL,NULL,9,NULL,1
5f15d49c3c28bf283dc11c13811130aa157307cb,d88f40b752d9fe3bead9f2d64b85edb31cc8e4e1,3,2,1,Normal,NULL,NULL,3,NULL,1
58b9a0386d9c33a35d6ec406534a44d04eb3bc63,a61a8ed9e02bf6235156075f1a6fec9e9e613e09,2,1,1,Normal,NULL,NULL,2,NULL,1
d88f40b752d9fe3bead9f2d64b85edb31cc8e4e1,09a8ba44ba330458c3e674b92219210f3f63d7d7,10,5,5,Document,NULL,NULL,10,NULL,3
09a8ba44ba330458c3e674b92219210f3f63d7d7,3f4c939ef927da57b548486c2730c9d697ddda01,520,503,17,Normal,NULL,NULL,102,NULL,4
fd85acdf315e007c2eaf51ac27b9165740118b94,070431b765ba9ccebf29f15ba840db89b975fbbf,13,6,7,fix,ISSUE,BUG,13,NULL,1
070431b765ba9ccebf29f15ba840db89b975fbbf,ad3c21bbe31e2d8fe36b820e938abeeaca7d9a92,465,465,0,Normal,NULL,NULL,50,NULL,3
ad3c21bbe31e2d8fe36b820e938abeeaca7d9a92,c454e86f00514875f50c2e696ffc66d6dd74b0f7,53,21,32,Normal,NULL,NULL,47,NULL,3
3f4c939ef927da57b548486c2730c9d697ddda01,c772b8294fa250f9613f6b9e398cb5c213c9e067,21,0,21,fix #,ISSUE,NULL,17,NULL,1
c772b8294fa250f9613f6b9e398cb5c213c9e067,b4a62cde8c7122a6a0fdee62a3bae690f49ea914,27,19,8,Normal,NULL,NULL,25,NULL,2
17389fb9eebe8a6df2ce6d66e2cfb2b93d5f1ae9,b4a62cde8c7122a6a0fdee62a3bae690f49ea914,27,19,8,Normal,NULL,NULL,25,NULL,2
b4a62cde8c7122a6a0fdee62a3bae690f49ea914,e35fd1f20ac40419c31c43c550740fbc57784dda,10,4,6,Normal,NULL,NULL,10,NULL,1
54bd89d2eb45c4ccd81d3b63c3dc4dccbcb08111,faab6eb90bff8e15bdf31d09617236575ebc0163,2,1,1,Normal,NULL,NULL,2,NULL,1
faab6eb90bff8e15bdf31d09617236575ebc0163,3c42bac871d31b443ba4f6f5e59ebcf7f1fa7ebd,6,0,6,fix,NULL,NULL,6,NULL,1
3c42bac871d31b443ba4f6f5e59ebcf7f1fa7ebd,9dd505fd1a6bb9015199c00efa3e5a7df5f13128,6,6,0,Normal,NULL,NULL,6,NULL,1
997ec1f7c51d0c58799f5ade3bd4405ea1fa6799,78089a25e1b0be4d5d85e103fd44726971693cc1,2,1,1,#,NULL,NULL,0,NULL,0
dcd4b5f793b68de457a1a7ac1798c5408b1afd10,5e24d9cf3d1aedf44fbf4d7f5bcab8596a6c713b,2,1,1,Normal,NULL,NULL,0,NULL,0
78089a25e1b0be4d5d85e103fd44726971693cc1,9dd505fd1a6bb9015199c00efa3e5a7df5f13128,18,15,3,#,NULL,NULL,18,NULL,2
5e24d9cf3d1aedf44fbf4d7f5bcab8596a6c713b,9dd505fd1a6bb9015199c00efa3e5a7df5f13128,18,15,3,Normal,NULL,NULL,18,NULL,2
a61a8ed9e02bf6235156075f1a6fec9e9e613e09,9dd505fd1a6bb9015199c00efa3e5a7df5f13128,1,1,0,Normal,NULL,NULL,1,NULL,1
7e3ac5ce77c12df94c76c8bf941a9993f4ead2f0,9dd505fd1a6bb9015199c00efa3e5a7df5f13128,21,0,21,fix,NULL,NULL,17,NULL,1
c454e86f00514875f50c2e696ffc66d6dd74b0f7,9dd505fd1a6bb9015199c00efa3e5a7df5f13128,44,33,11,Normal,NULL,NULL,41,NULL,1
9dd505fd1a6bb9015199c00efa3e5a7df5f13128,4e68cefab2e0f8ddc3de35286e699fe633b9d7b2,2,1,1,fix #,ISSUE,NULL,2,NULL,1
ba0cdec9701c51068a2186d917c5487ac35513b7,4e68cefab2e0f8ddc3de35286e699fe633b9d7b2,2,1,1,Normal,ISSUE,NULL,2,NULL,1
4e68cefab2e0f8ddc3de35286e699fe633b9d7b2,e35fd1f20ac40419c31c43c550740fbc57784dda,5,2,3,fix #,ISSUE,NULL,5,NULL,1
9c31e41681f21de54ddd9b3ee09534b430708dcb,e35fd1f20ac40419c31c43c550740fbc57784dda,5,2,3,Normal,NULL,NULL,5,NULL,1
e35fd1f20ac40419c31c43c550740fbc57784dda,8b7f4d6d8e1179b2a75e51dc56dda1fdf54bc727,31,17,14,Document,NULL,NULL,31,NULL,2
8b7f4d6d8e1179b2a75e51dc56dda1fdf54bc727,e85c40eed3fe8c06df8e084e643d6f71efa8022a,294,173,121,fix,ISSUE,BUG,294,NULL,2
e85c40eed3fe8c06df8e084e643d6f71efa8022a,d1c711e7724da1d21bbce82da72f633a5a516a37,4,2,2,#,ISSUE,NULL,4,NULL,1
d1c711e7724da1d21bbce82da72f633a5a516a37,4748acf1dc6651450d9dc8a9e0d54901a043a3d6,3,3,0,fix #,ISSUE,NULL,3,NULL,1
5522b0699e38ae2c7897a87561d5943769ec41ce,4748acf1dc6651450d9dc8a9e0d54901a043a3d6,3,3,0,Normal,ISSUE,NULL,3,NULL,1
4748acf1dc6651450d9dc8a9e0d54901a043a3d6,cfb2ff5811e3d794e569d0c1b5740107d13b9f20,26,17,9,fix #,ISSUE,NULL,26,NULL,2
c8856b5d98147395a061957bcff01805a22b3681,cfb2ff5811e3d794e569d0c1b5740107d13b9f20,26,17,9,Normal,NULL,NULL,26,NULL,2
cfb2ff5811e3d794e569d0c1b5740107d13b9f20,ba62abd4f3ecc5545ad88b128cb7093f5df75e90,9,9,0,Document,NULL,NULL,9,NULL,1
ba62abd4f3ecc5545ad88b128cb7093f5df75e90,60f8326989bdc25a94655030829f0231742c0f6c,33,18,15,#,ISSUE,NULL,33,NULL,1
60f8326989bdc25a94655030829f0231742c0f6c,1ba16dffc2b3875b5993b2f2178650fe3a97ff5f,27,20,7,Document,ISSUE,NULL,27,NULL,4
1ba16dffc2b3875b5993b2f2178650fe3a97ff5f,61c139fc2f82624401e5251c7755c12b93c88403,6,6,0,Document,NULL,NULL,6,NULL,1
61c139fc2f82624401e5251c7755c12b93c88403,6c1baca655c727df6327eecc0f9fe610a2b9df27,191,132,59,Document,NULL,NULL,149,NULL,5
fc7b0fb46ed12ddfab6e5377896fae986f6b3ef8,ad18d5c87e3040dc47ed31a317f78a292f2485ed,119,76,43,Document,NULL,NULL,79,NULL,5
ad18d5c87e3040dc47ed31a317f78a292f2485ed,6c1baca655c727df6327eecc0f9fe610a2b9df27,82,61,21,Normal,NULL,NULL,80,NULL,2
6c1baca655c727df6327eecc0f9fe610a2b9df27,485552e004a4b9748e0c0af14c0e7e36d0e3d456,54,35,19,Normal,NULL,NULL,54,NULL,1
485552e004a4b9748e0c0af14c0e7e36d0e3d456,7915240b470940e9d39042d8762805856a8f80d0,53,28,25,Normal,NULL,NULL,12,NULL,2
06f673893b54fa0ce699920ff9e945325e01d69e,7915240b470940e9d39042d8762805856a8f80d0,6,6,0,Document,NULL,NULL,6,NULL,1
7915240b470940e9d39042d8762805856a8f80d0,70d723c381e9b3c6336c52d477cf7459c9d8870f,112,82,30,Normal,NULL,NULL,30,NULL,2
70d723c381e9b3c6336c52d477cf7459c9d8870f,76f747977dac73971d709e3ec469183e312657fa,91,51,40,Normal,NULL,NULL,91,NULL,1
76f747977dac73971d709e3ec469183e312657fa,902fb9cda5595772ad9acbb873160354ebd59228,303,166,137,Document,ISSUE,NULL,303,NULL,3
902fb9cda5595772ad9acbb873160354ebd59228,9278352a7e1394d9d5a853d8a75c482900a65d25,135,101,34,Normal,NULL,NULL,129,NULL,2
5059f566d4a9106e54a13136ff982bdc9a538000,4419e5dc4a02263d422a315c916afb2e091ba788,4,4,0,Normal,NULL,NULL,4,NULL,1
4419e5dc4a02263d422a315c916afb2e091ba788,9278352a7e1394d9d5a853d8a75c482900a65d25,131,97,34,#,ISSUE,NULL,125,NULL,2
37e2abe58fb7dd885f2f300458ec291abe44e1a7,9278352a7e1394d9d5a853d8a75c482900a65d25,4,4,0,Normal,NULL,NULL,4,NULL,1
0c992778d14221f47b0ae7f3619f8164429d031a,20983e347bbcb91376950524cdd342f86870339f,646,352,294,Document,NULL,NULL,617,NULL,12
9278352a7e1394d9d5a853d8a75c482900a65d25,78c8e30bfd0fad8268f471b9113f5584939f8ce0,52,23,29,#,ISSUE,NULL,52,NULL,5
78c8e30bfd0fad8268f471b9113f5584939f8ce0,fa13fe820346ed0ed151000e698d6feb5138c574,4,2,2,#,ISSUE,NULL,0,NULL,0
fa13fe820346ed0ed151000e698d6feb5138c574,7efe499e6f08d06d2bed39b1f3882b89a3235634,2,1,1,Document,NULL,NULL,2,NULL,1
7efe499e6f08d06d2bed39b1f3882b89a3235634,a94cbf58cf2a6c3c09524aa05487b59fa6460687,15,13,2,#,ISSUE,NULL,15,NULL,1
a94cbf58cf2a6c3c09524aa05487b59fa6460687,8a45c2a564b1c37e8b00049d006e1b9e31ebb0fa,16,13,3,Normal,NULL,NULL,16,NULL,1
20983e347bbcb91376950524cdd342f86870339f,e59216252d05bed907d9e32a3baf0ea93cf81c53,63,52,11,Normal,NULL,NULL,63,NULL,2
e59216252d05bed907d9e32a3baf0ea93cf81c53,037d1219528acc410c05f67c5687de5a38075cff,11,8,3,#,NULL,NULL,11,NULL,1
797a3ba168524cd27404fc55316b0f4c49d155fe,037d1219528acc410c05f67c5687de5a38075cff,11,8,3,Normal,NULL,NULL,11,NULL,1
037d1219528acc410c05f67c5687de5a38075cff,835d5821098ea30e2835837818cbdc792238a1b9,5,5,0,#,NULL,NULL,5,NULL,1
fda605f2c0cd5435fbaa3914579fa2997b71e7b2,835d5821098ea30e2835837818cbdc792238a1b9,5,5,0,Normal,NULL,NULL,5,NULL,1
8a45c2a564b1c37e8b00049d006e1b9e31ebb0fa,835d5821098ea30e2835837818cbdc792238a1b9,589,321,268,Document,NULL,NULL,564,NULL,12
835d5821098ea30e2835837818cbdc792238a1b9,96db3c0786d5f4685b37f9d6d49bd02b1d9f6e74,2,1,1,fix #,ISSUE,NULL,2,NULL,1
96db3c0786d5f4685b37f9d6d49bd02b1d9f6e74,3fd66db52f601c540a2605fdd217b18b4428d645,18,9,9,#,NULL,NULL,18,NULL,2
6448400ad70a2b9a51d1aa7c5d70eda96208cf25,3fd66db52f601c540a2605fdd217b18b4428d645,18,9,9,Normal,NULL,NULL,18,NULL,2
3fd66db52f601c540a2605fdd217b18b4428d645,056310c18e6882e12c842661e99d53eaf91b092b,2,1,1,Document,ISSUE,NULL,2,NULL,1
7d8f1007d055dd802f2b6c20ae9d37a51c2a87e7,056310c18e6882e12c842661e99d53eaf91b092b,2,1,1,Document,NULL,NULL,2,NULL,1
1e40495d497c1cd81a431e83c9701762ffefd55f,056310c18e6882e12c842661e99d53eaf91b092b,2,1,1,Normal,ISSUE,NULL,2,NULL,1
056310c18e6882e12c842661e99d53eaf91b092b,9bab5a1a4d5af559bff121783d456f57083007cd,10,9,1,#,NULL,NULL,10,NULL,2
9bab5a1a4d5af559bff121783d456f57083007cd,afb5d19e5a97a0359b2c9aa47d37bb40bc0b2cf0,7,5,2,Document,NULL,NULL,7,NULL,2
afb5d19e5a97a0359b2c9aa47d37bb40bc0b2cf0,611a434ca64645f8d1534ab3718f2fd15f3ae161,73,39,34,fix #,ISSUE,NULL,73,NULL,2
a5ca8476e403f74777a36d39cab1d9cead7a31e9,662defced13f8ec0ef362915289d89a54c62cc3b,3,3,0,fix #,ISSUE,NULL,3,NULL,1
c295dc4565083553bb9b6d6abc0f853f36a21cc5,662defced13f8ec0ef362915289d89a54c62cc3b,3,3,0,Normal,ISSUE,NULL,3,NULL,1
af2af6b2c8f73303b5c04a22ef59105762fe44f6,662defced13f8ec0ef362915289d89a54c62cc3b,10,9,1,Normal,NULL,NULL,10,NULL,2
662defced13f8ec0ef362915289d89a54c62cc3b,3fdb779d4d90b067452d3dd50bc56a8d718357cd,2,1,1,Document,NULL,NULL,2,NULL,1
3fdb779d4d90b067452d3dd50bc56a8d718357cd,611a434ca64645f8d1534ab3718f2fd15f3ae161,4,2,2,Document,NULL,NULL,4,NULL,1
611a434ca64645f8d1534ab3718f2fd15f3ae161,01e7032e69203e802c17843d8c0e6751e15315e5,2,1,1,Normal,NULL,NULL,0,NULL,0
01e7032e69203e802c17843d8c0e6751e15315e5,344bfe3ba3859f3cc735f092b37d1a46a7e3222c,373,371,2,Document,ISSUE,NULL,23,NULL,2
22cce213e9be952b556f68350b3087a3b6a98296,344bfe3ba3859f3cc735f092b37d1a46a7e3222c,373,371,2,Document,NULL,NULL,23,NULL,2
344bfe3ba3859f3cc735f092b37d1a46a7e3222c,8480dbec80ab6243ca9bc3906c33bcf7dd2bd52c,18,14,4,fix #,ISSUE,NULL,18,NULL,2
72adf891646bd74a9b7478e677b8c7c1b5187443,8480dbec80ab6243ca9bc3906c33bcf7dd2bd52c,18,14,4,Normal,ISSUE,NULL,18,NULL,2
8480dbec80ab6243ca9bc3906c33bcf7dd2bd52c,8230f907fd45bd0d41121c273d1e08ec7dec2c62,13,5,8,#,ISSUE,NULL,13,NULL,2
8230f907fd45bd0d41121c273d1e08ec7dec2c62,17c6c6d40bda8dc4998ab8c3624ffc1738a7cd48,23,16,7,fix #,ISSUE,NULL,23,NULL,2
47bbc7e582d0016195a0b95c38b0f6516b8f117d,73e54bc59621e04f19f22d4acd14b4957146d528,30,15,15,Normal,NULL,NULL,30,NULL,1
73e54bc59621e04f19f22d4acd14b4957146d528,b374e64d6629b015d2a45ef45a618543f4ebe807,32,17,15,Normal,NULL,NULL,32,NULL,1
b374e64d6629b015d2a45ef45a618543f4ebe807,9bda9ba8d55edcdecd228193a93a033b4874a7b9,6,3,3,Normal,NULL,NULL,6,NULL,1
9bda9ba8d55edcdecd228193a93a033b4874a7b9,5badd27a33c193090f5d68e9b49c6a48a1ffc5be,19,13,6,Normal,NULL,NULL,19,NULL,1
17c6c6d40bda8dc4998ab8c3624ffc1738a7cd48,5badd27a33c193090f5d68e9b49c6a48a1ffc5be,8,5,3,fix #,ISSUE,BUG,8,NULL,1
029943dc1a5f5057638fe1f8a0dcc05e750c40f5,7d79623c18393e2e6b6a1ba3801f95243d8ec8b8,6,3,3,Normal,NULL,NULL,6,NULL,1
5badd27a33c193090f5d68e9b49c6a48a1ffc5be,2435acd3974f68bd8c0e7f4b854a815f241207b4,31,30,1,Document,ISSUE,NULL,31,NULL,3
7d79623c18393e2e6b6a1ba3801f95243d8ec8b8,cd0a015299343eaee32dc04f48c75720f602ba33,1,0,1,Document,NULL,NULL,1,NULL,1
cd0a015299343eaee32dc04f48c75720f602ba33,0a574ab5afd4e0337ec536c4b66e773979d0a430,18,9,9,Normal,NULL,NULL,18,NULL,9
0a574ab5afd4e0337ec536c4b66e773979d0a430,a118334a35890fcde1d63d13828565f308e29f3e,0,0,0,Normal,NULL,NULL,0,NULL,0
a118334a35890fcde1d63d13828565f308e29f3e,af30f6854110311d01aaf685f14f533943a3523e,70,39,31,Normal,NULL,NULL,70,NULL,1
af30f6854110311d01aaf685f14f533943a3523e,5e43f1005bd01f983f6219f36252f0d0acb8aa9e,128,90,38,Document,NULL,NULL,72,NULL,7
5e43f1005bd01f983f6219f36252f0d0acb8aa9e,6a87b5c60cb6f70b208a4946323627ad7bc55140,29,11,18,Document,NULL,NULL,29,NULL,2
2435acd3974f68bd8c0e7f4b854a815f241207b4,7b993e8774d5cf49239e8544deee8e4bdcf09b91,11,7,4,Normal,NULL,NULL,11,NULL,1
7b993e8774d5cf49239e8544deee8e4bdcf09b91,fba983ae8f27e6a4b133bd271ee9d2e8a69cd9b9,4,2,2,#,NULL,NULL,2,NULL,1
fba983ae8f27e6a4b133bd271ee9d2e8a69cd9b9,7047cae951aa4d74f24af3f2f818fee7d47b47a1,10,5,5,fix #,ISSUE,BUG,10,NULL,2
6a87b5c60cb6f70b208a4946323627ad7bc55140,0b4dc4581dcc6c5d0d6ef159c78905eb1a65c82d,6,3,3,Document,NULL,NULL,4,NULL,1
0b4dc4581dcc6c5d0d6ef159c78905eb1a65c82d,d3a3be786d3f61e3479c014e7d1d88d3880cca9b,299,182,117,#,ISSUE,BUG,277,NULL,11
7047cae951aa4d74f24af3f2f818fee7d47b47a1,70bab4728e6f647f802689b16d83fc3755a284e0,2,1,1,#,NULL,NULL,0,NULL,0
e64f58921e85d5db1c8e67ef2e125e6f089412d5,70bab4728e6f647f802689b16d83fc3755a284e0,2,1,1,Normal,NULL,NULL,0,NULL,0
70bab4728e6f647f802689b16d83fc3755a284e0,064d7a4113e75836a969d9e45a2f16825a7a904a,0,0,0,#,NULL,NULL,0,NULL,0
064d7a4113e75836a969d9e45a2f16825a7a904a,2ac46ae2f2dd37db153ce1daea73b1273ac2bba3,86,68,18,Document,ISSUE,NULL,32,NULL,5
d3a3be786d3f61e3479c014e7d1d88d3880cca9b,cc0969ba72083ae4cf28c61235a0412d303b641a,6,1,5,fix,ISSUE,BUG,6,NULL,1
2ac46ae2f2dd37db153ce1daea73b1273ac2bba3,60e8b2cbbb26265d14c9fda90ded36485c5d5c0d,3,1,2,fix,ISSUE,BUG,3,NULL,1
60e8b2cbbb26265d14c9fda90ded36485c5d5c0d,0c34d97295068369f070404b7ac55cc51d8fb47c,2,1,1,Normal,NULL,NULL,0,NULL,0
0c34d97295068369f070404b7ac55cc51d8fb47c,d7f4757887b6ab8bfe12a1e6a03bcde6f6c4b195,43,21,22,fix,ISSUE,BUG,43,NULL,2
d7f4757887b6ab8bfe12a1e6a03bcde6f6c4b195,04221588c10a4d6ca77624162aed8bb01d69e46c,22,18,4,Document,NULL,NULL,22,NULL,2
cc0969ba72083ae4cf28c61235a0412d303b641a,3809b905922f6529a44ba47d81a11c150d3c99e4,272,133,139,Normal,NULL,NULL,243,NULL,2
d41fc6bc3c1e6a2e28337f06ea9a3af26f2a1495,d449dd8025bbf48f938954a95aebf8b1c683ce12,47,29,18,Document,NULL,NULL,41,NULL,3
d449dd8025bbf48f938954a95aebf8b1c683ce12,31b3a8bb5c2bea1fc944412a1934577c7fd49e47,4,3,1,Normal,ISSUE,BUG,4,NULL,1
3809b905922f6529a44ba47d81a11c150d3c99e4,8e7a4865c08791d1ca8e3dceb3546f27c607d6cb,325,172,153,Document,NULL,NULL,309,NULL,5
04221588c10a4d6ca77624162aed8bb01d69e46c,3775ffb6d12cf2c662680bd0f1f9277cb7795175,4,2,2,Normal,NULL,NULL,0,NULL,0
cc1b6c80b5866f83560fc97c204de308cb473444,3775ffb6d12cf2c662680bd0f1f9277cb7795175,18,15,3,Document,NULL,NULL,18,NULL,1
3775ffb6d12cf2c662680bd0f1f9277cb7795175,157311ae711267ebc5d8fb563e543fd3e918bf0b,2,1,1,Normal,NULL,NULL,0,NULL,0
157311ae711267ebc5d8fb563e543fd3e918bf0b,b51f8cb0a5d54f11b9e6102aeb358f38fa09f292,2,1,1,Normal,NULL,NULL,2,NULL,1
b51f8cb0a5d54f11b9e6102aeb358f38fa09f292,cbae07b944e698690eac493519ed73b37c1a4731,15,7,8,Document,NULL,NULL,15,NULL,1
cbae07b944e698690eac493519ed73b37c1a4731,99acbf1a0c1a717d29f9877a6d43167244788f29,0,0,0,#,NULL,NULL,0,NULL,0
99acbf1a0c1a717d29f9877a6d43167244788f29,31b3a8bb5c2bea1fc944412a1934577c7fd49e47,14,7,7,Document,ISSUE,NULL,10,NULL,2
31b3a8bb5c2bea1fc944412a1934577c7fd49e47,339893563d93810a5174c391b636a3146bed949b,293,156,137,Normal,NULL,NULL,287,NULL,4
8e7a4865c08791d1ca8e3dceb3546f27c607d6cb,f7b8053ba6681b6947dbed567825857ba9b969f1,109,73,36,Normal,NULL,NULL,109,NULL,1
339893563d93810a5174c391b636a3146bed949b,90c85beadaf6f69400e67c67b71ebbe7d72e1911,2,1,1,Document,NULL,NULL,2,NULL,1
90c85beadaf6f69400e67c67b71ebbe7d72e1911,f7b8053ba6681b6947dbed567825857ba9b969f1,1,1,0,Document,NULL,NULL,1,NULL,1
f7b8053ba6681b6947dbed567825857ba9b969f1,af7d884a60d75b190d1a00aca48c2514e3d18d4f,14,8,6,Document,NULL,NULL,14,NULL,1
af7d884a60d75b190d1a00aca48c2514e3d18d4f,c737df70da2cc822124f8a02eb29445e93b93c04,2,1,1,Normal,NULL,NULL,2,NULL,1
f2a52cd6d900b89375eab8a7f7acaaa3e20df91c,c737df70da2cc822124f8a02eb29445e93b93c04,14,8,6,Document,NULL,NULL,14,NULL,1
c737df70da2cc822124f8a02eb29445e93b93c04,d514fe0ac94b5301e3b62977327634f8e19fa9a5,35,22,13,#,NULL,NULL,35,NULL,2
d514fe0ac94b5301e3b62977327634f8e19fa9a5,e0b9c5493118cd02f590aeb1b42189ee9722a84c,15,9,6,Document,NULL,NULL,15,NULL,1
e0b9c5493118cd02f590aeb1b42189ee9722a84c,f4cb76d75ccf65ff3f9eaac806f9b6b041b1d68e,49,27,22,#,ISSUE,NULL,49,NULL,1
f4cb76d75ccf65ff3f9eaac806f9b6b041b1d68e,89dfa19efbf16f7fe974b324eff7d4af1e25a472,2,1,1,Normal,NULL,NULL,2,NULL,1
5395c4ad8153bed6e3c96f14de4ae004178eac02,7f577b39d7a81f38c356358133bd60e3abd5deab,2,1,1,fix #,ISSUE,NULL,2,NULL,1
89dfa19efbf16f7fe974b324eff7d4af1e25a472,829f3b18d10b82adb064e42b5d13d228023eb08c,3,3,0,#,ISSUE,NULL,3,NULL,1
829f3b18d10b82adb064e42b5d13d228023eb08c,48f443689abae1c8770d2f2bdd1587bc7c7bbc5e,3,3,0,Normal,NULL,NULL,3,NULL,1
0ca018cf75eea8e0a972e817414bdc133deb1d67,48f443689abae1c8770d2f2bdd1587bc7c7bbc5e,3,3,0,Normal,NULL,NULL,3,NULL,1
48f443689abae1c8770d2f2bdd1587bc7c7bbc5e,ae20baa64b2615a8426a3f5981246d3f18f0fa0b,39,30,9,Normal,NULL,NULL,39,NULL,2
ae20baa64b2615a8426a3f5981246d3f18f0fa0b,33f7e4b48fe630555d3906981fecb762ab1077d1,24,9,15,Normal,NULL,NULL,24,NULL,1
33f7e4b48fe630555d3906981fecb762ab1077d1,f822c534177a627f3ed57f2cc86ba2c4d37cd14e,40,20,20,Normal,NULL,NULL,40,NULL,1
f822c534177a627f3ed57f2cc86ba2c4d37cd14e,dd7b4d31596ec38fbf4112b93b7925d611376e48,180,89,91,Normal,NULL,NULL,180,NULL,3
7f577b39d7a81f38c356358133bd60e3abd5deab,dd7b4d31596ec38fbf4112b93b7925d611376e48,33,27,6,#,NULL,NULL,33,NULL,2
65e7ce70c4fd75a9de3040f6b748ad0f902d5f0a,dd7b4d31596ec38fbf4112b93b7925d611376e48,3,3,0,Normal,NULL,NULL,3,NULL,1
f77e448083a02849574028e702dfde70a805cbb0,dd7b4d31596ec38fbf4112b93b7925d611376e48,33,27,6,#,NULL,NULL,33,NULL,2
dd7b4d31596ec38fbf4112b93b7925d611376e48,286a037ee991bef1c12ad95fdb7c0413d463af90,2,1,1,Normal,NULL,NULL,2,NULL,1
286a037ee991bef1c12ad95fdb7c0413d463af90,23e0dd2d9aba1a0ff6d71c46103b5816b1e1de65,0,0,0,fix #,ISSUE,NULL,0,NULL,0
23e0dd2d9aba1a0ff6d71c46103b5816b1e1de65,01a8d5eb5d4b205a18c4904839523a1427acb113,9,8,1,#,ISSUE,NULL,9,NULL,1
01a8d5eb5d4b205a18c4904839523a1427acb113,9fcde624b0ba0db8ffbbc197d5ae7dbf5453656b,7,4,3,fix #,ISSUE,NULL,7,NULL,1
9fcde624b0ba0db8ffbbc197d5ae7dbf5453656b,f8ad013723acd74073604841976f27aaf18f68e7,2,2,0,fix,ISSUE,NULL,2,NULL,1
f8ad013723acd74073604841976f27aaf18f68e7,c30c1dc3f7e4a76b235ab7e244a21ebbba7d186a,22,20,2,Document,NULL,NULL,22,NULL,3
de951929ff7bb888127cf9ac11427590151978b1,7e2ef60524399e35da74701b922be84a2babca59,2,1,1,Document,NULL,NULL,2,NULL,1
7e2ef60524399e35da74701b922be84a2babca59,ce21b9373e389106e342863e309defeef782037a,9,9,0,#,NULL,NULL,9,NULL,2
99933070591b39e1c05c20b6fc6b7d1adf5fc488,a0ebe9160a7520d9f5cb604d19e386c049e5ae66,2,1,1,Normal,NULL,NULL,2,NULL,1
ce21b9373e389106e342863e309defeef782037a,649d94e3582813d46e13a34d9c10f22942027029,11,10,1,Document,NULL,NULL,11,NULL,1
c30c1dc3f7e4a76b235ab7e244a21ebbba7d186a,649d94e3582813d46e13a34d9c10f22942027029,5,3,2,#,ISSUE,NULL,5,NULL,1
649d94e3582813d46e13a34d9c10f22942027029,5b6f6d63f4b9113ee3ce2100da315917a1e6a7d0,3,1,2,#,NULL,NULL,3,NULL,1
5b6f6d63f4b9113ee3ce2100da315917a1e6a7d0,ec18e9ed000fcdf6f08524dce3ed82b44aee7842,16,9,7,Normal,NULL,NULL,16,NULL,1
df78be6c636d15a26e8e20c15025351aee72bb81,45a393035226e506ded6645554c8ab08f08f8501,16,9,7,#,NULL,NULL,16,NULL,1
ec18e9ed000fcdf6f08524dce3ed82b44aee7842,45a393035226e506ded6645554c8ab08f08f8501,3,2,1,#,ISSUE,NULL,3,NULL,1
45a393035226e506ded6645554c8ab08f08f8501,7c831906d60d8d5c2206529fd1b6e2bbb4637e48,2,1,1,#,NULL,NULL,2,NULL,1
7c831906d60d8d5c2206529fd1b6e2bbb4637e48,2d0549f01b6fe29cf2c8c675c834cf5cdf4d10b5,5,3,2,fix #,ISSUE,NULL,5,NULL,1
2d0549f01b6fe29cf2c8c675c834cf5cdf4d10b5,532096731fe789027485432a5992b676472c951c,4,2,2,fix #,ISSUE,NULL,0,NULL,0
532096731fe789027485432a5992b676472c951c,312254f799ce8cf6fa1fbff1880839a5b00afe99,3,2,1,Normal,NULL,NULL,3,NULL,1
312254f799ce8cf6fa1fbff1880839a5b00afe99,4f1acf602c1af07a074eb1f8ff0feecab67a4a76,0,0,0,fix #,ISSUE,NULL,0,NULL,0
c074d94a1289636fc28cf27f883b9189a2f376e7,4f1acf602c1af07a074eb1f8ff0feecab67a4a76,3,2,1,fix #,ISSUE,NULL,3,NULL,1
4f1acf602c1af07a074eb1f8ff0feecab67a4a76,82775afa1d62d2004ad22bfb68fddd2763799912,2,1,1,#,NULL,NULL,2,NULL,1
82775afa1d62d2004ad22bfb68fddd2763799912,66f3faeaf8a310ded246d26d11256bdf61b1b1be,2,1,1,#,NULL,NULL,2,NULL,1
66f3faeaf8a310ded246d26d11256bdf61b1b1be,9e2a22dee810d7da2b93e795b2d92b1e08a41ea1,10,7,3,fix #,ISSUE,NULL,10,NULL,1
43f9befcd49690e19ddd9fa40d14425e516788a6,fd42ef1b87e2c0f0065eb3751585d3baaddcbe6c,7,4,3,fix,NULL,NULL,7,NULL,1
fd42ef1b87e2c0f0065eb3751585d3baaddcbe6c,9e2a22dee810d7da2b93e795b2d92b1e08a41ea1,3,3,0,Normal,NULL,NULL,3,NULL,1
9d44f114c3cdf2272fbd4cf7fa639afd0b8d2699,9e2a22dee810d7da2b93e795b2d92b1e08a41ea1,5,3,2,Normal,NULL,NULL,5,NULL,1
7fa2fa113f347d9eda6cf17d6f8bd71efdcce777,9e2a22dee810d7da2b93e795b2d92b1e08a41ea1,3,2,1,Normal,NULL,NULL,3,NULL,1
9e2a22dee810d7da2b93e795b2d92b1e08a41ea1,4fc2b69fb82d8059b68212d8d3b9d2e403d7c687,4,1,3,#,NULL,NULL,4,NULL,1
4fc2b69fb82d8059b68212d8d3b9d2e403d7c687,8ea9e7085b10b9795a015cfbc9b990c98baa8e48,9,7,2,fix #,ISSUE,NULL,9,NULL,1
8ea9e7085b10b9795a015cfbc9b990c98baa8e48,c9a2904b5bd57786b05b61b60695764bff43538b,11,8,3,#,NULL,NULL,11,NULL,1
f83e1c1672a29e1938c8c7b3f7712ed332775181,c9a2904b5bd57786b05b61b60695764bff43538b,2,1,1,Normal,NULL,NULL,2,NULL,1
d6eaed1a9db22e17800aa8235e77085ce0c5f826,c9a2904b5bd57786b05b61b60695764bff43538b,11,8,3,Normal,NULL,NULL,11,NULL,1
57735fb90de66dfd0294949db56177e6b491ca30,c9a2904b5bd57786b05b61b60695764bff43538b,9,7,2,Normal,NULL,NULL,9,NULL,1
ccbe555e70d9d9c89acbdca5a702a00e3bc57e5a,c9a2904b5bd57786b05b61b60695764bff43538b,4,1,3,Normal,NULL,NULL,4,NULL,1
a0ebe9160a7520d9f5cb604d19e386c049e5ae66,c9a2904b5bd57786b05b61b60695764bff43538b,9,9,0,Normal,NULL,NULL,9,NULL,2
c9a2904b5bd57786b05b61b60695764bff43538b,bd81583aae159357292713e145dc563af56128a0,47,27,20,fix #,ISSUE,NULL,47,NULL,1
bd81583aae159357292713e145dc563af56128a0,90e5921e0a0a782c7e06dd8d308031041c10f789,62,49,13,#,NULL,NULL,58,NULL,1
5ac4b2b4e0af2cab146a1295ffa2ec681b8bd101,90e5921e0a0a782c7e06dd8d308031041c10f789,2,1,1,Normal,NULL,NULL,2,NULL,1
07650066df5644c67dff329fe86102ea13e3a34f,90e5921e0a0a782c7e06dd8d308031041c10f789,2,1,1,Normal,NULL,NULL,2,NULL,1
74d933fc704ba734fe307b3e197cdfa99289b8e2,90e5921e0a0a782c7e06dd8d308031041c10f789,11,10,1,Normal,NULL,NULL,11,NULL,2
727074188067104a9b7338ee5f039e3ff7f1346a,90e5921e0a0a782c7e06dd8d308031041c10f789,47,27,20,Normal,NULL,NULL,47,NULL,1
90e5921e0a0a782c7e06dd8d308031041c10f789,573b9bc06882723ced30645f60728203295bab18,287,189,98,Normal,NULL,NULL,287,NULL,2
20e43b0e2b07b15a231ea0df8959ca9368fc9638,608159a9a582618d46cb739a2bc0af085651f0c6,2,1,1,Normal,ISSUE,BUG,2,NULL,1
608159a9a582618d46cb739a2bc0af085651f0c6,573b9bc06882723ced30645f60728203295bab18,62,49,13,Normal,NULL,NULL,58,NULL,1
132031c4a79ed988a95c3cd09e6229de4f0213be,573b9bc06882723ced30645f60728203295bab18,2,1,1,Normal,NULL,NULL,2,NULL,1
573b9bc06882723ced30645f60728203295bab18,f82cabadf07f1ad83227555525ee7983398162b1,2,2,0,Document,NULL,NULL,2,NULL,1
f82cabadf07f1ad83227555525ee7983398162b1,c174f9be9a526200a18319cd63685f49ced322d8,16,14,2,Document,NULL,NULL,16,NULL,1
c174f9be9a526200a18319cd63685f49ced322d8,d1ad1b5d19631336855609769b16417a21ec3655,33,18,15,Document,NULL,NULL,33,NULL,2
d1ad1b5d19631336855609769b16417a21ec3655,75ff9058b3f4c25a61ac74cf57d7d77f676e155a,38,17,21,Document,NULL,NULL,38,NULL,1
75ff9058b3f4c25a61ac74cf57d7d77f676e155a,30031f5e920f6bf346355dfbce00f608133e08a4,561,94,467,Normal,NULL,NULL,0,NULL,0
30031f5e920f6bf346355dfbce00f608133e08a4,d3b60d56f333401a53a684593df89f54eb39c4af,2,1,1,Normal,NULL,NULL,2,NULL,1
d3b60d56f333401a53a684593df89f54eb39c4af,079b5d7ba91e7a950af9b5a91aefafc37278888d,7,5,2,Normal,NULL,NULL,7,NULL,1
604dca275cbc907fe32cbc10d6bda9cc5e879709,9376f15cbf0d9b93289e094efe000a96c3b05d90,16,9,7,Normal,NULL,NULL,16,NULL,1
079b5d7ba91e7a950af9b5a91aefafc37278888d,d74e812514141c5e33adb320ab220e5c995868ea,2,1,1,Normal,NULL,NULL,2,NULL,1
d74e812514141c5e33adb320ab220e5c995868ea,6a8795bffea45c517614a44beacfbe71349fb9cf,19,12,7,Normal,ISSUE,BUG,19,NULL,1
6a8795bffea45c517614a44beacfbe71349fb9cf,dc41cd06c8c335a6650ce5ec3d29dee3ff6a38a6,1,1,0,Normal,NULL,NULL,1,NULL,1
dc41cd06c8c335a6650ce5ec3d29dee3ff6a38a6,594e281b91288130cb570f0e04b7e642ef593e8c,8,4,4,Normal,NULL,NULL,8,NULL,1
594e281b91288130cb570f0e04b7e642ef593e8c,e5c9049f37c3ad2b36228c32f23a98b2c24bccc6,5,0,5,Normal,NULL,NULL,5,NULL,1
e5c9049f37c3ad2b36228c32f23a98b2c24bccc6,59dd36a4900952d73e5c6b3bf45816ae9a2f81ef,6,2,4,Normal,NULL,NULL,6,NULL,1
59dd36a4900952d73e5c6b3bf45816ae9a2f81ef,87c38805e02bba425ff35764cc26cd586ff0b9f6,62,48,14,Normal,NULL,NULL,62,REFACTOR,2
87c38805e02bba425ff35764cc26cd586ff0b9f6,9376f15cbf0d9b93289e094efe000a96c3b05d90,73,47,26,Normal,NULL,NULL,73,NULL,1
9376f15cbf0d9b93289e094efe000a96c3b05d90,ab43b8a1852237f29ea8849777c779613e8f218f,7,5,2,Normal,NULL,NULL,7,NULL,1
ab43b8a1852237f29ea8849777c779613e8f218f,b7316ff9516d823f54eab3876f0cb94e1304e0c5,12,7,5,Normal,NULL,NULL,12,NULL,2
b7316ff9516d823f54eab3876f0cb94e1304e0c5,f904fa045aead0ae87f4a5422d4b8571d773fdac,293,47,246,Normal,NULL,NULL,293,NULL,2
f904fa045aead0ae87f4a5422d4b8571d773fdac,cefccbcbd1823642b5e051c8e20212f2b841cf82,150,69,81,Normal,NULL,NULL,144,NULL,1
cefccbcbd1823642b5e051c8e20212f2b841cf82,ebbf7933cd9086be1c203cb0f8bbdb63032554de,83,69,14,Normal,NULL,NULL,81,NULL,1
ebbf7933cd9086be1c203cb0f8bbdb63032554de,c32f53362036bc16f3191f00e931b4a50d9f7903,30,1,29,#,NULL,NULL,30,REFACTOR,1
c615d5192ba667f523aab48ccb3cb346716e6146,c32f53362036bc16f3191f00e931b4a50d9f7903,30,1,29,Normal,NULL,NULL,30,REFACTOR,1
c32f53362036bc16f3191f00e931b4a50d9f7903,a6269d97709ffee6153f5a3c851f117253d0471f,36,30,6,Document,NULL,NULL,35,NULL,2
a6269d97709ffee6153f5a3c851f117253d0471f,9cb74e5a719ce4c55ddfeab6e58407e790dd8341,1,1,0,#,NULL,NULL,1,NULL,1
dcdbf1d5c32a6d6f5e4a4196f07f3fe24afb2a2b,9cb74e5a719ce4c55ddfeab6e58407e790dd8341,1,1,0,Normal,NULL,NULL,1,NULL,1
9cb74e5a719ce4c55ddfeab6e58407e790dd8341,07ff2f692da1b20955ad4f8b5037e7eb90d9f83d,5,2,3,#,NULL,NULL,5,NULL,1
2417bb284cfcaebf860f4b6de78ce33923b6b208,07ff2f692da1b20955ad4f8b5037e7eb90d9f83d,5,2,3,#,NULL,NULL,5,NULL,1
07ff2f692da1b20955ad4f8b5037e7eb90d9f83d,0607758638bac55b5d998bb32877eeecfd9c0740,2,2,0,Normal,NULL,NULL,0,NULL,0
0607758638bac55b5d998bb32877eeecfd9c0740,5a435c6d42371bd817606bfe56d7a232ad97a27a,2,1,1,Normal,NULL,NULL,0,NULL,0
7efbfb44e06d8e6bef90d9c95d9163fad54a7b6c,87e09dfef03dc12669828ec610a20a9413c1280c,19,9,10,Normal,NULL,NULL,19,NULL,1
87e09dfef03dc12669828ec610a20a9413c1280c,6f6975d057db1ea8b22016c3c7e3cda31e68081e,4,3,1,Document,NULL,NULL,4,NULL,1
6f6975d057db1ea8b22016c3c7e3cda31e68081e,d6893918dbef3947146efba9cf62d97364d00d21,4,3,1,Document,NULL,NULL,4,NULL,1
d6893918dbef3947146efba9cf62d97364d00d21,c63d3f0224531f16833d36b593f69837b2a93a68,40,20,20,Normal,NULL,NULL,40,NULL,1
c63d3f0224531f16833d36b593f69837b2a93a68,cd89d637373bdeb9f3703ea6f511f8d5e2ca5862,21,21,0,Normal,NULL,NULL,20,NULL,1
cd89d637373bdeb9f3703ea6f511f8d5e2ca5862,5bfebe1b760fe0301fbaf8c55729bda081aedbb6,515,462,53,Document,NULL,NULL,253,NULL,4
5a435c6d42371bd817606bfe56d7a232ad97a27a,827dededd70f2cff3d29b09ea74e035863e76d75,2,1,1,fix #,ISSUE,NULL,2,NULL,1
d3bce5801034d0c8a6aa245afa6058fd0d5a14ec,827dededd70f2cff3d29b09ea74e035863e76d75,2,1,1,Normal,NULL,NULL,2,NULL,1
827dededd70f2cff3d29b09ea74e035863e76d75,3cd71f82b98e298e4b521ba02ed420bfcbdf450e,7,2,5,Normal,NULL,NULL,0,NULL,0
3cd71f82b98e298e4b521ba02ed420bfcbdf450e,b6661e6c63f30943710bb2005367025eb84361a0,12,6,6,fix #,ISSUE,NULL,12,NULL,2
b6661e6c63f30943710bb2005367025eb84361a0,598d6b565963f235ffa7616e0cc34b7e282f24e9,2,2,0,#,NULL,NULL,2,NULL,1
598d6b565963f235ffa7616e0cc34b7e282f24e9,82f2c2967a242a159143f783c946235766e89c73,21,19,2,fix #,ISSUE,NULL,21,NULL,1
bbe51bdef74088b6e8324d3858fea73305cc6552,82f2c2967a242a159143f783c946235766e89c73,2,2,0,#,NULL,NULL,2,NULL,1
58e007ea6eea9760f9eee9ca85976ffdf1d3ce74,29adeb617f52e1f01765684494c9b858d9c0b896,4,4,0,Normal,NULL,NULL,4,NULL,1
29adeb617f52e1f01765684494c9b858d9c0b896,63bd1581d0769663209fc029b449f407a2fc1bfd,17,15,2,Normal,NULL,NULL,17,NULL,1
63bd1581d0769663209fc029b449f407a2fc1bfd,aecd8069857732dc7981de2f5eb2e61571f54b78,466,429,37,Document,NULL,NULL,211,NULL,4
82f2c2967a242a159143f783c946235766e89c73,ded103013c0832e4c0b6d4c922487c63da2e4a12,27,24,3,Normal,NULL,NULL,27,NULL,1
ded103013c0832e4c0b6d4c922487c63da2e4a12,775a83567bdd8b1f7c2145f0f0ab5fa826118358,15,9,6,Normal,NULL,NULL,15,NULL,1
775a83567bdd8b1f7c2145f0f0ab5fa826118358,05a31414aaae92d72547f2f69496d6e5436fed58,255,254,1,#,NULL,NULL,0,NULL,0
05a31414aaae92d72547f2f69496d6e5436fed58,1e57708ee9bfd248a4d8c1b813f2e262bd38415d,38,26,12,#,NULL,NULL,38,NULL,2
1e57708ee9bfd248a4d8c1b813f2e262bd38415d,d5b49e98eb0bb956df0fb267f43624f52e8020ca,5,5,0,fix #,ISSUE,NULL,5,NULL,1
d5b49e98eb0bb956df0fb267f43624f52e8020ca,772cc9166e2c12231f0382b7502f1923cbb55c81,4,3,1,#,NULL,NULL,4,NULL,1
772cc9166e2c12231f0382b7502f1923cbb55c81,64c22c7823758ca1dfef8e88064e77d053309406,14,6,8,#,NULL,NULL,14,NULL,1
64c22c7823758ca1dfef8e88064e77d053309406,d0d42d7c27e947b29102e05b0d6757f833e14e57,66,60,6,Document,NULL,NULL,66,NULL,4
d0d42d7c27e947b29102e05b0d6757f833e14e57,2625e11a6390ab13e10f80cd9f2cbbf7e3a43523,38,36,2,#,NULL,NULL,38,NULL,2
2625e11a6390ab13e10f80cd9f2cbbf7e3a43523,5422d7fc0775841e268e884fa10c1985a488a425,45,40,5,#,NULL,NULL,45,NULL,1
5422d7fc0775841e268e884fa10c1985a488a425,d167664d60a2b7460ec4b17e0eb4c6a16e5071af,10,9,1,fix #,ISSUE,NULL,10,NULL,1
7bd14a7222485e1e513cdcadde9aa4d90544438a,d167664d60a2b7460ec4b17e0eb4c6a16e5071af,5,5,0,Normal,ISSUE,NULL,5,NULL,1
803366ef2c5eceef1dcf97dcc231a51c633b631c,d167664d60a2b7460ec4b17e0eb4c6a16e5071af,10,9,1,Normal,NULL,NULL,10,NULL,1
aecd8069857732dc7981de2f5eb2e61571f54b78,44d71efa46c35ec0561734551fd5fc1ecbee5c29,17,9,8,Normal,NULL,NULL,17,NULL,1
44d71efa46c35ec0561734551fd5fc1ecbee5c29,83a084ca33a229d174b2934c6bfb16b856605d69,42,38,4,Normal,NULL,NULL,42,NULL,1
83a084ca33a229d174b2934c6bfb16b856605d69,64836a94497178d1b5ef47fc3805c7d8f12084ad,216,156,60,Document,NULL,NULL,215,NULL,4
28b88ca59839161bda2df5eba7188ac3477ce71a,2957228dc493c0af54233d2988bffd0646ec8e21,4,3,1,Normal,NULL,NULL,4,NULL,1
2957228dc493c0af54233d2988bffd0646ec8e21,85feaaeae20cbace5a0dff036e503cd34c08bcd3,2,1,1,Normal,NULL,NULL,2,NULL,1
8f0a4ce49c05ad5ba0e8d95e748c36cbc98a5ba0,d167664d60a2b7460ec4b17e0eb4c6a16e5071af,4,3,1,Normal,NULL,NULL,4,NULL,1
5bfebe1b760fe0301fbaf8c55729bda081aedbb6,d167664d60a2b7460ec4b17e0eb4c6a16e5071af,38,36,2,Normal,NULL,NULL,38,NULL,2
d167664d60a2b7460ec4b17e0eb4c6a16e5071af,757a9a37302021685cc23848b1f82207f4a13f4c,2,1,1,#,NULL,NULL,2,NULL,1
85feaaeae20cbace5a0dff036e503cd34c08bcd3,653562eb6982dbc6da1ec278e317781942e00c54,18,16,2,Normal,NULL,NULL,18,NULL,2
f1d6f7dbaa64bd56e7b6079fc922b3bd93e2cce1,67a9f9a138e187b7f2fa75ecb75aadf89e3c766e,8,5,3,Document,NULL,NULL,8,NULL,1
67a9f9a138e187b7f2fa75ecb75aadf89e3c766e,757a9a37302021685cc23848b1f82207f4a13f4c,58,55,3,Normal,NULL,NULL,58,NULL,3
653562eb6982dbc6da1ec278e317781942e00c54,757a9a37302021685cc23848b1f82207f4a13f4c,16,7,9,Normal,NULL,NULL,16,NULL,1
f9a23eafec9f56e61fed8004c240f3ebc83e4bdc,757a9a37302021685cc23848b1f82207f4a13f4c,2,1,1,Normal,NULL,NULL,2,NULL,1
3cf10a904ff958019e3e5c7bfc5a32dd0c95f0f7,757a9a37302021685cc23848b1f82207f4a13f4c,14,6,8,Normal,NULL,NULL,14,NULL,1
757a9a37302021685cc23848b1f82207f4a13f4c,0ee7ca160e6af1ee7f53f0d3b1aaeee787ba7896,38,36,2,#,NULL,NULL,38,NULL,2
4e1e98c3b7bac855c90b11f2a58769315a733dd3,0ee7ca160e6af1ee7f53f0d3b1aaeee787ba7896,38,36,2,Normal,NULL,NULL,38,NULL,2
0ee7ca160e6af1ee7f53f0d3b1aaeee787ba7896,d03ca40962da5f8df428679ac502fa1177f9af36,2,2,0,#,ISSUE,NULL,2,NULL,1
d03ca40962da5f8df428679ac502fa1177f9af36,44d6ebc59694729e07237e27495fc6ef6db6898c,4,4,0,#,NULL,NULL,4,NULL,1
897561101496f3c322bd1bfe8e4f9c05ff02fceb,44d6ebc59694729e07237e27495fc6ef6db6898c,4,4,0,Normal,NULL,NULL,4,NULL,1
44d6ebc59694729e07237e27495fc6ef6db6898c,5d1f80e81bf2a213d29b6c455b02e1826218a9a7,38,19,19,Normal,NULL,NULL,38,NULL,1
5d1f80e81bf2a213d29b6c455b02e1826218a9a7,858182f01fdf52657949fac3e99324cf3f434b50,26,25,1,Document,NULL,NULL,25,NULL,3
858182f01fdf52657949fac3e99324cf3f434b50,4ccf6aaf9f317a05b4baef626ce0bb7d40a6e253,1,0,1,Normal,NULL,NULL,1,NULL,1
3785057fcdf9a63b6ba1d318eccef482306fcf27,aec7bd9d0b34d2925b08b66e47d5927cdf3ff89e,25,25,0,Document,NULL,NULL,25,NULL,3
ebe0568d994a031aef74ce16bdede82ecee0969e,aec7bd9d0b34d2925b08b66e47d5927cdf3ff89e,25,25,0,Comment,NULL,NULL,25,NULL,3
aec7bd9d0b34d2925b08b66e47d5927cdf3ff89e,4ccf6aaf9f317a05b4baef626ce0bb7d40a6e253,1,0,1,#,NULL,NULL,0,NULL,0
948468def3a693b6c4735de500b8a67efc78cede,4ccf6aaf9f317a05b4baef626ce0bb7d40a6e253,1,0,1,Normal,NULL,NULL,0,NULL,0
4ccf6aaf9f317a05b4baef626ce0bb7d40a6e253,06c4140d2b1ccabae38662698b78a3d7602f0b33,2,1,1,Normal,NULL,NULL,2,NULL,1
06c4140d2b1ccabae38662698b78a3d7602f0b33,6993be0869c8c0172d1a37a121c708594762f166,21,11,10,Normal,NULL,NULL,21,NULL,1
6993be0869c8c0172d1a37a121c708594762f166,6fa41ab2f17bbd049c4f0f6ddc892da630eb372b,6,4,2,Normal,NULL,NULL,6,NULL,1
e301108da1ccaeee1e7e9e472e1670a7c20a30ad,6fa41ab2f17bbd049c4f0f6ddc892da630eb372b,21,11,10,#,NULL,NULL,21,NULL,1
dac34eb917fa2e4e02f11056d48d38f82d6b360c,6fa41ab2f17bbd049c4f0f6ddc892da630eb372b,21,11,10,Normal,NULL,NULL,21,NULL,1
6fa41ab2f17bbd049c4f0f6ddc892da630eb372b,6e222dc729142ce8b199eb74ca4daa0521fd88b0,13,8,5,Document,NULL,NULL,13,NULL,1
6e222dc729142ce8b199eb74ca4daa0521fd88b0,7ad43b625b363499324a3e9427284920e89cf878,2,1,1,Normal,NULL,NULL,2,NULL,1
7ad43b625b363499324a3e9427284920e89cf878,862438c7fd6bfcae7b509191e4c6b6334c77caf8,2,1,1,Normal,NULL,NULL,2,NULL,1
862438c7fd6bfcae7b509191e4c6b6334c77caf8,350888d5c101a339f8b482c99b484a236d5054f8,3,2,1,Normal,NULL,NULL,3,NULL,1
350888d5c101a339f8b482c99b484a236d5054f8,5ef1cd070d1429d9bb358bb63e19a48bc58454b9,17,13,4,Normal,NULL,NULL,17,NULL,2
35162a17e8aa48ea50820ddce1c31e0cb1536819,5ef1cd070d1429d9bb358bb63e19a48bc58454b9,3,2,1,fix #,ISSUE,NULL,3,NULL,1
77e6d448b4f6606d6cfe3cdbe430106dc6edbec0,5ef1cd070d1429d9bb358bb63e19a48bc58454b9,3,2,1,#,ISSUE,NULL,3,NULL,1
5ef1cd070d1429d9bb358bb63e19a48bc58454b9,dca9d4e9df546ab61fef197eeeee50713f15567b,6,3,3,Normal,NULL,NULL,6,NULL,1
dca9d4e9df546ab61fef197eeeee50713f15567b,100484fc18391ab4e3a7d6246f61733cf80b9705,8,8,0,Document,ISSUE,NULL,8,NULL,1
100484fc18391ab4e3a7d6246f61733cf80b9705,43ceaef9947e0f7b4278f0f72b32b77aa6a32e13,27,8,19,Normal,NULL,NULL,27,NULL,1
43ceaef9947e0f7b4278f0f72b32b77aa6a32e13,e51c0b10371173ac39c2f761177a11520bd9877e,14,13,1,Normal,NULL,NULL,14,NULL,2
e51c0b10371173ac39c2f761177a11520bd9877e,3904e821d0fec114d3abd1f323112d7e97e3d2f9,6,4,2,Normal,NULL,NULL,6,NULL,1
3904e821d0fec114d3abd1f323112d7e97e3d2f9,08075a03b0062716d0a666f1466a329325e756ae,8,7,1,fix #,ISSUE,NULL,8,NULL,1
79f50bf8aeee97d52daf9f981dfac14ab21b4b61,08075a03b0062716d0a666f1466a329325e756ae,6,4,2,#,NULL,NULL,6,NULL,1
43dd35b8809b58bb35f5dbd97e235e0b4a870c92,6cd72208e120d0f060ee376f2e04f18cdc5b977a,4,2,2,fix,ISSUE,NULL,4,NULL,1
6cd72208e120d0f060ee376f2e04f18cdc5b977a,08075a03b0062716d0a666f1466a329325e756ae,2,2,0,Normal,NULL,NULL,2,NULL,1
08075a03b0062716d0a666f1466a329325e756ae,861fb5463b3ebba03150c5d244368df809fe119e,13,10,3,Document,ISSUE,NULL,13,NULL,2
64836a94497178d1b5ef47fc3805c7d8f12084ad,b08fef909c3965a3c06c73fce3ef420ff15470f0,2,1,1,Document,ISSUE,NULL,2,NULL,1
b08fef909c3965a3c06c73fce3ef420ff15470f0,ec1d2ba04d22c8c13d397c07d4affb4e750e555a,2,0,2,Normal,NULL,NULL,2,NULL,1
ec1d2ba04d22c8c13d397c07d4affb4e750e555a,861fb5463b3ebba03150c5d244368df809fe119e,13,11,2,Normal,NULL,NULL,13,NULL,1
861fb5463b3ebba03150c5d244368df809fe119e,dd27b24cc4063cf64412ed83b59f54963dcc01ef,10,10,0,#,NULL,NULL,10,NULL,1
9feb11c1a9928c2ec33b669ddc6b4442b60f888f,dd27b24cc4063cf64412ed83b59f54963dcc01ef,10,10,0,Normal,NULL,NULL,10,NULL,1
dd27b24cc4063cf64412ed83b59f54963dcc01ef,39f2c9ff3b273946452dfd8b7a156bf12e6d93be,43,19,24,Normal,NULL,NULL,43,NULL,1
39f2c9ff3b273946452dfd8b7a156bf12e6d93be,95ecf8d85f4b9befe4a2011bac849c0fc0d2592a,28,5,23,Normal,NULL,NULL,0,NULL,0
95ecf8d85f4b9befe4a2011bac849c0fc0d2592a,ebed2c4b32a826fcc7927d1c9a4d23769ebcb78e,24,23,1,Normal,NULL,NULL,0,NULL,0
ebed2c4b32a826fcc7927d1c9a4d23769ebcb78e,324036940189bd57f0f6a720b35e9cb67d1d68fa,5,2,3,#,ISSUE,NULL,5,NULL,1
324036940189bd57f0f6a720b35e9cb67d1d68fa,ff597a9283afbf6526277dbd6eda7a0c5413532d,4,2,2,#,ISSUE,NULL,4,NULL,1
ff597a9283afbf6526277dbd6eda7a0c5413532d,d4cb19ca104795d8a4b4199e1c1325f1ae29e310,38,0,38,Normal,NULL,NULL,38,NULL,2
d4cb19ca104795d8a4b4199e1c1325f1ae29e310,6ee5a5210e694a932f8e8a2cfbb0d50b01060097,95,91,4,Normal,NULL,NULL,95,NULL,2
6ee5a5210e694a932f8e8a2cfbb0d50b01060097,b7556a7cd542f952e39e3510935c0981124cf6f9,19,9,10,Normal,NULL,NULL,19,NULL,1
fe1fe346778a4b0b35b217d6e6668e98ed9fc572,b7556a7cd542f952e39e3510935c0981124cf6f9,95,91,4,#,NULL,NULL,95,NULL,2
b7556a7cd542f952e39e3510935c0981124cf6f9,551fd472ebd14f3f21dace7655f5380f052c322e,4,2,2,Normal,NULL,NULL,0,NULL,0
551fd472ebd14f3f21dace7655f5380f052c322e,8bdafd1ecdc79be42a77bcaf08ce41d1ae92d6c9,1,1,0,#,ISSUE,NULL,1,NULL,1
5744f41dab597e97b4b8735bf2d4f9695bcfea01,e2bf640c7ffff59447210c60faacee4677b953bd,108,77,31,Normal,NULL,NULL,108,NULL,1
8bdafd1ecdc79be42a77bcaf08ce41d1ae92d6c9,6ef04f70d760342f56fc8c94581d3064d523adae,43,34,9,#,NULL,NULL,43,NULL,2
00c6f46f2dd3d8937e3806aa79b5a17b848a0e9e,3cb9da6d0c0a96d946f7995a23829df8f0a8e6b3,97,22,75,Normal,NULL,NULL,5,NULL,2
3cb9da6d0c0a96d946f7995a23829df8f0a8e6b3,3e354eebaf7a1e01fe12d6e966ec341b2937e571,19,14,5,Normal,NULL,NULL,19,NULL,1
3e354eebaf7a1e01fe12d6e966ec341b2937e571,0c4252ee40ca36cff9ab767d79fc9523528b768c,3,3,0,Normal,ISSUE,NULL,3,NULL,1
0c4252ee40ca36cff9ab767d79fc9523528b768c,ca06ef06fc81dce9f5fc8ac8a0d42058eacd9dac,17,13,4,Normal,NULL,NULL,17,NULL,1
ca06ef06fc81dce9f5fc8ac8a0d42058eacd9dac,eb83e3030070f9ea43430bbbfabd9d10031a8704,97,75,22,Normal,NULL,NULL,5,NULL,2
5d141155c41d2ae6b4df301ccfeb735f39e3e51d,6ef04f70d760342f56fc8c94581d3064d523adae,255,254,1,Normal,NULL,NULL,0,NULL,0
eb83e3030070f9ea43430bbbfabd9d10031a8704,6ef04f70d760342f56fc8c94581d3064d523adae,6,5,1,Normal,ISSUE,BUG,6,NULL,1
6ef04f70d760342f56fc8c94581d3064d523adae,64cf44155dbca4dc760b7e0cb2d97147bc8b9e82,1,0,1,Normal,NULL,NULL,1,NULL,1
64cf44155dbca4dc760b7e0cb2d97147bc8b9e82,34c3beeed74417502beb1d54238112f06bf5d0be,28,19,9,Document,NULL,NULL,28,NULL,2
34c3beeed74417502beb1d54238112f06bf5d0be,513abf5478e338c233f8503732fc38a4a20b3a77,13,3,10,Document,NULL,NULL,13,NULL,1
513abf5478e338c233f8503732fc38a4a20b3a77,2abce9cf88d5dc973ff9033a14381fc8f4e80375,2,1,1,Normal,NULL,NULL,2,NULL,1
2abce9cf88d5dc973ff9033a14381fc8f4e80375,1af579f81f15bb38b1635a105399ccedcf133ebd,46,24,22,Document,NULL,NULL,38,NULL,1
1af579f81f15bb38b1635a105399ccedcf133ebd,af8fd20a75260dbffe39d8eb3f28b99695143b4b,20,10,10,Document,NULL,NULL,0,NULL,0
af8fd20a75260dbffe39d8eb3f28b99695143b4b,a3ce5c4ff232362d0c793f0e224ccae96f68b15c,12,6,6,Document,NULL,NULL,4,NULL,1
a3ce5c4ff232362d0c793f0e224ccae96f68b15c,44968c3c0d422845aa87b2de0b0dcc4eddb8fc26,8,6,2,Normal,ISSUE,BUG,8,NULL,1
44968c3c0d422845aa87b2de0b0dcc4eddb8fc26,8377116f69e13a709303ca5fa2d006364f08fd5b,211,108,103,Document,NULL,NULL,173,NULL,3
8377116f69e13a709303ca5fa2d006364f08fd5b,d2bf35a72441cba827283ea726b1392a2ebf6285,16,0,16,Normal,NULL,NULL,0,NULL,0
d2bf35a72441cba827283ea726b1392a2ebf6285,cc536d215f0e8e7b7848d16c018b283471b54800,234,219,15,Normal,NULL,NULL,156,NULL,3
cc536d215f0e8e7b7848d16c018b283471b54800,d8983e80769ec1a9a88679fb29c1596045ca5c31,19,3,16,Normal,NULL,NULL,19,NULL,1
d8983e80769ec1a9a88679fb29c1596045ca5c31,7a8cb568ae4a9d3668dbdfb37ffb50daa036f7e0,18,14,4,Normal,NULL,NULL,9,NULL,1
cd84104f2a42b82a82e31813cbfe9bc6f5effad0,adc69b5b5243e58274a7b72724da950983a90c52,1,1,0,#,NULL,NULL,1,NULL,1
2f1f0715b3a3052aa007aa2b7e53b360dc6b2a4e,adc69b5b5243e58274a7b72724da950983a90c52,234,219,15,Normal,NULL,NULL,156,NULL,3
adc69b5b5243e58274a7b72724da950983a90c52,7a8cb568ae4a9d3668dbdfb37ffb50daa036f7e0,19,3,16,Normal,NULL,NULL,19,NULL,1
7a8cb568ae4a9d3668dbdfb37ffb50daa036f7e0,25a2bbe92d03fb20de86a6411b2792d457248e57,5,0,5,Normal,NULL,NULL,5,NULL,1
e2bf640c7ffff59447210c60faacee4677b953bd,25a2bbe92d03fb20de86a6411b2792d457248e57,43,42,1,Normal,NULL,NULL,43,NULL,2
eebd6ec5e3f1d53fc29f3fe6a8eb24c05eeee42f,25a2bbe92d03fb20de86a6411b2792d457248e57,1,1,0,Normal,NULL,NULL,1,NULL,1
25a2bbe92d03fb20de86a6411b2792d457248e57,0fe777bd06d3fac09ffb4d35b08e81e86051fd8d,25,19,6,Normal,NULL,NULL,25,NULL,1
0fe777bd06d3fac09ffb4d35b08e81e86051fd8d,07307d5c9ffe30e84abd08e4bced39fe5e613a5c,4,4,0,Normal,NULL,NULL,0,NULL,0
c4a4eaa81c1fe1a8505f9388825c8941b7bd5fbb,8621b7c26b6131e8e4739261f6190da30e0e5872,19,14,5,#,NULL,NULL,19,NULL,1
d8f9b163c276f1bea6f77be60cea4618ca82f630,5852328eb867eb5f35ef687c9c038ec2a14e088c,13,5,8,Normal,NULL,NULL,13,NULL,1
5852328eb867eb5f35ef687c9c038ec2a14e088c,8621b7c26b6131e8e4739261f6190da30e0e5872,20,16,4,Normal,NULL,NULL,20,NULL,1
8621b7c26b6131e8e4739261f6190da30e0e5872,07307d5c9ffe30e84abd08e4bced39fe5e613a5c,6,5,1,#,NULL,NULL,6,NULL,1
048e3231dd66bb5d52aa04cacc31c36d712c69ba,07307d5c9ffe30e84abd08e4bced39fe5e613a5c,6,5,1,Normal,NULL,NULL,6,NULL,1
07307d5c9ffe30e84abd08e4bced39fe5e613a5c,8bf24c66e6a41067fb4fb7b443fb6ea85dc96b8e,1,1,0,Normal,NULL,NULL,0,NULL,0
8bf24c66e6a41067fb4fb7b443fb6ea85dc96b8e,0abe7310a53a27594af0929e1fcd2fc807a549d4,9,3,6,Normal,NULL,NULL,9,NULL,1
0abe7310a53a27594af0929e1fcd2fc807a549d4,9a7205eacb0d18820e66d195aeaab93cae5377c0,8,4,4,Normal,NULL,NULL,8,NULL,1
9a7205eacb0d18820e66d195aeaab93cae5377c0,78193dc71ef88c9f435ea2edbe02dea0bfc7c0fc,4,0,4,Normal,NULL,NULL,4,NULL,1
78193dc71ef88c9f435ea2edbe02dea0bfc7c0fc,35f39d978ba37706ca56ff90f08f9558dbb172f5,11,4,7,Normal,NULL,NULL,0,NULL,0
35f39d978ba37706ca56ff90f08f9558dbb172f5,c822b6d8ebc855011752680bc699212ba40eb9c1,3,2,1,fix,NULL,NULL,3,NULL,1
c822b6d8ebc855011752680bc699212ba40eb9c1,a4a42dc666b57c7d6d56c63dd6e2240f7bd72f71,125,59,66,Normal,NULL,NULL,125,NULL,1
193da30396ca172e5c88b4ebf5f58870843414ce,a4a42dc666b57c7d6d56c63dd6e2240f7bd72f71,3,2,1,#,NULL,NULL,3,NULL,1
0c8cdd6a46c1249faea061a07fd3ee0495a8db0b,a4a42dc666b57c7d6d56c63dd6e2240f7bd72f71,3,2,1,fix #,ISSUE,NULL,3,NULL,1
a4a42dc666b57c7d6d56c63dd6e2240f7bd72f71,f46d9fbb40418f0355ad65544b895fa9464aa885,2,1,1,Normal,NULL,NULL,2,NULL,1
f46d9fbb40418f0355ad65544b895fa9464aa885,2463753027c7340f1775e40c9ba35a5f10242cd3,4,4,0,#,NULL,NULL,4,NULL,1
2463753027c7340f1775e40c9ba35a5f10242cd3,684793c183826b358d64ee24b3cecc2f214e426f,32,16,16,Document,NULL,NULL,0,NULL,0
684793c183826b358d64ee24b3cecc2f214e426f,e043df9addabad767b92417ce41658b1b487e5d8,118,58,60,Document,NULL,NULL,92,NULL,3
c637c71989b401af641ac99bd838c8e5e4d2a0ac,e043df9addabad767b92417ce41658b1b487e5d8,4,4,0,Normal,NULL,NULL,4,NULL,1
e043df9addabad767b92417ce41658b1b487e5d8,a037404294642ce593d38c4f105e10ca125b5d55,16,3,13,Normal,NULL,NULL,16,NULL,1
a037404294642ce593d38c4f105e10ca125b5d55,ec88d8a7f84d113bae54488d4bec706b273d8648,2,1,1,Document,NULL,NULL,0,NULL,0
ec88d8a7f84d113bae54488d4bec706b273d8648,0348c41c3b0a631fe64a98d9f818754adecbdadb,2,1,1,fix #,ISSUE,BUG,2,NULL,1
02027ac8b0b9e22fbfb703b6e351ff5c79471a15,0348c41c3b0a631fe64a98d9f818754adecbdadb,2,1,1,fix,ISSUE,NULL,2,NULL,1
0348c41c3b0a631fe64a98d9f818754adecbdadb,aa19eaef24368849497b11da5a2b026fe3a73c04,4,2,2,Normal,NULL,NULL,4,NULL,1
aa19eaef24368849497b11da5a2b026fe3a73c04,d103d350a4f6f6cd9b3d6b39aa4759ac4a7215e3,21,13,8,#,ISSUE,NULL,21,NULL,1
d103d350a4f6f6cd9b3d6b39aa4759ac4a7215e3,29ec4c2390973f9f09c8b780d500c98df1e89c79,12,6,6,Normal,NULL,NULL,12,NULL,1
29ec4c2390973f9f09c8b780d500c98df1e89c79,1762fcea3b129b5136a033cf42ed1d3fd31c507e,41,2,39,Normal,NULL,NULL,41,NULL,2
1762fcea3b129b5136a033cf42ed1d3fd31c507e,ab629a05a5bb39366a9e7b865baaa0bb51948269,56,18,38,Document,NULL,NULL,44,NULL,4
ab629a05a5bb39366a9e7b865baaa0bb51948269,5468b8b9a19547e132e86044fb3530757c12c2fb,21,15,6,Normal,ISSUE,BUG,21,NULL,1
5468b8b9a19547e132e86044fb3530757c12c2fb,edab5000b7ceee09ecc4a4904b5d09d6890aba47,190,96,94,Normal,NULL,NULL,190,NULL,1
edab5000b7ceee09ecc4a4904b5d09d6890aba47,8b2f1f8b4a248eb912b18b80012cfb7973a80a21,27,13,14,Normal,NULL,NULL,27,NULL,1
8b2f1f8b4a248eb912b18b80012cfb7973a80a21,866b02af391b8fd625fdf6ccd61de3ea06d64063,40,13,27,Document,NULL,NULL,29,NULL,2
866b02af391b8fd625fdf6ccd61de3ea06d64063,517b79294e40d49fdab760a0a70b00994ba2e09b,12,6,6,Normal,NULL,NULL,12,NULL,2
517b79294e40d49fdab760a0a70b00994ba2e09b,166ed61c37c4236feac9c754bc4ec0f3c6f26cfe,19,18,1,#,NULL,NULL,19,NULL,2
166ed61c37c4236feac9c754bc4ec0f3c6f26cfe,71aad3f590f24bac8aaa82f7522d49f5b2942f9e,5,4,1,Normal,NULL,NULL,5,NULL,1
71aad3f590f24bac8aaa82f7522d49f5b2942f9e,7d25ec5c5c8747f73a5a4a3bee077e6da4ab7f3b,9,9,0,Normal,NULL,NULL,9,NULL,2
bcd540608342b4402c4fe59439999b5605034af1,7d25ec5c5c8747f73a5a4a3bee077e6da4ab7f3b,5,4,1,#,NULL,NULL,5,NULL,1
d4a6f7a11a410fc4a002a031762549383024a0f7,1248f88357458866916b5680c1c07b6c08983553,16,8,8,fix,NULL,NULL,16,NULL,2
1248f88357458866916b5680c1c07b6c08983553,7d25ec5c5c8747f73a5a4a3bee077e6da4ab7f3b,19,18,1,Normal,NULL,NULL,19,NULL,2
050e8990e60f9fa7b1967240867d36a879dedbc2,7d25ec5c5c8747f73a5a4a3bee077e6da4ab7f3b,5,4,1,Normal,NULL,NULL,5,NULL,1
7d25ec5c5c8747f73a5a4a3bee077e6da4ab7f3b,d958dc635abea43ac96c1e15293dc47906c3c2a4,4,2,2,Normal,NULL,NULL,0,NULL,0
d958dc635abea43ac96c1e15293dc47906c3c2a4,f1c25fbcc5b3699a0176a0482778b2bee4ed0db0,31,0,31,Document,NULL,NULL,29,NULL,2
f1c25fbcc5b3699a0176a0482778b2bee4ed0db0,d963184490d3d51addb56f34b16109008fa9aa56,8,2,6,Normal,NULL,NULL,8,NULL,1
d963184490d3d51addb56f34b16109008fa9aa56,a9b09bc361c5ccefcbaa7424093c3d1ae5af1201,10,7,3,#,NULL,NULL,10,NULL,1
07cde93f376b4d0f712c2b9d6370161f3b7999b1,a9b09bc361c5ccefcbaa7424093c3d1ae5af1201,10,7,3,Normal,NULL,NULL,10,NULL,1
a9b09bc361c5ccefcbaa7424093c3d1ae5af1201,da91306d5feff693ce1b2a8df5b60c915028e234,8,6,2,Normal,NULL,NULL,8,NULL,1
da91306d5feff693ce1b2a8df5b60c915028e234,07ad2414fc7537bc91e77725d30092f79baae9e5,8,3,5,Normal,NULL,NULL,8,NULL,1
07ad2414fc7537bc91e77725d30092f79baae9e5,b7572642519816643bdedeb783885fb5064351d3,2,1,1,Normal,NULL,NULL,2,NULL,1
b7572642519816643bdedeb783885fb5064351d3,c3bec5c1f6a835ef636a73b4aa780ccb6a12ed44,7,2,5,Normal,NULL,NULL,7,NULL,1
c3bec5c1f6a835ef636a73b4aa780ccb6a12ed44,ac9f634fd2aa4b5b1668c322db171036f3f9bd21,9,5,4,Normal,NULL,NULL,9,NULL,1
ac9f634fd2aa4b5b1668c322db171036f3f9bd21,991574517193fa58a5e4edb509d72e2b35a84a0c,16,13,3,Normal,NULL,NULL,16,NULL,1
60f82e5c899ff67ebce1dd5e7059e72ffebf17df,991574517193fa58a5e4edb509d72e2b35a84a0c,9,5,4,#,NULL,NULL,9,NULL,1
222022d7b97482c615368250df48956423c6e83c,991574517193fa58a5e4edb509d72e2b35a84a0c,9,5,4,Normal,NULL,NULL,9,NULL,1
991574517193fa58a5e4edb509d72e2b35a84a0c,ed380be0dcae3dfa1692e722916722df58174756,93,47,46,Normal,NULL,NULL,93,NULL,1
ed380be0dcae3dfa1692e722916722df58174756,060a648b60359a273e88b2a23d5b239526684836,21,12,9,Normal,NULL,NULL,21,NULL,1
060a648b60359a273e88b2a23d5b239526684836,afd2eef4bb24e7fb96da05b81bd18e1dfadad988,2,2,0,Normal,NULL,NULL,2,NULL,1
afd2eef4bb24e7fb96da05b81bd18e1dfadad988,9982cd8c9f2a026cd8a9536a0fc03ab4eb11ccef,2,1,1,Normal,NULL,NULL,2,NULL,1
9982cd8c9f2a026cd8a9536a0fc03ab4eb11ccef,bd4b554d89d46b4773b02bc8d56b81bf0475d101,1,0,1,Normal,NULL,NULL,1,NULL,1
bd4b554d89d46b4773b02bc8d56b81bf0475d101,38de274099eea6b065af72b078270941adf38ecd,2,1,1,Normal,NULL,NULL,2,NULL,1
38de274099eea6b065af72b078270941adf38ecd,dc4c50758c920a17d0e03001fa2e5a97534b0a98,46,20,26,Normal,NULL,NULL,46,NULL,2
dc4c50758c920a17d0e03001fa2e5a97534b0a98,94526408b1b0127ec1528e2db4c3e9c62256b1fd,5,5,0,fix,ISSUE,BUG,5,NULL,1
94526408b1b0127ec1528e2db4c3e9c62256b1fd,f667bcbccf58290004f04220e4369d899346fcc3,19,14,5,Normal,NULL,NULL,19,NULL,1
f667bcbccf58290004f04220e4369d899346fcc3,eacfae66a241fb52881b7a39a5c0401945359e6c,23,2,21,Normal,NULL,NULL,19,NULL,1
eacfae66a241fb52881b7a39a5c0401945359e6c,cf920a23df041e52c7c3124fa49a2cdddd1a3392,10,10,0,Normal,NULL,NULL,10,NULL,1
cf920a23df041e52c7c3124fa49a2cdddd1a3392,ee3373eb93b57b094aa680a55c40a2873d8527a7,4,2,2,Normal,NULL,NULL,0,NULL,0
ee3373eb93b57b094aa680a55c40a2873d8527a7,9ecad26e62b7b5d6500f977b6f0c1a063cf29b4a,4,2,2,Document,NULL,NULL,0,NULL,0
9ecad26e62b7b5d6500f977b6f0c1a063cf29b4a,a449768857a976cb9ebab0694e1b4230900440a0,14,11,3,Document,NULL,NULL,9,NULL,2
a449768857a976cb9ebab0694e1b4230900440a0,53ef71946c70ab91d727de4638f2df9a2a837e89,2,1,1,fix,ISSUE,BUG,2,NULL,1
53ef71946c70ab91d727de4638f2df9a2a837e89,5ea2c7ce5a1d0b22440b3a01c94d290b7715b989,4,2,2,Normal,ISSUE,BUG,4,NULL,1
5ea2c7ce5a1d0b22440b3a01c94d290b7715b989,c41e436d4b6cfb14d1f48670f096be9784266141,92,51,41,Normal,NULL,NULL,0,NULL,0
c41e436d4b6cfb14d1f48670f096be9784266141,a29c5e9d0a2b3c02812372f2c0c9c7d20bc2dcfa,1,0,1,Normal,NULL,NULL,1,NULL,1
a29c5e9d0a2b3c02812372f2c0c9c7d20bc2dcfa,eadfc9eac66a2b0d733a434d9f80698607bf33aa,1,0,1,Normal,NULL,NULL,1,NULL,1
eadfc9eac66a2b0d733a434d9f80698607bf33aa,c90d1c37c88d9b051e69b9c67ba8f8e52e0848c6,8,5,3,Document,NULL,NULL,0,NULL,0
c90d1c37c88d9b051e69b9c67ba8f8e52e0848c6,c575933a6e447b4b4446f1ccac66d33f1886140e,13,12,1,Normal,NULL,NULL,13,NULL,1
c575933a6e447b4b4446f1ccac66d33f1886140e,d1d15e1b5867c72e3ca2d800fae48e72a014c490,17,7,10,Normal,NULL,NULL,17,NULL,1
d1d15e1b5867c72e3ca2d800fae48e72a014c490,69a315162ed2973a08824a7cd671167cec041bcb,88,57,31,Normal,NULL,NULL,88,NULL,1
69a315162ed2973a08824a7cd671167cec041bcb,b4860e4a39d36537aa2c5a337e971d82d0b1a94c,5,2,3,Normal,NULL,NULL,5,NULL,1
b4860e4a39d36537aa2c5a337e971d82d0b1a94c,eb23b000c785c39b7f4f196336d243af6318710b,13,6,7,Document,NULL,NULL,0,NULL,0
eb23b000c785c39b7f4f196336d243af6318710b,cd9e1321c203d0cd021e7e2767e91f217f784518,20,20,0,#,NULL,NULL,0,NULL,0
cd9e1321c203d0cd021e7e2767e91f217f784518,ec0ec456ada999cd809a9979275a73f7642e9079,15,11,4,Normal,NULL,NULL,15,NULL,1
19c37ea758cd9e78e28cf37304c4f78e741261b9,ec0ec456ada999cd809a9979275a73f7642e9079,20,20,0,Normal,NULL,NULL,0,NULL,0
ec0ec456ada999cd809a9979275a73f7642e9079,c662f9a186e5e5d629908b666141ea0439fe321a,410,215,195,Document,NULL,NULL,387,NULL,2
c662f9a186e5e5d629908b666141ea0439fe321a,686522a0a67e357c25fdd2311a1cde4de16788d1,11,10,1,Normal,NULL,NULL,11,NULL,1
686522a0a67e357c25fdd2311a1cde4de16788d1,48581acfb66dd5c3e80887c9364eb0c0a67584c2,2,1,1,Document,NULL,NULL,0,NULL,0
48581acfb66dd5c3e80887c9364eb0c0a67584c2,c96e32dcbf25c45395c05e61e6abd0a8ab15de9e,2,1,1,Document,NULL,NULL,0,NULL,0
c96e32dcbf25c45395c05e61e6abd0a8ab15de9e,f630ac354e109de8d8408c163d31eda3fc652f76,5,5,0,Document,NULL,NULL,0,NULL,0
f630ac354e109de8d8408c163d31eda3fc652f76,dcdc23ed966f0651525436b24b8dc2144b22ac46,28,22,6,Normal,NULL,NULL,28,NULL,1
dcdc23ed966f0651525436b24b8dc2144b22ac46,7877ff51a2db36dcb92d4fb6a7b55b89e4b7dacd,2,1,1,Normal,NULL,NULL,2,NULL,1
7877ff51a2db36dcb92d4fb6a7b55b89e4b7dacd,99927bf0caf8d8046d88c75126737aaa9ee64038,63,28,35,Normal,NULL,NULL,63,NULL,1
99927bf0caf8d8046d88c75126737aaa9ee64038,312f9d22b852b8c7eae1a71b74d090da53cab99c,31,20,11,Document,NULL,NULL,0,NULL,0
312f9d22b852b8c7eae1a71b74d090da53cab99c,2a25f6d8e6067f13c9f6a2e4b5af2c2ab721d790,16,14,2,Normal,NULL,NULL,16,NULL,1
2a25f6d8e6067f13c9f6a2e4b5af2c2ab721d790,5ca264ff94de35014fea0b7af8a5349d3c1273a4,19,19,0,Normal,NULL,NULL,19,NULL,1
5ca264ff94de35014fea0b7af8a5349d3c1273a4,df0772affa76de608ca8116e4750f4f2b57a5e2a,5,1,4,Normal,NULL,NULL,5,NULL,1
df0772affa76de608ca8116e4750f4f2b57a5e2a,fe0e9d9b9789ac109bb4e1a2df24ee65cbb8d213,36,34,2,Normal,NULL,NULL,36,NULL,1
fe0e9d9b9789ac109bb4e1a2df24ee65cbb8d213,7bbb390bddc5b51c4e9a3b13d6925c815f2e03eb,48,24,24,Normal,NULL,NULL,48,NULL,1
7bbb390bddc5b51c4e9a3b13d6925c815f2e03eb,477b2d10877ea24be932f3495ca79e753ddc99bd,4,4,0,Normal,NULL,NULL,4,NULL,1
477b2d10877ea24be932f3495ca79e753ddc99bd,ffae0edfe987cc66fb9c259a172ece280d730a51,4,3,1,Normal,NULL,NULL,4,NULL,1
ffae0edfe987cc66fb9c259a172ece280d730a51,1fd1fb9e713db4924d28442a59a6e176355e1f37,23,23,0,Normal,NULL,NULL,23,NULL,2
1fd1fb9e713db4924d28442a59a6e176355e1f37,1733ba76a95d37573d7310a8503cf3b9d739c375,4,2,2,Normal,NULL,NULL,4,NULL,1
1733ba76a95d37573d7310a8503cf3b9d739c375,b1a6dd9c3a7e910760286aaf22398f9521d03406,2,1,1,Normal,NULL,NULL,2,NULL,1
b1a6dd9c3a7e910760286aaf22398f9521d03406,91b5ed9b83367fb773139f3ac83b899da03af289,14,10,4,Document,NULL,NULL,8,NULL,2
91b5ed9b83367fb773139f3ac83b899da03af289,6afc87190eb4ac51661f68b0525f0f005d825294,4,4,0,Comment,NULL,NULL,4,NULL,2
6afc87190eb4ac51661f68b0525f0f005d825294,08c2ca7fe183263c9b47ac4690661c2a734b12e4,29,26,3,Document,NULL,NULL,21,NULL,2
08c2ca7fe183263c9b47ac4690661c2a734b12e4,a87e7d2cb95c05405f4f5e6cf57e6e3f468d15c6,5,3,2,Normal,NULL,NULL,5,NULL,1
a87e7d2cb95c05405f4f5e6cf57e6e3f468d15c6,1746484a6cb87c928f9999baf6afb79d5848a86f,8,4,4,Normal,ISSUE,BUG,6,NULL,1
1746484a6cb87c928f9999baf6afb79d5848a86f,dbdfeeeaac2cf87946b96efbac5037108ebaddf2,2,2,0,Normal,ISSUE,BUG,2,NULL,1
dbdfeeeaac2cf87946b96efbac5037108ebaddf2,cd58f807a990f7aa00ee3f169a4e3f06dc1bf6f8,150,96,54,Document,NULL,NULL,135,NULL,3
cd58f807a990f7aa00ee3f169a4e3f06dc1bf6f8,cc1e4cd21edfb3ca8aa993eb399da31040d00d5a,2,1,1,Normal,ISSUE,BUG,2,NULL,1
cc1e4cd21edfb3ca8aa993eb399da31040d00d5a,28dc05d3ee90cb225f2f3c52f345b64e85369da8,7,6,1,Normal,NULL,NULL,7,NULL,1
28dc05d3ee90cb225f2f3c52f345b64e85369da8,6e267051edbbe255c066ca3f02a853e2c9275c29,3,1,2,Document,NULL,NULL,0,NULL,5
6e267051edbbe255c066ca3f02a853e2c9275c29,a73a047258e1eb22335c431b581c03e58b1eeea9,2,1,1,Document,NULL,NULL,0,NULL,0
a73a047258e1eb22335c431b581c03e58b1eeea9,6a1e93744517c2af517899f8adf9946c29762b2d,271,65,206,Document,NULL,NULL,91,NULL,4
6a1e93744517c2af517899f8adf9946c29762b2d,3a8371a20f9596ecfc49a83404035ddfaa27cf43,437,200,237,Normal,NULL,NULL,76,NULL,4
3a8371a20f9596ecfc49a83404035ddfaa27cf43,b0def2fbac4613713846c76b92987d873f765ae4,3,1,2,fix,NULL,NULL,3,NULL,1
b0def2fbac4613713846c76b92987d873f765ae4,ad98b93633a3f315b82fd4fa89136909a91727b8,20,17,3,Normal,NULL,NULL,20,NULL,2
ad98b93633a3f315b82fd4fa89136909a91727b8,10d6e9fbad68266be17ab58a9f145c76f8fb3184,2,1,1,Document,NULL,NULL,0,NULL,0
10d6e9fbad68266be17ab58a9f145c76f8fb3184,ed11534ac6bff7fbf99f5215d8bf359cac63b858,6,6,0,Normal,NULL,NULL,6,NULL,2
ed11534ac6bff7fbf99f5215d8bf359cac63b858,22b87b66dd1469a2477a63e60fcd31fae6f7c9b8,14,11,3,Normal,NULL,NULL,14,NULL,2
22b87b66dd1469a2477a63e60fcd31fae6f7c9b8,5e87ea82b4caba00d18b5a3c3bf7ed4d6501a80a,76,1,75,Normal,NULL,NULL,76,NULL,3
5e87ea82b4caba00d18b5a3c3bf7ed4d6501a80a,79d7c63574f2c6c7d06e27c0579e7eed2dc18a78,9,5,4,fix,ISSUE,BUG,9,NULL,1
79d7c63574f2c6c7d06e27c0579e7eed2dc18a78,3c56cffa875e435424311bf62a6f3b17a2896c02,7,3,4,Normal,ISSUE,BUG,7,NULL,1
3c56cffa875e435424311bf62a6f3b17a2896c02,b3abd57118f220a6f8433de8f6398ba290fd3419,2,1,1,fix,ISSUE,BUG,2,NULL,1
b3abd57118f220a6f8433de8f6398ba290fd3419,02fa23e5478a1acf8da9ad9c79179daae49e4f98,7,5,2,fix,ISSUE,BUG,7,NULL,1
02fa23e5478a1acf8da9ad9c79179daae49e4f98,104e614181e225ea065fe40af565824b63355e1a,12,6,6,Normal,NULL,NULL,4,NULL,1
104e614181e225ea065fe40af565824b63355e1a,16153161bbdbafd3ea400c45d5bea5d4f743d413,58,19,39,Normal,NULL,NULL,0,NULL,0
16153161bbdbafd3ea400c45d5bea5d4f743d413,c1ca211ce373a0d17e5807f68d14ee5f69eb376a,2,1,1,Normal,NULL,NULL,2,NULL,1
c1ca211ce373a0d17e5807f68d14ee5f69eb376a,77080aa54b8521ffdecb8ff09ac02dea263c5f23,3,2,1,Normal,NULL,NULL,0,NULL,0
103441d1f17aedd870d4551693e54ac92f678d89,77080aa54b8521ffdecb8ff09ac02dea263c5f23,58,19,39,fix #,ISSUE,NULL,0,NULL,0
8667fb0bc7f1d5f566314f90d7bcbcfb710381da,34a97ddeb6d84414332ccdafa3f80bcbdb40a98d,0,0,0,Normal,NULL,NULL,0,NULL,0
34a97ddeb6d84414332ccdafa3f80bcbdb40a98d,77080aa54b8521ffdecb8ff09ac02dea263c5f23,58,19,39,Normal,NULL,NULL,0,NULL,0
77080aa54b8521ffdecb8ff09ac02dea263c5f23,d157ea82ea9be2f457ee550ec94b5ba451f4849b,13,10,3,Normal,NULL,NULL,13,NULL,1
d157ea82ea9be2f457ee550ec94b5ba451f4849b,b52f78ac7db633af8c2a2815d43bb81dc0a5fa74,15,6,9,Normal,NULL,NULL,15,NULL,1
b52f78ac7db633af8c2a2815d43bb81dc0a5fa74,4d946b6f5045f00ea4c249c549ae8a9e993baacd,14,9,5,Normal,NULL,NULL,14,NULL,1
4d946b6f5045f00ea4c249c549ae8a9e993baacd,fb284c35e8224193fb6f313ec04cf29403508ab6,12,8,4,Normal,NULL,NULL,12,NULL,1
fb284c35e8224193fb6f313ec04cf29403508ab6,cbcff469bbcb2e1d0eb1b82d8962aecd11ccb3a4,5,4,1,Document,NULL,NULL,0,NULL,0
cbcff469bbcb2e1d0eb1b82d8962aecd11ccb3a4,90469a870734f3da97fa1a5dd4873345964ba28d,4,2,2,Normal,NULL,NULL,0,NULL,0
90469a870734f3da97fa1a5dd4873345964ba28d,dcda6160994af5d32a1e95d647811d126289bbb2,3,1,2,Normal,ISSUE,BUG,3,NULL,1
dcda6160994af5d32a1e95d647811d126289bbb2,a04a7dc8ffb546a1aa4a77dcbe54ccc83a08cf17,16,14,2,Normal,NULL,NULL,16,NULL,1
a04a7dc8ffb546a1aa4a77dcbe54ccc83a08cf17,629489e2262b9c8352c4930de7eaf0c8d19c9fd3,153,90,63,Normal,NULL,NULL,153,NULL,2
629489e2262b9c8352c4930de7eaf0c8d19c9fd3,822495b7f1e8c3ed5d6d228d0970ad12aff6af9e,20,20,0,Normal,NULL,NULL,0,NULL,0
822495b7f1e8c3ed5d6d228d0970ad12aff6af9e,26c7a03d4871256d3157af57e2ab6db7cfcb08a8,14,9,5,Normal,NULL,NULL,14,NULL,1
ba47f11e81e0e8fe11b52be149f57a69ab544988,16b06cfb472bc397be3ef0da8536ae8f9cbc0dd3,23,23,0,Normal,NULL,NULL,23,NULL,1
16b06cfb472bc397be3ef0da8536ae8f9cbc0dd3,d4973807b38d31463c6ffd9faa558ad414ab860e,90,56,34,Normal,NULL,NULL,90,NULL,1
d4973807b38d31463c6ffd9faa558ad414ab860e,fa57a42dc3d1112350f24354eac566b66f9c9d56,12,7,5,Normal,NULL,NULL,12,NULL,2
fa57a42dc3d1112350f24354eac566b66f9c9d56,660413063e2a03f9decb77349d5f56aa8594540f,20,2,18,Normal,NULL,NULL,20,NULL,2
660413063e2a03f9decb77349d5f56aa8594540f,6b8444e46c072fc0df8b510ffe5617fd8129cf89,2,1,1,Normal,NULL,NULL,2,NULL,1
6b8444e46c072fc0df8b510ffe5617fd8129cf89,26c7a03d4871256d3157af57e2ab6db7cfcb08a8,19,19,0,Normal,NULL,NULL,0,NULL,0
26c7a03d4871256d3157af57e2ab6db7cfcb08a8,2eb61789028842e3ddb46bcdb237d0f7fcb9863c,4,2,2,Normal,NULL,NULL,4,NULL,1
2eb61789028842e3ddb46bcdb237d0f7fcb9863c,f527635c1892c12b14b49f9551ba649775e3e160,4,4,0,Normal,NULL,NULL,4,NULL,1
f527635c1892c12b14b49f9551ba649775e3e160,cc4323b136690220f84f920a69f65d840c79b72d,4,2,2,Document,ISSUE,NULL,0,NULL,0
cc4323b136690220f84f920a69f65d840c79b72d,24a8b84db673602301e7a4552690e4d80f00a62e,2,1,1,Normal,NULL,NULL,0,NULL,0
24a8b84db673602301e7a4552690e4d80f00a62e,06faacf839b20b148bd04a94b9ab4501adcf6974,4,2,2,Normal,NULL,NULL,4,NULL,1
06faacf839b20b148bd04a94b9ab4501adcf6974,cce827fd5fa061a8b98ae73315a43c5b5e737aa7,49,28,21,Comment,NULL,NULL,17,NULL,1
cce827fd5fa061a8b98ae73315a43c5b5e737aa7,4714d2fd32441530f85a25346a3a91caa4717bf3,3944,0,3944,Normal,NULL,NULL,0,NULL,0
4714d2fd32441530f85a25346a3a91caa4717bf3,e4e942a67ec64373944d599133e04813900e763f,0,0,0,Normal,NULL,NULL,0,NULL,0
e4e942a67ec64373944d599133e04813900e763f,49dd4b632ee85de76c081717dc3f45b4e01bca74,120,82,38,Normal,NULL,NULL,2,NULL,1
49dd4b632ee85de76c081717dc3f45b4e01bca74,58062c627c06c1d496b5b326dbecbccdf3ded8f3,4,2,2,Document,NULL,NULL,0,NULL,0
58062c627c06c1d496b5b326dbecbccdf3ded8f3,3e63d17c308296f56769918bb0e547097ebcf42f,2,1,1,Document,NULL,NULL,0,NULL,0
3e63d17c308296f56769918bb0e547097ebcf42f,dd60073677f20cbadd40e109c80aac7a11354bee,10,6,4,Document,ISSUE,NULL,0,NULL,0
dd60073677f20cbadd40e109c80aac7a11354bee,e160fa8c43c331ec9761d3f96b5df3524abe0ff2,1727,1532,195,Document,NULL,NULL,54,NULL,7
e160fa8c43c331ec9761d3f96b5df3524abe0ff2,null,4997,4997,0,Document,NULL,NULL,458,NULL,7
