acc480fbe023c6e5fe40f68593f4a70a8c4c7ad5,dcf98f9bf3a632a7f40679b7da46f09681e48526,9,9,0,Normal,NULL,NULL,9,NULL,1
dcf98f9bf3a632a7f40679b7da46f09681e48526,3c27a2096781834a90dfb9fff36d46cf86735767,2,1,1,Document,NULL,NULL,2,NULL,1
3c27a2096781834a90dfb9fff36d46cf86735767,9d616d74f76c0c6fc70ae2408b20321a74b9dad9,28,13,15,Document,NULL,NULL,28,NULL,1
9d616d74f76c0c6fc70ae2408b20321a74b9dad9,7b4abe069fbd8a07c7d4ee5da482eb41518bb0e9,21,0,21,#,NULL,NULL,21,NULL,1
218073ff4cd34948dba5e7324fcd78bf79612e65,7b4abe069fbd8a07c7d4ee5da482eb41518bb0e9,21,0,21,Normal,NULL,NULL,21,NULL,1
7b4abe069fbd8a07c7d4ee5da482eb41518bb0e9,8e2f5db8970177d366a1ac079d574a1f980e1e49,66,43,23,Normal,NULL,NULL,0,NULL,0
8e2f5db8970177d366a1ac079d574a1f980e1e49,2623d6e714b4510b26dbd7b9ff68ccda9dd2cd44,14,6,8,fix,NULL,NULL,0,NULL,0
2623d6e714b4510b26dbd7b9ff68ccda9dd2cd44,dde307d62cff1c0f9d65cf40a334c063db032c8f,25,3,22,Normal,NULL,NULL,0,NULL,0
dde307d62cff1c0f9d65cf40a334c063db032c8f,2b35b43f9dc03dbf9cfabec272a1eb8529eab124,12,6,6,Normal,NULL,NULL,12,NULL,2
2b35b43f9dc03dbf9cfabec272a1eb8529eab124,13e3dc974b65b7d9dfe767575a0d01f1d059fb28,618,487,131,#,NULL,NULL,520,NULL,3
009ffd7859e4a055b4e4d9e959e3131b8fcd8d28,de881bf8c53f5fe0bd747b196db446e379a046ec,18,9,9,Normal,NULL,NULL,18,NULL,2
de881bf8c53f5fe0bd747b196db446e379a046ec,563f02b3549994c61b0b087c0522c2db62508327,600,478,122,#,NULL,NULL,502,NULL,3
13e3dc974b65b7d9dfe767575a0d01f1d059fb28,1fbccfc22118c85a86dd7a3c946df5dee4e36c0f,102,56,46,#,NULL,NULL,8,NULL,2
563f02b3549994c61b0b087c0522c2db62508327,f2cbcd46bee3ebf4b2c4a46aae71e52df75c4c71,8,4,4,#,NULL,NULL,8,NULL,2
f2cbcd46bee3ebf4b2c4a46aae71e52df75c4c71,1fbccfc22118c85a86dd7a3c946df5dee4e36c0f,94,52,42,Normal,NULL,NULL,0,NULL,0
1fbccfc22118c85a86dd7a3c946df5dee4e36c0f,62a377fec7c8fc39deb65ab8b46dce6e40250676,62,51,11,#,NULL,NULL,62,NULL,1
62a377fec7c8fc39deb65ab8b46dce6e40250676,95bbe46122d13d784aa5634a2ce38af381af7cfb,31,18,13,Document,NULL,NULL,31,NULL,1
95bbe46122d13d784aa5634a2ce38af381af7cfb,ab4d23de3b6decf5ba487b155c7ed8de620ab906,0,0,0,Normal,NULL,NULL,0,NULL,0
ab4d23de3b6decf5ba487b155c7ed8de620ab906,8f98052360760eb62c1a7cafdd13fa783202ef72,4,2,2,Document,NULL,NULL,4,NULL,1
8f98052360760eb62c1a7cafdd13fa783202ef72,e59bda69fe5b3d3b61383c111e56adf0cf781d03,0,0,0,#,NULL,NULL,0,NULL,0
e59bda69fe5b3d3b61383c111e56adf0cf781d03,d48f455833c8bedad54ff27b3885e70d324fb2bc,0,0,0,#,NULL,NULL,0,NULL,0
d48f455833c8bedad54ff27b3885e70d324fb2bc,89b917fec22884cb93dcf3f4db359bfb28f7d1b4,4,2,2,Comment,ISSUE,NULL,4,NULL,1
89b917fec22884cb93dcf3f4db359bfb28f7d1b4,5d698cc4d0e7de164057b80a3e3abab831c0428e,6,6,0,Document,NULL,NULL,6,NULL,1
5d698cc4d0e7de164057b80a3e3abab831c0428e,5b51a317485339c3e6762cd7d2adb2b4c7481ca2,2,1,1,fix #,ISSUE,NULL,2,NULL,1
80c002b439ec67bec7a9a12dd0f5960b802e315a,5b51a317485339c3e6762cd7d2adb2b4c7481ca2,4,2,2,Comment,NULL,NULL,4,NULL,1
a6517af920edd89049d179347581207fb316bfe0,5b51a317485339c3e6762cd7d2adb2b4c7481ca2,62,51,11,Normal,NULL,NULL,62,NULL,1
5b51a317485339c3e6762cd7d2adb2b4c7481ca2,3f87b407bb84ad5e23a0ee8a2ef4023ebb62b00a,7,5,2,Document,NULL,NULL,7,NULL,1
cf09605a7f0055cef8335b3aa0a4248741f79816,3f87b407bb84ad5e23a0ee8a2ef4023ebb62b00a,6,6,0,Document,NULL,NULL,6,NULL,1
3f87b407bb84ad5e23a0ee8a2ef4023ebb62b00a,bc00897e8f21640f01611d30ce3f5a027b37028c,2,1,1,Document,NULL,NULL,2,NULL,1
bc00897e8f21640f01611d30ce3f5a027b37028c,5fc82fcf9b56ead9f70a8d73122a1985547bc4b8,2,1,1,Document,NULL,NULL,2,NULL,1
2488f906d1ecb294b61ff3495aefa071dcba2edc,5fc82fcf9b56ead9f70a8d73122a1985547bc4b8,2,1,1,fix,NULL,NULL,2,NULL,1
f163582789ea817fca7b7ade8dc56639cc8dbc87,5fc82fcf9b56ead9f70a8d73122a1985547bc4b8,0,0,0,Normal,NULL,NULL,0,NULL,0
f8bc9da500de448f2c717c6b0083c8f8e9905b0e,5fc82fcf9b56ead9f70a8d73122a1985547bc4b8,0,0,0,Normal,NULL,NULL,0,NULL,0
5fc82fcf9b56ead9f70a8d73122a1985547bc4b8,8f901fbda9724ae29cd37f0f769b183d5ba36f26,4,2,2,Document,NULL,NULL,4,NULL,1
8f901fbda9724ae29cd37f0f769b183d5ba36f26,8d49929aac18f56abfb748e8c01c80a733c41e7b,8,5,3,Document,NULL,NULL,8,NULL,1
8d49929aac18f56abfb748e8c01c80a733c41e7b,405ae6c4664b4aefd8b68aece5f2e33e1d6a345a,1,1,0,#,NULL,NULL,0,NULL,0
405ae6c4664b4aefd8b68aece5f2e33e1d6a345a,1dd70f157c7177591a83d0e595a592906ed0485d,6,3,3,Document,ISSUE,NULL,6,NULL,1
c6f1b51f83d81200d3c28b5dd2f9f702974906cd,1dd70f157c7177591a83d0e595a592906ed0485d,6,3,3,Document,NULL,NULL,6,NULL,1
1dd70f157c7177591a83d0e595a592906ed0485d,ff961af316451a326377f318e9c49d07a6062513,5,5,0,Document,NULL,NULL,5,NULL,1
4fae6e9d30002f11b7cbdccb50eee5259a84e81e,4138e3ddf148695f4b4d12fca44bfa69c598c9d9,2,1,1,Document,NULL,NULL,2,NULL,1
4138e3ddf148695f4b4d12fca44bfa69c598c9d9,ff961af316451a326377f318e9c49d07a6062513,5,5,0,Document,NULL,NULL,5,NULL,1
a86ff3f901a30ba2a47d62d26bf9fe3d8092e073,ff961af316451a326377f318e9c49d07a6062513,1,1,0,Normal,NULL,NULL,0,NULL,0
ff961af316451a326377f318e9c49d07a6062513,13cb96b396c09301c665abf295d8b3b9799f8603,2,1,1,Document,NULL,NULL,2,NULL,1
116985085cac5cd6f67007a8b51ee00e65ed8040,80a9f67ce4137d2195cb876655510df9b57b45e9,0,0,0,Normal,NULL,NULL,0,NULL,0
80a9f67ce4137d2195cb876655510df9b57b45e9,13cb96b396c09301c665abf295d8b3b9799f8603,2,1,1,Document,NULL,NULL,2,NULL,1
13cb96b396c09301c665abf295d8b3b9799f8603,c279faf9ae582186486cf0b62cbabd36e59a0ccd,2,1,1,Document,ISSUE,NULL,2,NULL,1
c279faf9ae582186486cf0b62cbabd36e59a0ccd,e091996dface3f46ca955f02723482f970bddf75,4,2,2,Document,NULL,NULL,4,NULL,1
5b681c24d4991031765a28e0ef64907e77258923,a5a454edc130dd33d3699b720da6032e2a103c0b,0,0,0,Normal,NULL,NULL,0,NULL,0
a5a454edc130dd33d3699b720da6032e2a103c0b,e091996dface3f46ca955f02723482f970bddf75,4,2,2,Document,NULL,NULL,4,NULL,1
e091996dface3f46ca955f02723482f970bddf75,f900f0ff5dea66169224d0308727a139e4876bec,2,1,1,Document,NULL,NULL,2,NULL,1
f900f0ff5dea66169224d0308727a139e4876bec,668e4e6b043e4d74551572e8e412131c6493e8f6,67,65,2,Document,NULL,NULL,67,NULL,1
668e4e6b043e4d74551572e8e412131c6493e8f6,23efc8bc36d0a14b4d037626dbb32bbeb4cdc1a2,36,21,15,Document,NULL,NULL,36,NULL,1
23efc8bc36d0a14b4d037626dbb32bbeb4cdc1a2,bb5ea8fcc6934fea307fc152be812ed0065db152,3,0,3,Normal,NULL,NULL,3,NULL,1
bb5ea8fcc6934fea307fc152be812ed0065db152,d331021a3dc65751263e8205eca5f49d29586ad6,302,52,250,Document,NULL,NULL,90,NULL,33
d331021a3dc65751263e8205eca5f49d29586ad6,87e06627db215029fde465db8c94bf5820670c20,691,544,147,Document,NULL,NULL,350,NULL,18
87e06627db215029fde465db8c94bf5820670c20,c97ed526fd0e970c8abf973ee2016262f6f439e5,657,605,52,#,ISSUE,NULL,267,NULL,9
9e8741428ae9b831e374b9523a2924485d641b38,83e854af3be17ddee52590d8e1c4dc1f239e638f,2,1,1,Document,NULL,NULL,2,NULL,1
83e854af3be17ddee52590d8e1c4dc1f239e638f,9edc3cbbdd1d676f6b3d80c16413297bc55d19c3,2,1,1,Document,NULL,NULL,2,NULL,1
9edc3cbbdd1d676f6b3d80c16413297bc55d19c3,9a05c35dacfa8fff5c08b7c8c57f4f372396e33c,2,1,1,Document,NULL,NULL,2,NULL,1
9a05c35dacfa8fff5c08b7c8c57f4f372396e33c,890eaa4e9237475e73bf7cc3412eb65e71a60eed,2,1,1,Document,NULL,NULL,2,NULL,1
890eaa4e9237475e73bf7cc3412eb65e71a60eed,f7eef0aa7ea4fc861906659a0eaed0da79e32be5,4,2,2,Document,NULL,NULL,4,NULL,1
f7eef0aa7ea4fc861906659a0eaed0da79e32be5,48b535fe8868aba235ccb4ae7fe29e77eb263340,9,4,5,Document,NULL,NULL,9,NULL,1
48b535fe8868aba235ccb4ae7fe29e77eb263340,b27a3c0f794969549c3697eb8b3f9218a4df7f62,2,1,1,Document,NULL,NULL,2,NULL,1
b27a3c0f794969549c3697eb8b3f9218a4df7f62,d26ccd8bc0a1d5abedbbefa68d966ada8923c2fa,2,1,1,Document,NULL,NULL,2,NULL,1
d26ccd8bc0a1d5abedbbefa68d966ada8923c2fa,63f53a5d7ab1b705df681538ba9524e7c1e931ab,6,3,3,Document,NULL,NULL,6,NULL,1
63f53a5d7ab1b705df681538ba9524e7c1e931ab,df7184fafc0bfce0c71b9196292a320b41ce8b27,28,17,11,Document,NULL,NULL,28,NULL,1
df7184fafc0bfce0c71b9196292a320b41ce8b27,56b2072801dd6c49200d8428540cccb14bfeb799,5,3,2,Document,NULL,NULL,5,NULL,1
56b2072801dd6c49200d8428540cccb14bfeb799,45cffd80e06d54d83cfef6c8f674553ba68c5d96,2,1,1,Document,NULL,NULL,2,NULL,1
45cffd80e06d54d83cfef6c8f674553ba68c5d96,f7b1fe01da87a8b0706aae6b6271d372f7b516de,2,1,1,Document,NULL,NULL,2,NULL,1
f7b1fe01da87a8b0706aae6b6271d372f7b516de,b92561d3e40e1b2757613b9b9ed9d28cbb863b03,2,1,1,Document,NULL,NULL,2,NULL,1
b92561d3e40e1b2757613b9b9ed9d28cbb863b03,3ed886c48d9dc6acbe3a128c42f1b71c3ac49090,2,1,1,Document,NULL,NULL,2,NULL,1
3ed886c48d9dc6acbe3a128c42f1b71c3ac49090,c09839f454a986a39382d6c230241297054e7518,2,1,1,Document,NULL,NULL,2,NULL,1
c09839f454a986a39382d6c230241297054e7518,01a7d6f3cdeb999eecbf386121f0302db0d4384a,2,1,1,fix #,ISSUE,NULL,0,NULL,0
0d0d59fc9fdb860dcd9a626a9143e9cb851bbd00,01a7d6f3cdeb999eecbf386121f0302db0d4384a,2,1,1,#,NULL,NULL,0,NULL,0
01a7d6f3cdeb999eecbf386121f0302db0d4384a,25536d964570d62cbc5dd87cf2218b9fb8ade360,15,15,0,Normal,NULL,NULL,15,NULL,1
25536d964570d62cbc5dd87cf2218b9fb8ade360,b5ea28f950fb76fad8b58ea0927e97fa529f5ca0,2,1,1,Document,NULL,NULL,2,NULL,1
b5ea28f950fb76fad8b58ea0927e97fa529f5ca0,833ac5b719c40f455bce064f0714ce366cadf3c0,4,2,2,Document,NULL,NULL,4,NULL,1
833ac5b719c40f455bce064f0714ce366cadf3c0,e02a817e3e4b0856681c8f342d42e8441fcc0ae9,669,641,28,fix,NULL,NULL,244,NULL,11
e02a817e3e4b0856681c8f342d42e8441fcc0ae9,45ee58359941d81a1d5f3c49f317d2f675397c48,137,83,54,fix,ISSUE,BUG,133,NULL,2
45ee58359941d81a1d5f3c49f317d2f675397c48,74a886b89df3421dc5dc6d7ec09cf77c01a65ab2,4,2,2,#,NULL,NULL,4,NULL,2
74a886b89df3421dc5dc6d7ec09cf77c01a65ab2,4e2be26e34639bd699bb363459fe5ea600927a98,2,1,1,Document,NULL,NULL,2,NULL,1
4e2be26e34639bd699bb363459fe5ea600927a98,07e2982324194541a6dbbdfdcf8c3bd0958bb17d,10,5,5,#,NULL,NULL,10,NULL,2
8e020486b3887104cfe6c2c6fa0bd9749a3d9fd1,c4916ed9c18970011079a9d25d4f930f1077ee8d,6,3,3,Normal,NULL,NULL,6,NULL,2
c4916ed9c18970011079a9d25d4f930f1077ee8d,07e2982324194541a6dbbdfdcf8c3bd0958bb17d,4,2,2,Normal,NULL,NULL,4,NULL,2
07e2982324194541a6dbbdfdcf8c3bd0958bb17d,d8e542b64e2f4bfbf7304cc90a986279d67581c7,6,3,3,#,NULL,NULL,6,NULL,2
a72014e8314c1852c9ebb48d4fb023eb6e8025fa,d8e542b64e2f4bfbf7304cc90a986279d67581c7,6,3,3,Normal,NULL,NULL,6,NULL,2
d8e542b64e2f4bfbf7304cc90a986279d67581c7,d29d76c864b60ce491b6649c13afa32b37e3fd0a,18,13,5,fix #,ISSUE,NULL,0,NULL,0
428e667b4a3bc570cd6d0dbff6bccb06bd7bdab7,d29d76c864b60ce491b6649c13afa32b37e3fd0a,18,13,5,#,NULL,NULL,0,NULL,0
d29d76c864b60ce491b6649c13afa32b37e3fd0a,bc195d5d9c49bf8258398744c39f43acc7a564a4,2,1,1,Document,ISSUE,NULL,2,NULL,1
af099ff91a5b127a5cdddea436bf63e4bc18ff23,bc195d5d9c49bf8258398744c39f43acc7a564a4,2,1,1,Document,ISSUE,NULL,2,NULL,1
bc195d5d9c49bf8258398744c39f43acc7a564a4,b320ad772c20099f049d07a0bc935ce6a1667c4c,3,1,2,Document,NULL,NULL,3,NULL,1
9ffbe792f4d31486ffe71f3ce1667db14a458783,b320ad772c20099f049d07a0bc935ce6a1667c4c,4,2,2,Normal,NULL,NULL,4,NULL,2
c97ed526fd0e970c8abf973ee2016262f6f439e5,b320ad772c20099f049d07a0bc935ce6a1667c4c,2,1,1,Normal,NULL,NULL,0,NULL,0
b320ad772c20099f049d07a0bc935ce6a1667c4c,270002f413925f03a070fc0193cd3f2f56e4a3f8,5,3,2,Document,NULL,NULL,5,NULL,1
270002f413925f03a070fc0193cd3f2f56e4a3f8,c891546ddf5e0cfb2be677efbf5efa3dc9b2c992,1,1,0,fix #,ISSUE,NULL,1,NULL,1
51640ed0e039f061089f7ffaa95fbbc8075fdcea,6e98be838fe2b5773a4366231a7a5d0b8f850760,1,1,0,fix,NULL,NULL,1,NULL,1
6e98be838fe2b5773a4366231a7a5d0b8f850760,45217839c5ce619445340f72e413d119723eb044,4,3,1,Normal,NULL,NULL,4,NULL,1
c891546ddf5e0cfb2be677efbf5efa3dc9b2c992,5d00283af2312d152471116415cdfaf3b3408b0d,2,1,1,Document,NULL,NULL,2,NULL,1
5d00283af2312d152471116415cdfaf3b3408b0d,55d185221fd0abd49868d246e01a6830066953a3,9,3,6,#,NULL,NULL,9,NULL,1
45217839c5ce619445340f72e413d119723eb044,5f96bfae6dfcb5f60ed6b92926070c5d0999e862,2,1,1,Normal,NULL,NULL,2,NULL,1
5f96bfae6dfcb5f60ed6b92926070c5d0999e862,55d185221fd0abd49868d246e01a6830066953a3,2,0,2,Normal,NULL,NULL,2,NULL,1
7d154cca20445a258c10be050fb636fe9164656d,55d185221fd0abd49868d246e01a6830066953a3,9,3,6,Normal,NULL,NULL,9,NULL,1
55d185221fd0abd49868d246e01a6830066953a3,38539770998ed7859b85906d732c051b2d168360,76,61,15,Comment,NULL,NULL,0,NULL,0
ee9af1faedc830605ff44dd9d183d1a37b4ec0e4,76f045edf51dc381fc9f8572ee8333e374ef6cac,76,61,15,Comment,NULL,NULL,0,NULL,0
38539770998ed7859b85906d732c051b2d168360,bdfb1ecbeec4c4d89524b9ad3b6a4c8d419e6ec4,2,1,1,Document,NULL,NULL,2,NULL,1
bdfb1ecbeec4c4d89524b9ad3b6a4c8d419e6ec4,a5f3fa02355747698447a25d33675573727195e9,2,1,1,Document,NULL,NULL,2,NULL,1
a5f3fa02355747698447a25d33675573727195e9,470b71521204efbb9f5818f815e9104d265ce464,3,1,2,Document,NULL,NULL,3,NULL,1
470b71521204efbb9f5818f815e9104d265ce464,d0e06858b3c21a9ab572b967051840504d1568ac,14,10,4,Document,NULL,NULL,14,NULL,1
d0e06858b3c21a9ab572b967051840504d1568ac,45c1f5a93b376f5166362fb43bd8d0d2e1bee2b1,4,2,2,Document,NULL,NULL,4,NULL,1
45c1f5a93b376f5166362fb43bd8d0d2e1bee2b1,e6f076530b1569f35667342fc7727eb801cc1456,2,1,1,Document,NULL,NULL,2,NULL,1
e6f076530b1569f35667342fc7727eb801cc1456,057ba1deadc70ab07a41bc11aff5af59e1fbae67,5,5,0,Normal,NULL,NULL,5,NULL,1
057ba1deadc70ab07a41bc11aff5af59e1fbae67,af3c0e11fc4a2f61850fbdc47d966f4dcb81596c,1,1,0,Document,NULL,NULL,1,NULL,1
af3c0e11fc4a2f61850fbdc47d966f4dcb81596c,88bc92fdc3a8a473377d83c77cd7637a961eeda9,4,2,2,Document,NULL,NULL,4,NULL,1
88bc92fdc3a8a473377d83c77cd7637a961eeda9,15b2b5f4555ffd239c07cff8e6bafbdaa6f69dd1,2,1,1,Document,NULL,NULL,2,NULL,1
15b2b5f4555ffd239c07cff8e6bafbdaa6f69dd1,acec14309fb15ad6c1d57f2208a486bcb0ea9309,26,21,5,Document,NULL,NULL,26,NULL,1
acec14309fb15ad6c1d57f2208a486bcb0ea9309,88a6274dbbaa24844a4abab5bb7462676fbf1ab9,75,61,14,Normal,NULL,NULL,67,NULL,4
88a6274dbbaa24844a4abab5bb7462676fbf1ab9,e270eaeb737dc8712d087da7dc45dd56bdfd911d,2,1,1,Normal,NULL,NULL,0,NULL,0
e270eaeb737dc8712d087da7dc45dd56bdfd911d,eeeaead55b205dd6ecdb053774817fb004d5f59e,30,30,0,Normal,NULL,NULL,30,NULL,1
eeeaead55b205dd6ecdb053774817fb004d5f59e,76f045edf51dc381fc9f8572ee8333e374ef6cac,2,1,1,Normal,NULL,NULL,0,NULL,0
76f045edf51dc381fc9f8572ee8333e374ef6cac,3fe3ce351feff427df5ed627d0ffea27178ae7af,328,165,163,Document,NULL,NULL,328,NULL,2
39db29028efc822f2ee4228f2a46dfc08c51b844,906718f724b6ad327062811dbdfe52f1d8b5f55a,328,165,163,Document,NULL,NULL,328,NULL,2
906718f724b6ad327062811dbdfe52f1d8b5f55a,7e98aa5924af8b496025f011d117b30c34dedb70,2,1,1,Normal,NULL,NULL,0,NULL,0
3fe3ce351feff427df5ed627d0ffea27178ae7af,0ac86596764694d78c627cbc72cc0b4d7d5ee617,2,1,1,Normal,NULL,NULL,0,NULL,0
0ac86596764694d78c627cbc72cc0b4d7d5ee617,e38c8b720019406903c0dd63bba0458ef98075a6,9,5,4,#,NULL,NULL,0,NULL,0
7e98aa5924af8b496025f011d117b30c34dedb70,e1b98771471939cd3c193dc8c0643cd3526bb6dd,9,5,4,Normal,NULL,NULL,0,NULL,0
e1b98771471939cd3c193dc8c0643cd3526bb6dd,56660a57ec7fc1378f84d839ccec4c0be6ee6dd2,1079,1063,16,Document,NULL,NULL,146,NULL,7
e38c8b720019406903c0dd63bba0458ef98075a6,58c1a7f7c11de2b754c56537e32b646c4d156fe4,16,16,0,Document,NULL,NULL,16,NULL,1
58c1a7f7c11de2b754c56537e32b646c4d156fe4,d704cdba171ddaf7847a20d84b8fd69a5a4ebe01,1110,1093,17,Document,NULL,NULL,130,NULL,7
232968e950466f7dc9322b8c46a716a61515de86,68b18f08e02e27acd87d3063539be8d91c81a2ca,2,1,1,Document,NULL,NULL,2,NULL,1
68b18f08e02e27acd87d3063539be8d91c81a2ca,8c7987b272c024d3edcf57fb2cd3b43899f714f1,4,2,2,Document,NULL,NULL,4,NULL,1
8c7987b272c024d3edcf57fb2cd3b43899f714f1,d48143c677ef23982e855bb33dcfa43aa45bbc1c,15,15,0,Document,NULL,NULL,15,NULL,1
d48143c677ef23982e855bb33dcfa43aa45bbc1c,2ac76eab63b445a3ad551dc9d6330d93d06bdb71,428,428,0,Normal,NULL,NULL,0,NULL,0
2ac76eab63b445a3ad551dc9d6330d93d06bdb71,a3793a75878b3fdd7c29c7e2ae5f70fe9cceab40,12,6,6,#,ISSUE,NULL,12,NULL,2
a3793a75878b3fdd7c29c7e2ae5f70fe9cceab40,32dcd0dac51f27a2d6aef71bc43ccc5c4090c8a5,12,7,5,#,ISSUE,NULL,12,NULL,1
32dcd0dac51f27a2d6aef71bc43ccc5c4090c8a5,e60c7030d8802f4dbd8f6bac6686fc4c91cca5f7,55,55,0,#,ISSUE,NULL,55,NULL,1
e60c7030d8802f4dbd8f6bac6686fc4c91cca5f7,18932cda8518e2ef91b504ccf9696eaf52fa08ab,4,0,4,Normal,NULL,NULL,4,NULL,1
18932cda8518e2ef91b504ccf9696eaf52fa08ab,0577fca1a9b27685673f9b991b041e57042e2b39,6,3,3,Normal,NULL,NULL,0,NULL,0
0577fca1a9b27685673f9b991b041e57042e2b39,d83b5c4ae73d0a2ef834fae1f0dee3723233a04c,6,4,2,Normal,NULL,NULL,0,NULL,0
56660a57ec7fc1378f84d839ccec4c0be6ee6dd2,853cb905420cf367c59ab241cd187a2254a310cb,6,3,3,Normal,NULL,NULL,0,NULL,0
d704cdba171ddaf7847a20d84b8fd69a5a4ebe01,0dbc73f6d2ddf25ea69b724b08ad47bfaa2234fd,6,3,3,#,NULL,NULL,0,NULL,0
853cb905420cf367c59ab241cd187a2254a310cb,776caaa8d6b658e7fc892cbb5c9436eaaae1a784,47,46,1,Normal,NULL,NULL,0,NULL,0
23faf58849c8e46f34864b7821934ea8a116cfea,0dbc73f6d2ddf25ea69b724b08ad47bfaa2234fd,6,3,3,Normal,NULL,NULL,0,NULL,0
d83b5c4ae73d0a2ef834fae1f0dee3723233a04c,d8e55db9c94bda869d0fac3894c30dd81e6fb431,201,101,100,Normal,NULL,NULL,0,NULL,1
d8e55db9c94bda869d0fac3894c30dd81e6fb431,776caaa8d6b658e7fc892cbb5c9436eaaae1a784,581,579,2,Normal,NULL,NULL,32,NULL,3
776caaa8d6b658e7fc892cbb5c9436eaaae1a784,aa9ba03fd2115ed78a6e671c82d28b2686fc640a,0,0,0,Normal,NULL,NULL,0,NULL,0
0dbc73f6d2ddf25ea69b724b08ad47bfaa2234fd,7906fe2de50b1512f7a8da1442265cbf9c366761,5,3,2,fix #,ISSUE,BUG,5,NULL,1
aa9ba03fd2115ed78a6e671c82d28b2686fc640a,506a793113112dfbe612fdd5bf73e14f335224ed,0,0,0,Normal,NULL,NULL,0,NULL,0
506a793113112dfbe612fdd5bf73e14f335224ed,ef95f4afe645824f21d8b1f523a03f599059338e,5,3,2,Normal,NULL,NULL,5,NULL,1
7906fe2de50b1512f7a8da1442265cbf9c366761,5d343f89c7de0829cadb5dd81559bddd9dad5f79,46,30,16,Document,NULL,NULL,32,NULL,1
ef95f4afe645824f21d8b1f523a03f599059338e,5d343f89c7de0829cadb5dd81559bddd9dad5f79,46,30,16,Document,NULL,NULL,32,NULL,1
5d343f89c7de0829cadb5dd81559bddd9dad5f79,d1b0fa93f0fa92c9ba82544371e9a966fbf86bb0,3,3,0,Document,NULL,NULL,3,NULL,1
d1b0fa93f0fa92c9ba82544371e9a966fbf86bb0,d15b5551e223048829088d783e9681d7e7d1d56b,2,1,1,Document,NULL,NULL,2,NULL,1
d15b5551e223048829088d783e9681d7e7d1d56b,a62f4e2f69b1409177ef41655a02085a56cb3ba5,2,1,1,Normal,NULL,NULL,2,NULL,1
a62f4e2f69b1409177ef41655a02085a56cb3ba5,36d01be13d69a8e0b184c00a67ea7ba430455ff0,2,1,1,Normal,NULL,NULL,2,NULL,1
36d01be13d69a8e0b184c00a67ea7ba430455ff0,d1deb42c002de01532aaf868e54f71245c9dc5d2,15,13,2,Normal,NULL,NULL,13,NULL,2
d1deb42c002de01532aaf868e54f71245c9dc5d2,a4376e4081e9e17b1edda71907613d21f5617d11,2,0,2,Normal,NULL,NULL,0,NULL,0
a4376e4081e9e17b1edda71907613d21f5617d11,073f030970a0ae541a7ed480f62ddaa3d12da80f,21,9,12,Normal,NULL,NULL,0,NULL,0
073f030970a0ae541a7ed480f62ddaa3d12da80f,56c6bb6813f6178a787d990ffc2d32f3db6d8931,20,14,6,Document,NULL,NULL,20,NULL,1
36036f63a1469547cb1a50474ea147217d74fc5f,56c6bb6813f6178a787d990ffc2d32f3db6d8931,20,14,6,Document,NULL,NULL,20,NULL,1
56c6bb6813f6178a787d990ffc2d32f3db6d8931,b78fce46558b730cc17fea7f19e6182facc68782,20,10,10,Document,NULL,NULL,20,NULL,1
b78fce46558b730cc17fea7f19e6182facc68782,338ff86ed7a8f8cf0fed578215742605a67391ce,2,1,1,Normal,NULL,NULL,0,NULL,0
338ff86ed7a8f8cf0fed578215742605a67391ce,035b6671359856a4248512ed8975a62ef317d93f,7603,3342,4261,Document,NULL,NULL,5410,NULL,51
035b6671359856a4248512ed8975a62ef317d93f,538d1914e3d27c12ad9315ddce5fab575b60f786,8,3,5,Document,NULL,NULL,8,NULL,1
fec74f4b1bb22e67668c0c80d2c21b08e781864c,538d1914e3d27c12ad9315ddce5fab575b60f786,8,3,5,Document,NULL,NULL,8,NULL,1
538d1914e3d27c12ad9315ddce5fab575b60f786,6f731d44cd7cf85dc482ba779a3e2744f4e49a31,51,10,41,Format,ISSUE,BUG,51,NULL,1
6f731d44cd7cf85dc482ba779a3e2744f4e49a31,563d49e7e3d35f03837d98f58b830fe4edf004cf,9,5,4,Document,NULL,NULL,9,NULL,1
563d49e7e3d35f03837d98f58b830fe4edf004cf,43cb2cee6f38a017ec7322858d77f59c0e9b8afb,2,1,1,Normal,NULL,NULL,0,NULL,0
43cb2cee6f38a017ec7322858d77f59c0e9b8afb,655ecccabad9e480f38b4072fb95127f2b4eb61a,2,1,1,Normal,NULL,NULL,2,NULL,1
655ecccabad9e480f38b4072fb95127f2b4eb61a,613cff8a553baafdbc83ab72466432ed710666cc,2,1,1,Normal,NULL,NULL,2,NULL,1
613cff8a553baafdbc83ab72466432ed710666cc,b498b7435201a43a190c2f5803c78c7b49809469,7,3,4,fix #,ISSUE,NULL,0,NULL,0
b5d6fb7dd3d34a5571f440144dc2dde1e9cce520,486c6d7e1fe74e4679c112324c1994e99b5e93ab,4,2,2,Normal,NULL,NULL,0,NULL,0
486c6d7e1fe74e4679c112324c1994e99b5e93ab,91315808a674a8e4c1f305bb99edd201809e7063,5,2,3,Normal,NULL,NULL,0,NULL,0
b498b7435201a43a190c2f5803c78c7b49809469,657c7767bd3ccf80c1eb402ed5ce796fc922ad87,4,2,2,Normal,NULL,NULL,0,NULL,0
657c7767bd3ccf80c1eb402ed5ce796fc922ad87,848b93c12ba7ab0675447d81bc464e2574360b72,38,38,0,Document,NULL,NULL,38,NULL,1
848b93c12ba7ab0675447d81bc464e2574360b72,5c6ee951fcceb2174264a6ddb423608aa1b953d0,136,75,61,Document,NULL,NULL,7,NULL,1
91315808a674a8e4c1f305bb99edd201809e7063,b9565a5b32f83b1b49ce3c5f62e38e1e2f987be4,117,57,60,Normal,NULL,NULL,0,NULL,0
b9565a5b32f83b1b49ce3c5f62e38e1e2f987be4,3b4ef8733ef34a1b134e2bed7b67637abba06f4c,2,0,2,Document,NULL,NULL,2,NULL,1
3b4ef8733ef34a1b134e2bed7b67637abba06f4c,f183ca659cd74523eefc80d39ba44794547fb3ae,7,7,0,Document,NULL,NULL,7,NULL,1
f183ca659cd74523eefc80d39ba44794547fb3ae,11ea64cb77a0533c2a7a77054643cbd63a8b3c37,1,1,0,Normal,NULL,NULL,0,NULL,0
11ea64cb77a0533c2a7a77054643cbd63a8b3c37,200553757e8599c283fde1151d25e58bae33a09c,6,6,0,Normal,NULL,NULL,0,NULL,0
200553757e8599c283fde1151d25e58bae33a09c,5c6ee951fcceb2174264a6ddb423608aa1b953d0,5,5,0,Normal,NULL,NULL,0,NULL,0
5c6ee951fcceb2174264a6ddb423608aa1b953d0,2b890180ed4af13d4f88eeb6612c6388094b70a0,2,1,1,Document,NULL,NULL,2,NULL,1
2b890180ed4af13d4f88eeb6612c6388094b70a0,6e8c3e3edec1508422b451ce9a72961967a722f4,7,6,1,Document,NULL,NULL,4,NULL,1
a9cafc11e4529f7a53234548324cf6f9c88dd06a,222830781798b47077284c5644c6f018350c60fb,4,3,1,Document,NULL,NULL,4,NULL,1
222830781798b47077284c5644c6f018350c60fb,6e8c3e3edec1508422b451ce9a72961967a722f4,3,3,0,fix #,ISSUE,NULL,0,NULL,0
6e8c3e3edec1508422b451ce9a72961967a722f4,a05d696f17b9416ff40a68b0599e2893758e5a75,2,1,1,Document,NULL,NULL,2,NULL,1
a05d696f17b9416ff40a68b0599e2893758e5a75,e53ca010aef5548fe37d9e00f7c5de8e547c9947,15,15,0,Document,NULL,NULL,15,NULL,1
e53ca010aef5548fe37d9e00f7c5de8e547c9947,427ffc1d8c7ef7189644ffc13bfd36c3d1eafbfc,12,2,10,Document,NULL,NULL,12,NULL,1
427ffc1d8c7ef7189644ffc13bfd36c3d1eafbfc,f78612a4a8836f779f9c0f360a83572ef4b8e8a7,2,1,1,Document,NULL,NULL,2,NULL,1
d516955764fcdc273038c2b76ccf4c99384b1d9b,f78612a4a8836f779f9c0f360a83572ef4b8e8a7,15,15,0,Document,NULL,NULL,15,NULL,1
f78612a4a8836f779f9c0f360a83572ef4b8e8a7,f041e2bfd8ac52c4dcd3db1a1121fcb297b5985d,35,21,14,Document,NULL,NULL,35,NULL,1
f041e2bfd8ac52c4dcd3db1a1121fcb297b5985d,abd731e50ca0a33f26dee91ea1f9981e290c56ef,25,9,16,Document,NULL,NULL,25,NULL,1
abd731e50ca0a33f26dee91ea1f9981e290c56ef,c11537c3e3ebb8536df02585235e78549e86b59e,253,200,53,Document,NULL,NULL,253,NULL,1
c11537c3e3ebb8536df02585235e78549e86b59e,e8646955b589204b279c95cf77588c12361f44fd,4,2,2,Document,NULL,NULL,4,NULL,1
e8646955b589204b279c95cf77588c12361f44fd,aadc8141a087117ac734555007cb778616793f1d,4,2,2,Document,NULL,NULL,4,NULL,1
aadc8141a087117ac734555007cb778616793f1d,33da930e967593150d84d25f59b6082affdc238c,22,16,6,Document,NULL,NULL,22,NULL,1
33da930e967593150d84d25f59b6082affdc238c,93e5599e6ec35a6f5e17a67db9b7afe2311cf7cd,10,8,2,Document,NULL,NULL,10,NULL,1
93e5599e6ec35a6f5e17a67db9b7afe2311cf7cd,5db9fac50412961632b79cacfcd7933d13b68661,6,3,3,Normal,NULL,NULL,0,NULL,0
5db9fac50412961632b79cacfcd7933d13b68661,dc9003514a9ff912442b7e5305694de91b948b2f,2,1,1,Document,NULL,NULL,2,NULL,1
dc9003514a9ff912442b7e5305694de91b948b2f,ba873136a56e0e4386e2e08ffa658733a5d135b9,10,7,3,Document,NULL,NULL,10,NULL,1
ba873136a56e0e4386e2e08ffa658733a5d135b9,9664a3eff593e464622a57c4ddaa1f8f050b821b,104,53,51,Document,NULL,NULL,0,NULL,38
9664a3eff593e464622a57c4ddaa1f8f050b821b,62b8cf1e473404dc502d71d4baccbfbabbeb4ae7,50,25,25,Document,NULL,NULL,50,NULL,1
62b8cf1e473404dc502d71d4baccbfbabbeb4ae7,5d59f819f26a1496145702c78571b0f882e7765a,2,1,1,Normal,NULL,NULL,0,NULL,0
5d59f819f26a1496145702c78571b0f882e7765a,8f5124c2d11c79fad5cae4e58c31bd562a04bbf7,3,2,1,Document,NULL,NULL,3,NULL,1
8f5124c2d11c79fad5cae4e58c31bd562a04bbf7,bc4b398dc0f46c89d26bcf06534751b806fd3fb8,2,1,1,Document,NULL,NULL,2,NULL,1
bc4b398dc0f46c89d26bcf06534751b806fd3fb8,5be7d2f000c7bee38f062c8491639afbae967a40,25,15,10,Document,NULL,NULL,25,NULL,1
5be7d2f000c7bee38f062c8491639afbae967a40,cafceff9e252193119e564ac7acf71d749a442b6,1,0,1,Normal,NULL,NULL,1,NULL,1
cafceff9e252193119e564ac7acf71d749a442b6,2e38f8f6233884e521cbdc075145146b46acd062,4,2,2,#,NULL,NULL,0,NULL,0
2d61ebb9903c7adc24927f6d777917a2dcf5bf2e,2e38f8f6233884e521cbdc075145146b46acd062,4,2,2,Normal,NULL,NULL,0,NULL,0
2e38f8f6233884e521cbdc075145146b46acd062,f00f9d7b90d70cb5afe9856fc913a1cd5d156839,141,140,1,#,NULL,NULL,0,NULL,0
9da5f239e42bbdbe1a1e0dec9b4d74449324aa12,f00f9d7b90d70cb5afe9856fc913a1cd5d156839,141,140,1,Normal,NULL,NULL,0,NULL,0
f00f9d7b90d70cb5afe9856fc913a1cd5d156839,aaea1794820f4938c8e8d0c03443028abae21859,10,4,6,#,NULL,NULL,10,NULL,2
ebb1a4f7ccf7d804330e83ab34e6f1a3da3b42dc,aaea1794820f4938c8e8d0c03443028abae21859,10,4,6,Normal,NULL,NULL,10,NULL,2
aaea1794820f4938c8e8d0c03443028abae21859,28dec5d14424656da9db2f3d8487ba751a40402c,2,1,1,Document,NULL,NULL,2,NULL,1
28dec5d14424656da9db2f3d8487ba751a40402c,8143c0585405f38c28fffdecdcff4b677d55f7e2,2,1,1,fix #,ISSUE,NULL,0,NULL,0
5106de361838130aa35fa244d3fe8a91136434f3,8143c0585405f38c28fffdecdcff4b677d55f7e2,2,1,1,Normal,ISSUE,NULL,0,NULL,0
8143c0585405f38c28fffdecdcff4b677d55f7e2,0b3c084cb199d6f7c2ca444eaa3f5439c281bc6b,7,3,4,#,NULL,NULL,7,NULL,1
e4509eeba605e7f2624654f00ffd5d9c47834a22,17578d5f5d22c71d72395d58d0929f97aac771cc,7,3,4,Normal,NULL,NULL,7,NULL,1
0b3c084cb199d6f7c2ca444eaa3f5439c281bc6b,17578d5f5d22c71d72395d58d0929f97aac771cc,7,4,3,fix #,ISSUE,NULL,7,NULL,1
7dad7c9121ffb9070d14fc0ca821dbf797db3d90,17578d5f5d22c71d72395d58d0929f97aac771cc,7,4,3,Normal,ISSUE,NULL,7,NULL,1
17578d5f5d22c71d72395d58d0929f97aac771cc,9102ca5c7887855170f7f6dc498f3ead1118d78f,6,4,2,#,NULL,NULL,0,NULL,0
e6932510ce6e44c6b7791c148317815c01847834,2371f90de52d2c17d85ad6c5f71470f93d9afac7,4,2,2,Normal,NULL,NULL,0,NULL,0
2371f90de52d2c17d85ad6c5f71470f93d9afac7,13f24cf7fcd09ede0076b80aa706e402219ebf43,6,4,2,Normal,NULL,NULL,0,NULL,0
9102ca5c7887855170f7f6dc498f3ead1118d78f,9e97ad8fac532f56cb3f5341cb2e14b72a7c23c7,276,276,0,#,NULL,NULL,0,NULL,0
13f24cf7fcd09ede0076b80aa706e402219ebf43,9e97ad8fac532f56cb3f5341cb2e14b72a7c23c7,276,276,0,Normal,NULL,NULL,0,NULL,0
9e97ad8fac532f56cb3f5341cb2e14b72a7c23c7,a228ab2db587777af37ae5e9a58f791b9b551654,2,1,1,Document,NULL,NULL,2,NULL,1
a228ab2db587777af37ae5e9a58f791b9b551654,9a133bfa2f4cb39f3edb21611742b84ca2e5b1f3,2,2,0,Document,NULL,NULL,2,NULL,1
9a133bfa2f4cb39f3edb21611742b84ca2e5b1f3,147b667f05cb93efc3e52ac9e2081bc53be6347b,20,14,6,Document,NULL,NULL,20,NULL,1
147b667f05cb93efc3e52ac9e2081bc53be6347b,dec4fd8ec5c807d083478359b9454f327730ec1b,46,46,0,Normal,NULL,NULL,46,NULL,2
dec4fd8ec5c807d083478359b9454f327730ec1b,6d180f4173b75136c6634e904beea398c9583777,4,2,2,Normal,NULL,NULL,0,NULL,0
6d180f4173b75136c6634e904beea398c9583777,efee383a8fcfb19b8e43d225b4dada0759042e4f,2,1,1,Normal,NULL,NULL,2,NULL,1
efee383a8fcfb19b8e43d225b4dada0759042e4f,962a9226b45ae8de504eda3fc8743de851602674,2,1,1,Normal,NULL,NULL,2,NULL,1
962a9226b45ae8de504eda3fc8743de851602674,c48b37e3066475116cf053e2b0d763e1c29650fd,21,21,0,Normal,NULL,NULL,21,NULL,1
c48b37e3066475116cf053e2b0d763e1c29650fd,8b4ba6f4ca8c3730c2e57dc92ba40c9958fdeed0,4,2,2,Normal,NULL,NULL,0,NULL,0
8b4ba6f4ca8c3730c2e57dc92ba40c9958fdeed0,dc5692e8e0db65c46293798809dab6145cf27c63,339,238,101,fix,ISSUE,BUG,103,NULL,32
dc5692e8e0db65c46293798809dab6145cf27c63,21230b0357f456d1c9a29deb4cd4aa11c2eb3999,6,3,3,Document,NULL,NULL,6,NULL,1
21230b0357f456d1c9a29deb4cd4aa11c2eb3999,1c64faf9c8fa7b781b54357ceeee7be02a1a59fc,6,3,3,#,NULL,NULL,6,NULL,3
adc42f439b121f42052d9f04b56ef0552eeca6ff,1c64faf9c8fa7b781b54357ceeee7be02a1a59fc,6,3,3,Normal,NULL,NULL,6,NULL,3
1c64faf9c8fa7b781b54357ceeee7be02a1a59fc,84ce493acbce158c1be7e9b715d171781a34eb6e,2,1,1,Document,NULL,NULL,2,NULL,1
84ce493acbce158c1be7e9b715d171781a34eb6e,b7fc698145e1e2e9ddc1b207a2ff5109ba4a4c2d,2,1,1,Document,NULL,NULL,2,NULL,1
b7fc698145e1e2e9ddc1b207a2ff5109ba4a4c2d,dbe3f9fd6140c7fab8a7337a5a03524fc16af2cf,4,2,2,Document,NULL,NULL,4,NULL,1
dbe3f9fd6140c7fab8a7337a5a03524fc16af2cf,20d536bf5dde4f3f12ed89c27a712f4734086ca4,6,5,1,Document,NULL,NULL,6,NULL,1
20d536bf5dde4f3f12ed89c27a712f4734086ca4,7582b04311af5076fb43fc99485af653c536b835,2,1,1,Document,NULL,NULL,2,NULL,1
7582b04311af5076fb43fc99485af653c536b835,7995b6629a632bbaef6e7d657407263ffaa724a1,32,27,5,Document,NULL,NULL,32,NULL,1
7995b6629a632bbaef6e7d657407263ffaa724a1,d7f64a1a61215e60df79b8327c4ca45fb2b943d6,4,2,2,Normal,NULL,NULL,0,NULL,0
d7f64a1a61215e60df79b8327c4ca45fb2b943d6,671b5711d0cdec03d2aa52636e04bd0f4dfbf7d5,261,128,133,Normal,NULL,NULL,118,NULL,9
671b5711d0cdec03d2aa52636e04bd0f4dfbf7d5,bd298b1f0a7f86b4a737d7b9b999818505491a82,38,28,10,Document,NULL,NULL,38,NULL,1
bd298b1f0a7f86b4a737d7b9b999818505491a82,57aea6da37d077f2a7bd121cbc2e1a7bce9e09de,2,1,1,Document,NULL,NULL,2,NULL,1
57aea6da37d077f2a7bd121cbc2e1a7bce9e09de,bf75af94ed9cac190eb0adc811e76c9bdacdd4ac,2,1,1,Document,NULL,NULL,2,NULL,1
bf75af94ed9cac190eb0adc811e76c9bdacdd4ac,aecba4ce5a933e01739020a29304c2384e0b979b,16,12,4,Document,NULL,NULL,16,NULL,1
aecba4ce5a933e01739020a29304c2384e0b979b,e20540fd13a7bb761f4be42f71c273c345e30439,2,1,1,Document,NULL,NULL,2,NULL,1
e20540fd13a7bb761f4be42f71c273c345e30439,cc00da40de9e6b0b03ab8b3975bf8a60308115f8,111,93,18,Document,NULL,NULL,111,NULL,1
cc00da40de9e6b0b03ab8b3975bf8a60308115f8,754835ca43229962db62f79adc80ccf1e00adbf2,4,2,2,Normal,NULL,NULL,4,NULL,1
754835ca43229962db62f79adc80ccf1e00adbf2,1e7d47718ca753d8596ed4f9104f85e826234329,0,0,0,fix,NULL,NULL,0,NULL,0
1e7d47718ca753d8596ed4f9104f85e826234329,c45e8c74871a362ed7104e533e1baa135ab22d33,0,0,0,Normal,NULL,NULL,0,NULL,0
c45e8c74871a362ed7104e533e1baa135ab22d33,b6614463117477d182c906dca71d2ff84531736d,2321,1617,704,Normal,NULL,NULL,2079,NULL,15
b6614463117477d182c906dca71d2ff84531736d,87bbeb8b777b50da7c179988cde4c731b8ccf74f,2,1,1,Document,NULL,NULL,2,NULL,1
87bbeb8b777b50da7c179988cde4c731b8ccf74f,47416ecf9dc68959aec4be2f7ae4621f0d36d2e1,24,12,12,Document,NULL,NULL,24,NULL,1
47416ecf9dc68959aec4be2f7ae4621f0d36d2e1,a2d7f0ec92fed6858a7f6bb1f35866450313e848,4,2,2,Document,NULL,NULL,4,NULL,1
a2d7f0ec92fed6858a7f6bb1f35866450313e848,2142148b455f9d5feb3fe9d4065ead7c21287da5,2,1,1,Document,NULL,NULL,2,NULL,1
2142148b455f9d5feb3fe9d4065ead7c21287da5,7162a8f98b115a84ff1fa40332047cbaaf0c03b4,0,0,0,Normal,NULL,NULL,0,NULL,0
7162a8f98b115a84ff1fa40332047cbaaf0c03b4,e06f312785829d2b73f36b1474b3774745308efc,0,0,0,Normal,NULL,NULL,0,NULL,0
e06f312785829d2b73f36b1474b3774745308efc,d75924baf97ba5c396da2fa0236adffa1f09acca,4,2,2,Document,NULL,NULL,4,NULL,1
d75924baf97ba5c396da2fa0236adffa1f09acca,a828812180fef0b0983ba74d639cced6bd5ea9a0,2,1,1,Document,NULL,NULL,2,NULL,1
a828812180fef0b0983ba74d639cced6bd5ea9a0,5010ef71e8cd3278b30e342525bbb3e60f27c96a,4,2,2,Document,NULL,NULL,4,NULL,1
5010ef71e8cd3278b30e342525bbb3e60f27c96a,34cb956d77ddd2d08e86e6f88734c3ec58d0f947,3,3,0,Document,NULL,NULL,3,NULL,1
34cb956d77ddd2d08e86e6f88734c3ec58d0f947,ce59a29e6762d013d652cbfaabb5eebec9c77595,2,1,1,Document,NULL,NULL,2,NULL,1
ce59a29e6762d013d652cbfaabb5eebec9c77595,f7f97e1ba5326b0adb9792ab5e8f51a710a2f462,9,8,1,Document,NULL,NULL,9,NULL,1
f7f97e1ba5326b0adb9792ab5e8f51a710a2f462,8f8255f2aeaabb6e240d7bc415c03ea7ba2b8a7a,0,0,0,Normal,NULL,NULL,0,NULL,0
8f8255f2aeaabb6e240d7bc415c03ea7ba2b8a7a,d38aa28cb796c55a6046ce0b08e8906454eb2f3d,0,0,0,Normal,NULL,NULL,0,NULL,0
d38aa28cb796c55a6046ce0b08e8906454eb2f3d,6d0da9d9c41e85998d958e056958192bfbf612c0,0,0,0,Normal,NULL,NULL,0,NULL,0
6d0da9d9c41e85998d958e056958192bfbf612c0,df1d52b754e121e26f97162cfb1ba8bf0bdfd427,1,1,0,Document,NULL,NULL,1,NULL,1
df1d52b754e121e26f97162cfb1ba8bf0bdfd427,6b4980b3808b05b9f2ab56fc8273bb3de42aa5cf,2,2,0,#,NULL,NULL,2,NULL,2
4bfb5ee957ac75c6e4218eda97a04fba3caf28eb,6b4980b3808b05b9f2ab56fc8273bb3de42aa5cf,2,2,0,fix,ISSUE,NULL,2,NULL,2
6b4980b3808b05b9f2ab56fc8273bb3de42aa5cf,2e8a7df1c210a6181d0f49b94ad5cf5718a46b9d,10,5,5,Document,NULL,NULL,10,NULL,1
2e8a7df1c210a6181d0f49b94ad5cf5718a46b9d,0c9ae040401cdc08af4401814a147526cd26c2fc,16,8,8,Document,NULL,NULL,16,NULL,1
0c9ae040401cdc08af4401814a147526cd26c2fc,8fe6b8d4dffa7fa2ff44a377a16e17712b1770c0,1,1,0,Document,NULL,NULL,1,NULL,1
8fe6b8d4dffa7fa2ff44a377a16e17712b1770c0,e211a74dcb55013b02955be9a851c5fcc702b7cc,4,2,2,Document,NULL,NULL,4,NULL,1
e211a74dcb55013b02955be9a851c5fcc702b7cc,dc7742858c36cd66411b39b876373a58bcd33feb,14,7,7,Document,NULL,NULL,14,NULL,1
dc7742858c36cd66411b39b876373a58bcd33feb,1a9651214d9f55480ec0f59efbba8a588bb898e2,14,8,6,Document,NULL,NULL,14,NULL,1
1a9651214d9f55480ec0f59efbba8a588bb898e2,0641de68323ea94a3e7ea4aba5f0616d713f83c1,26,13,13,Document,NULL,NULL,26,NULL,1
0641de68323ea94a3e7ea4aba5f0616d713f83c1,b936085f7b7f2dee3dcaaee893c7c78745fd5863,2,1,1,Document,NULL,NULL,2,NULL,1
b936085f7b7f2dee3dcaaee893c7c78745fd5863,e9b33bdc0cef66327953b92d7bf05ea9b9f6c56f,63,40,23,Document,NULL,NULL,63,NULL,1
e9b33bdc0cef66327953b92d7bf05ea9b9f6c56f,6e630df7f48481c9a908472fb84eaafc571b5a9f,11,10,1,Document,NULL,NULL,11,NULL,1
6e630df7f48481c9a908472fb84eaafc571b5a9f,e1ba20d393daf6ced24e68b22b3282bb3212a3c5,2,1,1,Document,NULL,NULL,2,NULL,1
e1ba20d393daf6ced24e68b22b3282bb3212a3c5,37cce31d1ba9cea2b74e89ce391facce8cd6f9ae,4,3,1,Document,NULL,NULL,4,NULL,1
37cce31d1ba9cea2b74e89ce391facce8cd6f9ae,8d312e1102f17997c5424ed84e08f819d2f316c1,38,19,19,Normal,NULL,NULL,38,NULL,2
8d312e1102f17997c5424ed84e08f819d2f316c1,9411c547f64031d58b148e4d301b1333ebf62a01,8,5,3,Document,NULL,NULL,8,NULL,1
9411c547f64031d58b148e4d301b1333ebf62a01,a3220cb5bb3d39b24c43d1eef481baacaf238882,2,1,1,#,NULL,NULL,2,NULL,1
3dc6876941a6080404f7a855b1ddceac1048a491,a3220cb5bb3d39b24c43d1eef481baacaf238882,2,1,1,#,NULL,NULL,2,NULL,1
a3220cb5bb3d39b24c43d1eef481baacaf238882,bb472a61a6d1d9c2c6f4f6e32406e58f3b202769,4,2,2,Document,NULL,NULL,4,NULL,1
bb472a61a6d1d9c2c6f4f6e32406e58f3b202769,7b549d82c6033817d464348919c063d3fe9845a2,2,1,1,Document,NULL,NULL,2,NULL,1
7b549d82c6033817d464348919c063d3fe9845a2,931cd918f0d94b9a3cfd7c4910c4280423a685cc,2,1,1,Document,NULL,NULL,2,NULL,1
931cd918f0d94b9a3cfd7c4910c4280423a685cc,f7170a8446848f4da4edc80b644aaef6886b6b90,12,6,6,Document,NULL,NULL,12,NULL,1
f7170a8446848f4da4edc80b644aaef6886b6b90,71027045373bb37a58da357fe8368476e6e31366,2,1,1,Document,NULL,NULL,2,NULL,1
71027045373bb37a58da357fe8368476e6e31366,85af0b3aae82f4dc91c64e41b21dc8ebeb743610,4,2,2,Normal,NULL,NULL,4,NULL,1
85af0b3aae82f4dc91c64e41b21dc8ebeb743610,2686d052d5f34012da83cd9205b689e65fa0161f,4,2,2,Document,NULL,NULL,4,NULL,1
2686d052d5f34012da83cd9205b689e65fa0161f,7433c49057ec6946acb0fd774c5a8698e5f76bb4,2,1,1,Document,NULL,NULL,2,NULL,1
7433c49057ec6946acb0fd774c5a8698e5f76bb4,d29f31731b2f05bcdb6fa4dfbc19743e272c2844,2,1,1,Normal,NULL,NULL,0,NULL,0
d29f31731b2f05bcdb6fa4dfbc19743e272c2844,3d23988cfebf607007746d21674399b53652d216,2,1,1,Document,NULL,NULL,2,NULL,1
3d23988cfebf607007746d21674399b53652d216,e9b591e75ae29da43330438272d7fcd49808c0e0,8,6,2,Document,NULL,NULL,8,NULL,1
e9b591e75ae29da43330438272d7fcd49808c0e0,07b5d223dd5711c4aba4c9c319764f217c3cafd3,100,71,29,Format,NULL,NULL,100,NULL,1
07b5d223dd5711c4aba4c9c319764f217c3cafd3,517fa3b3276a313cf98e6074316638fb2830bc6e,13,9,4,Document,NULL,NULL,13,NULL,1
517fa3b3276a313cf98e6074316638fb2830bc6e,5fccaafd45055498e2cfebc9533898db4d31d239,2,1,1,Document,NULL,NULL,2,NULL,1
5fccaafd45055498e2cfebc9533898db4d31d239,030c11f81bb1299af50658796b6937bf1b332357,11,9,2,Document,NULL,NULL,11,NULL,1
030c11f81bb1299af50658796b6937bf1b332357,590a9aa7de0383afbbf6d922b0d4dcbf865aa0f3,2,1,1,Normal,NULL,NULL,2,NULL,1
590a9aa7de0383afbbf6d922b0d4dcbf865aa0f3,3aea935ae0e59cd1ba847e64ff4d6897fcc65916,1,0,1,Normal,NULL,NULL,0,NULL,0
3aea935ae0e59cd1ba847e64ff4d6897fcc65916,2d844328bc2676d089ba652478868e5dc2e764c9,1,0,1,Normal,NULL,NULL,0,NULL,0
2d844328bc2676d089ba652478868e5dc2e764c9,03aee05e381af6008485a17899dda1f2c6c82f1b,1,1,0,Normal,NULL,NULL,0,NULL,0
03aee05e381af6008485a17899dda1f2c6c82f1b,2b8a79201fc2713835741e8427a1c3bd8fb1ed8c,18,18,0,Normal,NULL,NULL,0,NULL,0
2b8a79201fc2713835741e8427a1c3bd8fb1ed8c,9672a700f0c0b25a2629584ba954425d33ee3764,15,7,8,Format,NULL,NULL,15,NULL,1
9672a700f0c0b25a2629584ba954425d33ee3764,49bda29257a2ecc25d8a8b18e2dda63fc50af408,2,1,1,Document,NULL,NULL,2,NULL,1
49bda29257a2ecc25d8a8b18e2dda63fc50af408,76a3f40125f0358f3042d9358cb96d079c0bacba,21,11,10,Document,NULL,NULL,21,NULL,1
76a3f40125f0358f3042d9358cb96d079c0bacba,0840395100a620b39359bd0ef7d7ff31fc823aa9,2,1,1,Document,NULL,NULL,2,NULL,1
0840395100a620b39359bd0ef7d7ff31fc823aa9,3d9b10964dfcd9ec2a1c44f059a542e711670873,11,5,6,Document,NULL,NULL,11,NULL,1
3d9b10964dfcd9ec2a1c44f059a542e711670873,adee6f383b1318b8510948b477c1a895240566b5,247,245,2,Document,NULL,NULL,247,NULL,1
adee6f383b1318b8510948b477c1a895240566b5,5db962792a242b8382e8fcd53b876de9a3e39fb2,2,1,1,Normal,NULL,NULL,2,NULL,1
5db962792a242b8382e8fcd53b876de9a3e39fb2,a67366aa8783734185e0b9e8e57d0c960c651b34,2,1,1,Normal,NULL,NULL,2,NULL,1
a67366aa8783734185e0b9e8e57d0c960c651b34,35eefc92151024e22f21d1954ccb254870b706fd,2,1,1,Normal,NULL,NULL,2,NULL,1
35eefc92151024e22f21d1954ccb254870b706fd,64104958e2f41cee850a2344ce41315a7c707fc2,2,1,1,Normal,NULL,NULL,2,NULL,1
64104958e2f41cee850a2344ce41315a7c707fc2,e46efffdecd4750bdef50dbc798a6e0f259c244b,2,1,1,Normal,NULL,NULL,2,NULL,1
e46efffdecd4750bdef50dbc798a6e0f259c244b,faad4af75c2a00e9b7fc96fc11e6328b0f34588d,2,1,1,Normal,NULL,NULL,2,NULL,1
faad4af75c2a00e9b7fc96fc11e6328b0f34588d,fa439322d1fb1257315138462464eb4b6cc97ab6,2,1,1,Normal,NULL,NULL,2,NULL,1
fa439322d1fb1257315138462464eb4b6cc97ab6,ee3bfebbee9067212c09ef8da22bdb4525f6dee3,2,1,1,Normal,NULL,NULL,2,NULL,1
ee3bfebbee9067212c09ef8da22bdb4525f6dee3,95175ab72a3d5a52b3c1088f8337d7af5ddb34e9,2,1,1,Normal,NULL,NULL,2,NULL,1
95175ab72a3d5a52b3c1088f8337d7af5ddb34e9,9c07c071158dc4fb15361a930aca9bb7f316a3c2,2,1,1,Normal,NULL,NULL,2,NULL,1
9c07c071158dc4fb15361a930aca9bb7f316a3c2,da5b085e227245ba3f0139b02dc56cc9bb466ce1,4,2,2,Normal,NULL,NULL,4,NULL,1
da5b085e227245ba3f0139b02dc56cc9bb466ce1,4be58c1703872e3dcd7ef47a77a11b315666fa87,58,58,0,Normal,NULL,NULL,34,NULL,1
4be58c1703872e3dcd7ef47a77a11b315666fa87,0f0668b5664e9b3a6135639b14c22353f5067003,2024,2024,0,Normal,NULL,NULL,962,NULL,20
0f0668b5664e9b3a6135639b14c22353f5067003,2de96ad0014b1987d4c1faaf9f0fcea8b62f056a,733,733,0,Normal,NULL,NULL,0,NULL,0
2de96ad0014b1987d4c1faaf9f0fcea8b62f056a,67502d2cafe0f180df7e683d1acfcaeed4ed9188,2060,2060,0,Normal,NULL,NULL,2060,NULL,10
67502d2cafe0f180df7e683d1acfcaeed4ed9188,65c3eb33a7305aab4dd5e267d0389c6ea469e854,21,21,0,Normal,NULL,NULL,21,NULL,1
65c3eb33a7305aab4dd5e267d0389c6ea469e854,d52d6113e09ded1a0f7c7334b7c7cf0f6a3db9aa,21,0,21,Normal,NULL,NULL,21,NULL,1
d52d6113e09ded1a0f7c7334b7c7cf0f6a3db9aa,efa785c0a382b2fdc68b85a5255d783faf8ad3e5,21,21,0,Format,NULL,NULL,21,NULL,1
efa785c0a382b2fdc68b85a5255d783faf8ad3e5,0b8ca9c7a19f5ab8a72173a29f743e7d77a1b9ae,38,0,38,Normal,NULL,NULL,38,NULL,1
0b8ca9c7a19f5ab8a72173a29f743e7d77a1b9ae,d18ef80ea76dc701497b4e4d6e1a96f105836b78,38,38,0,Format,NULL,NULL,38,NULL,1
d18ef80ea76dc701497b4e4d6e1a96f105836b78,8ac5fa4eac7c4cb9fcdea75f3e00adfc9f220498,21,0,21,Normal,NULL,NULL,0,NULL,0
8ac5fa4eac7c4cb9fcdea75f3e00adfc9f220498,5662f7ca4691dfebb664656dd2a60646335d5c7d,34,17,17,Format,NULL,NULL,0,NULL,0
5662f7ca4691dfebb664656dd2a60646335d5c7d,null,25,25,0,Document,NULL,NULL,4,NULL,1
