63252b2b9085b02275d8c1ee6adc62abf5663c90,780a3f600f43671af1991d2ef2798288873570d8,23,18,5,Document,NULL,NULL,0,NULL,0
780a3f600f43671af1991d2ef2798288873570d8,c00b7ec4fe71a7258af9ae956a625a8f91c440f8,6,6,0,Normal,ISSUE,NULL,6,NULL,1
c00b7ec4fe71a7258af9ae956a625a8f91c440f8,2281a22aaef6ead001b87a13c0119075cfc27c96,6,4,2,Normal,NULL,NULL,6,NULL,1
2281a22aaef6ead001b87a13c0119075cfc27c96,e711fcd2f16bc6c6c3654b54792fba702bea509e,4,2,2,#,ISSUE,NULL,4,NULL,1
e711fcd2f16bc6c6c3654b54792fba702bea509e,fa2390e11ae8a82941ef06033b2da34529d53491,14,7,7,Document,ISSUE,BUG,12,NULL,2
fa2390e11ae8a82941ef06033b2da34529d53491,51a4c7088c9b51daa3e27f14e944a4b4ddb6345a,88,63,25,Normal,NULL,NULL,77,NULL,3
51a4c7088c9b51daa3e27f14e944a4b4ddb6345a,a9f92cb0edf1ee0bd990153cd0045d848e089395,313,257,56,Document,NULL,NULL,102,NULL,2
a9f92cb0edf1ee0bd990153cd0045d848e089395,fb40cab87e9b3072eb79db1c267ba777bc2ba2d4,2,1,1,Document,NULL,NULL,0,NULL,0
fb40cab87e9b3072eb79db1c267ba777bc2ba2d4,edb54996c61722b154ee2930e81f3f95fb5dfab0,6,5,1,Normal,NULL,NULL,6,NULL,2
edb54996c61722b154ee2930e81f3f95fb5dfab0,6730b475d099865e5cf6b00d647e8c85340848cd,7,6,1,Normal,NULL,NULL,7,NULL,1
6730b475d099865e5cf6b00d647e8c85340848cd,80424713e199c719fb2c6aa62e03bdf67ee64e7a,107,98,9,fix #,ISSUE,NULL,107,NULL,3
80424713e199c719fb2c6aa62e03bdf67ee64e7a,091bcdaba064604bfcba751530ec1e826170af60,162,100,62,Document,ISSUE,NULL,106,NULL,3
091bcdaba064604bfcba751530ec1e826170af60,4930bbc6ba9a385a58cb02aa9628b6e4ba22d8b4,2,1,1,Normal,NULL,NULL,2,NULL,1
4930bbc6ba9a385a58cb02aa9628b6e4ba22d8b4,5e676df8d6e5da93f3b6d329682600b5d0d5d047,48,25,23,Normal,NULL,NULL,26,NULL,1
5e676df8d6e5da93f3b6d329682600b5d0d5d047,ebb61868874554717b1fedd96cb34edf28105293,2,2,0,Comment,NULL,NULL,2,NULL,1
ebb61868874554717b1fedd96cb34edf28105293,57f8b733d34f74d0d508a24f02fbdabaf32eccc2,9,8,1,#,NULL,NULL,9,NULL,1
57f8b733d34f74d0d508a24f02fbdabaf32eccc2,2ceeb20b895595e07dd00ef2e2c915ec0744094c,14,14,0,fix #,ISSUE,NULL,14,NULL,2
2ceeb20b895595e07dd00ef2e2c915ec0744094c,de9dc175ecee39f4eba5a7462c1b8fdd7a0167ef,7,7,0,Normal,NULL,NULL,0,NULL,0
de9dc175ecee39f4eba5a7462c1b8fdd7a0167ef,86446d01ee53e173189c6b7aef2139652599092c,0,0,0,Normal,NULL,NULL,0,NULL,0
86446d01ee53e173189c6b7aef2139652599092c,f5cb5ec0efccd71bc1f93328f35339499892d2e9,5,3,2,#,NULL,NULL,5,NULL,1
f5cb5ec0efccd71bc1f93328f35339499892d2e9,a621fff578ebbe02f8c9222304f379e58ef6e9e6,35,33,2,#,NULL,NULL,35,NULL,2
a621fff578ebbe02f8c9222304f379e58ef6e9e6,246b2565327a5bddd9d3f7f1afba31038abab70e,4,3,1,#,ISSUE,BUG,4,NULL,1
246b2565327a5bddd9d3f7f1afba31038abab70e,7814d04359a98dabf0bbf9424e2533b07c1e30d7,9,7,2,fix #,ISSUE,NULL,9,NULL,1
7814d04359a98dabf0bbf9424e2533b07c1e30d7,3d202b0190c7cd613ec8c8905a3e93a67db38b89,2,1,1,Normal,NULL,NULL,0,NULL,0
3d202b0190c7cd613ec8c8905a3e93a67db38b89,336486e203406295e019fc076c924d58d635b59d,5,3,2,Normal,NULL,NULL,0,NULL,0
336486e203406295e019fc076c924d58d635b59d,065f7eb5ba863e8c722659486f1577937ced3cbd,7,5,2,fix #,ISSUE,NULL,7,NULL,1
065f7eb5ba863e8c722659486f1577937ced3cbd,aa7485c164a8579b953c02f6f79e5e81eccb0af5,8,2,6,#,NULL,NULL,8,NULL,1
aa7485c164a8579b953c02f6f79e5e81eccb0af5,dbf70939aee7473cbcff3bd9474e34ac3838272f,8,0,8,Document,NULL,NULL,0,NULL,0
dbf70939aee7473cbcff3bd9474e34ac3838272f,a2e67b6bf8764107d831f8f57e9dbfac3d0139b5,37,37,0,Document,NULL,NULL,19,NULL,1
a2e67b6bf8764107d831f8f57e9dbfac3d0139b5,bd8818896b0cecce41e0540b831e31466f4ecec2,12,6,6,Document,NULL,NULL,0,NULL,0
bd8818896b0cecce41e0540b831e31466f4ecec2,b7bd9630384e427b4fc3b40a84a65de193ba63f7,4,3,1,fix #,ISSUE,NULL,4,NULL,1
b7bd9630384e427b4fc3b40a84a65de193ba63f7,2a4903bf50c2d0714cfb20967bdb98474a08b813,2,1,1,#,NULL,NULL,2,NULL,1
2a4903bf50c2d0714cfb20967bdb98474a08b813,39bd03029ab3809517a83ab5b04b532a625c5fdf,454,434,20,fix #,ISSUE,NULL,454,NULL,32
39bd03029ab3809517a83ab5b04b532a625c5fdf,7c15f42bffa5f92556d72ad3610919c46697bad3,1,1,0,Document,NULL,NULL,0,NULL,0
7c15f42bffa5f92556d72ad3610919c46697bad3,1408fe9ba63b2f40181a33ff6deff0004b75b3b6,6,4,2,Normal,NULL,NULL,6,NULL,1
1408fe9ba63b2f40181a33ff6deff0004b75b3b6,0f231f62f9caa6c5217cec8cd69dacdcfb302761,8,6,2,#,NULL,NULL,8,NULL,1
0f231f62f9caa6c5217cec8cd69dacdcfb302761,6e1afcb30e06d0c43c01f31dd7e644f69c785305,2,2,0,Normal,NULL,NULL,1,NULL,1
6e1afcb30e06d0c43c01f31dd7e644f69c785305,64792cb5fa43d9132c8f0cbbfcabfc2c412a3389,795,540,255,fix #,ISSUE,NULL,795,NULL,9
64792cb5fa43d9132c8f0cbbfcabfc2c412a3389,aa3f8de4e12546b7c7c2e72f8c8726e1ae9965bd,2,1,1,Normal,NULL,NULL,0,NULL,0
aa3f8de4e12546b7c7c2e72f8c8726e1ae9965bd,d356aae5ccee034c41786781dabda472dc69f258,16,9,7,Document,NULL,NULL,0,NULL,0
d356aae5ccee034c41786781dabda472dc69f258,245d06888d48aa1b9e3e9169404bf0f53114aa50,18,17,1,Normal,NULL,NULL,18,NULL,2
245d06888d48aa1b9e3e9169404bf0f53114aa50,18a8f92e00be49229775b7a1739546ea6ae192d4,179,160,19,#,NULL,NULL,179,NULL,8
18a8f92e00be49229775b7a1739546ea6ae192d4,d8f74e06607f5e889d97f65934961f3b23faa0c0,42,34,8,fix #,ISSUE,NULL,42,NULL,2
d8f74e06607f5e889d97f65934961f3b23faa0c0,315f12e7076b7cca5bb662ce8107f8420d6dab81,4,3,1,fix #,ISSUE,NULL,4,NULL,1
315f12e7076b7cca5bb662ce8107f8420d6dab81,593a05a0baab4d9fbebd4a19f476a4a027a844a3,2,1,1,Document,NULL,NULL,0,NULL,0
593a05a0baab4d9fbebd4a19f476a4a027a844a3,b90164e41ae212148501655ba7d15fe4b31abb17,2,1,1,Normal,NULL,NULL,2,NULL,1
b90164e41ae212148501655ba7d15fe4b31abb17,33e9dbe915e985019d04d3d67f4260d0b897e342,48,45,3,Document,NULL,NULL,26,NULL,2
33e9dbe915e985019d04d3d67f4260d0b897e342,ca592f28caf1f398fa2f81d76343b086e100fab9,13,10,3,#,ISSUE,NULL,13,NULL,2
ca592f28caf1f398fa2f81d76343b086e100fab9,f027871b112a63502ffabb446331bcae411ec6aa,8,8,0,Normal,NULL,NULL,4,NULL,1
f027871b112a63502ffabb446331bcae411ec6aa,f59deca516d5f05dd785c097c3a1893be58b0f3a,277,258,19,fix #,ISSUE,NULL,277,NULL,15
f59deca516d5f05dd785c097c3a1893be58b0f3a,081833f41c8fdc8246a22c7b595d8e30f17cc7a2,8,4,4,Normal,NULL,NULL,0,NULL,0
081833f41c8fdc8246a22c7b595d8e30f17cc7a2,c89c05a1ceab0e34929d5b4795265e0f925c41ea,2,1,1,Document,NULL,NULL,0,NULL,0
c89c05a1ceab0e34929d5b4795265e0f925c41ea,0dcde28542ec12ff9a0bca6279ab207949ae23f8,4,2,2,Document,NULL,NULL,0,NULL,0
0dcde28542ec12ff9a0bca6279ab207949ae23f8,d4eaa83da9355f08005b37a1e52d07f8d78ca75a,54,41,13,Document,NULL,NULL,14,NULL,2
d4eaa83da9355f08005b37a1e52d07f8d78ca75a,2807b1124eb8732f3f92b3174adce9520664b2f0,2,2,0,Normal,NULL,NULL,1,NULL,1
2807b1124eb8732f3f92b3174adce9520664b2f0,a02e1caf3820d7a8919c9c6ce66629177d219c2b,96,70,26,Document,ISSUE,NULL,92,NULL,4
a02e1caf3820d7a8919c9c6ce66629177d219c2b,78c65202e53b1e15e93273cce7bc5004db8601c6,36,32,4,#,NULL,NULL,36,NULL,2
78c65202e53b1e15e93273cce7bc5004db8601c6,413fe8c219fb89a9dcbb0f84f8bd080689d72825,336,336,0,#,NULL,NULL,336,NULL,7
413fe8c219fb89a9dcbb0f84f8bd080689d72825,7dc47206744326bea056518be46ea5a71fc70401,16,16,0,#,NULL,NULL,16,NULL,1
7dc47206744326bea056518be46ea5a71fc70401,0cb4f51f0c4776a432b0887fe16b7a0b660be00b,12,12,0,fix #,ISSUE,NULL,12,NULL,1
0cb4f51f0c4776a432b0887fe16b7a0b660be00b,be8c9f85ef693c70b36fe4e08b2ba8e11b3b3062,1,1,0,Normal,NULL,NULL,0,NULL,0
be8c9f85ef693c70b36fe4e08b2ba8e11b3b3062,ad3b75cc82b7fd75c7d89c767b0d5c3ea1be43f5,32,8,24,Normal,NULL,NULL,32,NULL,4
ad3b75cc82b7fd75c7d89c767b0d5c3ea1be43f5,c1ab74e5551bff856cdf98e37439421debaf83c4,21,15,6,Normal,NULL,NULL,21,NULL,1
c1ab74e5551bff856cdf98e37439421debaf83c4,6f2ec2fc10a86dbe29486fe94ca7b3d250295399,40,20,20,Normal,NULL,NULL,40,NULL,11
6f2ec2fc10a86dbe29486fe94ca7b3d250295399,df4c46fd17a83208ac3af10f625818b7ef0ba8c4,243,92,151,Normal,NULL,NULL,243,NULL,12
df4c46fd17a83208ac3af10f625818b7ef0ba8c4,aee7eb45a55e22ecde135b82c4a558b6badbd9bc,2,1,1,fix #,ISSUE,NULL,2,NULL,1
aee7eb45a55e22ecde135b82c4a558b6badbd9bc,75cbda6b0616bce1b263e46ece0f1f9ab5f1352f,101,47,54,Normal,NULL,NULL,101,NULL,14
75cbda6b0616bce1b263e46ece0f1f9ab5f1352f,cf8463d2e1366bfc32c6b46965f0d48a5317af75,0,0,0,Normal,NULL,NULL,0,NULL,0
cf8463d2e1366bfc32c6b46965f0d48a5317af75,f56030dc738ad69e4ec82caa6177e8d6da0a1b37,9,9,0,Document,NULL,NULL,0,NULL,0
f56030dc738ad69e4ec82caa6177e8d6da0a1b37,2e5faf2726a374bb66c95a72f8d3dd4d829e5522,28,12,16,fix #,ISSUE,NULL,28,NULL,2
2e5faf2726a374bb66c95a72f8d3dd4d829e5522,49acb812c7c11e99dd49166eb2abcbd8f72a9d7c,66,56,10,#,NULL,NULL,42,NULL,5
49acb812c7c11e99dd49166eb2abcbd8f72a9d7c,94306ec63197c538a10ccf11e45a6c997a94358f,73,30,43,#,NULL,NULL,72,NULL,12
94306ec63197c538a10ccf11e45a6c997a94358f,50ffc1aa1bba3fe61d07107c1d9e4d451d087a4c,4,4,0,Document,NULL,NULL,0,NULL,0
50ffc1aa1bba3fe61d07107c1d9e4d451d087a4c,70efea2e0ac59d22e5ebb4192757741453d8ea8e,2,1,1,Normal,NULL,NULL,2,NULL,1
70efea2e0ac59d22e5ebb4192757741453d8ea8e,f1316fc359cc56083f63322d2dba91fadd210bbd,3926,1907,2019,#,NULL,NULL,3922,REFACTOR,55
f1316fc359cc56083f63322d2dba91fadd210bbd,38da4bb8d1aa7a5819a761669f454a9eea7c974d,21,11,10,Normal,NULL,NULL,21,NULL,2
38da4bb8d1aa7a5819a761669f454a9eea7c974d,1b9de944874f75903334ed8038ba98583180fc14,375,186,189,Normal,NULL,NULL,375,NULL,10
1b9de944874f75903334ed8038ba98583180fc14,53c14ab32322e4d2e6bb3f50b587b70ad2c79623,51,3,48,Normal,NULL,NULL,51,NULL,2
53c14ab32322e4d2e6bb3f50b587b70ad2c79623,7dc1ac85ad6808a38a34a5c0679e7f03f92c5b25,10,5,5,Normal,NULL,NULL,10,NULL,2
7dc1ac85ad6808a38a34a5c0679e7f03f92c5b25,f060c13dda43ae96c2385d5f4119e9b57eadcd01,2,1,1,Normal,NULL,NULL,0,NULL,0
f060c13dda43ae96c2385d5f4119e9b57eadcd01,95febac0b58ad456fcb027ace2a1cec9d58d1899,3,3,0,#,ISSUE,NULL,3,NULL,1
95febac0b58ad456fcb027ace2a1cec9d58d1899,7577e732b21de1ecebb3372908a8942d096d6158,52,27,25,Document,NULL,NULL,22,NULL,1
7577e732b21de1ecebb3372908a8942d096d6158,8439bdc370a9ca9a8d6f9e9272fd24774aacacfd,1,1,0,Document,NULL,NULL,0,NULL,0
8439bdc370a9ca9a8d6f9e9272fd24774aacacfd,1b2d5e906d0b2ecf777dd458810270765bfcdd93,110,89,21,fix #,ISSUE,NULL,110,NULL,7
1b2d5e906d0b2ecf777dd458810270765bfcdd93,b9dc5baa0ef22bf201f235de877e643dd72d3dc7,48,39,9,#,NULL,NULL,48,NULL,3
b9dc5baa0ef22bf201f235de877e643dd72d3dc7,01031d26993c60557130fa9b1f2cc4181ed2b12e,20,17,3,fix #,ISSUE,NULL,20,NULL,1
01031d26993c60557130fa9b1f2cc4181ed2b12e,8122a833305ccb772e1ec9f03c713d2fd609ab80,104,103,1,#,NULL,NULL,104,NULL,3
8122a833305ccb772e1ec9f03c713d2fd609ab80,c925806ae1887b4722291a610437c02fbec8e361,5,5,0,fix #,ISSUE,NULL,5,NULL,1
c925806ae1887b4722291a610437c02fbec8e361,e72ba6c417b211eefb4eef4466434f83b443352c,190,117,73,#,NULL,NULL,190,NULL,18
e72ba6c417b211eefb4eef4466434f83b443352c,eae74363b2165ee296463b83690121759dc1c4e0,10,9,1,#,ISSUE,NULL,10,NULL,2
eae74363b2165ee296463b83690121759dc1c4e0,fd91083c16bc26c229541e4d0ae79cc237a75412,38,33,5,fix #,ISSUE,NULL,38,NULL,3
fd91083c16bc26c229541e4d0ae79cc237a75412,5412ccfc5b600b94955ed72c7dd4f23b0200277d,9,5,4,fix #,ISSUE,NULL,5,NULL,3
5412ccfc5b600b94955ed72c7dd4f23b0200277d,6ad847f7b10f795b42a9c75cb8335f290a953d78,187,128,59,Normal,NULL,NULL,0,NULL,0
6ad847f7b10f795b42a9c75cb8335f290a953d78,2f94d58f515e7e40d44a4e3b781bbddae84aff6e,7,5,2,Document,NULL,NULL,6,NULL,1
2f94d58f515e7e40d44a4e3b781bbddae84aff6e,e50e4e6f5fb6b7de4d9a0e9316a8aebc1f25d822,3,2,1,Format,NULL,NULL,3,NULL,1
e50e4e6f5fb6b7de4d9a0e9316a8aebc1f25d822,da271dba66c5e76a6b2481ec942545536006225c,14,10,4,Document,NULL,NULL,0,NULL,0
da271dba66c5e76a6b2481ec942545536006225c,f9690d7dc371f021e56dc1b07f88407369df78ac,8,4,4,Normal,NULL,NULL,8,NULL,1
f9690d7dc371f021e56dc1b07f88407369df78ac,a83c26a45269d4e72cdb854ddd65fa98d53b6581,2,1,1,#,NULL,NULL,2,NULL,1
a83c26a45269d4e72cdb854ddd65fa98d53b6581,29a482bdc757323078d0945d01bff49956631fda,198,46,152,Document,ISSUE,NULL,195,NULL,4
29a482bdc757323078d0945d01bff49956631fda,13fec294f248fbb5cb34a46cfd03aa4296b32ac1,32,15,17,#,NULL,NULL,0,NULL,0
13fec294f248fbb5cb34a46cfd03aa4296b32ac1,09f459c5eb3d5fb279e45dd3a87894eda7498bac,3,3,0,Normal,NULL,NULL,3,NULL,1
09f459c5eb3d5fb279e45dd3a87894eda7498bac,4cb01105adb7a7c9730b818bca7903aa91047126,50,47,3,#,NULL,NULL,50,REFACTOR,2
4cb01105adb7a7c9730b818bca7903aa91047126,b5339e5237326c7412f805d3ebdce9aac8ef7e83,11,6,5,Document,NULL,NULL,0,NULL,0
b5339e5237326c7412f805d3ebdce9aac8ef7e83,34f13f5b0eba95cf8085b3f670be87a73314c3f8,2,1,1,Document,ISSUE,NULL,0,NULL,0
34f13f5b0eba95cf8085b3f670be87a73314c3f8,55cc8e3ba3c6acd42f0316d412ed528790c5f600,18,14,4,Document,NULL,NULL,0,NULL,0
55cc8e3ba3c6acd42f0316d412ed528790c5f600,aee20ceaf04a20561c731c6a71d32557e614a8b2,29,1,28,fix #,ISSUE,NULL,29,NULL,3
aee20ceaf04a20561c731c6a71d32557e614a8b2,1e62ad33071c332d528fa31c99d31adde29eaed2,20,18,2,#,NULL,NULL,20,NULL,2
1e62ad33071c332d528fa31c99d31adde29eaed2,3ed9af9fdf5fabed69e167afabd8fa23a00afb04,53,26,27,Normal,NULL,NULL,31,NULL,3
3ed9af9fdf5fabed69e167afabd8fa23a00afb04,f55c7c348b8c837f20a5ea20e2f3c70ba1bf4933,2777,0,2777,Normal,NULL,NULL,6,NULL,1
f55c7c348b8c837f20a5ea20e2f3c70ba1bf4933,9303221dc33820f3197d96625eceafb3a572285e,13,11,2,fix #,ISSUE,NULL,13,NULL,2
9303221dc33820f3197d96625eceafb3a572285e,99d578754d314414c5c816906ea73c645e55cb23,19,18,1,Document,ISSUE,NULL,14,NULL,1
99d578754d314414c5c816906ea73c645e55cb23,080f03c2744e2c767f80d5cebfdd374330a5dfb9,9,6,3,fix #,ISSUE,NULL,9,NULL,1
080f03c2744e2c767f80d5cebfdd374330a5dfb9,46904fc462a4c3cf32a92460ed49506396769e9a,8,6,2,fix #,ISSUE,NULL,8,NULL,1
46904fc462a4c3cf32a92460ed49506396769e9a,7d25209609e8ca67104704f5e16a50b7aafc4938,501,335,166,#,NULL,NULL,501,REFACTOR,26
7d25209609e8ca67104704f5e16a50b7aafc4938,9bec4ce41c32ca627fc0fce5ae59e1fb731f68ea,7,5,2,Document,ISSUE,NULL,2,NULL,1
9bec4ce41c32ca627fc0fce5ae59e1fb731f68ea,ffbc236d459d0e170257b41904556b021a6a338b,624,362,262,#,NULL,NULL,624,NULL,28
ffbc236d459d0e170257b41904556b021a6a338b,c796f641db7a438f6b8091f3ad136d181df40ab3,5,3,2,fix #,ISSUE,NULL,5,NULL,1
c796f641db7a438f6b8091f3ad136d181df40ab3,67aac9bf74ada5e4d7825217e70a547e8d8f1c35,45,33,12,Document,NULL,NULL,0,NULL,0
67aac9bf74ada5e4d7825217e70a547e8d8f1c35,92cf6ed59c6f5329a74d6120dc129f6638c0feb0,48,46,2,Normal,NULL,NULL,48,NULL,3
92cf6ed59c6f5329a74d6120dc129f6638c0feb0,127ee1456e1b8289c0d23443d17baf92029b321e,14,8,6,#,NULL,NULL,14,NULL,2
127ee1456e1b8289c0d23443d17baf92029b321e,c5a6daf095c34700cc5b04aa1404f854354ff8bc,797,469,328,#,NULL,NULL,797,NULL,18
c5a6daf095c34700cc5b04aa1404f854354ff8bc,1c9921e5b2057f3df73ad3bd1e3b2d1b3562a192,538,295,243,Document,NULL,NULL,535,REFACTOR,13
1c9921e5b2057f3df73ad3bd1e3b2d1b3562a192,1927fc4d20cb68128bdc069e0ddf4336f23a2ac2,314,288,26,Document,NULL,NULL,300,NULL,11
1927fc4d20cb68128bdc069e0ddf4336f23a2ac2,719002332a520a6fa705729dc18ba72436cf587f,18,15,3,Normal,NULL,NULL,18,NULL,1
719002332a520a6fa705729dc18ba72436cf587f,a89288a3af3e205a3fa63616ee70431fbbaac762,28,3,25,#,NULL,NULL,28,NULL,1
a89288a3af3e205a3fa63616ee70431fbbaac762,126106c5e0768558ccf184518776ea85226c7cd7,49,36,13,#,NULL,NULL,48,NULL,3
126106c5e0768558ccf184518776ea85226c7cd7,aa2e33ac1b1d3e8b04938eb5dc66aa7c25d3570a,67,46,21,#,NULL,NULL,66,NULL,4
aa2e33ac1b1d3e8b04938eb5dc66aa7c25d3570a,4bb193dd51fefc3873b6a514ae6dbab4965231fb,13,8,5,Normal,NULL,NULL,13,NULL,1
4bb193dd51fefc3873b6a514ae6dbab4965231fb,16d37fc3b33dc4b575ae5f495b50a5299cb583cb,6,6,0,Normal,NULL,NULL,6,NULL,1
16d37fc3b33dc4b575ae5f495b50a5299cb583cb,cc285e59d16db8d79ebd1f352f8bb0f5e5db84f4,14,11,3,fix #,ISSUE,NULL,13,NULL,3
cc285e59d16db8d79ebd1f352f8bb0f5e5db84f4,16d0fac5e14693abeede43eb1ac32072218aba42,269,169,100,#,NULL,NULL,267,NULL,8
16d0fac5e14693abeede43eb1ac32072218aba42,cf517f4bb8a39185ef2398034d2ac6b760fc8525,2,1,1,fix #,ISSUE,NULL,2,NULL,1
cf517f4bb8a39185ef2398034d2ac6b760fc8525,edb7e5bdf247a71b96dcfda06bab167778b39f57,392,220,172,fix #,ISSUE,NULL,389,NULL,11
edb7e5bdf247a71b96dcfda06bab167778b39f57,c5c8a381ab3b11e231a2f935e9e8a813e3113fff,645,216,429,#,NULL,NULL,645,NULL,27
c5c8a381ab3b11e231a2f935e9e8a813e3113fff,a330e4676e02c58bd3c0a26e294924b4a02a15f8,34,17,17,Normal,NULL,NULL,34,NULL,2
a330e4676e02c58bd3c0a26e294924b4a02a15f8,e228bbb51fd7106ec4481dda602193efce9b266e,876,226,650,Document,NULL,NULL,843,NULL,17
e228bbb51fd7106ec4481dda602193efce9b266e,c10f32690c4bee313829c4db4b08d0a848c38143,2,1,1,Normal,NULL,NULL,2,NULL,1
c10f32690c4bee313829c4db4b08d0a848c38143,2b2876eff4a507d75fabf1ccabc17e3b351098f4,51,42,9,#,NULL,NULL,51,NULL,6
2b2876eff4a507d75fabf1ccabc17e3b351098f4,88ca527613280f46588e06fe5b9351c1825b0010,89,80,9,#,NULL,NULL,88,NULL,2
88ca527613280f46588e06fe5b9351c1825b0010,dbad2cf93136a3456d72c33e19c7ddf83afe7e2a,4,4,0,#,NULL,NULL,4,NULL,1
dbad2cf93136a3456d72c33e19c7ddf83afe7e2a,fb5514ec7eaa90ac50f411c5eefd9211a3d0cf6e,110,84,26,#,NULL,NULL,109,NULL,2
fb5514ec7eaa90ac50f411c5eefd9211a3d0cf6e,a5d57e69f312c54347ddbd44a668f148399a11fa,44,31,13,#,NULL,NULL,43,NULL,1
a5d57e69f312c54347ddbd44a668f148399a11fa,e132624362bd818e6fa5d26708f178e82521ff64,73,64,9,#,NULL,NULL,71,NULL,4
e132624362bd818e6fa5d26708f178e82521ff64,a0925b0089761fdf399ba6aaefcf519263a3a3bc,336,328,8,#,NULL,NULL,335,NULL,5
a0925b0089761fdf399ba6aaefcf519263a3a3bc,23b663add2ba25705ceda4a0072139004765123b,2,2,0,#,NULL,NULL,2,NULL,1
23b663add2ba25705ceda4a0072139004765123b,b55666bb08344e512e758496a9ea46bf6ee236b1,11,2,9,Document,NULL,NULL,7,NULL,1
b55666bb08344e512e758496a9ea46bf6ee236b1,c2618cea27b4a75fea8ebdfcaa40c6b21e989e2b,60,26,34,Normal,NULL,NULL,60,NULL,3
c2618cea27b4a75fea8ebdfcaa40c6b21e989e2b,07430f15907a101bb9f498e4b90763ef711c8608,66,62,4,#,NULL,NULL,66,NULL,2
07430f15907a101bb9f498e4b90763ef711c8608,44ff69a149b964ac1224e09d4d4d958903ba1c67,1993,798,1195,#,NULL,NULL,1989,REFACTOR,49
44ff69a149b964ac1224e09d4d4d958903ba1c67,39c16bb18a6a7b9592f431ac189cbd86f7aa0a90,0,0,0,fix #,ISSUE,NULL,0,NULL,0
39c16bb18a6a7b9592f431ac189cbd86f7aa0a90,d8de815b7bdeca1cf8a967916a210cd2c6b145b7,22,20,2,#,NULL,NULL,22,NULL,2
d8de815b7bdeca1cf8a967916a210cd2c6b145b7,e6f37cef2dd7904a7113b4c0bccd50f77009dc04,1,1,0,Normal,NULL,NULL,1,NULL,1
e6f37cef2dd7904a7113b4c0bccd50f77009dc04,958e27c7b5110c62d0658f31e0f9e97666a78ca6,4,3,1,Normal,NULL,NULL,4,NULL,1
958e27c7b5110c62d0658f31e0f9e97666a78ca6,02fd8dda61054988779195646ec8928cbb84ef86,64,6,58,fix #,ISSUE,NULL,64,NULL,2
02fd8dda61054988779195646ec8928cbb84ef86,e4ad706e2a5107b329ceea3a4d7fa3ef9169eb42,399,144,255,#,NULL,NULL,399,NULL,6
e4ad706e2a5107b329ceea3a4d7fa3ef9169eb42,b8f8660385c51c377df244ac6fb492376120638e,3,3,0,#,NULL,NULL,3,NULL,1
b8f8660385c51c377df244ac6fb492376120638e,ac8a49d43e89e3de90dd7ab6e8a66c9655e1e860,11,8,3,Document,NULL,NULL,0,NULL,0
ac8a49d43e89e3de90dd7ab6e8a66c9655e1e860,2a8a0226932e527d9b11b264086563feacff04e0,14,14,0,fix #,ISSUE,NULL,13,NULL,4
2a8a0226932e527d9b11b264086563feacff04e0,0ca8ad880ae565a4c67ea849b89f37b38de0cc21,2,1,1,fix #,ISSUE,NULL,2,NULL,1
0ca8ad880ae565a4c67ea849b89f37b38de0cc21,3a4de7122d8baf1778e5a8e6e57c05588b219483,36,36,0,fix #,ISSUE,NULL,36,NULL,2
3a4de7122d8baf1778e5a8e6e57c05588b219483,df285545f099256b7ed13eb33ecb76110a8eeb37,15,15,0,fix #,ISSUE,NULL,15,NULL,3
df285545f099256b7ed13eb33ecb76110a8eeb37,216d0d1fa2defbaa9aef790a84d8c46d6d016202,15,9,6,Normal,NULL,NULL,0,NULL,0
216d0d1fa2defbaa9aef790a84d8c46d6d016202,db354f5b4f8f5a2945967eafbe5a72650bd4d99c,3,2,1,Normal,NULL,NULL,2,NULL,1
db354f5b4f8f5a2945967eafbe5a72650bd4d99c,335b06861dbcf23a8a1eb0ab821bf915f6b594db,15,15,0,#,NULL,NULL,15,NULL,1
335b06861dbcf23a8a1eb0ab821bf915f6b594db,43278eea6e5a8e7f34f0c63509968c01b56e2364,2,1,1,Normal,NULL,NULL,2,NULL,1
43278eea6e5a8e7f34f0c63509968c01b56e2364,aa77c155c0babb6a67b02816cc46b0a8a15ef7c1,11,3,8,fix #,ISSUE,NULL,11,NULL,1
aa77c155c0babb6a67b02816cc46b0a8a15ef7c1,f4d7e2f5418a3a7497abb48af3e11f463df9d9fa,2,2,0,fix #,ISSUE,NULL,2,NULL,1
f4d7e2f5418a3a7497abb48af3e11f463df9d9fa,bf9b5cabd15f786760ebf41f1fbb2b01ec22293a,2,2,0,Normal,NULL,NULL,0,NULL,0
bf9b5cabd15f786760ebf41f1fbb2b01ec22293a,d0d8f422ccb384d3e9ad4d7813d37d26aac96447,16,11,5,fix #,ISSUE,NULL,14,NULL,3
d0d8f422ccb384d3e9ad4d7813d37d26aac96447,e7664e2c5e2b6d2588f36216248cb4a72d523dc2,26,22,4,#,ISSUE,NULL,26,NULL,3
e7664e2c5e2b6d2588f36216248cb4a72d523dc2,151a1e0379513281e5b1be0db6c23b2bfd42fb55,6,5,1,fix #,ISSUE,NULL,6,NULL,1
151a1e0379513281e5b1be0db6c23b2bfd42fb55,f0add914409e3c2368dab72aa684b69a1b908e9c,6,3,3,Document,NULL,NULL,0,NULL,0
f0add914409e3c2368dab72aa684b69a1b908e9c,bc81bb5119b575b08f9d20fa5678df17759c169d,2,1,1,Document,ISSUE,NULL,0,NULL,0
bc81bb5119b575b08f9d20fa5678df17759c169d,820f78b6f3e95d2bc3a2b85f1319746b2f6513c9,3,2,1,Document,NULL,NULL,0,NULL,0
820f78b6f3e95d2bc3a2b85f1319746b2f6513c9,a1c707bb642fa1cda37b8b37a7d9cf9e4ad9ffb1,1,1,0,Document,NULL,NULL,0,NULL,0
a1c707bb642fa1cda37b8b37a7d9cf9e4ad9ffb1,6e0574e2fd552ad4ccc110781b5b2489a95ba17b,9,6,3,fix #,ISSUE,NULL,9,NULL,1
6e0574e2fd552ad4ccc110781b5b2489a95ba17b,49783f23f93515b40a0ba81a0540242ea27b2b4c,14,7,7,Normal,NULL,NULL,0,NULL,0
49783f23f93515b40a0ba81a0540242ea27b2b4c,35378bceb626cd05d37f40c7f11bea803cc1bde3,21,21,0,Normal,NULL,NULL,0,NULL,0
35378bceb626cd05d37f40c7f11bea803cc1bde3,0bace80fc86963e19ad7b17c2bf9127e8b4a48c8,12,8,4,Document,ISSUE,NULL,0,NULL,0
0bace80fc86963e19ad7b17c2bf9127e8b4a48c8,e5ee0d28a8031b7c83536935b6d7e477c79158e2,177,141,36,Normal,NULL,NULL,173,NULL,15
e5ee0d28a8031b7c83536935b6d7e477c79158e2,4219149a11a92c9b3804a876c99ed6abffcd1a1f,2,1,1,Document,NULL,NULL,0,NULL,0
4219149a11a92c9b3804a876c99ed6abffcd1a1f,a148130b9f5264a3ad6d2a9602393ef25915be86,1970,881,1089,Document,NULL,NULL,1889,NULL,58
a148130b9f5264a3ad6d2a9602393ef25915be86,d8ff4b979f2c34b7795d457f022e38a5e6b6003e,4,2,2,Document,ISSUE,NULL,0,NULL,0
d8ff4b979f2c34b7795d457f022e38a5e6b6003e,cb0e48af9b405b0638cd5a4fbfae16f5d186cc00,10275,5269,5006,Format,NULL,NULL,10030,NULL,62
cb0e48af9b405b0638cd5a4fbfae16f5d186cc00,ba648a60d225d940b5008c0d0711f9839c278d8a,2,1,1,Document,NULL,NULL,0,NULL,0
ba648a60d225d940b5008c0d0711f9839c278d8a,f4d1a35153a81408878b4f2b3779335094ca461e,4,2,2,Normal,NULL,NULL,0,NULL,0
f4d1a35153a81408878b4f2b3779335094ca461e,509eb8f9e19e2084dbf5a0b0c0152e9667918ec6,56,17,39,Normal,NULL,NULL,56,NULL,1
509eb8f9e19e2084dbf5a0b0c0152e9667918ec6,a1b0d934dbc0c7c5fb826459f212f25f26393006,8,5,3,Normal,NULL,NULL,0,NULL,0
a1b0d934dbc0c7c5fb826459f212f25f26393006,3369f326f8089005b9c84ffab7b9ea99bffa592b,6,5,1,Normal,NULL,NULL,0,NULL,0
3369f326f8089005b9c84ffab7b9ea99bffa592b,708722c395b8316aafc750591b3e9f5d54e6994c,5,3,2,Normal,NULL,NULL,5,NULL,1
708722c395b8316aafc750591b3e9f5d54e6994c,9ebb33d12cb70bd466443c1a0578b166d1ed450f,4,4,0,Document,NULL,NULL,0,NULL,0
9ebb33d12cb70bd466443c1a0578b166d1ed450f,2c37cafc950d1345f405e869cc496154facf4772,12,11,1,#,NULL,NULL,12,NULL,2
2c37cafc950d1345f405e869cc496154facf4772,d74aab32207d0de24a837ca34055e1814d53a0a0,10,2,8,#,NULL,NULL,9,NULL,3
d74aab32207d0de24a837ca34055e1814d53a0a0,864198bb204e48b843eb27f28c1b4e53e6405231,2,1,1,Format,ISSUE,BUG,2,NULL,1
864198bb204e48b843eb27f28c1b4e53e6405231,0966d1bdeed35f55ed9456b3047555b36d8f490f,2,1,1,Document,ISSUE,NULL,0,NULL,0
0966d1bdeed35f55ed9456b3047555b36d8f490f,665854ad1d2b9da09e75f7d3c4642c30712fb5a3,2,1,1,fix #,ISSUE,NULL,2,NULL,1
665854ad1d2b9da09e75f7d3c4642c30712fb5a3,e4f92859f06912aa4b5a87e4b9465d465a487697,2,1,1,Document,NULL,NULL,0,NULL,0
e4f92859f06912aa4b5a87e4b9465d465a487697,637289d279ad2b57139bfa9ea624188c05312eda,2,1,1,Document,ISSUE,NULL,0,NULL,0
637289d279ad2b57139bfa9ea624188c05312eda,8adf9942ff06c90d10d11de6b0112dd47f391b66,119,59,60,fix #,ISSUE,NULL,119,NULL,36
8adf9942ff06c90d10d11de6b0112dd47f391b66,be0df2070cf5395cb976af186c6f05a4bec365a4,2,0,2,#,NULL,NULL,0,NULL,0
be0df2070cf5395cb976af186c6f05a4bec365a4,f2f319bbaa26c65d806e49575f1df0658792e4e5,2,1,1,Document,ISSUE,NULL,0,NULL,0
f2f319bbaa26c65d806e49575f1df0658792e4e5,cb9ab00edb752fdf31bea222e8326b3476a7f6b8,3,1,2,#,NULL,NULL,0,NULL,0
cb9ab00edb752fdf31bea222e8326b3476a7f6b8,4297bcc192faea4ad8187d99cb50f687ff00c620,110,60,50,Document,ISSUE,NULL,15,NULL,5
4297bcc192faea4ad8187d99cb50f687ff00c620,ba361a6706857b63857f9e8a6eb699ada1eb2ecd,6,4,2,Document,NULL,NULL,0,NULL,0
ba361a6706857b63857f9e8a6eb699ada1eb2ecd,28baa2150b6985f5301c704195d63d89aee879f5,2,1,1,Document,NULL,NULL,0,NULL,0
28baa2150b6985f5301c704195d63d89aee879f5,b82838c05b04a9c6a7da23f44fd8548020f4913d,2,2,0,Document,NULL,NULL,0,NULL,0
b82838c05b04a9c6a7da23f44fd8548020f4913d,d2639d66eea7386870a788b3a58756c39bd48ea5,4,4,0,Document,NULL,NULL,0,NULL,0
d2639d66eea7386870a788b3a58756c39bd48ea5,617299549ab91d7cf6213848938ea1f3d1866368,2,1,1,Document,NULL,NULL,0,NULL,0
617299549ab91d7cf6213848938ea1f3d1866368,5bba4c2b71cb2be873aa1cb07c597d145cc52e16,2,1,1,Document,NULL,NULL,0,NULL,0
5bba4c2b71cb2be873aa1cb07c597d145cc52e16,fb735be1a7f8b54ef070b2bb711eda9f33d5b601,10,5,5,Document,NULL,NULL,0,NULL,0
fb735be1a7f8b54ef070b2bb711eda9f33d5b601,8606ec75298d2c417bcdab21f6c276d3dabf026d,4,2,2,Document,NULL,NULL,0,NULL,0
8606ec75298d2c417bcdab21f6c276d3dabf026d,8713dc7fa52623dfbbfd13b5ed99f1ddc2f5ba9c,5,4,1,Document,NULL,NULL,0,NULL,0
8713dc7fa52623dfbbfd13b5ed99f1ddc2f5ba9c,216209966dc76003075059a78d43c2085c90937d,2,1,1,Normal,NULL,NULL,0,NULL,0
216209966dc76003075059a78d43c2085c90937d,1a179c1532f7856ec7b389f73f5050b587447d16,1,1,0,Normal,NULL,NULL,1,NULL,1
1a179c1532f7856ec7b389f73f5050b587447d16,554dc16ccf0dd8db64f9a289bb0efdbdd4f7738b,110,110,0,Document,NULL,NULL,0,NULL,0
554dc16ccf0dd8db64f9a289bb0efdbdd4f7738b,f2c608b5f5a073adf02656bdd46b7d0f9a177bed,5,3,2,Document,NULL,NULL,0,NULL,0
f2c608b5f5a073adf02656bdd46b7d0f9a177bed,29b5f30f53837ed383468ebd01e91a5e540351fa,2,1,1,Document,NULL,NULL,0,NULL,0
29b5f30f53837ed383468ebd01e91a5e540351fa,65e0c9c9f7214d0a03b2be6c5f5bc68b5694441d,2,1,1,Document,NULL,NULL,0,NULL,0
65e0c9c9f7214d0a03b2be6c5f5bc68b5694441d,5ecf34b51cba7c94e94c69114f617da010258b60,2,1,1,Document,NULL,NULL,0,NULL,0
5ecf34b51cba7c94e94c69114f617da010258b60,eef02b215ced7a9174db313d323d7ef9965b1be8,17,7,10,Document,NULL,NULL,0,NULL,0
eef02b215ced7a9174db313d323d7ef9965b1be8,e65fb9c8541fb5dbe41c58be6dbe2f27fcb15dda,4,3,1,Document,NULL,NULL,0,NULL,0
e65fb9c8541fb5dbe41c58be6dbe2f27fcb15dda,b90bc001336a64eb69b2fdf2a667fb7499ff387a,14,7,7,Document,NULL,NULL,0,NULL,0
b90bc001336a64eb69b2fdf2a667fb7499ff387a,f0eb16906660caf5deae6d4ce278ea3ebbcbf328,1,1,0,Normal,NULL,NULL,1,NULL,1
f0eb16906660caf5deae6d4ce278ea3ebbcbf328,d3835f45e39677b6978ade40af5b515e85dd40d6,17,16,1,Document,NULL,NULL,15,NULL,1
d3835f45e39677b6978ade40af5b515e85dd40d6,4a327f66004ebb26768e8404c155ed01fe7f3842,38,19,19,Normal,NULL,NULL,36,NULL,1
4a327f66004ebb26768e8404c155ed01fe7f3842,c7d54091ade67fa9cb4b59c53d77687a9e36fd8f,2,1,1,Normal,NULL,NULL,0,NULL,0
c7d54091ade67fa9cb4b59c53d77687a9e36fd8f,39b2c06983e15ecfab2655f6cfc276c3c08dd00c,14,6,8,Normal,NULL,NULL,12,NULL,2
39b2c06983e15ecfab2655f6cfc276c3c08dd00c,eed0ec09b9a4ddf17ffeda2fe85f7d7ce7914a67,185,133,52,Document,NULL,NULL,0,NULL,2
eed0ec09b9a4ddf17ffeda2fe85f7d7ce7914a67,770a916b26c2bf82442dbd81ffe2caa9571b9da0,2,1,1,Normal,NULL,NULL,0,NULL,0
770a916b26c2bf82442dbd81ffe2caa9571b9da0,6a05e93edcb9e9bc23871a75cedf4d31a24efa6d,6,6,0,Normal,NULL,NULL,0,NULL,0
6a05e93edcb9e9bc23871a75cedf4d31a24efa6d,4105c51fa6409c86efdac7cbc8f124bb900ed066,2,1,1,Normal,NULL,NULL,0,NULL,0
4105c51fa6409c86efdac7cbc8f124bb900ed066,1a96ad5276fa94adb0703731877dd89eb975ff03,1,1,0,Normal,NULL,NULL,0,NULL,0
1a96ad5276fa94adb0703731877dd89eb975ff03,d14d2a62055b4322d050c2f1613bfcca68ae52c9,5,3,2,Normal,NULL,NULL,0,NULL,0
d14d2a62055b4322d050c2f1613bfcca68ae52c9,afede635489fa5c50bc5165896e92284af7a47c8,5,4,1,Normal,NULL,NULL,0,NULL,0
afede635489fa5c50bc5165896e92284af7a47c8,0b41009365c59c0c6a096514bbb6c58ee9fe3691,0,0,0,Normal,NULL,NULL,0,NULL,0
0b41009365c59c0c6a096514bbb6c58ee9fe3691,31dfed32ae99023717d4ff64205278ae0c099f2b,2877,2852,25,Document,NULL,NULL,49,NULL,3
31dfed32ae99023717d4ff64205278ae0c099f2b,f419444e3e775afd8cb239d83e65408b8c684a81,2795,8,2787,Document,NULL,NULL,0,NULL,0
f419444e3e775afd8cb239d83e65408b8c684a81,02c8e96c284c101c6e3087f602d84f243760bb8e,4,2,2,Document,NULL,NULL,2,NULL,1
02c8e96c284c101c6e3087f602d84f243760bb8e,e61c4e234c9a7ecd61477c8fdddf553159b2a5a7,4,2,2,Document,NULL,NULL,0,NULL,0
e61c4e234c9a7ecd61477c8fdddf553159b2a5a7,585632b5b096c256fd2d420cfeb58712e66f76a7,4,4,0,Normal,ISSUE,BUG,4,NULL,1
585632b5b096c256fd2d420cfeb58712e66f76a7,ab19ed474c6ed36ca8ee5f7a2c5c8b9c3dcc986d,0,0,0,Normal,NULL,NULL,0,NULL,0
ab19ed474c6ed36ca8ee5f7a2c5c8b9c3dcc986d,484686e9711e3772ac9b1fcc1ddfd9f59a11a6e3,23,14,9,Document,NULL,NULL,0,NULL,0
484686e9711e3772ac9b1fcc1ddfd9f59a11a6e3,8ee92de6f5c949eaffccacc1eb97a983b2fa54be,407,303,104,Document,NULL,NULL,84,NULL,3
8ee92de6f5c949eaffccacc1eb97a983b2fa54be,54c3c1990feefcf1ed5781c29e4556f276439728,22,13,9,Document,NULL,NULL,4,NULL,1
54c3c1990feefcf1ed5781c29e4556f276439728,35b37d027dd1a0545b1b82ab9bb1c83e4ee01586,815,380,435,Document,NULL,NULL,677,NULL,7
35b37d027dd1a0545b1b82ab9bb1c83e4ee01586,0a22eccaed4b39bc0d39d1592bafcaea53c6754d,3,1,2,Normal,ISSUE,NULL,3,NULL,1
0a22eccaed4b39bc0d39d1592bafcaea53c6754d,e3bc18689377505e66e3dcaa7f33784ae25a534f,56,37,19,Normal,NULL,NULL,56,NULL,2
e3bc18689377505e66e3dcaa7f33784ae25a534f,a4c38a7aba69d8e0d99d3647680b14c63f836397,14,7,7,Normal,ISSUE,BUG,14,NULL,1
a4c38a7aba69d8e0d99d3647680b14c63f836397,dd56b8b1e765614401adfd00e3ec7abfe8275334,5,3,2,Normal,ISSUE,BUG,5,NULL,1
dd56b8b1e765614401adfd00e3ec7abfe8275334,018425f68aafbf061bb189c3d00745503d07e073,28,5,23,Normal,NULL,NULL,0,NULL,0
018425f68aafbf061bb189c3d00745503d07e073,8af17ab35d3d577856a11c4c28d4b8e31ee5e75b,3,2,1,Normal,ISSUE,BUG,3,NULL,1
8af17ab35d3d577856a11c4c28d4b8e31ee5e75b,40d5ab3da9713e10c6095f4c2bb0ab104caa5fcc,271,148,123,Document,NULL,NULL,234,NULL,3
40d5ab3da9713e10c6095f4c2bb0ab104caa5fcc,7d148e8825f548a4d16848f44104c2f2ab7c0457,32,13,19,Document,NULL,NULL,4,NULL,2
7d148e8825f548a4d16848f44104c2f2ab7c0457,80760c06f9ff6cd64ebd41a0a4872dac01be39e7,33,21,12,Normal,NULL,NULL,33,NULL,2
80760c06f9ff6cd64ebd41a0a4872dac01be39e7,15abbcd5c95a6ae4f1f533e4501a381bcd5e7e05,43,20,23,Normal,NULL,NULL,43,NULL,4
15abbcd5c95a6ae4f1f533e4501a381bcd5e7e05,4ed7b81d1ae33c7c0591d0b120da68339af09103,43,35,8,Normal,NULL,NULL,40,NULL,1
4ed7b81d1ae33c7c0591d0b120da68339af09103,0a2a3201cfc637eb68146b3ca4bca084d5554e3c,4,0,4,Normal,NULL,NULL,0,NULL,0
0a2a3201cfc637eb68146b3ca4bca084d5554e3c,24e6be6557f5e96bfee92c2fdd1452186dfaf056,5,5,0,Normal,NULL,NULL,0,NULL,0
24e6be6557f5e96bfee92c2fdd1452186dfaf056,9faa26516779ca40915c9a015859a3b12a8f746a,8,5,3,Normal,ISSUE,NULL,8,NULL,2
9faa26516779ca40915c9a015859a3b12a8f746a,156a0ce18b75eacf87b361d00831c0ff60e44e2b,67,53,14,Document,NULL,NULL,0,NULL,0
156a0ce18b75eacf87b361d00831c0ff60e44e2b,15b817f077c6f6cd07fd335331adba1e62db5dd5,6,1,5,Normal,NULL,NULL,6,NULL,1
15b817f077c6f6cd07fd335331adba1e62db5dd5,d5d66c2b7724d512f51bc258a80cbbc7e44bc8ae,141,140,1,Document,NULL,NULL,117,NULL,2
d5d66c2b7724d512f51bc258a80cbbc7e44bc8ae,eef376a8168a342397bfa5fcddc8d3d0162f5892,136,80,56,Document,NULL,NULL,132,NULL,2
eef376a8168a342397bfa5fcddc8d3d0162f5892,911def80d8ce7265e9ef353a8d58a872d9908001,36,28,8,Normal,NULL,NULL,35,NULL,1
911def80d8ce7265e9ef353a8d58a872d9908001,f1ac31fc8057c88a8254024293d6ff68b940b336,34,17,17,Document,NULL,NULL,2,NULL,1
f1ac31fc8057c88a8254024293d6ff68b940b336,77da89ca91647d721b846245723ed7ac50fd1097,14,14,0,Normal,NULL,NULL,14,NULL,2
77da89ca91647d721b846245723ed7ac50fd1097,a9d3c0d70e710e2b9fd734bc06fe26a40eee3f82,26,13,13,Document,NULL,NULL,12,NULL,2
a9d3c0d70e710e2b9fd734bc06fe26a40eee3f82,e4fca353601e8847612e1bfdc888bb7b301c13f5,34,26,8,Normal,NULL,NULL,34,NULL,1
e4fca353601e8847612e1bfdc888bb7b301c13f5,6dcb159cab4a93ab23605adecf010ddfc5b4e65a,27,20,7,Normal,NULL,NULL,26,NULL,2
6dcb159cab4a93ab23605adecf010ddfc5b4e65a,16c5c88800e4f84c0a0386e5771f0863f815a204,161,130,31,Normal,NULL,NULL,159,NULL,15
16c5c88800e4f84c0a0386e5771f0863f815a204,e6f9e65e537419ae3b9495f90761884b3241530a,196,147,49,Normal,NULL,NULL,169,NULL,37
e6f9e65e537419ae3b9495f90761884b3241530a,5616b6a1f4230f44d02985efe4d8599791079ae1,6,4,2,Document,NULL,NULL,0,NULL,0
5616b6a1f4230f44d02985efe4d8599791079ae1,9cb9df64540d53d271fabea3f5119eb43d423ced,13,10,3,Document,NULL,NULL,0,NULL,0
9cb9df64540d53d271fabea3f5119eb43d423ced,d4665a8978a39658a76cb40c77ae40d5f63b444b,29,21,8,Normal,ISSUE,BUG,29,NULL,5
d4665a8978a39658a76cb40c77ae40d5f63b444b,d55f9c33b3372084595add173f1e456aca53dc3d,69,17,52,Document,NULL,NULL,37,NULL,1
d55f9c33b3372084595add173f1e456aca53dc3d,7fbbc9a2cde82791fc14e4386bf5bac5aafefa7f,138,71,67,Normal,NULL,NULL,138,NULL,13
7fbbc9a2cde82791fc14e4386bf5bac5aafefa7f,3b56f1e698a65f08f6da5576e1be9f94c7cf22bd,20,9,11,Document,NULL,NULL,0,NULL,0
3b56f1e698a65f08f6da5576e1be9f94c7cf22bd,860db6a990a02304468b35b0df3f46e21c093fa1,2,1,1,Document,NULL,NULL,0,NULL,0
860db6a990a02304468b35b0df3f46e21c093fa1,ba48b8233d8ad3c6b427fa55d9150d25a67272a3,5,4,1,Document,NULL,NULL,0,NULL,0
ba48b8233d8ad3c6b427fa55d9150d25a67272a3,99aaab50e1e45d65f3d376e9eb6f52ab09fe5bd7,2,1,1,Normal,NULL,NULL,2,NULL,1
99aaab50e1e45d65f3d376e9eb6f52ab09fe5bd7,9d32fff550929d7938fee68d8e7b0348f0e7aedc,3,3,0,Normal,NULL,NULL,3,NULL,1
9d32fff550929d7938fee68d8e7b0348f0e7aedc,fff81d43021ed0991277371c4c5c4d7da97193a9,658,550,108,Document,NULL,NULL,478,NULL,9
fff81d43021ed0991277371c4c5c4d7da97193a9,6c13b337ef662c145542728c8a3e5e3b9d019a68,8,6,2,Normal,NULL,NULL,7,NULL,1
6c13b337ef662c145542728c8a3e5e3b9d019a68,d1464d701114e788e9884ed50ad32c97481b264e,381,5,376,Document,NULL,NULL,303,NULL,4
d1464d701114e788e9884ed50ad32c97481b264e,1e29b6ecacc5e0e68076fcc8aa8b230242832f44,39,28,11,Normal,NULL,NULL,39,NULL,1
1e29b6ecacc5e0e68076fcc8aa8b230242832f44,4446243a892440119e706b4516c513b69e351550,207,189,18,Document,NULL,NULL,158,NULL,3
4446243a892440119e706b4516c513b69e351550,087324bcb799e7c5da9592026b2cface75fbc94f,46,23,23,Normal,NULL,NULL,46,NULL,2
087324bcb799e7c5da9592026b2cface75fbc94f,c7e08452abf8c1ed34816672d0fe63743fc916b5,218,116,102,Normal,NULL,NULL,218,NULL,2
c7e08452abf8c1ed34816672d0fe63743fc916b5,9dc6a968092fdf99a7a8893afac1f76a15f7d128,33,0,33,Normal,NULL,NULL,0,NULL,0
9dc6a968092fdf99a7a8893afac1f76a15f7d128,3e1a3e83eed5c0d6f992c3623a56f0c801614664,64,57,7,Normal,NULL,NULL,64,NULL,2
3e1a3e83eed5c0d6f992c3623a56f0c801614664,e686cb75ac099d87d974c1393f83b28f5ebee871,52,38,14,Document,NULL,NULL,11,NULL,1
e686cb75ac099d87d974c1393f83b28f5ebee871,803ff0daea908a5f2fcae05eafd5ee0539c5901d,36,16,20,#,NULL,NULL,36,NULL,1
803ff0daea908a5f2fcae05eafd5ee0539c5901d,fd78f70f0d786a2e25bfc56b2950c00cfe68f2df,26,18,8,Normal,NULL,NULL,26,NULL,2
fd78f70f0d786a2e25bfc56b2950c00cfe68f2df,7947331594b3aa6898c3c22d02c9b2f35c6b3ee6,1,1,0,Document,NULL,NULL,0,NULL,0
7947331594b3aa6898c3c22d02c9b2f35c6b3ee6,b0980cb8d1095cbfe7ac87cf990c0477426fb44e,25,22,3,Document,NULL,NULL,0,NULL,0
b0980cb8d1095cbfe7ac87cf990c0477426fb44e,5ba6694e70e62ff718e341ae8a86ea0d1ec7dbe2,4,2,2,Document,NULL,NULL,0,NULL,0
5ba6694e70e62ff718e341ae8a86ea0d1ec7dbe2,ccd5c32c713dcc6e5a504f4e4ab89fa9e24872df,0,0,0,Normal,NULL,NULL,0,NULL,0
ccd5c32c713dcc6e5a504f4e4ab89fa9e24872df,57faa56c7f595c9e047851a98285966c997f3092,0,0,0,Normal,NULL,NULL,0,NULL,0
57faa56c7f595c9e047851a98285966c997f3092,d4a356b68b5e385918e11873d4e2423b4f9d1b49,1490,724,766,fix #,ISSUE,NULL,1487,REFACTOR,36
d4a356b68b5e385918e11873d4e2423b4f9d1b49,109efc6862254d225b3a2c9d7928aa7e5f0a8f33,2,1,1,Normal,NULL,NULL,0,NULL,0
109efc6862254d225b3a2c9d7928aa7e5f0a8f33,c1b7b1103da910297db4ca0046762d0b40ea2e0a,326,174,152,#,NULL,NULL,326,NULL,31
c1b7b1103da910297db4ca0046762d0b40ea2e0a,e371caa6b1d9df80372ea0e50d813e5c01d590e4,6,5,1,Normal,NULL,NULL,6,NULL,1
e371caa6b1d9df80372ea0e50d813e5c01d590e4,5554e6b770e9f72f5b900e2217dc8df40dc9d129,61,13,48,Normal,NULL,NULL,61,NULL,7
5554e6b770e9f72f5b900e2217dc8df40dc9d129,629b7eb0dcc2a1b32e4dbc0292acdc364b4cae4a,56,28,28,Normal,NULL,NULL,56,NULL,4
629b7eb0dcc2a1b32e4dbc0292acdc364b4cae4a,fadf397e78debc6d223ae633628acae30bd552be,96,67,29,fix,NULL,NULL,93,NULL,3
fadf397e78debc6d223ae633628acae30bd552be,c40ebc08eba930befd42a1fbf18360c0d18c2f1f,2,1,1,Normal,NULL,NULL,0,NULL,0
c40ebc08eba930befd42a1fbf18360c0d18c2f1f,a48910c900a72226d43fca9f9de2d617d2fb690f,4,2,2,fix #,ISSUE,NULL,4,NULL,1
a48910c900a72226d43fca9f9de2d617d2fb690f,9302b80bea1b0f143b60910353cd8ba46efecd56,45,37,8,fix #,ISSUE,NULL,45,NULL,2
74f5653785005ddcdabde8742f30ab4bdd2457e4,dba080497e999e8dcc5467606f58accaa79a7b0a,45,37,8,Normal,NULL,NULL,45,NULL,2
9302b80bea1b0f143b60910353cd8ba46efecd56,0a197c2e6ce540fb0ab269f73bcfcaaca06ad149,124,63,61,fix,ISSUE,BUG,124,REFACTOR,2
0a197c2e6ce540fb0ab269f73bcfcaaca06ad149,eb735844852afb21d1ce4298ca73d6f19ee8fc4e,3,3,0,Normal,NULL,NULL,3,NULL,1
eb735844852afb21d1ce4298ca73d6f19ee8fc4e,dba080497e999e8dcc5467606f58accaa79a7b0a,3,2,1,Normal,NULL,NULL,3,NULL,1
dba080497e999e8dcc5467606f58accaa79a7b0a,e7d9cd7960e76bd73a0c53a833d4a6d431136c89,2787,2779,8,#,NULL,NULL,13,NULL,2
e7d9cd7960e76bd73a0c53a833d4a6d431136c89,d34cb81404cda841b39fe69ace6320608406edd6,2,1,1,Normal,NULL,NULL,0,NULL,0
d34cb81404cda841b39fe69ace6320608406edd6,1a1d76edc097f61a306aff1dd223509567fb078f,11,9,2,#,ISSUE,BUG,11,NULL,3
1a1d76edc097f61a306aff1dd223509567fb078f,0f8ac6881c9c01345b6a3b5be797b101fc48108b,2,1,1,Normal,NULL,NULL,0,NULL,0
0f8ac6881c9c01345b6a3b5be797b101fc48108b,25f4336bfbf072275ce698e3fde611fa9299a5a3,2,1,1,Normal,NULL,NULL,0,NULL,0
25f4336bfbf072275ce698e3fde611fa9299a5a3,c972ebe82505732733be70052f45b466039e53d0,48,40,8,Normal,NULL,NULL,48,NULL,2
c972ebe82505732733be70052f45b466039e53d0,8fe24c309238b5f3d28b65e3c70604e7f71c0a59,63,10,53,Normal,NULL,NULL,63,NULL,1
8fe24c309238b5f3d28b65e3c70604e7f71c0a59,b0dec4749704ea35007f86a6946656cdde5e5991,1,1,0,Normal,NULL,NULL,0,NULL,0
b0dec4749704ea35007f86a6946656cdde5e5991,46a05b13e15d6d300ddd263d32ee018cd49ec748,2,1,1,Normal,NULL,NULL,0,NULL,0
46a05b13e15d6d300ddd263d32ee018cd49ec748,5bbf61b082b73ea9257aa4be13a852b23bea6865,31,18,13,Normal,NULL,NULL,31,NULL,4
5bbf61b082b73ea9257aa4be13a852b23bea6865,b8fe486f73f2c34cd3bf3b5ce9e71203b2593a22,60,51,9,#,NULL,NULL,60,NULL,1
b8fe486f73f2c34cd3bf3b5ce9e71203b2593a22,6042db4b1ea1cfc70fff2ae57e21b35b6d2522d7,2,1,1,Normal,NULL,NULL,0,NULL,0
6042db4b1ea1cfc70fff2ae57e21b35b6d2522d7,be89adc3ff00bbcf03854e7feffdf63bb1c14525,1,1,0,Normal,NULL,NULL,0,NULL,0
be89adc3ff00bbcf03854e7feffdf63bb1c14525,3e1f3e3bc6cc2fd93ff778adde91203ca5e2ee31,27,23,4,Normal,NULL,NULL,27,NULL,2
3e1f3e3bc6cc2fd93ff778adde91203ca5e2ee31,89387281373760cd157e0cf79b6b7e1a20186806,42,37,5,fix #,ISSUE,NULL,13,NULL,3
89387281373760cd157e0cf79b6b7e1a20186806,5be751beddd0a22da6e506f82845e351e56feb4d,240,234,6,Document,NULL,NULL,204,NULL,6
5be751beddd0a22da6e506f82845e351e56feb4d,5112832efac0c96ebcd7ae88d3d5a9a283b4666f,208,90,118,Normal,NULL,NULL,208,REFACTOR,4
5112832efac0c96ebcd7ae88d3d5a9a283b4666f,928e18a7fb2dead2f0c22dcd7039527efcde2fd2,38,19,19,Normal,NULL,NULL,38,NULL,6
928e18a7fb2dead2f0c22dcd7039527efcde2fd2,1912a1904fe9f2f51fa942dcfa67ad986490f1d9,4,2,2,Normal,NULL,NULL,2,NULL,1
1912a1904fe9f2f51fa942dcfa67ad986490f1d9,1d3c920215c43449bf3dfa3b6b8eaead06a37b79,2,1,1,Normal,NULL,NULL,0,NULL,0
1d3c920215c43449bf3dfa3b6b8eaead06a37b79,3464f33e6c426ecd84643a225a487382f061ab5c,22,20,2,#,NULL,NULL,22,NULL,1
747a811757cc7a096f8db844f27b6a3a92d7d42f,3ad920b6011b0abc9192f03c985d77976498f5db,4,2,2,fix,NULL,NULL,4,NULL,1
de498aa4289058278cea4e60bcf26d10f967f2d0,3ad920b6011b0abc9192f03c985d77976498f5db,22,20,2,Normal,NULL,NULL,22,NULL,1
3464f33e6c426ecd84643a225a487382f061ab5c,3ad920b6011b0abc9192f03c985d77976498f5db,5,1,4,Document,NULL,NULL,0,NULL,0
3ad920b6011b0abc9192f03c985d77976498f5db,f26c1ebebbf48294ee6523eaf96215bc12be2666,2,1,1,Normal,NULL,NULL,0,NULL,0
f26c1ebebbf48294ee6523eaf96215bc12be2666,adfa22c1f868e12b07c61756ca6459e3bbd4ea5c,406,386,20,Document,NULL,NULL,334,NULL,5
0eca9b516ca75bdc10c738fad14b1cbac762e2d9,adfa22c1f868e12b07c61756ca6459e3bbd4ea5c,406,386,20,Document,NULL,NULL,334,NULL,5
adfa22c1f868e12b07c61756ca6459e3bbd4ea5c,34a8714340931844a2a46496b99aea30e7242527,3,3,0,Document,NULL,NULL,0,NULL,0
34a8714340931844a2a46496b99aea30e7242527,4902a9a8963a2c050b94af3d5df15d3bf210f67e,19,15,4,Document,NULL,NULL,0,NULL,0
4902a9a8963a2c050b94af3d5df15d3bf210f67e,45273dc673ce24843ae6248e7ab9e21a24e63538,5,4,1,Normal,NULL,NULL,5,NULL,1
45273dc673ce24843ae6248e7ab9e21a24e63538,0575abea3fbda1e76498c7e9b1bcc205352b2077,3,2,1,Document,NULL,NULL,0,NULL,0
0575abea3fbda1e76498c7e9b1bcc205352b2077,2254f1c710b84db8805ddc2d6a7aaea567ef22eb,0,0,0,Normal,NULL,NULL,0,NULL,0
2254f1c710b84db8805ddc2d6a7aaea567ef22eb,356a46f2760f392fda5e3523ae2bd3a9761ac6e6,11,10,1,Document,NULL,NULL,0,NULL,0
356a46f2760f392fda5e3523ae2bd3a9761ac6e6,c8239c749d9c52ed5c9bd9af3bf2dd1900380101,0,0,0,Normal,NULL,NULL,0,NULL,0
c8239c749d9c52ed5c9bd9af3bf2dd1900380101,9ead8e1101851402b5366ba7fe5d1e432624aef8,0,0,0,Normal,NULL,NULL,0,NULL,0
9ead8e1101851402b5366ba7fe5d1e432624aef8,aeeba9dedd93a44cd3ac39b5207df324a349f5e2,34,17,17,Normal,NULL,NULL,34,NULL,1
aeeba9dedd93a44cd3ac39b5207df324a349f5e2,88d12c01bc78b6d3d274bcb74a9eb3130652bcb1,28,28,0,Document,NULL,NULL,0,NULL,0
88d12c01bc78b6d3d274bcb74a9eb3130652bcb1,fec7a46dee53b10fe8e1e28f89e00cca90adf0d3,7,3,4,Normal,NULL,NULL,7,NULL,3
fec7a46dee53b10fe8e1e28f89e00cca90adf0d3,02b301fb5d5453bba56c2c6cf96436ffc913a34d,70,30,40,Normal,NULL,NULL,70,NULL,7
02b301fb5d5453bba56c2c6cf96436ffc913a34d,25e33d63e1402df890eabf2fa4e7954052d334fa,31,14,17,Normal,NULL,NULL,31,NULL,7
25e33d63e1402df890eabf2fa4e7954052d334fa,ca1626229340a19fc171f74119eb4f4619062ef8,280,141,139,Normal,NULL,NULL,280,NULL,36
ca1626229340a19fc171f74119eb4f4619062ef8,d1eda30e5bf5ee501702e92e3370beeb031178a7,678,338,340,fix,NULL,NULL,678,NULL,29
d1eda30e5bf5ee501702e92e3370beeb031178a7,a95024b24d2b16b2efbbe118f45ca027470bccb7,351,172,179,fix,NULL,NULL,351,NULL,23
a95024b24d2b16b2efbbe118f45ca027470bccb7,0752167e15c94a18a2928dc2b3c04eb48d8fd799,2,1,1,Normal,NULL,NULL,0,NULL,0
0752167e15c94a18a2928dc2b3c04eb48d8fd799,4af7e74adbeef407a30ce1c2dbbf87393c21d6da,20,18,2,Normal,NULL,NULL,20,NULL,2
4af7e74adbeef407a30ce1c2dbbf87393c21d6da,2eaad2becec176f3bda10108e12db53b672fcb58,9,6,3,Normal,NULL,NULL,9,NULL,1
2eaad2becec176f3bda10108e12db53b672fcb58,c4483ffeddd584b7280386a7f268c5f9d81d2ede,2,1,1,Normal,NULL,NULL,0,NULL,0
c4483ffeddd584b7280386a7f268c5f9d81d2ede,98adca0149694bfff20221e4e027b3b2fad6cf61,10,2,8,Document,NULL,NULL,0,NULL,0
98adca0149694bfff20221e4e027b3b2fad6cf61,fd379392de5333e0d64c91c01ecf78194e82ce47,128,1,127,Normal,NULL,NULL,0,NULL,0
fd379392de5333e0d64c91c01ecf78194e82ce47,6b1300c3869c3784937b4750be035bea21731099,93,91,2,Normal,NULL,NULL,93,NULL,4
6b1300c3869c3784937b4750be035bea21731099,9f62d092bae50d8c5d2a9a5b79dafdabc6cec4bb,4,4,0,Normal,NULL,NULL,0,NULL,0
9f62d092bae50d8c5d2a9a5b79dafdabc6cec4bb,d8d4e7aa371f679e88391e5816ce113106f7ed94,277,274,3,Normal,NULL,NULL,0,NULL,0
d8d4e7aa371f679e88391e5816ce113106f7ed94,ac19c4be8f1cebc0f0018450a9ddc45650968099,15,5,10,Normal,NULL,NULL,15,NULL,1
ac19c4be8f1cebc0f0018450a9ddc45650968099,02fb8cbf9fc8914859ba044d9015e9e608c074a4,6,0,6,Normal,NULL,NULL,6,NULL,1
02fb8cbf9fc8914859ba044d9015e9e608c074a4,1f57841e0229da74cf79b43cdcefec62bc35b902,3,0,3,#,NULL,NULL,3,NULL,1
1f57841e0229da74cf79b43cdcefec62bc35b902,d597d90291caa8e8f7729c6dba7f4b40f456fee0,503,158,345,Normal,NULL,NULL,503,NULL,25
d597d90291caa8e8f7729c6dba7f4b40f456fee0,79cd11e26e1c70f812501a7770b213b126fdf6ea,19,19,0,Normal,NULL,NULL,19,NULL,1
79cd11e26e1c70f812501a7770b213b126fdf6ea,ad30062811b0214ca6595164e8ed23f59fd0b685,2,1,1,Normal,NULL,NULL,2,NULL,1
ad30062811b0214ca6595164e8ed23f59fd0b685,b591e69f612abf3d979f4eb6c94955949882751b,19,16,3,Normal,NULL,NULL,19,NULL,3
b591e69f612abf3d979f4eb6c94955949882751b,433ef5b2313e898e32bcda8b550cd17e375e0bee,1,1,0,Normal,NULL,NULL,1,NULL,1
433ef5b2313e898e32bcda8b550cd17e375e0bee,b0b7ddac80b9770dea2ee53783cd812c4fd67ccd,15,14,1,Document,NULL,NULL,14,NULL,1
b0b7ddac80b9770dea2ee53783cd812c4fd67ccd,2b4e1ce6d08b71140534f69dad45e6fb8d586fcf,345,30,315,Document,NULL,NULL,33,NULL,2
2b4e1ce6d08b71140534f69dad45e6fb8d586fcf,181620ba3abfecc6bf4a87fc35773da7057dd0d8,28,16,12,Normal,NULL,NULL,28,NULL,1
181620ba3abfecc6bf4a87fc35773da7057dd0d8,14ea5d74cc311318783c7a1c9bfda57d86a56a46,3,1,2,Normal,NULL,NULL,3,NULL,1
14ea5d74cc311318783c7a1c9bfda57d86a56a46,9f0bce820ded5f666e1f3b48fa97c0e7c94d916d,6,3,3,Normal,NULL,NULL,6,NULL,1
9f0bce820ded5f666e1f3b48fa97c0e7c94d916d,f82aed6f2248444c008da658ee73335c4d7bccaf,193,138,55,Normal,NULL,NULL,193,NULL,21
f82aed6f2248444c008da658ee73335c4d7bccaf,701ddfe5c9ae76bd211a0e57297493b7465413e9,2,1,1,Normal,NULL,NULL,0,NULL,0
701ddfe5c9ae76bd211a0e57297493b7465413e9,648c008d4ea801b94a0e1731823cb19c5da66164,57,27,30,Document,NULL,NULL,37,NULL,3
648c008d4ea801b94a0e1731823cb19c5da66164,5b9bd239567df9d7935b949ef27f9c40ffee9745,4,2,2,Document,NULL,NULL,0,NULL,60
5b9bd239567df9d7935b949ef27f9c40ffee9745,1250a99730408365f0879d5a568f4db22bc22328,1408,704,704,Document,NULL,NULL,1400,NULL,56
1250a99730408365f0879d5a568f4db22bc22328,551f3dc6a2a4f66b5159b347ecf53630da73b7b6,404,202,202,Document,NULL,NULL,392,NULL,59
551f3dc6a2a4f66b5159b347ecf53630da73b7b6,58613e4b1b1cef2a11382de8483914e4e1516749,9,1,8,Normal,NULL,NULL,9,NULL,1
58613e4b1b1cef2a11382de8483914e4e1516749,7f14282c76d909e1fa45c3d12a106f2e4c7c960e,253,1,252,Normal,NULL,NULL,253,NULL,2
7f14282c76d909e1fa45c3d12a106f2e4c7c960e,17634a736dd584b68a66dfcfd8718a13da9d5299,292,36,256,Normal,NULL,NULL,292,NULL,6
17634a736dd584b68a66dfcfd8718a13da9d5299,d21469eafd2c5784c84cdcdfb8b8b6e49b54f9ca,183,122,61,Normal,NULL,NULL,183,NULL,13
d21469eafd2c5784c84cdcdfb8b8b6e49b54f9ca,e76af4817fd486b5b3a1d76c80f7e65fed130a06,469,307,162,Normal,NULL,NULL,468,NULL,8
e76af4817fd486b5b3a1d76c80f7e65fed130a06,eaa3fd56f3841fa0b47d653b28ccd33c4c05026a,31,20,11,Normal,NULL,NULL,31,NULL,6
eaa3fd56f3841fa0b47d653b28ccd33c4c05026a,e963ab76550da4c95184ee390622e1d5878222a8,498,289,209,Normal,NULL,NULL,498,NULL,7
e963ab76550da4c95184ee390622e1d5878222a8,193372ba70e6768db1c97d1a16fc6e83297ee273,164,12,152,Normal,NULL,NULL,164,NULL,4
193372ba70e6768db1c97d1a16fc6e83297ee273,2ca576aa8d3ec2761e239bc431b87d6d324d3c16,6,5,1,Normal,NULL,NULL,6,NULL,2
2ca576aa8d3ec2761e239bc431b87d6d324d3c16,b67670858a22cfdfba4ec5e940dc832f02732563,481,125,356,Normal,NULL,NULL,477,NULL,37
b67670858a22cfdfba4ec5e940dc832f02732563,94dea1cbc9a0f29061c25b9da2815d3ba752971a,702,299,403,#,NULL,NULL,696,NULL,30
ad73595b80bc7454c9aafc0b755eaf55b18bebf3,4ecfe36050fd177f170c3ab2ddbefcb95b7aa375,337,148,189,Normal,NULL,NULL,337,NULL,24
4ecfe36050fd177f170c3ab2ddbefcb95b7aa375,524d9f7c9c04751698f0860e0142b7b38c078f38,407,172,235,Normal,NULL,NULL,407,NULL,26
524d9f7c9c04751698f0860e0142b7b38c078f38,94dea1cbc9a0f29061c25b9da2815d3ba752971a,6,3,3,Normal,NULL,NULL,0,NULL,0
94dea1cbc9a0f29061c25b9da2815d3ba752971a,71f32379c52041ba212ace6979a525c985aa8864,1,1,0,Normal,NULL,NULL,0,NULL,0
71f32379c52041ba212ace6979a525c985aa8864,9129a03737fad78e29c35689477267a64a8c7797,176,121,55,Normal,NULL,NULL,176,NULL,8
9129a03737fad78e29c35689477267a64a8c7797,e577a32a6280c76815d1825809abf52afb8ff1b0,62,34,28,Normal,NULL,NULL,62,NULL,5
e577a32a6280c76815d1825809abf52afb8ff1b0,fa96bed47856219f736bde74134ebe6d65733ed0,37,23,14,Normal,NULL,NULL,37,NULL,7
fa96bed47856219f736bde74134ebe6d65733ed0,db78c5c72c392a8e2f019111264b86f674deb0d5,1,0,1,Document,NULL,NULL,0,NULL,0
db78c5c72c392a8e2f019111264b86f674deb0d5,1bd63e28e51fbc476122a038427cb5936b81ff7c,340,178,162,Normal,NULL,NULL,340,NULL,3
1bd63e28e51fbc476122a038427cb5936b81ff7c,13be6c7cf20140b8c0bf216bab81a405d9b54e66,25,14,11,Normal,NULL,NULL,25,NULL,1
13be6c7cf20140b8c0bf216bab81a405d9b54e66,7894c245ed9cf745f2ea0d62840bec042249caee,12,4,8,Normal,NULL,NULL,12,NULL,1
7894c245ed9cf745f2ea0d62840bec042249caee,e892251411c095b70aae319f6b075f615392d3fb,770,63,707,Normal,NULL,NULL,770,NULL,8
e892251411c095b70aae319f6b075f615392d3fb,808a5e8a742fab6156093b96ea651e23e31c40be,2,1,1,Normal,NULL,NULL,2,NULL,1
808a5e8a742fab6156093b96ea651e23e31c40be,f7403f445cd3d9897d683dd2b59ec8d2804de17b,11,7,4,Document,NULL,NULL,6,NULL,1
f7403f445cd3d9897d683dd2b59ec8d2804de17b,20abd832eeeef7bc41b70c3fa9cd50275e633ca2,15,9,6,Normal,NULL,NULL,15,NULL,1
20abd832eeeef7bc41b70c3fa9cd50275e633ca2,9db17514a828f4455442086b81766d60b09bcd5e,28,21,7,Document,NULL,NULL,16,NULL,2
9db17514a828f4455442086b81766d60b09bcd5e,2b097d7ff858b850e55d1e4674a1b997d0308b40,34,31,3,Normal,NULL,NULL,34,NULL,3
2b097d7ff858b850e55d1e4674a1b997d0308b40,0b3506bed35fae5b90015a00cd18e5d006972ef1,5,4,1,Normal,NULL,NULL,5,NULL,1
0b3506bed35fae5b90015a00cd18e5d006972ef1,9b7dcab9cc46486fd5a0d5d65cc2cd99facaee55,12,0,12,Normal,NULL,NULL,12,NULL,1
9b7dcab9cc46486fd5a0d5d65cc2cd99facaee55,1494ae21dec3a0f28fb516d12cfd2ad7d810c88a,4,2,2,Normal,NULL,NULL,4,NULL,2
1494ae21dec3a0f28fb516d12cfd2ad7d810c88a,77c5f29d9017fe685d4e5c60b634ce9ef4eaf1c3,42,36,6,Normal,NULL,NULL,42,NULL,1
77c5f29d9017fe685d4e5c60b634ce9ef4eaf1c3,6c24dd8aae6dabbdaf1a58cee30c01f9b16a6a82,34,26,8,Normal,NULL,NULL,34,NULL,2
6c24dd8aae6dabbdaf1a58cee30c01f9b16a6a82,3a9af17ff07264e2d88dab9741617ba237a49139,8,7,1,Normal,NULL,NULL,8,NULL,1
3a9af17ff07264e2d88dab9741617ba237a49139,e4a81255e9f33fa62af46ae875ae3d8a8e0f39bf,24,15,9,Normal,NULL,NULL,24,NULL,1
e4a81255e9f33fa62af46ae875ae3d8a8e0f39bf,8074c81919bcc4bfe9a916e931bba05b2568b03e,20,16,4,Normal,NULL,NULL,20,NULL,1
8074c81919bcc4bfe9a916e931bba05b2568b03e,d28fb3574a94e2f587a4b2eb3aa0a5ef95c097e2,2,1,1,Normal,NULL,NULL,2,NULL,1
d28fb3574a94e2f587a4b2eb3aa0a5ef95c097e2,92cfb5a7352751ff4e71c492d7ebb42e46468881,2,1,1,Normal,NULL,NULL,2,NULL,1
92cfb5a7352751ff4e71c492d7ebb42e46468881,027a6218e713ffe56786e615d67f11e9abaef672,4,2,2,Normal,NULL,NULL,4,NULL,2
027a6218e713ffe56786e615d67f11e9abaef672,e5ff2ed9002620b03d7623e5ae01b43f3290376a,151,135,16,Format,NULL,NULL,126,NULL,6
e5ff2ed9002620b03d7623e5ae01b43f3290376a,c8c6f1132f987549e8fca88f47dc33b0e4fd1f31,16,3,13,Normal,NULL,NULL,16,NULL,1
c8c6f1132f987549e8fca88f47dc33b0e4fd1f31,d18c13704282fc6658a49f3a94451176e762a586,1,1,0,Normal,NULL,NULL,1,NULL,1
d18c13704282fc6658a49f3a94451176e762a586,31bb0d7a87646abc346061807c647561dd431ea5,3,1,2,Normal,NULL,NULL,3,NULL,1
31bb0d7a87646abc346061807c647561dd431ea5,bc75984779ad7037efe1b8339eb7f3bb2f80fe84,90,50,40,Normal,NULL,NULL,90,NULL,3
bc75984779ad7037efe1b8339eb7f3bb2f80fe84,7ea6b50b39b6058d423d71d30ed4068fba0f0342,47,27,20,Normal,NULL,NULL,47,NULL,8
7ea6b50b39b6058d423d71d30ed4068fba0f0342,79900f15d59e8730d3362bdc4ca04af841b57025,14,12,2,Normal,NULL,NULL,14,NULL,1
79900f15d59e8730d3362bdc4ca04af841b57025,f524f9452d97342f8ea7991bd09079671d6159e6,127,69,58,Normal,NULL,NULL,127,NULL,3
f524f9452d97342f8ea7991bd09079671d6159e6,a13660d508e880a3fd071e1671db77926cf2a9fe,35,35,0,Normal,NULL,NULL,35,NULL,2
a13660d508e880a3fd071e1671db77926cf2a9fe,b39627c6cd7153b9d048c2aff33966b191402a39,46,45,1,Document,NULL,NULL,41,NULL,3
b39627c6cd7153b9d048c2aff33966b191402a39,3eab742bbd775f83b6a11fff2416be82e019919c,726,492,234,Document,NULL,NULL,420,NULL,34
3eab742bbd775f83b6a11fff2416be82e019919c,ba41e69d96c7bd9b51bd162b90a0a07aeb781345,131,131,0,Normal,NULL,NULL,127,NULL,1
ba41e69d96c7bd9b51bd162b90a0a07aeb781345,f6237f2fa120e86700246962d572a568544b3702,276,55,221,Normal,NULL,NULL,276,NULL,4
f6237f2fa120e86700246962d572a568544b3702,d35ca074f4efb6f449015f244d595e0a7645a93c,255,255,0,Normal,NULL,NULL,255,NULL,2
d35ca074f4efb6f449015f244d595e0a7645a93c,ed0f69165b6429ffb8467d3596ff0e6391f98a35,421,373,48,Document,NULL,NULL,414,NULL,5
ed0f69165b6429ffb8467d3596ff0e6391f98a35,880e678baa596d132ef3e68e177780980b3f0f40,14,11,3,Normal,NULL,NULL,14,NULL,1
880e678baa596d132ef3e68e177780980b3f0f40,08a167b54e6663f449ff69b8657f16da16afdc75,307,1,306,Normal,NULL,NULL,0,NULL,0
08a167b54e6663f449ff69b8657f16da16afdc75,8cd1101798dbb32fab529e21ef1400543f129680,28,26,2,Normal,NULL,NULL,28,NULL,2
8cd1101798dbb32fab529e21ef1400543f129680,842d28477dfb19368e6f70df2b234b6d9fd9576f,33,3,30,Normal,NULL,NULL,33,NULL,3
842d28477dfb19368e6f70df2b234b6d9fd9576f,b47cefeb0b946f7add98d832fb50bd887bda04f2,4,4,0,Normal,NULL,NULL,0,NULL,0
b47cefeb0b946f7add98d832fb50bd887bda04f2,87c0cff7196ea61483b128bd457f61e7957276f9,11,11,0,Normal,NULL,NULL,11,NULL,2
87c0cff7196ea61483b128bd457f61e7957276f9,6c4d227ed8fefea44943ab273f55e35679ed3511,20,4,16,Normal,NULL,NULL,20,NULL,1
6c4d227ed8fefea44943ab273f55e35679ed3511,27fbb671f8a7452504c75adf365d37211b0e4184,2,1,1,Normal,ISSUE,BUG,2,NULL,1
27fbb671f8a7452504c75adf365d37211b0e4184,60541ec6464b18d75275477aa672decb99c21a22,12,9,3,Normal,NULL,NULL,12,NULL,3
60541ec6464b18d75275477aa672decb99c21a22,59c874b64ead4c1e658a962779bb267d355e3303,3,3,0,Normal,NULL,NULL,3,NULL,3
59c874b64ead4c1e658a962779bb267d355e3303,22d8169c516feddb3681e3d733bb2644f5b40c08,2,1,1,Normal,NULL,NULL,2,NULL,1
22d8169c516feddb3681e3d733bb2644f5b40c08,20ef72bb503e762affbf752e8a100f20c8304ea3,6,6,0,Normal,NULL,NULL,6,NULL,2
20ef72bb503e762affbf752e8a100f20c8304ea3,95bf6055a9c29c707b0a498fd78d95efe51a7cdd,6,5,1,Normal,NULL,NULL,6,NULL,1
95bf6055a9c29c707b0a498fd78d95efe51a7cdd,48798bb993eeda3094ebb45f07fd1dd368a3cb15,134,114,20,Normal,NULL,NULL,134,NULL,6
48798bb993eeda3094ebb45f07fd1dd368a3cb15,c2e7086f199e1b8494b81456d5d20ed441517fa0,25,15,10,Normal,NULL,NULL,25,NULL,2
c2e7086f199e1b8494b81456d5d20ed441517fa0,8052caa2e6e70377efeeacb7d743262630c5cfea,361,352,9,Normal,NULL,NULL,76,NULL,3
8052caa2e6e70377efeeacb7d743262630c5cfea,183b15af319b8fa1fa5f4e978b7fdd71ec642b67,80,65,15,Normal,NULL,NULL,80,NULL,4
183b15af319b8fa1fa5f4e978b7fdd71ec642b67,69ae8ff353bfb96c31938137feb1ffc5ae0dfa2b,68,9,59,Normal,NULL,NULL,68,NULL,4
69ae8ff353bfb96c31938137feb1ffc5ae0dfa2b,1b0fe32eb4d87605b630d386d258d0bc1d6dda45,18,2,16,Normal,NULL,NULL,18,NULL,2
1b0fe32eb4d87605b630d386d258d0bc1d6dda45,637acec3d72385bd60c4c2c7c53d3c83328eaff2,41,26,15,Normal,ISSUE,NULL,41,NULL,12
637acec3d72385bd60c4c2c7c53d3c83328eaff2,f48023f0176cb51e4500813c3d1c578e908284ab,65,61,4,Document,NULL,NULL,45,NULL,4
f48023f0176cb51e4500813c3d1c578e908284ab,d35d1c1aa2e386ee4b3b07331819c1a6c2f7f8b9,20,17,3,Normal,NULL,NULL,20,NULL,2
d35d1c1aa2e386ee4b3b07331819c1a6c2f7f8b9,0dd6a55210fe1f8ab9daa3db524cac9becaa382e,2,1,1,Normal,NULL,NULL,2,NULL,1
0dd6a55210fe1f8ab9daa3db524cac9becaa382e,fa2257fd28abcad4c647ade9a391d5cf50e71de1,4,0,4,Normal,NULL,NULL,4,NULL,1
fa2257fd28abcad4c647ade9a391d5cf50e71de1,75aa5c30de3d9116b29066403bea175466e534e6,4,2,2,Normal,NULL,NULL,4,NULL,1
75aa5c30de3d9116b29066403bea175466e534e6,299e67741b0788b0f27b05bfb9d7d918c9d1abe6,4,2,2,Normal,NULL,NULL,4,NULL,1
299e67741b0788b0f27b05bfb9d7d918c9d1abe6,b176a4c08252f39354f6e5451c36e9f5db5ab677,11,8,3,Normal,NULL,NULL,11,NULL,1
b176a4c08252f39354f6e5451c36e9f5db5ab677,69aa8bfe1ab9699de714bc9e0a798d81d150173a,34,21,13,Normal,NULL,NULL,33,NULL,3
69aa8bfe1ab9699de714bc9e0a798d81d150173a,7ed1adb5124d0704085204abf73385e46cb44af5,89,70,19,Normal,NULL,NULL,89,NULL,6
7ed1adb5124d0704085204abf73385e46cb44af5,13073ebe409bc09aa71afec25f391fd3a340588a,7,2,5,Normal,NULL,NULL,7,NULL,1
13073ebe409bc09aa71afec25f391fd3a340588a,0b203d4724f5af56c0bee151b782dad49eef99d4,31,21,10,Normal,NULL,NULL,30,NULL,2
0b203d4724f5af56c0bee151b782dad49eef99d4,f3c775cc9da63cb4109bf2061ab0a8dfee054de5,32,21,11,Normal,NULL,NULL,32,NULL,2
f3c775cc9da63cb4109bf2061ab0a8dfee054de5,501d8b9e4e26d28b8926f7e0aaca00981be1543d,5,1,4,Normal,NULL,NULL,5,NULL,2
501d8b9e4e26d28b8926f7e0aaca00981be1543d,4ade66991935240d7d4a74e06ced6fa117a878cc,1,1,0,Normal,NULL,NULL,1,NULL,1
4ade66991935240d7d4a74e06ced6fa117a878cc,fcf70435546786210fe26a33acaa76c29cf97eaf,5,3,2,Normal,NULL,NULL,5,NULL,1
fcf70435546786210fe26a33acaa76c29cf97eaf,55c94c77645ff610642e82a7b5cfbca44e9d27b4,121,91,30,Document,NULL,NULL,117,NULL,4
55c94c77645ff610642e82a7b5cfbca44e9d27b4,4a6d9a80d5c963612bb37fb4d0e5117838d74517,238,163,75,Normal,NULL,NULL,201,NULL,8
4a6d9a80d5c963612bb37fb4d0e5117838d74517,62966475bfe44c9a0793f9b81e7606d67774a4cd,84,43,41,Normal,NULL,NULL,84,NULL,4
62966475bfe44c9a0793f9b81e7606d67774a4cd,c65211f7c8ec8ef017707938a754329e2e4998d3,52,26,26,Normal,NULL,NULL,52,NULL,7
c65211f7c8ec8ef017707938a754329e2e4998d3,d0526c4fe4ca19cc254b01fa9ab2a5c5e0eda64b,57,39,18,Normal,ISSUE,NULL,57,NULL,4
d0526c4fe4ca19cc254b01fa9ab2a5c5e0eda64b,8e7efb9c9a03b0ab12150c61c9ed58b525425e3b,12,6,6,Normal,NULL,NULL,12,NULL,1
8e7efb9c9a03b0ab12150c61c9ed58b525425e3b,0dcf846329e7d2ca785828248841336c20c4eb4f,86,60,26,Normal,NULL,NULL,86,NULL,8
0dcf846329e7d2ca785828248841336c20c4eb4f,bd835fabbd4844fb00258a9fc963843c67e78ad6,7,4,3,Normal,ISSUE,BUG,7,NULL,1
bd835fabbd4844fb00258a9fc963843c67e78ad6,75d239737f396a18e409a2db50761dcf422cc578,12,7,5,Normal,NULL,NULL,12,NULL,3
75d239737f396a18e409a2db50761dcf422cc578,3ef7a3e7f73442092164fdddd7b97387641352d5,5,1,4,Normal,NULL,NULL,5,NULL,2
3ef7a3e7f73442092164fdddd7b97387641352d5,c25a73c796dd18508f1ffe6d8bb5674adc710606,149,98,51,Normal,NULL,NULL,149,NULL,18
c25a73c796dd18508f1ffe6d8bb5674adc710606,5ce0fe768a169f92ada084624390e334f78bf1c9,225,141,84,Normal,NULL,NULL,219,NULL,20
5ce0fe768a169f92ada084624390e334f78bf1c9,827931b200b65533842e78de37c6035832fdf288,2,1,1,Normal,NULL,NULL,0,NULL,0
827931b200b65533842e78de37c6035832fdf288,5e4663dce9be2d7515439ed83e731426fe8115b2,2,1,1,Normal,NULL,NULL,2,NULL,1
5e4663dce9be2d7515439ed83e731426fe8115b2,efe0d54cc128d2d017dfd4591c4f0f0a184b01cc,0,0,0,Normal,NULL,NULL,0,NULL,0
efe0d54cc128d2d017dfd4591c4f0f0a184b01cc,85a0b396f6d2a31e59e74972a53090c5efa249c5,136,92,44,Normal,NULL,NULL,133,NULL,14
85a0b396f6d2a31e59e74972a53090c5efa249c5,460fbab46c7a3b8163455339ac1d74aa69d41635,13,6,7,Normal,NULL,NULL,13,NULL,3
460fbab46c7a3b8163455339ac1d74aa69d41635,9d3b07c6657e7714485d3b4593fcc2e23ec007aa,228,148,80,Document,NULL,NULL,222,NULL,17
9d3b07c6657e7714485d3b4593fcc2e23ec007aa,1fdc654e20cd3be57f69c95beb1c012bfc4b89c8,147,116,31,Normal,NULL,NULL,147,NULL,15
1fdc654e20cd3be57f69c95beb1c012bfc4b89c8,dfca71943ae15abba2d06d2ed819f5c0bd793e9b,2,1,1,Normal,NULL,NULL,2,NULL,1
dfca71943ae15abba2d06d2ed819f5c0bd793e9b,dbca538d0b9144ad53b181d9b3e401ecc33e0498,438,299,139,Normal,NULL,NULL,437,NULL,26
dbca538d0b9144ad53b181d9b3e401ecc33e0498,ef8bae0cbf168f726a52b098218c837660a4d81e,63,51,12,Normal,NULL,NULL,62,NULL,4
ef8bae0cbf168f726a52b098218c837660a4d81e,37551b6c269bd6f2d92a8b64a72952abd29941b2,69,49,20,Normal,NULL,NULL,65,NULL,6
37551b6c269bd6f2d92a8b64a72952abd29941b2,7818a5845fffa305a29f7b386a1978dba6d8d252,42,34,8,Normal,NULL,NULL,42,NULL,4
7818a5845fffa305a29f7b386a1978dba6d8d252,37a920ff3d3f9e7a480957a802fdabd00856e633,54,24,30,Normal,NULL,NULL,54,NULL,1
37a920ff3d3f9e7a480957a802fdabd00856e633,4c0bbcbb3f69703a69874819244078139f6d6aa9,176,166,10,Normal,NULL,NULL,176,NULL,3
4c0bbcbb3f69703a69874819244078139f6d6aa9,4e21ede1eefc5a3b733f0f91a72e1493ac91417c,43,32,11,Normal,NULL,NULL,43,NULL,17
4e21ede1eefc5a3b733f0f91a72e1493ac91417c,2d1cceaf751554c9b72c3019fb7ad2ae5721a710,485,416,69,Normal,NULL,NULL,480,NULL,16
2d1cceaf751554c9b72c3019fb7ad2ae5721a710,3b1f6b2353daf04ca6414377a42a2a932b017c86,86,82,4,Normal,NULL,NULL,86,NULL,1
3b1f6b2353daf04ca6414377a42a2a932b017c86,7b440d8ece936a4dcf9f482f0bd87b6f82b1e834,154,125,29,Normal,NULL,NULL,154,NULL,4
7b440d8ece936a4dcf9f482f0bd87b6f82b1e834,cb29add9ceb07ffe4ee0933b4b28e1b930526eb4,65,51,14,Normal,NULL,NULL,65,NULL,2
cb29add9ceb07ffe4ee0933b4b28e1b930526eb4,2b00ef014de2851cf3b322a14ab1080e97fd41ed,172,144,28,Normal,NULL,NULL,163,NULL,6
2b00ef014de2851cf3b322a14ab1080e97fd41ed,5641333cc5919cd7c840d97caf914af62de91fab,126,82,44,Normal,NULL,NULL,121,NULL,16
5641333cc5919cd7c840d97caf914af62de91fab,c400f8e69fcedaea5d172b8813cb9d078abd429c,16,1,15,Normal,NULL,NULL,6,NULL,1
c400f8e69fcedaea5d172b8813cb9d078abd429c,143595cd460886a0fcd5975ecbf9930bd244274d,34,21,13,Normal,NULL,NULL,34,NULL,5
143595cd460886a0fcd5975ecbf9930bd244274d,9918d58741b592dc4dbd9fbdd32d1527e7ce226a,14,4,10,Normal,NULL,NULL,14,NULL,2
9918d58741b592dc4dbd9fbdd32d1527e7ce226a,21cb52bd6676c056187fe7ada1d18f54465c0754,7,6,1,Normal,NULL,NULL,7,NULL,1
21cb52bd6676c056187fe7ada1d18f54465c0754,8a7eb5d112d74077aa565878fa65af9628816fe9,113,104,9,Normal,NULL,NULL,113,NULL,2
8a7eb5d112d74077aa565878fa65af9628816fe9,9fe78a11aa4ca38c498f1ae3d432e5f9b220d5d2,139,138,1,Normal,NULL,NULL,138,NULL,1
9fe78a11aa4ca38c498f1ae3d432e5f9b220d5d2,a950a508022788afe71f3acc181e381234b7fd0c,21,12,9,Normal,NULL,NULL,19,NULL,3
a950a508022788afe71f3acc181e381234b7fd0c,3963fe2fd2fa38317d720d9abc9eae5717bde1f2,23,8,15,Normal,NULL,NULL,23,NULL,4
3963fe2fd2fa38317d720d9abc9eae5717bde1f2,18c04ab3e6d1efb8e51a21fc00b00e7a9222866c,14,7,7,Document,NULL,NULL,8,NULL,1
18c04ab3e6d1efb8e51a21fc00b00e7a9222866c,c8575033bc6acad94862b8e38a9f2225a6ebd03e,7,2,5,Normal,NULL,NULL,7,NULL,1
c8575033bc6acad94862b8e38a9f2225a6ebd03e,9a2091283a80004843ec8e67fc0ab214e3254a54,34,19,15,Normal,NULL,NULL,34,NULL,2
9a2091283a80004843ec8e67fc0ab214e3254a54,98a6b81ff7aaf2c41207a027df3661d45e44c31f,20,14,6,Normal,NULL,NULL,16,NULL,2
98a6b81ff7aaf2c41207a027df3661d45e44c31f,4a3d2caf0e1a07459e45fe3924442cb4f9be22b2,11,11,0,Normal,NULL,NULL,11,NULL,2
4a3d2caf0e1a07459e45fe3924442cb4f9be22b2,a2e6e2568941ea36ca56af0825d621697b837927,75,34,41,Normal,NULL,NULL,63,NULL,2
a2e6e2568941ea36ca56af0825d621697b837927,7571d499150758c4e3ad36b8d1adbc68744991f9,14,7,7,Normal,NULL,NULL,14,NULL,2
7571d499150758c4e3ad36b8d1adbc68744991f9,67c486a5cc1f26be29d8b92d054cbc2414848131,4,3,1,Normal,NULL,NULL,4,NULL,2
67c486a5cc1f26be29d8b92d054cbc2414848131,85ed7cf7d038299cc025afac554615842d6b2c97,97,76,21,Document,NULL,NULL,75,NULL,3
85ed7cf7d038299cc025afac554615842d6b2c97,645d5eab971cd6a5fa09d92b62b7d4285404398f,127,119,8,Document,NULL,NULL,116,NULL,3
645d5eab971cd6a5fa09d92b62b7d4285404398f,1f53f4ed673efa96d6cb7872242cfb5259444d14,43,31,12,Normal,NULL,NULL,43,NULL,1
1f53f4ed673efa96d6cb7872242cfb5259444d14,c93c6e0a0e5273afa95a7ffee7988b0ef4fe110e,37,8,29,Normal,NULL,NULL,37,NULL,1
c93c6e0a0e5273afa95a7ffee7988b0ef4fe110e,661c8895ce21c674b5a13aa0d40d01f4e010f3b8,15,3,12,Normal,NULL,NULL,15,NULL,1
661c8895ce21c674b5a13aa0d40d01f4e010f3b8,ac458a9b501a0c5823d3232006342f89da200357,27,19,8,Normal,NULL,NULL,27,NULL,1
ac458a9b501a0c5823d3232006342f89da200357,a446a643762658a1b0fafec46027419c178420b6,35,17,18,Normal,NULL,NULL,35,NULL,1
a446a643762658a1b0fafec46027419c178420b6,eab0a6ecbd84a9e2fb7a17c6dafe700d77468956,35,20,15,Normal,NULL,NULL,35,NULL,2
eab0a6ecbd84a9e2fb7a17c6dafe700d77468956,cf4aab75f83acc68346bc8a29aa9b73a1cea4f5e,19,9,10,Normal,NULL,NULL,19,NULL,1
cf4aab75f83acc68346bc8a29aa9b73a1cea4f5e,ce01cffd98b0a673986a570e752cb46380506cd6,33,26,7,Normal,NULL,NULL,33,NULL,1
ce01cffd98b0a673986a570e752cb46380506cd6,ac1e324a20ea06c920ad477de249304eca3a50a6,7,4,3,Normal,NULL,NULL,7,NULL,1
ac1e324a20ea06c920ad477de249304eca3a50a6,1f35b7ec9ba5d1b39730896fc3be4d4abca762cd,38,10,28,Normal,NULL,NULL,0,NULL,0
1f35b7ec9ba5d1b39730896fc3be4d4abca762cd,ba88a78c735ed56ca0fee32906d92366a785b2ef,23,12,11,Normal,NULL,NULL,21,NULL,1
ba88a78c735ed56ca0fee32906d92366a785b2ef,060586c6e6ca38cd1d6522addd0b5c6c5f66e17c,29,22,7,Normal,NULL,NULL,29,NULL,2
060586c6e6ca38cd1d6522addd0b5c6c5f66e17c,f1012c9e86793186c9ffee376d61936a8a70ae03,85,47,38,Normal,NULL,NULL,85,NULL,3
f1012c9e86793186c9ffee376d61936a8a70ae03,113676eed7e67a85adb45d6e684ef199df1d9310,19,19,0,Normal,NULL,NULL,19,NULL,1
113676eed7e67a85adb45d6e684ef199df1d9310,3ea2ec58108cf20484e98576a8bc0937b715adb8,67,58,9,Document,NULL,NULL,38,NULL,2
3ea2ec58108cf20484e98576a8bc0937b715adb8,1ec996fca7fdd779e0bf5e9331bcefdee9d88d3c,72,42,30,Normal,NULL,NULL,72,NULL,5
1ec996fca7fdd779e0bf5e9331bcefdee9d88d3c,2ecbe72f05cb9995fd78cfb8b7ad1dd321818adc,29,24,5,Normal,NULL,NULL,29,NULL,3
2ecbe72f05cb9995fd78cfb8b7ad1dd321818adc,a694a677d8d2d0712df5f01fff30d417dd31746b,98,72,26,Normal,NULL,NULL,97,NULL,3
a694a677d8d2d0712df5f01fff30d417dd31746b,15c65c4b0bd6e68a26ffc1269c767d832c68eaaa,59,42,17,Normal,NULL,NULL,58,NULL,7
15c65c4b0bd6e68a26ffc1269c767d832c68eaaa,e5bf70285422a4bd43564c90008a37a65382ebbf,80,67,13,Normal,NULL,NULL,80,NULL,1
e5bf70285422a4bd43564c90008a37a65382ebbf,a9d66aa7c1a7ff0c507c96d0875962e941296a1d,71,60,11,Normal,NULL,NULL,70,NULL,6
a9d66aa7c1a7ff0c507c96d0875962e941296a1d,8bab13ee2f5d08c6ea38a06d2bff6b71c299ba87,25,18,7,Normal,NULL,NULL,25,NULL,3
8bab13ee2f5d08c6ea38a06d2bff6b71c299ba87,41b6b3abfee61db4f20e29773398a176896064b1,4,3,1,Normal,NULL,NULL,2,NULL,1
41b6b3abfee61db4f20e29773398a176896064b1,0c8c74aee2470a19d0100885c2911a5873fdbb8e,44,39,5,Normal,NULL,NULL,44,NULL,2
0c8c74aee2470a19d0100885c2911a5873fdbb8e,06498cb0b36885d9f30d793eb9682ed7d2186f8b,159,143,16,Normal,NULL,NULL,159,NULL,5
06498cb0b36885d9f30d793eb9682ed7d2186f8b,9fff6898ef5a5731c2b5dd3c5407ccd379179c36,90,75,15,Document,NULL,NULL,76,NULL,9
9fff6898ef5a5731c2b5dd3c5407ccd379179c36,188f439b685d0d7e3e89b2e959c8cd29ea00cf55,195,173,22,Normal,NULL,NULL,195,NULL,5
188f439b685d0d7e3e89b2e959c8cd29ea00cf55,ff7dc14c2d70f0ca0a2b4aa43c5be90edbce7ea0,81,71,10,Normal,NULL,NULL,80,NULL,5
ff7dc14c2d70f0ca0a2b4aa43c5be90edbce7ea0,f1ff244c6acf10fd678e559ea53f4c0d9fbb836b,87,85,2,Normal,NULL,NULL,87,NULL,8
f1ff244c6acf10fd678e559ea53f4c0d9fbb836b,dea9714e6680287044d7f268696c32be520e2ebb,295,269,26,Normal,NULL,NULL,295,NULL,20
dea9714e6680287044d7f268696c32be520e2ebb,515c6a15cc13a17c5a449188da759165de201e20,678,607,71,Document,NULL,NULL,666,NULL,20
515c6a15cc13a17c5a449188da759165de201e20,ce64b0e6410a66f5d8377aa3d2769d3bcc99fb61,596,523,73,Document,NULL,NULL,592,NULL,17
ce64b0e6410a66f5d8377aa3d2769d3bcc99fb61,6a79b02b4c8bbc8388e9801417d89e9d9574382f,172,122,50,Normal,NULL,NULL,172,NULL,10
6a79b02b4c8bbc8388e9801417d89e9d9574382f,aac688c1b5626e234c63ad4bac7f441beed48faa,48,47,1,Normal,NULL,NULL,48,NULL,2
aac688c1b5626e234c63ad4bac7f441beed48faa,dbd85ae0ad986412969ee8e2984e8b639a865c3b,130,128,2,Normal,NULL,NULL,130,NULL,8
dbd85ae0ad986412969ee8e2984e8b639a865c3b,ede9a3de4619b09d376e7eb6275d614adc986907,362,342,20,Normal,NULL,NULL,362,NULL,9
ede9a3de4619b09d376e7eb6275d614adc986907,212b06da41be2b1b1e6e555b322e0908c585ab8b,533,533,0,Normal,NULL,NULL,533,NULL,17
212b06da41be2b1b1e6e555b322e0908c585ab8b,aca23da58ec6977f0110a3a2d7545bbaa972cceb,22,22,0,Normal,NULL,NULL,0,NULL,0
aca23da58ec6977f0110a3a2d7545bbaa972cceb,97b43d867080726f0dfbb6f1581adb2075594c30,99,93,6,Document,NULL,NULL,57,NULL,3
97b43d867080726f0dfbb6f1581adb2075594c30,1462de75a9318198bb03824b54ba9791580e47e0,185,162,23,Document,NULL,NULL,113,NULL,2
1462de75a9318198bb03824b54ba9791580e47e0,50a9ada2fffc5580126c87975bf13d352373147d,108,107,1,Document,NULL,NULL,43,NULL,2
50a9ada2fffc5580126c87975bf13d352373147d,6bb8d0ab4dd8351fa8cc577e88204f69ddac5312,2,1,1,Document,NULL,NULL,0,NULL,3
6bb8d0ab4dd8351fa8cc577e88204f69ddac5312,853f5db290708f2337f6fb9cea691e0f052ec702,201,201,0,Normal,NULL,NULL,0,NULL,0
853f5db290708f2337f6fb9cea691e0f052ec702,null,478,478,0,Document,NULL,NULL,56,NULL,3
