2d6d44fb936a49ff34fcf8a8068530c325a67ea0,85adc4a022bd48794bf40bb4e0a675bde117d9d7,2,1,1,Document,NULL,NULL,0,NULL,0
85adc4a022bd48794bf40bb4e0a675bde117d9d7,4e55a83a7383cb51a68e0a11a10eda78146b9bd3,4,1,3,Normal,NULL,NULL,2,NULL,1
4e55a83a7383cb51a68e0a11a10eda78146b9bd3,91dddd3b5acd8866912ccaf968cdc3047cd86b32,2,2,0,Document,NULL,NULL,0,NULL,0
91dddd3b5acd8866912ccaf968cdc3047cd86b32,564a74fcc764c8e42149803bd3551ac4d12f7824,22,17,5,Normal,NULL,NULL,0,NULL,0
564a74fcc764c8e42149803bd3551ac4d12f7824,d7a5759784c7399a1cbfe9b62c9fa6d0f257ab52,63,38,25,fix #,ISSUE,NULL,40,NULL,2
d7a5759784c7399a1cbfe9b62c9fa6d0f257ab52,f66ac6942b066c46a6f2a3db951f3e99740160e7,37,36,1,#,NULL,NULL,37,NULL,1
be4a2c7c849767654e2b95423efcf68f7de247e6,f66ac6942b066c46a6f2a3db951f3e99740160e7,37,36,1,Normal,NULL,NULL,37,NULL,1
f66ac6942b066c46a6f2a3db951f3e99740160e7,14b67ac74a0f4e261cc985e48d47448a1ddb2a50,47,39,8,fix #,ISSUE,NULL,47,NULL,1
eab20af25d0da51b1019e724b4918024bf82f2e7,14b67ac74a0f4e261cc985e48d47448a1ddb2a50,47,39,8,fix,NULL,NULL,47,NULL,1
14b67ac74a0f4e261cc985e48d47448a1ddb2a50,6f6498e549733e49dba2f6808c2ddeb218d1ac3e,19,18,1,#,NULL,NULL,0,NULL,0
6f6498e549733e49dba2f6808c2ddeb218d1ac3e,a10e28ded7dfe75dcfa2b454ba294c1c9502d0db,320,184,136,Normal,NULL,NULL,320,NULL,1
a10e28ded7dfe75dcfa2b454ba294c1c9502d0db,bfd86f0a6f318807b469cf0638a34e7baf54db14,4,4,0,#,NULL,NULL,4,NULL,1
bfd86f0a6f318807b469cf0638a34e7baf54db14,cc6a322f745c3f7acfc9b02223e4cb3067e9fdc5,5,3,2,Document,NULL,NULL,0,NULL,0
a3ca6ca713152b11a943eec8c6e1cb87d4107704,cc6a322f745c3f7acfc9b02223e4cb3067e9fdc5,4,4,0,Normal,NULL,NULL,4,NULL,1
0734b92f88e246e1c848bb5f6121e624c4d33dfa,cc6a322f745c3f7acfc9b02223e4cb3067e9fdc5,19,18,1,Normal,NULL,NULL,0,NULL,0
5ade0f2d21a54da13b08a2f2aee0ff01d5b63425,cc6a322f745c3f7acfc9b02223e4cb3067e9fdc5,5,3,2,Document,NULL,NULL,0,NULL,0
cc6a322f745c3f7acfc9b02223e4cb3067e9fdc5,cc1d1b3b71d9d6d26c049a2ce4ed3e6c12f9ee6b,301,76,225,#,NULL,NULL,299,REFACTOR,11
be8b5d483ebb9ec10025bbc7e0b6f38b2a4a4013,e82cf4b21a2c77b22b127818febc63b7ffd5f321,2,1,1,Normal,NULL,NULL,0,NULL,0
e82cf4b21a2c77b22b127818febc63b7ffd5f321,9a0bb05a5cd0efec758d8880c4e18785685719ec,183,35,148,Normal,NULL,NULL,183,NULL,9
9a0bb05a5cd0efec758d8880c4e18785685719ec,cc1d1b3b71d9d6d26c049a2ce4ed3e6c12f9ee6b,138,51,87,Normal,NULL,NULL,138,NULL,9
cc1d1b3b71d9d6d26c049a2ce4ed3e6c12f9ee6b,32bc0a56404fba7e0151e8410a3dd23b9c9b35dc,26,23,3,Normal,NULL,NULL,26,NULL,1
32bc0a56404fba7e0151e8410a3dd23b9c9b35dc,f53ccb009c18e4766ddd29b4766a3676bf875d88,6,2,4,Comment,ISSUE,NULL,6,NULL,1
f53ccb009c18e4766ddd29b4766a3676bf875d88,84001f59f695bcf5224b89d28624fed33f4ea3ea,2,1,1,Comment,ISSUE,NULL,2,NULL,1
84001f59f695bcf5224b89d28624fed33f4ea3ea,5ffd6a2e2b6033644305aa722071957503f7da1c,8,4,4,Document,NULL,NULL,0,NULL,0
5ffd6a2e2b6033644305aa722071957503f7da1c,670863a2d59ec02e1a175aab37fc3187ab2b0299,15,7,8,Normal,NULL,NULL,15,NULL,4
b68a08c641558457484adb0fc63367e92b2e2b2f,f9ac392ef6cd2588cd78458ab2c972e696e1a7dc,15,7,8,#,NULL,NULL,15,NULL,4
66b0ef3ae8741d843f53b88b3cad7e13325f07f1,ca792b5166f755e39047aaf81d24f30026fd7f59,3,0,3,Normal,NULL,NULL,3,NULL,3
ca792b5166f755e39047aaf81d24f30026fd7f59,f9ac392ef6cd2588cd78458ab2c972e696e1a7dc,12,7,5,Normal,NULL,NULL,12,NULL,1
f9ac392ef6cd2588cd78458ab2c972e696e1a7dc,304176518770a580ea5444ad49568a98cf9aa740,1319,660,659,Document,NULL,NULL,1228,REFACTOR,4
0e0390c1ff8933577ad424dd4b4fc3d9675504d9,79bb4ecb36cfa82595a176e72bebafff7261d50c,7,1,6,Normal,NULL,NULL,7,NULL,1
670863a2d59ec02e1a175aab37fc3187ab2b0299,feafd6a83577c89e52058cd41a5cbbfa5bec244c,7,1,6,Normal,NULL,NULL,7,NULL,1
feafd6a83577c89e52058cd41a5cbbfa5bec244c,304176518770a580ea5444ad49568a98cf9aa740,1324,665,659,Document,NULL,NULL,1233,NULL,4
304176518770a580ea5444ad49568a98cf9aa740,9ca31ac50fbb2b3ce6bbca8595decd082e9d5b0e,4,2,2,Document,NULL,NULL,0,NULL,0
72612ad687b57d446e8f5793abf599afc35c0f22,9ca31ac50fbb2b3ce6bbca8595decd082e9d5b0e,4,2,2,Document,NULL,NULL,0,NULL,0
79bb4ecb36cfa82595a176e72bebafff7261d50c,b460d4dd47a417de24ec9ae28234ac943c57dc28,753,300,453,Document,NULL,NULL,731,REFACTOR,2
b460d4dd47a417de24ec9ae28234ac943c57dc28,8fea955083c0f0ef8f39d632ba98c156b4d82dae,64,20,44,Document,NULL,NULL,51,NULL,1
8fea955083c0f0ef8f39d632ba98c156b4d82dae,8412d5013119cde192bec9e44a2dbc34ac9e7bfc,74,50,24,Normal,NULL,NULL,74,NULL,1
8412d5013119cde192bec9e44a2dbc34ac9e7bfc,6e909b0343c03d95f76a16496b89459905ee54da,31,29,2,Document,NULL,NULL,23,NULL,1
6e909b0343c03d95f76a16496b89459905ee54da,8e89db06b0e599ad60930f6a4336aa93b3ef81b6,160,123,37,Document,NULL,NULL,117,NULL,2
8e89db06b0e599ad60930f6a4336aa93b3ef81b6,742494d08508b63bc41a7bb55c331cbb49d26767,65,28,37,Normal,NULL,NULL,65,NULL,1
742494d08508b63bc41a7bb55c331cbb49d26767,9ca31ac50fbb2b3ce6bbca8595decd082e9d5b0e,537,295,242,Document,NULL,NULL,458,NULL,4
9ca31ac50fbb2b3ce6bbca8595decd082e9d5b0e,19079c76cb017a17c88342a6b90c9b311cf992e2,13,12,1,Document,NULL,NULL,11,NULL,1
19079c76cb017a17c88342a6b90c9b311cf992e2,cacc6e6f294cc64fda8b47b9dc2ad529ef47f776,1271,825,446,Document,NULL,NULL,1182,NULL,2
a8b4b08c469621de6d35322ec48b3e48c3dd998a,c9555a9e0879387d2dab1a60f71d87dfc1de3b9f,2,1,1,Normal,NULL,NULL,2,NULL,1
c9555a9e0879387d2dab1a60f71d87dfc1de3b9f,5ced46bb56869ea17113cf99735cca4c547e5871,6,3,3,Document,NULL,NULL,0,NULL,0
cacc6e6f294cc64fda8b47b9dc2ad529ef47f776,b97facaeeccae4322a1ceb58c3de7f6388faa18d,6,3,3,Document,ISSUE,NULL,0,NULL,0
4aa3d6e63f08881b20bb1f23a53740f76260d3da,b97facaeeccae4322a1ceb58c3de7f6388faa18d,6,3,3,Document,NULL,NULL,0,NULL,0
5ced46bb56869ea17113cf99735cca4c547e5871,93c06bfa01eaf742f373b54b0c570eafbeff0436,12,7,5,Normal,NULL,NULL,12,NULL,2
93c06bfa01eaf742f373b54b0c570eafbeff0436,1fd2ec7d2f189c71211534cc6dbddde4b6c442b3,60,39,21,Document,NULL,NULL,40,NULL,2
1fd2ec7d2f189c71211534cc6dbddde4b6c442b3,5bf1189d1c3f232c0c74a9cb61d74f221e2e7eca,43,43,0,Normal,NULL,NULL,43,NULL,1
5bf1189d1c3f232c0c74a9cb61d74f221e2e7eca,c841ba57e4ad839be72dec979440a4fb99bc1b71,1754,0,1754,Document,NULL,NULL,1686,NULL,2
e8f4ec1c98d4c72f7e62435471018cb7ccc799d7,c841ba57e4ad839be72dec979440a4fb99bc1b71,1754,0,1754,Document,NULL,NULL,1686,NULL,2
c841ba57e4ad839be72dec979440a4fb99bc1b71,ea5a0156dc7a3a13e53d97908a0557203d814924,187,98,89,fix,ISSUE,BUG,187,NULL,1
ea5a0156dc7a3a13e53d97908a0557203d814924,ee02941dd81a252c9996e6e5ebebf494e2ddefc3,43,40,3,Document,ISSUE,BUG,36,NULL,1
ee02941dd81a252c9996e6e5ebebf494e2ddefc3,f8350fce20b0a55feeedbe157767c86aa28143f1,2873,2689,184,Document,NULL,NULL,2516,NULL,20
f8350fce20b0a55feeedbe157767c86aa28143f1,6fcf27d4cec75b59afb5ffd9fe919a6b775d4083,71,67,4,Document,NULL,NULL,70,NULL,2
6fcf27d4cec75b59afb5ffd9fe919a6b775d4083,0dbd6b024bb9d0992f4ba1ba2b1edc30ff1f5826,8,4,4,fix,NULL,NULL,8,NULL,1
b97facaeeccae4322a1ceb58c3de7f6388faa18d,85c318fc84ec0139cfde263939a9b13f98ce86f1,10,8,2,Document,NULL,NULL,0,NULL,0
85c318fc84ec0139cfde263939a9b13f98ce86f1,7cf4e663ae5a37eaab44cf1b20b7f8e2f2199fc5,9,6,3,Document,NULL,NULL,0,NULL,0
7cf4e663ae5a37eaab44cf1b20b7f8e2f2199fc5,c739b4b7364cb278e0d4d148048ba6c7f9c2e15f,4,2,2,Normal,NULL,NULL,0,NULL,0
c739b4b7364cb278e0d4d148048ba6c7f9c2e15f,a92a2cdae7a79ced44897098464a02ca720c6607,1018,891,127,Document,NULL,NULL,811,NULL,17
da7084cc8bbc788e317a6f4e305bcee54756b39a,a92a2cdae7a79ced44897098464a02ca720c6607,1018,891,127,Document,NULL,NULL,811,NULL,17
3189892d3fb661534241fba518c2044ab27335db,baafdcbb95167db9947c558483c81f052441c920,2,1,1,Normal,NULL,NULL,0,NULL,0
baafdcbb95167db9947c558483c81f052441c920,418898c33c1ae948717ea19adead026df365e00d,333,125,208,Normal,NULL,NULL,333,NULL,8
418898c33c1ae948717ea19adead026df365e00d,7ea40c5978c6e05352af03a7b0cea1a8036d23b4,532,259,273,Document,NULL,NULL,521,NULL,10
a92a2cdae7a79ced44897098464a02ca720c6607,a9cc7d28eb49915056e03c126de59c47a001c9fb,116,50,66,Document,ISSUE,NULL,16,NULL,2
a9cc7d28eb49915056e03c126de59c47a001c9fb,b909a2a4bbd2c2b7cecb2ac4f239d2ccdde8fbe4,12,5,7,Normal,NULL,NULL,0,NULL,0
b909a2a4bbd2c2b7cecb2ac4f239d2ccdde8fbe4,b3fe10cf337b1916c27eca5e4e8418b0e0882c80,4,1,3,Document,NULL,NULL,0,NULL,0
0dbd6b024bb9d0992f4ba1ba2b1edc30ff1f5826,7da3056130b66fa282059aa63491773ca7c57505,28,16,12,#,NULL,NULL,28,NULL,1
df48a3c3871ce429b1604b67ea41418ca85e78a5,7da3056130b66fa282059aa63491773ca7c57505,28,16,12,Normal,NULL,NULL,28,NULL,1
7ea40c5978c6e05352af03a7b0cea1a8036d23b4,1f75c11e6a10d68cd7c61d544a7e3b3300ef76f3,80,48,32,Normal,NULL,NULL,80,NULL,3
7da3056130b66fa282059aa63491773ca7c57505,046caa4a10a176bed0b210fd4952f8cf5012ced4,928,405,523,Format,NULL,NULL,898,NULL,2
046caa4a10a176bed0b210fd4952f8cf5012ced4,4ab9c29b8c2fc6820ad8d57ffda8f8a8d9ca1164,2,1,1,Normal,NULL,NULL,2,NULL,1
4ab9c29b8c2fc6820ad8d57ffda8f8a8d9ca1164,14c3135029552f1547c0bf4f2cb0486a308bc681,1,0,1,Normal,NULL,NULL,1,NULL,1
14c3135029552f1547c0bf4f2cb0486a308bc681,c5d3e6743e068a129ac06ff6b57493c4afa1a04c,2,1,1,Normal,NULL,NULL,2,NULL,1
c5d3e6743e068a129ac06ff6b57493c4afa1a04c,71ef2ad7e854d3f7a88c0d84b9cf7b36ac8728f9,7,5,2,fix,ISSUE,BUG,7,NULL,2
71ef2ad7e854d3f7a88c0d84b9cf7b36ac8728f9,b3fe10cf337b1916c27eca5e4e8418b0e0882c80,1551,936,615,Document,NULL,NULL,1501,NULL,2
1f75c11e6a10d68cd7c61d544a7e3b3300ef76f3,a5a2e2c9eaa25a9650f3e89bf4d457c7cfdd0fd9,269,262,7,Document,NULL,NULL,194,NULL,3
a5a2e2c9eaa25a9650f3e89bf4d457c7cfdd0fd9,bd4749188ce0a2defdb8ae315164fed6e5b01030,165,92,73,Document,NULL,NULL,164,NULL,5
bd4749188ce0a2defdb8ae315164fed6e5b01030,25e38f34f34be60ce6e59be36cd99dec6b3dec06,708,638,70,Document,NULL,NULL,573,NULL,13
25e38f34f34be60ce6e59be36cd99dec6b3dec06,b3fe10cf337b1916c27eca5e4e8418b0e0882c80,5,2,3,Normal,NULL,NULL,0,NULL,0
b3fe10cf337b1916c27eca5e4e8418b0e0882c80,4d66856185e63bc2e475eb049ea3a835b2839759,2,1,1,#,NULL,NULL,2,NULL,1
5ec9935ca20f2d2b902130aab0e7fa677105edad,f957a49cd224d966a29e22b4f25d0db9adcfcfe6,12,6,6,Normal,NULL,NULL,12,NULL,1
f957a49cd224d966a29e22b4f25d0db9adcfcfe6,dee951d85d6246c35ec457a34de39ea5205eb29f,2,1,1,Normal,NULL,NULL,2,NULL,1
4d66856185e63bc2e475eb049ea3a835b2839759,f3b50c4e1772f19cc5ba3ca1975d4efcb8c97485,13,11,2,Document,NULL,NULL,9,NULL,1
ce1eb70c86b74ee8dce056840eb6e42612c01bd6,dee951d85d6246c35ec457a34de39ea5205eb29f,12,6,6,Normal,NULL,NULL,12,NULL,1
dee951d85d6246c35ec457a34de39ea5205eb29f,f3b50c4e1772f19cc5ba3ca1975d4efcb8c97485,13,11,2,Document,NULL,NULL,9,NULL,1
f3b50c4e1772f19cc5ba3ca1975d4efcb8c97485,1c4dfcc9854ca34f9f8ca513a9d47c58be25ad59,2,2,0,Document,NULL,NULL,0,NULL,0
cbff4cde88f3d39f582cc5c7d78e6cac40e35201,1c4dfcc9854ca34f9f8ca513a9d47c58be25ad59,2,2,0,Document,NULL,NULL,0,NULL,0
1c4dfcc9854ca34f9f8ca513a9d47c58be25ad59,fd22147ea3f8099ffcb7253d22b40147be2c4879,8,4,4,Document,NULL,NULL,0,NULL,0
fd22147ea3f8099ffcb7253d22b40147be2c4879,883b4be3ba7772ee3fb3de9b925a38ad323031e5,8,3,5,fix #,ISSUE,NULL,4,NULL,1
0be6b95d3dadb5da85bfdd58faf45814f5391856,883b4be3ba7772ee3fb3de9b925a38ad323031e5,8,4,4,Document,NULL,NULL,0,NULL,0
883b4be3ba7772ee3fb3de9b925a38ad323031e5,e0b54dede3eedf4774e6da8d30176d04ba229bb7,6,3,3,Document,NULL,NULL,0,NULL,0
e0b54dede3eedf4774e6da8d30176d04ba229bb7,83bc63879968e4f8eee368c9cadb829c789892d7,145,119,26,Document,NULL,NULL,109,NULL,5
7771395503c518816019e9302d9506fe6adde724,83bc63879968e4f8eee368c9cadb829c789892d7,6,3,3,Document,NULL,NULL,0,NULL,0
83bc63879968e4f8eee368c9cadb829c789892d7,0b485a1e35615841079164ec5f29e866cbb332b5,12,8,4,Document,NULL,NULL,0,NULL,0
0b485a1e35615841079164ec5f29e866cbb332b5,677c318ab9eecc0619f7144d4e6fcba9a534078c,624,624,0,Normal,NULL,NULL,624,NULL,7
677c318ab9eecc0619f7144d4e6fcba9a534078c,8bc91b66643074a108106d1821e64e0a4ca4a90a,219,0,219,Normal,NULL,NULL,219,NULL,1
8bc91b66643074a108106d1821e64e0a4ca4a90a,c93c76488adf05f34cb17ed33428fae3eaec48eb,153,138,15,Document,NULL,NULL,70,NULL,6
dd05a2ed9a3d3a37febf3795057789666b29df35,74e6268cdfbe2ee0765487c97e3a2b1dea8c53ec,4,1,3,Document,NULL,NULL,0,NULL,0
74e6268cdfbe2ee0765487c97e3a2b1dea8c53ec,0482533a63719fcc6aa415c6ac566102f4f9eec9,8,7,1,Document,NULL,NULL,0,NULL,0
0482533a63719fcc6aa415c6ac566102f4f9eec9,c93c76488adf05f34cb17ed33428fae3eaec48eb,6,3,3,Document,NULL,NULL,0,NULL,0
c93c76488adf05f34cb17ed33428fae3eaec48eb,a0b06784652bfdde80d03db647ea6f2f8179d0a4,4,2,2,Normal,NULL,NULL,0,NULL,0
a0b06784652bfdde80d03db647ea6f2f8179d0a4,c3c583090fe5717cc8041ac08d4fe0f5ab45be34,8,4,4,Document,NULL,NULL,0,NULL,0
c3c583090fe5717cc8041ac08d4fe0f5ab45be34,9e965d7c3803853898c5d2c937e2885ae9b95d4e,2,2,0,fix,ISSUE,BUG,2,NULL,1
2402f8efefe854da3d2846903ed8b73de246c4d8,9e965d7c3803853898c5d2c937e2885ae9b95d4e,8,4,4,Document,NULL,NULL,0,NULL,0
9e965d7c3803853898c5d2c937e2885ae9b95d4e,bbb5c0883d18b233af1ef23d55f85789ca4784bb,37,22,15,Normal,NULL,NULL,37,NULL,1
bbb5c0883d18b233af1ef23d55f85789ca4784bb,7db7da3f5872f8bd94266b1ab3627cc3887937b6,4,2,2,Normal,NULL,NULL,0,NULL,0
7db7da3f5872f8bd94266b1ab3627cc3887937b6,62742aa99c8f38041c2c52ffaa30b42a81245673,169,99,70,Normal,NULL,NULL,169,NULL,4
62742aa99c8f38041c2c52ffaa30b42a81245673,7ba5e8b350addf8ed7ec32e7478ea72904871a15,4,2,2,Document,NULL,NULL,0,NULL,0
7ba5e8b350addf8ed7ec32e7478ea72904871a15,bfd2f6b73d42c5b3597933a70a6ba2cdfa52bc10,10,5,5,Normal,NULL,NULL,6,NULL,1
bfd2f6b73d42c5b3597933a70a6ba2cdfa52bc10,b479efba08165944f739beb98fec74b0795c5fd8,13,3,10,Document,NULL,NULL,0,NULL,0
b479efba08165944f739beb98fec74b0795c5fd8,4bae377640746b5cc69859fe1f90e364cf796889,13,13,0,Document,NULL,NULL,0,NULL,0
4bae377640746b5cc69859fe1f90e364cf796889,6c3db3425c775cd69d3a2492c4bfca460a9ff493,4,2,2,Document,NULL,NULL,0,NULL,0
6c3db3425c775cd69d3a2492c4bfca460a9ff493,de5c5f9d8780950bdb2f9a5e85ca6b446ab8cc7c,44,28,16,fix #,ISSUE,NULL,40,NULL,2
de5c5f9d8780950bdb2f9a5e85ca6b446ab8cc7c,ea5629de0fd3c4cc890aeb833dd803d1a7fdda59,4,2,2,Document,NULL,NULL,0,NULL,0
ea5629de0fd3c4cc890aeb833dd803d1a7fdda59,34e238977311068536e0af219119836a85504f52,4,2,2,Document,NULL,NULL,0,NULL,0
34e238977311068536e0af219119836a85504f52,f2cec54389c3820c7a66e786f0fab36bd04b0bf6,53,51,2,fix #,ISSUE,NULL,53,NULL,1
9d8311c48592a354606f4ff4d0dc6eb5bc562bd2,f2cec54389c3820c7a66e786f0fab36bd04b0bf6,4,2,2,Document,NULL,NULL,0,NULL,0
f2cec54389c3820c7a66e786f0fab36bd04b0bf6,f6cd43ed8245d07613cae00c8f789495dac8b009,6,3,3,Normal,NULL,NULL,0,NULL,0
f6cd43ed8245d07613cae00c8f789495dac8b009,715756c60783aec6a5702d9780e11358d0b47323,3,1,2,fix,ISSUE,BUG,3,NULL,1
715756c60783aec6a5702d9780e11358d0b47323,0d3dc52c90418bd540559e7d5ce50b6d5ffa73fb,9,4,5,Document,NULL,NULL,0,NULL,0
0d3dc52c90418bd540559e7d5ce50b6d5ffa73fb,c70c78f6078bdfe4b2fd01a30fa07233aa82193f,202,101,101,Document,NULL,NULL,46,NULL,2
c70c78f6078bdfe4b2fd01a30fa07233aa82193f,324a58b908d8f04573101748c53577fd46dc54e3,2,1,1,Document,NULL,NULL,0,NULL,0
324a58b908d8f04573101748c53577fd46dc54e3,34e203930cef872ff3c68637caf4dc237e2d0cfb,8,4,4,Document,NULL,NULL,0,NULL,0
34e203930cef872ff3c68637caf4dc237e2d0cfb,171898e2e3574bf08bbaeb13d6766cb54b6dabfb,6,4,2,Comment,NULL,NULL,6,NULL,1
171898e2e3574bf08bbaeb13d6766cb54b6dabfb,77f0b31e8fc65a3b8b5ecb9d288ed31f8d0794f4,4,0,4,Normal,NULL,NULL,4,NULL,1
77f0b31e8fc65a3b8b5ecb9d288ed31f8d0794f4,4dfe98e2072e501901524ad7ac5b4e0b3d33f224,4,2,2,Document,NULL,NULL,0,NULL,0
4dfe98e2072e501901524ad7ac5b4e0b3d33f224,93793031cece6a80fd85fecc320ab2ca5d4570f6,40,12,28,fix,NULL,NULL,40,NULL,1
93793031cece6a80fd85fecc320ab2ca5d4570f6,54f6a18587b173a9bae3d667db0b797b406a8331,11,8,3,fix #,ISSUE,NULL,11,NULL,1
54f6a18587b173a9bae3d667db0b797b406a8331,e89391e992e10760667bb8ce116601eac1356853,10,4,6,fix #,ISSUE,NULL,10,NULL,2
9bd67cead6ef068d1bd2b993117ecba02c0799d0,e89391e992e10760667bb8ce116601eac1356853,10,4,6,Normal,NULL,NULL,10,NULL,2
e89391e992e10760667bb8ce116601eac1356853,ae890a8c9a77a3febc31d567a318a9140e7590d9,4,2,2,Document,NULL,NULL,0,NULL,0
ae890a8c9a77a3febc31d567a318a9140e7590d9,1ca8c4f0492d4c8ba69a27dcd6a3a2638b7b2ab5,143,91,52,Document,NULL,NULL,82,NULL,5
1ca8c4f0492d4c8ba69a27dcd6a3a2638b7b2ab5,1ed01986ed496f87e1e5ecf54c4b2b96d65f894a,86,85,1,#,NULL,NULL,86,NULL,3
473f2809482c7c3a4c0e0f1ecaad4d58be98c472,55ff957560d22e579cd015e252470254fe7aa389,3,0,3,Normal,NULL,NULL,3,NULL,1
55ff957560d22e579cd015e252470254fe7aa389,1ed01986ed496f87e1e5ecf54c4b2b96d65f894a,89,88,1,Normal,NULL,NULL,89,NULL,3
1ed01986ed496f87e1e5ecf54c4b2b96d65f894a,c0d57373561656888e1b7c8358cdfb647ef3a77a,7,7,0,#,NULL,NULL,7,NULL,1
c0d57373561656888e1b7c8358cdfb647ef3a77a,5a215337455040a9458069a938b7c8b8b32e8473,62,62,0,#,NULL,NULL,62,NULL,1
5a215337455040a9458069a938b7c8b8b32e8473,d1df4527aee3ea3fb186b7b14b618801ba045754,10,5,5,Document,NULL,NULL,0,NULL,0
d1df4527aee3ea3fb186b7b14b618801ba045754,b8457a51d55ca46dafa365bdfc85eaf77fd2001f,66,38,28,#,NULL,NULL,66,NULL,2
4078489f6e8736d7d1e68cb19de144daf14eab72,7d7752b39f74860c60610421541be58ad40e82af,66,38,28,Normal,NULL,NULL,66,NULL,2
b8457a51d55ca46dafa365bdfc85eaf77fd2001f,7d7752b39f74860c60610421541be58ad40e82af,32,32,0,#,NULL,NULL,32,NULL,1
7425e3c68cc30b046752ded561657372c6632e94,7d7752b39f74860c60610421541be58ad40e82af,32,32,0,Normal,NULL,NULL,32,NULL,1
7d7752b39f74860c60610421541be58ad40e82af,3baaa91a5e8bb354a3c2a3b39817d55125caab4c,6,3,3,Document,NULL,NULL,0,NULL,0
3baaa91a5e8bb354a3c2a3b39817d55125caab4c,fd66ce4d15e7dd616ec294d798d847920a16be7b,106,62,44,Document,NULL,NULL,17,NULL,2
92ac1f371edbd7a2c3024816dbbe64717fa47798,fd66ce4d15e7dd616ec294d798d847920a16be7b,106,62,44,Document,NULL,NULL,17,NULL,2
e9377a4d8b4c6ea0cd1cf628dbb8cbaa501be87a,f1a4188d8956f73ed87c8f04a6ef56a4fc325d02,54,25,29,Normal,NULL,NULL,0,NULL,0
f1a4188d8956f73ed87c8f04a6ef56a4fc325d02,3ac67e06c731722063908bd226b5e63dce7cbafa,59,35,24,Document,NULL,NULL,17,NULL,2
45755a29e7855b54f62ca20e779892830ced3ac5,fd66ce4d15e7dd616ec294d798d847920a16be7b,6,3,3,Document,NULL,NULL,0,NULL,0
fd66ce4d15e7dd616ec294d798d847920a16be7b,5ae39672cf50e675a9b452fd83a84d8c45585e17,10,0,10,Document,NULL,NULL,0,NULL,0
5ae39672cf50e675a9b452fd83a84d8c45585e17,c9588c0ae7066e39a950504be714fd676a4cd401,17,2,15,Normal,NULL,NULL,13,NULL,1
c9588c0ae7066e39a950504be714fd676a4cd401,3ac67e06c731722063908bd226b5e63dce7cbafa,78,71,7,fix #,ISSUE,NULL,78,NULL,4
3ac67e06c731722063908bd226b5e63dce7cbafa,b73ea772bc11fcd24a80844d30e095b204c29dfa,2,1,1,Document,NULL,NULL,0,NULL,0
b73ea772bc11fcd24a80844d30e095b204c29dfa,0ec9c71b1cd2117d9eb83f7dfada2f28187afae3,10,5,5,Document,NULL,NULL,0,NULL,0
0ec9c71b1cd2117d9eb83f7dfada2f28187afae3,6472d7556f5b1b50a08564c62fe7108914e1009c,56,6,50,Document,NULL,NULL,54,NULL,1
ae54ad30d218042554fa987a540b23a8b9e76aee,ccb48c6752d6bf393293fdf7edfaf27387b172a3,54,5,49,#,NULL,NULL,54,NULL,1
c7c8bac09ab04804302f61a86bb0dc7060a12e5a,ccb48c6752d6bf393293fdf7edfaf27387b172a3,54,5,49,Normal,NULL,NULL,54,NULL,1
ccb48c6752d6bf393293fdf7edfaf27387b172a3,14762b7aeb4697e0082f91e44024d0d68c90189c,2,1,1,Document,NULL,NULL,0,NULL,0
6472d7556f5b1b50a08564c62fe7108914e1009c,d855375a0162f907bcb773c1e91fa368ce4aeb66,40,3,37,Document,NULL,NULL,0,NULL,0
14762b7aeb4697e0082f91e44024d0d68c90189c,e4dd40f00d22a61903b6ebf4264da6c70cdbb101,40,3,37,Document,NULL,NULL,0,NULL,0
d855375a0162f907bcb773c1e91fa368ce4aeb66,e4dd40f00d22a61903b6ebf4264da6c70cdbb101,4,2,2,Normal,NULL,NULL,0,NULL,0
e4dd40f00d22a61903b6ebf4264da6c70cdbb101,5106665d73e53cbb2a006258c6b8ca2951eced26,3,2,1,Document,NULL,NULL,0,NULL,0
5106665d73e53cbb2a006258c6b8ca2951eced26,56868353541148a519296e4da0862ddd83f53c1a,26,23,3,fix,ISSUE,NULL,26,NULL,2
b5b8d8d4fe4a106a058e874e0cb8a8a4697b8832,56868353541148a519296e4da0862ddd83f53c1a,3,2,1,Document,NULL,NULL,0,NULL,0
56868353541148a519296e4da0862ddd83f53c1a,f1f11d99d8fc5090e41dd95c6ef6bb09e445a447,6,4,2,Document,NULL,NULL,0,NULL,0
f1f11d99d8fc5090e41dd95c6ef6bb09e445a447,29cf7d21ffb802ca3c2c85ef63102caf622c5b56,158,33,125,Document,ISSUE,NULL,55,NULL,1
dd867bf84ea28379427be86aa815038a25270ec7,d6db78511115f2e7046bb4b21bd973b3c2736f1f,4,2,2,Document,ISSUE,NULL,0,NULL,0
d6db78511115f2e7046bb4b21bd973b3c2736f1f,29cf7d21ffb802ca3c2c85ef63102caf622c5b56,2,2,0,Document,NULL,NULL,0,NULL,0
29cf7d21ffb802ca3c2c85ef63102caf622c5b56,c229e9d499b0674e977cc75402e2502dd5032936,13,0,13,Normal,NULL,NULL,13,NULL,1
c229e9d499b0674e977cc75402e2502dd5032936,9a9ade7eebc2944f9335fe2565cf123b9c4e3e29,21,21,0,Normal,NULL,NULL,0,NULL,0
01dc82a36fc84a3c428c24f35ce890391d530a24,null,21,21,0,Normal,NULL,NULL,0,NULL,0
9a9ade7eebc2944f9335fe2565cf123b9c4e3e29,null,2817,2817,0,Document,NULL,NULL,1665,NULL,9
