4254feca3ece9397cd501921ee733f19ea0fdad8,bd2b251d3ef40dfe3863da1f50660632774f7b93,2,2,0,Document,NULL,NULL,0,NULL,0
bd2b251d3ef40dfe3863da1f50660632774f7b93,d929476bee721e295f7e73d7395e29ca090c122b,2,1,1,Document,ISSUE,NULL,0,NULL,0
d188a033e8ca3b78ff91bf3a3b8453725ae53b8d,d929476bee721e295f7e73d7395e29ca090c122b,2,1,1,Document,NULL,NULL,0,NULL,0
08ff04755ab2eb81472d6c25cd58b57cee2407dc,d929476bee721e295f7e73d7395e29ca090c122b,2,2,0,Document,NULL,NULL,0,NULL,0
d929476bee721e295f7e73d7395e29ca090c122b,e9721f76ebda5ddac533a161879d699c5894976e,11,3,8,fix,NULL,NULL,11,NULL,2
e9721f76ebda5ddac533a161879d699c5894976e,387615531a69a77893dd5df0c9e3f6e4b379047d,37,37,0,#,NULL,NULL,0,NULL,0
387615531a69a77893dd5df0c9e3f6e4b379047d,f278ec75911bd421b4f50f9bc418fc57e2e4c948,2,1,1,#,NULL,NULL,2,NULL,1
f278ec75911bd421b4f50f9bc418fc57e2e4c948,7ebe3277241734748d305f30f82eedd14e949b1a,2,2,0,#,NULL,NULL,0,NULL,0
4eeff1b809c68c6ec91449e33a77f58a7d050633,7ebe3277241734748d305f30f82eedd14e949b1a,2,2,0,Normal,NULL,NULL,0,NULL,0
b38aca508775323a042ea25044853fd2fce61628,7ebe3277241734748d305f30f82eedd14e949b1a,2,1,1,Normal,NULL,NULL,2,NULL,1
7ebe3277241734748d305f30f82eedd14e949b1a,a8b4057654d07d63d9aba6023ddc6a803eec9597,4,4,0,Document,NULL,NULL,0,NULL,0
a8b4057654d07d63d9aba6023ddc6a803eec9597,6681dd23755076f4198ac9cf0fe2f7eb1dbd0d10,20,18,2,#,NULL,NULL,20,NULL,1
6681dd23755076f4198ac9cf0fe2f7eb1dbd0d10,8fcae2cce29ef51626542e7026391d980109b101,2,1,1,Document,NULL,NULL,0,NULL,0
e688477bba4cc945076d3f7438d64883f3148002,8fcae2cce29ef51626542e7026391d980109b101,2,1,1,Document,NULL,NULL,0,NULL,0
eefb9ed8dbf6b030ea788366051166f0b6482a4f,9402c1ac96200c2602253f9dfe6b390bda1aeab8,2,1,1,Normal,ISSUE,NULL,2,NULL,1
9402c1ac96200c2602253f9dfe6b390bda1aeab8,8fcae2cce29ef51626542e7026391d980109b101,20,18,2,Normal,NULL,NULL,20,NULL,1
bd701c6e3fbf26a9d5fbd4619301cc05e0d09caf,dd1f2de5685718b8326f4562ae94da3c953db073,2,1,1,Normal,NULL,NULL,0,NULL,0
dd1f2de5685718b8326f4562ae94da3c953db073,8fcae2cce29ef51626542e7026391d980109b101,37,37,0,Normal,NULL,NULL,0,NULL,0
8fcae2cce29ef51626542e7026391d980109b101,b0556d1fb4a12a3a7d324f1f01b1ca21e8047949,2,1,1,Document,NULL,NULL,0,NULL,0
b0556d1fb4a12a3a7d324f1f01b1ca21e8047949,fe85a1844b26266c055bddcb7a1214d3564b0cce,442,3,439,Document,NULL,NULL,0,NULL,0
fe85a1844b26266c055bddcb7a1214d3564b0cce,da5b9c6871963252840c574f5623a5f43eddb1fa,475,475,0,Document,NULL,NULL,0,NULL,21
cfe65fbe5ee231e454c1d50b4fb1c6b4013dedba,da5b9c6871963252840c574f5623a5f43eddb1fa,2,1,1,Document,NULL,NULL,0,NULL,0
da5b9c6871963252840c574f5623a5f43eddb1fa,ad6054b9deec4a923f0df6a908bca1c0a5b78672,45,41,4,Document,NULL,NULL,0,NULL,0
f328bc98a54d3457db369e631d8c6e1374ef863e,ee8a1d06462aee9f742c34d5b3d8f189c4c16cf7,11,8,3,Document,NULL,NULL,0,NULL,0
ee8a1d06462aee9f742c34d5b3d8f189c4c16cf7,078d39b2ff9a256a2d4037049f3a6d4723e1e426,34,33,1,Document,NULL,NULL,0,NULL,0
ad6054b9deec4a923f0df6a908bca1c0a5b78672,f47ea3ef049618d9a80e3c0bdf02fb011dede0dc,1,1,0,Document,NULL,NULL,0,NULL,12
078d39b2ff9a256a2d4037049f3a6d4723e1e426,f47ea3ef049618d9a80e3c0bdf02fb011dede0dc,1,1,0,Document,NULL,NULL,0,NULL,12
c6cc3cfede1e9eb459a550b5f387d7e7362cca59,ca7b84bb460455bae44763871ae0bf386500f828,1,1,0,Document,NULL,NULL,0,NULL,12
f47ea3ef049618d9a80e3c0bdf02fb011dede0dc,9b3d8c15c1b0fbd6b3e21b487d8d4f549cfc59f9,299,150,149,Document,NULL,NULL,272,NULL,33
ca7b84bb460455bae44763871ae0bf386500f828,56576af37d73e3e4bee14f3a5f33a8cb5b184f96,3,2,1,Normal,NULL,NULL,0,NULL,0
56576af37d73e3e4bee14f3a5f33a8cb5b184f96,76f0e35f64951d5790c170bb383213e066fcb211,92,46,46,Normal,NULL,NULL,92,NULL,8
76f0e35f64951d5790c170bb383213e066fcb211,6989cdbfb08f50be6dace745038c40fa812465e4,1,0,1,Document,NULL,NULL,0,NULL,0
6989cdbfb08f50be6dace745038c40fa812465e4,2eff42a3a2be0ba0581467235f2241d5e3f78f7c,132,66,66,Document,NULL,NULL,128,NULL,21
2eff42a3a2be0ba0581467235f2241d5e3f78f7c,f499edc05c6e18ca8f9a5e12727301f7df6f9f77,1,1,0,Normal,NULL,NULL,0,NULL,0
f499edc05c6e18ca8f9a5e12727301f7df6f9f77,37680e41a48239e1dfa6abf5e88c219f32d4ade8,0,0,0,Normal,NULL,NULL,0,NULL,0
37680e41a48239e1dfa6abf5e88c219f32d4ade8,9b3d8c15c1b0fbd6b3e21b487d8d4f549cfc59f9,164,82,82,Document,NULL,NULL,144,NULL,33
9b3d8c15c1b0fbd6b3e21b487d8d4f549cfc59f9,ba63620417868154ba619d81fd07ef27661bed98,2,2,0,Document,NULL,NULL,0,NULL,0
ba63620417868154ba619d81fd07ef27661bed98,46d5d7c7f28d85ec6172bdebc2b8aa5bdf01eb07,3,1,2,#,NULL,NULL,3,NULL,1
46d5d7c7f28d85ec6172bdebc2b8aa5bdf01eb07,3cbbf47160310eed0909b86d4f6768bad3ef961f,296,278,18,Document,NULL,NULL,0,NULL,1
3cbbf47160310eed0909b86d4f6768bad3ef961f,7753bbbe240ad680b298f33d37dc9fc8a9feec92,24,24,0,#,NULL,NULL,24,NULL,2
7753bbbe240ad680b298f33d37dc9fc8a9feec92,6467f87291023a78c63fe21e5b10e09c875a1304,12,8,4,#,NULL,NULL,12,NULL,1
6467f87291023a78c63fe21e5b10e09c875a1304,29d40b63c4ba85efad5f908e63358261fbda8972,4,4,0,Document,NULL,NULL,0,NULL,0
1c1d8df60f47081b60e7f678c3b28f5f862fd76d,29d40b63c4ba85efad5f908e63358261fbda8972,12,8,4,Normal,NULL,NULL,12,NULL,1
fb5042846be80f06d3b2b36e54e49c9825a53c26,29d40b63c4ba85efad5f908e63358261fbda8972,3,1,2,Normal,NULL,NULL,3,NULL,1
29d40b63c4ba85efad5f908e63358261fbda8972,a1710a7038c17f37c6dfb31cd626dd484f5ecf16,29,0,29,#,NULL,NULL,29,NULL,1
42461fe04e3e798f7716aacaee6bd91f607bfda3,a1710a7038c17f37c6dfb31cd626dd484f5ecf16,296,278,18,Document,NULL,NULL,0,NULL,1
b8823b84561af1682dd9a27bdc4d324274becf1c,a1710a7038c17f37c6dfb31cd626dd484f5ecf16,29,0,29,Normal,NULL,NULL,29,NULL,1
a1710a7038c17f37c6dfb31cd626dd484f5ecf16,3d5e962d121b31f988cde116664e5e264175453a,111,111,0,Document,NULL,NULL,0,NULL,0
3d5e962d121b31f988cde116664e5e264175453a,59dd35698943f61336e293964328965a55ae10e8,2,2,0,Document,NULL,NULL,0,NULL,0
59dd35698943f61336e293964328965a55ae10e8,3f09d419e2f0eb7a60c2940c4dd5d186323fce01,2,1,1,Normal,ISSUE,NULL,2,NULL,1
3f09d419e2f0eb7a60c2940c4dd5d186323fce01,29547a01da81abfad68cd9519164153bef10f401,4,2,2,fix,NULL,NULL,4,NULL,1
29547a01da81abfad68cd9519164153bef10f401,24893d0f1752153a047f2b7f2b115f29a10aafbb,85,37,48,fix,NULL,NULL,85,NULL,1
24893d0f1752153a047f2b7f2b115f29a10aafbb,35aefcf4b76f728f79ed72803ad2579d41dbfc7a,7,2,5,Normal,NULL,NULL,7,NULL,1
35aefcf4b76f728f79ed72803ad2579d41dbfc7a,945832cad14ababa6dadb395de5861f014c1f5ae,5,3,2,Normal,NULL,NULL,5,NULL,1
945832cad14ababa6dadb395de5861f014c1f5ae,c407a1b82d15dcdd13259e5a5ea056dead608726,73,0,73,Document,NULL,NULL,0,NULL,0
c407a1b82d15dcdd13259e5a5ea056dead608726,32a8ac714b192b6c31876d191ed17c3fccc69c64,9,0,9,Document,NULL,NULL,0,NULL,0
32a8ac714b192b6c31876d191ed17c3fccc69c64,593b78a27ef2959a3137893601d88caf3ebdc9b7,29,14,15,Normal,NULL,NULL,29,NULL,2
593b78a27ef2959a3137893601d88caf3ebdc9b7,fa64e7aa52f1be9d2e9e051396f90197f4da7639,2,2,0,Document,NULL,NULL,0,NULL,0
fa64e7aa52f1be9d2e9e051396f90197f4da7639,4a53fb12a78da23e67e9e09fddcf6c06673c809f,158,98,60,Normal,NULL,NULL,158,NULL,4
130ccddc3715145ad0998ce3bb2388fbff78dc29,d079f35870582142924b38dbb513595e11fd73a8,2,1,1,Document,NULL,NULL,0,NULL,0
d079f35870582142924b38dbb513595e11fd73a8,4a53fb12a78da23e67e9e09fddcf6c06673c809f,2,2,0,Document,NULL,NULL,0,NULL,0
4a53fb12a78da23e67e9e09fddcf6c06673c809f,10f123b1c1375ab0760f1bfb557d855243ecfbc9,49,34,15,Normal,NULL,NULL,49,NULL,1
10f123b1c1375ab0760f1bfb557d855243ecfbc9,6ca0c5e1e5067a29aa64408bb2d6d62fe0a726bb,2,0,2,Normal,NULL,NULL,2,NULL,1
a3650fe53f616cb424caa5d684af83179eb9b7af,193c6cd66aefaf6cd0aced77f41e73c3c39672f2,21285,9270,12015,Document,NULL,NULL,339,NULL,5
6ca0c5e1e5067a29aa64408bb2d6d62fe0a726bb,9b7d10a2ff132f6f367d1a90251b67af6a5b5918,346,209,137,Document,NULL,NULL,338,NULL,4
934171f21b8efc74428c8b536523b93ac8031c1a,ddf908bf58a03ee3b72f82a5a6de8bcc708bacf6,1,1,0,Document,NULL,NULL,0,NULL,0
ddf908bf58a03ee3b72f82a5a6de8bcc708bacf6,9b7d10a2ff132f6f367d1a90251b67af6a5b5918,110,110,0,Document,NULL,NULL,0,NULL,0
9b7d10a2ff132f6f367d1a90251b67af6a5b5918,6b76c4dc673667ec418eed9ee5db9a8408ec9c1e,20611,9073,11538,Normal,NULL,NULL,1,NULL,1
6b76c4dc673667ec418eed9ee5db9a8408ec9c1e,fc7d7138f585b73f0aed09d1f48824ad3eee6980,190,0,190,Document,NULL,NULL,0,NULL,0
fc7d7138f585b73f0aed09d1f48824ad3eee6980,5d5a38eb7f2a43b9ff4e47a3f53f548e8432eddd,157,0,157,Document,NULL,NULL,0,NULL,0
5d5a38eb7f2a43b9ff4e47a3f53f548e8432eddd,fb1a69190b39397f9adec4a12943b221551a33ae,5,0,5,Normal,NULL,NULL,0,NULL,0
fb1a69190b39397f9adec4a12943b221551a33ae,2bd360d1853096174d4e32258b127e0e65832be0,0,0,0,Normal,NULL,NULL,0,NULL,0
193c6cd66aefaf6cd0aced77f41e73c3c39672f2,2bd360d1853096174d4e32258b127e0e65832be0,24,24,0,Normal,NULL,NULL,24,NULL,2
2bd360d1853096174d4e32258b127e0e65832be0,2b13be5070711bedbbb348cbbdd7bdb5098c6ead,2,2,0,Document,NULL,NULL,0,NULL,0
2b13be5070711bedbbb348cbbdd7bdb5098c6ead,ca7268294e9973df399eddc96a63038612a6c2cf,1,1,0,Normal,NULL,NULL,1,NULL,1
ca7268294e9973df399eddc96a63038612a6c2cf,71d057d4935b21a1e1685f9f777a8928aff3b1ae,62,54,8,#,NULL,NULL,62,NULL,2
caa723c3ad7a43c3c0689adf432b5948c6d15e18,29dbf9e2d81e08af8d3afab3edd1f5ce1aaebeec,9,3,6,Normal,NULL,NULL,9,NULL,1
29dbf9e2d81e08af8d3afab3edd1f5ce1aaebeec,855424dec3f2249e6e59552b5b65ad3f3febf527,4,3,1,Normal,NULL,NULL,4,NULL,1
855424dec3f2249e6e59552b5b65ad3f3febf527,71d057d4935b21a1e1685f9f777a8928aff3b1ae,63,55,8,Normal,NULL,NULL,63,NULL,2
71d057d4935b21a1e1685f9f777a8928aff3b1ae,0e22f565b4d3a303c0b4ea1eb8d258a97c259c56,6,0,6,fix #,ISSUE,NULL,6,NULL,1
0e22f565b4d3a303c0b4ea1eb8d258a97c259c56,a65b6709bca37525da67a03eb3cb573d7d1e2835,11,11,0,#,NULL,NULL,11,NULL,1
442e94418c9c9dc2a24744094a755c6318a20837,a65b6709bca37525da67a03eb3cb573d7d1e2835,11,11,0,Normal,NULL,NULL,11,NULL,1
5921d48e85c1c9ec9abb04629d3baa9ff76b6cca,8694f9dedd0aa1d1965ee82e539d13a1d8bcde9c,1,1,0,Normal,NULL,NULL,1,NULL,1
8694f9dedd0aa1d1965ee82e539d13a1d8bcde9c,a65b6709bca37525da67a03eb3cb573d7d1e2835,7,0,7,Normal,NULL,NULL,7,NULL,2
a65b6709bca37525da67a03eb3cb573d7d1e2835,40a78a0572b5a4c55b7800878a94f890591a47db,37,34,3,Document,NULL,NULL,0,NULL,0
40a78a0572b5a4c55b7800878a94f890591a47db,017774c50930af1e0cf610ae90b44f4c4677818a,5,0,5,Document,NULL,NULL,0,NULL,0
017774c50930af1e0cf610ae90b44f4c4677818a,cdef60e5f2663d4e14bce92221ddb866154114b8,214,153,61,Document,NULL,NULL,207,NULL,3
af5ba3ea32327cd591341fd89cc87c7b33367cdb,cdef60e5f2663d4e14bce92221ddb866154114b8,5,0,5,Document,NULL,NULL,0,NULL,0
cdef60e5f2663d4e14bce92221ddb866154114b8,eba555adef69ba0b5175f919167d3c021d9804a5,40,32,8,Document,NULL,NULL,34,NULL,3
eba555adef69ba0b5175f919167d3c021d9804a5,85eb954c63ed2bb4573f30c3f9122b31b463c08b,1,0,1,fix,NULL,NULL,1,NULL,1
85eb954c63ed2bb4573f30c3f9122b31b463c08b,91061a9e62878fe4067a28f993a4a8aaa74e2a2c,2,1,1,Normal,NULL,NULL,2,NULL,1
91061a9e62878fe4067a28f993a4a8aaa74e2a2c,ee258314336c36ca9a935ad42effe4457a321585,2,2,0,Normal,NULL,NULL,2,NULL,1
ee258314336c36ca9a935ad42effe4457a321585,637dee589d86fe4ad342fec3c5b823563859203d,3,1,2,Normal,NULL,NULL,3,NULL,1
637dee589d86fe4ad342fec3c5b823563859203d,477ac8aeaec451e6e3412fb0714639ea564cbb72,40,34,6,Normal,NULL,NULL,40,NULL,3
477ac8aeaec451e6e3412fb0714639ea564cbb72,eaff492797ae8bb1429acc5937d14e3cce75aae6,6,3,3,Normal,NULL,NULL,6,NULL,1
eaff492797ae8bb1429acc5937d14e3cce75aae6,6b1984f01ba74c709ce87a32abed69848dd6fded,7,3,4,Normal,NULL,NULL,7,NULL,2
6b1984f01ba74c709ce87a32abed69848dd6fded,f01912fabcca6217a7fefc239d9c59c8b3933eb2,36,0,36,Normal,NULL,NULL,36,NULL,1
f01912fabcca6217a7fefc239d9c59c8b3933eb2,38ba0eff8f5f6b7a16c5a0498ad1b97ac436ce5c,2,1,1,Normal,NULL,NULL,2,NULL,1
38ba0eff8f5f6b7a16c5a0498ad1b97ac436ce5c,507ca04de30a82ca13089538bd420d833d821952,28,12,16,Normal,NULL,NULL,28,NULL,3
507ca04de30a82ca13089538bd420d833d821952,18dec7b87f35eac4aa84b89f0bfeb1086224cb9c,34,0,34,Normal,NULL,NULL,34,NULL,1
18dec7b87f35eac4aa84b89f0bfeb1086224cb9c,2e6b8b7d904040b9497ed423d6e791eb970157b9,182,123,59,Normal,NULL,NULL,178,NULL,10
2e6b8b7d904040b9497ed423d6e791eb970157b9,f211301e892bbf19c2aca8fa9151ed03c95cb397,20,17,3,Document,NULL,NULL,0,NULL,0
f211301e892bbf19c2aca8fa9151ed03c95cb397,78003f5db07260727aa76ad48b5d232649b5693f,81,34,47,Normal,NULL,NULL,81,NULL,1
78003f5db07260727aa76ad48b5d232649b5693f,56c2ffeb050ac60c566ea6af1652b6a8d0058e85,533,301,232,fix,ISSUE,BUG,533,NULL,3
56c2ffeb050ac60c566ea6af1652b6a8d0058e85,dfa5fb66334e43b324279b8533f7126658072a2b,54,38,16,Document,NULL,NULL,42,NULL,3
dfa5fb66334e43b324279b8533f7126658072a2b,c2eb0cfc5431e713b22799286099d61b684d5ee7,133,95,38,Document,NULL,NULL,97,NULL,5
c2eb0cfc5431e713b22799286099d61b684d5ee7,11c08d46dd2a1108569839126f40c6819236cb79,108,106,2,Document,NULL,NULL,74,NULL,2
11c08d46dd2a1108569839126f40c6819236cb79,35c38bee05129cf8d385f51bc3abca4a48d0f0de,15,12,3,Document,NULL,NULL,6,NULL,1
35c38bee05129cf8d385f51bc3abca4a48d0f0de,c20c294fd3a937c2af093e2badb890020e535518,20,19,1,Normal,ISSUE,BUG,20,NULL,3
c20c294fd3a937c2af093e2badb890020e535518,952036c886404f34277cb80631ec763a9128b2a4,135,63,72,Document,NULL,NULL,109,NULL,4
952036c886404f34277cb80631ec763a9128b2a4,f4fc27fb0ef1d23230c1f1c55a1234fba1c0acf7,2,1,1,Normal,NULL,NULL,2,NULL,1
f4fc27fb0ef1d23230c1f1c55a1234fba1c0acf7,89bd7f1f82c7f01fe7e33a797c26780e9d764c9b,6,3,3,Normal,NULL,NULL,6,NULL,1
89bd7f1f82c7f01fe7e33a797c26780e9d764c9b,86264991bf755f78c90d473fac57b1bc26d824cf,7,6,1,Document,NULL,NULL,3,NULL,1
86264991bf755f78c90d473fac57b1bc26d824cf,ee5c8cdfb993c525dbafce0e4511066ea9dac4e9,2,1,1,Normal,ISSUE,NULL,2,NULL,1
ee5c8cdfb993c525dbafce0e4511066ea9dac4e9,bb73c62a9de417d31687ee9b570c3c3aad19f945,3,2,1,Normal,NULL,NULL,3,NULL,1
bb73c62a9de417d31687ee9b570c3c3aad19f945,eb1fd8f39626be1dbd412a548cf06b580b3e0cb7,75,22,53,Normal,NULL,NULL,75,NULL,2
eb1fd8f39626be1dbd412a548cf06b580b3e0cb7,a50896eee3d8f272b4fe85b069cc5daa468a7769,8,8,0,Normal,ISSUE,NULL,8,NULL,1
a50896eee3d8f272b4fe85b069cc5daa468a7769,9e09007fe72e84866dcb6cb4f6ed0e9a63d4a2f5,27,13,14,Normal,NULL,NULL,27,NULL,2
9e09007fe72e84866dcb6cb4f6ed0e9a63d4a2f5,e6c6b45db1e53a7ba934b3c8075d576c490af6fc,59,26,33,Normal,NULL,NULL,59,NULL,1
e6c6b45db1e53a7ba934b3c8075d576c490af6fc,5f47198dc4eafeee60bfe90d9dde50f3390a4d94,150,104,46,Normal,ISSUE,NULL,150,NULL,3
5f47198dc4eafeee60bfe90d9dde50f3390a4d94,1d19b0ef89b9fab96a2e463122a2e9399f4d6d2d,331,107,224,Document,NULL,NULL,326,REFACTOR,4
1d19b0ef89b9fab96a2e463122a2e9399f4d6d2d,c3a47530d6b5f3eeaf20eedc3baa3dfa118e73ba,139,138,1,#,NULL,NULL,139,NULL,1
f727de22b75e4243d60fab1f07fca5861cbb1d92,c3a47530d6b5f3eeaf20eedc3baa3dfa118e73ba,139,138,1,Normal,NULL,NULL,139,NULL,1
c3a47530d6b5f3eeaf20eedc3baa3dfa118e73ba,d11bf5b7cb47727cae6e23d14341f122b0761403,718,667,51,fix #,ISSUE,NULL,713,NULL,8
0f4b305d95cf5b67680a42496e8debf8cef20d6d,d11bf5b7cb47727cae6e23d14341f122b0761403,718,667,51,Comment,NULL,NULL,713,NULL,8
d11bf5b7cb47727cae6e23d14341f122b0761403,921484ce8a6595731e269d108b4bdf5007d6bb43,7,3,4,Normal,NULL,NULL,7,NULL,1
921484ce8a6595731e269d108b4bdf5007d6bb43,eacf1ea1bb69856d1dd36d6387365d39f1d2f63b,23,12,11,Document,NULL,NULL,14,NULL,5
eacf1ea1bb69856d1dd36d6387365d39f1d2f63b,6ebe19143206491f37691a929d0845cb54e2031d,39,22,17,Document,NULL,NULL,37,NULL,4
18ea1584551c270421e0a288f69799c701082168,d04bcf3c62d5e87a0f84e050fc511e3e4434be25,9,5,4,Document,NULL,NULL,0,NULL,0
d04bcf3c62d5e87a0f84e050fc511e3e4434be25,0410751686313d7ab324f89a0b02a62c6f1488b3,2,1,1,#,NULL,NULL,2,NULL,1
0410751686313d7ab324f89a0b02a62c6f1488b3,6ebe19143206491f37691a929d0845cb54e2031d,12,6,6,#,NULL,NULL,12,NULL,4
f2c3957514e0e5cd2b846a405e64c781fd5d3ae9,6ebe19143206491f37691a929d0845cb54e2031d,2,1,1,Normal,NULL,NULL,2,NULL,1
4da2e062fa147e48d34f5d32f60651a4dfb34f6a,6ebe19143206491f37691a929d0845cb54e2031d,12,6,6,Normal,NULL,NULL,12,NULL,4
6ebe19143206491f37691a929d0845cb54e2031d,60833bb5f5d465861a536041a5f70d8af4a166b9,213732,213691,41,Document,NULL,NULL,81,NULL,6
60833bb5f5d465861a536041a5f70d8af4a166b9,976a26b41041918673c0a91c41c47969100057cc,49,47,2,Normal,NULL,NULL,49,NULL,6
976a26b41041918673c0a91c41c47969100057cc,63d8ad7568ddd2ab9c670575dacb26b003b8b904,3,3,0,Normal,NULL,NULL,3,NULL,2
63d8ad7568ddd2ab9c670575dacb26b003b8b904,ff3131c6db368ff2e322b3d7724f43a1c2e6c48f,8,7,1,Document,NULL,NULL,3,NULL,1
ff3131c6db368ff2e322b3d7724f43a1c2e6c48f,3abbce326d9acf7d8403c39dc170f0998666e07a,23,21,2,Document,NULL,NULL,2,NULL,1
3abbce326d9acf7d8403c39dc170f0998666e07a,ebd51d982de514d86b1bc8e50a566b0e52a1f826,27,19,8,Normal,NULL,NULL,27,NULL,1
ebd51d982de514d86b1bc8e50a566b0e52a1f826,809da3f26089499d8f434da76cdadea75885f045,322,234,88,Document,NULL,NULL,280,NULL,9
809da3f26089499d8f434da76cdadea75885f045,7423607a88091bed882daf484c2c1f98d2d01144,15,11,4,Document,NULL,NULL,13,NULL,1
7423607a88091bed882daf484c2c1f98d2d01144,5923addc4f722cd667c413646384f36a7389032e,604,456,148,Document,NULL,NULL,250,NULL,9
5923addc4f722cd667c413646384f36a7389032e,6cc4ea24b33f2ea09b29c8ea51b35a9f07711e89,11,10,1,Document,ISSUE,NULL,9,NULL,1
6cc4ea24b33f2ea09b29c8ea51b35a9f07711e89,24ce431de2ae0cd8cde16607da101b6102649352,185,0,185,Normal,NULL,NULL,185,NULL,6
24ce431de2ae0cd8cde16607da101b6102649352,f8bf61a91ac698787b031dfa721df9957464cb9a,15,11,4,Normal,NULL,NULL,15,NULL,2
f8bf61a91ac698787b031dfa721df9957464cb9a,3c14d410b06d7af7fdffca3c11ac86f3cc04eb12,658,639,19,Document,NULL,NULL,459,NULL,14
3c14d410b06d7af7fdffca3c11ac86f3cc04eb12,16952e5300224375265ce24d45270f75a18638dd,148,110,38,Normal,NULL,NULL,148,NULL,2
16952e5300224375265ce24d45270f75a18638dd,d7e69dabe47c86fad4cc260c70d15a44ec33ab87,8,4,4,Document,NULL,NULL,4,NULL,1
d7e69dabe47c86fad4cc260c70d15a44ec33ab87,9da50042e599909c5abf5829c22612c132581f56,43,19,24,fix #,ISSUE,NULL,43,NULL,1
1e1554ddbf8bd0618e148cdec90f50d27ca308ef,9da50042e599909c5abf5829c22612c132581f56,43,19,24,fix,NULL,NULL,43,NULL,1
9da50042e599909c5abf5829c22612c132581f56,67dd8778ead6b8ceb9ad1c4c4f4d39ea63bfb645,56,35,21,#,NULL,NULL,56,NULL,4
8412d0667407f9c46dcd3937e485e1945692fae7,67dd8778ead6b8ceb9ad1c4c4f4d39ea63bfb645,56,35,21,Comment,NULL,NULL,56,NULL,4
67dd8778ead6b8ceb9ad1c4c4f4d39ea63bfb645,990922374651807e8c33301ad2b43c286fff76d5,3,2,1,Document,NULL,NULL,0,NULL,0
990922374651807e8c33301ad2b43c286fff76d5,cdedbeb9a344c0172b204d484aae91cb95976f98,6,4,2,Document,NULL,NULL,0,NULL,0
cdedbeb9a344c0172b204d484aae91cb95976f98,ddf7f072e7aaf089da5ef18d792247f3ad468d20,8,4,4,Normal,ISSUE,NULL,8,NULL,2
ddf7f072e7aaf089da5ef18d792247f3ad468d20,5731fd4ea61c9eaa3fced35460651a4dda49de06,265,214,51,Document,ISSUE,BUG,39,NULL,2
78dae493d333cf52775533bc53113096f9140152,eaedb4ff14f24d327a28b602bd74458149814925,184,184,0,Document,NULL,NULL,0,NULL,0
eaedb4ff14f24d327a28b602bd74458149814925,fa55fa972798500610700ed984378c32e3d4d18d,39,30,9,Normal,ISSUE,BUG,39,NULL,2
fa55fa972798500610700ed984378c32e3d4d18d,5731fd4ea61c9eaa3fced35460651a4dda49de06,42,0,42,Document,NULL,NULL,0,NULL,0
5731fd4ea61c9eaa3fced35460651a4dda49de06,6d2d643d7f03fc1a09ce8d8248d7a0842bc29bc0,25,8,17,Normal,NULL,NULL,25,NULL,1
6d2d643d7f03fc1a09ce8d8248d7a0842bc29bc0,2102c0cc89ded12551a2e26decc1a14a50625963,11,6,5,Document,NULL,NULL,0,NULL,0
2102c0cc89ded12551a2e26decc1a14a50625963,efbd868bf75d980ab4d1de93c7ca659045c5aaf4,84,10,74,Normal,NULL,NULL,84,NULL,2
c4d287af6ff0dc19c8fbad9d2ae7199f977245dc,368be06cf830726a491f3c8e19a389fc9fb63815,6,3,3,Document,NULL,NULL,0,NULL,0
368be06cf830726a491f3c8e19a389fc9fb63815,efbd868bf75d980ab4d1de93c7ca659045c5aaf4,9,5,4,Document,NULL,NULL,0,NULL,0
efbd868bf75d980ab4d1de93c7ca659045c5aaf4,cab907436ce1c4a4b6d20ef691bdb691c6db1dba,53,48,5,Document,ISSUE,NULL,3,NULL,1
53a750212141513406871fe7d56febf0d9130dba,2c915b53f0da6cf1f21386e66ddd032a35a3abb2,0,0,0,Normal,NULL,NULL,0,NULL,0
2c915b53f0da6cf1f21386e66ddd032a35a3abb2,028a49f5f0b5708692da00287989c643040979e9,4,2,2,Normal,NULL,NULL,0,NULL,0
028a49f5f0b5708692da00287989c643040979e9,285bf1d690725d2ea130b2a21bef165580c20cd2,3,2,1,Normal,NULL,NULL,3,NULL,1
e622af4cadaa3cb30ac4a5c92e39fecd760dc2f1,b1da629fb530bf310f80c7fb127fba64b2c730f7,4,2,2,Normal,NULL,NULL,0,NULL,0
b1da629fb530bf310f80c7fb127fba64b2c730f7,285bf1d690725d2ea130b2a21bef165580c20cd2,3,2,1,Normal,NULL,NULL,3,NULL,1
285bf1d690725d2ea130b2a21bef165580c20cd2,cab907436ce1c4a4b6d20ef691bdb691c6db1dba,54,48,6,Document,NULL,NULL,0,NULL,0
cab907436ce1c4a4b6d20ef691bdb691c6db1dba,219a611f28b8ac8d1d1a120a405ec3f365934d9c,4,4,0,Document,NULL,NULL,0,NULL,0
219a611f28b8ac8d1d1a120a405ec3f365934d9c,f946b7a45df87e9f1a1da6c36e2727e9562e8e4a,28,21,7,Document,ISSUE,NULL,26,NULL,3
47082d336e0e8e0a08a4ae9f97784a056a2756c1,f946b7a45df87e9f1a1da6c36e2727e9562e8e4a,4,4,0,Document,NULL,NULL,0,NULL,0
f946b7a45df87e9f1a1da6c36e2727e9562e8e4a,1e219ab1cdfcb1f22c9b8cfe9cf5c083317a2044,17,7,10,Normal,NULL,NULL,17,NULL,1
1e219ab1cdfcb1f22c9b8cfe9cf5c083317a2044,869476b942968dacde0bfedd33affda187831f24,6,3,3,Normal,NULL,NULL,6,NULL,1
869476b942968dacde0bfedd33affda187831f24,77a4ff2716a43eeec1f35ddb8ab21279516886f6,72,21,51,Normal,NULL,NULL,72,NULL,1
77a4ff2716a43eeec1f35ddb8ab21279516886f6,cf883cdbcc1b8179dc3b57616ecf1d034204aeb4,171,10,161,Normal,NULL,NULL,171,NULL,2
cf883cdbcc1b8179dc3b57616ecf1d034204aeb4,4941116073b0f92c30bd95829e1cea865785d59c,1,0,1,Document,NULL,NULL,0,NULL,0
4941116073b0f92c30bd95829e1cea865785d59c,2e810b6fb44c300a19da06d559238b5aed96901f,169,159,10,Normal,NULL,NULL,169,NULL,1
2e810b6fb44c300a19da06d559238b5aed96901f,3459ab666f0a4bd9bc8a1f626db92e3d13ed81a7,42,41,1,Normal,NULL,NULL,42,NULL,2
3459ab666f0a4bd9bc8a1f626db92e3d13ed81a7,3c9f936ee5a3895fd0fd99e06d189e2998b93b64,60,34,26,Document,NULL,NULL,40,NULL,3
3c9f936ee5a3895fd0fd99e06d189e2998b93b64,c5ada26ec98bd0d543f46a81eb14a984dd7b4e56,55,23,32,Normal,NULL,NULL,55,NULL,3
c5ada26ec98bd0d543f46a81eb14a984dd7b4e56,b7069abf24969c289f3eafc9d3cab4c6f2602551,9,7,2,Normal,NULL,NULL,9,NULL,3
b7069abf24969c289f3eafc9d3cab4c6f2602551,0f15704031bb3957f9d2a3290a631c987fb4cde6,157,145,12,Normal,NULL,NULL,157,NULL,3
0f15704031bb3957f9d2a3290a631c987fb4cde6,e528d98da88d00c7ce17096cb6d31323c5b6f463,14,12,2,Normal,NULL,NULL,14,NULL,1
e528d98da88d00c7ce17096cb6d31323c5b6f463,cba498816c036c92098ebf92f530e1b9e1864001,89,72,17,Document,NULL,NULL,84,NULL,9
cba498816c036c92098ebf92f530e1b9e1864001,bb484d9194bf5fdd8f1a829aace1503889a19009,220,45,175,Normal,ISSUE,NULL,220,NULL,2
bb484d9194bf5fdd8f1a829aace1503889a19009,0764f2b275b5fd840d5035a2bf67e13140c8cdc1,5,0,5,Document,NULL,NULL,0,NULL,0
0764f2b275b5fd840d5035a2bf67e13140c8cdc1,89d9dd1e5db676cc9e2c735bf6ec703a74a44831,130,100,30,Document,NULL,NULL,116,NULL,5
89d9dd1e5db676cc9e2c735bf6ec703a74a44831,68b7149e0d147a8753e86b0d10d74083ce3e4253,15,14,1,Document,NULL,NULL,0,NULL,0
68b7149e0d147a8753e86b0d10d74083ce3e4253,882483698623a73a1efb4b5e1f925823f56eacc9,318,298,20,Document,NULL,NULL,155,NULL,5
882483698623a73a1efb4b5e1f925823f56eacc9,1451600513eb817b88ff290cd223d78cc8432404,1,0,1,Normal,NULL,NULL,1,NULL,1
1451600513eb817b88ff290cd223d78cc8432404,9a89738ae72a6776cf74abaccb903f2330cc0256,2,1,1,Document,NULL,NULL,0,NULL,0
9a89738ae72a6776cf74abaccb903f2330cc0256,bcde8b5b30dca88b81c8714bb3144416c5061ab1,524,260,264,Document,NULL,NULL,457,NULL,10
bcde8b5b30dca88b81c8714bb3144416c5061ab1,af0fc651cbe9ce15897f83c5e3ebf939a8ccbd11,54,44,10,Document,NULL,NULL,42,NULL,3
af0fc651cbe9ce15897f83c5e3ebf939a8ccbd11,5ff38feb8e789a67e4bc44ab19633d624416b708,55,24,31,Normal,NULL,NULL,55,NULL,3
5ff38feb8e789a67e4bc44ab19633d624416b708,045f7e208bb90f3ec29dc52b534b75976dd4cdf1,150,62,88,Document,NULL,NULL,145,NULL,1
045f7e208bb90f3ec29dc52b534b75976dd4cdf1,5539ae8f5fa966af30d9261050af18f531c324a4,2635,1102,1533,Normal,NULL,NULL,2635,NULL,2
5539ae8f5fa966af30d9261050af18f531c324a4,b11c8d7ecc3d89c5fe8a1760848835acee1358f3,31,21,10,Normal,NULL,NULL,31,NULL,1
5d4387c02416ef112d456469ced78537270ae7d7,b6af5b04ac9bc7e4e0a0450798d2c7d96d34839a,15,14,1,Document,NULL,NULL,0,NULL,0
b11c8d7ecc3d89c5fe8a1760848835acee1358f3,b6af5b04ac9bc7e4e0a0450798d2c7d96d34839a,21,14,7,fix,NULL,NULL,21,NULL,1
b6af5b04ac9bc7e4e0a0450798d2c7d96d34839a,95e1b3d6b88b1964a43d936c6cb1c670503de2c6,105,76,29,Document,NULL,NULL,88,NULL,2
95e1b3d6b88b1964a43d936c6cb1c670503de2c6,1025518529ab08e877cd3394028b007559e3929e,43,27,16,Document,NULL,NULL,41,NULL,1
1025518529ab08e877cd3394028b007559e3929e,6807ad5bc84a309c3f3a978a2afb1704962d71ed,88,42,46,Document,ISSUE,NULL,82,NULL,3
6807ad5bc84a309c3f3a978a2afb1704962d71ed,b3b4988d4c159ebc150336e37de533e0772067cd,15,9,6,Normal,NULL,NULL,15,NULL,2
b3b4988d4c159ebc150336e37de533e0772067cd,6b1a22464ad8dceeddc46d1dcbf36bf6b20aa52f,28,18,10,Format,NULL,NULL,28,NULL,3
6b1a22464ad8dceeddc46d1dcbf36bf6b20aa52f,1a7d6a9cc3ee05bddb984649f0f55f587dfdc422,88,53,35,Normal,NULL,NULL,88,NULL,3
1a7d6a9cc3ee05bddb984649f0f55f587dfdc422,7343c3cdc734f1aaf373c3a0cca8ed45fca21e6a,5,4,1,Normal,NULL,NULL,5,NULL,1
7343c3cdc734f1aaf373c3a0cca8ed45fca21e6a,6c843fbe19f53027877a81450e8105bae9cb1b18,44,39,5,#,NULL,NULL,44,NULL,1
7d9642f389b6f9e761662444d17677659ee966d1,6c843fbe19f53027877a81450e8105bae9cb1b18,44,39,5,Normal,NULL,NULL,44,NULL,1
6c843fbe19f53027877a81450e8105bae9cb1b18,5cc83512adb34bc201903f7a6357b69162521af0,202,202,0,Normal,NULL,NULL,0,NULL,0
5cc83512adb34bc201903f7a6357b69162521af0,cd1ed8a4a7452186edcbc6256b86b28c05f4a548,4,4,0,Document,NULL,NULL,0,NULL,0
cd1ed8a4a7452186edcbc6256b86b28c05f4a548,0679caa13272dac30703ee64c17b966c5a48932a,109,67,42,Document,NULL,NULL,108,NULL,6
0679caa13272dac30703ee64c17b966c5a48932a,982403add27023e9bc30eff351dc810c80184f78,101,70,31,#,NULL,NULL,101,NULL,5
770fa1eb9d4cf336395a3cd64cdb4909c86d3331,982403add27023e9bc30eff351dc810c80184f78,101,70,31,Normal,NULL,NULL,101,NULL,5
982403add27023e9bc30eff351dc810c80184f78,278a57023426435b651939256d8b75754971a6dd,96,56,40,Normal,NULL,NULL,96,NULL,3
278a57023426435b651939256d8b75754971a6dd,42eefb8a029edd5b71c0a6c2bd4d5b22ce690a14,16,12,4,Normal,NULL,NULL,16,NULL,1
42eefb8a029edd5b71c0a6c2bd4d5b22ce690a14,efc76b28b82f5a8bd9ac5765dc4b50e13650ed40,97,59,38,Normal,NULL,NULL,97,NULL,1
efc76b28b82f5a8bd9ac5765dc4b50e13650ed40,39cdff50d74ce3dff168d3f265618521c2331d2c,41,37,4,Document,ISSUE,NULL,40,NULL,2
47d38c7f20eb743f696d35436391c7196ae9c9d0,a7a497840e970d4d045cfee6ebd947729c934453,3,0,3,Normal,NULL,NULL,0,NULL,0
a7a497840e970d4d045cfee6ebd947729c934453,0006e45f1801ddd54d44cf56d5cad67ba0a29cab,2,1,1,Normal,NULL,NULL,0,NULL,0
0006e45f1801ddd54d44cf56d5cad67ba0a29cab,4f2988dd0d69e9ced81ce1c961bf81c283415612,3,3,0,Normal,NULL,NULL,0,NULL,0
4f2988dd0d69e9ced81ce1c961bf81c283415612,2c6875119b7a9d76abf3eab5f2ef40141aef987d,39,36,3,Document,NULL,NULL,38,NULL,1
2c6875119b7a9d76abf3eab5f2ef40141aef987d,a9484cbace5d9e98c344b6d0d5e6754deb59a658,2,1,1,Normal,NULL,NULL,0,NULL,0
a9484cbace5d9e98c344b6d0d5e6754deb59a658,39cdff50d74ce3dff168d3f265618521c2331d2c,2,1,1,fix,ISSUE,NULL,2,NULL,1
39cdff50d74ce3dff168d3f265618521c2331d2c,cd7aeb4152f19695e4114100adea14402c848626,10,8,2,Document,NULL,NULL,0,NULL,0
cd7aeb4152f19695e4114100adea14402c848626,a6ced1365b8485fc1f76b04b044541bb2f7de45a,7,3,4,Normal,NULL,NULL,7,NULL,2
a6ced1365b8485fc1f76b04b044541bb2f7de45a,45516d73ba6cd3179758b82db4de8e69b154b66c,45,45,0,Normal,NULL,NULL,33,NULL,1
45516d73ba6cd3179758b82db4de8e69b154b66c,678c9e4c090b6c977e4d050e73302e948c892029,2,1,1,Document,NULL,NULL,0,NULL,0
678c9e4c090b6c977e4d050e73302e948c892029,86f9e8744efe2597cb785a7b947f4e73c1757d9e,14,11,3,Normal,ISSUE,BUG,14,NULL,1
86f9e8744efe2597cb785a7b947f4e73c1757d9e,2d19a64f89c882bb5eacf2304637624c1c9b3d61,20,2,18,Document,NULL,NULL,0,NULL,0
2d19a64f89c882bb5eacf2304637624c1c9b3d61,e44c1d3122d48269893c0d47f43dc4325d6a7321,7,6,1,Document,NULL,NULL,2,NULL,1
e44c1d3122d48269893c0d47f43dc4325d6a7321,e0a3cb26b79114f2f042f9dec4265affb27dee81,16,7,9,Normal,NULL,NULL,16,NULL,2
72e2c9c43a021d929aabe8c19786982a47a75977,d62e49b016dbcf12150b7a6f1499fdfaaeca4e46,4,2,2,#,NULL,NULL,4,NULL,1
62ae5d471b419bae464f725492c3acd699d76030,d62e49b016dbcf12150b7a6f1499fdfaaeca4e46,4,2,2,Normal,NULL,NULL,4,NULL,1
d62e49b016dbcf12150b7a6f1499fdfaaeca4e46,e0a3cb26b79114f2f042f9dec4265affb27dee81,5,5,0,Document,NULL,NULL,0,NULL,0
bdda5155df97fb84060b7c9fe4385f4df4b5714f,e0a3cb26b79114f2f042f9dec4265affb27dee81,5,5,0,Document,NULL,NULL,0,NULL,0
e0a3cb26b79114f2f042f9dec4265affb27dee81,57eb02d75370a2c8279f25a9abe92e9c4773376c,13,9,4,Document,NULL,NULL,0,NULL,0
57eb02d75370a2c8279f25a9abe92e9c4773376c,1853a1111fda33e1bcf0dbb17070ee594d7614ca,4,2,2,Normal,NULL,NULL,4,NULL,1
a17ec94ef1d47df86b1add6ed3c6e24e01c8204b,1853a1111fda33e1bcf0dbb17070ee594d7614ca,13,9,4,Document,NULL,NULL,0,NULL,0
1853a1111fda33e1bcf0dbb17070ee594d7614ca,1cd62ecc8e36a70b7c6e9e11249e8312b265e107,49,24,25,Document,NULL,NULL,46,NULL,4
1cd62ecc8e36a70b7c6e9e11249e8312b265e107,5cf463d2d2a27d37f708fd54eaf623f9fb99439a,2,1,1,Comment,NULL,NULL,2,NULL,1
5cf463d2d2a27d37f708fd54eaf623f9fb99439a,bd0b518d2091006d36bdb2dee7de3da760826118,6,1,5,Normal,NULL,NULL,6,NULL,2
bd0b518d2091006d36bdb2dee7de3da760826118,57872f1156d27ccd737d9c45b318d66e0f85f378,14,6,8,Normal,NULL,NULL,13,NULL,3
d2d612bce6ae40bc897049d61971d76bd2a71b65,57872f1156d27ccd737d9c45b318d66e0f85f378,15,5,10,Normal,NULL,NULL,15,NULL,4
57872f1156d27ccd737d9c45b318d66e0f85f378,91f54a2d003a9d852d9bb58d9c29b439d3272ad0,81,66,15,Document,NULL,NULL,79,NULL,3
91f54a2d003a9d852d9bb58d9c29b439d3272ad0,8b3e1cacb205284b5765ebded591ded1d4f5a8d0,7,5,2,Normal,NULL,NULL,7,NULL,1
8b3e1cacb205284b5765ebded591ded1d4f5a8d0,69d34f5c12ef3f984a37bc1230fa7175554d342a,34754,14,34740,Document,NULL,NULL,6816,NULL,17
69d34f5c12ef3f984a37bc1230fa7175554d342a,4e67f36c59c2d441479fcfcf63aeae2f69659ee9,26,7,19,Normal,NULL,NULL,26,NULL,2
4e67f36c59c2d441479fcfcf63aeae2f69659ee9,c7945d6eafa48a7f6d28309e36d06beb8d6d772b,56,52,4,Normal,NULL,NULL,56,NULL,2
c7945d6eafa48a7f6d28309e36d06beb8d6d772b,8088844cb2f236f84b7a8feccdcb356b52f13752,36,26,10,Normal,NULL,NULL,36,NULL,5
8088844cb2f236f84b7a8feccdcb356b52f13752,14e5d331f69d2f89eeb8f8f7b0b0e277d29b48d0,103,59,44,Document,ISSUE,BUG,99,NULL,6
14e5d331f69d2f89eeb8f8f7b0b0e277d29b48d0,60028d25d04f4483c6a99e117a48e4cdf2f9be88,127,91,36,Document,NULL,NULL,111,NULL,5
60028d25d04f4483c6a99e117a48e4cdf2f9be88,7886f39784aa5e6f16d10f7204c7a79ff1a53b0f,517,94,423,Normal,NULL,NULL,517,NULL,7
7886f39784aa5e6f16d10f7204c7a79ff1a53b0f,c8901a3a02017fa2fd85ddc99dcba7fae0b272c0,7,6,1,Document,NULL,NULL,0,NULL,0
c8901a3a02017fa2fd85ddc99dcba7fae0b272c0,52bcb093aebbf9f1f9b215c6e7cf6388d8873969,172,92,80,Document,NULL,NULL,153,NULL,3
41c59960b5f6f4f9f31cdb1abcb71b72cdef19f6,52bcb093aebbf9f1f9b215c6e7cf6388d8873969,7,6,1,Document,NULL,NULL,0,NULL,0
52bcb093aebbf9f1f9b215c6e7cf6388d8873969,0d246deefe35ab0ea26d2b93bcd235bc4bbce40e,1722,173,1549,Document,NULL,NULL,1688,NULL,7
0d246deefe35ab0ea26d2b93bcd235bc4bbce40e,700f3239874f64117d4f4a93122080f5834bfb62,1407,1407,0,Normal,NULL,NULL,1407,NULL,5
700f3239874f64117d4f4a93122080f5834bfb62,3b56d068343ca6d1f815ce9cb7d619a2d7fb6b4a,9,4,5,Normal,NULL,NULL,9,NULL,1
3b56d068343ca6d1f815ce9cb7d619a2d7fb6b4a,e8345773194f0636c5d0bd945141218d651bbb3e,14815,0,14815,Normal,NULL,NULL,14809,NULL,8
e8345773194f0636c5d0bd945141218d651bbb3e,982b5c0d548f16bbb64ed43d9a00778e309c55cb,3,3,0,Normal,NULL,NULL,0,NULL,0
982b5c0d548f16bbb64ed43d9a00778e309c55cb,41a2afadf425a18afe3942cd10200b25b07a0868,803,403,400,Document,ISSUE,BUG,801,NULL,12
41a2afadf425a18afe3942cd10200b25b07a0868,854b01f95a1fe900afbbf9d9928a1791138ddadf,1,1,0,Normal,NULL,NULL,1,NULL,1
854b01f95a1fe900afbbf9d9928a1791138ddadf,ffe954a7d71135948de7486a592feab668f8b7e0,12,8,4,fix,NULL,NULL,12,NULL,2
ffe954a7d71135948de7486a592feab668f8b7e0,cdcc14b068e5759e6727a081e48b5b5624a0ff61,5,5,0,Normal,NULL,NULL,5,NULL,1
cdcc14b068e5759e6727a081e48b5b5624a0ff61,41c129e9c5950ea815ad22be889e653ebff32af1,15561,1100,14461,Document,NULL,NULL,156,NULL,1
41c129e9c5950ea815ad22be889e653ebff32af1,7d923ca1cde8b677ec757afedcc23ee836269ffa,2,1,1,Normal,NULL,NULL,0,NULL,0
7d923ca1cde8b677ec757afedcc23ee836269ffa,a7029ef1f5a2f6690991e123f30a41ed6a6c8963,0,0,0,Normal,NULL,NULL,0,NULL,0
a7029ef1f5a2f6690991e123f30a41ed6a6c8963,76e53485426dc257ae5bc924638acd53215d3493,332,15,317,Normal,NULL,NULL,332,NULL,4
76e53485426dc257ae5bc924638acd53215d3493,0078346f455c3db89ad9e41545ba3ef3044565fb,0,0,0,Normal,NULL,NULL,0,NULL,0
0078346f455c3db89ad9e41545ba3ef3044565fb,0d6964d3f885940c5a9e31190412451a2f5c4463,21,0,21,Document,NULL,NULL,0,NULL,0
0d6964d3f885940c5a9e31190412451a2f5c4463,7832d7f2766522461fd0527d20dfa9e3c9bc2485,17,13,4,Normal,NULL,NULL,17,NULL,1
7832d7f2766522461fd0527d20dfa9e3c9bc2485,5265549be883d84e2946940f8b9154c65737d986,79,78,1,Document,NULL,NULL,75,NULL,1
5265549be883d84e2946940f8b9154c65737d986,897b74b4b3bd6511d37b8738d54fd8b8605eff6f,4,2,2,fix,ISSUE,BUG,4,NULL,1
897b74b4b3bd6511d37b8738d54fd8b8605eff6f,859f12a48756783be2712d330fb8ccb8dd093c96,563,348,215,Document,NULL,NULL,547,NULL,8
859f12a48756783be2712d330fb8ccb8dd093c96,e23d39ebc082d9332252f96ec39c47206388f90b,74,0,74,Normal,NULL,NULL,74,NULL,1
e23d39ebc082d9332252f96ec39c47206388f90b,610bdee75027998e9a3dfd1a8b06dff7338ba096,1512,59,1453,Document,NULL,NULL,1504,NULL,3
610bdee75027998e9a3dfd1a8b06dff7338ba096,02018038754a65e343c466c5122f4395baaf68fc,13,10,3,Document,NULL,NULL,0,NULL,0
02018038754a65e343c466c5122f4395baaf68fc,696edcab800aa0710a0962c03eb634ad9f9ed93e,736,321,415,Document,NULL,NULL,686,NULL,8
696edcab800aa0710a0962c03eb634ad9f9ed93e,274b81a7495bbcc334706d6a816b532c5ad1f9e7,317,288,29,Normal,NULL,NULL,317,NULL,5
225cd69b149d004338d3a3ecbd5b9c3b784e04e4,170126467eb7c82acded1708c2e5320e9a29b8f2,9,8,1,Document,NULL,NULL,0,NULL,0
274b81a7495bbcc334706d6a816b532c5ad1f9e7,62496631d80dd5df8242c0f9ca5eaa4816ef2782,13,6,7,Normal,NULL,NULL,13,NULL,2
62496631d80dd5df8242c0f9ca5eaa4816ef2782,b77a203891ac743d0e8d7bdf09bbf82717215b98,62,34,28,fix,NULL,NULL,62,NULL,3
b77a203891ac743d0e8d7bdf09bbf82717215b98,d30de3f42ae1ed765670226674e51b55ffed5084,34,18,16,fix,NULL,NULL,34,NULL,2
d30de3f42ae1ed765670226674e51b55ffed5084,37b341ff18a2f5d54f59fb92e870fd047ee2bab0,26,17,9,Document,NULL,NULL,16,NULL,1
37b341ff18a2f5d54f59fb92e870fd047ee2bab0,716c3b1b98a718033c2f973439de9a8365d4679b,82,47,35,Normal,NULL,NULL,82,NULL,4
716c3b1b98a718033c2f973439de9a8365d4679b,fd9e499ed5fb03b9ba9a8bd1b49e70970a335869,317,157,160,Normal,NULL,NULL,317,NULL,6
170126467eb7c82acded1708c2e5320e9a29b8f2,fd9e499ed5fb03b9ba9a8bd1b49e70970a335869,4,2,2,Document,NULL,NULL,0,NULL,0
fd9e499ed5fb03b9ba9a8bd1b49e70970a335869,03dce047571b3cbb6fe38bc94254e6b85bd88035,29,24,5,Document,NULL,NULL,0,NULL,0
03dce047571b3cbb6fe38bc94254e6b85bd88035,eee62febbfc2c1eb9ec743a89dbee6bf067abc5b,16,7,9,Normal,NULL,NULL,16,NULL,2
6fc993ee78818f6ebe8c83fa54ff976fcffffe9b,de94adefbef6b6d42ff62d90738f4d8302305c9d,9,5,4,Document,NULL,NULL,0,NULL,0
de94adefbef6b6d42ff62d90738f4d8302305c9d,739ca389f94249bea936dd5e7d473c43061629c7,16,10,6,Document,NULL,NULL,0,NULL,0
739ca389f94249bea936dd5e7d473c43061629c7,eee62febbfc2c1eb9ec743a89dbee6bf067abc5b,14,14,0,Document,NULL,NULL,0,NULL,0
eee62febbfc2c1eb9ec743a89dbee6bf067abc5b,941fd12af782e34f42f3feaa3bdf5b992f9c1440,13,8,5,Normal,NULL,NULL,13,NULL,1
941fd12af782e34f42f3feaa3bdf5b992f9c1440,782bdc39b7b7756b8846cfc37efdd74d966be6ec,5,5,0,Normal,NULL,NULL,5,NULL,1
782bdc39b7b7756b8846cfc37efdd74d966be6ec,3dc0234060c932b7b686585fc6d5e0ceea3044e3,4,1,3,Document,NULL,NULL,0,NULL,0
3dc0234060c932b7b686585fc6d5e0ceea3044e3,0f0068056000684b2dfffb4be05a8632d1dddafa,66,64,2,Normal,NULL,NULL,66,NULL,3
5a07829e8fa6d905eeafb9e61d285eb158d8229a,0f0068056000684b2dfffb4be05a8632d1dddafa,4,1,3,Document,NULL,NULL,0,NULL,0
0f0068056000684b2dfffb4be05a8632d1dddafa,9e66cf0684022a8b3f898a5287012cfe7f1ac393,49,15,34,Document,NULL,NULL,47,REFACTOR,6
9e66cf0684022a8b3f898a5287012cfe7f1ac393,3c424c4eda08372be6b731690007729269357706,13,12,1,Document,NULL,NULL,12,NULL,1
3c424c4eda08372be6b731690007729269357706,f8fe3f7e4baf88bbec881492cc8083fdedc8c784,3,2,1,Normal,NULL,NULL,0,NULL,0
f8fe3f7e4baf88bbec881492cc8083fdedc8c784,b2311b83883632e82c4b3c061fb0bc1087714a16,35,31,4,Document,NULL,NULL,33,NULL,1
b2311b83883632e82c4b3c061fb0bc1087714a16,2499000e42f1ce2fc6361a757d66769dab840c1b,20,10,10,fix,ISSUE,BUG,20,NULL,2
2499000e42f1ce2fc6361a757d66769dab840c1b,4eb91dc4a8901400af9fccc9af21a359ac56b9ac,192744,2,192742,Normal,NULL,NULL,0,NULL,0
4eb91dc4a8901400af9fccc9af21a359ac56b9ac,a2e4f6f6ca9393b926efdbd34744c117ad4578e7,194958,194063,895,Normal,NULL,NULL,0,NULL,0
a2e4f6f6ca9393b926efdbd34744c117ad4578e7,66f0b012568c411dbff5e65fbe9958a17db10b44,57,55,2,Document,NULL,NULL,0,NULL,0
66f0b012568c411dbff5e65fbe9958a17db10b44,91c15700470d4f51b33cdfbaa2cb836c5c1bcdd7,27,21,6,Normal,NULL,NULL,27,NULL,4
55aad4363ee698514f316e764908a9681d1acf3f,790f29d262b2fb61244465b8d484684e128d6897,1,1,0,Document,NULL,NULL,0,NULL,0
790f29d262b2fb61244465b8d484684e128d6897,a965956d4134546db9eadbc746c8b7338263d830,11,6,5,Document,NULL,NULL,0,NULL,0
a965956d4134546db9eadbc746c8b7338263d830,5ffecc23d42b064d70ddbf43d26613d8d6fdd64d,2,1,1,Document,NULL,NULL,0,NULL,0
5ffecc23d42b064d70ddbf43d26613d8d6fdd64d,725460e055fe927dff3c652f78fe5070545e81b8,8,4,4,Document,NULL,NULL,0,NULL,0
725460e055fe927dff3c652f78fe5070545e81b8,ecc422312c83da4666f4a99b56d7ae2149ba27ce,4,3,1,Document,NULL,NULL,0,NULL,0
ecc422312c83da4666f4a99b56d7ae2149ba27ce,d4006787aba45bc9882f4e51ef513add6e708cfb,6,3,3,Document,NULL,NULL,0,NULL,0
d4006787aba45bc9882f4e51ef513add6e708cfb,3a8293f8d8ec704594d433ca8282f227ff767158,4,2,2,Document,NULL,NULL,0,NULL,0
3a8293f8d8ec704594d433ca8282f227ff767158,259364955be0e2b0f289f40153c3280ae3d1eb53,4,2,2,Document,NULL,NULL,0,NULL,0
259364955be0e2b0f289f40153c3280ae3d1eb53,24ba59f9e6d86d213aaad2089dc2f8ada9a1ba5d,4,2,2,Document,NULL,NULL,0,NULL,0
24ba59f9e6d86d213aaad2089dc2f8ada9a1ba5d,372db1b7740393531f11712516067bb869cff047,6,2,4,Document,NULL,NULL,0,NULL,0
372db1b7740393531f11712516067bb869cff047,7df7460a19711f5c06ca8d4d8f60f4202389f47c,7,4,3,Document,NULL,NULL,0,NULL,0
7df7460a19711f5c06ca8d4d8f60f4202389f47c,68b8a9d9c30986cac7d3a3417fe98312ec9755ce,31,23,8,Document,NULL,NULL,0,NULL,0
68b8a9d9c30986cac7d3a3417fe98312ec9755ce,ff27a207e04470cc0559bb84b430d0742b1b8131,10,8,2,Document,NULL,NULL,0,NULL,0
ff27a207e04470cc0559bb84b430d0742b1b8131,42add76a28e3873d50ad029cb9dc97ee6599a125,7,4,3,Document,NULL,NULL,0,NULL,0
42add76a28e3873d50ad029cb9dc97ee6599a125,9ab8b097888eb6cb85b7ae9d657ffaca200afa5b,11,9,2,Document,NULL,NULL,0,NULL,0
9ab8b097888eb6cb85b7ae9d657ffaca200afa5b,4cc34d836b9c3a5bbcf6a3673ef3743dc4b6057a,1,1,0,Document,NULL,NULL,0,NULL,0
4cc34d836b9c3a5bbcf6a3673ef3743dc4b6057a,e6089a15bbaf6bbf381f733c8524315aceed1a8f,24,12,12,Document,NULL,NULL,0,NULL,0
e6089a15bbaf6bbf381f733c8524315aceed1a8f,91c15700470d4f51b33cdfbaa2cb836c5c1bcdd7,22,21,1,Document,NULL,NULL,0,NULL,0
91c15700470d4f51b33cdfbaa2cb836c5c1bcdd7,d5732a59bbf5430d34c840100dc12517db5ca067,8,2,6,Normal,NULL,NULL,8,NULL,2
d5732a59bbf5430d34c840100dc12517db5ca067,7ce9f1105f375e6aaa2e47503fb607bd44f74f6e,61,26,35,Normal,NULL,NULL,61,NULL,1
7ce9f1105f375e6aaa2e47503fb607bd44f74f6e,5adcebe8d6b71bbb848b65ecae275c93f24d568c,1176,10,1166,Document,NULL,NULL,856,NULL,4
5adcebe8d6b71bbb848b65ecae275c93f24d568c,b3b33e47beed17cdb6d2da65e2de2d7cef647240,38,28,10,Document,NULL,NULL,29,NULL,2
b3b33e47beed17cdb6d2da65e2de2d7cef647240,731709ae0e1998c81e6166e2a2b640930c614469,4,3,1,Document,NULL,NULL,0,NULL,0
731709ae0e1998c81e6166e2a2b640930c614469,91bb63b34b7027dffc2aa4d81b4c23f7c49f4111,62825,62452,373,Document,NULL,NULL,2823,NULL,2
3c4743ffcb7427d7f1e73345c352cca6e89424d0,91bb63b34b7027dffc2aa4d81b4c23f7c49f4111,4,3,1,Document,NULL,NULL,0,NULL,0
91bb63b34b7027dffc2aa4d81b4c23f7c49f4111,39b8cbc7e1fee11cbd9d5778b206bf03319b18cd,6480,6480,0,Document,NULL,NULL,5628,NULL,15
39b8cbc7e1fee11cbd9d5778b206bf03319b18cd,null,10,10,0,Document,NULL,NULL,0,NULL,0
